time;tag;message
2025.07.01 00:00:00;RECOVER;init: v2.30 test_case=E2_eurusd lock=0 streak=0 positions=0 equity=10000.00 day_eq=10000.00 peak_eq=10000.00
2025.07.01 00:00:00;VETO;signal rejected: score 0.40 < 0.55 [BOS long lvl=1.18|RelVol=1.19|Retest@1.18|ADX=62]
2025.07.01 03:15:00;VETO;signal rejected: volume: relVol 0.76 < 1.00
2025.07.01 05:00:00;VETO;signal rejected: volume: relVol 0.84 < 1.00
2025.07.01 10:15:00;VETO;outlier bar masked, z=3.7
2025.07.01 11:30:00;DECISION;setup LONG score=0.65 entry=1.18 inv=1.18 tgt=0.00 AWAIT-RETEST [CHoCH long lvl=1.18|RelVol=1.13|Retest@1.18|VPnode d=0.00|VWAPside]
2025.07.01 11:45:00;VETO;authorization denied: outside session window (server hour 11, window 12-20)
2025.07.01 12:00:00;VETO;outlier bar masked, z=6.7
2025.07.01 12:15:00;DECISION;TP capped 0.00724 -> 0.00543 (3.0xATR)
2025.07.01 12:15:00;ORDER;filled BUY 0.24 lots sl=1.18 tp=1.19 [WT|CHOCH|0.65]
2025.07.01 12:15:00;RISK;sizing: vol_ratio=1.32 scalar=1.00 gap_buf=0.00052 eff_stop=0.00414
2025.07.01 12:15:00;ORDER;entry fill deal #2 BUY 0.24 @ 1.18031
2025.07.01 15:45:00;VETO;signal rejected: volume: relVol 0.66 < 1.00
2025.07.01 17:00:00;VETO;outlier bar masked, z=3.9
2025.07.01 17:15:00;VETO;outlier bar masked, z=3.7
2025.07.01 17:45:00;VETO;outlier bar masked, z=3.6
2025.07.01 19:04:14;RISK;deal closed pnl=-86.88 streak=1 lock=0
2025.07.01 22:15:00;DECISION;setup LONG score=0.55 entry=1.18 inv=1.18 tgt=0.00 AWAIT-RETEST [CHoCH long lvl=1.18|RelVol=1.17|Retest@1.18|VPnode d=0.00]
2025.07.01 22:30:00;VETO;authorization denied: outside session window (server hour 22, window 12-20)
2025.07.01 22:45:00;VETO;authorization denied: outside session window (server hour 22, window 12-20)
2025.07.01 23:00:00;VETO;authorization denied: outside session window (server hour 23, window 12-20)
2025.07.01 23:15:00;VETO;authorization denied: outside session window (server hour 23, window 12-20)
2025.07.02 04:00:00;VETO;signal rejected: volume: relVol 0.59 < 1.00
2025.07.02 05:00:00;VETO;outlier bar masked, z=3.7
2025.07.02 09:00:00;VETO;signal rejected: volume: relVol 0.98 < 1.00
2025.07.02 12:30:00;VETO;signal rejected: volume: relVol 0.89 < 1.00
2025.07.02 14:30:00;VETO;signal rejected: volume: relVol 0.71 < 1.00
2025.07.02 15:30:00;VETO;outlier bar masked, z=9.8
2025.07.02 15:45:00;VETO;outlier bar masked, z=5.3
2025.07.02 16:15:00;VETO;outlier bar masked, z=5.1
2025.07.02 19:00:00;DECISION;setup LONG score=0.65 entry=1.18 inv=1.18 tgt=0.00 AWAIT-RETEST [CHoCH long lvl=1.18|RelVol=1.05|Retest@1.18|VPnode d=0.00|VWAPside]
2025.07.02 19:00:00;DECISION;TP capped 0.00810 -> 0.00607 (3.0xATR)
2025.07.02 19:00:00;ERROR;limit BUY 0.20 @ 1.18 sl=1.18 tp=1.19 rc=10015 [WT|CHOCH|0.65|RL]
2025.07.02 19:15:00;DECISION;TP capped 0.00758 -> 0.00568 (3.0xATR)
2025.07.02 19:15:00;ORDER;filled BUY 0.22 lots sl=1.18 tp=1.18 [WT|CHOCH|0.65]
2025.07.02 19:15:00;RISK;sizing: vol_ratio=1.64 scalar=1.00 gap_buf=0.00063 eff_stop=0.00442
2025.07.02 19:15:00;ORDER;entry fill deal #4 BUY 0.22 @ 1.17882
2025.07.02 20:15:00;DECISION;setup LONG score=0.60 entry=1.18 inv=1.18 tgt=0.00 [BOS long lvl=1.18|RelVol=1.12|VPnear|VWAPside|ADX=43]
2025.07.02 20:15:00;VETO;authorization denied: outside session window (server hour 20, window 12-20)
2025.07.02 20:30:00;VETO;authorization denied: outside session window (server hour 20, window 12-20)
2025.07.02 20:45:00;VETO;authorization denied: outside session window (server hour 20, window 12-20)
2025.07.02 21:00:00;VETO;authorization denied: outside session window (server hour 21, window 12-20)
2025.07.02 23:00:00;VETO;signal rejected: volume: relVol 0.60 < 1.00
2025.07.03 00:15:00;VETO;signal rejected: volume: relVol 0.67 < 1.00
2025.07.03 00:45:01;DECISION;setup SHORT score=0.65 entry=1.18 inv=1.18 tgt=0.00 [BOS short lvl=1.18|RelVol=1.26|VPnode d=0.00|VWAPside]
2025.07.03 00:45:01;VETO;authorization denied: outside session window (server hour 00, window 12-20)
2025.07.03 01:00:00;VETO;authorization denied: outside session window (server hour 01, window 12-20)
2025.07.03 01:15:01;VETO;authorization denied: outside session window (server hour 01, window 12-20)
2025.07.03 01:30:00;VETO;authorization denied: outside session window (server hour 01, window 12-20)
2025.07.03 10:30:00;VETO;signal rejected: volume: relVol 0.74 < 1.00
2025.07.03 12:15:00;VETO;signal rejected: volume: relVol 0.58 < 1.00
2025.07.03 15:00:00;VETO;signal rejected: volume: relVol 0.95 < 1.00
2025.07.03 15:30:01;RISK;deal closed pnl=-88.24 streak=1 lock=0
2025.07.03 15:45:00;VETO;outlier bar masked, z=17.0
2025.07.03 16:00:00;VETO;outlier bar masked, z=3.9
2025.07.03 17:15:00;VETO;outlier bar masked, z=5.3
2025.07.03 19:30:00;VETO;signal rejected: volume: relVol 0.84 < 1.00
2025.07.04 02:15:00;VETO;signal rejected: volume: relVol 0.59 < 1.00
2025.07.04 10:30:00;VETO;signal rejected: volume: relVol 0.10 < 1.00
2025.07.04 12:45:00;VETO;signal rejected: volume: relVol 0.76 < 1.00
2025.07.04 17:15:00;VETO;signal rejected: volume: relVol 0.46 < 1.00
2025.07.04 20:00:00;VETO;signal rejected: volume: relVol 0.33 < 1.00
2025.07.04 22:00:00;VETO;signal rejected: volume: relVol 0.57 < 1.00
2025.07.07 00:01:40;VETO;outlier bar masked, z=3.5
2025.07.07 00:15:00;VETO;outlier bar masked, z=4.4
2025.07.07 03:15:00;VETO;signal rejected: volume: relVol 0.77 < 1.00
2025.07.07 04:45:00;VETO;signal rejected: volume: relVol 0.66 < 1.00
2025.07.07 08:30:00;VETO;signal rejected: volume: relVol 0.96 < 1.00
2025.07.07 09:30:00;VETO;signal rejected: volume: relVol 0.76 < 1.00
2025.07.07 15:30:00;VETO;signal rejected: volume: relVol 0.76 < 1.00
2025.07.07 16:30:00;VETO;signal rejected: volume: relVol 0.89 < 1.00
2025.07.07 19:30:00;VETO;outlier bar masked, z=7.9
2025.07.07 19:45:00;VETO;outlier bar masked, z=3.7
2025.07.07 20:00:00;VETO;outlier bar masked, z=5.7
2025.07.07 20:45:00;VETO;outlier bar masked, z=4.2
2025.07.08 01:45:00;VETO;signal rejected: score 0.50 < 0.55 [CHoCH long lvl=1.17|RelVol=1.00|Retest@1.17|VPnear|VWAPside]
2025.07.08 08:45:00;VETO;signal rejected: volume: relVol 0.80 < 1.00
2025.07.08 10:15:00;VETO;signal rejected: volume: relVol 0.97 < 1.00
2025.07.08 13:30:00;VETO;signal rejected: volume: relVol 0.73 < 1.00
2025.07.08 15:00:00;DECISION;setup SHORT score=0.60 entry=1.17 inv=1.18 tgt=0.00 [BOS short lvl=1.17|RelVol=1.01|VPnear|VWAPside|ADX=42]
2025.07.08 15:00:00;DECISION;TP capped 0.00868 -> 0.00651 (3.0xATR)
2025.07.08 15:00:00;ORDER;filled SELL 0.21 lots sl=1.18 tp=1.17 [WT|BOS|0.60]
2025.07.08 15:00:00;RISK;sizing: vol_ratio=0.82 scalar=1.00 gap_buf=0.00030 eff_stop=0.00464
2025.07.08 15:00:00;ORDER;entry fill deal #6 SELL 0.21 @ 1.17212
2025.07.08 16:15:00;VETO;signal rejected: volume: relVol 0.71 < 1.00
2025.07.09 00:30:00;VETO;signal rejected: volume: relVol 0.58 < 1.00
2025.07.09 05:45:00;DECISION;setup SHORT score=0.65 entry=1.17 inv=1.17 tgt=0.00 AWAIT-RETEST [BOS short lvl=1.17|RelVol=1.05|Retest@1.17|VPnode d=0.00|VWAPside]
2025.07.09 10:00:00;VETO;signal rejected: volume: relVol 0.91 < 1.00
2025.07.09 10:45:00;VETO;outlier bar masked, z=4.0
2025.07.09 13:45:00;VETO;signal rejected: volume: relVol 0.96 < 1.00
2025.07.09 15:00:00;VETO;outlier bar masked, z=3.5
2025.07.09 19:30:00;VETO;signal rejected: volume: relVol 0.66 < 1.00
2025.07.09 21:15:00;VETO;signal rejected: volume: relVol 0.90 < 1.00
2025.07.09 22:30:00;VETO;signal rejected: volume: relVol 0.83 < 1.00
2025.07.10 01:30:00;VETO;signal rejected: volume: relVol 0.57 < 1.00
2025.07.10 02:30:00;VETO;signal rejected: volume: relVol 0.60 < 1.00
2025.07.10 06:15:00;VETO;signal rejected: volume: relVol 0.61 < 1.00
2025.07.10 10:45:00;VETO;signal rejected: volume: relVol 0.72 < 1.00
2025.07.10 14:15:00;VETO;signal rejected: volume: relVol 0.81 < 1.00
2025.07.10 17:23:51;MANAGE;#6 SL 1.18 -> 1.17 breakeven
2025.07.10 17:23:51;MANAGE;#6 partial close 0.10 of 0.21 lots
2025.07.10 17:23:51;RISK;deal closed pnl=43.80 streak=0 lock=0
2025.07.10 17:23:52;MANAGE;#6 SL 1.17 -> 1.17 trail
2025.07.10 17:23:57;MANAGE;#6 SL 1.17 -> 1.17 trail
2025.07.10 17:23:58;MANAGE;#6 SL 1.17 -> 1.17 trail
2025.07.10 17:26:50;MANAGE;#6 SL 1.17 -> 1.17 trail
2025.07.10 17:27:09;MANAGE;#6 SL 1.17 -> 1.17 trail
2025.07.10 17:28:50;MANAGE;#6 SL 1.17 -> 1.17 trail
2025.07.10 17:29:07;MANAGE;#6 SL 1.17 -> 1.17 trail
2025.07.10 17:29:08;MANAGE;#6 SL 1.17 -> 1.17 trail
2025.07.10 17:29:14;MANAGE;#6 SL 1.17 -> 1.17 trail
2025.07.10 17:29:30;MANAGE;#6 SL 1.17 -> 1.17 trail
2025.07.10 17:30:00;VETO;outlier bar masked, z=9.4
2025.07.10 17:49:08;RISK;deal closed pnl=43.78 streak=0 lock=0
2025.07.10 21:15:00;VETO;signal rejected: volume: relVol 0.63 < 1.00
2025.07.10 22:45:00;VETO;signal rejected: volume: relVol 0.66 < 1.00
2025.07.11 03:15:00;VETO;outlier bar masked, z=4.6
2025.07.11 03:30:00;VETO;outlier bar masked, z=7.3
2025.07.11 03:45:00;VETO;outlier bar masked, z=3.9
2025.07.11 04:00:00;VETO;outlier bar masked, z=4.6
2025.07.11 10:15:00;VETO;outlier bar masked, z=4.0
2025.07.11 16:45:00;VETO;outlier bar masked, z=5.1
2025.07.11 17:30:00;VETO;signal rejected: volume: relVol 0.89 < 1.00
2025.07.11 23:30:00;VETO;signal rejected: volume: relVol 0.85 < 1.00
2025.07.14 00:15:00;VETO;outlier bar masked, z=7.2
2025.07.14 01:15:00;VETO;outlier bar masked, z=4.5
2025.07.14 03:15:00;VETO;signal rejected: volume: relVol 0.93 < 1.00
2025.07.14 08:45:00;VETO;signal rejected: score 0.50 < 0.55 [CHoCH short lvl=1.17|RelVol=1.02|Retest@1.17|VPnear|VWAPside]
2025.07.14 11:00:00;DECISION;setup LONG score=0.85 entry=1.17 inv=1.17 tgt=0.00 AWAIT-RETEST [CHoCH long lvl=1.17|RelVol=1.02|Retest@1.17|VPnode d=0.00|VWAPside|CycleTurn w=0.75<--0.07]
2025.07.14 11:15:00;VETO;authorization denied: outside session window (server hour 11, window 12-20)
2025.07.14 11:30:00;VETO;authorization denied: outside session window (server hour 11, window 12-20)
2025.07.14 11:45:00;VETO;authorization denied: outside session window (server hour 11, window 12-20)
2025.07.14 12:00:00;DECISION;TP capped 0.00590 -> 0.00443 (3.0xATR)
2025.07.14 12:00:00;ORDER;filled BUY 0.29 lots sl=1.17 tp=1.17 [WT|CHOCH|0.85]
2025.07.14 12:00:00;RISK;sizing: vol_ratio=0.99 scalar=1.00 gap_buf=0.00037 eff_stop=0.00332
2025.07.14 12:00:00;ORDER;entry fill deal #9 BUY 0.29 @ 1.16833
2025.07.14 13:00:00;VETO;signal rejected: volume: relVol 0.81 < 1.00
2025.07.14 14:30:00;VETO;signal rejected: volume: relVol 0.90 < 1.00
2025.07.14 15:30:00;VETO;signal rejected: volume: relVol 0.69 < 1.00
2025.07.14 19:00:00;VETO;outlier bar masked, z=7.1
2025.07.14 20:45:00;VETO;signal rejected: volume: relVol 0.59 < 1.00
2025.07.15 03:15:00;VETO;signal rejected: volume: relVol 0.82 < 1.00
2025.07.15 06:30:00;VETO;signal rejected: volume: relVol 0.56 < 1.00
2025.07.15 08:15:00;VETO;signal rejected: volume: relVol 0.63 < 1.00
2025.07.15 10:30:00;VETO;outlier bar masked, z=4.0
2025.07.15 10:45:00;VETO;signal rejected: volume: relVol 0.83 < 1.00
2025.07.15 13:30:00;VETO;signal rejected: volume: relVol 0.84 < 1.00
2025.07.15 15:45:00;VETO;outlier bar masked, z=13.0
2025.07.15 16:00:00;VETO;outlier bar masked, z=8.0
2025.07.15 16:15:00;VETO;outlier bar masked, z=5.2
2025.07.15 16:34:19;RISK;deal closed pnl=-86.04 streak=1 lock=0
2025.07.15 16:45:00;VETO;outlier bar masked, z=10.2
2025.07.15 17:15:00;VETO;outlier bar masked, z=5.3
2025.07.15 17:30:00;VETO;outlier bar masked, z=4.9
2025.07.15 19:15:00;VETO;outlier bar masked, z=4.0
2025.07.15 19:45:00;VETO;signal rejected: score 0.50 < 0.55 [BOS short lvl=1.16|RelVol=1.09|VWAPside|ADX=60]
2025.07.16 00:15:00;VETO;signal rejected: volume: relVol 0.38 < 1.00
2025.07.16 02:00:00;VETO;signal rejected: volume: relVol 0.54 < 1.00
2025.07.16 08:00:00;VETO;signal rejected: volume: relVol 0.91 < 1.00
2025.07.16 09:00:00;VETO;signal rejected: volume: relVol 0.62 < 1.00
2025.07.16 15:00:00;DECISION;setup SHORT score=0.65 entry=1.16 inv=1.16 tgt=0.00 AWAIT-RETEST [CHoCH short lvl=1.16|RelVol=1.09|Retest@1.16|VPnode d=0.00|VWAPside]
2025.07.16 15:00:00;DECISION;TP capped 0.00263 -> 0.00197 (3.0xATR)
2025.07.16 15:00:00;ORDER;limit SELL 0.62 @ 1.16 sl=1.16 tp=1.16 rc=10009 [WT|CHOCH|0.65|RL]
2025.07.16 15:00:00;RISK;sizing: vol_ratio=0.91 scalar=1.00 gap_buf=0.00027 eff_stop=0.00158
2025.07.16 15:30:03;ORDER;entry fill deal #11 SELL 0.62 @ 1.16077
2025.07.16 15:45:00;VETO;outlier bar masked, z=6.0
2025.07.16 16:00:00;VETO;outlier bar masked, z=5.6
2025.07.16 16:12:00;MANAGE;#11 SL 1.16 -> 1.16 breakeven
2025.07.16 16:12:00;MANAGE;#11 partial close 0.31 of 0.62 lots
2025.07.16 16:12:00;RISK;deal closed pnl=39.68 streak=0 lock=0
2025.07.16 16:19:45;MANAGE;#11 SL 1.16 -> 1.16 trail
2025.07.16 16:19:46;MANAGE;#11 SL 1.16 -> 1.16 trail
2025.07.16 16:19:48;RISK;deal closed pnl=62.62 streak=0 lock=0
2025.07.16 16:30:00;VETO;outlier bar masked, z=4.4
2025.07.16 17:00:00;VETO;outlier bar masked, z=4.3
2025.07.16 18:00:00;VETO;outlier bar masked, z=14.6
2025.07.16 18:15:00;VETO;outlier bar masked, z=11.3
2025.07.16 18:30:00;VETO;outlier bar masked, z=29.3
2025.07.16 18:45:00;VETO;outlier bar masked, z=14.7
2025.07.16 19:00:00;VETO;outlier bar masked, z=31.7
2025.07.16 19:15:00;VETO;outlier bar masked, z=14.7
2025.07.16 19:30:00;VETO;outlier bar masked, z=4.3
2025.07.16 20:00:00;VETO;outlier bar masked, z=4.9
2025.07.16 20:15:00;VETO;outlier bar masked, z=5.1
2025.07.16 21:00:00;VETO;outlier bar masked, z=6.8
2025.07.17 03:30:00;VETO;signal rejected: volume: relVol 0.52 < 1.00
2025.07.17 09:15:00;DECISION;setup SHORT score=0.95 entry=1.16 inv=1.16 tgt=0.00 AWAIT-RETEST [BOS short lvl=1.16|RelVol=1.07|Retest@1.16|VPnode d=0.00|VWAPside|CycleTurn w=0.88<-0.99|ADX=31]
2025.07.17 09:30:00;VETO;outlier bar masked, z=6.4
2025.07.17 14:30:00;VETO;signal rejected: volume: relVol 0.74 < 1.00
2025.07.17 15:45:00;VETO;outlier bar masked, z=5.1
2025.07.17 19:30:00;VETO;signal rejected: volume: relVol 0.76 < 1.00
2025.07.18 01:15:00;VETO;signal rejected: volume: relVol 0.49 < 1.00
2025.07.18 01:45:00;VETO;outlier bar masked, z=3.7
2025.07.18 05:00:00;VETO;signal rejected: volume: relVol 0.89 < 1.00
2025.07.18 07:30:00;VETO;signal rejected: volume: relVol 0.79 < 1.00
2025.07.18 11:15:00;VETO;signal rejected: volume: relVol 0.75 < 1.00
2025.07.18 14:45:00;VETO;signal rejected: volume: relVol 0.86 < 1.00
2025.07.18 15:15:00;VETO;outlier bar masked, z=4.0
2025.07.18 16:30:00;VETO;outlier bar masked, z=4.0
2025.07.18 17:15:00;VETO;outlier bar masked, z=4.6
2025.07.18 19:15:00;VETO;signal rejected: volume: relVol 0.74 < 1.00
2025.07.18 19:30:00;VETO;outlier bar masked, z=4.0
2025.07.21 00:15:00;DECISION;setup LONG score=0.65 entry=1.16 inv=1.16 tgt=0.00 AWAIT-RETEST [CHoCH long lvl=1.16|RelVol=3.52|Retest@1.16|VPnode d=0.00|VWAPside]
2025.07.21 00:30:00;VETO;authorization denied: outside session window (server hour 00, window 12-20)
2025.07.21 00:45:00;VETO;authorization denied: outside session window (server hour 00, window 12-20)
2025.07.21 01:00:00;VETO;authorization denied: outside session window (server hour 01, window 12-20)
2025.07.21 01:15:00;VETO;authorization denied: outside session window (server hour 01, window 12-20)
2025.07.21 04:00:00;VETO;signal rejected: volume: relVol 0.63 < 1.00
2025.07.21 09:45:00;VETO;signal rejected: volume: relVol 0.90 < 1.00
2025.07.21 11:45:01;VETO;signal rejected: score 0.50 < 0.55 [BOS long lvl=1.16|RelVol=1.02|VWAPside|ADX=43]
2025.07.21 14:15:02;VETO;signal rejected: volume: relVol 0.93 < 1.00
2025.07.21 17:15:00;VETO;outlier bar masked, z=5.4
2025.07.22 03:15:00;VETO;signal rejected: volume: relVol 0.57 < 1.00
2025.07.22 11:45:00;VETO;signal rejected: volume: relVol 0.96 < 1.00
2025.07.22 13:00:00;VETO;signal rejected: volume: relVol 0.65 < 1.00
2025.07.22 15:30:00;VETO;signal rejected: volume: relVol 0.62 < 1.00
2025.07.22 16:15:00;VETO;outlier bar masked, z=4.7
2025.07.22 16:45:00;VETO;outlier bar masked, z=3.9
2025.07.22 17:45:00;VETO;signal rejected: volume: relVol 0.81 < 1.00
2025.07.22 18:00:00;VETO;outlier bar masked, z=6.0
2025.07.22 18:15:00;VETO;outlier bar masked, z=4.2
2025.07.23 00:00:00;VETO;signal rejected: score 0.30 < 0.55 [BOS long lvl=1.18|RelVol=1.13]
2025.07.23 02:15:00;DECISION;setup LONG score=0.85 entry=1.18 inv=1.17 tgt=0.00 [BOS long lvl=1.18|RelVol=1.16|VPnode d=0.00|VWAPside|CycleTurn w=-0.99<--1.00]
2025.07.23 02:15:00;VETO;authorization denied: outside session window (server hour 02, window 12-20)
2025.07.23 02:30:01;DECISION;setup SHORT score=0.65 entry=1.17 inv=1.18 tgt=0.00 AWAIT-RETEST [CHoCH short lvl=1.17|RelVol=2.00|Retest@1.17|VPnode d=0.00|VWAPside]
2025.07.23 04:00:00;VETO;authorization denied: outside session window (server hour 04, window 12-20)
2025.07.23 04:15:00;VETO;authorization denied: outside session window (server hour 04, window 12-20)
2025.07.23 04:30:00;VETO;authorization denied: outside session window (server hour 04, window 12-20)
2025.07.23 04:45:00;VETO;authorization denied: outside session window (server hour 04, window 12-20)
2025.07.23 08:45:02;DECISION;setup SHORT score=0.65 entry=1.17 inv=1.17 tgt=0.00 AWAIT-RETEST [BOS short lvl=1.17|RelVol=1.09|Retest@1.17|VPnode d=0.00|VWAPside]
2025.07.23 09:00:00;VETO;authorization denied: outside session window (server hour 09, window 12-20)
2025.07.23 09:15:01;VETO;authorization denied: outside session window (server hour 09, window 12-20)
2025.07.23 09:30:00;VETO;authorization denied: outside session window (server hour 09, window 12-20)
2025.07.23 09:45:00;VETO;authorization denied: outside session window (server hour 09, window 12-20)
2025.07.23 10:15:00;VETO;signal rejected: volume: relVol 0.86 < 1.00
2025.07.23 14:00:00;DECISION;setup SHORT score=0.65 entry=1.17 inv=1.17 tgt=0.00 AWAIT-RETEST [CHoCH short lvl=1.17|RelVol=1.01|Retest@1.17|VPnode d=0.00|VWAPside]
2025.07.23 14:00:00;DECISION;TP capped 0.00277 -> 0.00210 (3.0xATR)
2025.07.23 14:00:00;ERROR;limit SELL 0.57 @ 1.17 sl=1.17 tp=1.17 rc=10015 [WT|CHOCH|0.65|RL]
2025.07.23 14:15:00;DECISION;TP capped 0.00288 -> 0.00216 (3.0xATR)
2025.07.23 14:15:00;ORDER;filled SELL 0.55 lots sl=1.17 tp=1.17 [WT|CHOCH|0.65]
2025.07.23 14:15:00;RISK;sizing: vol_ratio=0.99 scalar=1.00 gap_buf=0.00034 eff_stop=0.00178
2025.07.23 14:15:00;ORDER;entry fill deal #14 SELL 0.55 @ 1.17245
2025.07.23 15:45:00;VETO;signal rejected: volume: relVol 0.43 < 1.00
2025.07.23 17:45:00;VETO;signal rejected: volume: relVol 0.84 < 1.00
2025.07.23 18:13:02;RISK;deal closed pnl=-79.20 streak=1 lock=0
2025.07.23 19:00:00;VETO;outlier bar masked, z=8.9
2025.07.23 19:15:00;VETO;outlier bar masked, z=3.7
2025.07.23 21:15:00;VETO;signal rejected: score 0.40 < 0.55 [BOS long lvl=1.18|RelVol=1.14|VWAPside]
2025.07.24 00:00:00;VETO;signal rejected: score 0.50 < 0.55 [CHoCH short lvl=1.18|RelVol=2.13|Retest@1.18|StopFloored|CycleTurn w=-0.45<-0.63]
2025.07.24 02:30:00;VETO;signal rejected: volume: relVol 0.85 < 1.00
2025.07.24 06:15:00;VETO;signal rejected: volume: relVol 0.90 < 1.00
2025.07.24 09:00:00;VETO;signal rejected: volume: relVol 0.70 < 1.00
2025.07.24 12:15:00;VETO;signal rejected: volume: relVol 0.95 < 1.00
2025.07.24 15:45:00;VETO;outlier bar masked, z=4.4
2025.07.24 16:15:00;VETO;outlier bar masked, z=8.7
2025.07.24 16:30:00;VETO;outlier bar masked, z=5.4
2025.07.24 17:00:00;VETO;outlier bar masked, z=4.2
2025.07.24 17:30:00;VETO;outlier bar masked, z=5.3
2025.07.24 18:00:00;VETO;outlier bar masked, z=3.9
2025.07.24 18:30:00;VETO;outlier bar masked, z=4.9
2025.07.24 23:00:00;DECISION;setup SHORT score=0.65 entry=1.18 inv=1.18 tgt=0.00 AWAIT-RETEST [CHoCH short lvl=1.18|RelVol=1.06|Retest@1.18|VPnode d=0.00|VWAPside]
2025.07.25 00:15:00;VETO;outlier bar masked, z=3.6
2025.07.25 04:15:00;DECISION;setup SHORT score=0.85 entry=1.17 inv=1.18 tgt=0.00 [BOS short lvl=1.17|RelVol=1.01|VPnode d=0.00|VWAPside|CycleTurn w=0.99<-1.00]
2025.07.25 04:15:00;VETO;authorization denied: outside session window (server hour 04, window 12-20)
2025.07.25 04:30:00;VETO;authorization denied: outside session window (server hour 04, window 12-20)
2025.07.25 04:45:00;VETO;authorization denied: outside session window (server hour 04, window 12-20)
2025.07.25 05:00:01;VETO;authorization denied: outside session window (server hour 05, window 12-20)
2025.07.25 09:00:00;DECISION;setup LONG score=0.65 entry=1.17 inv=1.17 tgt=0.00 AWAIT-RETEST [CHoCH long lvl=1.17|RelVol=1.27|Retest@1.17|VPnode d=0.00|VWAPside]
2025.07.25 09:15:01;VETO;authorization denied: outside session window (server hour 09, window 12-20)
2025.07.25 09:30:00;VETO;authorization denied: outside session window (server hour 09, window 12-20)
2025.07.25 09:45:00;VETO;authorization denied: outside session window (server hour 09, window 12-20)
2025.07.25 10:00:00;VETO;authorization denied: outside session window (server hour 10, window 12-20)
2025.07.25 14:00:00;VETO;signal rejected: score 0.50 < 0.55 [CHoCH short lvl=1.17|RelVol=1.10|Retest@1.17|VPnear|VWAPside]
2025.07.25 16:15:00;VETO;outlier bar masked, z=4.4
2025.07.25 16:30:00;VETO;outlier bar masked, z=4.1
2025.07.25 16:45:00;VETO;signal rejected: score 0.50 < 0.55 [BOS short lvl=1.17|RelVol=1.16|VWAPside|ADX=41]
2025.07.25 17:30:00;VETO;signal rejected: volume: relVol 0.66 < 1.00
2025.07.25 18:30:00;VETO;signal rejected: volume: relVol 0.82 < 1.00
2025.07.25 21:15:02;VETO;signal rejected: volume: relVol 0.85 < 1.00
2025.07.28 00:15:00;VETO;outlier bar masked, z=5.1
2025.07.28 01:15:00;VETO;outlier bar masked, z=4.4
2025.07.28 05:15:01;DECISION;setup SHORT score=0.65 entry=1.17 inv=1.18 tgt=0.00 AWAIT-RETEST [CHoCH short lvl=1.18|RelVol=1.02|Retest@1.17|VPnode d=0.00|VWAPside]
2025.07.28 05:30:00;VETO;authorization denied: outside session window (server hour 05, window 12-20)
2025.07.28 05:45:00;VETO;authorization denied: outside session window (server hour 05, window 12-20)
2025.07.28 06:00:00;VETO;authorization denied: outside session window (server hour 06, window 12-20)
2025.07.28 06:15:00;VETO;authorization denied: outside session window (server hour 06, window 12-20)
2025.07.28 07:45:00;VETO;signal rejected: volume: relVol 0.99 < 1.00
2025.07.28 09:30:00;VETO;outlier bar masked, z=7.8
2025.07.28 10:30:00;VETO;signal rejected: score 0.50 < 0.55 [BOS short lvl=1.17|RelVol=1.21|VWAPside|ADX=40]
2025.07.28 10:45:00;VETO;outlier bar masked, z=3.8
2025.07.28 11:00:00;VETO;outlier bar masked, z=4.9
2025.07.28 12:45:00;VETO;signal rejected: score 0.50 < 0.55 [BOS short lvl=1.17|RelVol=1.50|VWAPside|ADX=43]
2025.07.28 16:30:00;VETO;signal rejected: score 0.50 < 0.55 [BOS short lvl=1.16|RelVol=1.16|VWAPside|ADX=42]
2025.07.28 18:30:01;DECISION;setup SHORT score=0.70 entry=1.16 inv=1.17 tgt=0.00 [BOS short lvl=1.16|RelVol=1.10|VWAPside|CycleTurn w=0.97<-0.97|ADX=40]
2025.07.28 18:30:01;DECISION;TP capped 0.00860 -> 0.00645 (3.0xATR)
2025.07.28 18:30:01;ORDER;filled SELL 0.20 lots sl=1.17 tp=1.16 [WT|BOS|0.70]
2025.07.28 18:30:01;RISK;sizing: vol_ratio=1.37 scalar=1.00 gap_buf=0.00056 eff_stop=0.00485
2025.07.28 18:30:01;ORDER;entry fill deal #16 SELL 0.20 @ 1.16215
2025.07.29 00:00:00;VETO;signal rejected: score 0.40 < 0.55 [BOS short lvl=1.16|RelVol=1.19|ADX=38]
2025.07.29 02:15:00;VETO;signal rejected: volume: relVol 0.48 < 1.00
2025.07.29 04:00:00;VETO;signal rejected: volume: relVol 0.86 < 1.00
2025.07.29 05:30:00;VETO;signal rejected: volume: relVol 0.77 < 1.00
2025.07.29 06:45:00;DECISION;setup SHORT score=0.70 entry=1.16 inv=1.16 tgt=0.00 AWAIT-RETEST [CHoCH short lvl=1.16|RelVol=1.25|Retest@1.16|VPnear|VWAPside|CycleTurn w=0.91<-0.98]
2025.07.29 07:00:00;VETO;authorization denied: outside session window (server hour 07, window 12-20)
2025.07.29 07:15:00;VETO;authorization denied: outside session window (server hour 07, window 12-20)
2025.07.29 07:17:18;MANAGE;#16 SL 1.17 -> 1.16 breakeven
2025.07.29 07:17:18;MANAGE;#16 partial close 0.10 of 0.20 lots
2025.07.29 07:17:18;RISK;deal closed pnl=43.00 streak=0 lock=0
2025.07.29 07:17:18;MANAGE;#16 SL 1.16 -> 1.16 trail
2025.07.29 07:17:38;MANAGE;#16 SL 1.16 -> 1.16 trail
2025.07.29 07:18:35;MANAGE;#16 SL 1.16 -> 1.16 trail
2025.07.29 07:18:40;MANAGE;#16 SL 1.16 -> 1.16 trail
2025.07.29 07:30:00;VETO;authorization denied: outside session window (server hour 07, window 12-20)
2025.07.29 07:45:00;VETO;authorization denied: outside session window (server hour 07, window 12-20)
2025.07.29 07:56:36;RISK;deal closed pnl=34.30 streak=0 lock=0
2025.07.29 09:30:00;VETO;signal rejected: volume: relVol 0.86 < 1.00
2025.07.29 10:00:00;VETO;outlier bar masked, z=6.9
2025.07.29 14:45:00;VETO;outlier bar masked, z=4.8
2025.07.29 16:00:00;VETO;signal rejected: volume: relVol 0.91 < 1.00
2025.07.29 17:15:00;VETO;outlier bar masked, z=3.9
2025.07.29 17:30:00;VETO;outlier bar masked, z=3.6
2025.07.29 20:30:00;VETO;signal rejected: score 0.40 < 0.55 [CHoCH long lvl=1.15|RelVol=1.43|Retest@1.16|VPnear]
2025.07.30 03:30:00;VETO;signal rejected: volume: relVol 0.78 < 1.00
2025.07.30 07:15:00;VETO;signal rejected: score 0.50 < 0.55 [CHoCH short lvl=1.16|RelVol=1.11|Retest@1.16|VPnear|VWAPside]
2025.07.30 10:15:00;VETO;signal rejected: volume: relVol 0.91 < 1.00
2025.07.30 13:30:00;DECISION;setup SHORT score=0.65 entry=1.15 inv=1.16 tgt=0.00 AWAIT-RETEST [CHoCH short lvl=1.15|RelVol=1.04|Retest@1.15|VPnode d=0.00|VWAPside]
2025.07.30 13:30:00;DECISION;TP capped 0.00273 -> 0.00210 (3.0xATR)
2025.07.30 13:30:00;ORDER;limit SELL 0.57 @ 1.15 sl=1.16 tp=1.15 rc=10009 [WT|CHOCH|0.65|RL]
2025.07.30 13:30:00;RISK;sizing: vol_ratio=0.98 scalar=1.00 gap_buf=0.00035 eff_stop=0.00172
2025.07.30 15:45:00;VETO;outlier bar masked, z=6.7
2025.07.30 16:00:00;VETO;outlier bar masked, z=5.0
2025.07.30 16:15:00;VETO;outlier bar masked, z=4.7
2025.07.30 16:30:00;ORDER;cancelled 1 pending: setup expired/invalidated
2025.07.30 21:15:00;VETO;outlier bar masked, z=5.0
2025.07.30 21:45:01;VETO;outlier bar masked, z=14.0
2025.07.30 22:00:00;VETO;outlier bar masked, z=11.1
2025.07.30 22:15:00;VETO;outlier bar masked, z=4.8
2025.07.30 22:30:00;VETO;outlier bar masked, z=4.3
2025.07.30 23:30:00;VETO;signal rejected: score 0.50 < 0.55 [BOS short lvl=1.14|RelVol=2.25|Retest@1.14|VWAPside|ADX=31]
2025.07.31 04:45:00;DECISION;setup LONG score=0.65 entry=1.14 inv=1.14 tgt=0.00 AWAIT-RETEST [CHoCH long lvl=1.14|RelVol=1.07|Retest@1.14|VPnode d=0.00|VWAPside]
2025.07.31 05:00:00;VETO;authorization denied: outside session window (server hour 05, window 12-20)
2025.07.31 05:15:00;VETO;authorization denied: outside session window (server hour 05, window 12-20)
2025.07.31 05:30:00;VETO;authorization denied: outside session window (server hour 05, window 12-20)
2025.07.31 05:45:00;VETO;authorization denied: outside session window (server hour 05, window 12-20)
2025.07.31 08:00:00;DECISION;setup LONG score=0.65 entry=1.14 inv=1.14 tgt=0.00 [BOS long lvl=1.14|RelVol=1.40|VPnode d=0.00|VWAPside]
2025.07.31 08:00:00;VETO;authorization denied: outside session window (server hour 08, window 12-20)
2025.07.31 08:15:00;VETO;authorization denied: outside session window (server hour 08, window 12-20)
2025.07.31 08:30:00;VETO;authorization denied: outside session window (server hour 08, window 12-20)
2025.07.31 08:45:00;VETO;authorization denied: outside session window (server hour 08, window 12-20)
2025.07.31 09:30:00;DECISION;setup LONG score=0.60 entry=1.14 inv=1.14 tgt=0.00 AWAIT-RETEST [BOS long lvl=1.14|RelVol=1.24|Retest@1.14|VPnear|VWAPside|ADX=34]
2025.07.31 10:30:00;VETO;authorization denied: outside session window (server hour 10, window 12-20)
2025.07.31 10:45:00;VETO;authorization denied: outside session window (server hour 10, window 12-20)
2025.07.31 11:00:00;VETO;authorization denied: outside session window (server hour 11, window 12-20)
2025.07.31 11:15:00;VETO;authorization denied: outside session window (server hour 11, window 12-20)
2025.07.31 13:00:00;DECISION;setup SHORT score=0.65 entry=1.14 inv=1.15 tgt=0.00 AWAIT-RETEST [CHoCH short lvl=1.14|RelVol=1.09|Retest@1.14|VPnode d=0.00|VWAPside]
2025.07.31 13:00:00;DECISION;TP capped 0.00602 -> 0.00451 (3.0xATR)
2025.07.31 13:00:00;ERROR;limit SELL 0.28 @ 1.14 sl=1.15 tp=1.14 rc=10015 [WT|CHOCH|0.65|RL]
2025.07.31 13:15:00;DECISION;TP capped 0.00482 -> 0.00362 (3.0xATR)
2025.07.31 13:15:00;ORDER;filled SELL 0.34 lots sl=1.15 tp=1.14 [WT|CHOCH|0.65]
2025.07.31 13:15:00;RISK;sizing: vol_ratio=1.05 scalar=1.00 gap_buf=0.00051 eff_stop=0.00292
2025.07.31 13:15:00;ORDER;entry fill deal #19 SELL 0.34 @ 1.14361
2025.07.31 16:09:34;MANAGE;#20 SL 1.15 -> 1.14 breakeven
2025.07.31 16:09:34;MANAGE;#20 partial close 0.17 of 0.34 lots
2025.07.31 16:09:34;RISK;deal closed pnl=41.31 streak=0 lock=0
2025.07.31 16:09:34;MANAGE;#20 SL 1.14 -> 1.14 trail
2025.07.31 16:15:00;DECISION;setup SHORT score=0.70 entry=1.14 inv=1.15 tgt=0.00 [BOS short lvl=1.14|RelVol=1.05|VPnear|VWAPside|CycleTurn w=-0.73<-0.04]
2025.07.31 16:15:00;DECISION;TP capped 0.00674 -> 0.00506 (3.0xATR)
2025.07.31 16:15:00;VETO;risk veto: max positions
2025.07.31 16:17:39;MANAGE;#20 SL 1.14 -> 1.14 trail
2025.07.31 16:17:44;MANAGE;#20 SL 1.14 -> 1.14 trail
2025.07.31 16:29:20;MANAGE;#20 SL 1.14 -> 1.14 trail
2025.07.31 17:18:55;RISK;deal closed pnl=14.62 streak=0 lock=0
2025.07.31 23:00:00;DECISION;setup SHORT score=0.70 entry=1.14 inv=1.14 tgt=0.00 [BOS short lvl=1.14|RelVol=1.97|VPnear|VWAPside|CycleTurn w=0.97<-1.00]
2025.07.31 23:00:00;VETO;authorization denied: outside session window (server hour 23, window 12-20)
2025.07.31 23:15:00;VETO;authorization denied: outside session window (server hour 23, window 12-20)
2025.07.31 23:30:00;VETO;authorization denied: outside session window (server hour 23, window 12-20)
2025.07.31 23:45:00;VETO;authorization denied: outside session window (server hour 23, window 12-20)
2025.08.01 05:00:00;DECISION;setup SHORT score=0.70 entry=1.14 inv=1.14 tgt=0.00 [BOS short lvl=1.14|RelVol=1.74|VPnear|VWAPside|CycleTurn w=0.51<-0.95]
2025.08.01 05:00:00;VETO;authorization denied: outside session window (server hour 05, window 12-20)
2025.08.01 05:15:00;VETO;authorization denied: outside session window (server hour 05, window 12-20)
2025.08.01 05:30:00;VETO;authorization denied: outside session window (server hour 05, window 12-20)
2025.08.01 05:45:00;VETO;authorization denied: outside session window (server hour 05, window 12-20)
2025.08.01 08:45:00;DECISION;setup LONG score=0.65 entry=1.14 inv=1.14 tgt=0.00 AWAIT-RETEST [CHoCH long lvl=1.14|RelVol=1.06|Retest@1.14|StopFloored|VPnode d=0.00|VWAPside]
2025.08.01 10:30:00;VETO;authorization denied: outside session window (server hour 10, window 12-20)
2025.08.01 10:45:00;VETO;authorization denied: outside session window (server hour 10, window 12-20)
2025.08.01 11:00:00;VETO;authorization denied: outside session window (server hour 11, window 12-20)
2025.08.01 11:15:00;VETO;signal rejected: volume: relVol 0.75 < 1.00
2025.08.01 11:15:00;VETO;authorization denied: outside session window (server hour 11, window 12-20)
2025.08.01 15:45:00;VETO;outlier bar masked, z=44.4
2025.08.01 16:00:00;VETO;outlier bar masked, z=8.4
2025.08.01 16:15:00;VETO;outlier bar masked, z=7.4
2025.08.01 16:30:00;VETO;outlier bar masked, z=6.1
2025.08.01 16:45:00;VETO;outlier bar masked, z=3.6
2025.08.01 17:00:00;VETO;outlier bar masked, z=4.9
2025.08.01 17:15:00;VETO;outlier bar masked, z=8.5
2025.08.01 17:30:00;VETO;outlier bar masked, z=5.8
2025.08.01 18:00:00;VETO;outlier bar masked, z=3.6
2025.08.01 18:30:00;VETO;outlier bar masked, z=3.7
2025.08.01 19:30:00;VETO;outlier bar masked, z=4.3
2025.08.01 20:15:04;VETO;signal rejected: score 0.30 < 0.55 [CHoCH short lvl=1.15|RelVol=1.42|Retest@1.15]
2025.08.01 22:00:00;VETO;outlier bar masked, z=3.8
2025.08.01 22:45:00;VETO;outlier bar masked, z=7.4
2025.08.04 03:15:00;DECISION;setup SHORT score=0.65 entry=1.16 inv=1.16 tgt=0.00 AWAIT-RETEST [CHoCH short lvl=1.16|RelVol=1.11|Retest@1.16|VPnode d=0.00|VWAPside]
2025.08.04 14:15:00;DECISION;setup LONG score=0.65 entry=1.16 inv=1.16 tgt=0.00 AWAIT-RETEST [CHoCH long lvl=1.16|RelVol=1.44|Retest@1.16|VPnode d=0.00|VWAPside]
2025.08.04 14:15:00;DECISION;TP capped 0.00504 -> 0.00378 (3.0xATR)
2025.08.04 14:15:00;ORDER;limit BUY 0.33 @ 1.16 sl=1.16 tp=1.16 rc=10009 [WT|CHOCH|0.65|RL]
2025.08.04 14:15:00;RISK;sizing: vol_ratio=0.78 scalar=1.00 gap_buf=0.00050 eff_stop=0.00302
2025.08.04 14:23:39;ORDER;entry fill deal #22 BUY 0.33 @ 1.15800
2025.08.04 16:15:00;VETO;signal rejected: volume: relVol 0.91 < 1.00
2025.08.05 01:30:00;VETO;signal rejected: volume: relVol 0.56 < 1.00
2025.08.05 04:15:02;VETO;signal rejected: volume: relVol 0.82 < 1.00
2025.08.05 05:45:01;VETO;signal rejected: volume: relVol 0.76 < 1.00
2025.08.05 06:22:13;RISK;deal closed pnl=-83.39 streak=1 lock=0
2025.08.05 08:30:00;DECISION;setup SHORT score=0.65 entry=1.16 inv=1.16 tgt=0.00 [BOS short lvl=1.16|RelVol=1.02|VPnode d=0.00|VWAPside]
2025.08.05 08:30:00;VETO;authorization denied: outside session window (server hour 08, window 12-20)
2025.08.05 08:45:00;VETO;authorization denied: outside session window (server hour 08, window 12-20)
2025.08.05 09:00:00;VETO;authorization denied: outside session window (server hour 09, window 12-20)
2025.08.05 09:15:00;VETO;authorization denied: outside session window (server hour 09, window 12-20)
2025.08.05 11:00:00;VETO;outlier bar masked, z=4.6
2025.08.05 14:45:00;DECISION;setup SHORT score=0.65 entry=1.15 inv=1.15 tgt=0.00 [BOS short lvl=1.15|RelVol=1.31|VPnode d=0.00|VWAPside]
2025.08.05 14:45:00;DECISION;TP capped 0.00286 -> 0.00260 (3.0xATR)
2025.08.05 14:45:00;ORDER;filled SELL 0.53 lots sl=1.15 tp=1.15 [WT|BOS|0.65]
2025.08.05 14:45:00;RISK;sizing: vol_ratio=1.04 scalar=1.00 gap_buf=0.00043 eff_stop=0.00186
2025.08.05 14:45:00;ORDER;entry fill deal #24 SELL 0.53 @ 1.15323
2025.08.05 15:08:03;RISK;deal closed pnl=-76.32 streak=2 lock=0
2025.08.05 16:30:00;VETO;signal rejected: volume: relVol 0.85 < 1.00
2025.08.05 17:15:00;VETO;outlier bar masked, z=4.3
2025.08.05 17:45:00;VETO;outlier bar masked, z=3.7
2025.08.06 00:01:28;VETO;signal rejected: volume: relVol 0.36 < 1.00
2025.08.06 02:45:01;VETO;signal rejected: volume: relVol 0.64 < 1.00
2025.08.06 04:30:03;VETO;signal rejected: volume: relVol 0.66 < 1.00
2025.08.06 10:30:00;VETO;signal rejected: volume: relVol 0.77 < 1.00
2025.08.06 13:00:00;VETO;signal rejected: volume: relVol 0.98 < 1.00
2025.08.06 13:15:00;VETO;outlier bar masked, z=5.4
2025.08.06 14:30:00;VETO;signal rejected: volume: relVol 0.95 < 1.00
2025.08.06 16:00:00;VETO;outlier bar masked, z=4.9
2025.08.06 18:45:00;VETO;outlier bar masked, z=4.0
2025.08.06 20:45:00;DECISION;setup LONG score=0.60 entry=1.17 inv=1.16 tgt=0.00 [BOS long lvl=1.16|RelVol=1.16|VWAPside|CycleTurn w=-0.95<--0.97]
2025.08.06 20:45:00;VETO;authorization denied: outside session window (server hour 20, window 12-20)
2025.08.06 21:00:00;VETO;authorization denied: outside session window (server hour 21, window 12-20)
2025.08.06 21:15:01;VETO;authorization denied: outside session window (server hour 21, window 12-20)
2025.08.06 21:30:04;VETO;authorization denied: outside session window (server hour 21, window 12-20)
2025.08.07 01:15:00;VETO;signal rejected: volume: relVol 0.81 < 1.00
2025.08.07 03:15:00;VETO;signal rejected: volume: relVol 0.98 < 1.00
2025.08.07 05:15:00;VETO;signal rejected: volume: relVol 0.94 < 1.00
2025.08.07 07:15:01;DECISION;setup LONG score=0.85 entry=1.17 inv=1.17 tgt=0.00 AWAIT-RETEST [BOS long lvl=1.17|RelVol=1.02|Retest@1.17|VPnode d=0.00|VWAPside|CycleTurn w=-0.26<--0.94]
2025.08.07 10:30:00;VETO;signal rejected: volume: relVol 0.82 < 1.00
2025.08.07 13:15:00;DECISION;setup SHORT score=0.65 entry=1.17 inv=1.17 tgt=0.00 AWAIT-RETEST [CHoCH short lvl=1.17|RelVol=1.21|Retest@1.17|VPnode d=0.00|VWAPside]
2025.08.07 13:15:00;DECISION;TP capped 0.00652 -> 0.00489 (3.0xATR)
2025.08.07 13:15:00;ORDER;limit SELL 0.26 @ 1.17 sl=1.17 tp=1.16 rc=10009 [WT|CHOCH|0.65|RL]
2025.08.07 13:15:00;RISK;sizing: vol_ratio=1.08 scalar=1.00 gap_buf=0.00040 eff_stop=0.00366
2025.08.07 13:19:57;ORDER;entry fill deal #26 SELL 0.26 @ 1.16656
2025.08.07 14:15:00;VETO;outlier bar masked, z=5.3
2025.08.07 14:45:00;VETO;outlier bar masked, z=4.0
2025.08.07 17:08:31;MANAGE;#27 SL 1.17 -> 1.17 breakeven
2025.08.07 17:08:31;MANAGE;#27 partial close 0.13 of 0.26 lots
2025.08.07 17:08:31;RISK;deal closed pnl=43.81 streak=0 lock=0
2025.08.07 17:08:32;MANAGE;#27 SL 1.17 -> 1.17 trail
2025.08.07 17:08:32;MANAGE;#27 SL 1.17 -> 1.17 trail
2025.08.07 17:08:33;MANAGE;#27 SL 1.17 -> 1.17 trail
2025.08.07 17:08:58;MANAGE;#27 SL 1.17 -> 1.16 trail
2025.08.07 17:10:41;MANAGE;#27 SL 1.16 -> 1.16 trail
2025.08.07 17:10:42;MANAGE;#27 SL 1.16 -> 1.16 trail
2025.08.07 17:15:00;VETO;outlier bar masked, z=5.7
2025.08.07 17:30:00;DECISION;setup SHORT score=0.80 entry=1.16 inv=1.17 tgt=0.00 AWAIT-RETEST [BOS short lvl=1.16|RelVol=1.48|Retest@1.16|VPnear|VWAPside|CycleTurn w=-0.71<--0.62|ADX=31]
2025.08.07 17:30:00;VETO;retest limit risk veto: max positions
2025.08.07 17:40:51;RISK;deal closed pnl=63.83 streak=0 lock=0
2025.08.07 18:30:00;DECISION;TP capped 0.00508 -> 0.00381 (3.0xATR)
2025.08.07 18:30:00;ORDER;filled SELL 0.30 lots sl=1.17 tp=1.16 [WT|BOS|0.80]
2025.08.07 18:30:00;RISK;sizing: vol_ratio=1.75 scalar=1.00 gap_buf=0.00070 eff_stop=0.00324
2025.08.07 18:30:00;ORDER;entry fill deal #29 SELL 0.30 @ 1.16326
2025.08.07 21:30:01;VETO;signal rejected: volume: relVol 0.94 < 1.00
2025.08.07 22:45:00;VETO;outlier bar masked, z=7.7
2025.08.07 23:02:32;RISK;deal closed pnl=-79.50 streak=1 lock=0
2025.08.08 01:45:00;DECISION;setup LONG score=0.60 entry=1.17 inv=1.17 tgt=0.00 [BOS long lvl=1.17|RelVol=1.03|VPnear|VWAPside|ADX=33]
2025.08.08 01:45:00;VETO;authorization denied: outside session window (server hour 01, window 12-20)
2025.08.08 02:00:00;VETO;authorization denied: outside session window (server hour 02, window 12-20)
2025.08.08 02:15:00;VETO;authorization denied: outside session window (server hour 02, window 12-20)
2025.08.08 02:30:00;VETO;authorization denied: outside session window (server hour 02, window 12-20)
2025.08.08 04:45:00;VETO;signal rejected: score 0.50 < 0.55 [CHoCH short lvl=1.17|RelVol=1.15|Retest@1.17|VPnear|VWAPside]
2025.08.08 08:15:00;VETO;signal rejected: volume: relVol 0.80 < 1.00
2025.08.08 12:00:00;DECISION;setup SHORT score=0.85 entry=1.16 inv=1.17 tgt=0.00 [BOS short lvl=1.16|RelVol=1.28|VPnode d=0.00|VWAPside|CycleTurn w=0.75<-0.97]
2025.08.08 12:00:00;DECISION;TP capped 0.00550 -> 0.00412 (3.0xATR)
2025.08.08 12:00:00;ORDER;filled SELL 0.31 lots sl=1.17 tp=1.16 [WT|BOS|0.85]
2025.08.08 12:00:00;RISK;sizing: vol_ratio=0.88 scalar=1.00 gap_buf=0.00036 eff_stop=0.00311
2025.08.08 12:00:00;ORDER;entry fill deal #31 SELL 0.31 @ 1.16365
2025.08.08 15:30:00;VETO;signal rejected: volume: relVol 0.89 < 1.00
2025.08.08 18:17:24;RISK;deal closed pnl=-85.25 streak=1 lock=0
2025.08.08 18:30:00;VETO;signal rejected: volume: relVol 0.62 < 1.00
2025.08.08 22:30:00;VETO;outlier bar masked, z=4.0
2025.08.11 04:45:00;VETO;signal rejected: volume: relVol 0.78 < 1.00
2025.08.11 12:30:00;DECISION;setup SHORT score=0.65 entry=1.16 inv=1.17 tgt=0.00 AWAIT-RETEST [CHoCH short lvl=1.16|RelVol=1.11|Retest@1.16|VPnode d=0.00|VWAPside]
2025.08.11 12:30:00;DECISION;TP capped 0.00358 -> 0.00268 (3.0xATR)
2025.08.11 12:30:00;ERROR;limit SELL 0.46 @ 1.16 sl=1.17 tp=1.16 rc=10015 [WT|CHOCH|0.65|RL]
2025.08.11 12:45:00;DECISION;TP capped 0.00346 -> 0.00260 (3.0xATR)
2025.08.11 12:45:00;ORDER;filled SELL 0.48 lots sl=1.17 tp=1.16 [WT|CHOCH|0.65]
2025.08.11 12:45:00;RISK;sizing: vol_ratio=0.99 scalar=1.00 gap_buf=0.00030 eff_stop=0.00203
2025.08.11 12:45:00;ORDER;entry fill deal #33 SELL 0.48 @ 1.16426
2025.08.11 14:30:00;VETO;signal rejected: volume: relVol 0.97 < 1.00
2025.08.11 14:50:44;MANAGE;#34 SL 1.17 -> 1.16 breakeven
2025.08.11 14:50:44;MANAGE;#34 partial close 0.24 of 0.48 lots
2025.08.11 14:50:44;RISK;deal closed pnl=42.48 streak=0 lock=0
2025.08.11 14:50:44;MANAGE;#34 SL 1.16 -> 1.16 trail
2025.08.11 14:53:23;MANAGE;#34 SL 1.16 -> 1.16 trail
2025.08.11 15:10:19;MANAGE;#34 SL 1.16 -> 1.16 trail
2025.08.11 15:13:00;MANAGE;#34 SL 1.16 -> 1.16 trail
2025.08.11 15:13:05;MANAGE;#34 SL 1.16 -> 1.16 trail
2025.08.11 15:13:58;MANAGE;#34 SL 1.16 -> 1.16 trail
2025.08.11 15:14:32;MANAGE;#34 SL 1.16 -> 1.16 trail
2025.08.11 15:15:38;RISK;deal closed pnl=62.16 streak=0 lock=0
2025.08.11 17:15:00;VETO;outlier bar masked, z=4.0
2025.08.11 21:30:00;VETO;signal rejected: volume: relVol 0.73 < 1.00
2025.08.11 23:30:00;VETO;signal rejected: volume: relVol 0.77 < 1.00
2025.08.12 04:45:00;DECISION;setup LONG score=0.75 entry=1.16 inv=1.16 tgt=0.00 AWAIT-RETEST [BOS long lvl=1.16|RelVol=1.08|Retest@1.16|VPnode d=0.00|VWAPside|ADX=41]
2025.08.12 05:00:00;VETO;authorization denied: outside session window (server hour 05, window 12-20)
2025.08.12 05:15:00;VETO;authorization denied: outside session window (server hour 05, window 12-20)
2025.08.12 05:30:00;VETO;authorization denied: outside session window (server hour 05, window 12-20)
2025.08.12 05:45:00;VETO;authorization denied: outside session window (server hour 05, window 12-20)
2025.08.12 08:00:00;DECISION;setup LONG score=0.80 entry=1.16 inv=1.16 tgt=0.00 [BOS long lvl=1.16|RelVol=1.11|VPnear|VWAPside|CycleTurn w=-0.88<--0.90|ADX=35]
2025.08.12 08:00:00;VETO;authorization denied: outside session window (server hour 08, window 12-20)
2025.08.12 08:15:00;VETO;authorization denied: outside session window (server hour 08, window 12-20)
2025.08.12 08:30:00;VETO;authorization denied: outside session window (server hour 08, window 12-20)
2025.08.12 08:45:00;DECISION;setup SHORT score=0.85 entry=1.16 inv=1.16 tgt=0.00 AWAIT-RETEST [CHoCH short lvl=1.16|RelVol=1.22|Retest@1.16|VPnode d=0.00|VWAPside|CycleTurn w=0.64<-0.75]
2025.08.12 09:00:00;VETO;authorization denied: outside session window (server hour 09, window 12-20)
2025.08.12 09:15:00;VETO;authorization denied: outside session window (server hour 09, window 12-20)
2025.08.12 09:30:00;VETO;authorization denied: outside session window (server hour 09, window 12-20)
2025.08.12 09:45:00;VETO;authorization denied: outside session window (server hour 09, window 12-20)
2025.08.12 12:30:00;VETO;signal rejected: volume: relVol 0.89 < 1.00
2025.08.12 15:45:00;VETO;outlier bar masked, z=18.2
2025.08.12 16:00:00;VETO;outlier bar masked, z=5.3
2025.08.12 16:15:00;VETO;outlier bar masked, z=5.5
2025.08.12 16:30:00;VETO;outlier bar masked, z=5.7
2025.08.12 16:45:00;VETO;outlier bar masked, z=14.1
2025.08.12 17:00:00;VETO;outlier bar masked, z=8.4
2025.08.12 18:30:00;VETO;outlier bar masked, z=6.6
2025.08.12 18:45:00;VETO;outlier bar masked, z=5.8
2025.08.12 19:00:00;VETO;outlier bar masked, z=6.4
2025.08.13 02:15:00;VETO;signal rejected: volume: relVol 0.67 < 1.00
2025.08.13 06:45:00;VETO;signal rejected: volume: relVol 1.00 < 1.00
2025.08.13 09:45:00;DECISION;setup LONG score=0.85 entry=1.17 inv=1.17 tgt=0.00 AWAIT-RETEST [BOS long lvl=1.17|RelVol=1.08|Retest@1.17|VPnode d=0.00|VWAPside|CycleTurn w=-0.94<--1.00]
2025.08.13 10:15:00;VETO;outlier bar masked, z=4.1
2025.08.13 15:45:00;VETO;signal rejected: volume: relVol 0.66 < 1.00
2025.08.13 20:00:00;VETO;signal rejected: volume: relVol 0.75 < 1.00
2025.08.13 23:30:00;DECISION;setup LONG score=0.60 entry=1.17 inv=1.17 tgt=0.00 AWAIT-RETEST [CHoCH long lvl=1.17|RelVol=1.59|Retest@1.17|VWAPside|CycleTurn w=-0.89<--0.97]
2025.08.13 23:45:00;VETO;authorization denied: outside session window (server hour 23, window 12-20)
2025.08.14 00:01:28;VETO;authorization denied: outside session window (server hour 00, window 12-20)
2025.08.14 00:15:00;VETO;authorization denied: outside session window (server hour 00, window 12-20)
2025.08.14 00:30:00;VETO;authorization denied: outside session window (server hour 00, window 12-20)
2025.08.14 01:45:01;VETO;signal rejected: volume: relVol 0.42 < 1.00
2025.08.14 05:30:00;DECISION;setup SHORT score=0.70 entry=1.17 inv=1.17 tgt=0.00 AWAIT-RETEST [CHoCH short lvl=1.17|RelVol=1.11|Retest@1.17|VPnear|VWAPside|CycleTurn w=0.47<-0.94]
2025.08.14 09:45:00;DECISION;setup SHORT score=0.65 entry=1.17 inv=1.17 tgt=0.00 [BOS short lvl=1.17|RelVol=1.10|VPnode d=0.00|VWAPside]
2025.08.14 09:45:00;VETO;authorization denied: outside session window (server hour 09, window 12-20)
2025.08.14 10:00:00;VETO;authorization denied: outside session window (server hour 10, window 12-20)
2025.08.14 10:15:00;VETO;authorization denied: outside session window (server hour 10, window 12-20)
2025.08.14 10:30:00;VETO;authorization denied: outside session window (server hour 10, window 12-20)
2025.08.14 12:15:00;VETO;outlier bar masked, z=4.0
2025.08.14 15:30:00;VETO;signal rejected: volume: relVol 0.87 < 1.00
2025.08.14 15:45:00;VETO;outlier bar masked, z=9.3
2025.08.14 16:00:00;VETO;outlier bar masked, z=6.4
2025.08.14 16:30:00;VETO;outlier bar masked, z=4.2
2025.08.14 19:15:00;VETO;signal rejected: score 0.50 < 0.55 [BOS short lvl=1.16|RelVol=1.09|VWAPside|ADX=37]
2025.08.14 22:15:01;DECISION;setup LONG score=0.55 entry=1.16 inv=1.16 tgt=0.00 AWAIT-RETEST [CHoCH long lvl=1.16|RelVol=1.03|Retest@1.16|VPnode d=0.00]
2025.08.14 22:30:00;VETO;authorization denied: outside session window (server hour 22, window 12-20)
2025.08.14 22:45:00;VETO;authorization denied: outside session window (server hour 22, window 12-20)
2025.08.14 23:00:00;VETO;authorization denied: outside session window (server hour 23, window 12-20)
2025.08.14 23:15:00;VETO;authorization denied: outside session window (server hour 23, window 12-20)
2025.08.15 01:15:00;VETO;signal rejected: volume: relVol 0.80 < 1.00
2025.08.15 04:30:00;VETO;signal rejected: volume: relVol 0.78 < 1.00
2025.08.15 06:15:01;VETO;signal rejected: volume: relVol 1.00 < 1.00
2025.08.15 09:00:00;VETO;signal rejected: volume: relVol 0.83 < 1.00
2025.08.15 12:15:00;VETO;signal rejected: volume: relVol 0.83 < 1.00
2025.08.15 15:45:00;VETO;outlier bar masked, z=7.6
2025.08.15 19:30:00;VETO;signal rejected: volume: relVol 0.66 < 1.00
2025.08.15 23:15:04;VETO;signal rejected: volume: relVol 0.58 < 1.00
2025.08.18 00:15:00;VETO;signal rejected: volume: relVol 0.31 < 1.00
2025.08.18 04:15:00;VETO;signal rejected: volume: relVol 0.86 < 1.00
2025.08.18 07:45:00;DECISION;setup LONG score=0.65 entry=1.17 inv=1.17 tgt=0.00 AWAIT-RETEST [CHoCH long lvl=1.17|RelVol=1.08|Retest@1.17|VPnode d=0.00|VWAPside]
2025.08.18 08:15:00;VETO;authorization denied: outside session window (server hour 08, window 12-20)
2025.08.18 08:30:00;VETO;authorization denied: outside session window (server hour 08, window 12-20)
2025.08.18 08:45:00;VETO;authorization denied: outside session window (server hour 08, window 12-20)
2025.08.18 09:00:00;VETO;authorization denied: outside session window (server hour 09, window 12-20)
2025.08.18 11:00:00;VETO;outlier bar masked, z=6.9
2025.08.18 11:30:00;VETO;outlier bar masked, z=3.5
2025.08.18 15:00:00;VETO;outlier bar masked, z=3.7
2025.08.18 15:45:00;VETO;signal rejected: volume: relVol 0.66 < 1.00
2025.08.18 18:00:00;VETO;signal rejected: volume: relVol 0.86 < 1.00
2025.08.18 20:00:00;VETO;signal rejected: volume: relVol 0.78 < 1.00
2025.08.18 22:30:00;VETO;signal rejected: volume: relVol 0.82 < 1.00
2025.08.19 01:15:00;VETO;outlier bar masked, z=4.9
2025.08.19 03:45:01;VETO;signal rejected: volume: relVol 0.81 < 1.00
2025.08.19 04:30:00;VETO;outlier bar masked, z=4.4
2025.08.19 06:30:00;DECISION;setup LONG score=0.60 entry=1.17 inv=1.16 tgt=0.00 AWAIT-RETEST [CHoCH long lvl=1.17|RelVol=1.04|Retest@1.17|VPnear|CycleTurn w=-0.42<--0.85]
2025.08.19 06:45:00;VETO;authorization denied: outside session window (server hour 06, window 12-20)
2025.08.19 07:00:00;VETO;authorization denied: outside session window (server hour 07, window 12-20)
2025.08.19 07:15:02;VETO;authorization denied: outside session window (server hour 07, window 12-20)
2025.08.19 07:30:00;VETO;authorization denied: outside session window (server hour 07, window 12-20)
2025.08.19 10:00:00;VETO;signal rejected: volume: relVol 0.86 < 1.00
2025.08.19 13:30:00;VETO;signal rejected: volume: relVol 0.87 < 1.00
2025.08.19 17:45:00;VETO;signal rejected: volume: relVol 0.59 < 1.00
2025.08.19 21:15:03;VETO;signal rejected: volume: relVol 0.69 < 1.00
2025.08.20 03:15:00;VETO;signal rejected: volume: relVol 0.96 < 1.00
2025.08.20 04:30:00;VETO;signal rejected: score 0.50 < 0.55 [BOS short lvl=1.16|RelVol=1.09|VWAPside|ADX=57]
2025.08.20 09:00:00;VETO;signal rejected: volume: relVol 0.78 < 1.00
2025.08.20 09:15:00;VETO;outlier bar masked, z=5.2
2025.08.20 10:30:00;VETO;signal rejected: volume: relVol 0.85 < 1.00
2025.08.20 13:15:00;VETO;signal rejected: volume: relVol 0.81 < 1.00
2025.08.20 15:45:00;VETO;outlier bar masked, z=4.0
2025.08.20 19:00:00;VETO;signal rejected: volume: relVol 0.98 < 1.00
2025.08.20 21:00:00;VETO;signal rejected: volume: relVol 0.97 < 1.00
2025.08.20 23:15:00;VETO;signal rejected: volume: relVol 0.85 < 1.00
2025.08.21 03:30:00;VETO;signal rejected: volume: relVol 0.80 < 1.00
2025.08.21 09:00:00;VETO;signal rejected: volume: relVol 0.84 < 1.00
2025.08.21 09:30:00;VETO;signal rejected: volume: relVol 0.96 < 1.00
2025.08.21 10:45:00;VETO;outlier bar masked, z=3.6
2025.08.21 15:45:00;VETO;outlier bar masked, z=4.3
2025.08.21 16:45:00;VETO;signal rejected: volume: relVol 0.95 < 1.00
2025.08.21 17:00:00;VETO;outlier bar masked, z=5.5
2025.08.21 17:45:00;VETO;outlier bar masked, z=3.6
2025.08.21 18:15:01;VETO;outlier bar masked, z=3.8
2025.08.21 18:30:00;VETO;outlier bar masked, z=7.4
2025.08.22 03:30:00;VETO;signal rejected: volume: relVol 0.91 < 1.00
2025.08.22 05:00:00;VETO;signal rejected: volume: relVol 0.88 < 1.00
2025.08.22 06:30:00;VETO;signal rejected: volume: relVol 0.77 < 1.00
2025.08.22 12:00:00;VETO;signal rejected: volume: relVol 0.82 < 1.00
2025.08.22 14:45:00;VETO;signal rejected: volume: relVol 0.70 < 1.00
2025.08.22 17:15:00;VETO;outlier bar masked, z=39.1
2025.08.22 17:30:00;VETO;outlier bar masked, z=9.5
2025.08.22 17:45:00;VETO;outlier bar masked, z=6.4
2025.08.22 18:00:00;VETO;outlier bar masked, z=7.4
2025.08.22 18:15:00;VETO;outlier bar masked, z=4.0
2025.08.22 18:30:00;VETO;outlier bar masked, z=5.3
2025.08.22 18:45:00;VETO;outlier bar masked, z=4.3
2025.08.22 20:15:00;VETO;signal rejected: score 0.50 < 0.55 [BOS long lvl=1.17|RelVol=1.23|VWAPside|ADX=44]
2025.08.25 01:45:00;DECISION;setup SHORT score=0.65 entry=1.17 inv=1.17 tgt=0.00 AWAIT-RETEST [CHoCH short lvl=1.17|RelVol=6.07|Retest@1.17|VPnode d=0.00|VWAPside]
2025.08.25 02:00:00;VETO;authorization denied: outside session window (server hour 02, window 12-20)
2025.08.25 02:15:00;VETO;authorization denied: outside session window (server hour 02, window 12-20)
2025.08.25 02:30:00;VETO;authorization denied: outside session window (server hour 02, window 12-20)
2025.08.25 02:45:00;VETO;authorization denied: outside session window (server hour 02, window 12-20)
2025.08.25 06:15:01;VETO;signal rejected: volume: relVol 0.81 < 1.00
2025.08.25 09:15:00;VETO;signal rejected: volume: relVol 0.85 < 1.00
2025.08.25 11:00:00;VETO;outlier bar masked, z=3.9
2025.08.25 13:00:00;VETO;signal rejected: volume: relVol 0.70 < 1.00
2025.08.25 16:45:00;VETO;signal rejected: volume: relVol 0.71 < 1.00
2025.08.25 18:15:00;VETO;signal rejected: volume: relVol 0.94 < 1.00
2025.08.25 22:15:00;VETO;outlier bar masked, z=4.6
2025.08.26 03:15:00;VETO;outlier bar masked, z=12.1
2025.08.26 03:45:00;VETO;outlier bar masked, z=4.0
2025.08.26 05:45:00;DECISION;setup SHORT score=0.85 entry=1.16 inv=1.17 tgt=0.00 AWAIT-RETEST [CHoCH short lvl=1.16|RelVol=1.31|Retest@1.16|VPnode d=0.00|VWAPside|CycleTurn w=0.98<-0.98]
2025.08.26 06:00:00;VETO;authorization denied: outside session window (server hour 06, window 12-20)
2025.08.26 06:15:00;VETO;authorization denied: outside session window (server hour 06, window 12-20)
2025.08.26 06:30:00;VETO;authorization denied: outside session window (server hour 06, window 12-20)
2025.08.26 06:45:00;VETO;authorization denied: outside session window (server hour 06, window 12-20)
2025.08.26 09:30:00;VETO;outlier bar masked, z=3.9
2025.08.26 10:00:00;DECISION;setup SHORT score=0.85 entry=1.16 inv=1.16 tgt=0.00 [BOS short lvl=1.16|RelVol=1.31|VPnode d=0.00|VWAPside|CycleTurn w=0.19<-0.83]
2025.08.26 10:00:00;VETO;authorization denied: outside session window (server hour 10, window 12-20)
2025.08.26 10:15:00;VETO;outlier bar masked, z=5.4
2025.08.26 10:30:00;VETO;outlier bar masked, z=3.6
2025.08.26 10:45:00;VETO;authorization denied: outside session window (server hour 10, window 12-20)
2025.08.26 11:00:00;VETO;authorization denied: outside session window (server hour 11, window 12-20)
2025.08.26 11:15:00;VETO;authorization denied: outside session window (server hour 11, window 12-20)
2025.08.26 11:30:00;VETO;outlier bar masked, z=3.7
2025.08.26 14:00:00;VETO;signal rejected: volume: relVol 0.91 < 1.00
2025.08.26 20:45:00;VETO;signal rejected: volume: relVol 0.81 < 1.00
2025.08.27 05:15:01;VETO;signal rejected: volume: relVol 0.82 < 1.00
2025.08.27 07:15:00;VETO;signal rejected: volume: relVol 0.80 < 1.00
2025.08.27 10:15:00;VETO;signal rejected: volume: relVol 0.74 < 1.00
2025.08.27 14:15:00;VETO;outlier bar masked, z=3.6
2025.08.27 16:15:00;VETO;signal rejected: volume: relVol 0.84 < 1.00
2025.08.27 17:00:00;VETO;outlier bar masked, z=4.8
2025.08.27 18:15:00;VETO;outlier bar masked, z=4.0
2025.08.27 20:00:00;VETO;outlier bar masked, z=3.6
2025.08.28 01:15:00;DECISION;setup LONG score=0.95 entry=1.16 inv=1.16 tgt=0.00 [BOS long lvl=1.16|RelVol=1.16|VPnode d=0.00|VWAPside|CycleTurn w=-1.00<--1.00|ADX=31]
2025.08.28 01:15:00;VETO;authorization denied: outside session window (server hour 01, window 12-20)
2025.08.28 01:30:00;VETO;authorization denied: outside session window (server hour 01, window 12-20)
2025.08.28 01:45:00;VETO;authorization denied: outside session window (server hour 01, window 12-20)
2025.08.28 02:00:00;VETO;authorization denied: outside session window (server hour 02, window 12-20)
2025.08.28 04:15:00;VETO;signal rejected: volume: relVol 0.81 < 1.00
2025.08.28 07:15:04;DECISION;setup SHORT score=0.65 entry=1.16 inv=1.17 tgt=0.00 AWAIT-RETEST [CHoCH short lvl=1.16|RelVol=1.04|Retest@1.16|VPnode d=0.00|VWAPside]
2025.08.28 07:30:00;VETO;authorization denied: outside session window (server hour 07, window 12-20)
2025.08.28 07:45:00;VETO;authorization denied: outside session window (server hour 07, window 12-20)
2025.08.28 08:00:00;VETO;authorization denied: outside session window (server hour 08, window 12-20)
2025.08.28 08:15:00;VETO;authorization denied: outside session window (server hour 08, window 12-20)
2025.08.28 11:30:00;DECISION;setup SHORT score=0.65 entry=1.16 inv=1.16 tgt=0.00 [BOS short lvl=1.16|RelVol=1.08|VPnode d=0.00|VWAPside]
2025.08.28 11:30:00;VETO;authorization denied: outside session window (server hour 11, window 12-20)
2025.08.28 11:45:00;VETO;authorization denied: outside session window (server hour 11, window 12-20)
2025.08.28 12:00:00;ORDER;filled SELL 0.89 lots sl=1.16 tp=1.16 [WT|BOS|0.65]
2025.08.28 12:00:00;RISK;sizing: vol_ratio=1.24 scalar=1.00 gap_buf=0.00039 eff_stop=0.00110
2025.08.28 12:00:00;ORDER;entry fill deal #36 SELL 0.89 @ 1.16419
2025.08.28 12:09:13;RISK;deal closed pnl=-65.86 streak=1 lock=0
2025.08.28 12:15:00;VETO;signal rejected: volume: relVol 0.87 < 1.00
2025.08.28 15:45:00;VETO;outlier bar masked, z=5.4
2025.08.28 16:00:00;VETO;outlier bar masked, z=4.2
2025.08.28 17:15:00;VETO;outlier bar masked, z=4.0
2025.08.28 20:00:01;VETO;signal rejected: volume: relVol 0.76 < 1.00
2025.08.28 22:45:00;VETO;signal rejected: volume: relVol 0.62 < 1.00
2025.08.29 01:45:00;VETO;signal rejected: volume: relVol 0.65 < 1.00
2025.08.29 02:45:00;VETO;signal rejected: volume: relVol 0.88 < 1.00
2025.08.29 04:30:00;DECISION;setup SHORT score=0.65 entry=1.17 inv=1.17 tgt=0.00 AWAIT-RETEST [CHoCH short lvl=1.17|RelVol=1.33|Retest@1.17|VPnode d=0.00|VWAPside]
2025.08.29 09:00:00;VETO;signal rejected: volume: relVol 0.90 < 1.00
2025.08.29 11:00:00;VETO;signal rejected: volume: relVol 0.89 < 1.00
2025.08.29 15:15:00;VETO;signal rejected: volume: relVol 0.91 < 1.00
2025.08.29 17:45:00;VETO;signal rejected: score 0.40 < 0.55 [CHoCH long lvl=1.17|RelVol=1.24|Retest@1.17|VWAPside]
2025.08.29 18:00:00;VETO;outlier bar masked, z=4.7
2025.08.29 21:30:00;VETO;signal rejected: volume: relVol 0.59 < 1.00
2025.08.29 23:45:00;VETO;signal rejected: volume: relVol 0.83 < 1.00
2025.09.01 03:15:01;VETO;signal rejected: volume: relVol 0.65 < 1.00
2025.09.01 05:15:00;VETO;signal rejected: score 0.40 < 0.55 [BOS long lvl=1.17|RelVol=1.29|VWAPside]
2025.09.01 09:00:00;VETO;signal rejected: volume: relVol 0.89 < 1.00
2025.09.01 12:00:00;VETO;signal rejected: volume: relVol 0.97 < 1.00
2025.09.01 15:00:00;VETO;signal rejected: volume: relVol 0.81 < 1.00
2025.09.01 18:30:00;VETO;signal rejected: volume: relVol 0.42 < 1.00
2025.09.01 21:30:00;VETO;signal rejected: volume: relVol 0.28 < 1.00
2025.09.02 02:45:00;VETO;signal rejected: volume: relVol 0.73 < 1.00
2025.09.02 04:00:00;DECISION;setup SHORT score=0.65 entry=1.17 inv=1.17 tgt=0.00 AWAIT-RETEST [CHoCH short lvl=1.17|RelVol=1.09|Retest@1.17|VPnode d=0.00|VWAPside]
2025.09.02 04:15:01;VETO;authorization denied: outside session window (server hour 04, window 12-20)
2025.09.02 04:30:00;VETO;authorization denied: outside session window (server hour 04, window 12-20)
2025.09.02 04:45:00;VETO;authorization denied: outside session window (server hour 04, window 12-20)
2025.09.02 05:00:00;VETO;authorization denied: outside session window (server hour 05, window 12-20)
2025.09.02 07:15:00;DECISION;setup SHORT score=0.60 entry=1.17 inv=1.17 tgt=0.00 [BOS short lvl=1.17|RelVol=1.06|VPnear|VWAPside|ADX=37]
2025.09.02 07:15:00;VETO;authorization denied: outside session window (server hour 07, window 12-20)
2025.09.02 07:30:00;VETO;authorization denied: outside session window (server hour 07, window 12-20)
2025.09.02 07:45:00;VETO;authorization denied: outside session window (server hour 07, window 12-20)
2025.09.02 08:00:00;VETO;authorization denied: outside session window (server hour 08, window 12-20)
2025.09.02 08:30:00;VETO;signal rejected: volume: relVol 0.84 < 1.00
2025.09.02 09:15:00;DECISION;setup LONG score=0.60 entry=1.17 inv=1.17 tgt=0.00 AWAIT-RETEST [CHoCH long lvl=1.17|RelVol=1.02|Retest@1.17|VPnear|CycleTurn w=0.44<--0.62]
2025.09.02 09:30:00;VETO;authorization denied: outside session window (server hour 09, window 12-20)
2025.09.02 09:45:00;VETO;authorization denied: outside session window (server hour 09, window 12-20)
2025.09.02 10:00:00;VETO;authorization denied: outside session window (server hour 10, window 12-20)
2025.09.02 10:15:00;VETO;outlier bar masked, z=7.0
2025.09.02 10:30:00;VETO;outlier bar masked, z=4.6
2025.09.02 11:00:00;VETO;outlier bar masked, z=11.3
2025.09.02 11:15:00;VETO;outlier bar masked, z=4.0
2025.09.02 11:30:00;VETO;outlier bar masked, z=4.9
2025.09.02 11:45:00;VETO;outlier bar masked, z=5.6
2025.09.02 12:15:00;VETO;outlier bar masked, z=3.6
2025.09.02 12:30:00;VETO;outlier bar masked, z=3.8
2025.09.02 13:30:00;VETO;outlier bar masked, z=3.8
2025.09.02 15:00:00;DECISION;setup LONG score=0.55 entry=1.16 inv=1.16 tgt=0.00 AWAIT-RETEST [CHoCH long lvl=1.16|RelVol=1.40|Retest@1.16|VPnode d=0.00]
2025.09.02 15:00:00;DECISION;TP capped 0.00412 -> 0.00324 (3.0xATR)
2025.09.02 15:00:00;ORDER;limit BUY 0.37 @ 1.16 sl=1.16 tp=1.17 rc=10009 [WT|CHOCH|0.55|RL]
2025.09.02 15:00:00;RISK;sizing: vol_ratio=1.84 scalar=1.00 gap_buf=0.00056 eff_stop=0.00261
2025.09.02 15:10:56;ORDER;entry fill deal #38 BUY 0.37 @ 1.16438
2025.09.02 15:34:51;RISK;deal closed pnl=-81.40 streak=1 lock=0
2025.09.02 15:45:00;DECISION;setup SHORT score=0.60 entry=1.16 inv=1.16 tgt=0.00 AWAIT-RETEST [CHoCH short lvl=1.16|RelVol=1.07|Retest@1.16|VWAPside|CycleTurn w=0.98<-0.99]
2025.09.02 15:45:00;DECISION;TP capped 0.00415 -> 0.00340 (3.0xATR)
2025.09.02 15:45:00;ORDER;limit SELL 0.36 @ 1.16 sl=1.16 tp=1.16 rc=10009 [WT|CHOCH|0.60|RL]
2025.09.02 15:45:00;RISK;sizing: vol_ratio=1.80 scalar=1.00 gap_buf=0.00057 eff_stop=0.00264
2025.09.02 16:02:47;ORDER;entry fill deal #40 SELL 0.36 @ 1.16206
2025.09.02 16:15:00;VETO;outlier bar masked, z=5.6
2025.09.02 16:17:06;RISK;deal closed pnl=-75.60 streak=2 lock=0
2025.09.02 17:15:00;VETO;outlier bar masked, z=6.4
2025.09.03 03:00:00;VETO;signal rejected: volume: relVol 1.00 < 1.00
2025.09.03 07:00:00;VETO;signal rejected: volume: relVol 0.69 < 1.00
2025.09.03 09:30:00;VETO;signal rejected: volume: relVol 0.73 < 1.00
2025.09.03 10:30:00;VETO;outlier bar masked, z=4.6
2025.09.03 11:15:00;VETO;signal rejected: score 0.50 < 0.55 [CHoCH long lvl=1.16|RelVol=1.32|Retest@1.16|VPnear|VWAPside]
2025.09.03 17:15:00;VETO;outlier bar masked, z=7.6
2025.09.03 18:15:00;VETO;outlier bar masked, z=4.1
2025.09.03 21:00:00;DECISION;setup SHORT score=0.55 entry=1.17 inv=1.17 tgt=0.00 AWAIT-RETEST [CHoCH short lvl=1.17|RelVol=1.14|Retest@1.17|VPnode d=0.00]
2025.09.03 21:15:00;VETO;authorization denied: outside session window (server hour 21, window 12-20)
2025.09.03 21:30:00;VETO;authorization denied: outside session window (server hour 21, window 12-20)
2025.09.03 21:45:00;VETO;authorization denied: outside session window (server hour 21, window 12-20)
2025.09.03 22:00:00;VETO;authorization denied: outside session window (server hour 22, window 12-20)
2025.09.03 23:00:00;VETO;signal rejected: volume: relVol 0.79 < 1.00
2025.09.04 04:15:00;DECISION;setup SHORT score=0.65 entry=1.17 inv=1.17 tgt=0.00 [BOS short lvl=1.17|RelVol=1.19|VPnode d=0.00|VWAPside]
2025.09.04 04:15:00;VETO;authorization denied: outside session window (server hour 04, window 12-20)
2025.09.04 04:30:00;VETO;authorization denied: outside session window (server hour 04, window 12-20)
2025.09.04 04:45:00;VETO;authorization denied: outside session window (server hour 04, window 12-20)
2025.09.04 05:00:00;VETO;authorization denied: outside session window (server hour 05, window 12-20)
2025.09.04 06:15:00;DECISION;setup SHORT score=0.60 entry=1.17 inv=1.17 tgt=0.00 [BOS short lvl=1.17|RelVol=1.07|VPnear|VWAPside|ADX=30]
2025.09.04 06:15:00;VETO;authorization denied: outside session window (server hour 06, window 12-20)
2025.09.04 06:30:00;VETO;authorization denied: outside session window (server hour 06, window 12-20)
2025.09.04 06:45:00;VETO;authorization denied: outside session window (server hour 06, window 12-20)
2025.09.04 07:00:00;VETO;authorization denied: outside session window (server hour 07, window 12-20)
2025.09.04 12:30:01;DECISION;setup SHORT score=0.70 entry=1.16 inv=1.17 tgt=0.00 [BOS short lvl=1.16|RelVol=1.16|VPnear|VWAPside|CycleTurn w=0.77<-0.83]
2025.09.04 12:30:01;DECISION;TP capped 0.00386 -> 0.00289 (3.0xATR)
2025.09.04 12:30:01;ORDER;filled SELL 0.41 lots sl=1.17 tp=1.16 [WT|BOS|0.70]
2025.09.04 12:30:01;RISK;sizing: vol_ratio=1.23 scalar=1.00 gap_buf=0.00040 eff_stop=0.00233
2025.09.04 12:30:01;ORDER;entry fill deal #42 SELL 0.41 @ 1.16415
2025.09.04 13:15:00;VETO;outlier bar masked, z=3.5
2025.09.04 15:30:00;VETO;outlier bar masked, z=3.8
2025.09.04 15:45:00;VETO;outlier bar masked, z=7.0
2025.09.04 16:00:00;VETO;outlier bar masked, z=4.5
2025.09.04 16:30:00;VETO;outlier bar masked, z=3.8
2025.09.04 22:15:00;VETO;signal rejected: volume: relVol 0.71 < 1.00
2025.09.05 02:45:15;DECISION;setup LONG score=0.85 entry=1.17 inv=1.16 tgt=0.00 AWAIT-RETEST [BOS long lvl=1.17|RelVol=1.32|Retest@1.17|VPnode d=0.00|VWAPside|CycleTurn w=0.60<-0.44]
2025.09.05 03:30:03;VETO;authorization denied: outside session window (server hour 03, window 12-20)
2025.09.05 03:45:03;VETO;authorization denied: outside session window (server hour 03, window 12-20)
2025.09.05 03:58:31;RISK;deal closed pnl=-79.95 streak=1 lock=0
2025.09.05 04:00:00;VETO;authorization denied: outside session window (server hour 04, window 12-20)
2025.09.05 04:15:00;VETO;authorization denied: outside session window (server hour 04, window 12-20)
2025.09.05 09:00:00;VETO;signal rejected: volume: relVol 0.99 < 1.00
2025.09.05 11:00:00;VETO;signal rejected: volume: relVol 0.69 < 1.00
2025.09.05 13:30:00;DECISION;setup LONG score=0.75 entry=1.17 inv=1.17 tgt=0.00 [BOS long lvl=1.17|RelVol=1.09|VPnode d=0.00|VWAPside|ADX=39]
2025.09.05 13:30:00;DECISION;TP capped 0.00590 -> 0.00443 (3.0xATR)
2025.09.05 13:30:00;ORDER;filled BUY 0.29 lots sl=1.17 tp=1.17 [WT|BOS|0.75]
2025.09.05 13:30:00;RISK;sizing: vol_ratio=0.99 scalar=1.00 gap_buf=0.00029 eff_stop=0.00325
2025.09.05 13:30:00;ORDER;entry fill deal #44 BUY 0.29 @ 1.16942
2025.09.05 15:15:00;VETO;outlier bar masked, z=4.8
2025.09.05 15:30:01;MANAGE;#45 SL 1.17 -> 1.17 breakeven
2025.09.05 15:30:01;MANAGE;#45 partial close 0.14 of 0.29 lots
2025.09.05 15:30:01;RISK;deal closed pnl=43.12 streak=0 lock=0
2025.09.05 15:30:01;MANAGE;#45 SL 1.17 -> 1.17 trail
2025.09.05 15:30:01;MANAGE;#45 SL 1.17 -> 1.17 trail
2025.09.05 15:30:02;MANAGE;#45 SL 1.17 -> 1.17 trail
2025.09.05 15:30:02;MANAGE;#45 SL 1.17 -> 1.17 trail
2025.09.05 15:30:03;MANAGE;#45 SL 1.17 -> 1.17 trail
2025.09.05 15:30:04;MANAGE;#45 SL 1.17 -> 1.17 trail
2025.09.05 15:30:04;MANAGE;#45 SL 1.17 -> 1.17 trail
2025.09.05 15:30:04;MANAGE;#45 SL 1.17 -> 1.17 trail
2025.09.05 15:30:04;MANAGE;#45 SL 1.17 -> 1.17 trail
2025.09.05 15:30:05;MANAGE;#45 SL 1.17 -> 1.17 trail
2025.09.05 15:30:05;MANAGE;#45 SL 1.17 -> 1.17 trail
2025.09.05 15:30:05;MANAGE;#45 SL 1.17 -> 1.17 trail
2025.09.05 15:30:05;RISK;deal closed pnl=66.45 streak=0 lock=0
2025.09.05 15:45:00;VETO;outlier bar masked, z=18.1
2025.09.05 16:00:00;VETO;outlier bar masked, z=4.9
2025.09.05 16:30:00;VETO;outlier bar masked, z=5.3
2025.09.05 16:45:00;VETO;outlier bar masked, z=6.4
2025.09.05 17:00:00;VETO;outlier bar masked, z=3.8
2025.09.05 17:15:00;VETO;outlier bar masked, z=4.8
2025.09.05 17:30:00;VETO;outlier bar masked, z=3.7
2025.09.05 17:45:00;VETO;outlier bar masked, z=3.7
2025.09.05 21:15:00;VETO;signal rejected: volume: relVol 0.93 < 1.00
2025.09.08 01:45:00;DECISION;setup SHORT score=0.75 entry=1.17 inv=1.17 tgt=0.00 [BOS short lvl=1.17|RelVol=1.08|VPnode d=0.00|VWAPside|ADX=31]
2025.09.08 01:45:00;VETO;authorization denied: outside session window (server hour 01, window 12-20)
2025.09.08 02:00:00;VETO;authorization denied: outside session window (server hour 02, window 12-20)
2025.09.08 02:15:00;VETO;authorization denied: outside session window (server hour 02, window 12-20)
2025.09.08 02:30:03;VETO;authorization denied: outside session window (server hour 02, window 12-20)
2025.09.08 07:15:00;VETO;signal rejected: volume: relVol 0.99 < 1.00
2025.09.08 08:15:04;VETO;signal rejected: volume: relVol 0.88 < 1.00
2025.09.08 16:15:00;VETO;outlier bar masked, z=3.8
2025.09.08 19:45:00;DECISION;setup SHORT score=0.55 entry=1.17 inv=1.18 tgt=0.00 AWAIT-RETEST [CHoCH short lvl=1.17|RelVol=1.35|Retest@1.17|VPnode d=0.00]
2025.09.08 19:45:00;DECISION;TP capped 0.00291 -> 0.00219 (3.0xATR)
2025.09.08 19:45:00;ORDER;limit SELL 0.53 @ 1.17 sl=1.18 tp=1.17 rc=10009 [WT|CHOCH|0.55|RL]
2025.09.08 19:45:00;RISK;sizing: vol_ratio=1.08 scalar=1.00 gap_buf=0.00035 eff_stop=0.00181
2025.09.08 19:45:00;ORDER;entry fill deal #47 SELL 0.53 @ 1.17383
2025.09.08 21:22:04;RISK;deal closed pnl=-75.26 streak=1 lock=0
2025.09.08 21:30:02;DECISION;setup LONG score=0.60 entry=1.18 inv=1.17 tgt=0.00 AWAIT-RETEST [CHoCH long lvl=1.18|RelVol=1.04|Retest@1.18|VWAPside|CycleTurn w=-0.94<--0.99]
2025.09.08 21:45:00;VETO;authorization denied: outside session window (server hour 21, window 12-20)
2025.09.08 22:00:00;VETO;authorization denied: outside session window (server hour 22, window 12-20)
2025.09.08 22:15:00;VETO;authorization denied: outside session window (server hour 22, window 12-20)
2025.09.08 22:30:00;VETO;authorization denied: outside session window (server hour 22, window 12-20)
2025.09.09 02:15:00;VETO;signal rejected: volume: relVol 0.98 < 1.00
2025.09.09 05:00:00;VETO;signal rejected: volume: relVol 0.76 < 1.00
2025.09.09 07:00:00;VETO;signal rejected: volume: relVol 0.82 < 1.00
2025.09.09 09:00:00;DECISION;setup LONG score=0.65 entry=1.18 inv=1.18 tgt=0.00 AWAIT-RETEST [CHoCH long lvl=1.18|RelVol=1.10|Retest@1.18|VPnode d=0.00|VWAPside]
2025.09.09 09:15:01;VETO;authorization denied: outside session window (server hour 09, window 12-20)
2025.09.09 09:30:00;VETO;authorization denied: outside session window (server hour 09, window 12-20)
2025.09.09 09:45:00;DECISION;setup SHORT score=0.70 entry=1.18 inv=1.18 tgt=0.00 AWAIT-RETEST [CHoCH short lvl=1.18|RelVol=1.11|Retest@1.18|VPnear|VWAPside|CycleTurn w=0.19<-0.93]
2025.09.09 10:00:00;VETO;authorization denied: outside session window (server hour 10, window 12-20)
2025.09.09 10:15:00;VETO;authorization denied: outside session window (server hour 10, window 12-20)
2025.09.09 10:30:00;VETO;authorization denied: outside session window (server hour 10, window 12-20)
2025.09.09 10:45:00;VETO;authorization denied: outside session window (server hour 10, window 12-20)
2025.09.09 15:00:00;VETO;signal rejected: score 0.50 < 0.55 [BOS short lvl=1.17|RelVol=1.06|VWAPside|ADX=34]
2025.09.09 17:15:00;VETO;outlier bar masked, z=10.5
2025.09.09 18:15:00;DECISION;setup SHORT score=0.60 entry=1.17 inv=1.18 tgt=0.00 [BOS short lvl=1.17|RelVol=1.12|VWAPside|CycleTurn w=-0.78<--0.34]
2025.09.09 18:15:00;DECISION;TP capped 0.00798 -> 0.00599 (3.0xATR)
2025.09.09 18:15:00;ORDER;filled SELL 0.21 lots sl=1.18 tp=1.17 [WT|BOS|0.60]
2025.09.09 18:15:00;RISK;sizing: vol_ratio=1.74 scalar=1.00 gap_buf=0.00058 eff_stop=0.00457
2025.09.09 18:15:00;ORDER;entry fill deal #49 SELL 0.21 @ 1.17223
2025.09.09 20:45:00;VETO;signal rejected: score 0.50 < 0.55 [BOS short lvl=1.17|RelVol=1.30|VWAPside|ADX=36]
2025.09.10 00:01:29;VETO;signal rejected: volume: relVol 0.75 < 1.00
2025.09.10 01:45:05;VETO;signal rejected: volume: relVol 0.42 < 1.00
2025.09.10 02:30:00;DECISION;setup SHORT score=0.70 entry=1.17 inv=1.17 tgt=0.00 AWAIT-RETEST [CHoCH short lvl=1.17|RelVol=2.01|Retest@1.17|VPnear|VWAPside|CycleTurn w=0.99<-1.00]
2025.09.10 03:00:00;VETO;authorization denied: outside session window (server hour 03, window 12-20)
2025.09.10 03:15:00;VETO;authorization denied: outside session window (server hour 03, window 12-20)
2025.09.10 03:30:06;VETO;authorization denied: outside session window (server hour 03, window 12-20)
2025.09.10 03:45:03;VETO;authorization denied: outside session window (server hour 03, window 12-20)
2025.09.10 04:30:00;VETO;signal rejected: volume: relVol 0.77 < 1.00
2025.09.10 08:00:00;DECISION;setup LONG score=0.65 entry=1.17 inv=1.17 tgt=0.00 AWAIT-RETEST [CHoCH long lvl=1.17|RelVol=1.18|Retest@1.17|VPnode d=0.00|VWAPside]
2025.09.10 08:15:02;VETO;authorization denied: outside session window (server hour 08, window 12-20)
2025.09.10 08:30:00;VETO;authorization denied: outside session window (server hour 08, window 12-20)
2025.09.10 08:45:00;VETO;authorization denied: outside session window (server hour 08, window 12-20)
2025.09.10 09:00:00;VETO;authorization denied: outside session window (server hour 09, window 12-20)
2025.09.10 10:00:00;VETO;outlier bar masked, z=5.7
2025.09.10 12:45:00;DECISION;setup LONG score=0.85 entry=1.17 inv=1.17 tgt=0.00 AWAIT-RETEST [CHoCH long lvl=1.17|RelVol=1.14|Retest@1.17|VPnode d=0.00|VWAPside|CycleTurn w=-0.55<--0.92]
2025.09.10 12:45:00;VETO;retest limit risk veto: max positions
2025.09.10 13:15:00;DECISION;TP capped 0.00350 -> 0.00263 (3.0xATR)
2025.09.10 13:15:00;VETO;risk veto: max positions
2025.09.10 15:15:00;VETO;outlier bar masked, z=3.8
2025.09.10 15:45:00;VETO;outlier bar masked, z=9.0
2025.09.10 16:00:00;VETO;outlier bar masked, z=3.8
2025.09.10 22:15:01;VETO;signal rejected: volume: relVol 0.75 < 1.00
2025.09.11 09:00:00;DECISION;setup SHORT score=0.85 entry=1.17 inv=1.17 tgt=0.00 AWAIT-RETEST [BOS short lvl=1.17|RelVol=1.25|Retest@1.17|VPnode d=0.00|VWAPside|CycleTurn w=-0.29<-0.78]
2025.09.11 09:15:00;VETO;authorization denied: outside session window (server hour 09, window 12-20)
2025.09.11 09:30:00;VETO;authorization denied: outside session window (server hour 09, window 12-20)
2025.09.11 09:45:00;VETO;authorization denied: outside session window (server hour 09, window 12-20)
2025.09.11 10:00:00;VETO;authorization denied: outside session window (server hour 10, window 12-20)
2025.09.11 12:40:39;MANAGE;#50 SL 1.18 -> 1.17 breakeven
2025.09.11 12:40:39;MANAGE;#50 partial close 0.10 of 0.21 lots
2025.09.11 12:40:39;RISK;deal closed pnl=39.80 streak=0 lock=0
2025.09.11 12:40:39;MANAGE;#50 SL 1.17 -> 1.17 trail
2025.09.11 12:45:00;DECISION;setup SHORT score=0.80 entry=1.17 inv=1.17 tgt=0.00 [BOS short lvl=1.17|RelVol=1.25|VPnear|VWAPside|CycleTurn w=-0.34<-0.71|ADX=37]
2025.09.11 12:45:00;DECISION;TP capped 0.00270 -> 0.00203 (3.0xATR)
2025.09.11 12:45:00;VETO;risk veto: max positions
2025.09.11 12:45:10;MANAGE;#50 SL 1.17 -> 1.17 trail
2025.09.11 12:45:11;MANAGE;#50 SL 1.17 -> 1.17 trail
2025.09.11 12:45:11;MANAGE;#50 SL 1.17 -> 1.17 trail
2025.09.11 14:10:57;RISK;deal closed pnl=33.77 streak=0 lock=0
2025.09.11 15:30:00;VETO;outlier bar masked, z=8.0
2025.09.11 15:45:00;VETO;outlier bar masked, z=22.8
2025.09.11 16:00:00;VETO;outlier bar masked, z=8.7
2025.09.11 16:15:00;VETO;outlier bar masked, z=7.6
2025.09.11 16:30:00;VETO;outlier bar masked, z=4.4
2025.09.11 16:45:00;VETO;outlier bar masked, z=4.8
2025.09.11 17:00:00;VETO;outlier bar masked, z=4.5
2025.09.11 17:30:00;VETO;outlier bar masked, z=4.0
2025.09.12 04:15:00;VETO;signal rejected: volume: relVol 0.95 < 1.00
2025.09.12 07:15:00;VETO;signal rejected: volume: relVol 0.91 < 1.00
2025.09.12 10:00:00;DECISION;setup LONG score=0.65 entry=1.17 inv=1.17 tgt=0.00 AWAIT-RETEST [CHoCH long lvl=1.17|RelVol=1.11|Retest@1.17|VPnode d=0.00|VWAPside]
2025.09.12 11:15:00;VETO;authorization denied: outside session window (server hour 11, window 12-20)
2025.09.12 11:30:00;VETO;authorization denied: outside session window (server hour 11, window 12-20)
2025.09.12 11:45:03;VETO;signal rejected: volume: relVol 0.95 < 1.00
2025.09.12 15:45:00;VETO;signal rejected: volume: relVol 0.88 < 1.00
2025.09.12 19:45:03;DECISION;setup LONG score=0.65 entry=1.17 inv=1.17 tgt=0.00 AWAIT-RETEST [CHoCH long lvl=1.17|RelVol=1.04|Retest@1.17|VPnode d=0.00|VWAPside]
2025.09.12 19:45:03;DECISION;TP capped 0.00594 -> 0.00445 (3.0xATR)
2025.09.12 19:45:03;ERROR;limit BUY 0.28 @ 1.17 sl=1.17 tp=1.18 rc=10015 [WT|CHOCH|0.65|RL]
2025.09.12 20:00:00;VETO;authorization denied: outside session window (server hour 20, window 12-20)
2025.09.12 20:15:00;VETO;authorization denied: outside session window (server hour 20, window 12-20)
2025.09.12 20:30:00;VETO;authorization denied: outside session window (server hour 20, window 12-20)
2025.09.12 20:45:03;VETO;authorization denied: outside session window (server hour 20, window 12-20)
2025.09.15 02:30:09;VETO;signal rejected: volume: relVol 0.45 < 1.00
2025.09.15 03:30:02;VETO;signal rejected: volume: relVol 0.63 < 1.00
2025.09.15 06:30:00;VETO;signal rejected: volume: relVol 0.89 < 1.00
2025.09.15 09:30:00;DECISION;setup SHORT score=0.65 entry=1.17 inv=1.17 tgt=0.00 AWAIT-RETEST [CHoCH short lvl=1.17|RelVol=1.06|Retest@1.17|VPnode d=0.00|VWAPside]
2025.09.15 10:00:00;VETO;authorization denied: outside session window (server hour 10, window 12-20)
2025.09.15 10:15:00;VETO;authorization denied: outside session window (server hour 10, window 12-20)
2025.09.15 10:30:00;VETO;signal rejected: volume: relVol 0.93 < 1.00
2025.09.15 12:30:00;VETO;signal rejected: score 0.50 < 0.55 [BOS long lvl=1.17|RelVol=1.00|VPnear|VWAPside]
2025.09.15 13:30:00;VETO;outlier bar masked, z=3.7
2025.09.15 15:15:00;VETO;signal rejected: score 0.50 < 0.55 [BOS long lvl=1.18|RelVol=1.02|VWAPside|ADX=42]
2025.09.15 23:00:00;DECISION;setup SHORT score=0.75 entry=1.18 inv=1.18 tgt=0.00 AWAIT-RETEST [CHoCH short lvl=1.18|RelVol=1.44|Retest@1.18|VPnode d=0.00|CycleTurn w=-0.46<-0.66]
2025.09.15 23:15:02;VETO;authorization denied: outside session window (server hour 23, window 12-20)
2025.09.15 23:30:00;VETO;authorization denied: outside session window (server hour 23, window 12-20)
2025.09.15 23:45:00;VETO;authorization denied: outside session window (server hour 23, window 12-20)
2025.09.16 00:01:28;VETO;authorization denied: outside session window (server hour 00, window 12-20)
2025.09.16 03:45:00;VETO;signal rejected: volume: relVol 0.75 < 1.00
2025.09.16 05:00:03;VETO;signal rejected: volume: relVol 0.93 < 1.00
2025.09.16 10:00:00;DECISION;setup LONG score=0.65 entry=1.18 inv=1.18 tgt=0.00 [BOS long lvl=1.18|RelVol=1.17|VPnode d=0.00|VWAPside]
2025.09.16 10:00:00;VETO;authorization denied: outside session window (server hour 10, window 12-20)
2025.09.16 10:15:00;VETO;authorization denied: outside session window (server hour 10, window 12-20)
2025.09.16 10:30:00;VETO;authorization denied: outside session window (server hour 10, window 12-20)
2025.09.16 10:45:00;VETO;authorization denied: outside session window (server hour 10, window 12-20)
2025.09.16 15:30:00;VETO;signal rejected: score 0.40 < 0.55 [CHoCH short lvl=1.18|RelVol=1.02|Retest@1.18|VPnear]
2025.09.16 15:45:00;VETO;outlier bar masked, z=4.5
2025.09.16 16:30:00;VETO;outlier bar masked, z=3.6
2025.09.16 17:00:00;DECISION;setup LONG score=0.85 entry=1.18 inv=1.18 tgt=0.00 AWAIT-RETEST [CHoCH long lvl=1.18|RelVol=1.10|Retest@1.18|VPnode d=0.00|VWAPside|CycleTurn w=0.07<--0.74]
2025.09.16 17:00:00;DECISION;TP capped 0.00692 -> 0.00519 (3.0xATR)
2025.09.16 17:00:00;ERROR;limit BUY 0.24 @ 1.18 sl=1.18 tp=1.19 rc=10015 [WT|CHOCH|0.85|RL]
2025.09.16 17:15:00;VETO;outlier bar masked, z=4.0
2025.09.16 19:15:00;VETO;signal rejected: score 0.50 < 0.55 [BOS long lvl=1.19|RelVol=1.11|VWAPside|ADX=40]
2025.09.17 02:15:18;VETO;signal rejected: volume: relVol 0.68 < 1.00
2025.09.17 08:15:00;VETO;signal rejected: volume: relVol 0.96 < 1.00
2025.09.17 10:15:00;DECISION;setup SHORT score=0.85 entry=1.18 inv=1.19 tgt=0.00 AWAIT-RETEST [CHoCH short lvl=1.19|RelVol=1.14|Retest@1.18|VPnode d=0.00|VWAPside|CycleTurn w=-0.75<-0.09]
2025.09.17 12:00:00;DECISION;TP capped 0.00230 -> 0.00180 (3.0xATR)
2025.09.17 12:00:00;ORDER;filled SELL 0.66 lots sl=1.19 tp=1.18 [WT|CHOCH|0.85]
2025.09.17 12:00:00;RISK;sizing: vol_ratio=0.86 scalar=1.00 gap_buf=0.00030 eff_stop=0.00145
2025.09.17 12:00:00;ORDER;entry fill deal #52 SELL 0.66 @ 1.18485
2025.09.17 13:12:57;MANAGE;#53 SL 1.19 -> 1.18 breakeven
2025.09.17 13:12:57;MANAGE;#53 partial close 0.33 of 0.66 lots
2025.09.17 13:12:57;RISK;deal closed pnl=39.27 streak=0 lock=0
2025.09.17 13:13:02;MANAGE;#53 SL 1.18 -> 1.18 trail
2025.09.17 13:13:03;MANAGE;#53 SL 1.18 -> 1.18 trail
2025.09.17 13:13:25;MANAGE;#53 SL 1.18 -> 1.18 trail
2025.09.17 13:15:00;DECISION;setup SHORT score=0.70 entry=1.18 inv=1.19 tgt=0.00 [BOS short lvl=1.18|RelVol=1.10|VPnear|VWAPside|CycleTurn w=0.91<-1.00]
2025.09.17 13:15:00;DECISION;TP capped 0.00322 -> 0.00242 (3.0xATR)
2025.09.17 13:15:00;VETO;risk veto: max positions
2025.09.17 14:46:37;RISK;deal closed pnl=10.89 streak=0 lock=0
2025.09.17 16:15:00;VETO;signal rejected: volume: relVol 0.67 < 1.00
2025.09.17 21:15:00;VETO;outlier bar masked, z=34.5
2025.09.17 21:30:00;VETO;outlier bar masked, z=7.8
2025.09.17 21:45:00;VETO;outlier bar masked, z=25.4
2025.09.17 22:00:00;VETO;outlier bar masked, z=17.1
2025.09.17 22:15:00;VETO;outlier bar masked, z=11.2
2025.09.17 22:30:00;VETO;outlier bar masked, z=7.1
2025.09.17 22:45:00;VETO;outlier bar masked, z=6.6
2025.09.17 23:00:00;VETO;outlier bar masked, z=3.6
2025.09.17 23:30:00;VETO;outlier bar masked, z=4.3
2025.09.18 04:45:01;DECISION;setup SHORT score=0.85 entry=1.18 inv=1.18 tgt=0.00 [BOS short lvl=1.18|RelVol=1.58|VPnode d=0.00|VWAPside|CycleTurn w=0.91<-0.98]
2025.09.18 04:45:01;VETO;authorization denied: outside session window (server hour 04, window 12-20)
2025.09.18 05:00:00;VETO;authorization denied: outside session window (server hour 05, window 12-20)
2025.09.18 05:15:00;VETO;authorization denied: outside session window (server hour 05, window 12-20)
2025.09.18 05:30:00;VETO;authorization denied: outside session window (server hour 05, window 12-20)
2025.09.18 07:45:00;DECISION;setup SHORT score=0.80 entry=1.18 inv=1.18 tgt=0.00 AWAIT-RETEST [BOS short lvl=1.18|RelVol=1.74|Retest@1.18|VPnear|VWAPside|CycleTurn w=-0.55<-0.53|ADX=31]
2025.09.18 10:15:00;VETO;outlier bar masked, z=6.3
2025.09.18 10:30:00;DECISION;setup LONG score=0.85 entry=1.18 inv=1.18 tgt=0.00 AWAIT-RETEST [CHoCH long lvl=1.18|RelVol=1.17|Retest@1.18|VPnode d=0.00|VWAPside|CycleTurn w=0.57<--0.45]
2025.09.18 10:45:00;VETO;authorization denied: outside session window (server hour 10, window 12-20)
2025.09.18 11:00:00;VETO;authorization denied: outside session window (server hour 11, window 12-20)
2025.09.18 11:15:00;VETO;authorization denied: outside session window (server hour 11, window 12-20)
2025.09.18 11:30:01;VETO;authorization denied: outside session window (server hour 11, window 12-20)
2025.09.18 12:15:00;DECISION;setup LONG score=0.65 entry=1.18 inv=1.18 tgt=0.00 [BOS long lvl=1.18|RelVol=1.33|VPnode d=0.00|VWAPside]
2025.09.18 12:15:00;DECISION;TP capped 0.00354 -> 0.00295 (3.0xATR)
2025.09.18 12:15:00;ORDER;filled BUY 0.42 lots sl=1.18 tp=1.19 [WT|BOS|0.65]
2025.09.18 12:15:00;RISK;sizing: vol_ratio=1.20 scalar=1.00 gap_buf=0.00054 eff_stop=0.00231
2025.09.18 12:15:00;ORDER;entry fill deal #55 BUY 0.42 @ 1.18384
2025.09.18 14:48:18;RISK;deal closed pnl=-74.76 streak=1 lock=0
2025.09.18 15:15:00;DECISION;setup SHORT score=0.65 entry=1.18 inv=1.18 tgt=0.00 AWAIT-RETEST [CHoCH short lvl=1.18|RelVol=1.28|Retest@1.18|VPnode d=0.00|VWAPside]
2025.09.18 15:15:00;DECISION;TP capped 0.00438 -> 0.00329 (3.0xATR)
2025.09.18 15:15:00;ORDER;limit SELL 0.36 @ 1.18 sl=1.18 tp=1.18 rc=10009 [WT|CHOCH|0.65|RL]
2025.09.18 15:15:00;RISK;sizing: vol_ratio=0.96 scalar=1.00 gap_buf=0.00044 eff_stop=0.00263
2025.09.18 15:15:02;ORDER;entry fill deal #57 SELL 0.36 @ 1.18185
2025.09.18 15:45:00;VETO;outlier bar masked, z=3.9
2025.09.18 15:58:22;MANAGE;#58 SL 1.18 -> 1.18 breakeven
2025.09.18 15:58:22;MANAGE;#58 partial close 0.18 of 0.36 lots
2025.09.18 15:58:22;RISK;deal closed pnl=39.60 streak=0 lock=0
2025.09.18 15:58:23;MANAGE;#58 SL 1.18 -> 1.18 trail
2025.09.18 15:59:47;MANAGE;#58 SL 1.18 -> 1.18 trail
2025.09.18 16:00:16;MANAGE;#58 SL 1.18 -> 1.18 trail
2025.09.18 16:01:42;MANAGE;#58 SL 1.18 -> 1.18 trail
2025.09.18 16:04:30;MANAGE;#58 SL 1.18 -> 1.18 trail
2025.09.18 16:05:27;MANAGE;#58 SL 1.18 -> 1.18 trail
2025.09.18 16:05:39;MANAGE;#58 SL 1.18 -> 1.18 trail
2025.09.18 16:06:02;MANAGE;#58 SL 1.18 -> 1.18 trail
2025.09.18 16:06:22;MANAGE;#58 SL 1.18 -> 1.18 trail
2025.09.18 16:06:48;RISK;deal closed pnl=59.22 streak=0 lock=0
2025.09.18 16:45:00;VETO;outlier bar masked, z=8.8
2025.09.18 20:15:00;VETO;signal rejected: score 0.40 < 0.55 [CHoCH long lvl=1.18|RelVol=1.15|Retest@1.18|VPnear]
2025.09.19 02:45:11;VETO;signal rejected: volume: relVol 0.68 < 1.00
2025.09.19 03:15:00;DECISION;setup SHORT score=0.85 entry=1.18 inv=1.18 tgt=0.00 AWAIT-RETEST [CHoCH short lvl=1.18|RelVol=1.03|Retest@1.18|VPnode d=0.00|VWAPside|CycleTurn w=0.97<-0.99]
2025.09.19 04:00:00;VETO;authorization denied: outside session window (server hour 04, window 12-20)
2025.09.19 04:15:00;VETO;authorization denied: outside session window (server hour 04, window 12-20)
2025.09.19 04:30:00;VETO;authorization denied: outside session window (server hour 04, window 12-20)
2025.09.19 04:45:00;VETO;authorization denied: outside session window (server hour 04, window 12-20)
2025.09.19 05:15:02;VETO;signal rejected: volume: relVol 0.84 < 1.00
2025.09.19 06:30:00;DECISION;setup LONG score=0.85 entry=1.18 inv=1.18 tgt=0.00 AWAIT-RETEST [CHoCH long lvl=1.18|RelVol=1.45|Retest@1.18|VPnode d=0.00|VWAPside|CycleTurn w=0.40<--0.66]
2025.09.19 06:45:01;VETO;authorization denied: outside session window (server hour 06, window 12-20)
2025.09.19 07:00:00;VETO;authorization denied: outside session window (server hour 07, window 12-20)
2025.09.19 07:15:01;VETO;authorization denied: outside session window (server hour 07, window 12-20)
2025.09.19 07:30:01;VETO;authorization denied: outside session window (server hour 07, window 12-20)
2025.09.19 10:00:00;DECISION;setup SHORT score=0.65 entry=1.18 inv=1.18 tgt=0.00 AWAIT-RETEST [CHoCH short lvl=1.18|RelVol=1.45|Retest@1.18|StopFloored|VPnode d=0.00|VWAPside]
2025.09.19 10:15:00;VETO;authorization denied: outside session window (server hour 10, window 12-20)
2025.09.19 10:30:00;VETO;authorization denied: outside session window (server hour 10, window 12-20)
2025.09.19 10:45:00;VETO;authorization denied: outside session window (server hour 10, window 12-20)
2025.09.19 11:00:00;VETO;authorization denied: outside session window (server hour 11, window 12-20)
2025.09.19 11:30:01;VETO;signal rejected: volume: relVol 0.89 < 1.00
2025.09.19 14:15:00;DECISION;setup SHORT score=0.85 entry=1.18 inv=1.18 tgt=0.00 [BOS short lvl=1.18|RelVol=1.16|VPnode d=0.00|VWAPside|CycleTurn w=0.99<-0.99]
2025.09.19 14:15:00;DECISION;TP capped 0.00294 -> 0.00241 (3.0xATR)
2025.09.19 14:15:00;ORDER;filled SELL 0.52 lots sl=1.18 tp=1.17 [WT|BOS|0.85]
2025.09.19 14:15:00;RISK;sizing: vol_ratio=1.01 scalar=1.00 gap_buf=0.00040 eff_stop=0.00187
2025.09.19 14:15:00;ORDER;entry fill deal #60 SELL 0.52 @ 1.17544
2025.09.19 14:56:07;MANAGE;#61 SL 1.18 -> 1.18 breakeven
2025.09.19 14:56:07;MANAGE;#61 partial close 0.26 of 0.52 lots
2025.09.19 14:56:07;RISK;deal closed pnl=38.22 streak=0 lock=0
2025.09.19 14:56:18;MANAGE;#61 SL 1.18 -> 1.18 trail
2025.09.19 14:57:16;MANAGE;#61 SL 1.18 -> 1.18 trail
2025.09.19 14:57:26;MANAGE;#61 SL 1.18 -> 1.18 trail
2025.09.19 14:58:40;MANAGE;#61 SL 1.18 -> 1.17 trail
2025.09.19 15:22:10;MANAGE;#61 SL 1.17 -> 1.17 trail
2025.09.19 15:25:23;MANAGE;#61 SL 1.17 -> 1.17 trail
2025.09.19 15:25:23;MANAGE;#61 SL 1.17 -> 1.17 trail
2025.09.19 15:25:36;MANAGE;#61 SL 1.17 -> 1.17 trail
2025.09.19 15:25:37;RISK;deal closed pnl=63.18 streak=0 lock=0
2025.09.22 03:45:05;VETO;signal rejected: volume: relVol 0.62 < 1.00
2025.09.22 07:30:01;VETO;signal rejected: volume: relVol 0.84 < 1.00
2025.09.22 09:00:00;VETO;signal rejected: volume: relVol 0.90 < 1.00
2025.09.22 11:15:01;VETO;outlier bar masked, z=3.6
2025.09.22 17:15:00;VETO;signal rejected: volume: relVol 0.61 < 1.00
2025.09.22 19:30:00;DECISION;setup LONG score=0.85 entry=1.18 inv=1.18 tgt=0.00 AWAIT-RETEST [CHoCH long lvl=1.18|RelVol=1.20|Retest@1.18|VPnode d=0.00|VWAPside|CycleTurn w=-0.77<--0.95]
2025.09.22 19:30:00;DECISION;TP capped 0.00554 -> 0.00415 (3.0xATR)
2025.09.22 19:30:00;ERROR;limit BUY 0.25 @ 1.18 sl=1.18 tp=1.18 rc=10015 [WT|CHOCH|0.85|RL]
2025.09.22 19:45:00;DECISION;TP capped 0.00530 -> 0.00398 (3.0xATR)
2025.09.22 19:45:00;ORDER;filled BUY 0.26 lots sl=1.18 tp=1.18 [WT|CHOCH|0.85]
2025.09.22 19:45:00;RISK;sizing: vol_ratio=1.26 scalar=1.00 gap_buf=0.00105 eff_stop=0.00370
2025.09.22 19:45:00;ORDER;entry fill deal #63 BUY 0.26 @ 1.17890
2025.09.22 20:45:02;DECISION;setup LONG score=0.75 entry=1.18 inv=1.18 tgt=0.00 [BOS long lvl=1.18|RelVol=1.13|VPnode d=0.00|VWAPside|ADX=31]
2025.09.22 20:45:02;VETO;authorization denied: outside session window (server hour 20, window 12-20)
2025.09.22 21:00:00;VETO;authorization denied: outside session window (server hour 21, window 12-20)
2025.09.22 21:15:00;VETO;authorization denied: outside session window (server hour 21, window 12-20)
2025.09.22 21:30:05;VETO;authorization denied: outside session window (server hour 21, window 12-20)
2025.09.23 00:15:01;VETO;outlier bar masked, z=8.4
2025.09.23 03:45:01;VETO;signal rejected: volume: relVol 0.81 < 1.00
2025.09.23 04:41:12;MANAGE;#64 SL 1.18 -> 1.18 breakeven
2025.09.23 04:41:12;MANAGE;#64 partial close 0.13 of 0.26 lots
2025.09.23 04:41:12;RISK;deal closed pnl=34.49 streak=0 lock=0
2025.09.23 04:41:12;MANAGE;#64 SL 1.18 -> 1.18 trail
2025.09.23 04:41:39;MANAGE;#64 SL 1.18 -> 1.18 trail
2025.09.23 04:50:17;MANAGE;#64 SL 1.18 -> 1.18 trail
2025.09.23 05:07:33;RISK;deal closed pnl=30.33 streak=0 lock=0
2025.09.23 09:15:00;VETO;signal rejected: volume: relVol 0.96 < 1.00
2025.09.23 12:15:00;VETO;signal rejected: volume: relVol 0.75 < 1.00
2025.09.23 15:30:00;VETO;signal rejected: volume: relVol 0.83 < 1.00
2025.09.23 17:00:00;VETO;outlier bar masked, z=4.0
2025.09.23 19:45:00;VETO;outlier bar masked, z=4.2
2025.09.23 20:15:00;DECISION;setup LONG score=0.65 entry=1.18 inv=1.18 tgt=0.00 AWAIT-RETEST [CHoCH long lvl=1.18|RelVol=1.28|Retest@1.18|VPnode d=0.00|VWAPside]
2025.09.23 20:30:00;VETO;authorization denied: outside session window (server hour 20, window 12-20)
2025.09.23 20:45:00;VETO;authorization denied: outside session window (server hour 20, window 12-20)
2025.09.23 21:00:00;VETO;authorization denied: outside session window (server hour 21, window 12-20)
2025.09.23 21:15:00;VETO;authorization denied: outside session window (server hour 21, window 12-20)
2025.09.24 03:30:00;VETO;signal rejected: score 0.50 < 0.55 [CHoCH short lvl=1.18|RelVol=1.19|Retest@1.18|VPnear|VWAPside]
2025.09.24 06:00:02;DECISION;setup SHORT score=0.75 entry=1.18 inv=1.18 tgt=0.00 [BOS short lvl=1.18|RelVol=1.09|VPnode d=0.00|VWAPside|ADX=36]
2025.09.24 06:00:02;VETO;authorization denied: outside session window (server hour 06, window 12-20)
2025.09.24 06:15:00;VETO;authorization denied: outside session window (server hour 06, window 12-20)
2025.09.24 06:30:00;VETO;authorization denied: outside session window (server hour 06, window 12-20)
2025.09.24 06:45:02;VETO;authorization denied: outside session window (server hour 06, window 12-20)
2025.09.24 09:30:00;DECISION;setup SHORT score=0.85 entry=1.18 inv=1.18 tgt=0.00 [BOS short lvl=1.18|RelVol=1.13|VPnode d=0.00|VWAPside|CycleTurn w=-0.07<-0.78]
2025.09.24 09:30:00;VETO;authorization denied: outside session window (server hour 09, window 12-20)
2025.09.24 09:45:02;VETO;authorization denied: outside session window (server hour 09, window 12-20)
2025.09.24 10:00:00;VETO;authorization denied: outside session window (server hour 10, window 12-20)
2025.09.24 10:15:00;VETO;authorization denied: outside session window (server hour 10, window 12-20)
2025.09.24 11:15:00;DECISION;setup SHORT score=0.65 entry=1.18 inv=1.18 tgt=0.00 AWAIT-RETEST [BOS short lvl=1.18|RelVol=1.33|Retest@1.18|VPnode d=0.00|VWAPside]
2025.09.24 15:45:00;VETO;signal rejected: volume: relVol 0.59 < 1.00
2025.09.25 01:15:00;VETO;signal rejected: volume: relVol 0.69 < 1.00
2025.09.25 04:00:00;VETO;signal rejected: volume: relVol 0.98 < 1.00
2025.09.25 05:45:00;VETO;signal rejected: volume: relVol 0.85 < 1.00
2025.09.25 11:00:00;DECISION;setup SHORT score=0.65 entry=1.17 inv=1.18 tgt=0.00 AWAIT-RETEST [CHoCH short lvl=1.17|RelVol=1.31|Retest@1.17|VPnode d=0.00|VWAPside]
2025.09.25 11:15:00;VETO;authorization denied: outside session window (server hour 11, window 12-20)
2025.09.25 11:30:02;VETO;authorization denied: outside session window (server hour 11, window 12-20)
2025.09.25 11:45:00;VETO;authorization denied: outside session window (server hour 11, window 12-20)
2025.09.25 12:00:00;ORDER;filled SELL 0.74 lots sl=1.18 tp=1.17 [WT|CHOCH|0.65]
2025.09.25 12:00:00;RISK;sizing: vol_ratio=1.23 scalar=1.00 gap_buf=0.00035 eff_stop=0.00133
2025.09.25 12:00:00;ORDER;entry fill deal #66 SELL 0.74 @ 1.17428
2025.09.25 13:17:32;RISK;deal closed pnl=-72.52 streak=1 lock=0
2025.09.25 15:45:00;VETO;outlier bar masked, z=10.9
2025.09.25 16:00:00;VETO;outlier bar masked, z=4.1
2025.09.25 17:00:00;VETO;signal rejected: score 0.50 < 0.55 [BOS short lvl=1.17|RelVol=1.22|VWAPside|ADX=32]
2025.09.25 20:30:00;VETO;outlier bar masked, z=4.3
2025.09.25 23:30:00;VETO;signal rejected: score 0.30 < 0.55 [CHoCH long lvl=1.17|RelVol=1.09|Retest@1.17]
2025.09.26 04:00:01;VETO;signal rejected: volume: relVol 0.88 < 1.00
2025.09.26 08:00:00;VETO;signal rejected: volume: relVol 0.97 < 1.00
2025.09.26 11:45:00;DECISION;setup LONG score=0.85 entry=1.17 inv=1.17 tgt=0.00 [BOS long lvl=1.17|RelVol=1.14|VPnode d=0.00|VWAPside|CycleTurn w=-0.84<--0.98]
2025.09.26 11:45:00;VETO;authorization denied: outside session window (server hour 11, window 12-20)
2025.09.26 12:00:00;DECISION;TP capped 0.00250 -> 0.00195 (3.0xATR)
2025.09.26 12:00:00;ORDER;filled BUY 0.62 lots sl=1.17 tp=1.17 [WT|BOS|0.85]
2025.09.26 12:00:00;RISK;sizing: vol_ratio=0.92 scalar=1.00 gap_buf=0.00033 eff_stop=0.00158
2025.09.26 12:00:00;ORDER;entry fill deal #68 BUY 0.62 @ 1.16808
2025.09.26 13:30:00;VETO;signal rejected: volume: relVol 0.84 < 1.00
2025.09.26 13:44:11;RISK;deal closed pnl=-77.50 streak=1 lock=0
2025.09.26 16:15:00;DECISION;setup LONG score=0.65 entry=1.17 inv=1.17 tgt=0.00 AWAIT-RETEST [CHoCH long lvl=1.17|RelVol=1.08|Retest@1.17|VPnode d=0.00|VWAPside]
2025.09.26 16:15:00;DECISION;TP capped 0.00492 -> 0.00369 (3.0xATR)
2025.09.26 16:15:00;ORDER;limit BUY 0.34 @ 1.17 sl=1.17 tp=1.17 rc=10009 [WT|CHOCH|0.65|RL]
2025.09.26 16:15:00;RISK;sizing: vol_ratio=1.11 scalar=1.00 gap_buf=0.00040 eff_stop=0.00285
2025.09.26 16:19:36;ORDER;entry fill deal #70 BUY 0.34 @ 1.16861
2025.09.26 17:45:00;VETO;signal rejected: volume: relVol 0.96 < 1.00
2025.09.26 22:00:01;VETO;signal rejected: volume: relVol 0.86 < 1.00
2025.09.26 22:00:01;RISK;FLATTEN ALL: Friday flatten: weekend gap protection
2025.09.26 22:00:01;RISK;deal closed pnl=61.20 streak=0 lock=0
2025.09.29 02:30:00;DECISION;setup LONG score=0.85 entry=1.17 inv=1.17 tgt=0.00 [BOS long lvl=1.17|RelVol=1.00|VPnode d=0.00|VWAPside|CycleTurn w=-0.71<--0.96]
2025.09.29 02:30:00;VETO;authorization denied: outside session window (server hour 02, window 12-20)
2025.09.29 02:45:01;VETO;authorization denied: outside session window (server hour 02, window 12-20)
2025.09.29 03:00:00;VETO;authorization denied: outside session window (server hour 03, window 12-20)
2025.09.29 03:15:00;VETO;authorization denied: outside session window (server hour 03, window 12-20)
2025.09.29 08:15:00;DECISION;setup LONG score=0.75 entry=1.17 inv=1.17 tgt=0.00 [BOS long lvl=1.17|RelVol=1.19|VPnode d=0.00|VWAPside|ADX=40]
2025.09.29 08:15:00;VETO;authorization denied: outside session window (server hour 08, window 12-20)
2025.09.29 08:30:00;VETO;authorization denied: outside session window (server hour 08, window 12-20)
2025.09.29 08:45:01;VETO;authorization denied: outside session window (server hour 08, window 12-20)
2025.09.29 09:00:00;VETO;authorization denied: outside session window (server hour 09, window 12-20)
2025.09.29 10:00:00;VETO;signal rejected: volume: relVol 0.73 < 1.00
2025.09.29 11:30:00;VETO;outlier bar masked, z=5.5
2025.09.29 14:15:00;VETO;signal rejected: volume: relVol 0.75 < 1.00
2025.09.29 15:00:00;VETO;outlier bar masked, z=4.7
2025.09.29 15:45:00;VETO;outlier bar masked, z=5.1
2025.09.29 21:00:00;VETO;signal rejected: volume: relVol 0.80 < 1.00
2025.09.30 08:00:00;DECISION;setup LONG score=0.65 entry=1.17 inv=1.17 tgt=0.00 AWAIT-RETEST [CHoCH long lvl=1.17|RelVol=1.28|Retest@1.17|VPnode d=0.00|VWAPside]
2025.09.30 08:15:00;VETO;authorization denied: outside session window (server hour 08, window 12-20)
2025.09.30 08:30:00;VETO;authorization denied: outside session window (server hour 08, window 12-20)
2025.09.30 08:45:00;VETO;authorization denied: outside session window (server hour 08, window 12-20)
2025.09.30 09:00:00;VETO;authorization denied: outside session window (server hour 09, window 12-20)
2025.09.30 15:45:00;VETO;signal rejected: volume: relVol 0.51 < 1.00
2025.09.30 16:15:00;VETO;outlier bar masked, z=5.8
2025.09.30 17:15:00;VETO;outlier bar masked, z=8.2
2025.09.30 17:45:00;VETO;signal rejected: volume: relVol 0.94 < 1.00
2025.09.30 18:15:00;VETO;outlier bar masked, z=4.6
2025.09.30 20:00:00;DECISION;setup LONG score=0.85 entry=1.18 inv=1.17 tgt=0.00 [BOS long lvl=1.18|RelVol=1.34|VPnode d=0.00|VWAPside|CycleTurn w=0.39<--0.65]
2025.09.30 20:00:00;VETO;authorization denied: outside session window (server hour 20, window 12-20)
2025.09.30 20:15:02;VETO;authorization denied: outside session window (server hour 20, window 12-20)
2025.09.30 20:30:01;VETO;authorization denied: outside session window (server hour 20, window 12-20)
2025.09.30 20:45:01;VETO;authorization denied: outside session window (server hour 20, window 12-20)
2025.09.30 23:15:00;VETO;signal rejected: score 0.50 < 0.55 [CHoCH short lvl=1.17|RelVol=1.33|Retest@1.17|VPnear|VWAPside]
2025.10.01 02:15:03;DECISION;setup LONG score=0.70 entry=1.17 inv=1.17 tgt=0.00 AWAIT-RETEST [CHoCH long lvl=1.17|RelVol=1.67|Retest@1.17|VPnear|VWAPside|CycleTurn w=-0.08<--0.97]
2025.10.01 02:30:00;VETO;authorization denied: outside session window (server hour 02, window 12-20)
2025.10.01 02:45:01;VETO;authorization denied: outside session window (server hour 02, window 12-20)
2025.10.01 03:00:00;VETO;authorization denied: outside session window (server hour 03, window 12-20)
2025.10.01 03:15:00;DECISION;setup SHORT score=0.85 entry=1.17 inv=1.17 tgt=0.00 AWAIT-RETEST [CHoCH short lvl=1.17|RelVol=1.07|Retest@1.17|VPnode d=0.00|VWAPside|CycleTurn w=0.93<-0.99]
2025.10.01 03:30:00;VETO;authorization denied: outside session window (server hour 03, window 12-20)
2025.10.01 03:45:00;VETO;authorization denied: outside session window (server hour 03, window 12-20)
2025.10.01 04:00:00;VETO;authorization denied: outside session window (server hour 04, window 12-20)
2025.10.01 04:15:00;VETO;authorization denied: outside session window (server hour 04, window 12-20)
2025.10.01 07:15:02;VETO;signal rejected: volume: relVol 0.93 < 1.00
2025.10.01 09:45:00;VETO;outlier bar masked, z=4.8
2025.10.01 10:30:00;VETO;outlier bar masked, z=7.1
2025.10.01 10:45:01;VETO;outlier bar masked, z=3.9
2025.10.01 13:00:00;DECISION;setup SHORT score=0.65 entry=1.17 inv=1.18 tgt=0.00 AWAIT-RETEST [BOS short lvl=1.17|RelVol=1.38|Retest@1.17|VPnode d=0.00|VWAPside]
2025.10.01 13:00:00;DECISION;TP capped 0.00526 -> 0.00394 (3.0xATR)
2025.10.01 13:00:00;ORDER;limit SELL 0.30 @ 1.17 sl=1.18 tp=1.17 rc=10009 [WT|BOS|0.65|RL]
2025.10.01 13:00:00;RISK;sizing: vol_ratio=1.64 scalar=1.00 gap_buf=0.00061 eff_stop=0.00323
2025.10.01 14:46:28;ORDER;entry fill deal #72 SELL 0.30 @ 1.17398
2025.10.01 15:18:17;RISK;deal closed pnl=-79.50 streak=1 lock=0
2025.10.01 15:30:00;VETO;outlier bar masked, z=12.0
2025.10.01 15:45:00;VETO;outlier bar masked, z=4.0
2025.10.01 17:15:00;VETO;outlier bar masked, z=4.1
2025.10.01 18:00:00;VETO;outlier bar masked, z=4.8
2025.10.01 19:15:00;VETO;signal rejected: score 0.50 < 0.55 [BOS short lvl=1.17|RelVol=1.49|VPnear|VWAPside]
2025.10.02 05:00:00;VETO;signal rejected: volume: relVol 0.70 < 1.00
2025.10.02 09:15:00;VETO;signal rejected: volume: relVol 0.83 < 1.00
2025.10.02 10:15:01;VETO;signal rejected: score 0.50 < 0.55 [BOS long lvl=1.17|RelVol=1.17|Retest@1.17|VPnear|VWAPside]
2025.10.02 15:45:00;VETO;signal rejected: volume: relVol 0.47 < 1.00
2025.10.02 16:45:00;VETO;outlier bar masked, z=4.5
2025.10.02 22:00:01;VETO;signal rejected: volume: relVol 0.62 < 1.00
2025.10.03 02:30:01;VETO;signal rejected: volume: relVol 0.91 < 1.00
2025.10.03 08:00:01;VETO;signal rejected: volume: relVol 0.94 < 1.00
2025.10.03 10:45:00;VETO;signal rejected: volume: relVol 0.77 < 1.00
2025.10.03 14:45:01;VETO;signal rejected: volume: relVol 0.97 < 1.00
2025.10.03 17:15:00;VETO;outlier bar masked, z=6.4
2025.10.03 21:00:00;DECISION;setup SHORT score=0.55 entry=1.17 inv=1.17 tgt=0.00 AWAIT-RETEST [CHoCH short lvl=1.17|RelVol=1.14|Retest@1.17|VPnode d=0.00]
2025.10.03 21:45:03;VETO;authorization denied: outside session window (server hour 21, window 12-20)
2025.10.03 22:00:00;VETO;authorization denied: outside session window (server hour 22, window 12-20)
2025.10.03 22:15:00;VETO;authorization denied: outside session window (server hour 22, window 12-20)
2025.10.03 22:30:01;VETO;authorization denied: outside session window (server hour 22, window 12-20)
2025.10.06 00:15:00;VETO;outlier bar masked, z=9.7
2025.10.06 01:15:00;VETO;outlier bar masked, z=3.8
2025.10.06 02:15:00;DECISION;setup SHORT score=0.75 entry=1.17 inv=1.17 tgt=0.00 [BOS short lvl=1.17|RelVol=3.55|VPnode d=0.00|VWAPside|ADX=37]
2025.10.06 02:15:00;VETO;authorization denied: outside session window (server hour 02, window 12-20)
2025.10.06 02:30:00;VETO;authorization denied: outside session window (server hour 02, window 12-20)
2025.10.06 02:45:00;VETO;authorization denied: outside session window (server hour 02, window 12-20)
2025.10.06 03:00:00;VETO;authorization denied: outside session window (server hour 03, window 12-20)
2025.10.06 05:00:01;DECISION;setup LONG score=0.65 entry=1.17 inv=1.17 tgt=0.00 AWAIT-RETEST [CHoCH long lvl=1.17|RelVol=1.15|Retest@1.17|VPnode d=0.00|VWAPside]
2025.10.06 09:15:00;VETO;outlier bar masked, z=3.7
2025.10.06 10:45:00;VETO;outlier bar masked, z=12.7
2025.10.06 15:45:00;VETO;signal rejected: volume: relVol 0.58 < 1.00
2025.10.06 22:45:01;VETO;signal rejected: volume: relVol 0.54 < 1.00
2025.10.07 03:15:01;VETO;signal rejected: volume: relVol 0.87 < 1.00
2025.10.07 07:45:00;VETO;signal rejected: volume: relVol 0.80 < 1.00
2025.10.07 10:15:01;DECISION;setup SHORT score=0.60 entry=1.17 inv=1.17 tgt=0.00 [BOS short lvl=1.17|RelVol=1.21|VPnear|VWAPside|ADX=37]
2025.10.07 10:15:01;VETO;authorization denied: outside session window (server hour 10, window 12-20)
2025.10.07 10:30:01;VETO;authorization denied: outside session window (server hour 10, window 12-20)
2025.10.07 10:45:00;VETO;authorization denied: outside session window (server hour 10, window 12-20)
2025.10.07 11:00:00;VETO;authorization denied: outside session window (server hour 11, window 12-20)
2025.10.07 12:00:00;VETO;signal rejected: volume: relVol 0.93 < 1.00
2025.10.07 14:30:00;VETO;signal rejected: score 0.50 < 0.55 [BOS short lvl=1.17|RelVol=1.43|VWAPside|ADX=34]
2025.10.07 18:15:00;VETO;signal rejected: score 0.40 < 0.55 [CHoCH long lvl=1.17|RelVol=1.05|Retest@1.17|VPnear]
2025.10.07 21:00:00;VETO;signal rejected: volume: relVol 0.96 < 1.00
2025.10.08 03:15:01;DECISION;setup SHORT score=0.60 entry=1.16 inv=1.17 tgt=0.00 [BOS short lvl=1.16|RelVol=1.24|VWAPside|CycleTurn w=0.58<-0.93]
2025.10.08 03:15:01;VETO;authorization denied: outside session window (server hour 03, window 12-20)
2025.10.08 03:30:01;VETO;authorization denied: outside session window (server hour 03, window 12-20)
2025.10.08 03:45:00;VETO;authorization denied: outside session window (server hour 03, window 12-20)
2025.10.08 04:00:00;VETO;authorization denied: outside session window (server hour 04, window 12-20)
2025.10.08 04:30:00;VETO;outlier bar masked, z=4.8
2025.10.08 07:45:00;DECISION;setup SHORT score=0.75 entry=1.16 inv=1.16 tgt=0.00 [BOS short lvl=1.16|RelVol=1.04|VPnode d=0.00|VWAPside|ADX=47]
2025.10.08 07:45:00;VETO;authorization denied: outside session window (server hour 07, window 12-20)
2025.10.08 08:00:00;VETO;authorization denied: outside session window (server hour 08, window 12-20)
2025.10.08 08:15:00;VETO;authorization denied: outside session window (server hour 08, window 12-20)
2025.10.08 08:30:00;VETO;authorization denied: outside session window (server hour 08, window 12-20)
2025.10.08 09:30:00;DECISION;setup SHORT score=0.75 entry=1.16 inv=1.16 tgt=0.00 [BOS short lvl=1.16|RelVol=1.57|VPnode d=0.00|VWAPside|ADX=46]
2025.10.08 09:30:00;VETO;authorization denied: outside session window (server hour 09, window 12-20)
2025.10.08 09:45:01;VETO;authorization denied: outside session window (server hour 09, window 12-20)
2025.10.08 10:00:00;VETO;authorization denied: outside session window (server hour 10, window 12-20)
2025.10.08 10:15:00;VETO;authorization denied: outside session window (server hour 10, window 12-20)
2025.10.08 10:45:00;DECISION;setup LONG score=0.55 entry=1.16 inv=1.16 tgt=0.00 AWAIT-RETEST [CHoCH long lvl=1.16|RelVol=1.26|Retest@1.16|VPnode d=0.00]
2025.10.08 11:45:00;VETO;authorization denied: outside session window (server hour 11, window 12-20)
2025.10.08 12:00:00;ORDER;filled BUY 0.83 lots sl=1.16 tp=1.16 [WT|CHOCH|0.55]
2025.10.08 12:00:00;RISK;sizing: vol_ratio=1.28 scalar=1.00 gap_buf=0.00040 eff_stop=0.00117
2025.10.08 12:00:00;ORDER;entry fill deal #74 BUY 0.83 @ 1.16146
2025.10.08 12:56:05;RISK;deal closed pnl=-66.40 streak=1 lock=0
2025.10.08 16:15:01;VETO;signal rejected: volume: relVol 0.66 < 1.00
2025.10.08 18:00:00;VETO;signal rejected: volume: relVol 0.88 < 1.00
2025.10.08 21:30:00;VETO;outlier bar masked, z=3.9
2025.10.09 01:15:00;VETO;signal rejected: volume: relVol 0.83 < 1.00
2025.10.09 03:30:00;VETO;signal rejected: score 0.50 < 0.55 [BOS long lvl=1.16|RelVol=1.03|VPnear|VWAPside]
2025.10.09 05:45:00;VETO;signal rejected: volume: relVol 0.92 < 1.00
2025.10.09 09:00:00;VETO;signal rejected: volume: relVol 0.96 < 1.00
2025.10.09 15:15:00;DECISION;setup SHORT score=0.75 entry=1.16 inv=1.16 tgt=0.00 [BOS short lvl=1.16|RelVol=1.03|VPnode d=0.00|VWAPside|ADX=30]
2025.10.09 15:15:00;DECISION;TP capped 0.00372 -> 0.00279 (3.0xATR)
2025.10.09 15:15:00;ORDER;filled SELL 0.42 lots sl=1.16 tp=1.16 [WT|BOS|0.75]
2025.10.09 15:15:00;RISK;sizing: vol_ratio=1.30 scalar=1.00 gap_buf=0.00042 eff_stop=0.00228
2025.10.09 15:15:00;ORDER;entry fill deal #76 SELL 0.42 @ 1.16088
2025.10.09 16:45:00;VETO;outlier bar masked, z=5.6
2025.10.09 17:22:33;MANAGE;#77 SL 1.16 -> 1.16 breakeven
2025.10.09 17:22:33;MANAGE;#77 partial close 0.21 of 0.42 lots
2025.10.09 17:22:33;RISK;deal closed pnl=39.48 streak=0 lock=0
2025.10.09 17:22:36;MANAGE;#77 SL 1.16 -> 1.16 trail
2025.10.09 17:22:36;MANAGE;#77 SL 1.16 -> 1.16 trail
2025.10.09 17:22:40;MANAGE;#77 SL 1.16 -> 1.16 trail
2025.10.09 17:26:25;MANAGE;#77 SL 1.16 -> 1.16 trail
2025.10.09 17:26:32;MANAGE;#77 SL 1.16 -> 1.16 trail
2025.10.09 17:26:50;RISK;deal closed pnl=58.80 streak=0 lock=0
2025.10.09 17:30:00;VETO;outlier bar masked, z=5.2
2025.10.09 18:15:00;VETO;outlier bar masked, z=4.2
2025.10.09 18:30:00;VETO;outlier bar masked, z=4.2
2025.10.09 22:00:00;DECISION;setup SHORT score=0.60 entry=1.15 inv=1.16 tgt=0.00 [BOS short lvl=1.15|RelVol=1.35|VWAPside|CycleTurn w=0.99<-1.00]
2025.10.09 22:00:00;VETO;authorization denied: outside session window (server hour 22, window 12-20)
2025.10.09 22:15:00;VETO;authorization denied: outside session window (server hour 22, window 12-20)
2025.10.09 22:30:00;VETO;authorization denied: outside session window (server hour 22, window 12-20)
2025.10.09 22:45:00;VETO;authorization denied: outside session window (server hour 22, window 12-20)
2025.10.10 00:15:00;VETO;outlier bar masked, z=4.1
2025.10.10 04:00:00;VETO;signal rejected: volume: relVol 0.88 < 1.00
2025.10.10 05:30:00;VETO;signal rejected: volume: relVol 0.90 < 1.00
2025.10.10 07:00:00;VETO;signal rejected: volume: relVol 0.90 < 1.00
2025.10.10 08:30:00;VETO;signal rejected: volume: relVol 0.84 < 1.00
2025.10.10 11:15:02;DECISION;setup LONG score=0.85 entry=1.16 inv=1.16 tgt=0.00 AWAIT-RETEST [BOS long lvl=1.16|RelVol=1.03|Retest@1.16|VPnode d=0.00|VWAPside|CycleTurn w=0.59<--0.39]
2025.10.10 12:00:00;DECISION;TP capped 0.00364 -> 0.00273 (3.0xATR)
2025.10.10 12:00:00;ORDER;filled BUY 0.43 lots sl=1.16 tp=1.16 [WT|BOS|0.85]
2025.10.10 12:00:00;RISK;sizing: vol_ratio=1.10 scalar=1.00 gap_buf=0.00042 eff_stop=0.00224
2025.10.10 12:00:00;ORDER;entry fill deal #79 BUY 0.43 @ 1.15791
2025.10.10 14:30:00;VETO;signal rejected: volume: relVol 0.89 < 1.00
2025.10.10 14:59:40;RISK;deal closed pnl=-78.69 streak=1 lock=0
2025.10.10 18:00:00;DECISION;setup LONG score=0.85 entry=1.16 inv=1.16 tgt=0.00 AWAIT-RETEST [CHoCH long lvl=1.16|RelVol=1.08|Retest@1.16|VPnode d=0.00|VWAPside|CycleTurn w=0.38<--0.73]
2025.10.10 18:00:00;DECISION;TP capped 0.00328 -> 0.00261 (3.0xATR)
2025.10.10 18:00:00;ORDER;limit BUY 0.40 @ 1.16 sl=1.16 tp=1.16 rc=10009 [WT|CHOCH|0.85|RL]
2025.10.10 18:00:00;RISK;sizing: vol_ratio=1.21 scalar=1.00 gap_buf=0.00074 eff_stop=0.00238
2025.10.10 18:00:01;ORDER;entry fill deal #81 BUY 0.40 @ 1.15784
2025.10.10 18:04:01;MANAGE;#82 SL 1.16 -> 1.16 breakeven
2025.10.10 18:04:01;MANAGE;#82 partial close 0.20 of 0.40 lots
2025.10.10 18:04:01;RISK;deal closed pnl=32.60 streak=0 lock=0
2025.10.10 18:05:16;MANAGE;#82 SL 1.16 -> 1.16 trail
2025.10.10 18:05:34;MANAGE;#82 SL 1.16 -> 1.16 trail
2025.10.10 18:06:14;MANAGE;#82 SL 1.16 -> 1.16 trail
2025.10.10 18:06:40;MANAGE;#82 SL 1.16 -> 1.16 trail
2025.10.10 18:06:43;MANAGE;#82 SL 1.16 -> 1.16 trail
2025.10.10 18:06:49;MANAGE;#82 SL 1.16 -> 1.16 trail
2025.10.10 18:06:49;MANAGE;#82 SL 1.16 -> 1.16 trail
2025.10.10 18:06:51;RISK;deal closed pnl=52.80 streak=0 lock=0
2025.10.10 18:15:00;VETO;outlier bar masked, z=13.0
2025.10.10 18:30:00;VETO;outlier bar masked, z=5.3
2025.10.13 00:01:00;VETO;outlier bar masked, z=7.3
2025.10.13 01:15:01;VETO;outlier bar masked, z=4.9
2025.10.13 03:45:00;DECISION;setup LONG score=0.85 entry=1.16 inv=1.16 tgt=0.00 AWAIT-RETEST [CHoCH long lvl=1.16|RelVol=1.83|Retest@1.16|VPnode d=0.00|VWAPside|CycleTurn w=-0.96<--0.99]
2025.10.13 04:00:00;VETO;authorization denied: outside session window (server hour 04, window 12-20)
2025.10.13 04:15:00;VETO;authorization denied: outside session window (server hour 04, window 12-20)
2025.10.13 04:30:02;VETO;authorization denied: outside session window (server hour 04, window 12-20)
2025.10.13 04:45:00;VETO;authorization denied: outside session window (server hour 04, window 12-20)
2025.10.13 09:00:00;VETO;signal rejected: volume: relVol 0.95 < 1.00
2025.10.13 09:30:00;DECISION;setup LONG score=0.70 entry=1.16 inv=1.16 tgt=0.00 AWAIT-RETEST [CHoCH long lvl=1.16|RelVol=1.13|Retest@1.16|VPnear|VWAPside|CycleTurn w=-0.97<--0.99]
2025.10.13 09:45:00;VETO;authorization denied: outside session window (server hour 09, window 12-20)
2025.10.13 10:00:00;VETO;outlier bar masked, z=3.8
2025.10.13 10:15:00;DECISION;setup SHORT score=0.70 entry=1.16 inv=1.16 tgt=0.00 AWAIT-RETEST [CHoCH short lvl=1.16|RelVol=1.22|Retest@1.16|VPnear|VWAPside|CycleTurn w=-0.51<--0.48]
2025.10.13 10:30:00;VETO;authorization denied: outside session window (server hour 10, window 12-20)
2025.10.13 10:45:00;VETO;authorization denied: outside session window (server hour 10, window 12-20)
2025.10.13 11:00:00;VETO;authorization denied: outside session window (server hour 11, window 12-20)
2025.10.13 11:15:01;VETO;authorization denied: outside session window (server hour 11, window 12-20)
2025.10.13 14:45:00;VETO;signal rejected: score 0.50 < 0.55 [BOS short lvl=1.16|RelVol=1.51|Retest@1.16|VWAPside|ADX=31]
2025.10.13 22:00:00;VETO;signal rejected: volume: relVol 0.43 < 1.00
2025.10.14 03:15:01;DECISION;setup SHORT score=0.65 entry=1.16 inv=1.16 tgt=0.00 AWAIT-RETEST [BOS short lvl=1.16|RelVol=1.42|Retest@1.16|VPnode d=0.00|VWAPside]
2025.10.14 04:00:00;VETO;authorization denied: outside session window (server hour 04, window 12-20)
2025.10.14 04:15:00;VETO;authorization denied: outside session window (server hour 04, window 12-20)
2025.10.14 04:30:00;VETO;signal rejected: volume: relVol 0.97 < 1.00
2025.10.14 04:30:00;VETO;authorization denied: outside session window (server hour 04, window 12-20)
2025.10.14 04:45:00;VETO;authorization denied: outside session window (server hour 04, window 12-20)
2025.10.14 06:00:01;DECISION;setup LONG score=0.75 entry=1.16 inv=1.16 tgt=0.00 [BOS long lvl=1.16|RelVol=1.03|VPnode d=0.00|VWAPside|ADX=38]
2025.10.14 06:00:01;VETO;authorization denied: outside session window (server hour 06, window 12-20)
2025.10.14 06:15:03;VETO;authorization denied: outside session window (server hour 06, window 12-20)
2025.10.14 06:30:00;VETO;authorization denied: outside session window (server hour 06, window 12-20)
2025.10.14 06:45:02;VETO;authorization denied: outside session window (server hour 06, window 12-20)
2025.10.14 10:45:00;VETO;outlier bar masked, z=4.4
2025.10.14 14:15:00;DECISION;setup SHORT score=0.65 entry=1.15 inv=1.16 tgt=0.00 [BOS short lvl=1.16|RelVol=1.13|VPnode d=0.00|VWAPside]
2025.10.14 14:15:00;DECISION;TP capped 0.00288 -> 0.00219 (3.0xATR)
2025.10.14 14:15:00;ORDER;filled SELL 0.54 lots sl=1.16 tp=1.15 [WT|BOS|0.65]
2025.10.14 14:15:00;RISK;sizing: vol_ratio=1.12 scalar=1.00 gap_buf=0.00037 eff_stop=0.00181
2025.10.14 14:15:00;ORDER;entry fill deal #84 SELL 0.54 @ 1.15490
2025.07.01 00:00:00;RECOVER;init: v2.41 test_case=E2_eurusd lock=0 streak=0 positions=0 equity=10000.00 day_eq=10000.00 peak_eq=10000.00
2025.07.01 00:00:00;VETO;signal rejected: score 0.40 < 0.55 [BOS long lvl=1.18|RelVol=1.19|Retest@1.18|ADX=62]
2025.07.01 03:15:00;VETO;signal rejected: volume: relVol 0.76 < 1.00
2025.07.01 05:00:00;VETO;signal rejected: volume: relVol 0.84 < 1.00
2025.07.01 10:15:00;VETO;outlier bar masked, z=3.7
2025.07.01 11:30:00;DECISION;setup LONG score=0.65 entry=1.18 inv=1.18 tgt=0.00 AWAIT-RETEST [CHoCH long lvl=1.18|RelVol=1.13|Retest@1.18|VPnode d=0.00|VWAPside]
2025.07.01 11:45:00;VETO;authorization denied: outside session window (server hour 11, window 12-20)
2025.07.01 12:00:00;VETO;outlier bar masked, z=6.7
2025.07.01 12:15:00;DECISION;TP capped 0.00724 -> 0.00543 (3.0xATR)
2025.07.01 12:15:00;ORDER;filled BUY 0.24 lots sl=1.18 tp=1.19 [WT|CHOCH|0.65]
2025.07.01 12:15:00;RISK;sizing: vol_ratio=1.32 scalar=1.00 gap_buf=0.00052 eff_stop=0.00414
2025.07.01 12:15:00;ORDER;entry fill deal #2 BUY 0.24 @ 1.18031
2025.07.01 15:45:00;VETO;signal rejected: volume: relVol 0.66 < 1.00
2025.07.01 17:00:00;VETO;outlier bar masked, z=3.9
2025.07.01 17:15:00;VETO;outlier bar masked, z=3.7
2025.07.01 17:45:00;VETO;outlier bar masked, z=3.6
2025.07.01 19:04:14;RISK;deal closed pnl=-86.88 streak=1 lock=0
2025.07.01 22:15:00;DECISION;setup LONG score=0.55 entry=1.18 inv=1.18 tgt=0.00 AWAIT-RETEST [CHoCH long lvl=1.18|RelVol=1.17|Retest@1.18|VPnode d=0.00]
2025.07.01 22:30:00;VETO;authorization denied: outside session window (server hour 22, window 12-20)
2025.07.01 22:45:00;VETO;authorization denied: outside session window (server hour 22, window 12-20)
2025.07.01 23:00:00;VETO;authorization denied: outside session window (server hour 23, window 12-20)
2025.07.01 23:15:00;VETO;authorization denied: outside session window (server hour 23, window 12-20)
2025.07.02 04:00:00;VETO;signal rejected: volume: relVol 0.59 < 1.00
2025.07.02 05:00:00;VETO;outlier bar masked, z=3.7
2025.07.02 09:00:00;VETO;signal rejected: volume: relVol 0.98 < 1.00
2025.07.02 12:30:00;VETO;signal rejected: volume: relVol 0.89 < 1.00
2025.07.02 14:30:00;VETO;signal rejected: volume: relVol 0.71 < 1.00
2025.07.02 15:30:00;VETO;outlier bar masked, z=9.8
2025.07.02 15:45:00;VETO;outlier bar masked, z=5.3
2025.07.02 16:15:00;VETO;outlier bar masked, z=5.1
2025.07.02 19:00:00;DECISION;setup LONG score=0.65 entry=1.18 inv=1.18 tgt=0.00 AWAIT-RETEST [CHoCH long lvl=1.18|RelVol=1.05|Retest@1.18|VPnode d=0.00|VWAPside]
2025.07.02 19:00:00;DECISION;TP capped 0.00810 -> 0.00607 (3.0xATR)
2025.07.02 19:00:00;ERROR;limit BUY 0.20 @ 1.18 sl=1.18 tp=1.19 rc=10015 [WT|CHOCH|0.65|RL]
2025.07.02 19:15:00;DECISION;TP capped 0.00758 -> 0.00568 (3.0xATR)
2025.07.02 19:15:00;ORDER;filled BUY 0.22 lots sl=1.18 tp=1.18 [WT|CHOCH|0.65]
2025.07.02 19:15:00;RISK;sizing: vol_ratio=1.64 scalar=1.00 gap_buf=0.00063 eff_stop=0.00442
2025.07.02 19:15:00;ORDER;entry fill deal #4 BUY 0.22 @ 1.17882
2025.07.02 20:15:00;DECISION;setup LONG score=0.60 entry=1.18 inv=1.18 tgt=0.00 [BOS long lvl=1.18|RelVol=1.12|VPnear|VWAPside|ADX=43]
2025.07.02 20:15:00;VETO;authorization denied: outside session window (server hour 20, window 12-20)
2025.07.02 20:30:00;VETO;authorization denied: outside session window (server hour 20, window 12-20)
2025.07.02 20:45:00;VETO;authorization denied: outside session window (server hour 20, window 12-20)
2025.07.02 21:00:00;VETO;authorization denied: outside session window (server hour 21, window 12-20)
2025.07.02 23:00:00;VETO;signal rejected: volume: relVol 0.60 < 1.00
2025.07.03 00:15:00;VETO;signal rejected: volume: relVol 0.67 < 1.00
2025.07.03 00:45:01;DECISION;setup SHORT score=0.65 entry=1.18 inv=1.18 tgt=0.00 [BOS short lvl=1.18|RelVol=1.26|VPnode d=0.00|VWAPside]
2025.07.03 00:45:01;VETO;authorization denied: outside session window (server hour 00, window 12-20)
2025.07.03 01:00:00;VETO;authorization denied: outside session window (server hour 01, window 12-20)
2025.07.03 01:15:01;VETO;authorization denied: outside session window (server hour 01, window 12-20)
2025.07.03 01:30:00;VETO;authorization denied: outside session window (server hour 01, window 12-20)
2025.07.03 10:30:00;VETO;signal rejected: volume: relVol 0.74 < 1.00
2025.07.03 12:15:00;VETO;signal rejected: volume: relVol 0.58 < 1.00
2025.07.03 15:00:00;VETO;signal rejected: volume: relVol 0.95 < 1.00
2025.07.03 15:30:01;RISK;deal closed pnl=-88.24 streak=1 lock=0
2025.07.03 15:45:00;VETO;outlier bar masked, z=17.0
2025.07.03 16:00:00;VETO;outlier bar masked, z=3.9
2025.07.03 17:15:00;VETO;outlier bar masked, z=5.3
2025.07.03 19:30:00;VETO;signal rejected: volume: relVol 0.84 < 1.00
2025.07.04 02:15:00;VETO;signal rejected: volume: relVol 0.59 < 1.00
2025.07.04 10:30:00;VETO;signal rejected: volume: relVol 0.10 < 1.00
2025.07.04 12:45:00;VETO;signal rejected: volume: relVol 0.76 < 1.00
2025.07.04 17:15:00;VETO;signal rejected: volume: relVol 0.46 < 1.00
2025.07.04 20:00:00;VETO;signal rejected: volume: relVol 0.33 < 1.00
2025.07.04 22:00:00;VETO;signal rejected: volume: relVol 0.57 < 1.00
2025.07.07 00:01:40;VETO;outlier bar masked, z=3.5
2025.07.07 00:15:00;VETO;outlier bar masked, z=4.4
2025.07.07 03:15:00;VETO;signal rejected: volume: relVol 0.77 < 1.00
2025.07.07 04:45:00;VETO;signal rejected: volume: relVol 0.66 < 1.00
2025.07.07 08:30:00;VETO;signal rejected: volume: relVol 0.96 < 1.00
2025.07.07 09:30:00;VETO;signal rejected: volume: relVol 0.76 < 1.00
2025.07.07 15:30:00;VETO;signal rejected: volume: relVol 0.76 < 1.00
2025.07.07 16:30:00;VETO;signal rejected: volume: relVol 0.89 < 1.00
2025.07.07 19:30:00;VETO;outlier bar masked, z=7.9
2025.07.07 19:45:00;VETO;outlier bar masked, z=3.7
2025.07.07 20:00:00;VETO;outlier bar masked, z=5.7
2025.07.07 20:45:00;VETO;outlier bar masked, z=4.2
2025.07.08 01:45:00;VETO;signal rejected: score 0.50 < 0.55 [CHoCH long lvl=1.17|RelVol=1.00|Retest@1.17|VPnear|VWAPside]
2025.07.08 08:45:00;VETO;signal rejected: volume: relVol 0.80 < 1.00
2025.07.08 10:15:00;VETO;signal rejected: volume: relVol 0.97 < 1.00
2025.07.08 13:30:00;VETO;signal rejected: volume: relVol 0.73 < 1.00
2025.07.08 15:00:00;DECISION;setup SHORT score=0.60 entry=1.17 inv=1.18 tgt=0.00 [BOS short lvl=1.17|RelVol=1.01|VPnear|VWAPside|ADX=42]
2025.07.08 15:00:00;DECISION;TP capped 0.00868 -> 0.00651 (3.0xATR)
2025.07.08 15:00:00;ORDER;filled SELL 0.21 lots sl=1.18 tp=1.17 [WT|BOS|0.60]
2025.07.08 15:00:00;RISK;sizing: vol_ratio=0.82 scalar=1.00 gap_buf=0.00030 eff_stop=0.00464
2025.07.08 15:00:00;ORDER;entry fill deal #6 SELL 0.21 @ 1.17212
2025.07.08 16:15:00;VETO;signal rejected: volume: relVol 0.71 < 1.00
2025.07.09 00:30:00;VETO;signal rejected: volume: relVol 0.58 < 1.00
2025.07.09 05:45:00;DECISION;setup SHORT score=0.65 entry=1.17 inv=1.17 tgt=0.00 AWAIT-RETEST [BOS short lvl=1.17|RelVol=1.05|Retest@1.17|VPnode d=0.00|VWAPside]
2025.07.09 10:00:00;VETO;signal rejected: volume: relVol 0.91 < 1.00
2025.07.09 10:45:00;VETO;outlier bar masked, z=4.0
2025.07.09 13:45:00;VETO;signal rejected: volume: relVol 0.96 < 1.00
2025.07.09 15:00:00;VETO;outlier bar masked, z=3.5
2025.07.09 19:30:00;VETO;signal rejected: volume: relVol 0.66 < 1.00
2025.07.09 21:15:00;VETO;signal rejected: volume: relVol 0.90 < 1.00
2025.07.09 22:30:00;VETO;signal rejected: volume: relVol 0.83 < 1.00
2025.07.10 01:30:00;VETO;signal rejected: volume: relVol 0.57 < 1.00
2025.07.10 02:30:00;VETO;signal rejected: volume: relVol 0.60 < 1.00
2025.07.10 06:15:00;VETO;signal rejected: volume: relVol 0.61 < 1.00
2025.07.10 10:45:00;VETO;signal rejected: volume: relVol 0.72 < 1.00
2025.07.10 14:15:00;VETO;signal rejected: volume: relVol 0.81 < 1.00
2025.07.10 17:23:51;MANAGE;#6 SL 1.18 -> 1.17 breakeven
2025.07.10 17:23:51;MANAGE;#6 partial close 0.10 of 0.21 lots
2025.07.10 17:23:51;RISK;deal closed pnl=43.80 streak=0 lock=0
2025.07.10 17:23:52;MANAGE;#6 SL 1.17 -> 1.17 trail
2025.07.10 17:23:57;MANAGE;#6 SL 1.17 -> 1.17 trail
2025.07.10 17:23:58;MANAGE;#6 SL 1.17 -> 1.17 trail
2025.07.10 17:26:50;MANAGE;#6 SL 1.17 -> 1.17 trail
2025.07.10 17:27:09;MANAGE;#6 SL 1.17 -> 1.17 trail
2025.07.10 17:28:50;MANAGE;#6 SL 1.17 -> 1.17 trail
2025.07.10 17:29:07;MANAGE;#6 SL 1.17 -> 1.17 trail
2025.07.10 17:29:08;MANAGE;#6 SL 1.17 -> 1.17 trail
2025.07.10 17:29:14;MANAGE;#6 SL 1.17 -> 1.17 trail
2025.07.10 17:29:30;MANAGE;#6 SL 1.17 -> 1.17 trail
2025.07.10 17:30:00;VETO;outlier bar masked, z=9.4
2025.07.10 17:49:08;RISK;deal closed pnl=43.78 streak=0 lock=0
2025.07.10 21:15:00;VETO;signal rejected: volume: relVol 0.63 < 1.00
2025.07.10 22:45:00;VETO;signal rejected: volume: relVol 0.66 < 1.00
2025.07.11 03:15:00;VETO;outlier bar masked, z=4.6
2025.07.11 03:30:00;VETO;outlier bar masked, z=7.3
2025.07.11 03:45:00;VETO;outlier bar masked, z=3.9
2025.07.11 04:00:00;VETO;outlier bar masked, z=4.6
2025.07.11 10:15:00;VETO;outlier bar masked, z=4.0
2025.07.11 16:45:00;VETO;outlier bar masked, z=5.1
2025.07.11 17:30:00;VETO;signal rejected: volume: relVol 0.89 < 1.00
2025.07.11 23:30:00;VETO;signal rejected: volume: relVol 0.85 < 1.00
2025.07.14 00:15:00;VETO;outlier bar masked, z=7.2
2025.07.14 01:15:00;VETO;outlier bar masked, z=4.5
2025.07.14 03:15:00;VETO;signal rejected: volume: relVol 0.93 < 1.00
2025.07.14 08:45:00;VETO;signal rejected: score 0.50 < 0.55 [CHoCH short lvl=1.17|RelVol=1.02|Retest@1.17|VPnear|VWAPside]
2025.07.14 11:00:00;DECISION;setup LONG score=0.85 entry=1.17 inv=1.17 tgt=0.00 AWAIT-RETEST [CHoCH long lvl=1.17|RelVol=1.02|Retest@1.17|VPnode d=0.00|VWAPside|CycleTurn w=0.75<--0.07]
2025.07.14 11:15:00;VETO;authorization denied: outside session window (server hour 11, window 12-20)
2025.07.14 11:30:00;VETO;authorization denied: outside session window (server hour 11, window 12-20)
2025.07.14 11:45:00;VETO;authorization denied: outside session window (server hour 11, window 12-20)
2025.07.14 12:00:00;DECISION;TP capped 0.00590 -> 0.00443 (3.0xATR)
2025.07.14 12:00:00;ORDER;filled BUY 0.29 lots sl=1.17 tp=1.17 [WT|CHOCH|0.85]
2025.07.14 12:00:00;RISK;sizing: vol_ratio=0.99 scalar=1.00 gap_buf=0.00037 eff_stop=0.00332
2025.07.14 12:00:00;ORDER;entry fill deal #9 BUY 0.29 @ 1.16833
2025.07.14 13:00:00;VETO;signal rejected: volume: relVol 0.81 < 1.00
2025.07.14 14:30:00;VETO;signal rejected: volume: relVol 0.90 < 1.00
2025.07.14 15:30:00;VETO;signal rejected: volume: relVol 0.69 < 1.00
2025.07.14 19:00:00;VETO;outlier bar masked, z=7.1
2025.07.14 20:45:00;VETO;signal rejected: volume: relVol 0.59 < 1.00
2025.07.15 03:15:00;VETO;signal rejected: volume: relVol 0.82 < 1.00
2025.07.15 06:30:00;VETO;signal rejected: volume: relVol 0.56 < 1.00
2025.07.15 08:15:00;VETO;signal rejected: volume: relVol 0.63 < 1.00
2025.07.15 10:30:00;VETO;outlier bar masked, z=4.0
2025.07.15 10:45:00;VETO;signal rejected: volume: relVol 0.83 < 1.00
2025.07.15 13:30:00;VETO;signal rejected: volume: relVol 0.84 < 1.00
2025.07.15 15:45:00;VETO;outlier bar masked, z=13.0
2025.07.15 16:00:00;VETO;outlier bar masked, z=8.0
2025.07.15 16:15:00;VETO;outlier bar masked, z=5.2
2025.07.15 16:34:19;RISK;deal closed pnl=-86.04 streak=1 lock=0
2025.07.15 16:45:00;VETO;outlier bar masked, z=10.2
2025.07.15 17:15:00;VETO;outlier bar masked, z=5.3
2025.07.15 17:30:00;VETO;outlier bar masked, z=4.9
2025.07.15 19:15:00;VETO;outlier bar masked, z=4.0
2025.07.15 19:45:00;VETO;signal rejected: score 0.50 < 0.55 [BOS short lvl=1.16|RelVol=1.09|VWAPside|ADX=60]
2025.07.16 00:15:00;VETO;signal rejected: volume: relVol 0.38 < 1.00
2025.07.16 02:00:00;VETO;signal rejected: volume: relVol 0.54 < 1.00
2025.07.16 08:00:00;VETO;signal rejected: volume: relVol 0.91 < 1.00
2025.07.16 09:00:00;VETO;signal rejected: volume: relVol 0.62 < 1.00
2025.07.16 15:00:00;DECISION;setup SHORT score=0.65 entry=1.16 inv=1.16 tgt=0.00 AWAIT-RETEST [CHoCH short lvl=1.16|RelVol=1.09|Retest@1.16|VPnode d=0.00|VWAPside]
2025.07.16 15:00:00;DECISION;TP capped 0.00263 -> 0.00197 (3.0xATR)
2025.07.16 15:00:00;ORDER;limit SELL 0.62 @ 1.16 sl=1.16 tp=1.16 rc=10009 [WT|CHOCH|0.65|RL]
2025.07.16 15:00:00;RISK;sizing: vol_ratio=0.91 scalar=1.00 gap_buf=0.00027 eff_stop=0.00158
2025.07.16 15:30:03;ORDER;entry fill deal #11 SELL 0.62 @ 1.16077
2025.07.16 15:45:00;VETO;outlier bar masked, z=6.0
2025.07.16 16:00:00;VETO;outlier bar masked, z=5.6
2025.07.16 16:12:00;MANAGE;#11 SL 1.16 -> 1.16 breakeven
2025.07.16 16:12:00;MANAGE;#11 partial close 0.31 of 0.62 lots
2025.07.16 16:12:00;RISK;deal closed pnl=39.68 streak=0 lock=0
2025.07.16 16:19:45;MANAGE;#11 SL 1.16 -> 1.16 trail
2025.07.16 16:19:46;MANAGE;#11 SL 1.16 -> 1.16 trail
2025.07.16 16:19:48;RISK;deal closed pnl=62.62 streak=0 lock=0
2025.07.16 16:30:00;VETO;outlier bar masked, z=4.4
2025.07.16 17:00:00;VETO;outlier bar masked, z=4.3
2025.07.16 18:00:00;VETO;outlier bar masked, z=14.6
2025.07.16 18:15:00;VETO;outlier bar masked, z=11.3
2025.07.16 18:30:00;VETO;outlier bar masked, z=29.3
2025.07.16 18:45:00;VETO;outlier bar masked, z=14.7
2025.07.16 19:00:00;VETO;outlier bar masked, z=31.7
2025.07.16 19:15:00;VETO;outlier bar masked, z=14.7
2025.07.16 19:30:00;VETO;outlier bar masked, z=4.3
2025.07.16 20:00:00;VETO;outlier bar masked, z=4.9
2025.07.16 20:15:00;VETO;outlier bar masked, z=5.1
2025.07.16 21:00:00;VETO;outlier bar masked, z=6.8
2025.07.17 03:30:00;VETO;signal rejected: volume: relVol 0.52 < 1.00
2025.07.17 09:15:00;DECISION;setup SHORT score=0.95 entry=1.16 inv=1.16 tgt=0.00 AWAIT-RETEST [BOS short lvl=1.16|RelVol=1.07|Retest@1.16|VPnode d=0.00|VWAPside|CycleTurn w=0.88<-0.99|ADX=31]
2025.07.17 09:30:00;VETO;outlier bar masked, z=6.4
2025.07.17 14:30:00;VETO;signal rejected: volume: relVol 0.74 < 1.00
2025.07.17 15:45:00;VETO;outlier bar masked, z=5.1
2025.07.17 19:30:00;VETO;signal rejected: volume: relVol 0.76 < 1.00
2025.07.18 01:15:00;VETO;signal rejected: volume: relVol 0.49 < 1.00
2025.07.18 01:45:00;VETO;outlier bar masked, z=3.7
2025.07.18 05:00:00;VETO;signal rejected: volume: relVol 0.89 < 1.00
2025.07.18 07:30:00;VETO;signal rejected: volume: relVol 0.79 < 1.00
2025.07.18 11:15:00;VETO;signal rejected: volume: relVol 0.75 < 1.00
2025.07.18 14:45:00;VETO;signal rejected: volume: relVol 0.86 < 1.00
2025.07.18 15:15:00;VETO;outlier bar masked, z=4.0
2025.07.18 16:30:00;VETO;outlier bar masked, z=4.0
2025.07.18 17:15:00;VETO;outlier bar masked, z=4.6
2025.07.18 19:15:00;VETO;signal rejected: volume: relVol 0.74 < 1.00
2025.07.18 19:30:00;VETO;outlier bar masked, z=4.0
2025.07.21 00:15:00;DECISION;setup LONG score=0.65 entry=1.16 inv=1.16 tgt=0.00 AWAIT-RETEST [CHoCH long lvl=1.16|RelVol=3.52|Retest@1.16|VPnode d=0.00|VWAPside]
2025.07.21 00:30:00;VETO;authorization denied: outside session window (server hour 00, window 12-20)
2025.07.21 00:45:00;VETO;authorization denied: outside session window (server hour 00, window 12-20)
2025.07.21 01:00:00;VETO;authorization denied: outside session window (server hour 01, window 12-20)
2025.07.21 01:15:00;VETO;authorization denied: outside session window (server hour 01, window 12-20)
2025.07.21 04:00:00;VETO;signal rejected: volume: relVol 0.63 < 1.00
2025.07.21 09:45:00;VETO;signal rejected: volume: relVol 0.90 < 1.00
2025.07.21 11:45:01;VETO;signal rejected: score 0.50 < 0.55 [BOS long lvl=1.16|RelVol=1.02|VWAPside|ADX=43]
2025.07.21 14:15:02;VETO;signal rejected: volume: relVol 0.93 < 1.00
2025.07.21 17:15:00;VETO;outlier bar masked, z=5.4
2025.07.22 03:15:00;VETO;signal rejected: volume: relVol 0.57 < 1.00
2025.07.22 11:45:00;VETO;signal rejected: volume: relVol 0.96 < 1.00
2025.07.22 13:00:00;VETO;signal rejected: volume: relVol 0.65 < 1.00
2025.07.22 15:30:00;VETO;signal rejected: volume: relVol 0.62 < 1.00
2025.07.22 16:15:00;VETO;outlier bar masked, z=4.7
2025.07.22 16:45:00;VETO;outlier bar masked, z=3.9
2025.07.22 17:45:00;VETO;signal rejected: volume: relVol 0.81 < 1.00
2025.07.22 18:00:00;VETO;outlier bar masked, z=6.0
2025.07.22 18:15:00;VETO;outlier bar masked, z=4.2
2025.07.23 00:00:00;VETO;signal rejected: score 0.30 < 0.55 [BOS long lvl=1.18|RelVol=1.13]
2025.07.23 02:15:00;DECISION;setup LONG score=0.85 entry=1.18 inv=1.17 tgt=0.00 [BOS long lvl=1.18|RelVol=1.16|VPnode d=0.00|VWAPside|CycleTurn w=-0.99<--1.00]
2025.07.23 02:15:00;VETO;authorization denied: outside session window (server hour 02, window 12-20)
2025.07.23 02:30:01;DECISION;setup SHORT score=0.65 entry=1.17 inv=1.18 tgt=0.00 AWAIT-RETEST [CHoCH short lvl=1.17|RelVol=2.00|Retest@1.17|VPnode d=0.00|VWAPside]
2025.07.23 04:00:00;VETO;authorization denied: outside session window (server hour 04, window 12-20)
2025.07.23 04:15:00;VETO;authorization denied: outside session window (server hour 04, window 12-20)
2025.07.23 04:30:00;VETO;authorization denied: outside session window (server hour 04, window 12-20)
2025.07.23 04:45:00;VETO;authorization denied: outside session window (server hour 04, window 12-20)
2025.07.23 08:45:02;DECISION;setup SHORT score=0.65 entry=1.17 inv=1.17 tgt=0.00 AWAIT-RETEST [BOS short lvl=1.17|RelVol=1.09|Retest@1.17|VPnode d=0.00|VWAPside]
2025.07.23 09:00:00;VETO;authorization denied: outside session window (server hour 09, window 12-20)
2025.07.23 09:15:01;VETO;authorization denied: outside session window (server hour 09, window 12-20)
2025.07.23 09:30:00;VETO;authorization denied: outside session window (server hour 09, window 12-20)
2025.07.23 09:45:00;VETO;authorization denied: outside session window (server hour 09, window 12-20)
2025.07.23 10:15:00;VETO;signal rejected: volume: relVol 0.86 < 1.00
2025.07.23 14:00:00;DECISION;setup SHORT score=0.65 entry=1.17 inv=1.17 tgt=0.00 AWAIT-RETEST [CHoCH short lvl=1.17|RelVol=1.01|Retest@1.17|VPnode d=0.00|VWAPside]
2025.07.23 14:00:00;DECISION;TP capped 0.00277 -> 0.00210 (3.0xATR)
2025.07.23 14:00:00;ERROR;limit SELL 0.57 @ 1.17 sl=1.17 tp=1.17 rc=10015 [WT|CHOCH|0.65|RL]
2025.07.23 14:15:00;DECISION;TP capped 0.00288 -> 0.00216 (3.0xATR)
2025.07.23 14:15:00;ORDER;filled SELL 0.55 lots sl=1.17 tp=1.17 [WT|CHOCH|0.65]
2025.07.23 14:15:00;RISK;sizing: vol_ratio=0.99 scalar=1.00 gap_buf=0.00034 eff_stop=0.00178
2025.07.23 14:15:00;ORDER;entry fill deal #14 SELL 0.55 @ 1.17245
2025.07.23 15:45:00;VETO;signal rejected: volume: relVol 0.43 < 1.00
2025.07.23 17:45:00;VETO;signal rejected: volume: relVol 0.84 < 1.00
2025.07.23 18:13:02;RISK;deal closed pnl=-79.20 streak=1 lock=0
2025.07.23 19:00:00;VETO;outlier bar masked, z=8.9
2025.07.23 19:15:00;VETO;outlier bar masked, z=3.7
2025.07.23 21:15:00;VETO;signal rejected: score 0.40 < 0.55 [BOS long lvl=1.18|RelVol=1.14|VWAPside]
2025.07.24 00:00:00;VETO;signal rejected: score 0.50 < 0.55 [CHoCH short lvl=1.18|RelVol=2.13|Retest@1.18|StopFloored|CycleTurn w=-0.45<-0.63]
2025.07.24 02:30:00;VETO;signal rejected: volume: relVol 0.85 < 1.00
2025.07.24 06:15:00;VETO;signal rejected: volume: relVol 0.90 < 1.00
2025.07.24 09:00:00;VETO;signal rejected: volume: relVol 0.70 < 1.00
2025.07.24 12:15:00;VETO;signal rejected: volume: relVol 0.95 < 1.00
2025.07.24 15:45:00;VETO;outlier bar masked, z=4.4
2025.07.24 16:15:00;VETO;outlier bar masked, z=8.7
2025.07.24 16:30:00;VETO;outlier bar masked, z=5.4
2025.07.24 17:00:00;VETO;outlier bar masked, z=4.2
2025.07.24 17:30:00;VETO;outlier bar masked, z=5.3
2025.07.24 18:00:00;VETO;outlier bar masked, z=3.9
2025.07.24 18:30:00;VETO;outlier bar masked, z=4.9
2025.07.24 23:00:00;DECISION;setup SHORT score=0.65 entry=1.18 inv=1.18 tgt=0.00 AWAIT-RETEST [CHoCH short lvl=1.18|RelVol=1.06|Retest@1.18|VPnode d=0.00|VWAPside]
2025.07.25 00:15:00;VETO;outlier bar masked, z=3.6
2025.07.25 04:15:00;DECISION;setup SHORT score=0.85 entry=1.17 inv=1.18 tgt=0.00 [BOS short lvl=1.17|RelVol=1.01|VPnode d=0.00|VWAPside|CycleTurn w=0.99<-1.00]
2025.07.25 04:15:00;VETO;authorization denied: outside session window (server hour 04, window 12-20)
2025.07.25 04:30:00;VETO;authorization denied: outside session window (server hour 04, window 12-20)
2025.07.25 04:45:00;VETO;authorization denied: outside session window (server hour 04, window 12-20)
2025.07.25 05:00:01;VETO;authorization denied: outside session window (server hour 05, window 12-20)
2025.07.25 09:00:00;DECISION;setup LONG score=0.65 entry=1.17 inv=1.17 tgt=0.00 AWAIT-RETEST [CHoCH long lvl=1.17|RelVol=1.27|Retest@1.17|VPnode d=0.00|VWAPside]
2025.07.25 09:15:01;VETO;authorization denied: outside session window (server hour 09, window 12-20)
2025.07.25 09:30:00;VETO;authorization denied: outside session window (server hour 09, window 12-20)
2025.07.25 09:45:00;VETO;authorization denied: outside session window (server hour 09, window 12-20)
2025.07.25 10:00:00;VETO;authorization denied: outside session window (server hour 10, window 12-20)
2025.07.25 14:00:00;VETO;signal rejected: score 0.50 < 0.55 [CHoCH short lvl=1.17|RelVol=1.10|Retest@1.17|VPnear|VWAPside]
2025.07.25 16:15:00;VETO;outlier bar masked, z=4.4
2025.07.25 16:30:00;VETO;outlier bar masked, z=4.1
2025.07.25 16:45:00;VETO;signal rejected: score 0.50 < 0.55 [BOS short lvl=1.17|RelVol=1.16|VWAPside|ADX=41]
2025.07.25 17:30:00;VETO;signal rejected: volume: relVol 0.66 < 1.00
2025.07.25 18:30:00;VETO;signal rejected: volume: relVol 0.82 < 1.00
2025.07.25 21:15:02;VETO;signal rejected: volume: relVol 0.85 < 1.00
2025.07.28 00:15:00;VETO;outlier bar masked, z=5.1
2025.07.28 01:15:00;VETO;outlier bar masked, z=4.4
2025.07.28 05:15:01;DECISION;setup SHORT score=0.65 entry=1.17 inv=1.18 tgt=0.00 AWAIT-RETEST [CHoCH short lvl=1.18|RelVol=1.02|Retest@1.17|VPnode d=0.00|VWAPside]
2025.07.28 05:30:00;VETO;authorization denied: outside session window (server hour 05, window 12-20)
2025.07.28 05:45:00;VETO;authorization denied: outside session window (server hour 05, window 12-20)
2025.07.28 06:00:00;VETO;authorization denied: outside session window (server hour 06, window 12-20)
2025.07.28 06:15:00;VETO;authorization denied: outside session window (server hour 06, window 12-20)
2025.07.28 07:45:00;VETO;signal rejected: volume: relVol 0.99 < 1.00
2025.07.28 09:30:00;VETO;outlier bar masked, z=7.8
2025.07.28 10:30:00;VETO;signal rejected: score 0.50 < 0.55 [BOS short lvl=1.17|RelVol=1.21|VWAPside|ADX=40]
2025.07.28 10:45:00;VETO;outlier bar masked, z=3.8
2025.07.28 11:00:00;VETO;outlier bar masked, z=4.9
2025.07.28 12:45:00;VETO;signal rejected: score 0.50 < 0.55 [BOS short lvl=1.17|RelVol=1.50|VWAPside|ADX=43]
2025.07.28 16:30:00;VETO;signal rejected: score 0.50 < 0.55 [BOS short lvl=1.16|RelVol=1.16|VWAPside|ADX=42]
2025.07.28 18:30:01;DECISION;setup SHORT score=0.70 entry=1.16 inv=1.17 tgt=0.00 [BOS short lvl=1.16|RelVol=1.10|VWAPside|CycleTurn w=0.97<-0.97|ADX=40]
2025.07.28 18:30:01;DECISION;TP capped 0.00860 -> 0.00645 (3.0xATR)
2025.07.28 18:30:01;ORDER;filled SELL 0.20 lots sl=1.17 tp=1.16 [WT|BOS|0.70]
2025.07.28 18:30:01;RISK;sizing: vol_ratio=1.37 scalar=1.00 gap_buf=0.00056 eff_stop=0.00485
2025.07.28 18:30:01;ORDER;entry fill deal #16 SELL 0.20 @ 1.16215
2025.07.29 00:00:00;VETO;signal rejected: score 0.40 < 0.55 [BOS short lvl=1.16|RelVol=1.19|ADX=38]
2025.07.29 02:15:00;VETO;signal rejected: volume: relVol 0.48 < 1.00
2025.07.29 04:00:00;VETO;signal rejected: volume: relVol 0.86 < 1.00
2025.07.29 05:30:00;VETO;signal rejected: volume: relVol 0.77 < 1.00
2025.07.29 06:45:00;DECISION;setup SHORT score=0.70 entry=1.16 inv=1.16 tgt=0.00 AWAIT-RETEST [CHoCH short lvl=1.16|RelVol=1.25|Retest@1.16|VPnear|VWAPside|CycleTurn w=0.91<-0.98]
2025.07.29 07:00:00;VETO;authorization denied: outside session window (server hour 07, window 12-20)
2025.07.29 07:15:00;VETO;authorization denied: outside session window (server hour 07, window 12-20)
2025.07.29 07:17:18;MANAGE;#16 SL 1.17 -> 1.16 breakeven
2025.07.29 07:17:18;MANAGE;#16 partial close 0.10 of 0.20 lots
2025.07.29 07:17:18;RISK;deal closed pnl=43.00 streak=0 lock=0
2025.07.29 07:17:18;MANAGE;#16 SL 1.16 -> 1.16 trail
2025.07.29 07:17:38;MANAGE;#16 SL 1.16 -> 1.16 trail
2025.07.29 07:18:35;MANAGE;#16 SL 1.16 -> 1.16 trail
2025.07.29 07:18:40;MANAGE;#16 SL 1.16 -> 1.16 trail
2025.07.29 07:30:00;VETO;authorization denied: outside session window (server hour 07, window 12-20)
2025.07.29 07:45:00;VETO;authorization denied: outside session window (server hour 07, window 12-20)
2025.07.29 07:56:36;RISK;deal closed pnl=34.30 streak=0 lock=0
2025.07.29 09:30:00;VETO;signal rejected: volume: relVol 0.86 < 1.00
2025.07.29 10:00:00;VETO;outlier bar masked, z=6.9
2025.07.29 14:45:00;VETO;outlier bar masked, z=4.8
2025.07.29 16:00:00;VETO;signal rejected: volume: relVol 0.91 < 1.00
2025.07.29 17:15:00;VETO;outlier bar masked, z=3.9
2025.07.29 17:30:00;VETO;outlier bar masked, z=3.6
2025.07.29 20:30:00;VETO;signal rejected: score 0.40 < 0.55 [CHoCH long lvl=1.15|RelVol=1.43|Retest@1.16|VPnear]
2025.07.30 03:30:00;VETO;signal rejected: volume: relVol 0.78 < 1.00
2025.07.30 07:15:00;VETO;signal rejected: score 0.50 < 0.55 [CHoCH short lvl=1.16|RelVol=1.11|Retest@1.16|VPnear|VWAPside]
2025.07.30 10:15:00;VETO;signal rejected: volume: relVol 0.91 < 1.00
2025.07.30 13:30:00;DECISION;setup SHORT score=0.65 entry=1.15 inv=1.16 tgt=0.00 AWAIT-RETEST [CHoCH short lvl=1.15|RelVol=1.04|Retest@1.15|VPnode d=0.00|VWAPside]
2025.07.30 13:30:00;DECISION;TP capped 0.00273 -> 0.00210 (3.0xATR)
2025.07.30 13:30:00;ORDER;limit SELL 0.57 @ 1.15 sl=1.16 tp=1.15 rc=10009 [WT|CHOCH|0.65|RL]
2025.07.30 13:30:00;RISK;sizing: vol_ratio=0.98 scalar=1.00 gap_buf=0.00035 eff_stop=0.00172
2025.07.30 15:45:00;VETO;outlier bar masked, z=6.7
2025.07.30 16:00:00;VETO;outlier bar masked, z=5.0
2025.07.30 16:15:00;VETO;outlier bar masked, z=4.7
2025.07.30 16:30:00;ORDER;cancelled 1 pending: setup expired/invalidated
2025.07.30 21:15:00;VETO;outlier bar masked, z=5.0
2025.07.30 21:45:01;VETO;outlier bar masked, z=14.0
2025.07.30 22:00:00;VETO;outlier bar masked, z=11.1
2025.07.30 22:15:00;VETO;outlier bar masked, z=4.8
2025.07.30 22:30:00;VETO;outlier bar masked, z=4.3
2025.07.30 23:30:00;VETO;signal rejected: score 0.50 < 0.55 [BOS short lvl=1.14|RelVol=2.25|Retest@1.14|VWAPside|ADX=31]
2025.07.31 04:45:00;DECISION;setup LONG score=0.65 entry=1.14 inv=1.14 tgt=0.00 AWAIT-RETEST [CHoCH long lvl=1.14|RelVol=1.07|Retest@1.14|VPnode d=0.00|VWAPside]
2025.07.31 05:00:00;VETO;authorization denied: outside session window (server hour 05, window 12-20)
2025.07.31 05:15:00;VETO;authorization denied: outside session window (server hour 05, window 12-20)
2025.07.31 05:30:00;VETO;authorization denied: outside session window (server hour 05, window 12-20)
2025.07.31 05:45:00;VETO;authorization denied: outside session window (server hour 05, window 12-20)
2025.07.31 08:00:00;DECISION;setup LONG score=0.65 entry=1.14 inv=1.14 tgt=0.00 [BOS long lvl=1.14|RelVol=1.40|VPnode d=0.00|VWAPside]
2025.07.31 08:00:00;VETO;authorization denied: outside session window (server hour 08, window 12-20)
2025.07.31 08:15:00;VETO;authorization denied: outside session window (server hour 08, window 12-20)
2025.07.31 08:30:00;VETO;authorization denied: outside session window (server hour 08, window 12-20)
2025.07.31 08:45:00;VETO;authorization denied: outside session window (server hour 08, window 12-20)
2025.07.31 09:30:00;DECISION;setup LONG score=0.60 entry=1.14 inv=1.14 tgt=0.00 AWAIT-RETEST [BOS long lvl=1.14|RelVol=1.24|Retest@1.14|VPnear|VWAPside|ADX=34]
2025.07.31 10:30:00;VETO;authorization denied: outside session window (server hour 10, window 12-20)
2025.07.31 10:45:00;VETO;authorization denied: outside session window (server hour 10, window 12-20)
2025.07.31 11:00:00;VETO;authorization denied: outside session window (server hour 11, window 12-20)
2025.07.31 11:15:00;VETO;authorization denied: outside session window (server hour 11, window 12-20)
2025.07.31 13:00:00;DECISION;setup SHORT score=0.65 entry=1.14 inv=1.15 tgt=0.00 AWAIT-RETEST [CHoCH short lvl=1.14|RelVol=1.09|Retest@1.14|VPnode d=0.00|VWAPside]
2025.07.31 13:00:00;DECISION;TP capped 0.00602 -> 0.00451 (3.0xATR)
2025.07.31 13:00:00;ERROR;limit SELL 0.28 @ 1.14 sl=1.15 tp=1.14 rc=10015 [WT|CHOCH|0.65|RL]
2025.07.31 13:15:00;DECISION;TP capped 0.00482 -> 0.00362 (3.0xATR)
2025.07.31 13:15:00;ORDER;filled SELL 0.34 lots sl=1.15 tp=1.14 [WT|CHOCH|0.65]
2025.07.31 13:15:00;RISK;sizing: vol_ratio=1.05 scalar=1.00 gap_buf=0.00051 eff_stop=0.00292
2025.07.31 13:15:00;ORDER;entry fill deal #19 SELL 0.34 @ 1.14361
2025.07.31 16:09:34;MANAGE;#20 SL 1.15 -> 1.14 breakeven
2025.07.31 16:09:34;MANAGE;#20 partial close 0.17 of 0.34 lots
2025.07.31 16:09:34;RISK;deal closed pnl=41.31 streak=0 lock=0
2025.07.31 16:09:34;MANAGE;#20 SL 1.14 -> 1.14 trail
2025.07.31 16:15:00;DECISION;setup SHORT score=0.70 entry=1.14 inv=1.15 tgt=0.00 [BOS short lvl=1.14|RelVol=1.05|VPnear|VWAPside|CycleTurn w=-0.73<-0.04]
2025.07.31 16:15:00;DECISION;TP capped 0.00674 -> 0.00506 (3.0xATR)
2025.07.31 16:15:00;VETO;risk veto: max positions
2025.07.31 16:17:39;MANAGE;#20 SL 1.14 -> 1.14 trail
2025.07.31 16:17:44;MANAGE;#20 SL 1.14 -> 1.14 trail
2025.07.31 16:29:20;MANAGE;#20 SL 1.14 -> 1.14 trail
2025.07.31 17:18:55;RISK;deal closed pnl=14.62 streak=0 lock=0
2025.07.31 23:00:00;DECISION;setup SHORT score=0.70 entry=1.14 inv=1.14 tgt=0.00 [BOS short lvl=1.14|RelVol=1.97|VPnear|VWAPside|CycleTurn w=0.97<-1.00]
2025.07.31 23:00:00;VETO;authorization denied: outside session window (server hour 23, window 12-20)
2025.07.31 23:15:00;VETO;authorization denied: outside session window (server hour 23, window 12-20)
2025.07.31 23:30:00;VETO;authorization denied: outside session window (server hour 23, window 12-20)
2025.07.31 23:45:00;VETO;authorization denied: outside session window (server hour 23, window 12-20)
2025.08.01 05:00:00;DECISION;setup SHORT score=0.70 entry=1.14 inv=1.14 tgt=0.00 [BOS short lvl=1.14|RelVol=1.74|VPnear|VWAPside|CycleTurn w=0.51<-0.95]
2025.08.01 05:00:00;VETO;authorization denied: outside session window (server hour 05, window 12-20)
2025.08.01 05:15:00;VETO;authorization denied: outside session window (server hour 05, window 12-20)
2025.08.01 05:30:00;VETO;authorization denied: outside session window (server hour 05, window 12-20)
2025.08.01 05:45:00;VETO;authorization denied: outside session window (server hour 05, window 12-20)
2025.08.01 08:45:00;DECISION;setup LONG score=0.65 entry=1.14 inv=1.14 tgt=0.00 AWAIT-RETEST [CHoCH long lvl=1.14|RelVol=1.06|Retest@1.14|StopFloored|VPnode d=0.00|VWAPside]
2025.08.01 10:30:00;VETO;authorization denied: outside session window (server hour 10, window 12-20)
2025.08.01 10:45:00;VETO;authorization denied: outside session window (server hour 10, window 12-20)
2025.08.01 11:00:00;VETO;authorization denied: outside session window (server hour 11, window 12-20)
2025.08.01 11:15:00;VETO;signal rejected: volume: relVol 0.75 < 1.00
2025.08.01 11:15:00;VETO;authorization denied: outside session window (server hour 11, window 12-20)
2025.08.01 15:45:00;VETO;outlier bar masked, z=44.4
2025.08.01 16:00:00;VETO;outlier bar masked, z=8.4
2025.08.01 16:15:00;VETO;outlier bar masked, z=7.4
2025.08.01 16:30:00;VETO;outlier bar masked, z=6.1
2025.08.01 16:45:00;VETO;outlier bar masked, z=3.6
2025.08.01 17:00:00;VETO;outlier bar masked, z=4.9
2025.08.01 17:15:00;VETO;outlier bar masked, z=8.5
2025.08.01 17:30:00;VETO;outlier bar masked, z=5.8
2025.08.01 18:00:00;VETO;outlier bar masked, z=3.6
2025.08.01 18:30:00;VETO;outlier bar masked, z=3.7
2025.08.01 19:30:00;VETO;outlier bar masked, z=4.3
2025.08.01 20:15:04;VETO;signal rejected: score 0.30 < 0.55 [CHoCH short lvl=1.15|RelVol=1.42|Retest@1.15]
2025.08.01 22:00:00;VETO;outlier bar masked, z=3.8
2025.08.01 22:45:00;VETO;outlier bar masked, z=7.4
2025.08.04 03:15:00;DECISION;setup SHORT score=0.65 entry=1.16 inv=1.16 tgt=0.00 AWAIT-RETEST [CHoCH short lvl=1.16|RelVol=1.11|Retest@1.16|VPnode d=0.00|VWAPside]
2025.08.04 14:15:00;DECISION;setup LONG score=0.65 entry=1.16 inv=1.16 tgt=0.00 AWAIT-RETEST [CHoCH long lvl=1.16|RelVol=1.44|Retest@1.16|VPnode d=0.00|VWAPside]
2025.08.04 14:15:00;DECISION;TP capped 0.00504 -> 0.00378 (3.0xATR)
2025.08.04 14:15:00;ORDER;limit BUY 0.33 @ 1.16 sl=1.16 tp=1.16 rc=10009 [WT|CHOCH|0.65|RL]
2025.08.04 14:15:00;RISK;sizing: vol_ratio=0.78 scalar=1.00 gap_buf=0.00050 eff_stop=0.00302
2025.08.04 14:23:39;ORDER;entry fill deal #22 BUY 0.33 @ 1.15800
2025.08.04 16:15:00;VETO;signal rejected: volume: relVol 0.91 < 1.00
2025.08.05 01:30:00;VETO;signal rejected: volume: relVol 0.56 < 1.00
2025.08.05 04:15:02;VETO;signal rejected: volume: relVol 0.82 < 1.00
2025.08.05 05:45:01;VETO;signal rejected: volume: relVol 0.76 < 1.00
2025.08.05 06:22:13;RISK;deal closed pnl=-83.39 streak=1 lock=0
2025.08.05 08:30:00;DECISION;setup SHORT score=0.65 entry=1.16 inv=1.16 tgt=0.00 [BOS short lvl=1.16|RelVol=1.02|VPnode d=0.00|VWAPside]
2025.08.05 08:30:00;VETO;authorization denied: outside session window (server hour 08, window 12-20)
2025.08.05 08:45:00;VETO;authorization denied: outside session window (server hour 08, window 12-20)
2025.08.05 09:00:00;VETO;authorization denied: outside session window (server hour 09, window 12-20)
2025.08.05 09:15:00;VETO;authorization denied: outside session window (server hour 09, window 12-20)
2025.08.05 11:00:00;VETO;outlier bar masked, z=4.6
2025.08.05 14:45:00;DECISION;setup SHORT score=0.65 entry=1.15 inv=1.15 tgt=0.00 [BOS short lvl=1.15|RelVol=1.31|VPnode d=0.00|VWAPside]
2025.08.05 14:45:00;DECISION;TP capped 0.00286 -> 0.00260 (3.0xATR)
2025.08.05 14:45:00;ORDER;filled SELL 0.53 lots sl=1.15 tp=1.15 [WT|BOS|0.65]
2025.08.05 14:45:00;RISK;sizing: vol_ratio=1.04 scalar=1.00 gap_buf=0.00043 eff_stop=0.00186
2025.08.05 14:45:00;ORDER;entry fill deal #24 SELL 0.53 @ 1.15323
2025.08.05 15:08:03;RISK;deal closed pnl=-76.32 streak=2 lock=0
2025.08.05 16:30:00;VETO;signal rejected: volume: relVol 0.85 < 1.00
2025.08.05 17:15:00;VETO;outlier bar masked, z=4.3
2025.08.05 17:45:00;VETO;outlier bar masked, z=3.7
2025.08.06 00:01:28;VETO;signal rejected: volume: relVol 0.36 < 1.00
2025.08.06 02:45:01;VETO;signal rejected: volume: relVol 0.64 < 1.00
2025.08.06 04:30:03;VETO;signal rejected: volume: relVol 0.66 < 1.00
2025.08.06 10:30:00;VETO;signal rejected: volume: relVol 0.77 < 1.00
2025.08.06 13:00:00;VETO;signal rejected: volume: relVol 0.98 < 1.00
2025.08.06 13:15:00;VETO;outlier bar masked, z=5.4
2025.08.06 14:30:00;VETO;signal rejected: volume: relVol 0.95 < 1.00
2025.08.06 16:00:00;VETO;outlier bar masked, z=4.9
2025.08.06 18:45:00;VETO;outlier bar masked, z=4.0
2025.08.06 20:45:00;DECISION;setup LONG score=0.60 entry=1.17 inv=1.16 tgt=0.00 [BOS long lvl=1.16|RelVol=1.16|VWAPside|CycleTurn w=-0.95<--0.97]
2025.08.06 20:45:00;VETO;authorization denied: outside session window (server hour 20, window 12-20)
2025.08.06 21:00:00;VETO;authorization denied: outside session window (server hour 21, window 12-20)
2025.08.06 21:15:01;VETO;authorization denied: outside session window (server hour 21, window 12-20)
2025.08.06 21:30:04;VETO;authorization denied: outside session window (server hour 21, window 12-20)
2025.08.07 01:15:00;VETO;signal rejected: volume: relVol 0.81 < 1.00
2025.08.07 03:15:00;VETO;signal rejected: volume: relVol 0.98 < 1.00
2025.08.07 05:15:00;VETO;signal rejected: volume: relVol 0.94 < 1.00
2025.08.07 07:15:01;DECISION;setup LONG score=0.85 entry=1.17 inv=1.17 tgt=0.00 AWAIT-RETEST [BOS long lvl=1.17|RelVol=1.02|Retest@1.17|VPnode d=0.00|VWAPside|CycleTurn w=-0.26<--0.94]
2025.08.07 10:30:00;VETO;signal rejected: volume: relVol 0.82 < 1.00
2025.08.07 13:15:00;DECISION;setup SHORT score=0.65 entry=1.17 inv=1.17 tgt=0.00 AWAIT-RETEST [CHoCH short lvl=1.17|RelVol=1.21|Retest@1.17|VPnode d=0.00|VWAPside]
2025.08.07 13:15:00;DECISION;TP capped 0.00652 -> 0.00489 (3.0xATR)
2025.08.07 13:15:00;ORDER;limit SELL 0.26 @ 1.17 sl=1.17 tp=1.16 rc=10009 [WT|CHOCH|0.65|RL]
2025.08.07 13:15:00;RISK;sizing: vol_ratio=1.08 scalar=1.00 gap_buf=0.00040 eff_stop=0.00366
2025.08.07 13:19:57;ORDER;entry fill deal #26 SELL 0.26 @ 1.16656
2025.08.07 14:15:00;VETO;outlier bar masked, z=5.3
2025.08.07 14:45:00;VETO;outlier bar masked, z=4.0
2025.08.07 17:08:31;MANAGE;#27 SL 1.17 -> 1.17 breakeven
2025.08.07 17:08:31;MANAGE;#27 partial close 0.13 of 0.26 lots
2025.08.07 17:08:31;RISK;deal closed pnl=43.81 streak=0 lock=0
2025.08.07 17:08:32;MANAGE;#27 SL 1.17 -> 1.17 trail
2025.08.07 17:08:32;MANAGE;#27 SL 1.17 -> 1.17 trail
2025.08.07 17:08:33;MANAGE;#27 SL 1.17 -> 1.17 trail
2025.08.07 17:08:58;MANAGE;#27 SL 1.17 -> 1.16 trail
2025.08.07 17:10:41;MANAGE;#27 SL 1.16 -> 1.16 trail
2025.08.07 17:10:42;MANAGE;#27 SL 1.16 -> 1.16 trail
2025.08.07 17:15:00;VETO;outlier bar masked, z=5.7
2025.08.07 17:30:00;DECISION;setup SHORT score=0.80 entry=1.16 inv=1.17 tgt=0.00 AWAIT-RETEST [BOS short lvl=1.16|RelVol=1.48|Retest@1.16|VPnear|VWAPside|CycleTurn w=-0.71<--0.62|ADX=31]
2025.08.07 17:30:00;VETO;retest limit risk veto: max positions
2025.08.07 17:40:51;RISK;deal closed pnl=63.83 streak=0 lock=0
2025.08.07 18:30:00;DECISION;TP capped 0.00508 -> 0.00381 (3.0xATR)
2025.08.07 18:30:00;ORDER;filled SELL 0.30 lots sl=1.17 tp=1.16 [WT|BOS|0.80]
2025.08.07 18:30:00;RISK;sizing: vol_ratio=1.75 scalar=1.00 gap_buf=0.00070 eff_stop=0.00324
2025.08.07 18:30:00;ORDER;entry fill deal #29 SELL 0.30 @ 1.16326
2025.08.07 21:30:01;VETO;signal rejected: volume: relVol 0.94 < 1.00
2025.08.07 22:45:00;VETO;outlier bar masked, z=7.7
2025.08.07 23:02:32;RISK;deal closed pnl=-79.50 streak=1 lock=0
2025.08.08 01:45:00;DECISION;setup LONG score=0.60 entry=1.17 inv=1.17 tgt=0.00 [BOS long lvl=1.17|RelVol=1.03|VPnear|VWAPside|ADX=33]
2025.08.08 01:45:00;VETO;authorization denied: outside session window (server hour 01, window 12-20)
2025.08.08 02:00:00;VETO;authorization denied: outside session window (server hour 02, window 12-20)
2025.08.08 02:15:00;VETO;authorization denied: outside session window (server hour 02, window 12-20)
2025.08.08 02:30:00;VETO;authorization denied: outside session window (server hour 02, window 12-20)
2025.08.08 04:45:00;VETO;signal rejected: score 0.50 < 0.55 [CHoCH short lvl=1.17|RelVol=1.15|Retest@1.17|VPnear|VWAPside]
2025.08.08 08:15:00;VETO;signal rejected: volume: relVol 0.80 < 1.00
2025.08.08 12:00:00;DECISION;setup SHORT score=0.85 entry=1.16 inv=1.17 tgt=0.00 [BOS short lvl=1.16|RelVol=1.28|VPnode d=0.00|VWAPside|CycleTurn w=0.75<-0.97]
2025.08.08 12:00:00;DECISION;TP capped 0.00550 -> 0.00412 (3.0xATR)
2025.08.08 12:00:00;ORDER;filled SELL 0.31 lots sl=1.17 tp=1.16 [WT|BOS|0.85]
2025.08.08 12:00:00;RISK;sizing: vol_ratio=0.88 scalar=1.00 gap_buf=0.00036 eff_stop=0.00311
2025.08.08 12:00:00;ORDER;entry fill deal #31 SELL 0.31 @ 1.16365
2025.08.08 15:30:00;VETO;signal rejected: volume: relVol 0.89 < 1.00
2025.08.08 18:17:24;RISK;deal closed pnl=-85.25 streak=1 lock=0
2025.08.08 18:30:00;VETO;signal rejected: volume: relVol 0.62 < 1.00
2025.08.08 22:30:00;VETO;outlier bar masked, z=4.0
2025.08.11 04:45:00;VETO;signal rejected: volume: relVol 0.78 < 1.00
2025.08.11 12:30:00;DECISION;setup SHORT score=0.65 entry=1.16 inv=1.17 tgt=0.00 AWAIT-RETEST [CHoCH short lvl=1.16|RelVol=1.11|Retest@1.16|VPnode d=0.00|VWAPside]
2025.08.11 12:30:00;DECISION;TP capped 0.00358 -> 0.00268 (3.0xATR)
2025.08.11 12:30:00;ERROR;limit SELL 0.46 @ 1.16 sl=1.17 tp=1.16 rc=10015 [WT|CHOCH|0.65|RL]
2025.08.11 12:45:00;DECISION;TP capped 0.00346 -> 0.00260 (3.0xATR)
2025.08.11 12:45:00;ORDER;filled SELL 0.48 lots sl=1.17 tp=1.16 [WT|CHOCH|0.65]
2025.08.11 12:45:00;RISK;sizing: vol_ratio=0.99 scalar=1.00 gap_buf=0.00030 eff_stop=0.00203
2025.08.11 12:45:00;ORDER;entry fill deal #33 SELL 0.48 @ 1.16426
2025.08.11 14:30:00;VETO;signal rejected: volume: relVol 0.97 < 1.00
2025.08.11 14:50:44;MANAGE;#34 SL 1.17 -> 1.16 breakeven
2025.08.11 14:50:44;MANAGE;#34 partial close 0.24 of 0.48 lots
2025.08.11 14:50:44;RISK;deal closed pnl=42.48 streak=0 lock=0
2025.08.11 14:50:44;MANAGE;#34 SL 1.16 -> 1.16 trail
2025.08.11 14:53:23;MANAGE;#34 SL 1.16 -> 1.16 trail
2025.08.11 15:10:19;MANAGE;#34 SL 1.16 -> 1.16 trail
2025.08.11 15:13:00;MANAGE;#34 SL 1.16 -> 1.16 trail
2025.08.11 15:13:05;MANAGE;#34 SL 1.16 -> 1.16 trail
2025.08.11 15:13:58;MANAGE;#34 SL 1.16 -> 1.16 trail
2025.08.11 15:14:32;MANAGE;#34 SL 1.16 -> 1.16 trail
2025.08.11 15:15:38;RISK;deal closed pnl=62.16 streak=0 lock=0
2025.08.11 17:15:00;VETO;outlier bar masked, z=4.0
2025.08.11 21:30:00;VETO;signal rejected: volume: relVol 0.73 < 1.00
2025.08.11 23:30:00;VETO;signal rejected: volume: relVol 0.77 < 1.00
2025.08.12 04:45:00;DECISION;setup LONG score=0.75 entry=1.16 inv=1.16 tgt=0.00 AWAIT-RETEST [BOS long lvl=1.16|RelVol=1.08|Retest@1.16|VPnode d=0.00|VWAPside|ADX=41]
2025.08.12 05:00:00;VETO;authorization denied: outside session window (server hour 05, window 12-20)
2025.08.12 05:15:00;VETO;authorization denied: outside session window (server hour 05, window 12-20)
2025.08.12 05:30:00;VETO;authorization denied: outside session window (server hour 05, window 12-20)
2025.08.12 05:45:00;VETO;authorization denied: outside session window (server hour 05, window 12-20)
2025.08.12 08:00:00;DECISION;setup LONG score=0.80 entry=1.16 inv=1.16 tgt=0.00 [BOS long lvl=1.16|RelVol=1.11|VPnear|VWAPside|CycleTurn w=-0.88<--0.90|ADX=35]
2025.08.12 08:00:00;VETO;authorization denied: outside session window (server hour 08, window 12-20)
2025.08.12 08:15:00;VETO;authorization denied: outside session window (server hour 08, window 12-20)
2025.08.12 08:30:00;VETO;authorization denied: outside session window (server hour 08, window 12-20)
2025.08.12 08:45:00;DECISION;setup SHORT score=0.85 entry=1.16 inv=1.16 tgt=0.00 AWAIT-RETEST [CHoCH short lvl=1.16|RelVol=1.22|Retest@1.16|VPnode d=0.00|VWAPside|CycleTurn w=0.64<-0.75]
2025.08.12 09:00:00;VETO;authorization denied: outside session window (server hour 09, window 12-20)
2025.08.12 09:15:00;VETO;authorization denied: outside session window (server hour 09, window 12-20)
2025.08.12 09:30:00;VETO;authorization denied: outside session window (server hour 09, window 12-20)
2025.08.12 09:45:00;VETO;authorization denied: outside session window (server hour 09, window 12-20)
2025.08.12 12:30:00;VETO;signal rejected: volume: relVol 0.89 < 1.00
2025.08.12 15:45:00;VETO;outlier bar masked, z=18.2
2025.08.12 16:00:00;VETO;outlier bar masked, z=5.3
2025.08.12 16:15:00;VETO;outlier bar masked, z=5.5
2025.08.12 16:30:00;VETO;outlier bar masked, z=5.7
2025.08.12 16:45:00;VETO;outlier bar masked, z=14.1
2025.08.12 17:00:00;VETO;outlier bar masked, z=8.4
2025.08.12 18:30:00;VETO;outlier bar masked, z=6.6
2025.08.12 18:45:00;VETO;outlier bar masked, z=5.8
2025.08.12 19:00:00;VETO;outlier bar masked, z=6.4
2025.08.13 02:15:00;VETO;signal rejected: volume: relVol 0.67 < 1.00
2025.08.13 06:45:00;VETO;signal rejected: volume: relVol 1.00 < 1.00
2025.08.13 09:45:00;DECISION;setup LONG score=0.85 entry=1.17 inv=1.17 tgt=0.00 AWAIT-RETEST [BOS long lvl=1.17|RelVol=1.08|Retest@1.17|VPnode d=0.00|VWAPside|CycleTurn w=-0.94<--1.00]
2025.08.13 10:15:00;VETO;outlier bar masked, z=4.1
2025.08.13 15:45:00;VETO;signal rejected: volume: relVol 0.66 < 1.00
2025.08.13 20:00:00;VETO;signal rejected: volume: relVol 0.75 < 1.00
2025.08.13 23:30:00;DECISION;setup LONG score=0.60 entry=1.17 inv=1.17 tgt=0.00 AWAIT-RETEST [CHoCH long lvl=1.17|RelVol=1.59|Retest@1.17|VWAPside|CycleTurn w=-0.89<--0.97]
2025.08.13 23:45:00;VETO;authorization denied: outside session window (server hour 23, window 12-20)
2025.08.14 00:01:28;VETO;authorization denied: outside session window (server hour 00, window 12-20)
2025.08.14 00:15:00;VETO;authorization denied: outside session window (server hour 00, window 12-20)
2025.08.14 00:30:00;VETO;authorization denied: outside session window (server hour 00, window 12-20)
2025.08.14 01:45:01;VETO;signal rejected: volume: relVol 0.42 < 1.00
2025.08.14 05:30:00;DECISION;setup SHORT score=0.70 entry=1.17 inv=1.17 tgt=0.00 AWAIT-RETEST [CHoCH short lvl=1.17|RelVol=1.11|Retest@1.17|VPnear|VWAPside|CycleTurn w=0.47<-0.94]
2025.08.14 09:45:00;DECISION;setup SHORT score=0.65 entry=1.17 inv=1.17 tgt=0.00 [BOS short lvl=1.17|RelVol=1.10|VPnode d=0.00|VWAPside]
2025.08.14 09:45:00;VETO;authorization denied: outside session window (server hour 09, window 12-20)
2025.08.14 10:00:00;VETO;authorization denied: outside session window (server hour 10, window 12-20)
2025.08.14 10:15:00;VETO;authorization denied: outside session window (server hour 10, window 12-20)
2025.08.14 10:30:00;VETO;authorization denied: outside session window (server hour 10, window 12-20)
2025.08.14 12:15:00;VETO;outlier bar masked, z=4.0
2025.08.14 15:30:00;VETO;signal rejected: volume: relVol 0.87 < 1.00
2025.08.14 15:45:00;VETO;outlier bar masked, z=9.3
2025.08.14 16:00:00;VETO;outlier bar masked, z=6.4
2025.08.14 16:30:00;VETO;outlier bar masked, z=4.2
2025.08.14 19:15:00;VETO;signal rejected: score 0.50 < 0.55 [BOS short lvl=1.16|RelVol=1.09|VWAPside|ADX=37]
2025.08.14 22:15:01;DECISION;setup LONG score=0.55 entry=1.16 inv=1.16 tgt=0.00 AWAIT-RETEST [CHoCH long lvl=1.16|RelVol=1.03|Retest@1.16|VPnode d=0.00]
2025.08.14 22:30:00;VETO;authorization denied: outside session window (server hour 22, window 12-20)
2025.08.14 22:45:00;VETO;authorization denied: outside session window (server hour 22, window 12-20)
2025.08.14 23:00:00;VETO;authorization denied: outside session window (server hour 23, window 12-20)
2025.08.14 23:15:00;VETO;authorization denied: outside session window (server hour 23, window 12-20)
2025.08.15 01:15:00;VETO;signal rejected: volume: relVol 0.80 < 1.00
2025.08.15 04:30:00;VETO;signal rejected: volume: relVol 0.78 < 1.00
2025.08.15 06:15:01;VETO;signal rejected: volume: relVol 1.00 < 1.00
2025.08.15 09:00:00;VETO;signal rejected: volume: relVol 0.83 < 1.00
2025.08.15 12:15:00;VETO;signal rejected: volume: relVol 0.83 < 1.00
2025.08.15 15:45:00;VETO;outlier bar masked, z=7.6
2025.08.15 19:30:00;VETO;signal rejected: volume: relVol 0.66 < 1.00
2025.08.15 23:15:04;VETO;signal rejected: volume: relVol 0.58 < 1.00
2025.08.18 00:15:00;VETO;signal rejected: volume: relVol 0.31 < 1.00
2025.08.18 04:15:00;VETO;signal rejected: volume: relVol 0.86 < 1.00
2025.08.18 07:45:00;DECISION;setup LONG score=0.65 entry=1.17 inv=1.17 tgt=0.00 AWAIT-RETEST [CHoCH long lvl=1.17|RelVol=1.08|Retest@1.17|VPnode d=0.00|VWAPside]
2025.08.18 08:15:00;VETO;authorization denied: outside session window (server hour 08, window 12-20)
2025.08.18 08:30:00;VETO;authorization denied: outside session window (server hour 08, window 12-20)
2025.08.18 08:45:00;VETO;authorization denied: outside session window (server hour 08, window 12-20)
2025.08.18 09:00:00;VETO;authorization denied: outside session window (server hour 09, window 12-20)
2025.08.18 11:00:00;VETO;outlier bar masked, z=6.9
2025.08.18 11:30:00;VETO;outlier bar masked, z=3.5
2025.08.18 15:00:00;VETO;outlier bar masked, z=3.7
2025.08.18 15:45:00;VETO;signal rejected: volume: relVol 0.66 < 1.00
2025.08.18 18:00:00;VETO;signal rejected: volume: relVol 0.86 < 1.00
2025.08.18 20:00:00;VETO;signal rejected: volume: relVol 0.78 < 1.00
2025.08.18 22:30:00;VETO;signal rejected: volume: relVol 0.82 < 1.00
2025.08.19 01:15:00;VETO;outlier bar masked, z=4.9
2025.08.19 03:45:01;VETO;signal rejected: volume: relVol 0.81 < 1.00
2025.08.19 04:30:00;VETO;outlier bar masked, z=4.4
2025.08.19 06:30:00;DECISION;setup LONG score=0.60 entry=1.17 inv=1.16 tgt=0.00 AWAIT-RETEST [CHoCH long lvl=1.17|RelVol=1.04|Retest@1.17|VPnear|CycleTurn w=-0.42<--0.85]
2025.08.19 06:45:00;VETO;authorization denied: outside session window (server hour 06, window 12-20)
2025.08.19 07:00:00;VETO;authorization denied: outside session window (server hour 07, window 12-20)
2025.08.19 07:15:02;VETO;authorization denied: outside session window (server hour 07, window 12-20)
2025.08.19 07:30:00;VETO;authorization denied: outside session window (server hour 07, window 12-20)
2025.08.19 10:00:00;VETO;signal rejected: volume: relVol 0.86 < 1.00
2025.08.19 13:30:00;VETO;signal rejected: volume: relVol 0.87 < 1.00
2025.08.19 17:45:00;VETO;signal rejected: volume: relVol 0.59 < 1.00
2025.08.19 21:15:03;VETO;signal rejected: volume: relVol 0.69 < 1.00
2025.08.20 03:15:00;VETO;signal rejected: volume: relVol 0.96 < 1.00
2025.08.20 04:30:00;VETO;signal rejected: score 0.50 < 0.55 [BOS short lvl=1.16|RelVol=1.09|VWAPside|ADX=57]
2025.08.20 09:00:00;VETO;signal rejected: volume: relVol 0.78 < 1.00
2025.08.20 09:15:00;VETO;outlier bar masked, z=5.2
2025.08.20 10:30:00;VETO;signal rejected: volume: relVol 0.85 < 1.00
2025.08.20 13:15:00;VETO;signal rejected: volume: relVol 0.81 < 1.00
2025.08.20 15:45:00;VETO;outlier bar masked, z=4.0
2025.08.20 19:00:00;VETO;signal rejected: volume: relVol 0.98 < 1.00
2025.08.20 21:00:00;VETO;signal rejected: volume: relVol 0.97 < 1.00
2025.08.20 23:15:00;VETO;signal rejected: volume: relVol 0.85 < 1.00
2025.08.21 03:30:00;VETO;signal rejected: volume: relVol 0.80 < 1.00
2025.08.21 09:00:00;VETO;signal rejected: volume: relVol 0.84 < 1.00
2025.08.21 09:30:00;VETO;signal rejected: volume: relVol 0.96 < 1.00
2025.08.21 10:45:00;VETO;outlier bar masked, z=3.6
2025.08.21 15:45:00;VETO;outlier bar masked, z=4.3
2025.08.21 16:45:00;VETO;signal rejected: volume: relVol 0.95 < 1.00
2025.08.21 17:00:00;VETO;outlier bar masked, z=5.5
2025.08.21 17:45:00;VETO;outlier bar masked, z=3.6
2025.08.21 18:15:01;VETO;outlier bar masked, z=3.8
2025.08.21 18:30:00;VETO;outlier bar masked, z=7.4
2025.08.22 03:30:00;VETO;signal rejected: volume: relVol 0.91 < 1.00
2025.08.22 05:00:00;VETO;signal rejected: volume: relVol 0.88 < 1.00
2025.08.22 06:30:00;VETO;signal rejected: volume: relVol 0.77 < 1.00
2025.08.22 12:00:00;VETO;signal rejected: volume: relVol 0.82 < 1.00
2025.08.22 14:45:00;VETO;signal rejected: volume: relVol 0.70 < 1.00
2025.08.22 17:15:00;VETO;outlier bar masked, z=39.1
2025.08.22 17:30:00;VETO;outlier bar masked, z=9.5
2025.08.22 17:45:00;VETO;outlier bar masked, z=6.4
2025.08.22 18:00:00;VETO;outlier bar masked, z=7.4
2025.08.22 18:15:00;VETO;outlier bar masked, z=4.0
2025.08.22 18:30:00;VETO;outlier bar masked, z=5.3
2025.08.22 18:45:00;VETO;outlier bar masked, z=4.3
2025.08.22 20:15:00;VETO;signal rejected: score 0.50 < 0.55 [BOS long lvl=1.17|RelVol=1.23|VWAPside|ADX=44]
2025.08.25 01:45:00;DECISION;setup SHORT score=0.65 entry=1.17 inv=1.17 tgt=0.00 AWAIT-RETEST [CHoCH short lvl=1.17|RelVol=6.07|Retest@1.17|VPnode d=0.00|VWAPside]
2025.08.25 02:00:00;VETO;authorization denied: outside session window (server hour 02, window 12-20)
2025.08.25 02:15:00;VETO;authorization denied: outside session window (server hour 02, window 12-20)
2025.08.25 02:30:00;VETO;authorization denied: outside session window (server hour 02, window 12-20)
2025.08.25 02:45:00;VETO;authorization denied: outside session window (server hour 02, window 12-20)
2025.08.25 06:15:01;VETO;signal rejected: volume: relVol 0.81 < 1.00
2025.08.25 09:15:00;VETO;signal rejected: volume: relVol 0.85 < 1.00
2025.08.25 11:00:00;VETO;outlier bar masked, z=3.9
2025.08.25 13:00:00;VETO;signal rejected: volume: relVol 0.70 < 1.00
2025.08.25 16:45:00;VETO;signal rejected: volume: relVol 0.71 < 1.00
2025.08.25 18:15:00;VETO;signal rejected: volume: relVol 0.94 < 1.00
2025.08.25 22:15:00;VETO;outlier bar masked, z=4.6
2025.08.26 03:15:00;VETO;outlier bar masked, z=12.1
2025.08.26 03:45:00;VETO;outlier bar masked, z=4.0
2025.08.26 05:45:00;DECISION;setup SHORT score=0.85 entry=1.16 inv=1.17 tgt=0.00 AWAIT-RETEST [CHoCH short lvl=1.16|RelVol=1.31|Retest@1.16|VPnode d=0.00|VWAPside|CycleTurn w=0.98<-0.98]
2025.08.26 06:00:00;VETO;authorization denied: outside session window (server hour 06, window 12-20)
2025.08.26 06:15:00;VETO;authorization denied: outside session window (server hour 06, window 12-20)
2025.08.26 06:30:00;VETO;authorization denied: outside session window (server hour 06, window 12-20)
2025.08.26 06:45:00;VETO;authorization denied: outside session window (server hour 06, window 12-20)
2025.08.26 09:30:00;VETO;outlier bar masked, z=3.9
2025.08.26 10:00:00;DECISION;setup SHORT score=0.85 entry=1.16 inv=1.16 tgt=0.00 [BOS short lvl=1.16|RelVol=1.31|VPnode d=0.00|VWAPside|CycleTurn w=0.19<-0.83]
2025.08.26 10:00:00;VETO;authorization denied: outside session window (server hour 10, window 12-20)
2025.08.26 10:15:00;VETO;outlier bar masked, z=5.4
2025.08.26 10:30:00;VETO;outlier bar masked, z=3.6
2025.08.26 10:45:00;VETO;authorization denied: outside session window (server hour 10, window 12-20)
2025.08.26 11:00:00;VETO;authorization denied: outside session window (server hour 11, window 12-20)
2025.08.26 11:15:00;VETO;authorization denied: outside session window (server hour 11, window 12-20)
2025.08.26 11:30:00;VETO;outlier bar masked, z=3.7
2025.08.26 14:00:00;VETO;signal rejected: volume: relVol 0.91 < 1.00
2025.08.26 20:45:00;VETO;signal rejected: volume: relVol 0.81 < 1.00
2025.08.27 05:15:01;VETO;signal rejected: volume: relVol 0.82 < 1.00
2025.08.27 07:15:00;VETO;signal rejected: volume: relVol 0.80 < 1.00
2025.08.27 10:15:00;VETO;signal rejected: volume: relVol 0.74 < 1.00
2025.08.27 14:15:00;VETO;outlier bar masked, z=3.6
2025.08.27 16:15:00;VETO;signal rejected: volume: relVol 0.84 < 1.00
2025.08.27 17:00:00;VETO;outlier bar masked, z=4.8
2025.08.27 18:15:00;VETO;outlier bar masked, z=4.0
2025.08.27 20:00:00;VETO;outlier bar masked, z=3.6
2025.08.28 01:15:00;DECISION;setup LONG score=0.95 entry=1.16 inv=1.16 tgt=0.00 [BOS long lvl=1.16|RelVol=1.16|VPnode d=0.00|VWAPside|CycleTurn w=-1.00<--1.00|ADX=31]
2025.08.28 01:15:00;VETO;authorization denied: outside session window (server hour 01, window 12-20)
2025.08.28 01:30:00;VETO;authorization denied: outside session window (server hour 01, window 12-20)
2025.08.28 01:45:00;VETO;authorization denied: outside session window (server hour 01, window 12-20)
2025.08.28 02:00:00;VETO;authorization denied: outside session window (server hour 02, window 12-20)
2025.08.28 04:15:00;VETO;signal rejected: volume: relVol 0.81 < 1.00
2025.08.28 07:15:04;DECISION;setup SHORT score=0.65 entry=1.16 inv=1.17 tgt=0.00 AWAIT-RETEST [CHoCH short lvl=1.16|RelVol=1.04|Retest@1.16|VPnode d=0.00|VWAPside]
2025.08.28 07:30:00;VETO;authorization denied: outside session window (server hour 07, window 12-20)
2025.08.28 07:45:00;VETO;authorization denied: outside session window (server hour 07, window 12-20)
2025.08.28 08:00:00;VETO;authorization denied: outside session window (server hour 08, window 12-20)
2025.08.28 08:15:00;VETO;authorization denied: outside session window (server hour 08, window 12-20)
2025.08.28 11:30:00;DECISION;setup SHORT score=0.65 entry=1.16 inv=1.16 tgt=0.00 [BOS short lvl=1.16|RelVol=1.08|VPnode d=0.00|VWAPside]
2025.08.28 11:30:00;VETO;authorization denied: outside session window (server hour 11, window 12-20)
2025.08.28 11:45:00;VETO;authorization denied: outside session window (server hour 11, window 12-20)
2025.08.28 12:00:00;ORDER;filled SELL 0.89 lots sl=1.16 tp=1.16 [WT|BOS|0.65]
2025.08.28 12:00:00;RISK;sizing: vol_ratio=1.24 scalar=1.00 gap_buf=0.00039 eff_stop=0.00110
2025.08.28 12:00:00;ORDER;entry fill deal #36 SELL 0.89 @ 1.16419
2025.08.28 12:09:13;RISK;deal closed pnl=-65.86 streak=1 lock=0
2025.08.28 12:15:00;VETO;signal rejected: volume: relVol 0.87 < 1.00
2025.08.28 15:45:00;VETO;outlier bar masked, z=5.4
2025.08.28 16:00:00;VETO;outlier bar masked, z=4.2
2025.08.28 17:15:00;VETO;outlier bar masked, z=4.0
2025.08.28 20:00:01;VETO;signal rejected: volume: relVol 0.76 < 1.00
2025.08.28 22:45:00;VETO;signal rejected: volume: relVol 0.62 < 1.00
2025.08.29 01:45:00;VETO;signal rejected: volume: relVol 0.65 < 1.00
2025.08.29 02:45:00;VETO;signal rejected: volume: relVol 0.88 < 1.00
2025.08.29 04:30:00;DECISION;setup SHORT score=0.65 entry=1.17 inv=1.17 tgt=0.00 AWAIT-RETEST [CHoCH short lvl=1.17|RelVol=1.33|Retest@1.17|VPnode d=0.00|VWAPside]
2025.08.29 09:00:00;VETO;signal rejected: volume: relVol 0.90 < 1.00
2025.08.29 11:00:00;VETO;signal rejected: volume: relVol 0.89 < 1.00
2025.08.29 15:15:00;VETO;signal rejected: volume: relVol 0.91 < 1.00
2025.08.29 17:45:00;VETO;signal rejected: score 0.40 < 0.55 [CHoCH long lvl=1.17|RelVol=1.24|Retest@1.17|VWAPside]
2025.08.29 18:00:00;VETO;outlier bar masked, z=4.7
2025.08.29 21:30:00;VETO;signal rejected: volume: relVol 0.59 < 1.00
2025.08.29 23:45:00;VETO;signal rejected: volume: relVol 0.83 < 1.00
2025.09.01 03:15:01;VETO;signal rejected: volume: relVol 0.65 < 1.00
2025.09.01 05:15:00;VETO;signal rejected: score 0.40 < 0.55 [BOS long lvl=1.17|RelVol=1.29|VWAPside]
2025.09.01 09:00:00;VETO;signal rejected: volume: relVol 0.89 < 1.00
2025.09.01 12:00:00;VETO;signal rejected: volume: relVol 0.97 < 1.00
2025.09.01 15:00:00;VETO;signal rejected: volume: relVol 0.81 < 1.00
2025.09.01 18:30:00;VETO;signal rejected: volume: relVol 0.42 < 1.00
2025.09.01 21:30:00;VETO;signal rejected: volume: relVol 0.28 < 1.00
2025.09.02 02:45:00;VETO;signal rejected: volume: relVol 0.73 < 1.00
2025.09.02 04:00:00;DECISION;setup SHORT score=0.65 entry=1.17 inv=1.17 tgt=0.00 AWAIT-RETEST [CHoCH short lvl=1.17|RelVol=1.09|Retest@1.17|VPnode d=0.00|VWAPside]
2025.09.02 04:15:01;VETO;authorization denied: outside session window (server hour 04, window 12-20)
2025.09.02 04:30:00;VETO;authorization denied: outside session window (server hour 04, window 12-20)
2025.09.02 04:45:00;VETO;authorization denied: outside session window (server hour 04, window 12-20)
2025.09.02 05:00:00;VETO;authorization denied: outside session window (server hour 05, window 12-20)
2025.09.02 07:15:00;DECISION;setup SHORT score=0.60 entry=1.17 inv=1.17 tgt=0.00 [BOS short lvl=1.17|RelVol=1.06|VPnear|VWAPside|ADX=37]
2025.09.02 07:15:00;VETO;authorization denied: outside session window (server hour 07, window 12-20)
2025.09.02 07:30:00;VETO;authorization denied: outside session window (server hour 07, window 12-20)
2025.09.02 07:45:00;VETO;authorization denied: outside session window (server hour 07, window 12-20)
2025.09.02 08:00:00;VETO;authorization denied: outside session window (server hour 08, window 12-20)
2025.09.02 08:30:00;VETO;signal rejected: volume: relVol 0.84 < 1.00
2025.09.02 09:15:00;DECISION;setup LONG score=0.60 entry=1.17 inv=1.17 tgt=0.00 AWAIT-RETEST [CHoCH long lvl=1.17|RelVol=1.02|Retest@1.17|VPnear|CycleTurn w=0.44<--0.62]
2025.09.02 09:30:00;VETO;authorization denied: outside session window (server hour 09, window 12-20)
2025.09.02 09:45:00;VETO;authorization denied: outside session window (server hour 09, window 12-20)
2025.09.02 10:00:00;VETO;authorization denied: outside session window (server hour 10, window 12-20)
2025.09.02 10:15:00;VETO;outlier bar masked, z=7.0
2025.09.02 10:30:00;VETO;outlier bar masked, z=4.6
2025.09.02 11:00:00;VETO;outlier bar masked, z=11.3
2025.09.02 11:15:00;VETO;outlier bar masked, z=4.0
2025.09.02 11:30:00;VETO;outlier bar masked, z=4.9
2025.09.02 11:45:00;VETO;outlier bar masked, z=5.6
2025.09.02 12:15:00;VETO;outlier bar masked, z=3.6
2025.09.02 12:30:00;VETO;outlier bar masked, z=3.8
2025.09.02 13:30:00;VETO;outlier bar masked, z=3.8
2025.09.02 15:00:00;DECISION;setup LONG score=0.55 entry=1.16 inv=1.16 tgt=0.00 AWAIT-RETEST [CHoCH long lvl=1.16|RelVol=1.40|Retest@1.16|VPnode d=0.00]
2025.09.02 15:00:00;DECISION;TP capped 0.00412 -> 0.00324 (3.0xATR)
2025.09.02 15:00:00;ORDER;limit BUY 0.37 @ 1.16 sl=1.16 tp=1.17 rc=10009 [WT|CHOCH|0.55|RL]
2025.09.02 15:00:00;RISK;sizing: vol_ratio=1.84 scalar=1.00 gap_buf=0.00056 eff_stop=0.00261
2025.09.02 15:10:56;ORDER;entry fill deal #38 BUY 0.37 @ 1.16438
2025.09.02 15:34:51;RISK;deal closed pnl=-81.40 streak=1 lock=0
2025.09.02 15:45:00;DECISION;setup SHORT score=0.60 entry=1.16 inv=1.16 tgt=0.00 AWAIT-RETEST [CHoCH short lvl=1.16|RelVol=1.07|Retest@1.16|VWAPside|CycleTurn w=0.98<-0.99]
2025.09.02 15:45:00;DECISION;TP capped 0.00415 -> 0.00340 (3.0xATR)
2025.09.02 15:45:00;ORDER;limit SELL 0.36 @ 1.16 sl=1.16 tp=1.16 rc=10009 [WT|CHOCH|0.60|RL]
2025.09.02 15:45:00;RISK;sizing: vol_ratio=1.80 scalar=1.00 gap_buf=0.00057 eff_stop=0.00264
2025.09.02 16:02:47;ORDER;entry fill deal #40 SELL 0.36 @ 1.16206
2025.09.02 16:15:00;VETO;outlier bar masked, z=5.6
2025.09.02 16:17:06;RISK;deal closed pnl=-75.60 streak=2 lock=0
2025.09.02 17:15:00;VETO;outlier bar masked, z=6.4
2025.09.03 03:00:00;VETO;signal rejected: volume: relVol 1.00 < 1.00
2025.09.03 07:00:00;VETO;signal rejected: volume: relVol 0.69 < 1.00
2025.09.03 09:30:00;VETO;signal rejected: volume: relVol 0.73 < 1.00
2025.09.03 10:30:00;VETO;outlier bar masked, z=4.6
2025.09.03 11:15:00;VETO;signal rejected: score 0.50 < 0.55 [CHoCH long lvl=1.16|RelVol=1.32|Retest@1.16|VPnear|VWAPside]
2025.09.03 17:15:00;VETO;outlier bar masked, z=7.6
2025.09.03 18:15:00;VETO;outlier bar masked, z=4.1
2025.09.03 21:00:00;DECISION;setup SHORT score=0.55 entry=1.17 inv=1.17 tgt=0.00 AWAIT-RETEST [CHoCH short lvl=1.17|RelVol=1.14|Retest@1.17|VPnode d=0.00]
2025.09.03 21:15:00;VETO;authorization denied: outside session window (server hour 21, window 12-20)
2025.09.03 21:30:00;VETO;authorization denied: outside session window (server hour 21, window 12-20)
2025.09.03 21:45:00;VETO;authorization denied: outside session window (server hour 21, window 12-20)
2025.09.03 22:00:00;VETO;authorization denied: outside session window (server hour 22, window 12-20)
2025.09.03 23:00:00;VETO;signal rejected: volume: relVol 0.79 < 1.00
2025.09.04 04:15:00;DECISION;setup SHORT score=0.65 entry=1.17 inv=1.17 tgt=0.00 [BOS short lvl=1.17|RelVol=1.19|VPnode d=0.00|VWAPside]
2025.09.04 04:15:00;VETO;authorization denied: outside session window (server hour 04, window 12-20)
2025.09.04 04:30:00;VETO;authorization denied: outside session window (server hour 04, window 12-20)
2025.09.04 04:45:00;VETO;authorization denied: outside session window (server hour 04, window 12-20)
2025.09.04 05:00:00;VETO;authorization denied: outside session window (server hour 05, window 12-20)
2025.09.04 06:15:00;DECISION;setup SHORT score=0.60 entry=1.17 inv=1.17 tgt=0.00 [BOS short lvl=1.17|RelVol=1.07|VPnear|VWAPside|ADX=30]
2025.09.04 06:15:00;VETO;authorization denied: outside session window (server hour 06, window 12-20)
2025.09.04 06:30:00;VETO;authorization denied: outside session window (server hour 06, window 12-20)
2025.09.04 06:45:00;VETO;authorization denied: outside session window (server hour 06, window 12-20)
2025.09.04 07:00:00;VETO;authorization denied: outside session window (server hour 07, window 12-20)
2025.09.04 12:30:01;DECISION;setup SHORT score=0.70 entry=1.16 inv=1.17 tgt=0.00 [BOS short lvl=1.16|RelVol=1.16|VPnear|VWAPside|CycleTurn w=0.77<-0.83]
2025.09.04 12:30:01;DECISION;TP capped 0.00386 -> 0.00289 (3.0xATR)
2025.09.04 12:30:01;ORDER;filled SELL 0.41 lots sl=1.17 tp=1.16 [WT|BOS|0.70]
2025.09.04 12:30:01;RISK;sizing: vol_ratio=1.23 scalar=1.00 gap_buf=0.00040 eff_stop=0.00233
2025.09.04 12:30:01;ORDER;entry fill deal #42 SELL 0.41 @ 1.16415
2025.09.04 13:15:00;VETO;outlier bar masked, z=3.5
2025.09.04 15:30:00;VETO;outlier bar masked, z=3.8
2025.09.04 15:45:00;VETO;outlier bar masked, z=7.0
2025.09.04 16:00:00;VETO;outlier bar masked, z=4.5
2025.09.04 16:30:00;VETO;outlier bar masked, z=3.8
2025.09.04 22:15:00;VETO;signal rejected: volume: relVol 0.71 < 1.00
2025.09.05 02:45:15;DECISION;setup LONG score=0.85 entry=1.17 inv=1.16 tgt=0.00 AWAIT-RETEST [BOS long lvl=1.17|RelVol=1.32|Retest@1.17|VPnode d=0.00|VWAPside|CycleTurn w=0.60<-0.44]
2025.09.05 03:30:03;VETO;authorization denied: outside session window (server hour 03, window 12-20)
2025.09.05 03:45:03;VETO;authorization denied: outside session window (server hour 03, window 12-20)
2025.09.05 03:58:31;RISK;deal closed pnl=-79.95 streak=1 lock=0
2025.09.05 04:00:00;VETO;authorization denied: outside session window (server hour 04, window 12-20)
2025.09.05 04:15:00;VETO;authorization denied: outside session window (server hour 04, window 12-20)
2025.09.05 09:00:00;VETO;signal rejected: volume: relVol 0.99 < 1.00
2025.09.05 11:00:00;VETO;signal rejected: volume: relVol 0.69 < 1.00
2025.09.05 13:30:00;DECISION;setup LONG score=0.75 entry=1.17 inv=1.17 tgt=0.00 [BOS long lvl=1.17|RelVol=1.09|VPnode d=0.00|VWAPside|ADX=39]
2025.09.05 13:30:00;DECISION;TP capped 0.00590 -> 0.00443 (3.0xATR)
2025.09.05 13:30:00;ORDER;filled BUY 0.29 lots sl=1.17 tp=1.17 [WT|BOS|0.75]
2025.09.05 13:30:00;RISK;sizing: vol_ratio=0.99 scalar=1.00 gap_buf=0.00029 eff_stop=0.00325
2025.09.05 13:30:00;ORDER;entry fill deal #44 BUY 0.29 @ 1.16942
2025.09.05 15:15:00;VETO;outlier bar masked, z=4.8
2025.09.05 15:30:01;MANAGE;#45 SL 1.17 -> 1.17 breakeven
2025.09.05 15:30:01;MANAGE;#45 partial close 0.14 of 0.29 lots
2025.09.05 15:30:01;RISK;deal closed pnl=43.12 streak=0 lock=0
2025.09.05 15:30:01;MANAGE;#45 SL 1.17 -> 1.17 trail
2025.09.05 15:30:01;MANAGE;#45 SL 1.17 -> 1.17 trail
2025.09.05 15:30:02;MANAGE;#45 SL 1.17 -> 1.17 trail
2025.09.05 15:30:02;MANAGE;#45 SL 1.17 -> 1.17 trail
2025.09.05 15:30:03;MANAGE;#45 SL 1.17 -> 1.17 trail
2025.09.05 15:30:04;MANAGE;#45 SL 1.17 -> 1.17 trail
2025.09.05 15:30:04;MANAGE;#45 SL 1.17 -> 1.17 trail
2025.09.05 15:30:04;MANAGE;#45 SL 1.17 -> 1.17 trail
2025.09.05 15:30:04;MANAGE;#45 SL 1.17 -> 1.17 trail
2025.09.05 15:30:05;MANAGE;#45 SL 1.17 -> 1.17 trail
2025.09.05 15:30:05;MANAGE;#45 SL 1.17 -> 1.17 trail
2025.09.05 15:30:05;MANAGE;#45 SL 1.17 -> 1.17 trail
2025.09.05 15:30:05;RISK;deal closed pnl=66.45 streak=0 lock=0
2025.09.05 15:45:00;VETO;outlier bar masked, z=18.1
2025.09.05 16:00:00;VETO;outlier bar masked, z=4.9
2025.09.05 16:30:00;VETO;outlier bar masked, z=5.3
2025.09.05 16:45:00;VETO;outlier bar masked, z=6.4
2025.09.05 17:00:00;VETO;outlier bar masked, z=3.8
2025.09.05 17:15:00;VETO;outlier bar masked, z=4.8
2025.09.05 17:30:00;VETO;outlier bar masked, z=3.7
2025.09.05 17:45:00;VETO;outlier bar masked, z=3.7
2025.09.05 21:15:00;VETO;signal rejected: volume: relVol 0.93 < 1.00
2025.09.08 01:45:00;DECISION;setup SHORT score=0.75 entry=1.17 inv=1.17 tgt=0.00 [BOS short lvl=1.17|RelVol=1.08|VPnode d=0.00|VWAPside|ADX=31]
2025.09.08 01:45:00;VETO;authorization denied: outside session window (server hour 01, window 12-20)
2025.09.08 02:00:00;VETO;authorization denied: outside session window (server hour 02, window 12-20)
2025.09.08 02:15:00;VETO;authorization denied: outside session window (server hour 02, window 12-20)
2025.09.08 02:30:03;VETO;authorization denied: outside session window (server hour 02, window 12-20)
2025.09.08 07:15:00;VETO;signal rejected: volume: relVol 0.99 < 1.00
2025.09.08 08:15:04;VETO;signal rejected: volume: relVol 0.88 < 1.00
2025.09.08 16:15:00;VETO;outlier bar masked, z=3.8
2025.09.08 19:45:00;DECISION;setup SHORT score=0.55 entry=1.17 inv=1.18 tgt=0.00 AWAIT-RETEST [CHoCH short lvl=1.17|RelVol=1.35|Retest@1.17|VPnode d=0.00]
2025.09.08 19:45:00;DECISION;TP capped 0.00291 -> 0.00219 (3.0xATR)
2025.09.08 19:45:00;ORDER;limit SELL 0.53 @ 1.17 sl=1.18 tp=1.17 rc=10009 [WT|CHOCH|0.55|RL]
2025.09.08 19:45:00;RISK;sizing: vol_ratio=1.08 scalar=1.00 gap_buf=0.00035 eff_stop=0.00181
2025.09.08 19:45:00;ORDER;entry fill deal #47 SELL 0.53 @ 1.17383
2025.09.08 21:22:04;RISK;deal closed pnl=-75.26 streak=1 lock=0
2025.09.08 21:30:02;DECISION;setup LONG score=0.60 entry=1.18 inv=1.17 tgt=0.00 AWAIT-RETEST [CHoCH long lvl=1.18|RelVol=1.04|Retest@1.18|VWAPside|CycleTurn w=-0.94<--0.99]
2025.09.08 21:45:00;VETO;authorization denied: outside session window (server hour 21, window 12-20)
2025.09.08 22:00:00;VETO;authorization denied: outside session window (server hour 22, window 12-20)
2025.09.08 22:15:00;VETO;authorization denied: outside session window (server hour 22, window 12-20)
2025.09.08 22:30:00;VETO;authorization denied: outside session window (server hour 22, window 12-20)
2025.09.09 02:15:00;VETO;signal rejected: volume: relVol 0.98 < 1.00
2025.09.09 05:00:00;VETO;signal rejected: volume: relVol 0.76 < 1.00
2025.09.09 07:00:00;VETO;signal rejected: volume: relVol 0.82 < 1.00
2025.09.09 09:00:00;DECISION;setup LONG score=0.65 entry=1.18 inv=1.18 tgt=0.00 AWAIT-RETEST [CHoCH long lvl=1.18|RelVol=1.10|Retest@1.18|VPnode d=0.00|VWAPside]
2025.09.09 09:15:01;VETO;authorization denied: outside session window (server hour 09, window 12-20)
2025.09.09 09:30:00;VETO;authorization denied: outside session window (server hour 09, window 12-20)
2025.09.09 09:45:00;DECISION;setup SHORT score=0.70 entry=1.18 inv=1.18 tgt=0.00 AWAIT-RETEST [CHoCH short lvl=1.18|RelVol=1.11|Retest@1.18|VPnear|VWAPside|CycleTurn w=0.19<-0.93]
2025.09.09 10:00:00;VETO;authorization denied: outside session window (server hour 10, window 12-20)
2025.09.09 10:15:00;VETO;authorization denied: outside session window (server hour 10, window 12-20)
2025.09.09 10:30:00;VETO;authorization denied: outside session window (server hour 10, window 12-20)
2025.09.09 10:45:00;VETO;authorization denied: outside session window (server hour 10, window 12-20)
2025.09.09 15:00:00;VETO;signal rejected: score 0.50 < 0.55 [BOS short lvl=1.17|RelVol=1.06|VWAPside|ADX=34]
2025.09.09 17:15:00;VETO;outlier bar masked, z=10.5
2025.09.09 18:15:00;DECISION;setup SHORT score=0.60 entry=1.17 inv=1.18 tgt=0.00 [BOS short lvl=1.17|RelVol=1.12|VWAPside|CycleTurn w=-0.78<--0.34]
2025.09.09 18:15:00;DECISION;TP capped 0.00798 -> 0.00599 (3.0xATR)
2025.09.09 18:15:00;ORDER;filled SELL 0.21 lots sl=1.18 tp=1.17 [WT|BOS|0.60]
2025.09.09 18:15:00;RISK;sizing: vol_ratio=1.74 scalar=1.00 gap_buf=0.00058 eff_stop=0.00457
2025.09.09 18:15:00;ORDER;entry fill deal #49 SELL 0.21 @ 1.17223
2025.09.09 20:45:00;VETO;signal rejected: score 0.50 < 0.55 [BOS short lvl=1.17|RelVol=1.30|VWAPside|ADX=36]
2025.09.10 00:01:29;VETO;signal rejected: volume: relVol 0.75 < 1.00
2025.09.10 01:45:05;VETO;signal rejected: volume: relVol 0.42 < 1.00
2025.09.10 02:30:00;DECISION;setup SHORT score=0.70 entry=1.17 inv=1.17 tgt=0.00 AWAIT-RETEST [CHoCH short lvl=1.17|RelVol=2.01|Retest@1.17|VPnear|VWAPside|CycleTurn w=0.99<-1.00]
2025.09.10 03:00:00;VETO;authorization denied: outside session window (server hour 03, window 12-20)
2025.09.10 03:15:00;VETO;authorization denied: outside session window (server hour 03, window 12-20)
2025.09.10 03:30:06;VETO;authorization denied: outside session window (server hour 03, window 12-20)
2025.09.10 03:45:03;VETO;authorization denied: outside session window (server hour 03, window 12-20)
2025.09.10 04:30:00;VETO;signal rejected: volume: relVol 0.77 < 1.00
2025.09.10 08:00:00;DECISION;setup LONG score=0.65 entry=1.17 inv=1.17 tgt=0.00 AWAIT-RETEST [CHoCH long lvl=1.17|RelVol=1.18|Retest@1.17|VPnode d=0.00|VWAPside]
2025.09.10 08:15:02;VETO;authorization denied: outside session window (server hour 08, window 12-20)
2025.09.10 08:30:00;VETO;authorization denied: outside session window (server hour 08, window 12-20)
2025.09.10 08:45:00;VETO;authorization denied: outside session window (server hour 08, window 12-20)
2025.09.10 09:00:00;VETO;authorization denied: outside session window (server hour 09, window 12-20)
2025.09.10 10:00:00;VETO;outlier bar masked, z=5.7
2025.09.10 12:45:00;DECISION;setup LONG score=0.85 entry=1.17 inv=1.17 tgt=0.00 AWAIT-RETEST [CHoCH long lvl=1.17|RelVol=1.14|Retest@1.17|VPnode d=0.00|VWAPside|CycleTurn w=-0.55<--0.92]
2025.09.10 12:45:00;VETO;retest limit risk veto: max positions
2025.09.10 13:15:00;DECISION;TP capped 0.00350 -> 0.00263 (3.0xATR)
2025.09.10 13:15:00;VETO;risk veto: max positions
2025.09.10 15:15:00;VETO;outlier bar masked, z=3.8
2025.09.10 15:45:00;VETO;outlier bar masked, z=9.0
2025.09.10 16:00:00;VETO;outlier bar masked, z=3.8
2025.09.10 22:15:01;VETO;signal rejected: volume: relVol 0.75 < 1.00
2025.09.11 09:00:00;DECISION;setup SHORT score=0.85 entry=1.17 inv=1.17 tgt=0.00 AWAIT-RETEST [BOS short lvl=1.17|RelVol=1.25|Retest@1.17|VPnode d=0.00|VWAPside|CycleTurn w=-0.29<-0.78]
2025.09.11 09:15:00;VETO;authorization denied: outside session window (server hour 09, window 12-20)
2025.09.11 09:30:00;VETO;authorization denied: outside session window (server hour 09, window 12-20)
2025.09.11 09:45:00;VETO;authorization denied: outside session window (server hour 09, window 12-20)
2025.09.11 10:00:00;VETO;authorization denied: outside session window (server hour 10, window 12-20)
2025.09.11 12:40:39;MANAGE;#50 SL 1.18 -> 1.17 breakeven
2025.09.11 12:40:39;MANAGE;#50 partial close 0.10 of 0.21 lots
2025.09.11 12:40:39;RISK;deal closed pnl=39.80 streak=0 lock=0
2025.09.11 12:40:39;MANAGE;#50 SL 1.17 -> 1.17 trail
2025.09.11 12:45:00;DECISION;setup SHORT score=0.80 entry=1.17 inv=1.17 tgt=0.00 [BOS short lvl=1.17|RelVol=1.25|VPnear|VWAPside|CycleTurn w=-0.34<-0.71|ADX=37]
2025.09.11 12:45:00;DECISION;TP capped 0.00270 -> 0.00203 (3.0xATR)
2025.09.11 12:45:00;VETO;risk veto: max positions
2025.09.11 12:45:10;MANAGE;#50 SL 1.17 -> 1.17 trail
2025.09.11 12:45:11;MANAGE;#50 SL 1.17 -> 1.17 trail
2025.09.11 12:45:11;MANAGE;#50 SL 1.17 -> 1.17 trail
2025.09.11 14:10:57;RISK;deal closed pnl=33.77 streak=0 lock=0
2025.09.11 15:30:00;VETO;outlier bar masked, z=8.0
2025.09.11 15:45:00;VETO;outlier bar masked, z=22.8
2025.09.11 16:00:00;VETO;outlier bar masked, z=8.7
2025.09.11 16:15:00;VETO;outlier bar masked, z=7.6
2025.09.11 16:30:00;VETO;outlier bar masked, z=4.4
2025.09.11 16:45:00;VETO;outlier bar masked, z=4.8
2025.09.11 17:00:00;VETO;outlier bar masked, z=4.5
2025.09.11 17:30:00;VETO;outlier bar masked, z=4.0
2025.09.12 04:15:00;VETO;signal rejected: volume: relVol 0.95 < 1.00
2025.09.12 07:15:00;VETO;signal rejected: volume: relVol 0.91 < 1.00
2025.09.12 10:00:00;DECISION;setup LONG score=0.65 entry=1.17 inv=1.17 tgt=0.00 AWAIT-RETEST [CHoCH long lvl=1.17|RelVol=1.11|Retest@1.17|VPnode d=0.00|VWAPside]
2025.09.12 11:15:00;VETO;authorization denied: outside session window (server hour 11, window 12-20)
2025.09.12 11:30:00;VETO;authorization denied: outside session window (server hour 11, window 12-20)
2025.09.12 11:45:03;VETO;signal rejected: volume: relVol 0.95 < 1.00
2025.09.12 15:45:00;VETO;signal rejected: volume: relVol 0.88 < 1.00
2025.09.12 19:45:03;DECISION;setup LONG score=0.65 entry=1.17 inv=1.17 tgt=0.00 AWAIT-RETEST [CHoCH long lvl=1.17|RelVol=1.04|Retest@1.17|VPnode d=0.00|VWAPside]
2025.09.12 19:45:03;DECISION;TP capped 0.00594 -> 0.00445 (3.0xATR)
2025.09.12 19:45:03;ERROR;limit BUY 0.28 @ 1.17 sl=1.17 tp=1.18 rc=10015 [WT|CHOCH|0.65|RL]
2025.09.12 20:00:00;VETO;authorization denied: outside session window (server hour 20, window 12-20)
2025.09.12 20:15:00;VETO;authorization denied: outside session window (server hour 20, window 12-20)
2025.09.12 20:30:00;VETO;authorization denied: outside session window (server hour 20, window 12-20)
2025.09.12 20:45:03;VETO;authorization denied: outside session window (server hour 20, window 12-20)
2025.09.15 02:30:09;VETO;signal rejected: volume: relVol 0.45 < 1.00
2025.09.15 03:30:02;VETO;signal rejected: volume: relVol 0.63 < 1.00
2025.09.15 06:30:00;VETO;signal rejected: volume: relVol 0.89 < 1.00
2025.09.15 09:30:00;DECISION;setup SHORT score=0.65 entry=1.17 inv=1.17 tgt=0.00 AWAIT-RETEST [CHoCH short lvl=1.17|RelVol=1.06|Retest@1.17|VPnode d=0.00|VWAPside]
2025.09.15 10:00:00;VETO;authorization denied: outside session window (server hour 10, window 12-20)
2025.09.15 10:15:00;VETO;authorization denied: outside session window (server hour 10, window 12-20)
2025.09.15 10:30:00;VETO;signal rejected: volume: relVol 0.93 < 1.00
2025.09.15 12:30:00;VETO;signal rejected: score 0.50 < 0.55 [BOS long lvl=1.17|RelVol=1.00|VPnear|VWAPside]
2025.09.15 13:30:00;VETO;outlier bar masked, z=3.7
2025.09.15 15:15:00;VETO;signal rejected: score 0.50 < 0.55 [BOS long lvl=1.18|RelVol=1.02|VWAPside|ADX=42]
2025.09.15 23:00:00;DECISION;setup SHORT score=0.75 entry=1.18 inv=1.18 tgt=0.00 AWAIT-RETEST [CHoCH short lvl=1.18|RelVol=1.44|Retest@1.18|VPnode d=0.00|CycleTurn w=-0.46<-0.66]
2025.09.15 23:15:02;VETO;authorization denied: outside session window (server hour 23, window 12-20)
2025.09.15 23:30:00;VETO;authorization denied: outside session window (server hour 23, window 12-20)
2025.09.15 23:45:00;VETO;authorization denied: outside session window (server hour 23, window 12-20)
2025.09.16 00:01:28;VETO;authorization denied: outside session window (server hour 00, window 12-20)
2025.09.16 03:45:00;VETO;signal rejected: volume: relVol 0.75 < 1.00
2025.09.16 05:00:03;VETO;signal rejected: volume: relVol 0.93 < 1.00
2025.09.16 10:00:00;DECISION;setup LONG score=0.65 entry=1.18 inv=1.18 tgt=0.00 [BOS long lvl=1.18|RelVol=1.17|VPnode d=0.00|VWAPside]
2025.09.16 10:00:00;VETO;authorization denied: outside session window (server hour 10, window 12-20)
2025.09.16 10:15:00;VETO;authorization denied: outside session window (server hour 10, window 12-20)
2025.09.16 10:30:00;VETO;authorization denied: outside session window (server hour 10, window 12-20)
2025.09.16 10:45:00;VETO;authorization denied: outside session window (server hour 10, window 12-20)
2025.09.16 15:30:00;VETO;signal rejected: score 0.40 < 0.55 [CHoCH short lvl=1.18|RelVol=1.02|Retest@1.18|VPnear]
2025.09.16 15:45:00;VETO;outlier bar masked, z=4.5
2025.09.16 16:30:00;VETO;outlier bar masked, z=3.6
2025.09.16 17:00:00;DECISION;setup LONG score=0.85 entry=1.18 inv=1.18 tgt=0.00 AWAIT-RETEST [CHoCH long lvl=1.18|RelVol=1.10|Retest@1.18|VPnode d=0.00|VWAPside|CycleTurn w=0.07<--0.74]
2025.09.16 17:00:00;DECISION;TP capped 0.00692 -> 0.00519 (3.0xATR)
2025.09.16 17:00:00;ERROR;limit BUY 0.24 @ 1.18 sl=1.18 tp=1.19 rc=10015 [WT|CHOCH|0.85|RL]
2025.09.16 17:15:00;VETO;outlier bar masked, z=4.0
2025.09.16 19:15:00;VETO;signal rejected: score 0.50 < 0.55 [BOS long lvl=1.19|RelVol=1.11|VWAPside|ADX=40]
2025.09.17 02:15:18;VETO;signal rejected: volume: relVol 0.68 < 1.00
2025.09.17 08:15:00;VETO;signal rejected: volume: relVol 0.96 < 1.00
2025.09.17 10:15:00;DECISION;setup SHORT score=0.85 entry=1.18 inv=1.19 tgt=0.00 AWAIT-RETEST [CHoCH short lvl=1.19|RelVol=1.14|Retest@1.18|VPnode d=0.00|VWAPside|CycleTurn w=-0.75<-0.09]
2025.09.17 12:00:00;DECISION;TP capped 0.00230 -> 0.00180 (3.0xATR)
2025.09.17 12:00:00;ORDER;filled SELL 0.66 lots sl=1.19 tp=1.18 [WT|CHOCH|0.85]
2025.09.17 12:00:00;RISK;sizing: vol_ratio=0.86 scalar=1.00 gap_buf=0.00030 eff_stop=0.00145
2025.09.17 12:00:00;ORDER;entry fill deal #52 SELL 0.66 @ 1.18485
2025.09.17 13:12:57;MANAGE;#53 SL 1.19 -> 1.18 breakeven
2025.09.17 13:12:57;MANAGE;#53 partial close 0.33 of 0.66 lots
2025.09.17 13:12:57;RISK;deal closed pnl=39.27 streak=0 lock=0
2025.09.17 13:13:02;MANAGE;#53 SL 1.18 -> 1.18 trail
2025.09.17 13:13:03;MANAGE;#53 SL 1.18 -> 1.18 trail
2025.09.17 13:13:25;MANAGE;#53 SL 1.18 -> 1.18 trail
2025.09.17 13:15:00;DECISION;setup SHORT score=0.70 entry=1.18 inv=1.19 tgt=0.00 [BOS short lvl=1.18|RelVol=1.10|VPnear|VWAPside|CycleTurn w=0.91<-1.00]
2025.09.17 13:15:00;DECISION;TP capped 0.00322 -> 0.00242 (3.0xATR)
2025.09.17 13:15:00;VETO;risk veto: max positions
2025.09.17 14:46:37;RISK;deal closed pnl=10.89 streak=0 lock=0
2025.09.17 16:15:00;VETO;signal rejected: volume: relVol 0.67 < 1.00
2025.09.17 21:15:00;VETO;outlier bar masked, z=34.5
2025.09.17 21:30:00;VETO;outlier bar masked, z=7.8
2025.09.17 21:45:00;VETO;outlier bar masked, z=25.4
2025.09.17 22:00:00;VETO;outlier bar masked, z=17.1
2025.09.17 22:15:00;VETO;outlier bar masked, z=11.2
2025.09.17 22:30:00;VETO;outlier bar masked, z=7.1
2025.09.17 22:45:00;VETO;outlier bar masked, z=6.6
2025.09.17 23:00:00;VETO;outlier bar masked, z=3.6
2025.09.17 23:30:00;VETO;outlier bar masked, z=4.3
2025.09.18 04:45:01;DECISION;setup SHORT score=0.85 entry=1.18 inv=1.18 tgt=0.00 [BOS short lvl=1.18|RelVol=1.58|VPnode d=0.00|VWAPside|CycleTurn w=0.91<-0.98]
2025.09.18 04:45:01;VETO;authorization denied: outside session window (server hour 04, window 12-20)
2025.09.18 05:00:00;VETO;authorization denied: outside session window (server hour 05, window 12-20)
2025.09.18 05:15:00;VETO;authorization denied: outside session window (server hour 05, window 12-20)
2025.09.18 05:30:00;VETO;authorization denied: outside session window (server hour 05, window 12-20)
2025.09.18 07:45:00;DECISION;setup SHORT score=0.80 entry=1.18 inv=1.18 tgt=0.00 AWAIT-RETEST [BOS short lvl=1.18|RelVol=1.74|Retest@1.18|VPnear|VWAPside|CycleTurn w=-0.55<-0.53|ADX=31]
2025.09.18 10:15:00;VETO;outlier bar masked, z=6.3
2025.09.18 10:30:00;DECISION;setup LONG score=0.85 entry=1.18 inv=1.18 tgt=0.00 AWAIT-RETEST [CHoCH long lvl=1.18|RelVol=1.17|Retest@1.18|VPnode d=0.00|VWAPside|CycleTurn w=0.57<--0.45]
2025.09.18 10:45:00;VETO;authorization denied: outside session window (server hour 10, window 12-20)
2025.09.18 11:00:00;VETO;authorization denied: outside session window (server hour 11, window 12-20)
2025.09.18 11:15:00;VETO;authorization denied: outside session window (server hour 11, window 12-20)
2025.09.18 11:30:01;VETO;authorization denied: outside session window (server hour 11, window 12-20)
2025.09.18 12:15:00;DECISION;setup LONG score=0.65 entry=1.18 inv=1.18 tgt=0.00 [BOS long lvl=1.18|RelVol=1.33|VPnode d=0.00|VWAPside]
2025.09.18 12:15:00;DECISION;TP capped 0.00354 -> 0.00295 (3.0xATR)
2025.09.18 12:15:00;ORDER;filled BUY 0.42 lots sl=1.18 tp=1.19 [WT|BOS|0.65]
2025.09.18 12:15:00;RISK;sizing: vol_ratio=1.20 scalar=1.00 gap_buf=0.00054 eff_stop=0.00231
2025.09.18 12:15:00;ORDER;entry fill deal #55 BUY 0.42 @ 1.18384
2025.09.18 14:48:18;RISK;deal closed pnl=-74.76 streak=1 lock=0
2025.09.18 15:15:00;DECISION;setup SHORT score=0.65 entry=1.18 inv=1.18 tgt=0.00 AWAIT-RETEST [CHoCH short lvl=1.18|RelVol=1.28|Retest@1.18|VPnode d=0.00|VWAPside]
2025.09.18 15:15:00;DECISION;TP capped 0.00438 -> 0.00329 (3.0xATR)
2025.09.18 15:15:00;ORDER;limit SELL 0.36 @ 1.18 sl=1.18 tp=1.18 rc=10009 [WT|CHOCH|0.65|RL]
2025.09.18 15:15:00;RISK;sizing: vol_ratio=0.96 scalar=1.00 gap_buf=0.00044 eff_stop=0.00263
2025.09.18 15:15:02;ORDER;entry fill deal #57 SELL 0.36 @ 1.18185
2025.09.18 15:45:00;VETO;outlier bar masked, z=3.9
2025.09.18 15:58:22;MANAGE;#58 SL 1.18 -> 1.18 breakeven
2025.09.18 15:58:22;MANAGE;#58 partial close 0.18 of 0.36 lots
2025.09.18 15:58:22;RISK;deal closed pnl=39.60 streak=0 lock=0
2025.09.18 15:58:23;MANAGE;#58 SL 1.18 -> 1.18 trail
2025.09.18 15:59:47;MANAGE;#58 SL 1.18 -> 1.18 trail
2025.09.18 16:00:16;MANAGE;#58 SL 1.18 -> 1.18 trail
2025.09.18 16:01:42;MANAGE;#58 SL 1.18 -> 1.18 trail
2025.09.18 16:04:30;MANAGE;#58 SL 1.18 -> 1.18 trail
2025.09.18 16:05:27;MANAGE;#58 SL 1.18 -> 1.18 trail
2025.09.18 16:05:39;MANAGE;#58 SL 1.18 -> 1.18 trail
2025.09.18 16:06:02;MANAGE;#58 SL 1.18 -> 1.18 trail
2025.09.18 16:06:22;MANAGE;#58 SL 1.18 -> 1.18 trail
2025.09.18 16:06:48;RISK;deal closed pnl=59.22 streak=0 lock=0
2025.09.18 16:45:00;VETO;outlier bar masked, z=8.8
2025.09.18 20:15:00;VETO;signal rejected: score 0.40 < 0.55 [CHoCH long lvl=1.18|RelVol=1.15|Retest@1.18|VPnear]
2025.09.19 02:45:11;VETO;signal rejected: volume: relVol 0.68 < 1.00
2025.09.19 03:15:00;DECISION;setup SHORT score=0.85 entry=1.18 inv=1.18 tgt=0.00 AWAIT-RETEST [CHoCH short lvl=1.18|RelVol=1.03|Retest@1.18|VPnode d=0.00|VWAPside|CycleTurn w=0.97<-0.99]
2025.09.19 04:00:00;VETO;authorization denied: outside session window (server hour 04, window 12-20)
2025.09.19 04:15:00;VETO;authorization denied: outside session window (server hour 04, window 12-20)
2025.09.19 04:30:00;VETO;authorization denied: outside session window (server hour 04, window 12-20)
2025.09.19 04:45:00;VETO;authorization denied: outside session window (server hour 04, window 12-20)
2025.09.19 05:15:02;VETO;signal rejected: volume: relVol 0.84 < 1.00
2025.09.19 06:30:00;DECISION;setup LONG score=0.85 entry=1.18 inv=1.18 tgt=0.00 AWAIT-RETEST [CHoCH long lvl=1.18|RelVol=1.45|Retest@1.18|VPnode d=0.00|VWAPside|CycleTurn w=0.40<--0.66]
2025.09.19 06:45:01;VETO;authorization denied: outside session window (server hour 06, window 12-20)
2025.09.19 07:00:00;VETO;authorization denied: outside session window (server hour 07, window 12-20)
2025.09.19 07:15:01;VETO;authorization denied: outside session window (server hour 07, window 12-20)
2025.09.19 07:30:01;VETO;authorization denied: outside session window (server hour 07, window 12-20)
2025.09.19 10:00:00;DECISION;setup SHORT score=0.65 entry=1.18 inv=1.18 tgt=0.00 AWAIT-RETEST [CHoCH short lvl=1.18|RelVol=1.45|Retest@1.18|StopFloored|VPnode d=0.00|VWAPside]
2025.09.19 10:15:00;VETO;authorization denied: outside session window (server hour 10, window 12-20)
2025.09.19 10:30:00;VETO;authorization denied: outside session window (server hour 10, window 12-20)
2025.09.19 10:45:00;VETO;authorization denied: outside session window (server hour 10, window 12-20)
2025.09.19 11:00:00;VETO;authorization denied: outside session window (server hour 11, window 12-20)
2025.09.19 11:30:01;VETO;signal rejected: volume: relVol 0.89 < 1.00
2025.09.19 14:15:00;DECISION;setup SHORT score=0.85 entry=1.18 inv=1.18 tgt=0.00 [BOS short lvl=1.18|RelVol=1.16|VPnode d=0.00|VWAPside|CycleTurn w=0.99<-0.99]
2025.09.19 14:15:00;DECISION;TP capped 0.00294 -> 0.00241 (3.0xATR)
2025.09.19 14:15:00;ORDER;filled SELL 0.52 lots sl=1.18 tp=1.17 [WT|BOS|0.85]
2025.09.19 14:15:00;RISK;sizing: vol_ratio=1.01 scalar=1.00 gap_buf=0.00040 eff_stop=0.00187
2025.09.19 14:15:00;ORDER;entry fill deal #60 SELL 0.52 @ 1.17544
2025.09.19 14:56:07;MANAGE;#61 SL 1.18 -> 1.18 breakeven
2025.09.19 14:56:07;MANAGE;#61 partial close 0.26 of 0.52 lots
2025.09.19 14:56:07;RISK;deal closed pnl=38.22 streak=0 lock=0
2025.09.19 14:56:18;MANAGE;#61 SL 1.18 -> 1.18 trail
2025.09.19 14:57:16;MANAGE;#61 SL 1.18 -> 1.18 trail
2025.09.19 14:57:26;MANAGE;#61 SL 1.18 -> 1.18 trail
2025.09.19 14:58:40;MANAGE;#61 SL 1.18 -> 1.17 trail
2025.09.19 15:22:10;MANAGE;#61 SL 1.17 -> 1.17 trail
2025.09.19 15:25:23;MANAGE;#61 SL 1.17 -> 1.17 trail
2025.09.19 15:25:23;MANAGE;#61 SL 1.17 -> 1.17 trail
2025.09.19 15:25:36;MANAGE;#61 SL 1.17 -> 1.17 trail
2025.09.19 15:25:37;RISK;deal closed pnl=63.18 streak=0 lock=0
2025.09.22 03:45:05;VETO;signal rejected: volume: relVol 0.62 < 1.00
2025.09.22 07:30:01;VETO;signal rejected: volume: relVol 0.84 < 1.00
2025.09.22 09:00:00;VETO;signal rejected: volume: relVol 0.90 < 1.00
2025.09.22 11:15:01;VETO;outlier bar masked, z=3.6
2025.09.22 17:15:00;VETO;signal rejected: volume: relVol 0.61 < 1.00
2025.09.22 19:30:00;DECISION;setup LONG score=0.85 entry=1.18 inv=1.18 tgt=0.00 AWAIT-RETEST [CHoCH long lvl=1.18|RelVol=1.20|Retest@1.18|VPnode d=0.00|VWAPside|CycleTurn w=-0.77<--0.95]
2025.09.22 19:30:00;DECISION;TP capped 0.00554 -> 0.00415 (3.0xATR)
2025.09.22 19:30:00;ERROR;limit BUY 0.25 @ 1.18 sl=1.18 tp=1.18 rc=10015 [WT|CHOCH|0.85|RL]
2025.09.22 19:45:00;DECISION;TP capped 0.00530 -> 0.00398 (3.0xATR)
2025.09.22 19:45:00;ORDER;filled BUY 0.26 lots sl=1.18 tp=1.18 [WT|CHOCH|0.85]
2025.09.22 19:45:00;RISK;sizing: vol_ratio=1.26 scalar=1.00 gap_buf=0.00105 eff_stop=0.00370
2025.09.22 19:45:00;ORDER;entry fill deal #63 BUY 0.26 @ 1.17890
2025.09.22 20:45:02;DECISION;setup LONG score=0.75 entry=1.18 inv=1.18 tgt=0.00 [BOS long lvl=1.18|RelVol=1.13|VPnode d=0.00|VWAPside|ADX=31]
2025.09.22 20:45:02;VETO;authorization denied: outside session window (server hour 20, window 12-20)
2025.09.22 21:00:00;VETO;authorization denied: outside session window (server hour 21, window 12-20)
2025.09.22 21:15:00;VETO;authorization denied: outside session window (server hour 21, window 12-20)
2025.09.22 21:30:05;VETO;authorization denied: outside session window (server hour 21, window 12-20)
2025.09.23 00:15:01;VETO;outlier bar masked, z=8.4
2025.09.23 03:45:01;VETO;signal rejected: volume: relVol 0.81 < 1.00
2025.09.23 04:41:12;MANAGE;#64 SL 1.18 -> 1.18 breakeven
2025.09.23 04:41:12;MANAGE;#64 partial close 0.13 of 0.26 lots
2025.09.23 04:41:12;RISK;deal closed pnl=34.49 streak=0 lock=0
2025.09.23 04:41:12;MANAGE;#64 SL 1.18 -> 1.18 trail
2025.09.23 04:41:39;MANAGE;#64 SL 1.18 -> 1.18 trail
2025.09.23 04:50:17;MANAGE;#64 SL 1.18 -> 1.18 trail
2025.09.23 05:07:33;RISK;deal closed pnl=30.33 streak=0 lock=0
2025.09.23 09:15:00;VETO;signal rejected: volume: relVol 0.96 < 1.00
2025.09.23 12:15:00;VETO;signal rejected: volume: relVol 0.75 < 1.00
2025.09.23 15:30:00;VETO;signal rejected: volume: relVol 0.83 < 1.00
2025.09.23 17:00:00;VETO;outlier bar masked, z=4.0
2025.09.23 19:45:00;VETO;outlier bar masked, z=4.2
2025.09.23 20:15:00;DECISION;setup LONG score=0.65 entry=1.18 inv=1.18 tgt=0.00 AWAIT-RETEST [CHoCH long lvl=1.18|RelVol=1.28|Retest@1.18|VPnode d=0.00|VWAPside]
2025.09.23 20:30:00;VETO;authorization denied: outside session window (server hour 20, window 12-20)
2025.09.23 20:45:00;VETO;authorization denied: outside session window (server hour 20, window 12-20)
2025.09.23 21:00:00;VETO;authorization denied: outside session window (server hour 21, window 12-20)
2025.09.23 21:15:00;VETO;authorization denied: outside session window (server hour 21, window 12-20)
2025.09.24 03:30:00;VETO;signal rejected: score 0.50 < 0.55 [CHoCH short lvl=1.18|RelVol=1.19|Retest@1.18|VPnear|VWAPside]
2025.09.24 06:00:02;DECISION;setup SHORT score=0.75 entry=1.18 inv=1.18 tgt=0.00 [BOS short lvl=1.18|RelVol=1.09|VPnode d=0.00|VWAPside|ADX=36]
2025.09.24 06:00:02;VETO;authorization denied: outside session window (server hour 06, window 12-20)
2025.09.24 06:15:00;VETO;authorization denied: outside session window (server hour 06, window 12-20)
2025.09.24 06:30:00;VETO;authorization denied: outside session window (server hour 06, window 12-20)
2025.09.24 06:45:02;VETO;authorization denied: outside session window (server hour 06, window 12-20)
2025.09.24 09:30:00;DECISION;setup SHORT score=0.85 entry=1.18 inv=1.18 tgt=0.00 [BOS short lvl=1.18|RelVol=1.13|VPnode d=0.00|VWAPside|CycleTurn w=-0.07<-0.78]
2025.09.24 09:30:00;VETO;authorization denied: outside session window (server hour 09, window 12-20)
2025.09.24 09:45:02;VETO;authorization denied: outside session window (server hour 09, window 12-20)
2025.09.24 10:00:00;VETO;authorization denied: outside session window (server hour 10, window 12-20)
2025.09.24 10:15:00;VETO;authorization denied: outside session window (server hour 10, window 12-20)
2025.09.24 11:15:00;DECISION;setup SHORT score=0.65 entry=1.18 inv=1.18 tgt=0.00 AWAIT-RETEST [BOS short lvl=1.18|RelVol=1.33|Retest@1.18|VPnode d=0.00|VWAPside]
2025.09.24 15:45:00;VETO;signal rejected: volume: relVol 0.59 < 1.00
2025.09.25 01:15:00;VETO;signal rejected: volume: relVol 0.69 < 1.00
2025.09.25 04:00:00;VETO;signal rejected: volume: relVol 0.98 < 1.00
2025.09.25 05:45:00;VETO;signal rejected: volume: relVol 0.85 < 1.00
2025.09.25 11:00:00;DECISION;setup SHORT score=0.65 entry=1.17 inv=1.18 tgt=0.00 AWAIT-RETEST [CHoCH short lvl=1.17|RelVol=1.31|Retest@1.17|VPnode d=0.00|VWAPside]
2025.09.25 11:15:00;VETO;authorization denied: outside session window (server hour 11, window 12-20)
2025.09.25 11:30:02;VETO;authorization denied: outside session window (server hour 11, window 12-20)
2025.09.25 11:45:00;VETO;authorization denied: outside session window (server hour 11, window 12-20)
2025.09.25 12:00:00;ORDER;filled SELL 0.74 lots sl=1.18 tp=1.17 [WT|CHOCH|0.65]
2025.09.25 12:00:00;RISK;sizing: vol_ratio=1.23 scalar=1.00 gap_buf=0.00035 eff_stop=0.00133
2025.09.25 12:00:00;ORDER;entry fill deal #66 SELL 0.74 @ 1.17428
2025.09.25 13:17:32;RISK;deal closed pnl=-72.52 streak=1 lock=0
2025.09.25 15:45:00;VETO;outlier bar masked, z=10.9
2025.09.25 16:00:00;VETO;outlier bar masked, z=4.1
2025.09.25 17:00:00;VETO;signal rejected: score 0.50 < 0.55 [BOS short lvl=1.17|RelVol=1.22|VWAPside|ADX=32]
2025.09.25 20:30:00;VETO;outlier bar masked, z=4.3
2025.09.25 23:30:00;VETO;signal rejected: score 0.30 < 0.55 [CHoCH long lvl=1.17|RelVol=1.09|Retest@1.17]
2025.09.26 04:00:01;VETO;signal rejected: volume: relVol 0.88 < 1.00
2025.09.26 08:00:00;VETO;signal rejected: volume: relVol 0.97 < 1.00
2025.09.26 11:45:00;DECISION;setup LONG score=0.85 entry=1.17 inv=1.17 tgt=0.00 [BOS long lvl=1.17|RelVol=1.14|VPnode d=0.00|VWAPside|CycleTurn w=-0.84<--0.98]
2025.09.26 11:45:00;VETO;authorization denied: outside session window (server hour 11, window 12-20)
2025.09.26 12:00:00;DECISION;TP capped 0.00250 -> 0.00195 (3.0xATR)
2025.09.26 12:00:00;ORDER;filled BUY 0.62 lots sl=1.17 tp=1.17 [WT|BOS|0.85]
2025.09.26 12:00:00;RISK;sizing: vol_ratio=0.92 scalar=1.00 gap_buf=0.00033 eff_stop=0.00158
2025.09.26 12:00:00;ORDER;entry fill deal #68 BUY 0.62 @ 1.16808
2025.09.26 13:30:00;VETO;signal rejected: volume: relVol 0.84 < 1.00
2025.09.26 13:44:11;RISK;deal closed pnl=-77.50 streak=1 lock=0
2025.09.26 16:15:00;DECISION;setup LONG score=0.65 entry=1.17 inv=1.17 tgt=0.00 AWAIT-RETEST [CHoCH long lvl=1.17|RelVol=1.08|Retest@1.17|VPnode d=0.00|VWAPside]
2025.09.26 16:15:00;DECISION;TP capped 0.00492 -> 0.00369 (3.0xATR)
2025.09.26 16:15:00;ORDER;limit BUY 0.34 @ 1.17 sl=1.17 tp=1.17 rc=10009 [WT|CHOCH|0.65|RL]
2025.09.26 16:15:00;RISK;sizing: vol_ratio=1.11 scalar=1.00 gap_buf=0.00040 eff_stop=0.00285
2025.09.26 16:19:36;ORDER;entry fill deal #70 BUY 0.34 @ 1.16861
2025.09.26 17:45:00;VETO;signal rejected: volume: relVol 0.96 < 1.00
2025.09.26 22:00:01;VETO;signal rejected: volume: relVol 0.86 < 1.00
2025.09.26 22:00:01;RISK;FLATTEN ALL: Friday flatten: weekend gap protection
2025.09.26 22:00:01;RISK;deal closed pnl=61.20 streak=0 lock=0
2025.09.29 02:30:00;DECISION;setup LONG score=0.85 entry=1.17 inv=1.17 tgt=0.00 [BOS long lvl=1.17|RelVol=1.00|VPnode d=0.00|VWAPside|CycleTurn w=-0.71<--0.96]
2025.09.29 02:30:00;VETO;authorization denied: outside session window (server hour 02, window 12-20)
2025.09.29 02:45:01;VETO;authorization denied: outside session window (server hour 02, window 12-20)
2025.09.29 03:00:00;VETO;authorization denied: outside session window (server hour 03, window 12-20)
2025.09.29 03:15:00;VETO;authorization denied: outside session window (server hour 03, window 12-20)
2025.09.29 08:15:00;DECISION;setup LONG score=0.75 entry=1.17 inv=1.17 tgt=0.00 [BOS long lvl=1.17|RelVol=1.19|VPnode d=0.00|VWAPside|ADX=40]
2025.09.29 08:15:00;VETO;authorization denied: outside session window (server hour 08, window 12-20)
2025.09.29 08:30:00;VETO;authorization denied: outside session window (server hour 08, window 12-20)
2025.09.29 08:45:01;VETO;authorization denied: outside session window (server hour 08, window 12-20)
2025.09.29 09:00:00;VETO;authorization denied: outside session window (server hour 09, window 12-20)
2025.09.29 10:00:00;VETO;signal rejected: volume: relVol 0.73 < 1.00
2025.09.29 11:30:00;VETO;outlier bar masked, z=5.5
2025.09.29 14:15:00;VETO;signal rejected: volume: relVol 0.75 < 1.00
2025.09.29 15:00:00;VETO;outlier bar masked, z=4.7
2025.09.29 15:45:00;VETO;outlier bar masked, z=5.1
2025.09.29 21:00:00;VETO;signal rejected: volume: relVol 0.80 < 1.00
2025.09.30 08:00:00;DECISION;setup LONG score=0.65 entry=1.17 inv=1.17 tgt=0.00 AWAIT-RETEST [CHoCH long lvl=1.17|RelVol=1.28|Retest@1.17|VPnode d=0.00|VWAPside]
2025.09.30 08:15:00;VETO;authorization denied: outside session window (server hour 08, window 12-20)
2025.09.30 08:30:00;VETO;authorization denied: outside session window (server hour 08, window 12-20)
2025.09.30 08:45:00;VETO;authorization denied: outside session window (server hour 08, window 12-20)
2025.09.30 09:00:00;VETO;authorization denied: outside session window (server hour 09, window 12-20)
2025.09.30 15:45:00;VETO;signal rejected: volume: relVol 0.51 < 1.00
2025.09.30 16:15:00;VETO;outlier bar masked, z=5.8
2025.09.30 17:15:00;VETO;outlier bar masked, z=8.2
2025.09.30 17:45:00;VETO;signal rejected: volume: relVol 0.94 < 1.00
2025.09.30 18:15:00;VETO;outlier bar masked, z=4.6
2025.09.30 20:00:00;DECISION;setup LONG score=0.85 entry=1.18 inv=1.17 tgt=0.00 [BOS long lvl=1.18|RelVol=1.34|VPnode d=0.00|VWAPside|CycleTurn w=0.39<--0.65]
2025.09.30 20:00:00;VETO;authorization denied: outside session window (server hour 20, window 12-20)
2025.09.30 20:15:02;VETO;authorization denied: outside session window (server hour 20, window 12-20)
2025.09.30 20:30:01;VETO;authorization denied: outside session window (server hour 20, window 12-20)
2025.09.30 20:45:01;VETO;authorization denied: outside session window (server hour 20, window 12-20)
2025.09.30 23:15:00;VETO;signal rejected: score 0.50 < 0.55 [CHoCH short lvl=1.17|RelVol=1.33|Retest@1.17|VPnear|VWAPside]
2025.10.01 02:15:03;DECISION;setup LONG score=0.70 entry=1.17 inv=1.17 tgt=0.00 AWAIT-RETEST [CHoCH long lvl=1.17|RelVol=1.67|Retest@1.17|VPnear|VWAPside|CycleTurn w=-0.08<--0.97]
2025.10.01 02:30:00;VETO;authorization denied: outside session window (server hour 02, window 12-20)
2025.10.01 02:45:01;VETO;authorization denied: outside session window (server hour 02, window 12-20)
2025.10.01 03:00:00;VETO;authorization denied: outside session window (server hour 03, window 12-20)
2025.10.01 03:15:00;DECISION;setup SHORT score=0.85 entry=1.17 inv=1.17 tgt=0.00 AWAIT-RETEST [CHoCH short lvl=1.17|RelVol=1.07|Retest@1.17|VPnode d=0.00|VWAPside|CycleTurn w=0.93<-0.99]
2025.10.01 03:30:00;VETO;authorization denied: outside session window (server hour 03, window 12-20)
2025.10.01 03:45:00;VETO;authorization denied: outside session window (server hour 03, window 12-20)
2025.10.01 04:00:00;VETO;authorization denied: outside session window (server hour 04, window 12-20)
2025.10.01 04:15:00;VETO;authorization denied: outside session window (server hour 04, window 12-20)
2025.10.01 07:15:02;VETO;signal rejected: volume: relVol 0.93 < 1.00
2025.10.01 09:45:00;VETO;outlier bar masked, z=4.8
2025.10.01 10:30:00;VETO;outlier bar masked, z=7.1
2025.10.01 10:45:01;VETO;outlier bar masked, z=3.9
2025.10.01 13:00:00;DECISION;setup SHORT score=0.65 entry=1.17 inv=1.18 tgt=0.00 AWAIT-RETEST [BOS short lvl=1.17|RelVol=1.38|Retest@1.17|VPnode d=0.00|VWAPside]
2025.10.01 13:00:00;DECISION;TP capped 0.00526 -> 0.00394 (3.0xATR)
2025.10.01 13:00:00;ORDER;limit SELL 0.30 @ 1.17 sl=1.18 tp=1.17 rc=10009 [WT|BOS|0.65|RL]
2025.10.01 13:00:00;RISK;sizing: vol_ratio=1.64 scalar=1.00 gap_buf=0.00061 eff_stop=0.00323
2025.10.01 14:46:28;ORDER;entry fill deal #72 SELL 0.30 @ 1.17398
2025.10.01 15:18:17;RISK;deal closed pnl=-79.50 streak=1 lock=0
2025.10.01 15:30:00;VETO;outlier bar masked, z=12.0
2025.10.01 15:45:00;VETO;outlier bar masked, z=4.0
2025.10.01 17:15:00;VETO;outlier bar masked, z=4.1
2025.10.01 18:00:00;VETO;outlier bar masked, z=4.8
2025.10.01 19:15:00;VETO;signal rejected: score 0.50 < 0.55 [BOS short lvl=1.17|RelVol=1.49|VPnear|VWAPside]
2025.10.02 05:00:00;VETO;signal rejected: volume: relVol 0.70 < 1.00
2025.10.02 09:15:00;VETO;signal rejected: volume: relVol 0.83 < 1.00
2025.10.02 10:15:01;VETO;signal rejected: score 0.50 < 0.55 [BOS long lvl=1.17|RelVol=1.17|Retest@1.17|VPnear|VWAPside]
2025.10.02 15:45:00;VETO;signal rejected: volume: relVol 0.47 < 1.00
2025.10.02 16:45:00;VETO;outlier bar masked, z=4.5
2025.10.02 22:00:01;VETO;signal rejected: volume: relVol 0.62 < 1.00
2025.10.03 02:30:01;VETO;signal rejected: volume: relVol 0.91 < 1.00
2025.10.03 08:00:01;VETO;signal rejected: volume: relVol 0.94 < 1.00
2025.10.03 10:45:00;VETO;signal rejected: volume: relVol 0.77 < 1.00
2025.10.03 14:45:01;VETO;signal rejected: volume: relVol 0.97 < 1.00
2025.10.03 17:15:00;VETO;outlier bar masked, z=6.4
2025.10.03 21:00:00;DECISION;setup SHORT score=0.55 entry=1.17 inv=1.17 tgt=0.00 AWAIT-RETEST [CHoCH short lvl=1.17|RelVol=1.14|Retest@1.17|VPnode d=0.00]
2025.10.03 21:45:03;VETO;authorization denied: outside session window (server hour 21, window 12-20)
2025.10.03 22:00:00;VETO;authorization denied: outside session window (server hour 22, window 12-20)
2025.10.03 22:15:00;VETO;authorization denied: outside session window (server hour 22, window 12-20)
2025.10.03 22:30:01;VETO;authorization denied: outside session window (server hour 22, window 12-20)
2025.10.06 00:15:00;VETO;outlier bar masked, z=9.7
2025.10.06 01:15:00;VETO;outlier bar masked, z=3.8
2025.10.06 02:15:00;DECISION;setup SHORT score=0.75 entry=1.17 inv=1.17 tgt=0.00 [BOS short lvl=1.17|RelVol=3.55|VPnode d=0.00|VWAPside|ADX=37]
2025.10.06 02:15:00;VETO;authorization denied: outside session window (server hour 02, window 12-20)
2025.10.06 02:30:00;VETO;authorization denied: outside session window (server hour 02, window 12-20)
2025.10.06 02:45:00;VETO;authorization denied: outside session window (server hour 02, window 12-20)
2025.10.06 03:00:00;VETO;authorization denied: outside session window (server hour 03, window 12-20)
2025.10.06 05:00:01;DECISION;setup LONG score=0.65 entry=1.17 inv=1.17 tgt=0.00 AWAIT-RETEST [CHoCH long lvl=1.17|RelVol=1.15|Retest@1.17|VPnode d=0.00|VWAPside]
2025.10.06 09:15:00;VETO;outlier bar masked, z=3.7
2025.10.06 10:45:00;VETO;outlier bar masked, z=12.7
2025.10.06 15:45:00;VETO;signal rejected: volume: relVol 0.58 < 1.00
2025.10.06 22:45:01;VETO;signal rejected: volume: relVol 0.54 < 1.00
2025.10.07 03:15:01;VETO;signal rejected: volume: relVol 0.87 < 1.00
2025.10.07 07:45:00;VETO;signal rejected: volume: relVol 0.80 < 1.00
2025.10.07 10:15:01;DECISION;setup SHORT score=0.60 entry=1.17 inv=1.17 tgt=0.00 [BOS short lvl=1.17|RelVol=1.21|VPnear|VWAPside|ADX=37]
2025.10.07 10:15:01;VETO;authorization denied: outside session window (server hour 10, window 12-20)
2025.10.07 10:30:01;VETO;authorization denied: outside session window (server hour 10, window 12-20)
2025.10.07 10:45:00;VETO;authorization denied: outside session window (server hour 10, window 12-20)
2025.10.07 11:00:00;VETO;authorization denied: outside session window (server hour 11, window 12-20)
2025.10.07 12:00:00;VETO;signal rejected: volume: relVol 0.93 < 1.00
2025.10.07 14:30:00;VETO;signal rejected: score 0.50 < 0.55 [BOS short lvl=1.17|RelVol=1.43|VWAPside|ADX=34]
2025.10.07 18:15:00;VETO;signal rejected: score 0.40 < 0.55 [CHoCH long lvl=1.17|RelVol=1.05|Retest@1.17|VPnear]
2025.10.07 21:00:00;VETO;signal rejected: volume: relVol 0.96 < 1.00
2025.10.08 03:15:01;DECISION;setup SHORT score=0.60 entry=1.16 inv=1.17 tgt=0.00 [BOS short lvl=1.16|RelVol=1.24|VWAPside|CycleTurn w=0.58<-0.93]
2025.10.08 03:15:01;VETO;authorization denied: outside session window (server hour 03, window 12-20)
2025.10.08 03:30:01;VETO;authorization denied: outside session window (server hour 03, window 12-20)
2025.10.08 03:45:00;VETO;authorization denied: outside session window (server hour 03, window 12-20)
2025.10.08 04:00:00;VETO;authorization denied: outside session window (server hour 04, window 12-20)
2025.10.08 04:30:00;VETO;outlier bar masked, z=4.8
2025.10.08 07:45:00;DECISION;setup SHORT score=0.75 entry=1.16 inv=1.16 tgt=0.00 [BOS short lvl=1.16|RelVol=1.04|VPnode d=0.00|VWAPside|ADX=47]
2025.10.08 07:45:00;VETO;authorization denied: outside session window (server hour 07, window 12-20)
2025.10.08 08:00:00;VETO;authorization denied: outside session window (server hour 08, window 12-20)
2025.10.08 08:15:00;VETO;authorization denied: outside session window (server hour 08, window 12-20)
2025.10.08 08:30:00;VETO;authorization denied: outside session window (server hour 08, window 12-20)
2025.10.08 09:30:00;DECISION;setup SHORT score=0.75 entry=1.16 inv=1.16 tgt=0.00 [BOS short lvl=1.16|RelVol=1.57|VPnode d=0.00|VWAPside|ADX=46]
2025.10.08 09:30:00;VETO;authorization denied: outside session window (server hour 09, window 12-20)
2025.10.08 09:45:01;VETO;authorization denied: outside session window (server hour 09, window 12-20)
2025.10.08 10:00:00;VETO;authorization denied: outside session window (server hour 10, window 12-20)
2025.10.08 10:15:00;VETO;authorization denied: outside session window (server hour 10, window 12-20)
2025.10.08 10:45:00;DECISION;setup LONG score=0.55 entry=1.16 inv=1.16 tgt=0.00 AWAIT-RETEST [CHoCH long lvl=1.16|RelVol=1.26|Retest@1.16|VPnode d=0.00]
2025.10.08 11:45:00;VETO;authorization denied: outside session window (server hour 11, window 12-20)
2025.10.08 12:00:00;ORDER;filled BUY 0.83 lots sl=1.16 tp=1.16 [WT|CHOCH|0.55]
2025.10.08 12:00:00;RISK;sizing: vol_ratio=1.28 scalar=1.00 gap_buf=0.00040 eff_stop=0.00117
2025.10.08 12:00:00;ORDER;entry fill deal #74 BUY 0.83 @ 1.16146
2025.10.08 12:56:05;RISK;deal closed pnl=-66.40 streak=1 lock=0
2025.10.08 16:15:01;VETO;signal rejected: volume: relVol 0.66 < 1.00
2025.10.08 18:00:00;VETO;signal rejected: volume: relVol 0.88 < 1.00
2025.10.08 21:30:00;VETO;outlier bar masked, z=3.9
2025.10.09 01:15:00;VETO;signal rejected: volume: relVol 0.83 < 1.00
2025.10.09 03:30:00;VETO;signal rejected: score 0.50 < 0.55 [BOS long lvl=1.16|RelVol=1.03|VPnear|VWAPside]
2025.10.09 05:45:00;VETO;signal rejected: volume: relVol 0.92 < 1.00
2025.10.09 09:00:00;VETO;signal rejected: volume: relVol 0.96 < 1.00
2025.10.09 15:15:00;DECISION;setup SHORT score=0.75 entry=1.16 inv=1.16 tgt=0.00 [BOS short lvl=1.16|RelVol=1.03|VPnode d=0.00|VWAPside|ADX=30]
2025.10.09 15:15:00;DECISION;TP capped 0.00372 -> 0.00279 (3.0xATR)
2025.10.09 15:15:00;ORDER;filled SELL 0.42 lots sl=1.16 tp=1.16 [WT|BOS|0.75]
2025.10.09 15:15:00;RISK;sizing: vol_ratio=1.30 scalar=1.00 gap_buf=0.00042 eff_stop=0.00228
2025.10.09 15:15:00;ORDER;entry fill deal #76 SELL 0.42 @ 1.16088
2025.10.09 16:45:00;VETO;outlier bar masked, z=5.6
2025.10.09 17:22:33;MANAGE;#77 SL 1.16 -> 1.16 breakeven
2025.10.09 17:22:33;MANAGE;#77 partial close 0.21 of 0.42 lots
2025.10.09 17:22:33;RISK;deal closed pnl=39.48 streak=0 lock=0
2025.10.09 17:22:36;MANAGE;#77 SL 1.16 -> 1.16 trail
2025.10.09 17:22:36;MANAGE;#77 SL 1.16 -> 1.16 trail
2025.10.09 17:22:40;MANAGE;#77 SL 1.16 -> 1.16 trail
2025.10.09 17:26:25;MANAGE;#77 SL 1.16 -> 1.16 trail
2025.10.09 17:26:32;MANAGE;#77 SL 1.16 -> 1.16 trail
2025.10.09 17:26:50;RISK;deal closed pnl=58.80 streak=0 lock=0
2025.10.09 17:30:00;VETO;outlier bar masked, z=5.2
2025.10.09 18:15:00;VETO;outlier bar masked, z=4.2
2025.10.09 18:30:00;VETO;outlier bar masked, z=4.2
2025.10.09 22:00:00;DECISION;setup SHORT score=0.60 entry=1.15 inv=1.16 tgt=0.00 [BOS short lvl=1.15|RelVol=1.35|VWAPside|CycleTurn w=0.99<-1.00]
2025.10.09 22:00:00;VETO;authorization denied: outside session window (server hour 22, window 12-20)
2025.10.09 22:15:00;VETO;authorization denied: outside session window (server hour 22, window 12-20)
2025.10.09 22:30:00;VETO;authorization denied: outside session window (server hour 22, window 12-20)
2025.10.09 22:45:00;VETO;authorization denied: outside session window (server hour 22, window 12-20)
2025.10.10 00:15:00;VETO;outlier bar masked, z=4.1
2025.10.10 04:00:00;VETO;signal rejected: volume: relVol 0.88 < 1.00
2025.10.10 05:30:00;VETO;signal rejected: volume: relVol 0.90 < 1.00
2025.10.10 07:00:00;VETO;signal rejected: volume: relVol 0.90 < 1.00
2025.10.10 08:30:00;VETO;signal rejected: volume: relVol 0.84 < 1.00
2025.10.10 11:15:02;DECISION;setup LONG score=0.85 entry=1.16 inv=1.16 tgt=0.00 AWAIT-RETEST [BOS long lvl=1.16|RelVol=1.03|Retest@1.16|VPnode d=0.00|VWAPside|CycleTurn w=0.59<--0.39]
2025.10.10 12:00:00;DECISION;TP capped 0.00364 -> 0.00273 (3.0xATR)
2025.10.10 12:00:00;ORDER;filled BUY 0.43 lots sl=1.16 tp=1.16 [WT|BOS|0.85]
2025.10.10 12:00:00;RISK;sizing: vol_ratio=1.10 scalar=1.00 gap_buf=0.00042 eff_stop=0.00224
2025.10.10 12:00:00;ORDER;entry fill deal #79 BUY 0.43 @ 1.15791
2025.10.10 14:30:00;VETO;signal rejected: volume: relVol 0.89 < 1.00
2025.10.10 14:59:40;RISK;deal closed pnl=-78.69 streak=1 lock=0
2025.10.10 18:00:00;DECISION;setup LONG score=0.85 entry=1.16 inv=1.16 tgt=0.00 AWAIT-RETEST [CHoCH long lvl=1.16|RelVol=1.08|Retest@1.16|VPnode d=0.00|VWAPside|CycleTurn w=0.38<--0.73]
2025.10.10 18:00:00;DECISION;TP capped 0.00328 -> 0.00261 (3.0xATR)
2025.10.10 18:00:00;ORDER;limit BUY 0.40 @ 1.16 sl=1.16 tp=1.16 rc=10009 [WT|CHOCH|0.85|RL]
2025.10.10 18:00:00;RISK;sizing: vol_ratio=1.21 scalar=1.00 gap_buf=0.00074 eff_stop=0.00238
2025.10.10 18:00:01;ORDER;entry fill deal #81 BUY 0.40 @ 1.15784
2025.10.10 18:04:01;MANAGE;#82 SL 1.16 -> 1.16 breakeven
2025.10.10 18:04:01;MANAGE;#82 partial close 0.20 of 0.40 lots
2025.10.10 18:04:01;RISK;deal closed pnl=32.60 streak=0 lock=0
2025.10.10 18:05:16;MANAGE;#82 SL 1.16 -> 1.16 trail
2025.10.10 18:05:34;MANAGE;#82 SL 1.16 -> 1.16 trail
2025.10.10 18:06:14;MANAGE;#82 SL 1.16 -> 1.16 trail
2025.10.10 18:06:40;MANAGE;#82 SL 1.16 -> 1.16 trail
2025.10.10 18:06:43;MANAGE;#82 SL 1.16 -> 1.16 trail
2025.10.10 18:06:49;MANAGE;#82 SL 1.16 -> 1.16 trail
2025.10.10 18:06:49;MANAGE;#82 SL 1.16 -> 1.16 trail
2025.10.10 18:06:51;RISK;deal closed pnl=52.80 streak=0 lock=0
2025.10.10 18:15:00;VETO;outlier bar masked, z=13.0
2025.10.10 18:30:00;VETO;outlier bar masked, z=5.3
2025.10.13 00:01:00;VETO;outlier bar masked, z=7.3
2025.10.13 01:15:01;VETO;outlier bar masked, z=4.9
2025.10.13 03:45:00;DECISION;setup LONG score=0.85 entry=1.16 inv=1.16 tgt=0.00 AWAIT-RETEST [CHoCH long lvl=1.16|RelVol=1.83|Retest@1.16|VPnode d=0.00|VWAPside|CycleTurn w=-0.96<--0.99]
2025.10.13 04:00:00;VETO;authorization denied: outside session window (server hour 04, window 12-20)
2025.10.13 04:15:00;VETO;authorization denied: outside session window (server hour 04, window 12-20)
2025.10.13 04:30:02;VETO;authorization denied: outside session window (server hour 04, window 12-20)
2025.10.13 04:45:00;VETO;authorization denied: outside session window (server hour 04, window 12-20)
2025.10.13 09:00:00;VETO;signal rejected: volume: relVol 0.95 < 1.00
2025.10.13 09:30:00;DECISION;setup LONG score=0.70 entry=1.16 inv=1.16 tgt=0.00 AWAIT-RETEST [CHoCH long lvl=1.16|RelVol=1.13|Retest@1.16|VPnear|VWAPside|CycleTurn w=-0.97<--0.99]
2025.10.13 09:45:00;VETO;authorization denied: outside session window (server hour 09, window 12-20)
2025.10.13 10:00:00;VETO;outlier bar masked, z=3.8
2025.10.13 10:15:00;DECISION;setup SHORT score=0.70 entry=1.16 inv=1.16 tgt=0.00 AWAIT-RETEST [CHoCH short lvl=1.16|RelVol=1.22|Retest@1.16|VPnear|VWAPside|CycleTurn w=-0.51<--0.48]
2025.10.13 10:30:00;VETO;authorization denied: outside session window (server hour 10, window 12-20)
2025.10.13 10:45:00;VETO;authorization denied: outside session window (server hour 10, window 12-20)
2025.10.13 11:00:00;VETO;authorization denied: outside session window (server hour 11, window 12-20)
2025.10.13 11:15:01;VETO;authorization denied: outside session window (server hour 11, window 12-20)
2025.10.13 14:45:00;VETO;signal rejected: score 0.50 < 0.55 [BOS short lvl=1.16|RelVol=1.51|Retest@1.16|VWAPside|ADX=31]
2025.10.13 22:00:00;VETO;signal rejected: volume: relVol 0.43 < 1.00
2025.10.14 03:15:01;DECISION;setup SHORT score=0.65 entry=1.16 inv=1.16 tgt=0.00 AWAIT-RETEST [BOS short lvl=1.16|RelVol=1.42|Retest@1.16|VPnode d=0.00|VWAPside]
2025.10.14 04:00:00;VETO;authorization denied: outside session window (server hour 04, window 12-20)
2025.10.14 04:15:00;VETO;authorization denied: outside session window (server hour 04, window 12-20)
2025.10.14 04:30:00;VETO;signal rejected: volume: relVol 0.97 < 1.00
2025.10.14 04:30:00;VETO;authorization denied: outside session window (server hour 04, window 12-20)
2025.10.14 04:45:00;VETO;authorization denied: outside session window (server hour 04, window 12-20)
2025.10.14 06:00:01;DECISION;setup LONG score=0.75 entry=1.16 inv=1.16 tgt=0.00 [BOS long lvl=1.16|RelVol=1.03|VPnode d=0.00|VWAPside|ADX=38]
2025.10.14 06:00:01;VETO;authorization denied: outside session window (server hour 06, window 12-20)
2025.10.14 06:15:03;VETO;authorization denied: outside session window (server hour 06, window 12-20)
2025.10.14 06:30:00;VETO;authorization denied: outside session window (server hour 06, window 12-20)
2025.10.14 06:45:02;VETO;authorization denied: outside session window (server hour 06, window 12-20)
2025.10.14 10:45:00;VETO;outlier bar masked, z=4.4
2025.10.14 14:15:00;DECISION;setup SHORT score=0.65 entry=1.15 inv=1.16 tgt=0.00 [BOS short lvl=1.16|RelVol=1.13|VPnode d=0.00|VWAPside]
2025.10.14 14:15:00;DECISION;TP capped 0.00288 -> 0.00219 (3.0xATR)
2025.10.14 14:15:00;ORDER;filled SELL 0.54 lots sl=1.16 tp=1.15 [WT|BOS|0.65]
2025.10.14 14:15:00;RISK;sizing: vol_ratio=1.12 scalar=1.00 gap_buf=0.00037 eff_stop=0.00181
2025.10.14 14:15:00;ORDER;entry fill deal #84 SELL 0.54 @ 1.15490
2025.10.14 15:16:32;RISK;deal closed pnl=-77.76 streak=1 lock=0
2025.10.14 16:15:00;VETO;signal rejected: volume: relVol 0.97 < 1.00
2025.10.14 16:30:00;VETO;outlier bar masked, z=4.8
2025.10.14 19:00:00;VETO;signal rejected: score 0.50 < 0.55 [BOS long lvl=1.16|RelVol=1.62|Retest@1.16|VWAPside|ADX=39]
2025.10.14 23:15:35;VETO;signal rejected: score 0.30 < 0.55 [CHoCH short lvl=1.16|RelVol=1.07|Retest@1.16]
2025.10.15 03:45:15;DECISION;setup LONG score=0.85 entry=1.16 inv=1.16 tgt=0.00 AWAIT-RETEST [CHoCH long lvl=1.16|RelVol=1.01|Retest@1.16|VPnode d=0.00|VWAPside|CycleTurn w=-0.96<--0.99]
2025.10.15 04:00:00;VETO;authorization denied: outside session window (server hour 04, window 12-20)
2025.10.15 04:15:02;VETO;authorization denied: outside session window (server hour 04, window 12-20)
2025.10.15 04:30:00;VETO;authorization denied: outside session window (server hour 04, window 12-20)
2025.10.15 04:45:00;VETO;authorization denied: outside session window (server hour 04, window 12-20)
2025.10.15 08:30:00;VETO;signal rejected: volume: relVol 0.81 < 1.00
2025.10.15 16:00:00;DECISION;setup SHORT score=0.65 entry=1.16 inv=1.16 tgt=0.00 AWAIT-RETEST [CHoCH short lvl=1.16|RelVol=1.19|Retest@1.16|VPnode d=0.00|VWAPside]
2025.10.15 16:00:00;DECISION;TP capped 0.00281 -> 0.00211 (3.0xATR)
2025.10.15 16:00:00;ORDER;limit SELL 0.55 @ 1.16 sl=1.16 tp=1.16 rc=10009 [WT|CHOCH|0.65|RL]
2025.10.15 16:00:00;RISK;sizing: vol_ratio=1.06 scalar=1.00 gap_buf=0.00035 eff_stop=0.00176
2025.10.15 16:10:47;ORDER;entry fill deal #86 SELL 0.55 @ 1.16185
2025.10.15 18:22:01;RISK;deal closed pnl=-77.55 streak=1 lock=0
2025.10.15 18:30:00;DECISION;setup LONG score=0.65 entry=1.16 inv=1.16 tgt=0.00 AWAIT-RETEST [CHoCH long lvl=1.16|RelVol=1.10|Retest@1.16|VPnode d=0.00|VWAPside]
2025.10.15 18:30:00;DECISION;TP capped 0.00477 -> 0.00358 (3.0xATR)
2025.10.15 18:30:00;ORDER;limit BUY 0.34 @ 1.16 sl=1.16 tp=1.17 rc=10009 [WT|CHOCH|0.65|RL]
2025.10.15 18:30:00;RISK;sizing: vol_ratio=1.30 scalar=1.00 gap_buf=0.00041 eff_stop=0.00280
2025.10.15 18:30:00;ORDER;entry fill deal #88 BUY 0.34 @ 1.16340
2025.10.15 23:00:00;VETO;signal rejected: volume: relVol 0.88 < 1.00
2025.10.16 01:45:00;DECISION;setup LONG score=0.95 entry=1.16 inv=1.16 tgt=0.00 [BOS long lvl=1.16|RelVol=1.03|VPnode d=0.00|VWAPside|CycleTurn w=0.55<-0.22|ADX=38]
2025.10.16 01:45:00;VETO;authorization denied: outside session window (server hour 01, window 12-20)
2025.10.16 02:00:00;VETO;authorization denied: outside session window (server hour 02, window 12-20)
2025.10.16 02:15:02;VETO;authorization denied: outside session window (server hour 02, window 12-20)
2025.10.16 02:30:00;VETO;authorization denied: outside session window (server hour 02, window 12-20)
2025.10.16 03:30:00;DECISION;setup LONG score=0.80 entry=1.17 inv=1.16 tgt=0.00 AWAIT-RETEST [BOS long lvl=1.17|RelVol=1.41|Retest@1.17|VPnear|VWAPside|CycleTurn w=-0.79<--0.97|ADX=50]
2025.10.16 03:32:49;MANAGE;#89 SL 1.16 -> 1.16 breakeven
2025.10.16 03:32:49;MANAGE;#89 partial close 0.17 of 0.34 lots
2025.10.16 03:32:49;RISK;deal closed pnl=40.61 streak=0 lock=0
2025.10.16 03:32:49;MANAGE;#89 SL 1.16 -> 1.16 trail
2025.10.16 03:33:04;MANAGE;#89 SL 1.16 -> 1.17 trail
2025.10.16 03:34:05;MANAGE;#89 SL 1.17 -> 1.17 trail
2025.10.16 03:34:13;MANAGE;#89 SL 1.17 -> 1.17 trail
2025.10.16 03:39:15;MANAGE;#89 SL 1.17 -> 1.17 trail
2025.10.16 03:39:55;MANAGE;#89 SL 1.17 -> 1.17 trail
2025.10.16 03:45:05;MANAGE;#89 SL 1.17 -> 1.17 trail
2025.10.16 03:45:58;MANAGE;#89 SL 1.17 -> 1.17 trail
2025.10.16 04:20:57;MANAGE;#89 SL 1.17 -> 1.17 trail
2025.10.16 04:22:30;MANAGE;#89 SL 1.17 -> 1.17 trail
2025.10.16 04:39:24;RISK;deal closed pnl=60.85 streak=0 lock=0
2025.10.16 10:15:00;DECISION;setup SHORT score=0.65 entry=1.17 inv=1.17 tgt=0.00 AWAIT-RETEST [CHoCH short lvl=1.17|RelVol=1.47|Retest@1.17|VPnode d=0.00|VWAPside]
2025.10.16 10:30:00;VETO;authorization denied: outside session window (server hour 10, window 12-20)
2025.10.16 10:45:00;VETO;authorization denied: outside session window (server hour 10, window 12-20)
2025.10.16 11:00:00;VETO;authorization denied: outside session window (server hour 11, window 12-20)
2025.10.16 11:15:00;VETO;authorization denied: outside session window (server hour 11, window 12-20)
2025.10.16 14:15:03;VETO;signal rejected: volume: relVol 0.83 < 1.00
2025.10.16 17:30:00;VETO;signal rejected: volume: relVol 0.80 < 1.00
2025.10.16 20:15:00;VETO;signal rejected: score 0.50 < 0.55 [BOS long lvl=1.17|RelVol=2.09|Retest@1.17|VPnear|VWAPside]
2025.10.17 01:45:00;DECISION;setup LONG score=0.85 entry=1.17 inv=1.17 tgt=0.00 [BOS long lvl=1.17|RelVol=1.17|VPnode d=0.00|VWAPside|CycleTurn w=-0.94<--0.98]
2025.10.17 01:45:00;VETO;authorization denied: outside session window (server hour 01, window 12-20)
2025.10.17 02:00:00;VETO;authorization denied: outside session window (server hour 02, window 12-20)
2025.10.17 02:15:00;VETO;authorization denied: outside session window (server hour 02, window 12-20)
2025.10.17 02:30:08;VETO;authorization denied: outside session window (server hour 02, window 12-20)
2025.10.17 08:15:00;DECISION;setup LONG score=0.75 entry=1.17 inv=1.17 tgt=0.00 [BOS long lvl=1.17|RelVol=1.12|VPnode d=0.00|VWAPside|ADX=33]
2025.10.17 08:15:00;VETO;authorization denied: outside session window (server hour 08, window 12-20)
2025.10.17 08:30:00;VETO;authorization denied: outside session window (server hour 08, window 12-20)
2025.10.17 08:45:00;VETO;authorization denied: outside session window (server hour 08, window 12-20)
2025.10.17 09:00:00;VETO;authorization denied: outside session window (server hour 09, window 12-20)
2025.10.17 10:30:00;VETO;outlier bar masked, z=5.9
2025.10.17 14:00:00;DECISION;setup SHORT score=0.65 entry=1.17 inv=1.17 tgt=0.00 [BOS short lvl=1.17|RelVol=1.75|VPnode d=0.00|VWAPside]
2025.10.17 14:00:00;DECISION;TP capped 0.00360 -> 0.00270 (3.0xATR)
2025.10.17 14:00:00;ORDER;filled SELL 0.43 lots sl=1.17 tp=1.17 [WT|BOS|0.65]
2025.10.17 14:00:00;RISK;sizing: vol_ratio=1.28 scalar=1.00 gap_buf=0.00044 eff_stop=0.00224
2025.10.17 14:00:00;ORDER;entry fill deal #91 SELL 0.43 @ 1.16900
2025.10.17 15:15:00;DECISION;setup SHORT score=0.60 entry=1.17 inv=1.17 tgt=0.00 [BOS short lvl=1.17|RelVol=1.46|VPnear|VWAPside|ADX=35]
2025.10.17 15:15:00;DECISION;TP capped 0.00464 -> 0.00348 (3.0xATR)
2025.10.17 15:15:00;VETO;risk veto: max positions
2025.10.17 15:27:32;MANAGE;#92 SL 1.17 -> 1.17 breakeven
2025.10.17 15:27:32;MANAGE;#92 partial close 0.21 of 0.43 lots
2025.10.17 15:27:32;RISK;deal closed pnl=38.01 streak=0 lock=0
2025.10.17 15:27:36;MANAGE;#92 SL 1.17 -> 1.17 trail
2025.10.17 15:31:27;MANAGE;#92 SL 1.17 -> 1.17 trail
2025.10.17 15:38:27;MANAGE;#92 SL 1.17 -> 1.17 trail
2025.10.17 15:38:45;MANAGE;#92 SL 1.17 -> 1.17 trail
2025.10.17 15:42:44;MANAGE;#92 SL 1.17 -> 1.17 trail
2025.10.17 17:03:28;MANAGE;#92 SL 1.17 -> 1.17 trail
2025.10.17 17:05:17;MANAGE;#92 SL 1.17 -> 1.17 trail
2025.10.17 17:05:48;MANAGE;#92 SL 1.17 -> 1.17 trail
2025.10.17 17:05:49;RISK;deal closed pnl=59.84 streak=0 lock=0
2025.10.17 17:15:00;VETO;signal rejected: score 0.50 < 0.55 [BOS short lvl=1.17|RelVol=1.13|Retest@1.17|VWAPside|ADX=40]
2025.10.17 23:30:00;DECISION;setup SHORT score=0.60 entry=1.17 inv=1.17 tgt=0.00 [BOS short lvl=1.17|RelVol=1.08|VWAPside|CycleTurn w=0.97<-1.00]
2025.10.17 23:30:00;VETO;authorization denied: outside session window (server hour 23, window 12-20)
2025.10.17 23:45:00;VETO;authorization denied: outside session window (server hour 23, window 12-20)
2025.10.20 00:01:00;VETO;authorization denied: outside session window (server hour 00, window 12-20)
2025.10.20 00:15:23;VETO;authorization denied: outside session window (server hour 00, window 12-20)
2025.10.20 05:15:00;VETO;signal rejected: volume: relVol 0.84 < 1.00
2025.10.20 08:00:00;VETO;signal rejected: volume: relVol 0.93 < 1.00
2025.10.20 13:15:00;VETO;signal rejected: volume: relVol 0.92 < 1.00
2025.10.20 17:45:00;VETO;signal rejected: volume: relVol 0.84 < 1.00
2025.10.20 19:30:00;VETO;signal rejected: volume: relVol 0.85 < 1.00
2025.10.21 03:15:00;VETO;signal rejected: volume: relVol 0.97 < 1.00
2025.10.21 05:45:00;DECISION;setup SHORT score=0.65 entry=1.16 inv=1.17 tgt=0.00 AWAIT-RETEST [CHoCH short lvl=1.16|RelVol=1.70|Retest@1.16|VPnode d=0.00|VWAPside]
2025.10.21 08:30:00;DECISION;setup SHORT score=0.60 entry=1.16 inv=1.17 tgt=0.00 [BOS short lvl=1.16|RelVol=1.26|VPnear|VWAPside|ADX=41]
2025.10.21 08:30:00;VETO;authorization denied: outside session window (server hour 08, window 12-20)
2025.10.21 08:45:00;VETO;authorization denied: outside session window (server hour 08, window 12-20)
2025.10.21 09:00:00;VETO;authorization denied: outside session window (server hour 09, window 12-20)
2025.10.21 09:15:00;VETO;authorization denied: outside session window (server hour 09, window 12-20)
2025.10.21 13:45:00;DECISION;setup SHORT score=0.75 entry=1.16 inv=1.16 tgt=0.00 [BOS short lvl=1.16|RelVol=1.08|VPnode d=0.00|VWAPside|ADX=35]
2025.10.21 13:45:00;DECISION;TP capped 0.00370 -> 0.00277 (3.0xATR)
2025.10.21 13:45:00;ORDER;filled SELL 0.43 lots sl=1.16 tp=1.16 [WT|BOS|0.75]
2025.10.21 13:45:00;RISK;sizing: vol_ratio=1.44 scalar=1.00 gap_buf=0.00039 eff_stop=0.00224
2025.10.21 13:45:00;ORDER;entry fill deal #94 SELL 0.43 @ 1.16090
2025.10.21 15:30:00;VETO;signal rejected: volume: relVol 0.98 < 1.00
2025.10.21 17:45:00;DECISION;setup SHORT score=0.65 entry=1.16 inv=1.16 tgt=0.00 [BOS short lvl=1.16|RelVol=1.16|VPnode d=0.00|VWAPside]
2025.10.21 17:45:00;DECISION;TP capped 0.00514 -> 0.00386 (3.0xATR)
2025.10.21 17:45:00;VETO;risk veto: max positions
2025.10.21 23:00:00;DECISION;setup SHORT score=0.65 entry=1.16 inv=1.16 tgt=0.00 [BOS short lvl=1.16|RelVol=1.13|VPnode d=0.00|VWAPside]
2025.10.21 23:00:00;VETO;authorization denied: outside session window (server hour 23, window 12-20)
2025.10.21 23:15:03;VETO;authorization denied: outside session window (server hour 23, window 12-20)
2025.10.21 23:30:00;VETO;authorization denied: outside session window (server hour 23, window 12-20)
2025.10.21 23:45:03;VETO;authorization denied: outside session window (server hour 23, window 12-20)
2025.10.22 03:15:00;VETO;signal rejected: score 0.50 < 0.55 [CHoCH long lvl=1.16|RelVol=1.19|Retest@1.16|VPnear|VWAPside]
2025.10.22 05:45:00;VETO;signal rejected: volume: relVol 0.70 < 1.00
2025.10.22 08:15:00;VETO;signal rejected: volume: relVol 0.85 < 1.00
2025.10.22 10:15:00;VETO;signal rejected: volume: relVol 0.91 < 1.00
2025.10.22 11:16:45;MANAGE;#95 SL 1.16 -> 1.16 breakeven
2025.10.22 11:16:45;MANAGE;#95 partial close 0.21 of 0.43 lots
2025.10.22 11:16:45;RISK;deal closed pnl=38.85 streak=0 lock=0
2025.10.22 11:16:45;MANAGE;#95 SL 1.16 -> 1.16 trail
2025.10.22 11:18:52;MANAGE;#95 SL 1.16 -> 1.16 trail
2025.10.22 13:22:35;MANAGE;#95 SL 1.16 -> 1.16 trail
2025.10.22 13:27:19;MANAGE;#95 SL 1.16 -> 1.16 trail
2025.10.22 13:30:00;DECISION;setup SHORT score=0.60 entry=1.16 inv=1.16 tgt=0.00 [BOS short lvl=1.16|RelVol=1.04|VPnear|VWAPside|ADX=31]
2025.10.22 13:30:00;DECISION;TP capped 0.00336 -> 0.00252 (3.0xATR)
2025.10.22 13:30:00;VETO;risk veto: max positions
2025.10.22 13:30:06;MANAGE;#95 SL 1.16 -> 1.16 trail
2025.10.22 13:36:48;MANAGE;#95 SL 1.16 -> 1.16 trail
2025.10.22 13:37:34;MANAGE;#95 SL 1.16 -> 1.16 trail
2025.10.22 14:30:28;MANAGE;#95 SL 1.16 -> 1.16 trail
2025.10.22 14:41:06;MANAGE;#95 SL 1.16 -> 1.16 trail
2025.10.22 15:00:00;MANAGE;#95 SL 1.16 -> 1.16 trail
2025.10.22 15:39:00;RISK;deal closed pnl=60.72 streak=0 lock=0
2025.10.22 15:45:00;VETO;signal rejected: volume: relVol 0.69 < 1.00
2025.10.22 16:45:00;VETO;signal rejected: volume: relVol 0.93 < 1.00
2025.10.22 19:45:00;DECISION;setup LONG score=0.75 entry=1.16 inv=1.16 tgt=0.00 [BOS long lvl=1.16|RelVol=2.13|VPnode d=0.00|VWAPside|ADX=64]
2025.10.22 19:45:00;DECISION;TP capped 0.00848 -> 0.00636 (3.0xATR)
2025.10.22 19:45:00;ORDER;filled BUY 0.21 lots sl=1.16 tp=1.17 [WT|BOS|0.75]
2025.10.22 19:45:00;RISK;sizing: vol_ratio=1.40 scalar=1.00 gap_buf=0.00037 eff_stop=0.00461
2025.10.22 19:45:00;ORDER;entry fill deal #97 BUY 0.21 @ 1.16192
2025.10.22 21:45:00;VETO;signal rejected: volume: relVol 0.91 < 1.00
2025.10.23 03:15:00;VETO;signal rejected: volume: relVol 0.85 < 1.00
2025.10.23 05:45:00;VETO;signal rejected: volume: relVol 0.77 < 1.00
2025.10.23 07:00:00;VETO;signal rejected: volume: relVol 0.94 < 1.00
2025.10.23 08:00:00;VETO;signal rejected: volume: relVol 0.80 < 1.00
2025.10.23 13:30:00;VETO;signal rejected: volume: relVol 0.67 < 1.00
2025.10.23 17:00:00;VETO;signal rejected: volume: relVol 0.76 < 1.00
2025.10.23 21:45:00;VETO;signal rejected: volume: relVol 0.97 < 1.00
2025.10.24 01:15:00;VETO;signal rejected: volume: relVol 0.61 < 1.00
2025.10.24 04:30:00;VETO;signal rejected: volume: relVol 0.74 < 1.00
2025.10.24 08:30:00;VETO;signal rejected: volume: relVol 0.66 < 1.00
2025.10.24 10:00:00;VETO;signal rejected: volume: relVol 0.52 < 1.00
2025.10.24 10:45:00;VETO;outlier bar masked, z=7.3
2025.10.24 15:45:00;VETO;outlier bar masked, z=14.1
2025.10.24 16:00:00;VETO;outlier bar masked, z=4.5
2025.10.24 16:15:00;VETO;outlier bar masked, z=3.9
2025.10.24 17:00:00;VETO;outlier bar masked, z=3.8
2025.10.24 22:00:00;RISK;FLATTEN ALL: Friday flatten: weekend gap protection
2025.10.24 22:00:00;RISK;deal closed pnl=13.06 streak=0 lock=0
2025.10.24 23:15:00;VETO;signal rejected: volume: relVol 0.91 < 1.00
2025.10.24 23:45:00;VETO;signal rejected: score 0.30 < 0.55 [CHoCH short lvl=1.16|RelVol=1.44|Retest@1.16]
2025.10.27 03:15:01;DECISION;setup LONG score=0.65 entry=1.16 inv=1.16 tgt=0.00 AWAIT-RETEST [CHoCH long lvl=1.16|RelVol=1.09|Retest@1.16|VPnode d=0.00|VWAPside]
2025.10.27 04:15:00;VETO;authorization denied: outside session window (server hour 04, window 12-20)
2025.10.27 04:30:00;VETO;authorization denied: outside session window (server hour 04, window 12-20)
2025.10.27 04:45:02;VETO;authorization denied: outside session window (server hour 04, window 12-20)
2025.10.27 05:00:00;VETO;authorization denied: outside session window (server hour 05, window 12-20)
2025.10.27 06:15:02;DECISION;setup SHORT score=0.65 entry=1.16 inv=1.16 tgt=0.00 AWAIT-RETEST [CHoCH short lvl=1.16|RelVol=1.20|Retest@1.16|VPnode d=0.00|VWAPside]
2025.10.27 06:30:02;VETO;authorization denied: outside session window (server hour 06, window 12-20)
2025.10.27 06:45:03;VETO;authorization denied: outside session window (server hour 06, window 12-20)
2025.10.27 07:00:02;VETO;authorization denied: outside session window (server hour 07, window 12-20)
2025.10.27 07:15:00;VETO;authorization denied: outside session window (server hour 07, window 12-20)
2025.10.27 10:00:00;VETO;signal rejected: volume: relVol 0.53 < 1.00
2025.10.27 11:30:00;VETO;signal rejected: volume: relVol 0.91 < 1.00
2025.10.27 15:45:00;VETO;signal rejected: volume: relVol 0.76 < 1.00
2025.10.27 20:45:02;VETO;signal rejected: volume: relVol 1.00 < 1.00
2025.10.28 01:00:00;VETO;signal rejected: volume: relVol 0.34 < 1.00
2025.10.28 06:45:07;DECISION;setup LONG score=0.95 entry=1.17 inv=1.17 tgt=0.00 [BOS long lvl=1.17|RelVol=1.13|VPnode d=0.00|VWAPside|CycleTurn w=0.37<--0.61|ADX=47]
2025.10.28 06:45:07;VETO;authorization denied: outside session window (server hour 06, window 12-20)
2025.10.28 07:00:00;VETO;authorization denied: outside session window (server hour 07, window 12-20)
2025.10.28 07:15:03;VETO;authorization denied: outside session window (server hour 07, window 12-20)
2025.10.28 07:30:00;VETO;authorization denied: outside session window (server hour 07, window 12-20)
2025.10.28 11:00:00;VETO;outlier bar masked, z=4.3
2025.10.28 13:00:00;VETO;signal rejected: volume: relVol 0.88 < 1.00
2025.10.28 14:45:00;VETO;signal rejected: score 0.50 < 0.55 [CHoCH short lvl=1.16|RelVol=1.29|Retest@1.16|VPnear|VWAPside]
2025.10.28 15:15:00;VETO;outlier bar masked, z=5.1
2025.10.28 16:15:00;VETO;outlier bar masked, z=3.7
2025.10.28 19:00:00;VETO;outlier bar masked, z=5.5
2025.10.28 22:00:00;DECISION;setup SHORT score=0.85 entry=1.17 inv=1.17 tgt=0.00 AWAIT-RETEST [CHoCH short lvl=1.17|RelVol=1.44|Retest@1.17|VPnode d=0.00|VWAPside|CycleTurn w=-0.54<--0.52]
2025.10.28 22:15:00;VETO;authorization denied: outside session window (server hour 22, window 12-20)
2025.10.28 22:30:00;VETO;authorization denied: outside session window (server hour 22, window 12-20)
2025.10.28 22:45:03;VETO;authorization denied: outside session window (server hour 22, window 12-20)
2025.10.28 23:01:00;VETO;authorization denied: outside session window (server hour 23, window 12-20)
2025.10.29 02:00:00;DECISION;setup LONG score=0.85 entry=1.17 inv=1.16 tgt=0.00 AWAIT-RETEST [CHoCH long lvl=1.17|RelVol=1.81|Retest@1.17|VPnode d=0.00|VWAPside|CycleTurn w=-0.78<--0.99]
2025.10.29 02:30:00;VETO;authorization denied: outside session window (server hour 02, window 12-20)
2025.10.29 02:45:00;VETO;authorization denied: outside session window (server hour 02, window 12-20)
2025.10.29 03:00:00;VETO;authorization denied: outside session window (server hour 03, window 12-20)
2025.10.29 03:15:00;VETO;authorization denied: outside session window (server hour 03, window 12-20)
2025.10.29 03:45:00;DECISION;setup SHORT score=0.85 entry=1.16 inv=1.17 tgt=0.00 AWAIT-RETEST [CHoCH short lvl=1.16|RelVol=1.46|Retest@1.16|VPnode d=0.00|VWAPside|CycleTurn w=0.54<-0.92]
2025.10.29 04:00:00;VETO;authorization denied: outside session window (server hour 04, window 12-20)
2025.10.29 04:15:03;VETO;authorization denied: outside session window (server hour 04, window 12-20)
2025.10.29 04:30:00;VETO;authorization denied: outside session window (server hour 04, window 12-20)
2025.10.29 04:45:01;VETO;authorization denied: outside session window (server hour 04, window 12-20)
2025.10.29 05:45:06;DECISION;setup SHORT score=0.60 entry=1.16 inv=1.17 tgt=0.00 [BOS short lvl=1.16|RelVol=1.24|VPnear|VWAPside|ADX=35]
2025.10.29 05:45:06;VETO;authorization denied: outside session window (server hour 05, window 12-20)
2025.10.29 06:00:00;VETO;authorization denied: outside session window (server hour 06, window 12-20)
2025.10.29 06:15:00;VETO;authorization denied: outside session window (server hour 06, window 12-20)
2025.10.29 06:30:01;VETO;authorization denied: outside session window (server hour 06, window 12-20)
2025.10.29 11:00:00;VETO;signal rejected: volume: relVol 0.60 < 1.00
2025.10.29 12:00:00;DECISION;setup LONG score=0.70 entry=1.16 inv=1.16 tgt=0.00 AWAIT-RETEST [CHoCH long lvl=1.16|RelVol=1.05|Retest@1.16|VPnear|VWAPside|CycleTurn w=0.35<--0.71]
2025.10.29 12:00:00;DECISION;TP capped 0.00424 -> 0.00318 (3.0xATR)
2025.10.29 12:00:00;ORDER;limit BUY 0.40 @ 1.16 sl=1.16 tp=1.17 rc=10009 [WT|CHOCH|0.70|RL]
2025.10.29 12:00:00;RISK;sizing: vol_ratio=1.28 scalar=1.00 gap_buf=0.00036 eff_stop=0.00247
2025.10.29 12:03:29;ORDER;entry fill deal #99 BUY 0.40 @ 1.16398
2025.10.29 14:45:02;DECISION;setup SHORT score=0.85 entry=1.16 inv=1.16 tgt=0.00 AWAIT-RETEST [CHoCH short lvl=1.16|RelVol=1.19|Retest@1.16|VPnode d=0.00|VWAPside|CycleTurn w=0.42<-0.89]
2025.10.29 14:45:02;VETO;retest limit risk veto: max positions
2025.10.29 15:00:00;DECISION;TP capped 0.00306 -> 0.00230 (3.0xATR)
2025.10.29 15:00:00;VETO;risk veto: max positions
2025.10.29 17:00:00;VETO;signal rejected: volume: relVol 0.66 < 1.00
2025.10.29 17:50:14;MANAGE;#100 SL 1.16 -> 1.16 breakeven
2025.10.29 17:50:14;MANAGE;#100 partial close 0.20 of 0.40 lots
2025.10.29 17:50:14;RISK;deal closed pnl=43.00 streak=0 lock=0
2025.10.29 17:50:15;MANAGE;#100 SL 1.16 -> 1.16 trail
2025.10.29 17:52:49;MANAGE;#100 SL 1.16 -> 1.16 trail
2025.10.29 17:53:00;MANAGE;#100 SL 1.16 -> 1.16 trail
2025.10.29 17:57:31;MANAGE;#100 SL 1.16 -> 1.16 trail
2025.10.29 18:02:24;MANAGE;#100 SL 1.16 -> 1.17 trail
2025.10.29 19:28:41;RISK;deal closed pnl=22.00 streak=0 lock=0
2025.10.29 20:15:00;VETO;outlier bar masked, z=4.9
2025.10.29 20:45:00;VETO;outlier bar masked, z=21.6
2025.10.29 21:00:00;VETO;outlier bar masked, z=4.6
2025.10.29 21:15:00;VETO;outlier bar masked, z=5.2
2025.10.30 02:30:00;DECISION;setup LONG score=0.65 entry=1.16 inv=1.16 tgt=0.00 AWAIT-RETEST [CHoCH long lvl=1.16|RelVol=2.10|Retest@1.16|VPnode d=0.00|VWAPside]
2025.10.30 04:15:00;VETO;signal rejected: volume: relVol 0.81 < 1.00
2025.10.30 06:30:00;VETO;outlier bar masked, z=3.7
2025.10.30 13:00:00;VETO;signal rejected: volume: relVol 0.95 < 1.00
2025.10.30 14:30:00;VETO;outlier bar masked, z=4.2
2025.10.30 15:30:00;VETO;outlier bar masked, z=3.5
2025.10.31 01:45:01;VETO;signal rejected: volume: relVol 0.93 < 1.00
2025.10.31 09:00:00;DECISION;setup SHORT score=0.65 entry=1.16 inv=1.16 tgt=0.00 AWAIT-RETEST [CHoCH short lvl=1.16|RelVol=1.78|Retest@1.16|VPnode d=0.00|VWAPside]
2025.10.31 10:00:00;VETO;authorization denied: outside session window (server hour 10, window 12-20)
2025.10.31 10:15:04;VETO;authorization denied: outside session window (server hour 10, window 12-20)
2025.10.31 10:30:00;VETO;authorization denied: outside session window (server hour 10, window 12-20)
2025.10.31 10:45:00;VETO;authorization denied: outside session window (server hour 10, window 12-20)
2025.10.31 11:15:00;VETO;signal rejected: volume: relVol 0.57 < 1.00
2025.10.31 13:45:00;DECISION;setup SHORT score=0.85 entry=1.16 inv=1.16 tgt=0.00 AWAIT-RETEST [CHoCH short lvl=1.16|RelVol=1.82|Retest@1.16|VPnode d=0.00|VWAPside|CycleTurn w=0.65<-0.95]
2025.10.31 13:45:00;DECISION;TP capped 0.00277 -> 0.00208 (3.0xATR)
2025.10.31 13:45:00;ORDER;limit SELL 0.58 @ 1.16 sl=1.16 tp=1.15 rc=10009 [WT|CHOCH|0.85|RL]
2025.10.31 13:45:00;RISK;sizing: vol_ratio=1.08 scalar=1.00 gap_buf=0.00033 eff_stop=0.00171
2025.10.31 13:47:45;ORDER;entry fill deal #102 SELL 0.58 @ 1.15632
2025.10.31 15:20:09;MANAGE;#103 SL 1.16 -> 1.16 breakeven
2025.10.31 15:20:09;MANAGE;#103 partial close 0.28 of 0.58 lots
2025.10.31 15:20:09;RISK;deal closed pnl=39.48 streak=0 lock=0
2025.10.31 15:20:09;MANAGE;#103 SL 1.16 -> 1.16 trail
2025.10.31 15:30:24;MANAGE;#103 SL 1.16 -> 1.16 trail
2025.10.31 15:30:28;MANAGE;#103 SL 1.16 -> 1.16 trail
2025.10.31 15:34:45;MANAGE;#103 SL 1.16 -> 1.16 trail
2025.10.31 15:37:16;MANAGE;#103 SL 1.16 -> 1.16 trail
2025.10.31 15:39:22;MANAGE;#103 SL 1.16 -> 1.16 trail
2025.10.31 15:40:24;RISK;deal closed pnl=62.40 streak=0 lock=0
2025.10.31 15:45:00;VETO;outlier bar masked, z=5.4
2025.10.31 16:45:00;VETO;outlier bar masked, z=3.7
2025.10.31 18:00:00;VETO;outlier bar masked, z=5.8
2025.11.03 06:15:00;DECISION;setup LONG score=0.65 entry=1.15 inv=1.15 tgt=0.00 AWAIT-RETEST [CHoCH long lvl=1.15|RelVol=1.40|Retest@1.15|VPnode d=0.00|VWAPside]
2025.11.03 06:30:06;VETO;authorization denied: outside session window (server hour 06, window 12-20)
2025.11.03 06:45:00;VETO;authorization denied: outside session window (server hour 06, window 12-20)
2025.11.03 07:00:00;VETO;authorization denied: outside session window (server hour 07, window 12-20)
2025.11.03 07:15:05;VETO;authorization denied: outside session window (server hour 07, window 12-20)
2025.11.03 08:30:00;VETO;signal rejected: volume: relVol 0.93 < 1.00
2025.11.03 10:45:00;VETO;signal rejected: volume: relVol 0.89 < 1.00
2025.11.03 14:45:00;VETO;signal rejected: volume: relVol 0.70 < 1.00
2025.11.03 15:30:00;DECISION;setup SHORT score=0.85 entry=1.15 inv=1.15 tgt=0.00 AWAIT-RETEST [CHoCH short lvl=1.15|RelVol=1.05|Retest@1.15|VPnode d=0.00|VWAPside|CycleTurn w=0.91<-0.99]
2025.11.03 15:30:00;DECISION;TP capped 0.00321 -> 0.00241 (3.0xATR)
2025.11.03 15:30:00;ERROR;limit SELL 0.53 @ 1.15 sl=1.15 tp=1.15 rc=10015 [WT|CHOCH|0.85|RL]
2025.11.03 15:45:08;DECISION;TP capped 0.00254 -> 0.00190 (3.0xATR)
2025.11.03 15:45:08;ORDER;filled SELL 0.65 lots sl=1.15 tp=1.15 [WT|CHOCH|0.85]
2025.11.03 15:45:08;RISK;sizing: vol_ratio=0.93 scalar=1.00 gap_buf=0.00028 eff_stop=0.00155
2025.11.03 15:45:08;ORDER;entry fill deal #105 SELL 0.65 @ 1.15097
2025.11.03 17:57:44;RISK;deal closed pnl=-82.55 streak=1 lock=0
2025.11.03 18:00:00;VETO;signal rejected: volume: relVol 0.95 < 1.00
2025.11.03 19:30:02;DECISION;setup LONG score=0.75 entry=1.15 inv=1.15 tgt=0.00 [BOS long lvl=1.15|RelVol=1.02|VPnode d=0.00|VWAPside|ADX=38]
2025.11.03 19:30:02;DECISION;TP capped 0.00626 -> 0.00470 (3.0xATR)
2025.11.03 19:30:02;ORDER;filled BUY 0.28 lots sl=1.15 tp=1.16 [WT|BOS|0.75]
2025.11.03 19:30:02;RISK;sizing: vol_ratio=1.33 scalar=1.00 gap_buf=0.00038 eff_stop=0.00351
2025.11.03 19:30:02;ORDER;entry fill deal #107 BUY 0.28 @ 1.15362
2025.11.03 23:30:00;VETO;signal rejected: score 0.50 < 0.55 [CHoCH short lvl=1.15|RelVol=1.23|Retest@1.15|VPnear|VWAPside]
2025.11.04 02:15:00;DECISION;setup SHORT score=0.80 entry=1.15 inv=1.15 tgt=0.00 AWAIT-RETEST [BOS short lvl=1.15|RelVol=2.02|Retest@1.15|VPnear|VWAPside|CycleTurn w=-0.12<-0.98|ADX=32]
2025.11.04 03:06:38;RISK;deal closed pnl=-88.12 streak=1 lock=0
2025.11.04 08:30:00;DECISION;setup LONG score=0.85 entry=1.15 inv=1.15 tgt=0.00 AWAIT-RETEST [CHoCH long lvl=1.15|RelVol=2.50|Retest@1.15|VPnode d=0.00|VWAPside|CycleTurn w=0.77<-0.76]
2025.11.04 12:00:00;DECISION;setup SHORT score=0.65 entry=1.15 inv=1.15 tgt=0.00 AWAIT-RETEST [CHoCH short lvl=1.15|RelVol=1.26|Retest@1.15|VPnode d=0.00|VWAPside]
2025.11.04 12:00:00;DECISION;TP capped 0.00571 -> 0.00429 (3.0xATR)
2025.11.04 12:00:00;ORDER;limit SELL 0.30 @ 1.15 sl=1.15 tp=1.15 rc=10009 [WT|CHOCH|0.65|RL]
2025.11.04 12:00:00;RISK;sizing: vol_ratio=1.27 scalar=1.00 gap_buf=0.00035 eff_stop=0.00321
2025.11.04 12:03:14;ORDER;entry fill deal #109 SELL 0.30 @ 1.15055
2025.11.04 13:45:00;DECISION;setup SHORT score=0.60 entry=1.15 inv=1.15 tgt=0.00 [BOS short lvl=1.15|RelVol=1.62|VPnear|VWAPside|ADX=53]
2025.11.04 13:45:00;DECISION;TP capped 0.00756 -> 0.00567 (3.0xATR)
2025.11.04 13:45:00;VETO;risk veto: max positions
2025.11.04 14:34:14;MANAGE;#110 SL 1.15 -> 1.15 breakeven
2025.11.04 14:34:14;MANAGE;#110 partial close 0.15 of 0.30 lots
2025.11.04 14:34:14;RISK;deal closed pnl=43.05 streak=0 lock=0
2025.11.04 14:34:14;MANAGE;#110 SL 1.15 -> 1.15 trail
2025.11.04 15:04:32;RISK;deal closed pnl=19.50 streak=0 lock=0
2025.11.04 21:45:00;DECISION;setup SHORT score=0.65 entry=1.15 inv=1.15 tgt=0.00 [BOS short lvl=1.15|RelVol=1.24|VPnode d=0.00|VWAPside]
2025.11.04 21:45:00;VETO;authorization denied: outside session window (server hour 21, window 12-20)
2025.11.04 22:00:01;VETO;authorization denied: outside session window (server hour 22, window 12-20)
2025.11.04 22:15:03;VETO;authorization denied: outside session window (server hour 22, window 12-20)
2025.11.04 22:30:01;VETO;authorization denied: outside session window (server hour 22, window 12-20)
2025.11.05 01:30:00;DECISION;setup LONG score=0.65 entry=1.15 inv=1.15 tgt=0.00 AWAIT-RETEST [CHoCH long lvl=1.15|RelVol=1.64|Retest@1.15|VPnode d=0.00|VWAPside]
2025.11.05 01:45:01;VETO;authorization denied: outside session window (server hour 01, window 12-20)
2025.11.05 02:00:00;VETO;authorization denied: outside session window (server hour 02, window 12-20)
2025.11.05 02:15:01;VETO;authorization denied: outside session window (server hour 02, window 12-20)
2025.11.05 02:30:00;VETO;authorization denied: outside session window (server hour 02, window 12-20)
2025.11.05 03:30:00;DECISION;setup LONG score=0.65 entry=1.15 inv=1.15 tgt=0.00 [BOS long lvl=1.15|RelVol=1.90|VPnode d=0.00|VWAPside]
2025.11.05 03:30:00;VETO;authorization denied: outside session window (server hour 03, window 12-20)
2025.11.05 03:45:00;VETO;authorization denied: outside session window (server hour 03, window 12-20)
2025.11.05 04:00:00;VETO;authorization denied: outside session window (server hour 04, window 12-20)
2025.11.05 04:15:01;VETO;authorization denied: outside session window (server hour 04, window 12-20)
2025.11.05 07:45:00;VETO;signal rejected: volume: relVol 0.93 < 1.00
2025.11.05 10:15:00;DECISION;setup LONG score=0.85 entry=1.15 inv=1.15 tgt=0.00 [BOS long lvl=1.15|RelVol=1.05|VPnode d=0.00|VWAPside|CycleTurn w=-0.98<--1.00]
2025.11.05 10:15:00;VETO;authorization denied: outside session window (server hour 10, window 12-20)
2025.11.05 10:30:00;VETO;authorization denied: outside session window (server hour 10, window 12-20)
2025.11.05 10:45:00;VETO;authorization denied: outside session window (server hour 10, window 12-20)
2025.11.05 11:00:00;VETO;authorization denied: outside session window (server hour 11, window 12-20)
2025.11.05 12:15:00;DECISION;setup SHORT score=0.65 entry=1.15 inv=1.15 tgt=0.00 AWAIT-RETEST [CHoCH short lvl=1.15|RelVol=1.24|Retest@1.15|VPnode d=0.00|VWAPside]
2025.11.05 12:15:00;DECISION;TP capped 0.00281 -> 0.00211 (3.0xATR)
2025.11.05 12:15:00;ORDER;limit SELL 0.58 @ 1.15 sl=1.15 tp=1.15 rc=10009 [WT|CHOCH|0.65|RL]
2025.11.05 12:15:00;RISK;sizing: vol_ratio=1.11 scalar=1.00 gap_buf=0.00029 eff_stop=0.00170
2025.11.05 12:32:23;ORDER;entry fill deal #112 SELL 0.58 @ 1.14817
2025.11.05 16:00:00;DECISION;setup SHORT score=0.70 entry=1.15 inv=1.15 tgt=0.00 [BOS short lvl=1.15|RelVol=1.23|VPnear|VWAPside|CycleTurn w=0.10<-0.88]
2025.11.05 16:00:00;DECISION;TP capped 0.00400 -> 0.00300 (3.0xATR)
2025.11.05 16:00:00;VETO;risk veto: max positions
2025.11.05 17:15:00;VETO;outlier bar masked, z=6.5
2025.11.05 17:45:02;VETO;outlier bar masked, z=3.6
2025.11.05 21:45:03;VETO;signal rejected: volume: relVol 0.80 < 1.00
2025.11.05 23:45:00;VETO;signal rejected: volume: relVol 0.65 < 1.00
2025.11.06 01:15:00;DECISION;setup LONG score=0.75 entry=1.15 inv=1.15 tgt=0.00 [BOS long lvl=1.15|RelVol=1.58|VPnode d=0.00|VWAPside|ADX=35]
2025.11.06 01:15:00;VETO;authorization denied: outside session window (server hour 01, window 12-20)
2025.11.06 01:18:00;RISK;deal closed pnl=-82.36 streak=1 lock=0
2025.11.06 01:30:00;VETO;authorization denied: outside session window (server hour 01, window 12-20)
2025.11.06 01:45:00;VETO;authorization denied: outside session window (server hour 01, window 12-20)
2025.11.06 02:00:00;VETO;authorization denied: outside session window (server hour 02, window 12-20)
2025.11.06 08:00:00;DECISION;setup LONG score=0.95 entry=1.15 inv=1.15 tgt=0.00 [BOS long lvl=1.15|RelVol=1.25|VPnode d=0.00|VWAPside|CycleTurn w=-0.99<--1.00|ADX=34]
2025.11.06 08:00:00;VETO;authorization denied: outside session window (server hour 08, window 12-20)
2025.11.06 08:15:00;VETO;authorization denied: outside session window (server hour 08, window 12-20)
2025.11.06 08:30:00;VETO;authorization denied: outside session window (server hour 08, window 12-20)
2025.11.06 08:45:01;VETO;authorization denied: outside session window (server hour 08, window 12-20)
2025.11.06 11:00:00;VETO;outlier bar masked, z=7.0
2025.11.06 14:15:00;VETO;outlier bar masked, z=3.7
2025.11.06 14:45:01;VETO;signal rejected: volume: relVol 0.87 < 1.00
2025.11.06 17:30:00;VETO;outlier bar masked, z=4.0
2025.11.06 17:45:00;VETO;outlier bar masked, z=3.7
2025.11.06 18:00:00;VETO;outlier bar masked, z=4.9
2025.11.06 19:30:00;VETO;outlier bar masked, z=4.3
2025.11.06 20:15:00;VETO;signal rejected: volume: relVol 0.87 < 1.00
2025.11.07 00:15:14;VETO;signal rejected: volume: relVol 0.57 < 1.00
2025.11.07 01:30:00;DECISION;setup LONG score=0.85 entry=1.15 inv=1.15 tgt=0.00 AWAIT-RETEST [CHoCH long lvl=1.15|RelVol=1.24|Retest@1.15|VPnode d=0.00|VWAPside|CycleTurn w=-0.98<--1.00]
2025.11.07 01:45:00;VETO;authorization denied: outside session window (server hour 01, window 12-20)
2025.11.07 02:00:00;VETO;authorization denied: outside session window (server hour 02, window 12-20)
2025.11.07 02:15:01;VETO;authorization denied: outside session window (server hour 02, window 12-20)
2025.11.07 02:30:00;VETO;authorization denied: outside session window (server hour 02, window 12-20)
2025.11.07 06:30:00;DECISION;setup SHORT score=0.65 entry=1.15 inv=1.15 tgt=0.00 AWAIT-RETEST [CHoCH short lvl=1.15|RelVol=1.69|Retest@1.15|VPnode d=0.00|VWAPside]
2025.11.07 06:45:00;VETO;authorization denied: outside session window (server hour 06, window 12-20)
2025.11.07 07:00:00;VETO;authorization denied: outside session window (server hour 07, window 12-20)
2025.11.07 07:15:09;VETO;authorization denied: outside session window (server hour 07, window 12-20)
2025.11.07 07:30:01;VETO;authorization denied: outside session window (server hour 07, window 12-20)
2025.11.07 08:30:00;DECISION;setup SHORT score=0.65 entry=1.15 inv=1.15 tgt=0.00 [BOS short lvl=1.15|RelVol=1.08|VPnode d=0.00|VWAPside]
2025.11.07 08:30:00;VETO;authorization denied: outside session window (server hour 08, window 12-20)
2025.11.07 08:45:00;VETO;authorization denied: outside session window (server hour 08, window 12-20)
2025.11.07 09:00:01;VETO;authorization denied: outside session window (server hour 09, window 12-20)
2025.11.07 09:15:00;VETO;authorization denied: outside session window (server hour 09, window 12-20)
2025.11.07 12:15:00;VETO;signal rejected: volume: relVol 0.95 < 1.00
2025.11.07 15:30:00;VETO;signal rejected: volume: relVol 0.86 < 1.00
2025.11.07 17:15:00;VETO;outlier bar masked, z=5.8
2025.11.07 18:00:00;VETO;outlier bar masked, z=3.7
2025.11.07 21:00:00;VETO;signal rejected: volume: relVol 0.73 < 1.00
2025.11.10 00:45:24;VETO;signal rejected: volume: relVol 0.98 < 1.00
2025.11.10 01:15:00;VETO;outlier bar masked, z=3.9
2025.11.10 02:15:00;VETO;outlier bar masked, z=5.3
2025.11.10 07:00:00;VETO;signal rejected: volume: relVol 0.93 < 1.00
2025.11.10 09:00:00;DECISION;setup SHORT score=0.75 entry=1.16 inv=1.16 tgt=0.00 AWAIT-RETEST [CHoCH short lvl=1.16|RelVol=1.44|Retest@1.16|VPnode d=0.00|CycleTurn w=0.88<-0.98]
2025.11.10 09:15:00;VETO;authorization denied: outside session window (server hour 09, window 12-20)
2025.11.10 09:30:00;VETO;authorization denied: outside session window (server hour 09, window 12-20)
2025.11.10 09:45:04;VETO;signal rejected: score 0.50 < 0.55 [CHoCH long lvl=1.16|RelVol=1.07|Retest@1.16|VPnear|VWAPside]
2025.11.10 12:45:00;VETO;signal rejected: score 0.40 < 0.55 [CHoCH short lvl=1.16|RelVol=1.30|Retest@1.16|VPnear]
2025.11.10 17:45:00;DECISION;setup SHORT score=0.65 entry=1.16 inv=1.16 tgt=0.00 [BOS short lvl=1.16|RelVol=1.04|VPnode d=0.00|VWAPside]
2025.11.10 17:45:00;DECISION;TP capped 0.00520 -> 0.00390 (3.0xATR)
2025.11.10 17:45:00;ORDER;filled SELL 0.33 lots sl=1.16 tp=1.15 [WT|BOS|0.65]
2025.11.10 17:45:00;RISK;sizing: vol_ratio=1.16 scalar=1.00 gap_buf=0.00035 eff_stop=0.00295
2025.11.10 17:45:00;ORDER;entry fill deal #114 SELL 0.33 @ 1.15522
2025.11.10 20:00:00;VETO;signal rejected: volume: relVol 0.96 < 1.00
2025.11.10 23:45:02;DECISION;setup SHORT score=0.60 entry=1.16 inv=1.16 tgt=0.00 AWAIT-RETEST [CHoCH short lvl=1.16|RelVol=1.33|Retest@1.16|VWAPside|CycleTurn w=0.88<-0.98]
2025.11.11 00:01:00;VETO;authorization denied: outside session window (server hour 00, window 12-20)
2025.11.11 00:15:14;VETO;authorization denied: outside session window (server hour 00, window 12-20)
2025.11.11 00:30:01;VETO;authorization denied: outside session window (server hour 00, window 12-20)
2025.11.11 00:45:00;VETO;authorization denied: outside session window (server hour 00, window 12-20)
2025.11.11 05:30:00;VETO;signal rejected: volume: relVol 0.98 < 1.00
2025.11.11 07:15:00;VETO;signal rejected: volume: relVol 0.99 < 1.00
2025.11.11 09:15:03;DECISION;setup SHORT score=0.85 entry=1.16 inv=1.16 tgt=0.00 AWAIT-RETEST [CHoCH short lvl=1.16|RelVol=1.12|Retest@1.16|VPnode d=0.00|VWAPside|CycleTurn w=-0.45<-0.57]
2025.11.11 09:30:00;VETO;authorization denied: outside session window (server hour 09, window 12-20)
2025.11.11 09:45:00;VETO;authorization denied: outside session window (server hour 09, window 12-20)
2025.11.11 10:00:00;VETO;authorization denied: outside session window (server hour 10, window 12-20)
2025.11.11 10:15:01;VETO;authorization denied: outside session window (server hour 10, window 12-20)
2025.11.11 12:30:00;VETO;signal rejected: volume: relVol 0.95 < 1.00
2025.11.11 15:13:17;RISK;deal closed pnl=-86.13 streak=1 lock=0
2025.11.11 15:30:00;VETO;outlier bar masked, z=10.5
2025.11.11 16:00:00;VETO;outlier bar masked, z=4.3
2025.11.11 16:30:00;VETO;outlier bar masked, z=3.7
2025.11.11 17:15:00;VETO;outlier bar masked, z=3.7
2025.11.11 21:15:06;VETO;signal rejected: volume: relVol 0.70 < 1.00
2025.11.11 23:00:00;VETO;signal rejected: score 0.30 < 0.55 [BOS short lvl=1.16|RelVol=1.17]
2025.11.12 03:00:00;DECISION;setup SHORT score=0.70 entry=1.16 inv=1.16 tgt=0.00 [BOS short lvl=1.16|RelVol=1.11|VPnear|VWAPside|CycleTurn w=0.75<-0.98]
2025.11.12 03:00:00;VETO;authorization denied: outside session window (server hour 03, window 12-20)
2025.11.12 03:15:01;VETO;authorization denied: outside session window (server hour 03, window 12-20)
2025.11.12 03:30:00;VETO;authorization denied: outside session window (server hour 03, window 12-20)
2025.11.12 03:45:02;VETO;authorization denied: outside session window (server hour 03, window 12-20)
2025.11.12 06:30:00;DECISION;setup SHORT score=0.85 entry=1.16 inv=1.16 tgt=0.00 [BOS short lvl=1.16|RelVol=1.19|VPnode d=0.00|VWAPside|CycleTurn w=0.72<-0.98]
2025.11.12 06:30:00;VETO;authorization denied: outside session window (server hour 06, window 12-20)
2025.11.12 06:45:00;VETO;authorization denied: outside session window (server hour 06, window 12-20)
2025.11.12 07:00:00;VETO;authorization denied: outside session window (server hour 07, window 12-20)
2025.11.12 07:15:01;VETO;authorization denied: outside session window (server hour 07, window 12-20)
2025.11.12 09:00:00;VETO;signal rejected: volume: relVol 0.61 < 1.00
2025.11.12 12:30:01;VETO;signal rejected: score 0.50 < 0.55 [CHoCH short lvl=1.16|RelVol=1.25|Retest@1.16|VPnear|VWAPside]
2025.11.12 16:15:00;VETO;outlier bar masked, z=3.6
2025.11.12 16:30:00;VETO;signal rejected: volume: relVol 0.94 < 1.00
2025.11.12 17:45:00;VETO;signal rejected: volume: relVol 0.85 < 1.00
2025.11.12 18:00:00;VETO;outlier bar masked, z=4.4
2025.11.12 21:15:00;VETO;signal rejected: volume: relVol 0.69 < 1.00
2025.11.13 00:01:00;VETO;signal rejected: score 0.50 < 0.55 [CHoCH long lvl=1.16|RelVol=1.22|Retest@1.16|CycleTurn w=-0.99<--1.00]
2025.11.13 02:15:01;DECISION;setup SHORT score=0.85 entry=1.16 inv=1.16 tgt=0.00 AWAIT-RETEST [CHoCH short lvl=1.16|RelVol=1.12|Retest@1.16|VPnode d=0.00|VWAPside|CycleTurn w=0.61<-0.99]
2025.11.13 02:30:00;VETO;authorization denied: outside session window (server hour 02, window 12-20)
2025.11.13 02:45:00;VETO;authorization denied: outside session window (server hour 02, window 12-20)
2025.11.13 03:00:00;VETO;authorization denied: outside session window (server hour 03, window 12-20)
2025.11.13 03:15:00;VETO;authorization denied: outside session window (server hour 03, window 12-20)
2025.11.13 09:30:00;VETO;signal rejected: volume: relVol 0.83 < 1.00
2025.11.13 09:45:00;VETO;outlier bar masked, z=4.1
2025.11.13 11:00:00;VETO;outlier bar masked, z=7.4
2025.11.13 11:15:00;VETO;outlier bar masked, z=3.6
2025.11.13 11:45:00;VETO;outlier bar masked, z=9.5
2025.11.13 14:00:00;VETO;signal rejected: score 0.40 < 0.55 [CHoCH short lvl=1.16|RelVol=1.50|Retest@1.16|VPnear]
2025.11.13 15:00:00;DECISION;setup LONG score=0.70 entry=1.16 inv=1.16 tgt=0.00 AWAIT-RETEST [CHoCH long lvl=1.16|RelVol=1.11|Retest@1.16|VPnear|VWAPside|CycleTurn w=-0.96<--0.99]
2025.11.13 15:00:00;DECISION;TP capped 0.00349 -> 0.00262 (3.0xATR)
2025.11.13 15:00:00;ORDER;limit BUY 0.46 @ 1.16 sl=1.16 tp=1.16 rc=10009 [WT|CHOCH|0.70|RL]
2025.11.13 15:00:00;RISK;sizing: vol_ratio=1.44 scalar=1.00 gap_buf=0.00039 eff_stop=0.00213
2025.11.13 15:00:23;ORDER;entry fill deal #116 BUY 0.46 @ 1.16222
2025.11.13 16:45:00;DECISION;setup LONG score=0.80 entry=1.16 inv=1.16 tgt=0.00 [BOS long lvl=1.16|RelVol=1.11|VPnear|VWAPside|CycleTurn w=-0.97<--1.00|ADX=33]
2025.11.13 16:45:00;DECISION;TP capped 0.00336 -> 0.00252 (3.0xATR)
2025.11.13 16:45:00;VETO;risk veto: max positions
2025.11.13 17:39:24;MANAGE;#117 SL 1.16 -> 1.16 breakeven
2025.11.13 17:39:24;MANAGE;#117 partial close 0.23 of 0.46 lots
2025.11.13 17:39:24;RISK;deal closed pnl=40.71 streak=0 lock=0
2025.11.13 17:39:24;MANAGE;#117 SL 1.16 -> 1.16 trail
2025.11.13 17:40:17;MANAGE;#117 SL 1.16 -> 1.16 trail
2025.11.13 17:40:24;MANAGE;#117 SL 1.16 -> 1.16 trail
2025.11.13 18:32:31;MANAGE;#117 SL 1.16 -> 1.16 trail
2025.11.13 18:33:00;MANAGE;#117 SL 1.16 -> 1.16 trail
2025.11.13 18:35:49;MANAGE;#117 SL 1.16 -> 1.16 trail
2025.11.13 18:59:20;RISK;deal closed pnl=60.26 streak=0 lock=0
2025.11.14 01:15:00;VETO;outlier bar masked, z=3.7
2025.11.14 05:30:00;VETO;signal rejected: score 0.50 < 0.55 [CHoCH long lvl=1.16|RelVol=1.04|Retest@1.16|VPnear|VWAPside]
2025.11.14 08:00:00;DECISION;setup LONG score=0.60 entry=1.16 inv=1.16 tgt=0.00 [BOS long lvl=1.16|RelVol=1.79|VPnear|VWAPside|ADX=33]
2025.11.14 08:00:00;VETO;authorization denied: outside session window (server hour 08, window 12-20)
2025.11.14 08:15:01;VETO;authorization denied: outside session window (server hour 08, window 12-20)
2025.11.14 08:30:00;VETO;authorization denied: outside session window (server hour 08, window 12-20)
2025.11.14 08:45:00;VETO;authorization denied: outside session window (server hour 08, window 12-20)
2025.11.14 10:00:00;DECISION;setup SHORT score=0.65 entry=1.16 inv=1.16 tgt=0.00 AWAIT-RETEST [CHoCH short lvl=1.16|RelVol=1.12|Retest@1.16|VPnode d=0.00|VWAPside]
2025.11.14 10:15:00;VETO;authorization denied: outside session window (server hour 10, window 12-20)
2025.11.14 10:30:00;VETO;authorization denied: outside session window (server hour 10, window 12-20)
2025.11.14 10:45:00;VETO;authorization denied: outside session window (server hour 10, window 12-20)
2025.11.14 11:00:00;VETO;authorization denied: outside session window (server hour 11, window 12-20)
2025.11.14 12:30:02;DECISION;setup SHORT score=0.60 entry=1.16 inv=1.16 tgt=0.00 AWAIT-RETEST [BOS short lvl=1.16|RelVol=1.09|Retest@1.16|VPnear|VWAPside|ADX=35]
2025.11.14 12:30:02;DECISION;TP capped 0.00550 -> 0.00412 (3.0xATR)
2025.11.14 12:30:02;ORDER;limit SELL 0.31 @ 1.16 sl=1.16 tp=1.16 rc=10009 [WT|BOS|0.60|RL]
2025.11.14 12:30:02;RISK;sizing: vol_ratio=1.27 scalar=1.00 gap_buf=0.00040 eff_stop=0.00315
2025.11.14 13:53:23;ORDER;entry fill deal #119 SELL 0.31 @ 1.16186
2025.11.14 14:47:12;RISK;deal closed pnl=-85.87 streak=1 lock=0
2025.11.14 15:00:00;DECISION;setup LONG score=0.65 entry=1.16 inv=1.16 tgt=0.00 AWAIT-RETEST [CHoCH long lvl=1.16|RelVol=1.30|Retest@1.16|VPnode d=0.00|VWAPside]
2025.11.14 15:00:00;DECISION;TP capped 0.00783 -> 0.00587 (3.0xATR)
2025.11.14 15:00:00;ORDER;limit BUY 0.22 @ 1.16 sl=1.16 tp=1.17 rc=10009 [WT|CHOCH|0.65|RL]
2025.11.14 15:00:00;RISK;sizing: vol_ratio=1.20 scalar=1.00 gap_buf=0.00037 eff_stop=0.00428
2025.11.14 15:03:53;ORDER;entry fill deal #121 BUY 0.22 @ 1.16475
2025.11.14 17:46:35;RISK;deal closed pnl=-85.58 streak=2 lock=0
2025.11.17 02:15:00;DECISION;setup SHORT score=0.70 entry=1.16 inv=1.16 tgt=0.00 AWAIT-RETEST [CHoCH short lvl=1.16|RelVol=2.18|Retest@1.16|VPnear|VWAPside|CycleTurn w=-0.30<-0.76]
2025.11.17 02:45:00;VETO;authorization denied: outside session window (server hour 02, window 12-20)
2025.11.17 03:00:00;VETO;authorization denied: outside session window (server hour 03, window 12-20)
2025.11.17 03:15:02;VETO;authorization denied: outside session window (server hour 03, window 12-20)
2025.11.17 03:30:00;VETO;authorization denied: outside session window (server hour 03, window 12-20)
2025.11.17 04:15:00;DECISION;setup SHORT score=0.75 entry=1.16 inv=1.16 tgt=0.00 [BOS short lvl=1.16|RelVol=2.13|VPnode d=0.00|VWAPside|ADX=41]
2025.11.17 04:15:00;VETO;authorization denied: outside session window (server hour 04, window 12-20)
2025.11.17 04:30:00;VETO;authorization denied: outside session window (server hour 04, window 12-20)
2025.11.17 04:45:00;VETO;authorization denied: outside session window (server hour 04, window 12-20)
2025.11.17 05:00:00;VETO;authorization denied: outside session window (server hour 05, window 12-20)
2025.11.17 09:00:00;DECISION;setup LONG score=0.55 entry=1.16 inv=1.16 tgt=0.00 AWAIT-RETEST [CHoCH long lvl=1.16|RelVol=1.97|Retest@1.16|VPnode d=0.00]
2025.11.17 10:30:00;VETO;authorization denied: outside session window (server hour 10, window 12-20)
2025.11.17 10:45:01;VETO;authorization denied: outside session window (server hour 10, window 12-20)
2025.11.17 11:00:02;VETO;authorization denied: outside session window (server hour 11, window 12-20)
2025.11.17 11:15:00;VETO;authorization denied: outside session window (server hour 11, window 12-20)
2025.11.17 13:00:00;DECISION;setup SHORT score=0.65 entry=1.16 inv=1.16 tgt=0.00 AWAIT-RETEST [CHoCH short lvl=1.16|RelVol=1.39|Retest@1.16|VPnode d=0.00|VWAPside]
2025.11.17 13:00:00;DECISION;TP capped 0.00393 -> 0.00295 (3.0xATR)
2025.11.17 13:00:00;ERROR;limit SELL 0.43 @ 1.16 sl=1.16 tp=1.16 rc=10015 [WT|CHOCH|0.65|RL]
2025.11.17 13:15:01;DECISION;TP capped 0.00364 -> 0.00273 (3.0xATR)
2025.11.17 13:15:01;ORDER;filled SELL 0.46 lots sl=1.16 tp=1.16 [WT|CHOCH|0.65]
2025.11.17 13:15:01;RISK;sizing: vol_ratio=1.01 scalar=1.00 gap_buf=0.00028 eff_stop=0.00210
2025.11.17 13:15:01;ORDER;entry fill deal #123 SELL 0.46 @ 1.15970
2025.11.17 15:45:00;VETO;signal rejected: volume: relVol 0.79 < 1.00
2025.11.17 16:45:00;VETO;outlier bar masked, z=3.5
2025.11.17 18:00:00;VETO;outlier bar masked, z=3.7
2025.11.17 21:45:02;VETO;outlier bar masked, z=3.6
2025.11.18 04:45:00;DECISION;setup LONG score=0.65 entry=1.16 inv=1.16 tgt=0.00 AWAIT-RETEST [CHoCH long lvl=1.16|RelVol=1.18|Retest@1.16|VPnode d=0.00|VWAPside]
2025.11.18 05:00:00;VETO;authorization denied: outside session window (server hour 05, window 12-20)
2025.11.18 05:15:00;VETO;authorization denied: outside session window (server hour 05, window 12-20)
2025.11.18 05:30:00;VETO;authorization denied: outside session window (server hour 05, window 12-20)
2025.11.18 05:45:03;VETO;authorization denied: outside session window (server hour 05, window 12-20)
2025.11.18 06:30:01;VETO;outlier bar masked, z=7.0
2025.11.18 10:00:00;VETO;signal rejected: volume: relVol 0.77 < 1.00
2025.11.18 10:15:03;VETO;outlier bar masked, z=7.0
2025.11.18 12:00:00;VETO;signal rejected: volume: relVol 0.73 < 1.00
2025.11.18 15:30:00;VETO;outlier bar masked, z=3.9
2025.11.18 17:30:00;DECISION;setup LONG score=0.65 entry=1.16 inv=1.16 tgt=0.00 AWAIT-RETEST [CHoCH long lvl=1.16|RelVol=1.05|Retest@1.16|VPnode d=0.00|VWAPside]
2025.11.18 17:30:00;VETO;retest limit risk veto: max positions
2025.11.18 17:45:00;VETO;risk veto: max positions
2025.11.18 18:00:00;VETO;outlier bar masked, z=7.9
2025.11.18 18:02:49;MANAGE;#124 SL 1.16 -> 1.16 breakeven
2025.11.18 18:02:49;MANAGE;#124 partial close 0.23 of 0.46 lots
2025.11.18 18:02:49;RISK;deal closed pnl=41.86 streak=0 lock=0
2025.11.18 18:02:49;MANAGE;#124 SL 1.16 -> 1.16 trail
2025.11.18 18:08:29;MANAGE;#124 SL 1.16 -> 1.16 trail
2025.11.18 18:08:43;MANAGE;#124 SL 1.16 -> 1.16 trail
2025.11.18 18:12:12;MANAGE;#124 SL 1.16 -> 1.16 trail
2025.11.18 18:12:17;MANAGE;#124 SL 1.16 -> 1.16 trail
2025.11.18 18:15:00;VETO;outlier bar masked, z=4.1
2025.11.18 19:19:52;MANAGE;#124 SL 1.16 -> 1.16 trail
2025.11.18 19:45:00;VETO;signal rejected: volume: relVol 0.95 < 1.00
2025.11.18 19:45:21;MANAGE;#124 SL 1.16 -> 1.16 trail
2025.11.18 20:30:00;VETO;signal rejected: volume: relVol 0.97 < 1.00
2025.11.18 21:56:04;RISK;deal closed pnl=21.62 streak=0 lock=0
2025.11.19 02:45:00;DECISION;setup LONG score=0.65 entry=1.16 inv=1.16 tgt=0.00 [BOS long lvl=1.16|RelVol=1.06|VPnode d=0.00|VWAPside]
2025.11.19 02:45:00;VETO;authorization denied: outside session window (server hour 02, window 12-20)
2025.11.19 03:00:00;VETO;authorization denied: outside session window (server hour 03, window 12-20)
2025.11.19 03:15:05;VETO;authorization denied: outside session window (server hour 03, window 12-20)
2025.11.19 03:30:00;VETO;authorization denied: outside session window (server hour 03, window 12-20)
2025.11.19 06:00:00;DECISION;setup LONG score=0.85 entry=1.16 inv=1.16 tgt=0.00 [BOS long lvl=1.16|RelVol=1.18|VPnode d=0.00|VWAPside|CycleTurn w=0.75<-0.11]
2025.11.19 06:00:00;VETO;authorization denied: outside session window (server hour 06, window 12-20)
2025.11.19 06:15:00;VETO;authorization denied: outside session window (server hour 06, window 12-20)
2025.11.19 06:30:00;VETO;authorization denied: outside session window (server hour 06, window 12-20)
2025.11.19 06:45:03;VETO;authorization denied: outside session window (server hour 06, window 12-20)
2025.11.19 07:45:00;DECISION;setup LONG score=0.65 entry=1.16 inv=1.16 tgt=0.00 AWAIT-RETEST [BOS long lvl=1.16|RelVol=1.13|Retest@1.16|VPnode d=0.00|VWAPside]
2025.11.19 09:15:00;VETO;authorization denied: outside session window (server hour 09, window 12-20)
2025.11.19 09:30:00;VETO;authorization denied: outside session window (server hour 09, window 12-20)
2025.11.19 09:45:00;VETO;signal rejected: score 0.50 < 0.55 [BOS long lvl=1.16|RelVol=1.11|Retest@1.16|VPnear|VWAPside]
2025.11.19 09:45:00;VETO;authorization denied: outside session window (server hour 09, window 12-20)
2025.11.19 10:00:00;VETO;outlier bar masked, z=9.0
2025.11.19 10:15:00;VETO;authorization denied: outside session window (server hour 10, window 12-20)
2025.11.19 10:45:00;VETO;signal rejected: volume: relVol 0.81 < 1.00
2025.11.19 16:15:00;VETO;signal rejected: volume: relVol 0.75 < 1.00
2025.11.19 19:30:00;VETO;signal rejected: score 0.50 < 0.55 [BOS short lvl=1.15|RelVol=1.64|VWAPside|ADX=60]
2025.11.19 21:15:00;VETO;signal rejected: score 0.50 < 0.55 [BOS short lvl=1.15|RelVol=2.15|VWAPside|ADX=44]
2025.11.19 23:45:03;VETO;signal rejected: score 0.30 < 0.55 [CHoCH long lvl=1.15|RelVol=1.81|Retest@1.15]
2025.11.20 04:15:00;VETO;signal rejected: score 0.50 < 0.55 [CHoCH short lvl=1.15|RelVol=1.27|Retest@1.15|VPnear|VWAPside]
2025.11.20 05:45:00;DECISION;setup SHORT score=0.60 entry=1.15 inv=1.15 tgt=0.00 [BOS short lvl=1.15|RelVol=1.32|VPnear|VWAPside|ADX=33]
2025.11.20 05:45:00;VETO;authorization denied: outside session window (server hour 05, window 12-20)
2025.11.20 06:00:00;VETO;authorization denied: outside session window (server hour 06, window 12-20)
2025.11.20 06:15:02;VETO;authorization denied: outside session window (server hour 06, window 12-20)
2025.11.20 06:30:00;VETO;authorization denied: outside session window (server hour 06, window 12-20)
2025.11.20 08:15:03;DECISION;setup LONG score=0.55 entry=1.15 inv=1.15 tgt=0.00 AWAIT-RETEST [CHoCH long lvl=1.15|RelVol=1.22|Retest@1.15|VPnode d=0.00]
2025.11.20 08:30:00;VETO;authorization denied: outside session window (server hour 08, window 12-20)
2025.11.20 08:45:00;VETO;authorization denied: outside session window (server hour 08, window 12-20)
2025.11.20 09:00:00;VETO;authorization denied: outside session window (server hour 09, window 12-20)
2025.11.20 09:15:00;VETO;authorization denied: outside session window (server hour 09, window 12-20)
2025.11.20 10:15:00;VETO;signal rejected: volume: relVol 0.98 < 1.00
2025.11.20 11:30:00;VETO;signal rejected: volume: relVol 0.92 < 1.00
2025.11.20 15:45:00;VETO;outlier bar masked, z=15.3
2025.11.20 16:00:00;VETO;outlier bar masked, z=3.6
2025.11.20 16:15:00;VETO;outlier bar masked, z=4.6
2025.11.20 16:30:00;VETO;outlier bar masked, z=4.4
2025.11.20 23:15:05;VETO;signal rejected: score 0.50 < 0.55 [CHoCH short lvl=1.15|RelVol=1.53|Retest@1.15|VPnear|VWAPside]
2025.11.21 00:15:22;VETO;outlier bar masked, z=3.6
2025.11.21 01:45:01;DECISION;setup LONG score=0.65 entry=1.15 inv=1.15 tgt=0.00 AWAIT-RETEST [CHoCH long lvl=1.15|RelVol=1.11|Retest@1.15|VPnode d=0.00|VWAPside]
2025.11.21 02:00:00;VETO;authorization denied: outside session window (server hour 02, window 12-20)
2025.11.21 02:15:00;VETO;authorization denied: outside session window (server hour 02, window 12-20)
2025.11.21 02:30:00;VETO;authorization denied: outside session window (server hour 02, window 12-20)
2025.11.21 02:45:03;VETO;authorization denied: outside session window (server hour 02, window 12-20)
2025.11.21 03:00:00;VETO;signal rejected: volume: relVol 0.96 < 1.00
2025.11.21 06:15:00;DECISION;setup LONG score=0.85 entry=1.15 inv=1.15 tgt=0.00 [BOS long lvl=1.15|RelVol=1.03|VPnode d=0.00|VWAPside|CycleTurn w=0.78<-0.78]
2025.11.21 06:15:00;VETO;authorization denied: outside session window (server hour 06, window 12-20)
2025.11.21 06:30:00;VETO;authorization denied: outside session window (server hour 06, window 12-20)
2025.11.21 06:45:01;VETO;authorization denied: outside session window (server hour 06, window 12-20)
2025.11.21 07:00:00;VETO;authorization denied: outside session window (server hour 07, window 12-20)
2025.11.21 08:15:00;DECISION;setup LONG score=0.65 entry=1.15 inv=1.15 tgt=0.00 [BOS long lvl=1.15|RelVol=1.07|VPnode d=0.00|VWAPside]
2025.11.21 08:15:00;VETO;authorization denied: outside session window (server hour 08, window 12-20)
2025.11.21 08:30:00;VETO;authorization denied: outside session window (server hour 08, window 12-20)
2025.11.21 08:45:00;VETO;authorization denied: outside session window (server hour 08, window 12-20)
2025.11.21 09:00:00;VETO;authorization denied: outside session window (server hour 09, window 12-20)
2025.11.21 11:45:00;DECISION;setup SHORT score=0.65 entry=1.15 inv=1.16 tgt=0.00 AWAIT-RETEST [CHoCH short lvl=1.15|RelVol=1.11|Retest@1.15|VPnode d=0.00|VWAPside]
2025.11.21 12:00:41;DECISION;TP capped 0.00556 -> 0.00417 (3.0xATR)
2025.11.21 12:00:41;ORDER;filled SELL 0.30 lots sl=1.16 tp=1.15 [WT|CHOCH|0.65]
2025.11.21 12:00:41;RISK;sizing: vol_ratio=1.33 scalar=1.00 gap_buf=0.00040 eff_stop=0.00318
2025.11.21 12:00:41;ORDER;entry fill deal #126 SELL 0.30 @ 1.15248
2025.11.21 12:15:00;VETO;outlier bar masked, z=3.7
2025.11.21 14:00:00;VETO;signal rejected: score 0.50 < 0.55 [BOS short lvl=1.15|RelVol=1.30|VWAPside|ADX=45]
2025.11.21 14:24:16;MANAGE;#127 SL 1.16 -> 1.15 breakeven
2025.11.21 14:24:16;MANAGE;#127 partial close 0.15 of 0.30 lots
2025.11.21 14:24:16;RISK;deal closed pnl=41.85 streak=0 lock=0
2025.11.21 14:24:17;MANAGE;#127 SL 1.15 -> 1.15 trail
2025.11.21 14:30:16;RISK;deal closed pnl=14.55 streak=0 lock=0
2025.11.21 14:45:00;VETO;outlier bar masked, z=5.5
2025.11.21 15:00:00;DECISION;setup LONG score=0.75 entry=1.15 inv=1.15 tgt=0.00 AWAIT-RETEST [CHoCH long lvl=1.15|RelVol=1.37|Retest@1.15|VPnode d=0.00|CycleTurn w=-0.95<--1.00]
2025.11.21 15:00:00;DECISION;TP capped 0.00256 -> 0.00253 (3.0xATR)
2025.11.21 15:00:00;ERROR;limit BUY 0.56 @ 1.15 sl=1.15 tp=1.16 rc=10015 [WT|CHOCH|0.75|RL]
2025.11.21 15:15:00;ORDER;filled BUY 0.90 lots sl=1.15 tp=1.15 [WT|CHOCH|0.75]
2025.11.21 15:15:00;RISK;sizing: vol_ratio=1.45 scalar=1.00 gap_buf=0.00048 eff_stop=0.00109
2025.11.21 15:15:00;ORDER;entry fill deal #129 BUY 0.90 @ 1.15183
2025.11.21 15:52:06;MANAGE;#130 SL 1.15 -> 1.15 breakeven
2025.11.21 15:52:06;MANAGE;#130 partial close 0.45 of 0.90 lots
2025.11.21 15:52:06;RISK;deal closed pnl=27.90 streak=0 lock=0
2025.11.21 16:01:14;RISK;deal closed pnl=0.45 streak=0 lock=0
2025.11.21 17:45:01;VETO;signal rejected: score 0.50 < 0.55 [CHoCH short lvl=1.15|RelVol=1.10|Retest@1.15|VPnear|VWAPside]
2025.11.21 21:45:00;DECISION;setup LONG score=0.55 entry=1.15 inv=1.15 tgt=0.00 AWAIT-RETEST [CHoCH long lvl=1.15|RelVol=1.10|Retest@1.15|VPnode d=0.00]
2025.11.21 22:00:00;VETO;authorization denied: outside session window (server hour 22, window 12-20)
2025.11.21 22:15:00;VETO;authorization denied: outside session window (server hour 22, window 12-20)
2025.11.21 22:30:00;VETO;authorization denied: outside session window (server hour 22, window 12-20)
2025.11.21 22:45:00;VETO;authorization denied: outside session window (server hour 22, window 12-20)
2025.11.21 23:15:00;DECISION;setup LONG score=0.55 entry=1.15 inv=1.15 tgt=0.00 [BOS long lvl=1.15|RelVol=1.21|VPnode d=0.00]
2025.11.21 23:15:00;VETO;authorization denied: outside session window (server hour 23, window 12-20)
2025.11.21 23:30:00;VETO;authorization denied: outside session window (server hour 23, window 12-20)
2025.11.21 23:45:00;VETO;authorization denied: outside session window (server hour 23, window 12-20)
2025.11.24 00:01:29;VETO;authorization denied: outside session window (server hour 00, window 12-20)
2025.11.24 01:30:00;DECISION;setup SHORT score=0.65 entry=1.15 inv=1.15 tgt=0.00 AWAIT-RETEST [CHoCH short lvl=1.15|RelVol=1.46|Retest@1.15|VPnode d=0.00|VWAPside]
2025.11.24 01:45:00;VETO;authorization denied: outside session window (server hour 01, window 12-20)
2025.11.24 02:00:00;VETO;authorization denied: outside session window (server hour 02, window 12-20)
2025.11.24 02:15:00;VETO;authorization denied: outside session window (server hour 02, window 12-20)
2025.11.24 02:30:00;VETO;authorization denied: outside session window (server hour 02, window 12-20)
2025.11.24 04:45:00;VETO;signal rejected: score 0.50 < 0.55 [CHoCH long lvl=1.15|RelVol=1.39|Retest@1.15|VPnear|VWAPside]
2025.11.24 10:00:00;VETO;signal rejected: score 0.50 < 0.55 [CHoCH short lvl=1.15|RelVol=1.02|Retest@1.15|VPnear|VWAPside]
2025.11.24 10:15:01;VETO;outlier bar masked, z=4.4
2025.11.24 10:30:00;DECISION;setup LONG score=0.70 entry=1.15 inv=1.15 tgt=0.00 AWAIT-RETEST [CHoCH long lvl=1.15|RelVol=1.03|Retest@1.15|VPnear|VWAPside|CycleTurn w=-0.92<--0.99]
2025.11.24 11:00:00;VETO;authorization denied: outside session window (server hour 11, window 12-20)
2025.11.24 11:15:00;VETO;authorization denied: outside session window (server hour 11, window 12-20)
2025.11.24 11:30:00;VETO;authorization denied: outside session window (server hour 11, window 12-20)
2025.11.24 11:45:00;VETO;authorization denied: outside session window (server hour 11, window 12-20)
2025.11.24 12:15:02;DECISION;setup LONG score=0.65 entry=1.15 inv=1.15 tgt=0.00 [BOS long lvl=1.15|RelVol=1.21|VPnode d=0.00|VWAPside]
2025.11.24 12:15:02;DECISION;TP capped 0.00538 -> 0.00404 (3.0xATR)
2025.11.24 12:15:02;ORDER;filled BUY 0.32 lots sl=1.15 tp=1.16 [WT|BOS|0.65]
2025.11.24 12:15:02;RISK;sizing: vol_ratio=1.22 scalar=1.00 gap_buf=0.00039 eff_stop=0.00308
2025.11.24 12:15:02;ORDER;entry fill deal #132 BUY 0.32 @ 1.15364
2025.11.24 17:15:00;VETO;signal rejected: volume: relVol 0.86 < 1.00
2025.11.24 19:15:00;DECISION;setup SHORT score=0.60 entry=1.15 inv=1.15 tgt=0.00 [BOS short lvl=1.15|RelVol=1.00|VPnear|VWAPside|ADX=41]
2025.11.24 19:15:00;DECISION;TP capped 0.00306 -> 0.00230 (3.0xATR)
2025.11.24 19:15:00;VETO;risk veto: max positions
2025.11.25 03:30:00;VETO;signal rejected: volume: relVol 0.84 < 1.00
2025.11.25 06:00:02;DECISION;setup SHORT score=0.85 entry=1.15 inv=1.15 tgt=0.00 AWAIT-RETEST [CHoCH short lvl=1.15|RelVol=1.04|Retest@1.15|VPnode d=0.00|VWAPside|CycleTurn w=-0.36<-0.66]
2025.11.25 06:15:02;VETO;authorization denied: outside session window (server hour 06, window 12-20)
2025.11.25 06:30:07;VETO;authorization denied: outside session window (server hour 06, window 12-20)
2025.11.25 06:45:01;VETO;authorization denied: outside session window (server hour 06, window 12-20)
2025.11.25 07:00:00;VETO;authorization denied: outside session window (server hour 07, window 12-20)
2025.11.25 07:30:01;VETO;signal rejected: volume: relVol 0.90 < 1.00
2025.11.25 11:15:00;VETO;signal rejected: volume: relVol 0.91 < 1.00
2025.11.25 14:45:00;VETO;outlier bar masked, z=12.3
2025.11.25 15:30:00;VETO;outlier bar masked, z=4.0
2025.11.25 15:45:01;VETO;outlier bar masked, z=7.3
2025.11.25 16:00:00;VETO;outlier bar masked, z=3.8
2025.11.25 16:01:48;MANAGE;#133 SL 1.15 -> 1.15 breakeven
2025.11.25 16:01:48;MANAGE;#133 partial close 0.16 of 0.32 lots
2025.11.25 16:01:48;RISK;deal closed pnl=43.09 streak=0 lock=0
2025.11.25 16:01:48;MANAGE;#133 SL 1.15 -> 1.15 trail
2025.11.25 16:03:09;MANAGE;#133 SL 1.15 -> 1.15 trail
2025.11.25 16:06:52;MANAGE;#133 SL 1.15 -> 1.15 trail
2025.11.25 16:08:17;MANAGE;#133 SL 1.15 -> 1.15 trail
2025.11.25 16:08:32;MANAGE;#133 SL 1.15 -> 1.15 trail
2025.11.25 16:45:00;VETO;outlier bar masked, z=3.6
2025.11.25 16:48:10;MANAGE;#133 SL 1.15 -> 1.15 trail
2025.11.25 17:03:01;MANAGE;#133 SL 1.15 -> 1.16 trail
2025.11.25 17:03:03;MANAGE;#133 SL 1.16 -> 1.16 trail
2025.11.25 17:21:37;MANAGE;#133 SL 1.16 -> 1.16 trail
2025.11.25 17:22:07;RISK;deal closed pnl=64.85 streak=0 lock=0
2025.11.25 19:15:00;VETO;outlier bar masked, z=8.6
2025.11.25 19:30:00;VETO;outlier bar masked, z=5.7
2025.11.25 22:30:00;VETO;signal rejected: score 0.40 < 0.55 [CHoCH short lvl=1.16|RelVol=1.67|Retest@1.16|VPnear]
2025.11.26 01:45:00;VETO;signal rejected: volume: relVol 0.97 < 1.00
2025.11.26 03:45:00;DECISION;setup LONG score=0.85 entry=1.16 inv=1.16 tgt=0.00 AWAIT-RETEST [CHoCH long lvl=1.16|RelVol=1.91|Retest@1.16|VPnode d=0.00|VWAPside|CycleTurn w=-0.66<--0.98]
2025.11.26 04:15:02;VETO;authorization denied: outside session window (server hour 04, window 12-20)
2025.11.26 04:30:00;VETO;authorization denied: outside session window (server hour 04, window 12-20)
2025.11.26 04:45:00;VETO;authorization denied: outside session window (server hour 04, window 12-20)
2025.11.26 05:00:00;VETO;authorization denied: outside session window (server hour 05, window 12-20)
2025.11.26 05:45:00;DECISION;setup LONG score=0.60 entry=1.16 inv=1.16 tgt=0.00 [BOS long lvl=1.16|RelVol=1.43|VPnear|VWAPside|ADX=32]
2025.11.26 05:45:00;VETO;authorization denied: outside session window (server hour 05, window 12-20)
2025.11.26 06:00:00;VETO;authorization denied: outside session window (server hour 06, window 12-20)
2025.11.26 06:15:00;VETO;authorization denied: outside session window (server hour 06, window 12-20)
2025.11.26 06:30:00;VETO;authorization denied: outside session window (server hour 06, window 12-20)
2025.11.26 08:15:01;DECISION;setup LONG score=0.85 entry=1.16 inv=1.16 tgt=0.00 [BOS long lvl=1.16|RelVol=1.19|VPnode d=0.00|VWAPside|CycleTurn w=-0.82<--0.98]
2025.11.26 08:15:01;VETO;authorization denied: outside session window (server hour 08, window 12-20)
2025.11.26 08:30:01;VETO;authorization denied: outside session window (server hour 08, window 12-20)
2025.11.26 08:45:00;VETO;authorization denied: outside session window (server hour 08, window 12-20)
2025.11.26 09:00:00;VETO;authorization denied: outside session window (server hour 09, window 12-20)
2025.11.26 09:30:00;VETO;signal rejected: volume: relVol 0.92 < 1.00
2025.11.26 15:30:00;DECISION;setup LONG score=0.65 entry=1.16 inv=1.16 tgt=0.00 AWAIT-RETEST [CHoCH long lvl=1.16|RelVol=1.12|Retest@1.16|VPnode d=0.00|VWAPside]
2025.11.26 15:30:00;DECISION;TP capped 0.00301 -> 0.00232 (3.0xATR)
2025.11.26 15:30:00;ERROR;limit BUY 0.52 @ 1.16 sl=1.16 tp=1.16 rc=10015 [WT|CHOCH|0.65|RL]
2025.11.26 15:45:00;VETO;outlier bar masked, z=5.6
2025.11.26 16:45:00;VETO;outlier bar masked, z=3.8
2025.11.26 17:15:00;DECISION;setup LONG score=0.85 entry=1.16 inv=1.15 tgt=0.00 AWAIT-RETEST [CHoCH long lvl=1.16|RelVol=1.03|Retest@1.16|VPnode d=0.00|VWAPside|CycleTurn w=-0.38<--0.91]
2025.11.26 17:15:00;DECISION;TP capped 0.00792 -> 0.00594 (3.0xATR)
2025.11.26 17:15:00;ORDER;limit BUY 0.22 @ 1.16 sl=1.15 tp=1.16 rc=10009 [WT|CHOCH|0.85|RL]
2025.11.26 17:15:00;RISK;sizing: vol_ratio=1.51 scalar=1.00 gap_buf=0.00055 eff_stop=0.00451
2025.11.26 17:30:55;ORDER;entry fill deal #135 BUY 0.22 @ 1.15863
2025.11.26 22:45:00;VETO;signal rejected: volume: relVol 0.86 < 1.00
2025.11.27 00:15:00;VETO;outlier bar masked, z=3.6
2025.11.27 01:15:00;DECISION;setup LONG score=0.85 entry=1.16 inv=1.16 tgt=0.00 [BOS long lvl=1.16|RelVol=1.34|VPnode d=0.00|VWAPside|CycleTurn w=-1.00<--1.00]
2025.11.27 01:15:00;VETO;authorization denied: outside session window (server hour 01, window 12-20)
2025.11.27 01:30:01;VETO;authorization denied: outside session window (server hour 01, window 12-20)
2025.11.27 01:45:01;VETO;authorization denied: outside session window (server hour 01, window 12-20)
2025.11.27 02:00:00;VETO;authorization denied: outside session window (server hour 02, window 12-20)
2025.11.27 03:15:00;VETO;signal rejected: volume: relVol 0.84 < 1.00
2025.11.27 08:30:00;DECISION;setup SHORT score=0.65 entry=1.16 inv=1.16 tgt=0.00 AWAIT-RETEST [CHoCH short lvl=1.16|RelVol=1.43|Retest@1.16|VPnode d=0.00|VWAPside]
2025.11.27 11:15:00;VETO;signal rejected: score 0.50 < 0.55 [BOS short lvl=1.16|RelVol=1.12|VPnear|VWAPside]
2025.11.27 15:15:00;VETO;signal rejected: volume: relVol 0.66 < 1.00
2025.11.27 16:00:02;VETO;signal rejected: volume: relVol 0.67 < 1.00
2025.11.27 17:15:01;VETO;signal rejected: volume: relVol 0.34 < 1.00
2025.11.27 18:30:00;VETO;signal rejected: volume: relVol 0.32 < 1.00
2025.11.28 01:15:00;VETO;signal rejected: volume: relVol 0.44 < 1.00
2025.11.28 02:15:00;VETO;signal rejected: volume: relVol 0.52 < 1.00
2025.11.28 03:45:01;VETO;signal rejected: volume: relVol 0.80 < 1.00
2025.11.28 10:00:00;DECISION;setup SHORT score=0.65 entry=1.16 inv=1.16 tgt=0.00 [BOS short lvl=1.16|RelVol=2.32|VPnode d=0.00|VWAPside]
2025.11.28 10:00:00;VETO;authorization denied: outside session window (server hour 10, window 12-20)
2025.11.28 10:15:00;VETO;authorization denied: outside session window (server hour 10, window 12-20)
2025.11.28 10:30:00;VETO;authorization denied: outside session window (server hour 10, window 12-20)
2025.11.28 10:45:00;VETO;authorization denied: outside session window (server hour 10, window 12-20)
2025.11.28 12:30:00;DECISION;setup SHORT score=0.60 entry=1.16 inv=1.16 tgt=0.00 [BOS short lvl=1.16|RelVol=1.99|VPnear|VWAPside|ADX=46]
2025.11.28 12:30:00;DECISION;TP capped 0.00474 -> 0.00356 (3.0xATR)
2025.11.28 12:30:00;VETO;risk veto: max positions
2025.11.28 16:00:00;DECISION;setup LONG score=0.55 entry=1.16 inv=1.16 tgt=0.00 AWAIT-RETEST [CHoCH long lvl=1.16|RelVol=1.10|Retest@1.16|VPnode d=0.00]
2025.11.28 16:00:00;VETO;retest limit risk veto: max positions
2025.11.28 16:15:00;DECISION;TP capped 0.00348 -> 0.00261 (3.0xATR)
2025.11.28 16:15:00;VETO;risk veto: max positions
2025.11.28 18:00:00;VETO;outlier bar masked, z=4.6
2025.11.28 22:00:00;RISK;FLATTEN ALL: Friday flatten: weekend gap protection
2025.11.28 22:00:00;RISK;deal closed pnl=33.93 streak=0 lock=0
2025.11.28 23:45:00;VETO;signal rejected: score 0.30 < 0.55 [CHoCH short lvl=1.16|RelVol=1.48|Retest@1.16|StopFloored]
2025.12.01 01:15:00;DECISION;setup LONG score=0.85 entry=1.16 inv=1.16 tgt=0.00 AWAIT-RETEST [CHoCH long lvl=1.16|RelVol=2.15|Retest@1.16|VPnode d=0.00|VWAPside|CycleTurn w=-0.98<--1.00]
2025.12.01 01:30:02;VETO;authorization denied: outside session window (server hour 01, window 12-20)
2025.12.01 01:45:01;VETO;authorization denied: outside session window (server hour 01, window 12-20)
2025.12.01 02:00:00;VETO;authorization denied: outside session window (server hour 02, window 12-20)
2025.12.01 02:15:00;VETO;authorization denied: outside session window (server hour 02, window 12-20)
2025.12.01 03:15:03;VETO;outlier bar masked, z=3.9
2025.12.01 09:30:00;VETO;signal rejected: volume: relVol 0.84 < 1.00
2025.12.01 12:00:00;DECISION;setup LONG score=0.60 entry=1.16 inv=1.16 tgt=0.00 [BOS long lvl=1.16|RelVol=1.17|VPnear|VWAPside|ADX=42]
2025.12.01 12:00:00;DECISION;TP capped 0.00648 -> 0.00486 (3.0xATR)
2025.12.01 12:00:00;ORDER;filled BUY 0.27 lots sl=1.16 tp=1.17 [WT|BOS|0.60]
2025.12.01 12:00:00;RISK;sizing: vol_ratio=1.15 scalar=1.00 gap_buf=0.00036 eff_stop=0.00360
2025.12.01 12:00:00;ORDER;entry fill deal #137 BUY 0.27 @ 1.16225
2025.12.01 14:30:00;VETO;signal rejected: score 0.50 < 0.55 [BOS long lvl=1.16|RelVol=1.08|VWAPside|ADX=48]
2025.12.01 17:45:00;DECISION;setup SHORT score=0.55 entry=1.16 inv=1.17 tgt=0.00 AWAIT-RETEST [CHoCH short lvl=1.16|RelVol=1.11|Retest@1.16|VPnode d=0.00]
2025.12.01 17:45:00;VETO;retest limit risk veto: max positions
2025.12.01 18:00:00;DECISION;TP capped 0.00456 -> 0.00342 (3.0xATR)
2025.12.01 18:00:00;VETO;risk veto: max positions
2025.12.02 05:00:04;VETO;signal rejected: volume: relVol 0.58 < 1.00
2025.12.02 07:15:06;VETO;signal rejected: volume: relVol 0.58 < 1.00
2025.12.02 09:15:01;VETO;signal rejected: volume: relVol 0.72 < 1.00
2025.12.02 12:30:00;DECISION;setup SHORT score=0.65 entry=1.16 inv=1.16 tgt=0.00 AWAIT-RETEST [CHoCH short lvl=1.16|RelVol=1.30|Retest@1.16|VPnode d=0.00|VWAPside]
2025.12.02 12:30:00;VETO;retest limit risk veto: max positions
2025.12.02 12:45:01;DECISION;TP capped 0.00222 -> 0.00189 (3.0xATR)
2025.12.02 12:45:01;VETO;risk veto: max positions
2025.12.02 14:45:00;VETO;signal rejected: volume: relVol 0.69 < 1.00
2025.12.02 17:15:00;VETO;outlier bar masked, z=6.9
2025.12.02 17:30:00;VETO;outlier bar masked, z=5.5
2025.12.02 17:45:00;VETO;outlier bar masked, z=6.9
2025.12.02 18:00:00;VETO;outlier bar masked, z=4.4
2025.12.02 19:00:00;VETO;outlier bar masked, z=4.4
2025.12.02 22:00:00;VETO;outlier bar masked, z=3.9
2025.12.03 01:30:08;DECISION;setup LONG score=0.85 entry=1.16 inv=1.16 tgt=0.00 AWAIT-RETEST [CHoCH long lvl=1.16|RelVol=1.03|Retest@1.16|VPnode d=0.00|VWAPside|CycleTurn w=0.15<--0.84]
2025.12.03 01:45:03;VETO;authorization denied: outside session window (server hour 01, window 12-20)
2025.12.03 02:00:00;VETO;authorization denied: outside session window (server hour 02, window 12-20)
2025.12.03 02:15:06;VETO;authorization denied: outside session window (server hour 02, window 12-20)
2025.12.03 02:30:00;VETO;authorization denied: outside session window (server hour 02, window 12-20)
2025.12.03 05:00:00;VETO;signal rejected: volume: relVol 0.62 < 1.00
2025.12.03 06:45:00;VETO;signal rejected: volume: relVol 0.95 < 1.00
2025.12.03 08:15:00;VETO;signal rejected: volume: relVol 0.77 < 1.00
2025.12.03 12:14:56;MANAGE;#138 SL 1.16 -> 1.16 breakeven
2025.12.03 12:14:56;MANAGE;#138 partial close 0.13 of 0.27 lots
2025.12.03 12:14:56;RISK;deal closed pnl=41.94 streak=0 lock=0
2025.12.03 12:14:57;MANAGE;#138 SL 1.16 -> 1.16 trail
2025.12.03 12:15:00;DECISION;setup LONG score=0.70 entry=1.17 inv=1.16 tgt=0.00 [BOS long lvl=1.17|RelVol=1.09|VPnear|VWAPside|CycleTurn w=-0.69<--0.95]
2025.12.03 12:15:00;DECISION;TP capped 0.00394 -> 0.00295 (3.0xATR)
2025.12.03 12:15:00;VETO;risk veto: max positions
2025.12.03 12:15:06;MANAGE;#138 SL 1.16 -> 1.16 trail
2025.12.03 12:17:09;MANAGE;#138 SL 1.16 -> 1.16 trail
2025.12.03 12:20:12;MANAGE;#138 SL 1.16 -> 1.16 trail
2025.12.03 12:22:32;MANAGE;#138 SL 1.16 -> 1.16 trail
2025.12.03 12:22:39;MANAGE;#138 SL 1.16 -> 1.16 trail
2025.12.03 12:45:01;MANAGE;#138 SL 1.16 -> 1.16 trail
2025.12.03 12:53:59;MANAGE;#138 SL 1.16 -> 1.17 trail
2025.12.03 13:50:41;MANAGE;#138 SL 1.17 -> 1.17 trail
2025.12.03 13:53:38;MANAGE;#138 SL 1.17 -> 1.17 trail
2025.12.03 14:00:36;MANAGE;#138 SL 1.17 -> 1.17 trail
2025.12.03 14:00:52;MANAGE;#138 SL 1.17 -> 1.17 trail
2025.12.03 14:27:15;MANAGE;#138 SL 1.17 -> 1.17 trail
2025.12.03 14:35:42;MANAGE;#138 SL 1.17 -> 1.17 trail
2025.12.03 15:10:21;MANAGE;#138 SL 1.17 -> 1.17 trail
2025.12.03 15:11:35;RISK;deal closed pnl=68.54 streak=0 lock=0
2025.12.03 16:30:00;DECISION;setup SHORT score=0.75 entry=1.17 inv=1.17 tgt=0.00 AWAIT-RETEST [CHoCH short lvl=1.17|RelVol=1.16|Retest@1.17|VPnode d=0.00|CycleTurn w=-0.40<-0.68]
2025.12.03 16:30:00;DECISION;TP capped 0.00307 -> 0.00230 (3.0xATR)
2025.12.03 16:30:00;ORDER;limit SELL 0.55 @ 1.17 sl=1.17 tp=1.16 rc=10009 [WT|CHOCH|0.75|RL]
2025.12.03 16:30:00;RISK;sizing: vol_ratio=1.17 scalar=1.00 gap_buf=0.00031 eff_stop=0.00184
2025.12.03 16:31:23;ORDER;entry fill deal #140 SELL 0.55 @ 1.16603
2025.12.03 20:15:00;DECISION;setup LONG score=0.70 entry=1.17 inv=1.17 tgt=0.00 AWAIT-RETEST [CHoCH long lvl=1.17|RelVol=1.01|Retest@1.17|VPnear|VWAPside|CycleTurn w=-0.26<--0.88]
2025.12.03 20:30:00;VETO;authorization denied: outside session window (server hour 20, window 12-20)
2025.12.03 20:45:00;VETO;authorization denied: outside session window (server hour 20, window 12-20)
2025.12.03 20:47:46;RISK;deal closed pnl=-86.35 streak=1 lock=0
2025.12.03 21:00:00;VETO;authorization denied: outside session window (server hour 21, window 12-20)
2025.12.03 21:15:01;VETO;authorization denied: outside session window (server hour 21, window 12-20)
2025.12.04 02:15:02;VETO;signal rejected: score 0.40 < 0.55 [CHoCH short lvl=1.17|RelVol=1.28|Retest@1.17|VWAPside]
2025.12.04 10:00:01;VETO;signal rejected: volume: relVol 0.99 < 1.00
2025.12.04 10:30:00;VETO;outlier bar masked, z=3.9
2025.12.04 15:45:00;VETO;outlier bar masked, z=5.5
2025.12.04 16:45:00;VETO;outlier bar masked, z=3.5
2025.12.04 17:15:00;VETO;outlier bar masked, z=3.6
2025.12.04 18:45:00;DECISION;setup SHORT score=0.85 entry=1.17 inv=1.17 tgt=0.00 [BOS short lvl=1.17|RelVol=1.10|VPnode d=0.00|VWAPside|CycleTurn w=-0.64<--0.00]
2025.12.04 18:45:00;DECISION;TP capped 0.00392 -> 0.00294 (3.0xATR)
2025.12.04 18:45:00;ORDER;filled SELL 0.42 lots sl=1.17 tp=1.16 [WT|BOS|0.85]
2025.12.04 18:45:00;RISK;sizing: vol_ratio=1.64 scalar=1.00 gap_buf=0.00042 eff_stop=0.00238
2025.12.04 18:45:00;ORDER;entry fill deal #142 SELL 0.42 @ 1.16553
2025.12.04 21:15:00;VETO;signal rejected: volume: relVol 0.98 < 1.00
2025.12.04 22:30:01;DECISION;setup SHORT score=0.60 entry=1.16 inv=1.17 tgt=0.00 [BOS short lvl=1.17|RelVol=1.18|VPnear|VWAPside|ADX=31]
2025.12.04 22:30:01;VETO;authorization denied: outside session window (server hour 22, window 12-20)
2025.12.04 22:45:00;VETO;authorization denied: outside session window (server hour 22, window 12-20)
2025.12.04 23:00:00;VETO;authorization denied: outside session window (server hour 23, window 12-20)
2025.12.04 23:15:08;VETO;authorization denied: outside session window (server hour 23, window 12-20)
2025.12.05 02:15:00;VETO;signal rejected: volume: relVol 0.65 < 1.00
2025.12.05 07:30:00;VETO;signal rejected: volume: relVol 0.72 < 1.00
2025.12.05 11:00:00;DECISION;setup SHORT score=0.85 entry=1.17 inv=1.17 tgt=0.00 AWAIT-RETEST [CHoCH short lvl=1.17|RelVol=1.05|Retest@1.17|VPnode d=0.00|VWAPside|CycleTurn w=-0.47<-0.56]
2025.12.05 11:15:00;VETO;authorization denied: outside session window (server hour 11, window 12-20)
2025.12.05 11:30:00;VETO;authorization denied: outside session window (server hour 11, window 12-20)
2025.12.05 11:45:00;VETO;authorization denied: outside session window (server hour 11, window 12-20)
2025.12.05 12:00:00;DECISION;TP capped 0.00348 -> 0.00261 (3.0xATR)
2025.12.05 12:00:00;VETO;risk veto: max positions
2025.12.05 16:45:00;VETO;outlier bar masked, z=4.5
2025.12.05 18:11:07;MANAGE;#143 SL 1.17 -> 1.17 breakeven
2025.12.05 18:11:07;MANAGE;#143 partial close 0.21 of 0.42 lots
2025.12.05 18:11:07;RISK;deal closed pnl=41.16 streak=0 lock=0
2025.12.05 18:11:07;MANAGE;#143 SL 1.17 -> 1.17 trail
2025.12.05 18:12:14;MANAGE;#143 SL 1.17 -> 1.16 trail
2025.12.05 18:12:29;MANAGE;#143 SL 1.16 -> 1.16 trail
2025.12.05 18:14:57;MANAGE;#143 SL 1.16 -> 1.16 trail
2025.12.05 18:15:00;VETO;outlier bar masked, z=7.0
2025.12.05 18:20:31;MANAGE;#143 SL 1.16 -> 1.16 trail
2025.12.05 18:21:02;MANAGE;#143 SL 1.16 -> 1.16 trail
2025.12.05 20:01:59;RISK;deal closed pnl=21.84 streak=0 lock=0
2025.12.08 00:15:15;VETO;signal rejected: volume: relVol 0.94 < 1.00
2025.12.08 02:30:01;DECISION;setup LONG score=0.65 entry=1.16 inv=1.16 tgt=0.00 AWAIT-RETEST [CHoCH long lvl=1.16|RelVol=1.12|Retest@1.16|VPnode d=0.00|VWAPside]
2025.12.08 02:45:00;VETO;authorization denied: outside session window (server hour 02, window 12-20)
2025.12.08 03:00:00;VETO;authorization denied: outside session window (server hour 03, window 12-20)
2025.12.08 03:15:01;VETO;authorization denied: outside session window (server hour 03, window 12-20)
2025.12.08 03:30:00;VETO;authorization denied: outside session window (server hour 03, window 12-20)
2025.12.08 07:45:11;VETO;signal rejected: volume: relVol 0.82 < 1.00
2025.12.08 08:15:00;VETO;outlier bar masked, z=6.5
2025.12.08 10:30:00;VETO;signal rejected: volume: relVol 0.99 < 1.00
2025.12.08 15:15:00;VETO;signal rejected: volume: relVol 0.86 < 1.00
2025.12.08 17:00:00;VETO;outlier bar masked, z=4.0
2025.12.08 19:45:01;DECISION;setup LONG score=0.60 entry=1.16 inv=1.16 tgt=0.00 AWAIT-RETEST [CHoCH long lvl=1.16|RelVol=1.54|Retest@1.16|VPnear|CycleTurn w=-0.93<--0.97]
2025.12.08 19:45:01;DECISION;TP capped 0.00283 -> 0.00222 (3.0xATR)
2025.12.08 19:45:01;ORDER;limit BUY 0.56 @ 1.16 sl=1.16 tp=1.17 rc=10009 [WT|CHOCH|0.60|RL]
2025.12.08 19:45:01;RISK;sizing: vol_ratio=1.50 scalar=1.00 gap_buf=0.00039 eff_stop=0.00180
2025.12.08 19:45:02;ORDER;entry fill deal #145 BUY 0.56 @ 1.16297
2025.12.09 02:15:03;VETO;signal rejected: volume: relVol 0.64 < 1.00
2025.12.09 03:46:35;MANAGE;#146 SL 1.16 -> 1.16 breakeven
2025.12.09 03:46:35;MANAGE;#146 partial close 0.28 of 0.56 lots
2025.12.09 03:46:35;RISK;deal closed pnl=37.60 streak=0 lock=0
2025.12.09 03:46:36;MANAGE;#146 SL 1.16 -> 1.16 trail
2025.12.09 03:49:28;MANAGE;#146 SL 1.16 -> 1.16 trail
2025.12.09 03:52:47;MANAGE;#146 SL 1.16 -> 1.16 trail
2025.12.09 03:53:23;MANAGE;#146 SL 1.16 -> 1.16 trail
2025.12.09 03:57:54;MANAGE;#146 SL 1.16 -> 1.16 trail
2025.12.09 04:00:00;VETO;signal rejected: volume: relVol 0.82 < 1.00
2025.12.09 05:31:39;MANAGE;#146 SL 1.16 -> 1.16 trail
2025.12.09 07:30:01;VETO;signal rejected: volume: relVol 0.55 < 1.00
2025.12.09 07:32:38;MANAGE;#146 SL 1.16 -> 1.16 trail
2025.12.09 08:05:13;RISK;deal closed pnl=37.89 streak=0 lock=0
2025.12.09 08:15:01;VETO;signal rejected: volume: relVol 0.94 < 1.00
2025.12.09 09:15:02;VETO;signal rejected: volume: relVol 0.66 < 1.00
2025.12.09 11:45:02;DECISION;setup LONG score=0.65 entry=1.17 inv=1.16 tgt=0.00 AWAIT-RETEST [CHoCH long lvl=1.17|RelVol=1.22|Retest@1.17|VPnode d=0.00|VWAPside]
2025.12.09 12:15:00;DECISION;TP capped 0.00304 -> 0.00228 (3.0xATR)
2025.12.09 12:15:00;ORDER;filled BUY 0.56 lots sl=1.16 tp=1.17 [WT|CHOCH|0.65]
2025.12.09 12:15:00;RISK;sizing: vol_ratio=1.20 scalar=1.00 gap_buf=0.00030 eff_stop=0.00182
2025.12.09 12:15:00;ORDER;entry fill deal #148 BUY 0.56 @ 1.16487
2025.12.09 14:15:05;DECISION;setup SHORT score=0.65 entry=1.16 inv=1.17 tgt=0.00 AWAIT-RETEST [CHoCH short lvl=1.16|RelVol=1.02|Retest@1.16|VPnode d=0.00|VWAPside]
2025.12.09 14:15:05;VETO;retest limit risk veto: max positions
2025.12.09 14:30:01;DECISION;TP capped 0.00434 -> 0.00326 (3.0xATR)
2025.12.09 14:30:01;VETO;risk veto: max positions
2025.12.09 15:15:43;RISK;deal closed pnl=-88.48 streak=1 lock=0
2025.12.09 17:15:00;VETO;outlier bar masked, z=7.6
2025.12.09 17:30:00;VETO;outlier bar masked, z=4.8
2025.12.10 03:30:00;VETO;signal rejected: volume: relVol 0.75 < 1.00
2025.12.10 07:45:03;VETO;signal rejected: volume: relVol 0.70 < 1.00
2025.12.10 10:00:00;VETO;outlier bar masked, z=3.8
2025.12.10 14:45:00;VETO;signal rejected: volume: relVol 0.83 < 1.00
2025.12.10 17:00:00;DECISION;setup LONG score=0.85 entry=1.16 inv=1.16 tgt=0.00 [BOS long lvl=1.16|RelVol=1.21|VPnode d=0.00|VWAPside|CycleTurn w=0.48<--0.63]
2025.12.10 17:00:00;DECISION;TP capped 0.00316 -> 0.00237 (3.0xATR)
2025.12.10 17:00:00;ORDER;filled BUY 0.53 lots sl=1.16 tp=1.17 [WT|BOS|0.85]
2025.12.10 17:00:00;RISK;sizing: vol_ratio=1.26 scalar=1.00 gap_buf=0.00033 eff_stop=0.00191
2025.12.10 17:00:00;ORDER;entry fill deal #150 BUY 0.53 @ 1.16437
2025.12.10 19:30:00;VETO;signal rejected: volume: relVol 0.97 < 1.00
2025.12.10 19:52:35;MANAGE;#151 SL 1.16 -> 1.16 breakeven
2025.12.10 19:52:35;MANAGE;#151 partial close 0.26 of 0.53 lots
2025.12.10 19:52:35;RISK;deal closed pnl=41.08 streak=0 lock=0
2025.12.10 19:52:35;MANAGE;#151 SL 1.16 -> 1.16 trail
2025.12.10 20:30:00;MANAGE;#151 SL 1.16 -> 1.16 trail
2025.12.10 20:31:44;MANAGE;#151 SL 1.16 -> 1.16 trail
2025.12.10 21:00:00;RISK;deal closed pnl=3.78 streak=0 lock=0
2025.12.10 21:15:00;VETO;outlier bar masked, z=11.6
2025.12.10 21:30:00;VETO;outlier bar masked, z=3.8
2025.12.10 21:45:00;VETO;outlier bar masked, z=12.6
2025.12.10 22:00:00;VETO;outlier bar masked, z=11.5
2025.12.10 22:15:00;VETO;outlier bar masked, z=8.7
2025.12.11 00:15:18;VETO;outlier bar masked, z=4.1
2025.12.11 01:15:02;VETO;signal rejected: volume: relVol 0.80 < 1.00
2025.12.11 03:15:01;DECISION;setup LONG score=0.75 entry=1.17 inv=1.17 tgt=0.00 [BOS long lvl=1.17|RelVol=1.17|VPnode d=0.00|VWAPside|ADX=47]
2025.12.11 03:15:01;VETO;authorization denied: outside session window (server hour 03, window 12-20)
2025.12.11 03:30:00;VETO;authorization denied: outside session window (server hour 03, window 12-20)
2025.12.11 03:45:00;VETO;authorization denied: outside session window (server hour 03, window 12-20)
2025.12.11 04:00:00;VETO;authorization denied: outside session window (server hour 04, window 12-20)
2025.12.11 05:00:00;DECISION;setup SHORT score=0.65 entry=1.17 inv=1.17 tgt=0.00 AWAIT-RETEST [CHoCH short lvl=1.17|RelVol=1.08|Retest@1.17|VPnode d=0.00|VWAPside]
2025.12.11 05:15:01;VETO;authorization denied: outside session window (server hour 05, window 12-20)
2025.12.11 05:30:00;VETO;authorization denied: outside session window (server hour 05, window 12-20)
2025.12.11 05:45:01;VETO;authorization denied: outside session window (server hour 05, window 12-20)
2025.12.11 06:00:00;VETO;authorization denied: outside session window (server hour 06, window 12-20)
2025.12.11 08:15:00;VETO;signal rejected: volume: relVol 0.79 < 1.00
2025.12.11 09:30:00;VETO;signal rejected: volume: relVol 0.97 < 1.00
2025.12.11 13:00:01;DECISION;setup LONG score=0.75 entry=1.17 inv=1.17 tgt=0.00 [BOS long lvl=1.17|RelVol=1.16|VPnode d=0.00|VWAPside|ADX=33]
2025.12.11 13:00:01;DECISION;TP capped 0.00406 -> 0.00304 (3.0xATR)
2025.12.11 13:00:01;ORDER;filled BUY 0.42 lots sl=1.17 tp=1.17 [WT|BOS|0.75]
2025.12.11 13:00:01;RISK;sizing: vol_ratio=1.02 scalar=1.00 gap_buf=0.00035 eff_stop=0.00238
2025.12.11 13:00:01;ORDER;entry fill deal #153 BUY 0.42 @ 1.17075
2025.12.11 15:30:00;VETO;signal rejected: volume: relVol 0.95 < 1.00
2025.12.11 15:42:37;MANAGE;#154 SL 1.17 -> 1.17 breakeven
2025.12.11 15:42:37;MANAGE;#154 partial close 0.21 of 0.42 lots
2025.12.11 15:42:37;RISK;deal closed pnl=42.84 streak=0 lock=0
2025.12.11 15:42:38;MANAGE;#154 SL 1.17 -> 1.17 trail
2025.12.11 15:42:45;MANAGE;#154 SL 1.17 -> 1.17 trail
2025.12.11 15:45:00;VETO;outlier bar masked, z=3.7
2025.12.11 15:45:58;MANAGE;#154 SL 1.17 -> 1.17 trail
2025.12.11 15:47:52;MANAGE;#154 SL 1.17 -> 1.17 trail
2025.12.11 15:48:09;MANAGE;#154 SL 1.17 -> 1.17 trail
2025.12.11 15:49:41;MANAGE;#154 SL 1.17 -> 1.17 trail
2025.12.11 15:50:05;MANAGE;#154 SL 1.17 -> 1.17 trail
2025.12.11 16:05:48;MANAGE;#154 SL 1.17 -> 1.17 trail
2025.12.11 16:05:49;RISK;deal closed pnl=64.05 streak=0 lock=0
2025.12.11 17:15:00;VETO;outlier bar masked, z=4.1
2025.12.11 21:45:03;VETO;signal rejected: volume: relVol 0.92 < 1.00
2025.12.12 02:15:00;VETO;signal rejected: volume: relVol 0.86 < 1.00
2025.12.12 04:00:00;VETO;signal rejected: volume: relVol 0.96 < 1.00
2025.12.12 06:15:01;VETO;signal rejected: volume: relVol 0.73 < 1.00
2025.12.12 11:00:00;DECISION;setup SHORT score=0.85 entry=1.17 inv=1.17 tgt=0.00 AWAIT-RETEST [BOS short lvl=1.17|RelVol=1.13|Retest@1.17|VPnode d=0.00|VWAPside|CycleTurn w=0.29<-0.95]
2025.12.12 12:00:00;DECISION;TP capped 0.00212 -> 0.00162 (3.0xATR)
2025.12.12 12:00:00;ORDER;filled SELL 0.77 lots sl=1.17 tp=1.17 [WT|BOS|0.85]
2025.12.12 12:00:00;RISK;sizing: vol_ratio=0.97 scalar=1.00 gap_buf=0.00027 eff_stop=0.00133
2025.12.12 12:00:00;ORDER;entry fill deal #156 SELL 0.77 @ 1.17328
2025.12.12 12:30:00;VETO;signal rejected: volume: relVol 0.99 < 1.00
2025.12.12 14:13:10;MANAGE;#157 SL 1.17 -> 1.17 breakeven
2025.12.12 14:13:10;MANAGE;#157 partial close 0.38 of 0.77 lots
2025.12.12 14:13:10;RISK;deal closed pnl=40.28 streak=0 lock=0
2025.12.12 14:13:10;MANAGE;#157 SL 1.17 -> 1.17 trail
2025.12.12 14:44:31;MANAGE;#157 SL 1.17 -> 1.17 trail
2025.12.12 14:44:31;MANAGE;#157 SL 1.17 -> 1.17 trail
2025.12.12 14:50:09;MANAGE;#157 SL 1.17 -> 1.17 trail
2025.12.12 15:03:46;RISK;deal closed pnl=18.72 streak=0 lock=0
2025.12.12 15:15:00;DECISION;setup LONG score=0.75 entry=1.17 inv=1.17 tgt=0.00 AWAIT-RETEST [CHoCH long lvl=1.17|RelVol=1.27|Retest@1.17|StopFloored|VPnode d=0.00|CycleTurn w=-0.86<--1.00]
2025.12.12 15:15:00;ERROR;limit BUY 1.10 @ 1.17 sl=1.17 tp=1.17 rc=10015 [WT|CHOCH|0.75|RL]
2025.12.12 15:30:00;DECISION;TP capped 0.00165 -> 0.00143 (3.0xATR)
2025.12.12 15:30:00;ORDER;filled BUY 0.97 lots sl=1.17 tp=1.17 [WT|CHOCH|0.75]
2025.12.12 15:30:00;RISK;sizing: vol_ratio=0.90 scalar=1.00 gap_buf=0.00024 eff_stop=0.00106
2025.12.12 15:30:00;ORDER;entry fill deal #159 BUY 0.97 @ 1.17314
2025.12.12 16:02:06;RISK;deal closed pnl=-79.54 streak=1 lock=0
2025.12.12 16:45:00;DECISION;setup LONG score=0.65 entry=1.17 inv=1.17 tgt=0.00 [BOS long lvl=1.17|RelVol=1.29|VPnode d=0.00|VWAPside]
2025.12.12 16:45:00;DECISION;TP capped 0.00372 -> 0.00279 (3.0xATR)
2025.12.12 16:45:00;ORDER;filled BUY 0.47 lots sl=1.17 tp=1.18 [WT|BOS|0.65]
2025.12.12 16:45:00;RISK;sizing: vol_ratio=1.09 scalar=1.00 gap_buf=0.00029 eff_stop=0.00215
2025.12.12 16:45:00;ORDER;entry fill deal #161 BUY 0.47 @ 1.17379
2025.12.12 18:45:00;DECISION;setup SHORT score=0.85 entry=1.17 inv=1.17 tgt=0.00 AWAIT-RETEST [CHoCH short lvl=1.17|RelVol=1.42|Retest@1.17|VPnode d=0.00|VWAPside|CycleTurn w=0.94<-0.99]
2025.12.12 18:45:00;VETO;retest limit risk veto: max positions
2025.12.12 19:00:00;DECISION;TP capped 0.00278 -> 0.00209 (3.0xATR)
2025.12.12 19:00:00;VETO;risk veto: max positions
2025.12.12 19:45:00;DECISION;setup LONG score=0.85 entry=1.17 inv=1.17 tgt=0.00 AWAIT-RETEST [CHoCH long lvl=1.17|RelVol=1.15|Retest@1.17|VPnode d=0.00|VWAPside|CycleTurn w=-0.20<--0.92]
2025.12.12 19:45:00;VETO;retest limit risk veto: max positions
2025.12.12 20:00:00;VETO;authorization denied: outside session window (server hour 20, window 12-20)
2025.12.12 20:15:00;VETO;authorization denied: outside session window (server hour 20, window 12-20)
2025.12.12 20:30:00;VETO;authorization denied: outside session window (server hour 20, window 12-20)
2025.12.12 20:45:00;VETO;authorization denied: outside session window (server hour 20, window 12-20)
2025.12.12 22:00:00;RISK;FLATTEN ALL: Friday flatten: weekend gap protection
2025.12.12 22:00:00;RISK;deal closed pnl=9.87 streak=0 lock=0
2025.12.15 00:16:00;VETO;outlier bar masked, z=6.6
2025.12.15 04:00:00;DECISION;setup LONG score=0.70 entry=1.17 inv=1.17 tgt=0.00 AWAIT-RETEST [CHoCH long lvl=1.17|RelVol=1.00|Retest@1.17|VPnear|VWAPside|CycleTurn w=-0.57<--0.94]
2025.12.15 04:15:00;VETO;authorization denied: outside session window (server hour 04, window 12-20)
2025.12.15 04:30:00;VETO;authorization denied: outside session window (server hour 04, window 12-20)
2025.12.15 04:45:00;VETO;authorization denied: outside session window (server hour 04, window 12-20)
2025.12.15 05:00:00;VETO;authorization denied: outside session window (server hour 05, window 12-20)
2025.12.15 10:00:00;VETO;signal rejected: volume: relVol 0.75 < 1.00
2025.12.15 11:15:00;VETO;outlier bar masked, z=4.0
2025.12.15 13:30:00;VETO;signal rejected: volume: relVol 0.73 < 1.00
2025.12.15 16:00:00;VETO;outlier bar masked, z=3.6
2025.12.15 17:00:00;DECISION;setup LONG score=0.70 entry=1.18 inv=1.17 tgt=0.00 AWAIT-RETEST [BOS long lvl=1.18|RelVol=1.25|Retest@1.18|VWAPside|CycleTurn w=-0.88<--0.93|ADX=49]
2025.12.15 17:00:00;DECISION;TP capped 0.00338 -> 0.00254 (3.0xATR)
2025.12.15 17:00:00;ORDER;limit BUY 0.52 @ 1.18 sl=1.17 tp=1.18 rc=10009 [WT|BOS|0.70|RL]
2025.12.15 17:00:00;RISK;sizing: vol_ratio=1.09 scalar=1.00 gap_buf=0.00027 eff_stop=0.00196
2025.12.15 17:19:57;ORDER;entry fill deal #163 BUY 0.52 @ 1.17609
2025.12.15 17:30:00;VETO;outlier bar masked, z=4.6
2025.12.15 18:45:00;DECISION;setup SHORT score=0.75 entry=1.18 inv=1.18 tgt=0.00 AWAIT-RETEST [CHoCH short lvl=1.18|RelVol=1.30|Retest@1.18|VPnode d=0.00|CycleTurn w=0.57<-0.94]
2025.12.15 18:45:00;VETO;retest limit risk veto: max positions
2025.12.15 19:00:00;DECISION;TP capped 0.00266 -> 0.00199 (3.0xATR)
2025.12.15 19:00:00;VETO;risk veto: max positions
2025.12.15 20:16:01;RISK;deal closed pnl=-87.88 streak=1 lock=0
2025.12.16 01:15:00;VETO;signal rejected: volume: relVol 0.00 < 1.00
2025.12.16 08:15:00;VETO;signal rejected: volume: relVol 0.61 < 1.00
2025.12.16 10:15:00;VETO;signal rejected: volume: relVol 0.90 < 1.00
2025.12.16 10:45:00;VETO;outlier bar masked, z=3.7
2025.12.16 11:45:00;VETO;outlier bar masked, z=3.6
2025.12.16 14:00:00;VETO;signal rejected: volume: relVol 0.71 < 1.00
2025.12.16 15:00:00;VETO;outlier bar masked, z=4.0
2025.12.16 15:45:00;VETO;outlier bar masked, z=15.0
2025.12.16 16:00:00;VETO;outlier bar masked, z=7.5
2025.12.16 16:30:00;VETO;outlier bar masked, z=5.2
2025.12.16 17:00:00;VETO;outlier bar masked, z=5.5
2025.12.16 17:15:00;VETO;outlier bar masked, z=6.3
2025.12.16 20:00:00;VETO;outlier bar masked, z=4.0
2025.12.16 20:15:00;VETO;signal rejected: score 0.50 < 0.55 [CHoCH short lvl=1.18|RelVol=2.00|Retest@1.18|VPnear|VWAPside]
2025.12.16 21:30:00;VETO;outlier bar masked, z=4.6
2025.12.16 21:45:00;VETO;outlier bar masked, z=3.6
2025.12.17 04:15:00;DECISION;setup SHORT score=0.85 entry=1.17 inv=1.18 tgt=0.00 AWAIT-RETEST [BOS short lvl=1.17|RelVol=1.39|Retest@1.17|VPnode d=0.00|VWAPside|CycleTurn w=0.94<-0.99]
2025.12.17 06:15:08;VETO;signal rejected: volume: relVol 0.73 < 1.00
2025.12.17 09:00:00;VETO;outlier bar masked, z=3.9
2025.12.17 13:00:00;VETO;signal rejected: score 0.40 < 0.55 [CHoCH long lvl=1.17|RelVol=1.40|Retest@1.17|VPnear]
2025.12.17 13:45:01;DECISION;setup SHORT score=0.70 entry=1.17 inv=1.17 tgt=0.00 AWAIT-RETEST [CHoCH short lvl=1.17|RelVol=1.21|Retest@1.17|StopFloored|VPnear|VWAPside|CycleTurn w=0.99<-1.00]
2025.12.17 13:45:01;DECISION;TP capped 0.00202 -> 0.00202 (3.0xATR)
2025.12.17 13:45:01;ORDER;limit SELL 0.75 @ 1.17 sl=1.17 tp=1.17 rc=10009 [WT|CHOCH|0.70|RL]
2025.12.17 13:45:01;RISK;sizing: vol_ratio=1.02 scalar=1.00 gap_buf=0.00034 eff_stop=0.00135
2025.12.17 13:48:02;ORDER;entry fill deal #165 SELL 0.75 @ 1.17110
2025.12.17 14:57:32;RISK;deal closed pnl=-75.75 streak=1 lock=0
2025.12.17 16:00:00;DECISION;setup LONG score=0.65 entry=1.17 inv=1.17 tgt=0.00 AWAIT-RETEST [CHoCH long lvl=1.17|RelVol=1.00|Retest@1.17|VPnode d=0.00|VWAPside]
2025.12.17 16:00:00;DECISION;TP capped 0.00433 -> 0.00325 (3.0xATR)
2025.12.17 16:00:00;ORDER;limit BUY 0.39 @ 1.17 sl=1.17 tp=1.18 rc=10009 [WT|CHOCH|0.65|RL]
2025.12.17 16:00:00;RISK;sizing: vol_ratio=1.10 scalar=1.00 gap_buf=0.00037 eff_stop=0.00254
2025.12.17 16:27:10;ORDER;entry fill deal #167 BUY 0.39 @ 1.17293
2025.12.17 17:18:33;MANAGE;#168 SL 1.17 -> 1.17 breakeven
2025.12.17 17:18:33;MANAGE;#168 partial close 0.19 of 0.39 lots
2025.12.17 17:18:33;RISK;deal closed pnl=41.23 streak=0 lock=0
2025.12.17 17:18:33;MANAGE;#168 SL 1.17 -> 1.17 trail
2025.12.17 17:33:09;MANAGE;#168 SL 1.17 -> 1.17 trail
2025.12.17 17:34:02;MANAGE;#168 SL 1.17 -> 1.17 trail
2025.12.17 17:36:59;MANAGE;#168 SL 1.17 -> 1.17 trail
2025.12.17 17:37:42;MANAGE;#168 SL 1.17 -> 1.17 trail
2025.12.17 17:37:42;MANAGE;#168 SL 1.17 -> 1.17 trail
2025.12.17 17:39:38;MANAGE;#168 SL 1.17 -> 1.17 trail
2025.12.17 20:45:00;VETO;signal rejected: score 0.40 < 0.55 [CHoCH short lvl=1.17|RelVol=1.36|Retest@1.17|VPnear]
2025.12.17 21:50:24;RISK;deal closed pnl=24.40 streak=0 lock=0
2025.12.18 03:00:00;VETO;signal rejected: volume: relVol 0.90 < 1.00
2025.12.18 03:45:00;DECISION;setup SHORT score=0.70 entry=1.17 inv=1.17 tgt=0.00 AWAIT-RETEST [CHoCH short lvl=1.17|RelVol=1.07|Retest@1.17|VPnear|VWAPside|CycleTurn w=-0.36<-0.56]
2025.12.18 04:00:00;VETO;authorization denied: outside session window (server hour 04, window 12-20)
2025.12.18 04:15:00;VETO;authorization denied: outside session window (server hour 04, window 12-20)
2025.12.18 04:30:00;VETO;authorization denied: outside session window (server hour 04, window 12-20)
2025.12.18 04:45:00;VETO;authorization denied: outside session window (server hour 04, window 12-20)
2025.12.18 07:00:00;VETO;signal rejected: volume: relVol 0.64 < 1.00
2025.12.18 10:00:00;DECISION;setup SHORT score=0.85 entry=1.17 inv=1.17 tgt=0.00 AWAIT-RETEST [CHoCH short lvl=1.17|RelVol=1.44|Retest@1.17|VPnode d=0.00|VWAPside|CycleTurn w=0.17<-0.96]
2025.12.18 14:45:00;DECISION;setup SHORT score=0.70 entry=1.17 inv=1.17 tgt=0.00 [BOS short lvl=1.17|RelVol=1.25|VPnear|VWAPside|CycleTurn w=-0.73<-0.04]
2025.12.18 14:45:00;DECISION;TP capped 0.00268 -> 0.00201 (3.0xATR)
2025.12.18 14:45:00;ORDER;filled SELL 0.62 lots sl=1.17 tp=1.17 [WT|BOS|0.70]
2025.12.18 14:45:00;RISK;sizing: vol_ratio=1.13 scalar=1.00 gap_buf=0.00028 eff_stop=0.00162
2025.12.18 14:45:00;ORDER;entry fill deal #170 SELL 0.62 @ 1.17139
2025.12.18 15:15:43;RISK;deal closed pnl=-83.08 streak=1 lock=0
2025.12.18 15:30:00;VETO;outlier bar masked, z=4.8
2025.12.18 15:45:00;VETO;outlier bar masked, z=9.2
2025.12.18 16:00:00;VETO;outlier bar masked, z=7.8
2025.12.18 16:15:00;VETO;outlier bar masked, z=3.9
2025.12.18 17:30:00;VETO;outlier bar masked, z=4.0
2025.12.18 17:45:00;VETO;outlier bar masked, z=4.4
2025.12.18 18:15:00;VETO;outlier bar masked, z=5.2
2025.12.19 01:30:00;VETO;signal rejected: volume: relVol 0.59 < 1.00
2025.12.19 03:00:00;VETO;signal rejected: volume: relVol 0.95 < 1.00
2025.12.19 05:45:00;VETO;signal rejected: volume: relVol 0.98 < 1.00
2025.12.19 08:45:00;VETO;signal rejected: score 0.50 < 0.55 [BOS short lvl=1.17|RelVol=1.95|Retest@1.17|VPnear|VWAPside]
2025.12.19 16:00:00;VETO;signal rejected: volume: relVol 0.80 < 1.00
2025.12.19 20:15:00;VETO;signal rejected: volume: relVol 0.89 < 1.00
2025.12.19 23:00:00;VETO;outlier bar masked, z=3.6
2025.12.22 03:00:00;DECISION;setup LONG score=0.85 entry=1.17 inv=1.17 tgt=0.00 AWAIT-RETEST [CHoCH long lvl=1.17|RelVol=1.12|Retest@1.17|VPnode d=0.00|VWAPside|CycleTurn w=0.69<--0.22]
2025.12.22 03:15:00;VETO;authorization denied: outside session window (server hour 03, window 12-20)
2025.12.22 03:30:00;VETO;authorization denied: outside session window (server hour 03, window 12-20)
2025.12.22 03:45:00;VETO;authorization denied: outside session window (server hour 03, window 12-20)
2025.12.22 04:00:00;VETO;authorization denied: outside session window (server hour 04, window 12-20)
2025.12.22 06:45:00;VETO;signal rejected: volume: relVol 0.66 < 1.00
2025.12.22 09:45:00;VETO;signal rejected: volume: relVol 0.76 < 1.00
2025.12.22 14:45:00;DECISION;setup LONG score=0.70 entry=1.17 inv=1.17 tgt=0.00 [BOS long lvl=1.17|RelVol=1.02|VPnear|VWAPside|CycleTurn w=-0.80<--0.97]
2025.12.22 14:45:00;DECISION;TP capped 0.00214 -> 0.00165 (3.0xATR)
2025.12.22 14:45:00;ORDER;filled BUY 0.75 lots sl=1.17 tp=1.18 [WT|BOS|0.70]
2025.12.22 14:45:00;RISK;sizing: vol_ratio=1.14 scalar=1.00 gap_buf=0.00027 eff_stop=0.00134
2025.12.22 14:45:00;ORDER;entry fill deal #172 BUY 0.75 @ 1.17393
2025.12.22 15:12:24;MANAGE;#173 SL 1.17 -> 1.17 breakeven
2025.12.22 15:12:24;MANAGE;#173 partial close 0.37 of 0.75 lots
2025.12.22 15:12:24;RISK;deal closed pnl=39.59 streak=0 lock=0
2025.12.22 15:34:27;MANAGE;#173 SL 1.17 -> 1.17 trail
2025.12.22 15:44:35;MANAGE;#173 SL 1.17 -> 1.17 trail
2025.12.22 15:44:50;MANAGE;#173 SL 1.17 -> 1.17 trail
2025.12.22 16:28:04;RISK;deal closed pnl=62.70 streak=0 lock=0
2025.12.23 01:15:00;VETO;signal rejected: volume: relVol 0.00 < 1.00
2025.12.23 08:30:00;VETO;signal rejected: volume: relVol 0.42 < 1.00
2025.12.23 10:15:00;DECISION;setup LONG score=0.85 entry=1.18 inv=1.18 tgt=0.00 AWAIT-RETEST [CHoCH long lvl=1.18|RelVol=1.31|Retest@1.18|VPnode d=0.00|VWAPside|CycleTurn w=-0.86<--0.98]
2025.12.23 10:30:00;VETO;authorization denied: outside session window (server hour 10, window 12-20)
2025.12.23 10:45:00;VETO;authorization denied: outside session window (server hour 10, window 12-20)
2025.12.23 11:00:00;VETO;authorization denied: outside session window (server hour 11, window 12-20)
2025.12.23 11:15:00;VETO;authorization denied: outside session window (server hour 11, window 12-20)
2025.12.23 15:00:00;DECISION;setup SHORT score=0.60 entry=1.18 inv=1.18 tgt=0.00 AWAIT-RETEST [CHoCH short lvl=1.18|RelVol=1.12|Retest@1.18|VPnear|CycleTurn w=-0.69<-0.02]
2025.12.23 15:00:00;DECISION;TP capped 0.00187 -> 0.00164 (3.0xATR)
2025.12.23 15:00:00;ORDER;limit SELL 0.84 @ 1.18 sl=1.18 tp=1.18 rc=10009 [WT|CHOCH|0.60|RL]
2025.12.23 15:00:00;RISK;sizing: vol_ratio=1.15 scalar=1.00 gap_buf=0.00027 eff_stop=0.00121
2025.12.23 15:00:27;ORDER;entry fill deal #175 SELL 0.84 @ 1.17908
2025.12.23 15:31:33;MANAGE;#176 SL 1.18 -> 1.18 breakeven
2025.12.23 15:31:33;MANAGE;#176 partial close 0.42 of 0.84 lots
2025.12.23 15:31:33;RISK;deal closed pnl=39.90 streak=0 lock=0
2025.12.23 15:52:04;MANAGE;#176 SL 1.18 -> 1.18 trail
2025.12.23 15:52:20;MANAGE;#176 SL 1.18 -> 1.18 trail
2025.12.23 15:52:35;MANAGE;#176 SL 1.18 -> 1.18 trail
2025.12.23 15:53:27;MANAGE;#176 SL 1.18 -> 1.18 trail
2025.12.23 15:57:22;RISK;deal closed pnl=68.46 streak=0 lock=0
2025.12.23 21:00:00;DECISION;setup LONG score=0.70 entry=1.18 inv=1.18 tgt=0.00 AWAIT-RETEST [CHoCH long lvl=1.18|RelVol=1.80|Retest@1.18|VPnear|VWAPside|CycleTurn w=0.71<-0.07]
2025.12.23 23:45:00;DECISION;setup LONG score=0.60 entry=1.18 inv=1.18 tgt=0.00 [BOS long lvl=1.18|RelVol=1.01|VPnear|VWAPside|ADX=50]
2025.12.23 23:45:00;VETO;authorization denied: outside session window (server hour 23, window 12-20)
2025.12.24 00:00:00;VETO;authorization denied: outside session window (server hour 00, window 12-20)
2025.12.24 00:15:00;VETO;outlier bar masked, z=4.6
2025.12.24 00:30:00;VETO;authorization denied: outside session window (server hour 00, window 12-20)
2025.12.24 00:45:00;VETO;authorization denied: outside session window (server hour 00, window 12-20)
2025.12.24 03:00:00;VETO;signal rejected: volume: relVol 0.90 < 1.00
2025.12.24 05:45:00;DECISION;setup SHORT score=0.65 entry=1.18 inv=1.18 tgt=0.00 AWAIT-RETEST [CHoCH short lvl=1.18|RelVol=1.10|Retest@1.18|VPnode d=0.00|VWAPside]
2025.12.24 06:30:00;VETO;authorization denied: outside session window (server hour 06, window 12-20)
2025.12.24 06:45:00;VETO;authorization denied: outside session window (server hour 06, window 12-20)
2025.12.24 07:00:00;VETO;authorization denied: outside session window (server hour 07, window 12-20)
2025.12.24 07:15:03;VETO;authorization denied: outside session window (server hour 07, window 12-20)
2025.12.24 10:15:00;DECISION;setup SHORT score=0.60 entry=1.18 inv=1.18 tgt=0.00 [BOS short lvl=1.18|RelVol=1.46|VPnear|VWAPside|ADX=31]
2025.12.24 10:15:00;VETO;authorization denied: outside session window (server hour 10, window 12-20)
2025.12.24 10:30:00;VETO;authorization denied: outside session window (server hour 10, window 12-20)
2025.12.24 10:45:00;VETO;authorization denied: outside session window (server hour 10, window 12-20)
2025.12.24 11:00:00;VETO;authorization denied: outside session window (server hour 11, window 12-20)
2025.12.24 14:30:00;DECISION;setup SHORT score=0.75 entry=1.18 inv=1.18 tgt=0.00 [BOS short lvl=1.18|RelVol=1.03|VPnode d=0.00|VWAPside|ADX=34]
2025.12.24 14:30:00;DECISION;TP capped 0.00234 -> 0.00175 (3.0xATR)
2025.12.24 14:30:00;ORDER;filled SELL 0.74 lots sl=1.18 tp=1.18 [WT|BOS|0.75]
2025.12.24 14:30:00;RISK;sizing: vol_ratio=0.85 scalar=1.00 gap_buf=0.00021 eff_stop=0.00138
2025.12.24 14:30:00;ORDER;entry fill deal #178 SELL 0.74 @ 1.17891
2025.12.24 17:15:57;MANAGE;#179 SL 1.18 -> 1.18 breakeven
2025.12.24 17:15:57;MANAGE;#179 partial close 0.37 of 0.74 lots
2025.12.24 17:15:57;RISK;deal closed pnl=43.66 streak=0 lock=0
2025.12.24 17:15:57;MANAGE;#179 SL 1.18 -> 1.18 trail
2025.12.24 17:53:11;MANAGE;#179 SL 1.18 -> 1.18 trail
2025.12.24 18:25:35;MANAGE;#179 SL 1.18 -> 1.18 trail
2025.12.24 18:27:41;MANAGE;#179 SL 1.18 -> 1.18 trail
2025.12.24 19:58:05;MANAGE;#179 SL 1.18 -> 1.18 trail
2025.12.26 00:01:57;RISK;deal closed pnl=20.72 streak=0 lock=0
2025.12.26 02:30:02;VETO;outlier bar masked, z=3.7
2025.12.26 04:45:01;VETO;signal rejected: score 0.50 < 0.55 [BOS long lvl=1.18|RelVol=1.76|VPnear|VWAPside]
2025.12.26 06:15:06;DECISION;setup SHORT score=0.85 entry=1.18 inv=1.18 tgt=0.00 AWAIT-RETEST [CHoCH short lvl=1.18|RelVol=1.21|Retest@1.18|VPnode d=0.00|VWAPside|CycleTurn w=-0.30<-0.69]
2025.12.26 06:30:00;VETO;authorization denied: outside session window (server hour 06, window 12-20)
2025.12.26 06:45:10;VETO;authorization denied: outside session window (server hour 06, window 12-20)
2025.12.26 07:00:02;VETO;authorization denied: outside session window (server hour 07, window 12-20)
2025.12.26 07:15:00;VETO;authorization denied: outside session window (server hour 07, window 12-20)
2025.12.26 08:45:00;VETO;outlier bar masked, z=4.6
2025.12.26 10:15:00;VETO;signal rejected: score 0.40 < 0.55 [BOS short lvl=1.18|RelVol=1.03|Retest@1.18|VWAPside]
2025.12.26 15:15:00;VETO;outlier bar masked, z=4.0
2025.12.26 18:00:00;VETO;outlier bar masked, z=4.2
2025.12.26 23:45:00;DECISION;setup SHORT score=0.85 entry=1.18 inv=1.18 tgt=0.00 [BOS short lvl=1.18|RelVol=1.22|VPnode d=0.00|VWAPside|CycleTurn w=0.83<-0.95]
2025.12.26 23:45:00;VETO;authorization denied: outside session window (server hour 23, window 12-20)
2025.12.29 00:06:17;VETO;authorization denied: outside session window (server hour 00, window 12-20)
2025.12.29 00:21:51;VETO;authorization denied: outside session window (server hour 00, window 12-20)
2025.12.29 00:34:30;VETO;authorization denied: outside session window (server hour 00, window 12-20)
2025.12.29 02:30:00;DECISION;setup LONG score=0.65 entry=1.18 inv=1.18 tgt=0.00 AWAIT-RETEST [CHoCH long lvl=1.18|RelVol=1.19|Retest@1.18|VPnode d=0.00|VWAPside]
2025.12.29 02:45:00;VETO;authorization denied: outside session window (server hour 02, window 12-20)
2025.12.29 03:00:00;VETO;authorization denied: outside session window (server hour 03, window 12-20)
2025.12.29 03:15:00;VETO;authorization denied: outside session window (server hour 03, window 12-20)
2025.12.29 03:30:00;VETO;authorization denied: outside session window (server hour 03, window 12-20)
2025.12.29 06:45:00;VETO;signal rejected: volume: relVol 0.86 < 1.00
2025.12.29 11:00:00;DECISION;setup LONG score=0.65 entry=1.18 inv=1.18 tgt=0.00 AWAIT-RETEST [CHoCH long lvl=1.18|RelVol=1.63|Retest@1.18|VPnode d=0.00|VWAPside]
2025.12.29 11:15:00;VETO;outlier bar masked, z=5.1
2025.12.29 11:30:00;VETO;authorization denied: outside session window (server hour 11, window 12-20)
2025.12.29 11:45:00;VETO;outlier bar masked, z=3.8
2025.12.29 12:00:00;DECISION;TP capped 0.00448 -> 0.00336 (3.0xATR)
2025.12.29 12:00:00;ORDER;filled BUY 0.39 lots sl=1.18 tp=1.18 [WT|CHOCH|0.65]
2025.12.29 12:00:00;RISK;sizing: vol_ratio=1.37 scalar=1.00 gap_buf=0.00036 eff_stop=0.00260
2025.12.29 12:00:00;ORDER;entry fill deal #181 BUY 0.39 @ 1.17765
2025.12.29 13:00:00;VETO;outlier bar masked, z=3.9
2025.12.29 14:45:00;VETO;signal rejected: score 0.50 < 0.55 [BOS short lvl=1.18|RelVol=1.26|VPnear|VWAPside]
2025.12.29 16:15:00;DECISION;setup LONG score=0.85 entry=1.18 inv=1.18 tgt=0.00 AWAIT-RETEST [CHoCH long lvl=1.18|RelVol=1.11|Retest@1.18|VPnode d=0.00|VWAPside|CycleTurn w=0.63<--0.36]
2025.12.29 16:15:00;VETO;retest limit risk veto: max positions
2025.12.29 16:30:00;DECISION;TP capped 0.00450 -> 0.00337 (3.0xATR)
2025.12.29 16:30:00;VETO;risk veto: max positions
2025.12.29 18:00:00;VETO;outlier bar masked, z=6.0
2025.12.29 18:31:58;RISK;deal closed pnl=-88.14 streak=1 lock=0
2025.12.29 19:15:00;VETO;signal rejected: score 0.50 < 0.55 [CHoCH short lvl=1.18|RelVol=1.41|Retest@1.18|VPnear|VWAPside]
2025.12.30 03:30:00;VETO;signal rejected: volume: relVol 0.81 < 1.00
2025.12.30 06:45:00;VETO;signal rejected: volume: relVol 0.78 < 1.00
2025.12.30 08:45:01;VETO;signal rejected: volume: relVol 0.94 < 1.00
2025.12.30 09:30:00;VETO;signal rejected: volume: relVol 0.93 < 1.00
2025.12.30 14:45:00;DECISION;setup SHORT score=0.60 entry=1.18 inv=1.18 tgt=0.00 [BOS short lvl=1.18|RelVol=1.01|VPnear|VWAPside|ADX=31]
2025.12.30 14:45:00;DECISION;TP capped 0.00318 -> 0.00238 (3.0xATR)
2025.12.30 14:45:00;ORDER;filled SELL 0.55 lots sl=1.18 tp=1.17 [WT|BOS|0.60]
2025.12.30 14:45:00;RISK;sizing: vol_ratio=1.09 scalar=1.00 gap_buf=0.00026 eff_stop=0.00185
2025.12.30 14:45:00;ORDER;entry fill deal #183 SELL 0.55 @ 1.17619
2025.12.30 17:30:00;VETO;signal rejected: score 0.50 < 0.55 [BOS short lvl=1.18|RelVol=1.28|Retest@1.18|VPnear|VWAPside]
2025.12.30 17:43:41;MANAGE;#184 SL 1.18 -> 1.18 breakeven
2025.12.30 17:43:41;MANAGE;#184 partial close 0.27 of 0.55 lots
2025.12.30 17:43:41;RISK;deal closed pnl=42.93 streak=0 lock=0
2025.12.30 17:43:42;MANAGE;#184 SL 1.18 -> 1.18 trail
2025.12.30 17:57:33;RISK;deal closed pnl=7.84 streak=0 lock=0
2025.12.30 18:00:00;VETO;outlier bar masked, z=4.2
2025.12.30 23:00:00;VETO;signal rejected: volume: relVol 0.99 < 1.00
