time;tag;message
2026.01.01 00:00:00;RECOVER;init: v2.30 test_case=A0_baseline_v16_like lock=0 streak=0 positions=0 equity=10000.00 day_eq=10000.00 peak_eq=10000.00
2026.01.02 01:15:00;DECISION;setup LONG score=0.85 entry=4330.89 inv=4304.62 tgt=0.00 [BOS long lvl=4324.38|RelVol=3.76|VPnode d=0.19|VWAPside|CycleTurn w=-0.09<--0.95]
2026.01.02 01:15:00;VETO;authorization denied: outside session window (server hour 01, window 03-20)
2026.01.02 01:30:00;VETO;authorization denied: outside session window (server hour 01, window 03-20)
2026.01.02 01:45:00;VETO;authorization denied: outside session window (server hour 01, window 03-20)
2026.01.02 02:00:00;VETO;authorization denied: outside session window (server hour 02, window 03-20)
2026.01.02 05:00:00;DECISION;setup LONG score=0.80 entry=4362.89 inv=4344.61 tgt=0.00 [BOS long lvl=4356.00|RelVol=0.94|VPnear|VWAPside|CycleTurn w=0.68<-0.66|ADX=45]
2026.01.02 05:00:00;ORDER;filled BUY 0.05 lots sl=4344.61 tp=4399.57 [WT|BOS|0.80]
2026.01.02 05:00:00;RISK;sizing: vol_ratio=0.69 scalar=1.00 gap_buf=0.00000 eff_stop=18.32000
2026.01.02 05:00:00;ORDER;entry fill deal #2 BUY 0.05 @ 4362.93000
2026.01.02 07:30:00;DECISION;setup LONG score=0.60 entry=4378.45 inv=4345.03 tgt=0.00 [BOS long lvl=4378.41|RelVol=1.03|VPnear|VWAPside|ADX=58]
2026.01.02 07:30:00;VETO;risk veto: max positions
2026.01.02 07:54:40;MANAGE;#2 SL 4344.61 -> 4362.97 breakeven
2026.01.02 07:54:59;MANAGE;#2 SL 4362.97 -> 4369.64 trail
2026.01.02 07:55:20;MANAGE;#2 SL 4369.64 -> 4370.08 trail
2026.01.02 09:34:40;MANAGE;#2 SL 4370.08 -> 4370.19 trail
2026.01.02 09:35:40;MANAGE;#2 SL 4370.19 -> 4370.64 trail
2026.01.02 09:37:20;MANAGE;#2 SL 4370.64 -> 4370.81 trail
2026.01.02 09:56:40;MANAGE;#2 SL 4370.81 -> 4372.11 trail
2026.01.02 09:57:40;MANAGE;#2 SL 4372.11 -> 4372.41 trail
2026.01.02 09:58:40;MANAGE;#2 SL 4372.41 -> 4372.63 trail
2026.01.02 09:59:20;MANAGE;#2 SL 4372.63 -> 4372.93 trail
2026.01.02 10:00:00;DECISION;setup LONG score=0.75 entry=4382.82 inv=4371.13 tgt=0.00 [BOS long lvl=4381.74|RelVol=1.52|VPnode d=0.58|VWAPside|ADX=35]
2026.01.02 10:00:00;VETO;risk veto: max positions
2026.01.02 10:00:40;MANAGE;#2 SL 4372.93 -> 4373.12 trail
2026.01.02 10:02:40;MANAGE;#2 SL 4373.12 -> 4373.86 trail
2026.01.02 10:07:40;MANAGE;#2 SL 4373.86 -> 4374.57 trail
2026.01.02 10:08:20;MANAGE;#2 SL 4374.57 -> 4374.90 trail
2026.01.02 10:09:40;MANAGE;#2 SL 4374.90 -> 4375.01 trail
2026.01.02 10:12:40;MANAGE;#2 SL 4375.01 -> 4375.66 trail
2026.01.02 10:33:40;MANAGE;#2 SL 4375.66 -> 4376.12 trail
2026.01.02 10:34:40;MANAGE;#2 SL 4376.12 -> 4377.99 trail
2026.01.02 10:41:40;MANAGE;#2 SL 4377.99 -> 4378.18 trail
2026.01.02 10:44:40;MANAGE;#2 SL 4378.18 -> 4379.38 trail
2026.01.02 10:45:00;MANAGE;#2 SL 4379.38 -> 4379.75 trail
2026.01.02 10:45:40;MANAGE;#2 SL 4379.75 -> 4380.64 trail
2026.01.02 10:46:40;MANAGE;#2 SL 4380.64 -> 4384.59 trail
2026.01.02 10:47:40;MANAGE;#2 SL 4384.59 -> 4386.80 trail
2026.01.02 11:00:20;RISK;deal closed pnl=119.35 streak=0 lock=0
2026.01.02 15:15:00;DECISION;setup LONG score=0.65 entry=4399.83 inv=4383.32 tgt=0.00 [BOS long lvl=4399.30|RelVol=0.79|VPnode d=1.23|VWAPside]
2026.01.02 15:15:00;ORDER;filled BUY 0.06 lots sl=4383.32 tp=4432.97 [WT|BOS|0.65]
2026.01.02 15:15:00;RISK;sizing: vol_ratio=0.78 scalar=1.00 gap_buf=0.00000 eff_stop=16.55000
2026.01.02 15:15:00;ORDER;entry fill deal #4 BUY 0.06 @ 4399.87000
2026.01.02 15:24:40;RISK;deal closed pnl=-99.30 streak=1 lock=0
2026.01.02 15:30:00;DECISION;setup SHORT score=0.65 entry=4374.54 inv=4399.30 tgt=0.00 [CHoCH short lvl=4383.32|RelVol=1.32|VPnode d=0.16|VWAPside]
2026.01.02 15:30:00;ORDER;filled SELL 0.04 lots sl=4399.30 tp=4324.96 [WT|CHOCH|0.65]
2026.01.02 15:30:00;RISK;sizing: vol_ratio=0.98 scalar=1.00 gap_buf=0.00000 eff_stop=24.78000
2026.01.02 15:30:00;ORDER;entry fill deal #6 SELL 0.04 @ 4374.52000
2026.01.02 16:41:20;MANAGE;#6 SL 4399.30 -> 4374.48 breakeven
2026.01.02 16:41:40;MANAGE;#6 SL 4374.48 -> 4370.11 trail
2026.01.02 16:41:59;MANAGE;#6 SL 4370.11 -> 4369.25 trail
2026.01.02 16:42:40;MANAGE;#6 SL 4369.25 -> 4366.41 trail
2026.01.02 17:04:40;MANAGE;#6 SL 4366.41 -> 4363.74 trail
2026.01.02 17:05:20;MANAGE;#6 SL 4363.74 -> 4363.23 trail
2026.01.02 17:06:20;MANAGE;#6 SL 4363.23 -> 4360.90 trail
2026.01.02 17:11:40;MANAGE;#6 SL 4360.90 -> 4357.01 trail
2026.01.02 17:12:20;MANAGE;#6 SL 4357.01 -> 4356.27 trail
2026.01.02 17:13:20;MANAGE;#6 SL 4356.27 -> 4355.41 trail
2026.01.02 17:23:40;MANAGE;#6 SL 4355.41 -> 4354.99 trail
2026.01.02 17:24:20;MANAGE;#6 SL 4354.99 -> 4354.72 trail
2026.01.02 18:03:40;RISK;deal closed pnl=198.24 streak=0 lock=0
2026.01.02 20:15:00;DECISION;setup SHORT score=0.50 entry=4314.53 inv=4333.47 tgt=0.00 [BOS short lvl=4315.03|RelVol=1.35|VWAPside|ADX=40]
2026.01.02 20:15:00;VETO;authorization denied: outside session window (server hour 20, window 03-20)
2026.01.02 20:30:00;VETO;authorization denied: outside session window (server hour 20, window 03-20)
2026.01.02 20:45:00;VETO;authorization denied: outside session window (server hour 20, window 03-20)
2026.01.02 21:00:00;VETO;authorization denied: outside session window (server hour 21, window 03-20)
2026.01.05 01:15:00;DECISION;setup LONG score=0.50 entry=4370.10 inv=4309.97 tgt=0.00 [CHoCH long lvl=4333.47|RelVol=8.25|VPnear|VWAPside]
2026.01.05 01:15:00;VETO;authorization denied: outside session window (server hour 01, window 03-20)
2026.01.05 01:30:00;VETO;authorization denied: outside session window (server hour 01, window 03-20)
2026.01.05 01:45:00;VETO;authorization denied: outside session window (server hour 01, window 03-20)
2026.01.05 02:00:00;VETO;authorization denied: outside session window (server hour 02, window 03-20)
2026.01.05 08:15:00;DECISION;setup LONG score=0.95 entry=4418.34 inv=4397.33 tgt=0.00 [BOS long lvl=4414.01|RelVol=1.48|VPnode d=5.34|VWAPside|CycleTurn w=-0.99<--1.00|ADX=41]
2026.01.05 08:15:00;ORDER;filled BUY 0.04 lots sl=4397.33 tp=4460.54 [WT|BOS|0.95]
2026.01.05 08:15:00;RISK;sizing: vol_ratio=0.88 scalar=1.00 gap_buf=0.00000 eff_stop=21.07000
2026.01.05 08:15:00;ORDER;entry fill deal #8 BUY 0.04 @ 4418.40000
2026.01.05 10:30:00;DECISION;setup LONG score=0.60 entry=4426.57 inv=4401.07 tgt=0.00 [BOS long lvl=4426.41|RelVol=1.13|VPnear|VWAPside|ADX=58]
2026.01.05 10:30:00;VETO;risk veto: max positions
2026.01.05 12:54:20;MANAGE;#8 SL 4397.33 -> 4418.44 breakeven
2026.01.05 12:54:40;MANAGE;#8 SL 4418.44 -> 4427.27 trail
2026.01.05 12:54:59;MANAGE;#8 SL 4427.27 -> 4427.52 trail
2026.01.05 13:19:40;RISK;deal closed pnl=36.48 streak=0 lock=0
2026.01.05 14:45:00;VETO;signal rejected: score 0.40 < 0.45 [CHoCH short lvl=4411.07|RelVol=1.39|VPnear]
2026.01.05 16:15:00;DECISION;setup LONG score=0.85 entry=4426.26 inv=4410.89 tgt=0.00 [CHoCH long lvl=4418.95|RelVol=1.34|StopFloored|VPnode d=0.06|VWAPside|CycleTurn w=-0.95<--0.99]
2026.01.05 16:15:00;ORDER;filled BUY 0.06 lots sl=4410.89 tp=4457.13 [WT|CHOCH|0.85]
2026.01.05 16:15:00;RISK;sizing: vol_ratio=1.07 scalar=1.00 gap_buf=0.00000 eff_stop=15.41393
2026.01.05 16:15:00;ORDER;entry fill deal #10 BUY 0.06 @ 4426.30000
2026.01.05 16:55:40;MANAGE;#10 SL 4410.89 -> 4426.34 breakeven
2026.01.05 17:02:40;MANAGE;#10 SL 4426.34 -> 4426.51 trail
2026.01.05 17:03:40;MANAGE;#10 SL 4426.51 -> 4431.20 trail
2026.01.05 17:04:40;MANAGE;#10 SL 4431.20 -> 4432.95 trail
2026.01.05 17:05:40;MANAGE;#10 SL 4432.95 -> 4433.43 trail
2026.01.05 17:06:20;MANAGE;#10 SL 4433.43 -> 4434.27 trail
2026.01.05 17:07:40;MANAGE;#10 SL 4434.27 -> 4435.03 trail
2026.01.05 19:03:40;RISK;deal closed pnl=52.38 streak=0 lock=0
2026.01.06 01:15:00;DECISION;setup LONG score=0.75 entry=4451.55 inv=4438.04 tgt=0.00 [BOS long lvl=4449.42|RelVol=3.16|VPnode d=0.65|CycleTurn w=-0.57<--0.92]
2026.01.06 01:15:00;VETO;authorization denied: outside session window (server hour 01, window 03-20)
2026.01.06 01:30:00;VETO;authorization denied: outside session window (server hour 01, window 03-20)
2026.01.06 01:45:00;VETO;authorization denied: outside session window (server hour 01, window 03-20)
2026.01.06 02:00:00;VETO;authorization denied: outside session window (server hour 02, window 03-20)
2026.01.06 02:45:00;DECISION;setup SHORT score=0.65 entry=4436.55 inv=4460.12 tgt=0.00 [CHoCH short lvl=4438.04|RelVol=1.36|VPnode d=3.95|VWAPside]
2026.01.06 02:45:00;VETO;authorization denied: outside session window (server hour 02, window 03-20)
2026.01.06 03:00:00;ORDER;filled SELL 0.04 lots sl=4460.12 tp=4389.11 [WT|CHOCH|0.65]
2026.01.06 03:00:00;RISK;sizing: vol_ratio=0.72 scalar=1.00 gap_buf=0.00000 eff_stop=23.67000
2026.01.06 03:00:00;ORDER;entry fill deal #12 SELL 0.04 @ 4436.45000
2026.01.06 04:00:00;DECISION;setup LONG score=0.70 entry=4450.67 inv=4427.96 tgt=0.00 [CHoCH long lvl=4444.75|RelVol=1.43|VPnear|VWAPside|CycleTurn w=-0.97<--1.00]
2026.01.06 04:00:00;VETO;risk veto: max positions
2026.01.06 04:13:40;RISK;deal closed pnl=-94.68 streak=1 lock=0
2026.01.06 07:30:00;DECISION;setup LONG score=0.65 entry=4469.73 inv=4460.69 tgt=0.00 [BOS long lvl=4468.47|RelVol=0.94|StopFloored|VPnode d=1.07|VWAPside]
2026.01.06 07:30:00;ORDER;filled BUY 0.11 lots sl=4460.69 tp=4487.94 [WT|BOS|0.65]
2026.01.06 07:30:00;RISK;sizing: vol_ratio=0.77 scalar=1.00 gap_buf=0.00000 eff_stop=9.08286
2026.01.06 07:30:00;ORDER;entry fill deal #14 BUY 0.11 @ 4469.77000
2026.01.06 07:47:40;RISK;deal closed pnl=-99.88 streak=2 lock=0
2026.01.06 08:00:00;DECISION;setup SHORT score=0.60 entry=4452.47 inv=4468.47 tgt=0.00 [CHoCH short lvl=4461.87|RelVol=1.34|VWAPside|CycleTurn w=0.11<-0.96]
2026.01.06 08:00:00;ORDER;filled SELL 0.06 lots sl=4468.47 tp=4420.62 [WT|CHOCH|0.60]
2026.01.06 08:00:00;RISK;sizing: vol_ratio=0.86 scalar=1.00 gap_buf=0.00000 eff_stop=15.95000
2026.01.06 08:00:00;ORDER;entry fill deal #16 SELL 0.06 @ 4452.52000
2026.01.06 09:08:40;RISK;deal closed pnl=-95.70 streak=3 lock=2
2026.01.06 10:30:00;DECISION;setup LONG score=0.65 entry=4471.02 inv=4449.51 tgt=0.00 [CHoCH long lvl=4470.41|RelVol=1.10|VPnode d=0.62|VWAPside]
2026.01.06 10:30:00;VETO;authorization denied: global lock (LOSS_STREAK)
2026.01.06 10:45:00;VETO;authorization denied: global lock (LOSS_STREAK)
2026.01.06 11:00:00;VETO;authorization denied: global lock (LOSS_STREAK)
2026.01.06 11:15:00;VETO;authorization denied: global lock (LOSS_STREAK)
2026.01.06 11:30:00;VETO;signal rejected: score 0.40 < 0.45 [CHoCH short lvl=4457.19|RelVol=1.32|VPnear]
2026.01.06 16:45:00;DECISION;setup LONG score=0.50 entry=4479.54 inv=4454.20 tgt=0.00 [CHoCH long lvl=4475.71|RelVol=0.97|VPnear|VWAPside]
2026.01.06 16:45:00;VETO;authorization denied: global lock (LOSS_STREAK)
2026.01.06 17:00:00;VETO;authorization denied: global lock (LOSS_STREAK)
2026.01.06 17:15:00;VETO;authorization denied: global lock (LOSS_STREAK)
2026.01.06 17:30:00;VETO;authorization denied: global lock (LOSS_STREAK)
2026.01.06 20:15:00;DECISION;setup LONG score=0.60 entry=4491.11 inv=4463.08 tgt=0.00 [BOS long lvl=4490.93|RelVol=1.17|VPnear|VWAPside|ADX=32]
2026.01.06 20:15:00;VETO;authorization denied: global lock (LOSS_STREAK)
2026.01.06 20:30:00;VETO;authorization denied: global lock (LOSS_STREAK)
2026.01.06 20:45:00;VETO;authorization denied: global lock (LOSS_STREAK)
2026.01.06 21:00:00;VETO;authorization denied: global lock (LOSS_STREAK)
2026.01.06 21:30:00;DECISION;setup SHORT score=0.55 entry=4480.97 inv=4494.11 tgt=0.00 [CHoCH short lvl=4481.67|RelVol=1.22|VPnode d=2.83]
2026.01.06 21:30:00;VETO;authorization denied: global lock (LOSS_STREAK)
2026.01.06 21:45:00;VETO;authorization denied: global lock (LOSS_STREAK)
2026.01.06 22:00:00;VETO;authorization denied: global lock (LOSS_STREAK)
2026.01.06 22:15:00;VETO;authorization denied: global lock (LOSS_STREAK)
2026.01.07 01:15:00;DECISION;setup LONG score=0.65 entry=4497.44 inv=4477.44 tgt=0.00 [CHoCH long lvl=4496.89|RelVol=2.53|VPnode d=0.56|VWAPside]
2026.01.07 01:15:00;VETO;authorization denied: outside session window (server hour 01, window 03-20)
2026.01.07 01:30:00;VETO;authorization denied: outside session window (server hour 01, window 03-20)
2026.01.07 01:45:00;VETO;authorization denied: outside session window (server hour 01, window 03-20)
2026.01.07 02:00:00;VETO;authorization denied: outside session window (server hour 02, window 03-20)
2026.01.07 03:15:00;VETO;signal rejected: score 0.40 < 0.45 [CHoCH short lvl=4477.44|RelVol=1.29|VWAPside]
2026.01.07 07:45:00;DECISION;setup SHORT score=0.50 entry=4452.40 inv=4480.23 tgt=0.00 [BOS short lvl=4459.69|RelVol=1.66|VWAPside|ADX=38]
2026.01.07 07:45:00;ORDER;filled SELL 0.03 lots sl=4480.23 tp=4396.74 [WT|BOS|0.50]
2026.01.07 07:45:00;RISK;sizing: vol_ratio=0.88 scalar=1.00 gap_buf=0.00000 eff_stop=27.83000
2026.01.07 07:45:00;ORDER;entry fill deal #18 SELL 0.03 @ 4452.40000
2026.01.07 13:45:00;DECISION;setup SHORT score=0.85 entry=4450.51 inv=4467.91 tgt=0.00 [BOS short lvl=4458.79|RelVol=0.29|VPnode d=2.49|VWAPside|CycleTurn w=0.78<-0.99]
2026.01.07 13:45:00;VETO;risk veto: max positions
2026.01.07 17:15:00;DECISION;setup SHORT score=0.80 entry=4426.71 inv=4454.34 tgt=0.00 [BOS short lvl=4427.91|RelVol=1.06|VPnear|VWAPside|CycleTurn w=0.68<-1.00|ADX=39]
2026.01.07 17:15:00;VETO;risk veto: max positions
2026.01.07 17:16:40;MANAGE;#18 SL 4480.23 -> 4452.36 breakeven
2026.01.07 17:16:59;MANAGE;#18 SL 4452.36 -> 4449.76 trail
2026.01.07 17:17:40;MANAGE;#18 SL 4449.76 -> 4447.17 trail
2026.01.07 17:31:40;RISK;deal closed pnl=15.69 streak=0 lock=0
2026.01.07 18:30:00;DECISION;setup LONG score=0.60 entry=4457.92 inv=4423.48 tgt=0.00 [CHoCH long lvl=4454.34|RelVol=0.94|VPnear|CycleTurn w=0.69<--0.16]
2026.01.07 18:30:00;ORDER;filled BUY 0.02 lots sl=4423.48 tp=4526.92 [WT|CHOCH|0.60]
2026.01.07 18:30:00;RISK;sizing: vol_ratio=1.61 scalar=1.00 gap_buf=0.00000 eff_stop=34.48000
2026.01.07 18:30:00;ORDER;entry fill deal #20 BUY 0.02 @ 4457.96000
2026.01.08 01:30:00;DECISION;setup LONG score=0.85 entry=4461.97 inv=4449.74 tgt=0.00 [BOS long lvl=4461.55|RelVol=1.58|VPnode d=0.27|VWAPside|CycleTurn w=0.22<--0.80]
2026.01.08 01:30:00;VETO;authorization denied: outside session window (server hour 01, window 03-20)
2026.01.08 01:45:00;VETO;authorization denied: outside session window (server hour 01, window 03-20)
2026.01.08 02:00:00;VETO;authorization denied: outside session window (server hour 02, window 03-20)
2026.01.08 02:15:00;VETO;authorization denied: outside session window (server hour 02, window 03-20)
2026.01.08 03:45:00;DECISION;setup SHORT score=0.65 entry=4447.56 inv=4466.37 tgt=0.00 [CHoCH short lvl=4449.74|RelVol=1.12|VPnode d=1.24|VWAPside]
2026.01.08 03:45:00;VETO;risk veto: max positions
2026.01.08 06:45:00;DECISION;setup SHORT score=0.75 entry=4432.05 inv=4446.48 tgt=0.00 [BOS short lvl=4433.46|RelVol=1.05|VPnode d=4.75|VWAPside|ADX=40]
2026.01.08 06:45:00;VETO;risk veto: max positions
2026.01.08 07:16:40;RISK;deal closed pnl=-69.72 streak=1 lock=0
2026.01.08 14:00:00;DECISION;setup SHORT score=0.95 entry=4422.84 inv=4434.88 tgt=0.00 [BOS short lvl=4423.06|RelVol=0.97|VPnode d=3.44|VWAPside|CycleTurn w=0.78<-0.94|ADX=33]
2026.01.08 14:00:00;ORDER;filled SELL 0.08 lots sl=4434.88 tp=4398.82 [WT|BOS|0.95]
2026.01.08 14:00:00;RISK;sizing: vol_ratio=0.80 scalar=1.00 gap_buf=0.00000 eff_stop=12.02000
2026.01.08 14:00:00;ORDER;entry fill deal #22 SELL 0.08 @ 4422.86000
2026.01.08 14:15:40;MANAGE;#22 SL 4434.88 -> 4422.82 breakeven
2026.01.08 14:16:20;MANAGE;#22 SL 4422.82 -> 4420.53 trail
2026.01.08 14:26:40;RISK;deal closed pnl=18.64 streak=0 lock=0
2026.01.08 17:15:00;DECISION;setup LONG score=0.65 entry=4447.98 inv=4419.16 tgt=0.00 [CHoCH long lvl=4436.03|RelVol=1.06|VPnode d=8.58|VWAPside]
2026.01.08 17:15:00;ORDER;filled BUY 0.03 lots sl=4419.16 tp=4505.77 [WT|CHOCH|0.65]
2026.01.08 17:15:00;RISK;sizing: vol_ratio=1.42 scalar=1.00 gap_buf=0.00000 eff_stop=28.87000
2026.01.08 17:15:00;ORDER;entry fill deal #24 BUY 0.03 @ 4448.03000
2026.01.08 22:30:00;DECISION;setup LONG score=0.60 entry=4469.97 inv=4444.65 tgt=0.00 [BOS long lvl=4465.39|RelVol=1.19|VWAPside|CycleTurn w=-0.88<--0.98]
2026.01.08 22:30:00;VETO;authorization denied: outside session window (server hour 22, window 03-20)
2026.01.08 22:34:20;MANAGE;#24 SL 4419.16 -> 4448.07 breakeven
2026.01.08 22:34:40;MANAGE;#24 SL 4448.07 -> 4461.92 trail
2026.01.08 22:34:59;MANAGE;#24 SL 4461.92 -> 4462.93 trail
2026.01.08 22:35:40;MANAGE;#24 SL 4462.93 -> 4464.66 trail
2026.01.08 22:36:40;MANAGE;#24 SL 4464.66 -> 4464.90 trail
2026.01.08 22:45:00;VETO;authorization denied: outside session window (server hour 22, window 03-20)
2026.01.08 23:00:00;VETO;authorization denied: outside session window (server hour 23, window 03-20)
2026.01.08 23:00:40;ERROR;modify #24 sl=4465.86 tp=4505.77 rejected rc=10018
2026.01.08 23:02:40;ERROR;modify #24 sl=4465.46 tp=4505.77 rejected rc=10018
2026.01.08 23:03:40;ERROR;modify #24 sl=4465.78 tp=4505.77 rejected rc=10018
2026.01.08 23:04:20;ERROR;modify #24 sl=4465.45 tp=4505.77 rejected rc=10018
2026.01.08 23:05:20;ERROR;modify #24 sl=4465.28 tp=4505.77 rejected rc=10018
2026.01.08 23:07:40;ERROR;modify #24 sl=4465.05 tp=4505.77 rejected rc=10018
2026.01.08 23:08:20;ERROR;modify #24 sl=4465.41 tp=4505.77 rejected rc=10018
2026.01.08 23:09:40;ERROR;modify #24 sl=4465.73 tp=4505.77 rejected rc=10018
2026.01.08 23:10:20;ERROR;modify #24 sl=4465.99 tp=4505.77 rejected rc=10018
2026.01.08 23:10:59;ERROR;modify #24 sl=4465.22 tp=4505.77 rejected rc=10018
2026.01.08 23:15:00;VETO;authorization denied: outside session window (server hour 23, window 03-20)
2026.01.08 23:15:20;ERROR;modify #24 sl=4465.25 tp=4505.77 rejected rc=10018
2026.01.08 23:52:40;ERROR;modify #24 sl=4465.58 tp=4505.77 rejected rc=10018
2026.01.08 23:53:20;ERROR;modify #24 sl=4465.34 tp=4505.77 rejected rc=10018
2026.01.08 23:53:59;ERROR;modify #24 sl=4465.88 tp=4505.77 rejected rc=10018
2026.01.08 23:55:20;ERROR;modify #24 sl=4465.38 tp=4505.77 rejected rc=10018
2026.01.08 23:58:40;ERROR;modify #24 sl=4465.61 tp=4505.77 rejected rc=10018
2026.01.08 23:59:40;ERROR;modify #24 sl=4465.62 tp=4505.77 rejected rc=10018
2026.01.09 01:00:00;MANAGE;#24 SL 4464.90 -> 4465.69 trail
2026.01.09 01:00:40;MANAGE;#24 SL 4465.69 -> 4471.17 trail
2026.01.09 01:02:20;MANAGE;#24 SL 4471.17 -> 4471.81 trail
2026.01.09 02:14:40;RISK;deal closed pnl=70.96 streak=0 lock=0
2026.01.09 14:45:00;DECISION;setup SHORT score=0.85 entry=4466.04 inv=4477.63 tgt=0.00 [CHoCH short lvl=4467.10|RelVol=0.92|VPnode d=1.44|VWAPside|CycleTurn w=-0.39<--0.16]
2026.01.09 14:45:00;ORDER;filled SELL 0.08 lots sl=4477.63 tp=4442.86 [WT|CHOCH|0.85]
2026.01.09 14:45:00;RISK;sizing: vol_ratio=0.76 scalar=1.00 gap_buf=0.00000 eff_stop=11.59000
2026.01.09 14:45:00;ORDER;entry fill deal #26 SELL 0.08 @ 4466.04000
2026.01.09 15:31:40;RISK;deal closed pnl=-92.72 streak=1 lock=0
2026.01.09 15:45:00;DECISION;setup LONG score=0.70 entry=4486.95 inv=4461.04 tgt=0.00 [CHoCH long lvl=4480.45|RelVol=1.52|VPnear|VWAPside|CycleTurn w=-0.82<--0.99]
2026.01.09 15:45:00;ORDER;filled BUY 0.03 lots sl=4461.04 tp=4538.98 [WT|CHOCH|0.70]
2026.01.09 15:45:00;RISK;sizing: vol_ratio=1.15 scalar=1.00 gap_buf=0.00000 eff_stop=25.98000
2026.01.09 15:45:00;ORDER;entry fill deal #28 BUY 0.03 @ 4487.02000
2026.01.09 17:38:40;MANAGE;#28 SL 4461.04 -> 4487.06 breakeven
2026.01.09 17:38:59;MANAGE;#28 SL 4487.06 -> 4487.29 trail
2026.01.09 17:39:40;MANAGE;#28 SL 4487.29 -> 4489.87 trail
2026.01.09 17:41:40;MANAGE;#28 SL 4489.87 -> 4490.18 trail
2026.01.09 17:42:20;MANAGE;#28 SL 4490.18 -> 4491.40 trail
2026.01.09 19:53:40;RISK;deal closed pnl=13.14 streak=0 lock=0
2026.01.09 22:15:00;DECISION;setup LONG score=0.60 entry=4506.74 inv=4481.98 tgt=0.00 [BOS long lvl=4504.55|RelVol=0.87|VWAPside|CycleTurn w=-0.97<--0.99]
2026.01.09 22:15:00;VETO;authorization denied: outside session window (server hour 22, window 03-20)
2026.01.09 22:30:00;VETO;authorization denied: outside session window (server hour 22, window 03-20)
2026.01.09 22:45:00;VETO;authorization denied: outside session window (server hour 22, window 03-20)
2026.01.09 23:00:00;VETO;authorization denied: outside session window (server hour 23, window 03-20)
2026.01.12 10:00:00;DECISION;setup LONG score=0.85 entry=4587.82 inv=4569.79 tgt=0.00 [BOS long lvl=4584.95|RelVol=0.91|VPnode d=2.02|VWAPside|CycleTurn w=-0.95<--0.97]
2026.01.12 10:00:00;ORDER;filled BUY 0.05 lots sl=4569.79 tp=4624.00 [WT|BOS|0.85]
2026.01.12 10:00:00;RISK;sizing: vol_ratio=0.83 scalar=1.00 gap_buf=0.00000 eff_stop=18.07000
2026.01.12 10:00:00;ORDER;entry fill deal #30 BUY 0.05 @ 4587.86000
2026.01.12 11:00:00;DECISION;setup LONG score=0.60 entry=4596.83 inv=4569.79 tgt=0.00 [BOS long lvl=4589.64|RelVol=1.30|VPnear|VWAPside|ADX=31]
2026.01.12 11:00:00;VETO;risk veto: max positions
2026.01.12 13:30:00;VETO;signal rejected: score 0.40 < 0.45 [CHoCH short lvl=4586.06|RelVol=1.07|VPnear]
2026.01.12 15:12:40;MANAGE;#30 SL 4569.79 -> 4587.90 breakeven
2026.01.12 15:12:59;MANAGE;#30 SL 4587.90 -> 4594.74 trail
2026.01.12 15:13:40;MANAGE;#30 SL 4594.74 -> 4596.39 trail
2026.01.12 15:15:00;DECISION;setup LONG score=0.70 entry=4606.56 inv=4578.43 tgt=0.00 [CHoCH long lvl=4595.46|RelVol=1.21|VPnear|VWAPside|CycleTurn w=-0.95<--1.00]
2026.01.12 15:15:00;VETO;risk veto: max positions
2026.01.12 15:40:40;MANAGE;#30 SL 4596.39 -> 4597.98 trail
2026.01.12 15:48:20;MANAGE;#30 SL 4597.98 -> 4599.05 trail
2026.01.12 15:49:40;MANAGE;#30 SL 4599.05 -> 4599.72 trail
2026.01.12 15:50:40;MANAGE;#30 SL 4599.72 -> 4600.91 trail
2026.01.12 15:51:40;MANAGE;#30 SL 4600.91 -> 4602.77 trail
2026.01.12 15:52:20;MANAGE;#30 SL 4602.77 -> 4602.97 trail
2026.01.12 15:54:40;MANAGE;#30 SL 4602.97 -> 4604.56 trail
2026.01.12 15:55:20;MANAGE;#30 SL 4604.56 -> 4604.84 trail
2026.01.12 16:03:40;RISK;deal closed pnl=84.90 streak=0 lock=0
2026.01.12 17:45:00;DECISION;setup LONG score=0.70 entry=4623.71 inv=4584.92 tgt=0.00 [BOS long lvl=4620.32|RelVol=0.86|VWAPside|CycleTurn w=0.72<-0.09|ADX=35]
2026.01.12 17:45:00;ORDER;filled BUY 0.02 lots sl=4584.92 tp=4701.08 [WT|BOS|0.70]
2026.01.12 17:45:00;RISK;sizing: vol_ratio=1.35 scalar=1.00 gap_buf=0.00000 eff_stop=38.72000
2026.01.12 17:45:00;ORDER;entry fill deal #32 BUY 0.02 @ 4623.64000
2026.01.12 20:30:00;DECISION;setup SHORT score=0.55 entry=4605.64 inv=4630.13 tgt=0.00 [CHoCH short lvl=4607.89|RelVol=1.09|VPnode d=1.36]
2026.01.12 20:30:00;VETO;authorization denied: outside session window (server hour 20, window 03-20)
2026.01.12 20:45:00;VETO;authorization denied: outside session window (server hour 20, window 03-20)
2026.01.12 21:00:00;VETO;authorization denied: outside session window (server hour 21, window 03-20)
2026.01.12 21:15:00;VETO;authorization denied: outside session window (server hour 21, window 03-20)
2026.01.12 22:45:00;VETO;signal rejected: score 0.30 < 0.45 [BOS short lvl=4600.55|RelVol=1.08]
2026.01.13 01:12:40;RISK;deal closed pnl=-77.69 streak=1 lock=0
2026.01.13 04:00:00;DECISION;setup SHORT score=0.75 entry=4577.90 inv=4607.74 tgt=0.00 [BOS short lvl=4578.11|RelVol=1.22|VPnode d=2.30|VWAPside|ADX=31]
2026.01.13 04:00:00;ORDER;filled SELL 0.03 lots sl=4607.74 tp=4518.22 [WT|BOS|0.75]
2026.01.13 04:00:00;RISK;sizing: vol_ratio=1.15 scalar=1.00 gap_buf=0.00000 eff_stop=29.84000
2026.01.13 04:00:00;ORDER;entry fill deal #34 SELL 0.03 @ 4577.90000
2026.01.13 07:30:00;DECISION;setup LONG score=0.65 entry=4601.43 inv=4592.49 tgt=0.00 [CHoCH long lvl=4599.75|RelVol=0.68|VPnode d=2.03|VWAPside]
2026.01.13 07:30:00;VETO;risk veto: max positions
2026.01.13 08:00:00;DECISION;setup SHORT score=0.75 entry=4592.01 inv=4600.93 tgt=0.00 [CHoCH short lvl=4592.49|RelVol=0.76|StopFloored|VPnode d=1.69|CycleTurn w=0.97<-0.99]
2026.01.13 08:00:00;VETO;risk veto: max positions
2026.01.13 15:00:00;DECISION;setup LONG score=0.65 entry=4593.22 inv=4580.42 tgt=0.00 [CHoCH long lvl=4592.01|RelVol=1.14|VPnode d=0.18|VWAPside]
2026.01.13 15:00:00;VETO;risk veto: max positions
2026.01.13 15:30:40;RISK;deal closed pnl=-89.52 streak=2 lock=0
2026.01.13 18:30:00;DECISION;setup SHORT score=0.75 entry=4598.56 inv=4634.60 tgt=0.00 [CHoCH short lvl=4600.90|RelVol=1.13|VPnode d=6.24|CycleTurn w=-0.47<-0.61]
2026.01.13 18:30:00;ORDER;filled SELL 0.02 lots sl=4634.60 tp=4526.48 [WT|CHOCH|0.75]
2026.01.13 18:30:00;RISK;sizing: vol_ratio=1.56 scalar=1.00 gap_buf=0.00000 eff_stop=36.04000
2026.01.13 18:30:00;ORDER;entry fill deal #36 SELL 0.02 @ 4598.56000
2026.01.13 20:00:00;DECISION;setup SHORT score=0.65 entry=4590.38 inv=4616.03 tgt=0.00 [BOS short lvl=4593.07|RelVol=1.41|VPnode d=4.28|VWAPside]
2026.01.13 20:00:00;VETO;authorization denied: outside session window (server hour 20, window 03-20)
2026.01.13 20:15:00;VETO;authorization denied: outside session window (server hour 20, window 03-20)
2026.01.13 20:30:00;VETO;authorization denied: outside session window (server hour 20, window 03-20)
2026.01.13 20:45:00;VETO;authorization denied: outside session window (server hour 20, window 03-20)
2026.01.14 02:15:00;DECISION;setup LONG score=0.65 entry=4605.26 inv=4569.58 tgt=0.00 [CHoCH long lvl=4598.99|RelVol=1.45|VPnode d=5.46|VWAPside]
2026.01.14 02:15:00;VETO;authorization denied: outside session window (server hour 02, window 03-20)
2026.01.14 02:30:00;VETO;authorization denied: outside session window (server hour 02, window 03-20)
2026.01.14 02:45:00;VETO;authorization denied: outside session window (server hour 02, window 03-20)
2026.01.14 03:00:00;VETO;risk veto: max positions
2026.01.14 07:01:40;RISK;deal closed pnl=-72.17 streak=1 lock=0
2026.01.14 15:00:00;DECISION;setup LONG score=0.85 entry=4638.71 inv=4626.08 tgt=0.00 [BOS long lvl=4638.21|RelVol=1.21|VPnode d=0.29|VWAPside|CycleTurn w=-0.88<--0.94]
2026.01.14 15:00:00;ORDER;filled BUY 0.07 lots sl=4626.08 tp=4664.09 [WT|BOS|0.85]
2026.01.14 15:00:00;RISK;sizing: vol_ratio=0.75 scalar=1.00 gap_buf=0.00000 eff_stop=12.67000
2026.01.14 15:00:00;ORDER;entry fill deal #38 BUY 0.07 @ 4638.75000
2026.01.14 15:30:40;RISK;deal closed pnl=-88.69 streak=2 lock=0
2026.01.14 16:45:00;DECISION;setup SHORT score=0.65 entry=4618.93 inv=4641.92 tgt=0.00 [CHoCH short lvl=4624.11|RelVol=1.07|VPnode d=3.27|VWAPside]
2026.01.14 16:45:00;ORDER;filled SELL 0.04 lots sl=4641.92 tp=4572.80 [WT|CHOCH|0.65]
2026.01.14 16:45:00;RISK;sizing: vol_ratio=1.02 scalar=1.00 gap_buf=0.00000 eff_stop=23.04000
2026.01.14 16:45:00;ORDER;entry fill deal #40 SELL 0.04 @ 4618.88000
2026.01.14 20:30:00;DECISION;setup LONG score=0.85 entry=4628.27 inv=4601.18 tgt=0.00 [CHoCH long lvl=4624.79|RelVol=1.36|VPnode d=6.63|VWAPside|CycleTurn w=-0.55<--0.97]
2026.01.14 20:30:00;VETO;authorization denied: outside session window (server hour 20, window 03-20)
2026.01.14 20:45:00;VETO;authorization denied: outside session window (server hour 20, window 03-20)
2026.01.14 21:00:00;VETO;authorization denied: outside session window (server hour 21, window 03-20)
2026.01.14 21:02:40;RISK;deal closed pnl=-92.16 streak=3 lock=2
2026.01.14 21:15:00;VETO;authorization denied: global lock (LOSS_STREAK)
2026.01.15 03:30:00;DECISION;setup SHORT score=0.50 entry=4600.46 inv=4618.13 tgt=0.00 [CHoCH short lvl=4602.82|RelVol=1.47|VPnear|VWAPside]
2026.01.15 03:30:00;ORDER;filled SELL 0.05 lots sl=4618.13 tp=4565.15 [WT|CHOCH|0.50]
2026.01.15 03:30:00;RISK;sizing: vol_ratio=1.12 scalar=1.00 gap_buf=0.00000 eff_stop=17.66000
2026.01.15 03:30:00;ORDER;entry fill deal #42 SELL 0.05 @ 4600.47000
2026.01.15 05:22:20;MANAGE;#42 SL 4618.13 -> 4600.43 breakeven
2026.01.15 08:03:40;RISK;deal closed pnl=0.20 streak=0 lock=0
2026.01.15 11:45:00;DECISION;setup LONG score=0.50 entry=4609.49 inv=4597.81 tgt=0.00 [CHoCH long lvl=4607.18|RelVol=1.40|VPnear|VWAPside]
2026.01.15 11:45:00;ORDER;filled BUY 0.08 lots sl=4597.81 tp=4632.88 [WT|CHOCH|0.50]
2026.01.15 11:45:00;RISK;sizing: vol_ratio=0.72 scalar=1.00 gap_buf=0.00000 eff_stop=11.69000
2026.01.15 11:45:00;ORDER;entry fill deal #44 BUY 0.08 @ 4609.50000
2026.01.15 13:00:40;MANAGE;#44 SL 4597.81 -> 4609.54 breakeven
2026.01.15 13:32:40;MANAGE;#44 SL 4609.54 -> 4610.08 trail
2026.01.15 13:34:40;MANAGE;#44 SL 4610.08 -> 4610.96 trail
2026.01.15 13:35:40;MANAGE;#44 SL 4610.96 -> 4612.15 trail
2026.01.15 13:37:20;MANAGE;#44 SL 4612.15 -> 4612.25 trail
2026.01.15 14:55:40;RISK;deal closed pnl=22.00 streak=0 lock=0
2026.01.15 15:45:00;DECISION;setup SHORT score=0.50 entry=4590.01 inv=4622.94 tgt=0.00 [CHoCH short lvl=4597.81|RelVol=1.20|VPnear|VWAPside]
2026.01.15 15:45:00;ORDER;filled SELL 0.02 lots sl=4622.94 tp=4524.15 [WT|CHOCH|0.50]
2026.01.15 15:45:00;RISK;sizing: vol_ratio=0.68 scalar=1.00 gap_buf=0.00000 eff_stop=32.93000
2026.01.15 15:45:00;ORDER;entry fill deal #46 SELL 0.02 @ 4590.01000
2026.01.15 18:11:40;RISK;deal closed pnl=-65.86 streak=1 lock=0
2026.01.15 22:15:00;DECISION;setup SHORT score=0.70 entry=4605.70 inv=4621.59 tgt=0.00 [BOS short lvl=4613.52|RelVol=1.06|VPnear|VWAPside|CycleTurn w=0.41<-0.94]
2026.01.15 22:15:00;VETO;authorization denied: outside session window (server hour 22, window 03-20)
2026.01.15 22:30:00;VETO;authorization denied: outside session window (server hour 22, window 03-20)
2026.01.15 22:45:00;VETO;authorization denied: outside session window (server hour 22, window 03-20)
2026.01.15 23:00:00;VETO;authorization denied: outside session window (server hour 23, window 03-20)
2026.01.16 03:00:00;DECISION;setup SHORT score=0.65 entry=4599.96 inv=4621.04 tgt=0.00 [BOS short lvl=4600.69|RelVol=0.97|VPnode d=2.44|VWAPside]
2026.01.16 03:00:00;ORDER;filled SELL 0.04 lots sl=4621.04 tp=4557.80 [WT|BOS|0.65]
2026.01.16 03:00:00;RISK;sizing: vol_ratio=0.68 scalar=1.00 gap_buf=0.00000 eff_stop=21.08000
2026.01.16 03:00:00;ORDER;entry fill deal #48 SELL 0.04 @ 4599.96000
2026.01.16 08:00:00;DECISION;setup LONG score=0.50 entry=4611.63 inv=4595.30 tgt=0.00 [CHoCH long lvl=4608.58|RelVol=0.90|VPnear|VWAPside]
2026.01.16 08:00:00;VETO;risk veto: max positions
2026.01.16 13:30:00;DECISION;setup LONG score=0.65 entry=4611.15 inv=4598.98 tgt=0.00 [BOS long lvl=4611.12|RelVol=0.86|VPnode d=2.35|VWAPside]
2026.01.16 13:30:00;VETO;risk veto: max positions
2026.01.16 15:15:00;DECISION;setup SHORT score=0.85 entry=4596.25 inv=4616.11 tgt=0.00 [CHoCH short lvl=4598.58|RelVol=1.25|VPnode d=0.25|VWAPside|CycleTurn w=-0.52<-0.52]
2026.01.16 15:15:00;VETO;risk veto: max positions
2026.01.16 17:28:40;MANAGE;#48 SL 4621.04 -> 4599.92 breakeven
2026.01.16 17:28:59;MANAGE;#48 SL 4599.92 -> 4591.10 trail
2026.01.16 17:29:40;MANAGE;#48 SL 4591.10 -> 4583.93 trail
2026.01.16 17:30:00;VETO;signal rejected: score 0.40 < 0.45 [BOS short lvl=4582.40|RelVol=1.26|VWAPside]
2026.01.16 17:31:40;RISK;deal closed pnl=168.64 streak=0 lock=0
2026.01.19 01:00:00;VETO;signal rejected: score 0.30 < 0.45 [CHoCH long lvl=4595.83|RelVol=0.95]
2026.01.19 04:00:00;DECISION;setup SHORT score=0.85 entry=4657.38 inv=4682.64 tgt=0.00 [CHoCH short lvl=4661.18|RelVol=1.15|StopFloored|VPnode d=4.22|VWAPside|CycleTurn w=0.63<-0.87]
2026.01.19 04:00:00;ORDER;filled SELL 0.03 lots sl=4682.64 tp=4606.89 [WT|CHOCH|0.85]
2026.01.19 04:00:00;RISK;sizing: vol_ratio=1.70 scalar=1.00 gap_buf=0.00000 eff_stop=25.25107
2026.01.19 04:00:00;ORDER;entry fill deal #50 SELL 0.03 @ 4657.39000
2026.01.19 08:00:00;DECISION;setup LONG score=0.65 entry=4669.91 inv=4658.18 tgt=0.00 [CHoCH long lvl=4669.85|RelVol=0.69|VPnode d=1.29|VWAPside]
2026.01.19 08:00:00;VETO;risk veto: max positions
2026.01.19 09:00:00;DECISION;setup LONG score=0.70 entry=4677.98 inv=4658.18 tgt=0.00 [BOS long lvl=4674.24|RelVol=0.77|VPnear|VWAPside|CycleTurn w=-0.99<--1.00]
2026.01.19 09:00:00;VETO;risk veto: max positions
2026.01.19 12:45:00;DECISION;setup SHORT score=0.65 entry=4661.59 inv=4672.88 tgt=0.00 [CHoCH short lvl=4661.81|RelVol=0.78|VPnode d=2.79|VWAPside]
2026.01.19 12:45:00;VETO;risk veto: max positions
2026.01.19 14:00:00;DECISION;setup SHORT score=0.65 entry=4660.68 inv=4671.21 tgt=0.00 [BOS short lvl=4661.27|RelVol=1.25|VPnode d=1.48|VWAPside]
2026.01.19 14:00:00;VETO;risk veto: max positions
2026.01.19 14:45:00;DECISION;setup LONG score=0.85 entry=4671.61 inv=4659.68 tgt=0.00 [CHoCH long lvl=4671.21|RelVol=0.63|VPnode d=0.01|VWAPside|CycleTurn w=-0.89<--0.99]
2026.01.19 14:45:00;VETO;risk veto: max positions
2026.01.19 18:00:00;DECISION;setup LONG score=0.85 entry=4674.29 inv=4661.63 tgt=0.00 [BOS long lvl=4673.81|RelVol=0.42|VPnode d=2.49|VWAPside|CycleTurn w=-0.78<--0.98]
2026.01.19 18:00:00;VETO;risk veto: max positions
2026.01.19 19:45:00;DECISION;setup LONG score=0.50 entry=4676.21 inv=4661.63 tgt=0.00 [BOS long lvl=4676.09|RelVol=0.38|VPnear|VWAPside]
2026.01.19 19:45:00;VETO;risk veto: max positions
2026.01.20 01:30:00;DECISION;setup SHORT score=0.65 entry=4666.40 inv=4680.36 tgt=0.00 [CHoCH short lvl=4669.25|RelVol=0.62|VPnode d=1.20|VWAPside]
2026.01.20 01:30:00;VETO;authorization denied: outside session window (server hour 01, window 03-20)
2026.01.20 01:45:00;VETO;authorization denied: outside session window (server hour 01, window 03-20)
2026.01.20 02:00:00;VETO;authorization denied: outside session window (server hour 02, window 03-20)
2026.01.20 02:15:00;VETO;authorization denied: outside session window (server hour 02, window 03-20)
2026.01.20 05:45:00;DECISION;setup LONG score=0.65 entry=4676.89 inv=4665.52 tgt=0.00 [CHoCH long lvl=4675.95|RelVol=0.74|VPnode d=2.69|VWAPside]
2026.01.20 05:45:00;VETO;risk veto: max positions
2026.01.20 06:18:20;RISK;deal closed pnl=-75.89 streak=1 lock=0
2026.01.20 09:30:00;DECISION;setup LONG score=0.50 entry=4718.20 inv=4665.52 tgt=0.00 [BOS long lvl=4717.01|RelVol=1.06|VWAPside|ADX=68]
2026.01.20 09:30:00;ORDER;filled BUY 0.01 lots sl=4665.52 tp=4823.86 [WT|BOS|0.50]
2026.01.20 09:30:00;RISK;sizing: vol_ratio=1.32 scalar=1.00 gap_buf=0.00000 eff_stop=52.78000
2026.01.20 09:30:00;ORDER;entry fill deal #52 BUY 0.01 @ 4718.30000
2026.01.20 15:30:00;VETO;signal rejected: score 0.40 < 0.45 [CHoCH short lvl=4721.65|RelVol=0.89|VPnear]
2026.01.20 16:00:00;DECISION;setup LONG score=0.85 entry=4737.08 inv=4721.65 tgt=0.00 [CHoCH long lvl=4735.25|RelVol=1.14|VPnode d=1.32|VWAPside|CycleTurn w=-0.99<--1.00]
2026.01.20 16:00:00;VETO;risk veto: max positions
2026.01.20 19:00:00;DECISION;setup LONG score=0.85 entry=4753.64 inv=4722.41 tgt=0.00 [BOS long lvl=4751.14|RelVol=1.04|VPnode d=5.04|VWAPside|CycleTurn w=-0.60<--0.93]
2026.01.20 19:00:00;VETO;risk veto: max positions
2026.01.20 22:30:00;VETO;signal rejected: score 0.40 < 0.45 [CHoCH short lvl=4752.87|RelVol=1.22|VPnear]
2026.01.21 01:44:40;MANAGE;#52 SL 4665.52 -> 4718.34 breakeven
2026.01.21 01:44:59;MANAGE;#52 SL 4718.34 -> 4761.88 trail
2026.01.21 01:45:00;DECISION;setup LONG score=0.60 entry=4773.64 inv=4747.47 tgt=0.00 [CHoCH long lvl=4766.20|RelVol=0.68|VWAPside|CycleTurn w=-0.96<--0.99]
2026.01.21 01:45:00;VETO;authorization denied: outside session window (server hour 01, window 03-20)
2026.01.21 01:46:40;MANAGE;#52 SL 4761.88 -> 4765.93 trail
2026.01.21 01:47:40;MANAGE;#52 SL 4765.93 -> 4767.72 trail
2026.01.21 02:00:00;VETO;authorization denied: outside session window (server hour 02, window 03-20)
2026.01.21 02:15:00;VETO;authorization denied: outside session window (server hour 02, window 03-20)
2026.01.21 02:30:00;VETO;authorization denied: outside session window (server hour 02, window 03-20)
2026.01.21 02:33:40;MANAGE;#52 SL 4767.72 -> 4769.93 trail
2026.01.21 02:34:20;MANAGE;#52 SL 4769.93 -> 4770.20 trail
2026.01.21 02:39:40;MANAGE;#52 SL 4770.20 -> 4770.44 trail
2026.01.21 02:42:40;MANAGE;#52 SL 4770.44 -> 4772.19 trail
2026.01.21 02:53:40;MANAGE;#52 SL 4772.19 -> 4772.41 trail
2026.01.21 02:56:40;MANAGE;#52 SL 4772.41 -> 4772.89 trail
2026.01.21 02:59:20;MANAGE;#52 SL 4772.89 -> 4773.51 trail
2026.01.21 03:01:40;MANAGE;#52 SL 4773.51 -> 4775.13 trail
2026.01.21 03:02:40;MANAGE;#52 SL 4775.13 -> 4776.77 trail
2026.01.21 03:04:40;MANAGE;#52 SL 4776.77 -> 4781.86 trail
2026.01.21 03:06:40;MANAGE;#52 SL 4781.86 -> 4784.02 trail
2026.01.21 03:07:40;MANAGE;#52 SL 4784.02 -> 4784.65 trail
2026.01.21 03:08:00;MANAGE;#52 SL 4784.65 -> 4784.80 trail
2026.01.21 03:08:40;MANAGE;#52 SL 4784.80 -> 4787.02 trail
2026.01.21 03:10:40;MANAGE;#52 SL 4787.02 -> 4787.24 trail
2026.01.21 03:11:40;MANAGE;#52 SL 4787.24 -> 4787.77 trail
2026.01.21 03:13:40;MANAGE;#52 SL 4787.77 -> 4793.16 trail
2026.01.21 03:14:40;MANAGE;#52 SL 4793.16 -> 4796.89 trail
2026.01.21 03:19:40;MANAGE;#52 SL 4796.89 -> 4797.94 trail
2026.01.21 03:20:40;MANAGE;#52 SL 4797.94 -> 4800.01 trail
2026.01.21 03:21:40;MANAGE;#52 SL 4800.01 -> 4800.12 trail
2026.01.21 03:24:40;MANAGE;#52 SL 4800.12 -> 4802.11 trail
2026.01.21 03:25:20;MANAGE;#52 SL 4802.11 -> 4803.13 trail
2026.01.21 03:26:40;MANAGE;#52 SL 4803.13 -> 4803.66 trail
2026.01.21 03:27:40;MANAGE;#52 SL 4803.66 -> 4806.79 trail
2026.01.21 03:28:40;RISK;deal closed pnl=105.43 streak=0 lock=0
2026.01.21 06:30:00;DECISION;setup LONG score=0.75 entry=4849.85 inv=4747.47 tgt=0.00 [BOS long lvl=4849.75|RelVol=1.57|VPnode d=2.75|VWAPside|ADX=56]
2026.01.21 06:30:00;VETO;risk veto: size 0.00 < broker min 0.01 (risk too small for stop)
2026.01.21 15:45:00;DECISION;setup LONG score=0.85 entry=4877.28 inv=4855.25 tgt=0.00 [BOS long lvl=4871.57|RelVol=0.73|VPnode d=1.52|VWAPside|CycleTurn w=-0.95<--0.99]
2026.01.21 15:45:00;ORDER;filled BUY 0.04 lots sl=4855.25 tp=4921.46 [WT|BOS|0.85]
2026.01.21 15:45:00;RISK;sizing: vol_ratio=0.77 scalar=1.00 gap_buf=0.00000 eff_stop=22.07000
2026.01.21 15:45:00;ORDER;entry fill deal #54 BUY 0.04 @ 4877.32000
2026.01.21 16:04:40;RISK;deal closed pnl=-88.28 streak=1 lock=0
2026.01.21 16:15:00;DECISION;setup SHORT score=0.50 entry=4844.66 inv=4871.57 tgt=0.00 [CHoCH short lvl=4855.25|RelVol=1.31|VPnear|VWAPside]
2026.01.21 16:15:00;ORDER;filled SELL 0.03 lots sl=4871.57 tp=4790.84 [WT|CHOCH|0.50]
2026.01.21 16:15:00;RISK;sizing: vol_ratio=1.02 scalar=1.00 gap_buf=0.00000 eff_stop=26.91000
2026.01.21 16:15:00;ORDER;entry fill deal #56 SELL 0.03 @ 4844.66000
2026.01.21 16:39:40;RISK;deal closed pnl=-80.73 streak=2 lock=0
2026.01.21 17:30:00;DECISION;setup SHORT score=0.65 entry=4831.09 inv=4880.95 tgt=0.00 [BOS short lvl=4839.36|RelVol=1.36|VPnode d=4.51|VWAPside]
2026.01.21 17:30:00;ORDER;filled SELL 0.01 lots sl=4880.95 tp=4731.37 [WT|BOS|0.65]
2026.01.21 17:30:00;RISK;sizing: vol_ratio=1.52 scalar=1.00 gap_buf=0.00000 eff_stop=49.86000
2026.01.21 17:30:00;ORDER;entry fill deal #58 SELL 0.01 @ 4831.09000
2026.01.21 19:45:00;DECISION;setup SHORT score=0.50 entry=4809.95 inv=4880.95 tgt=0.00 [BOS short lvl=4812.84|RelVol=1.94|VPnear|VWAPside]
2026.01.21 19:45:00;VETO;risk veto: max positions
2026.01.21 21:36:40;MANAGE;#58 SL 4880.95 -> 4831.05 breakeven
2026.01.21 21:36:59;MANAGE;#58 SL 4831.05 -> 4815.82 trail
2026.01.21 21:37:40;MANAGE;#58 SL 4815.82 -> 4811.07 trail
2026.01.21 21:38:20;MANAGE;#58 SL 4811.07 -> 4809.02 trail
2026.01.21 21:39:40;MANAGE;#58 SL 4809.02 -> 4807.72 trail
2026.01.21 21:40:20;MANAGE;#58 SL 4807.72 -> 4803.28 trail
2026.01.21 21:44:40;MANAGE;#58 SL 4803.28 -> 4800.51 trail
2026.01.21 21:45:00;DECISION;setup SHORT score=0.60 entry=4765.88 inv=4880.95 tgt=0.00 [BOS short lvl=4802.53|RelVol=3.54|VWAPside|CycleTurn w=0.79<-0.96]
2026.01.21 21:45:00;VETO;authorization denied: outside session window (server hour 21, window 03-20)
2026.01.21 21:51:40;MANAGE;#58 SL 4800.51 -> 4796.90 trail
2026.01.21 22:00:00;VETO;authorization denied: outside session window (server hour 22, window 03-20)
2026.01.21 22:15:00;VETO;authorization denied: outside session window (server hour 22, window 03-20)
2026.01.21 22:20:40;RISK;deal closed pnl=34.19 streak=0 lock=0
2026.01.21 22:30:00;VETO;authorization denied: outside session window (server hour 22, window 03-20)
2026.01.22 07:45:00;DECISION;setup LONG score=0.65 entry=4800.76 inv=4774.77 tgt=0.00 [CHoCH long lvl=4800.44|RelVol=0.77|VPnode d=1.16|VWAPside]
2026.01.22 07:45:00;ORDER;filled BUY 0.03 lots sl=4774.77 tp=4852.86 [WT|CHOCH|0.65]
2026.01.22 07:45:00;RISK;sizing: vol_ratio=0.51 scalar=1.00 gap_buf=0.00000 eff_stop=26.03000
2026.01.22 07:45:00;ORDER;entry fill deal #60 BUY 0.03 @ 4800.80000
2026.01.22 08:24:40;MANAGE;#60 SL 4774.77 -> 4800.84 breakeven
2026.01.22 08:24:59;MANAGE;#60 SL 4800.84 -> 4812.10 trail
2026.01.22 08:25:40;MANAGE;#60 SL 4812.10 -> 4813.52 trail
2026.01.22 08:26:20;MANAGE;#60 SL 4813.52 -> 4813.84 trail
2026.01.22 09:02:40;MANAGE;#60 SL 4813.84 -> 4815.72 trail
2026.01.22 09:03:40;MANAGE;#60 SL 4815.72 -> 4816.42 trail
2026.01.22 09:04:40;MANAGE;#60 SL 4816.42 -> 4816.56 trail
2026.01.22 09:05:40;MANAGE;#60 SL 4816.56 -> 4816.88 trail
2026.01.22 09:06:40;MANAGE;#60 SL 4816.88 -> 4819.23 trail
2026.01.22 09:07:20;MANAGE;#60 SL 4819.23 -> 4820.42 trail
2026.01.22 09:16:40;MANAGE;#60 SL 4820.42 -> 4821.64 trail
2026.01.22 09:19:40;MANAGE;#60 SL 4821.64 -> 4822.17 trail
2026.01.22 09:28:40;MANAGE;#60 SL 4822.17 -> 4822.81 trail
2026.01.22 09:43:20;MANAGE;#60 SL 4822.81 -> 4823.53 trail
2026.01.22 10:32:40;RISK;deal closed pnl=68.19 streak=0 lock=0
2026.01.22 11:45:00;DECISION;setup SHORT score=0.75 entry=4816.26 inv=4839.00 tgt=0.00 [CHoCH short lvl=4822.32|RelVol=1.38|VPnode d=4.34|CycleTurn w=-0.33<-0.84]
2026.01.22 11:45:00;ORDER;filled SELL 0.04 lots sl=4839.00 tp=4770.78 [WT|CHOCH|0.75]
2026.01.22 11:45:00;RISK;sizing: vol_ratio=0.58 scalar=1.00 gap_buf=0.00000 eff_stop=22.74000
2026.01.22 11:45:00;ORDER;entry fill deal #62 SELL 0.04 @ 4816.26000
2026.01.22 15:45:00;VETO;signal rejected: score 0.30 < 0.45 [BOS short lvl=4813.97|RelVol=0.86]
2026.01.22 16:32:40;RISK;deal closed pnl=-90.96 streak=1 lock=0
2026.01.22 16:45:00;DECISION;setup LONG score=0.85 entry=4845.79 inv=4810.70 tgt=0.00 [CHoCH long lvl=4835.22|RelVol=0.90|VPnode d=0.01|VWAPside|CycleTurn w=-0.85<--0.99]
2026.01.22 16:45:00;ORDER;filled BUY 0.02 lots sl=4810.70 tp=4916.33 [WT|CHOCH|0.85]
2026.01.22 16:45:00;RISK;sizing: vol_ratio=0.69 scalar=1.00 gap_buf=0.00000 eff_stop=35.21000
2026.01.22 16:45:00;ORDER;entry fill deal #64 BUY 0.02 @ 4845.91000
2026.01.22 18:37:40;MANAGE;#64 SL 4810.70 -> 4845.95 breakeven
2026.01.22 18:37:59;MANAGE;#64 SL 4845.95 -> 4856.88 trail
2026.01.22 18:38:40;MANAGE;#64 SL 4856.88 -> 4860.56 trail
2026.01.22 18:50:40;MANAGE;#64 SL 4860.56 -> 4860.74 trail
2026.01.22 18:51:20;MANAGE;#64 SL 4860.74 -> 4860.90 trail
2026.01.22 19:22:40;MANAGE;#64 SL 4860.90 -> 4866.70 trail
2026.01.22 19:23:20;MANAGE;#64 SL 4866.70 -> 4867.43 trail
2026.01.22 19:27:40;MANAGE;#64 SL 4867.43 -> 4868.70 trail
2026.01.22 19:28:20;MANAGE;#64 SL 4868.70 -> 4869.54 trail
2026.01.22 19:34:40;MANAGE;#64 SL 4869.54 -> 4871.29 trail
2026.01.22 19:35:20;MANAGE;#64 SL 4871.29 -> 4871.92 trail
2026.01.22 19:42:40;MANAGE;#64 SL 4871.92 -> 4872.93 trail
2026.01.22 19:43:40;MANAGE;#64 SL 4872.93 -> 4874.23 trail
2026.01.22 19:46:40;MANAGE;#64 SL 4874.23 -> 4874.33 trail
2026.01.22 19:47:20;MANAGE;#64 SL 4874.33 -> 4874.71 trail
2026.01.22 19:48:40;MANAGE;#64 SL 4874.71 -> 4875.45 trail
2026.01.22 19:49:40;MANAGE;#64 SL 4875.45 -> 4879.11 trail
2026.01.22 19:54:40;MANAGE;#64 SL 4879.11 -> 4879.81 trail
2026.01.22 19:56:20;MANAGE;#64 SL 4879.81 -> 4880.20 trail
2026.01.22 19:57:40;MANAGE;#64 SL 4880.20 -> 4880.46 trail
2026.01.22 20:01:40;MANAGE;#64 SL 4880.46 -> 4882.21 trail
2026.01.22 20:02:20;MANAGE;#64 SL 4882.21 -> 4882.42 trail
2026.01.22 20:03:40;MANAGE;#64 SL 4882.42 -> 4885.27 trail
2026.01.22 20:08:40;MANAGE;#64 SL 4885.27 -> 4887.33 trail
2026.01.22 20:10:40;MANAGE;#64 SL 4887.33 -> 4888.70 trail
2026.01.22 20:12:20;MANAGE;#64 SL 4888.70 -> 4889.05 trail
2026.01.22 20:35:40;MANAGE;#64 SL 4889.05 -> 4889.74 trail
2026.01.22 20:37:40;MANAGE;#64 SL 4889.74 -> 4890.31 trail
2026.01.22 20:38:40;MANAGE;#64 SL 4890.31 -> 4891.07 trail
2026.01.22 20:49:40;RISK;deal closed pnl=140.84 streak=0 lock=0
2026.01.22 22:15:00;DECISION;setup LONG score=0.50 entry=4925.91 inv=4869.86 tgt=0.00 [BOS long lvl=4924.39|RelVol=0.80|VWAPside|ADX=54]
2026.01.22 22:15:00;VETO;authorization denied: outside session window (server hour 22, window 03-20)
2026.01.22 22:30:00;VETO;authorization denied: outside session window (server hour 22, window 03-20)
2026.01.22 22:45:00;VETO;authorization denied: outside session window (server hour 22, window 03-20)
2026.01.22 23:00:00;VETO;authorization denied: outside session window (server hour 23, window 03-20)
2026.01.22 23:45:00;DECISION;setup LONG score=0.50 entry=4938.92 inv=4906.01 tgt=0.00 [BOS long lvl=4928.50|RelVol=1.66|VWAPside|ADX=36]
2026.01.22 23:45:00;VETO;authorization denied: outside session window (server hour 23, window 03-20)
2026.01.23 01:00:00;VETO;authorization denied: outside session window (server hour 01, window 03-20)
2026.01.23 01:15:00;VETO;authorization denied: outside session window (server hour 01, window 03-20)
2026.01.23 01:30:00;VETO;authorization denied: outside session window (server hour 01, window 03-20)
2026.01.23 10:00:00;DECISION;setup SHORT score=0.65 entry=4944.43 inv=4967.30 tgt=0.00 [CHoCH short lvl=4945.59|RelVol=1.07|VPnode d=3.37|VWAPside]
2026.01.23 10:00:00;ORDER;filled SELL 0.04 lots sl=4967.30 tp=4898.69 [WT|CHOCH|0.65]
2026.01.23 10:00:00;RISK;sizing: vol_ratio=0.75 scalar=1.00 gap_buf=0.00000 eff_stop=22.87000
2026.01.23 10:00:00;ORDER;entry fill deal #66 SELL 0.04 @ 4944.43000
2026.01.23 10:24:40;MANAGE;#66 SL 4967.30 -> 4944.39 breakeven
2026.01.23 10:24:59;MANAGE;#66 SL 4944.39 -> 4935.13 trail
2026.01.23 10:25:40;MANAGE;#66 SL 4935.13 -> 4927.54 trail
2026.01.23 10:26:40;MANAGE;#66 SL 4927.54 -> 4926.00 trail
2026.01.23 10:27:40;MANAGE;#66 SL 4926.00 -> 4920.19 trail
2026.01.23 10:28:20;MANAGE;#66 SL 4920.19 -> 4915.62 trail
2026.01.23 10:30:40;RISK;deal closed pnl=115.24 streak=0 lock=0
2026.01.23 14:15:00;DECISION;setup LONG score=0.55 entry=4933.89 inv=4912.21 tgt=0.00 [CHoCH long lvl=4932.45|RelVol=1.09|VPnode d=4.49]
2026.01.23 14:15:00;ORDER;filled BUY 0.04 lots sl=4912.21 tp=4977.37 [WT|CHOCH|0.55]
2026.01.23 14:15:00;RISK;sizing: vol_ratio=1.01 scalar=1.00 gap_buf=0.00000 eff_stop=21.72000
2026.01.23 14:15:00;ORDER;entry fill deal #68 BUY 0.04 @ 4933.93000
2026.01.23 16:51:40;MANAGE;#68 SL 4912.21 -> 4933.97 breakeven
2026.01.23 16:52:00;MANAGE;#68 SL 4933.97 -> 4934.10 trail
2026.01.23 16:52:20;MANAGE;#68 SL 4934.10 -> 4935.70 trail
2026.01.23 17:15:00;DECISION;setup LONG score=0.75 entry=4952.88 inv=4923.79 tgt=0.00 [BOS long lvl=4947.88|RelVol=0.79|VPnode d=0.22|VWAPside|ADX=33]
2026.01.23 17:15:00;VETO;risk veto: max positions
2026.01.23 17:43:20;MANAGE;#68 SL 4935.70 -> 4936.93 trail
2026.01.23 17:47:40;MANAGE;#68 SL 4936.93 -> 4939.10 trail
2026.01.23 18:02:40;MANAGE;#68 SL 4939.10 -> 4940.66 trail
2026.01.23 18:04:40;MANAGE;#68 SL 4940.66 -> 4941.37 trail
2026.01.23 18:09:40;MANAGE;#68 SL 4941.37 -> 4949.25 trail
2026.01.23 18:10:40;MANAGE;#68 SL 4949.25 -> 4951.02 trail
2026.01.23 18:11:20;MANAGE;#68 SL 4951.02 -> 4951.76 trail
2026.01.23 18:17:40;RISK;deal closed pnl=173.76 streak=0 lock=0
2026.01.26 01:15:00;DECISION;setup LONG score=0.85 entry=5021.56 inv=4970.68 tgt=0.00 [BOS long lvl=4989.78|RelVol=2.84|VPnode d=0.26|VWAPside|CycleTurn w=-0.64<--1.00]
2026.01.26 01:15:00;VETO;authorization denied: outside session window (server hour 01, window 03-20)
2026.01.26 01:30:00;VETO;authorization denied: outside session window (server hour 01, window 03-20)
2026.01.26 01:45:00;VETO;authorization denied: outside session window (server hour 01, window 03-20)
2026.01.26 02:00:00;VETO;authorization denied: outside session window (server hour 02, window 03-20)
2026.01.26 09:30:00;DECISION;setup LONG score=0.95 entry=5095.38 inv=5052.39 tgt=0.00 [BOS long lvl=5093.05|RelVol=1.01|VPnode d=1.38|VWAPside|CycleTurn w=-0.76<--0.90|ADX=32]
2026.01.26 09:30:00;ORDER;filled BUY 0.02 lots sl=5052.39 tp=5181.48 [WT|BOS|0.95]
2026.01.26 09:30:00;RISK;sizing: vol_ratio=1.18 scalar=1.00 gap_buf=0.00000 eff_stop=43.03000
2026.01.26 09:30:00;ORDER;entry fill deal #70 BUY 0.02 @ 5095.42000
2026.01.26 15:30:00;DECISION;setup SHORT score=0.65 entry=5072.33 inv=5097.01 tgt=0.00 [CHoCH short lvl=5078.55|RelVol=1.03|VPnode d=3.93|VWAPside]
2026.01.26 15:30:00;VETO;risk veto: max positions
2026.01.26 18:15:00;DECISION;setup LONG score=0.65 entry=5101.69 inv=5054.59 tgt=0.00 [CHoCH long lvl=5097.34|RelVol=1.08|VPnode d=6.29|VWAPside]
2026.01.26 18:15:00;VETO;risk veto: max positions
2026.01.26 20:45:00;DECISION;setup SHORT score=0.85 entry=5064.30 inv=5105.05 tgt=0.00 [CHoCH short lvl=5065.35|RelVol=2.58|VPnode d=5.50|VWAPside|CycleTurn w=0.12<-0.89]
2026.01.26 20:45:00;VETO;authorization denied: outside session window (server hour 20, window 03-20)
2026.01.26 21:00:00;VETO;authorization denied: outside session window (server hour 21, window 03-20)
2026.01.26 21:02:40;RISK;deal closed pnl=-86.06 streak=1 lock=0
2026.01.26 21:15:00;VETO;authorization denied: outside session window (server hour 21, window 03-20)
2026.01.26 21:30:00;VETO;authorization denied: outside session window (server hour 21, window 03-20)
2026.01.26 23:45:00;DECISION;setup SHORT score=0.50 entry=5005.03 inv=5062.24 tgt=0.00 [BOS short lvl=5008.51|RelVol=3.96|VWAPside|ADX=34]
2026.01.26 23:45:00;VETO;authorization denied: outside session window (server hour 23, window 03-20)
2026.01.27 01:00:00;VETO;authorization denied: outside session window (server hour 01, window 03-20)
2026.01.27 01:15:00;VETO;authorization denied: outside session window (server hour 01, window 03-20)
2026.01.27 01:30:00;VETO;authorization denied: outside session window (server hour 01, window 03-20)
2026.01.27 03:15:00;DECISION;setup LONG score=0.50 entry=5071.54 inv=4989.86 tgt=0.00 [CHoCH long lvl=5061.54|RelVol=1.34|VPnear|VWAPside]
2026.01.27 03:15:00;ORDER;filled BUY 0.01 lots sl=4989.86 tp=5235.02 [WT|CHOCH|0.50]
2026.01.27 03:15:00;RISK;sizing: vol_ratio=1.40 scalar=1.00 gap_buf=0.00000 eff_stop=81.72000
2026.01.27 03:15:00;ORDER;entry fill deal #72 BUY 0.01 @ 5071.58000
2026.01.27 04:45:00;DECISION;setup LONG score=0.65 entry=5079.12 inv=5013.72 tgt=0.00 [BOS long lvl=5075.99|RelVol=0.84|VPnode d=6.92|VWAPside]
2026.01.27 04:45:00;VETO;risk veto: max positions
2026.01.27 08:00:00;DECISION;setup LONG score=0.85 entry=5082.99 inv=5057.34 tgt=0.00 [BOS long lvl=5079.17|RelVol=1.00|VPnode d=2.39|VWAPside|CycleTurn w=-0.82<--0.86]
2026.01.27 08:00:00;VETO;risk veto: max positions
2026.01.27 14:00:00;VETO;signal rejected: score 0.40 < 0.45 [CHoCH short lvl=5081.90|RelVol=1.63|VPnear]
2026.01.27 16:15:00;DECISION;setup SHORT score=0.65 entry=5060.11 inv=5092.92 tgt=0.00 [BOS short lvl=5066.97|RelVol=1.36|VPnode d=4.09|VWAPside]
2026.01.27 16:15:00;VETO;risk veto: max positions
2026.01.27 18:00:00;DECISION;setup LONG score=0.85 entry=5090.96 inv=5046.65 tgt=0.00 [CHoCH long lvl=5082.29|RelVol=1.29|VPnode d=1.76|VWAPside|CycleTurn w=-0.77<--0.97]
2026.01.27 18:00:00;VETO;risk veto: max positions
2026.01.27 22:00:00;DECISION;setup LONG score=0.65 entry=5098.94 inv=5076.37 tgt=0.00 [BOS long lvl=5095.54|RelVol=1.02|VPnode d=6.14|VWAPside]
2026.01.27 22:00:00;VETO;authorization denied: outside session window (server hour 22, window 03-20)
2026.01.27 22:15:00;VETO;authorization denied: outside session window (server hour 22, window 03-20)
2026.01.27 22:30:00;VETO;authorization denied: outside session window (server hour 22, window 03-20)
2026.01.27 22:45:00;VETO;authorization denied: outside session window (server hour 22, window 03-20)
2026.01.27 22:46:40;MANAGE;#72 SL 4989.86 -> 5071.62 breakeven
2026.01.27 22:46:59;MANAGE;#72 SL 5071.62 -> 5130.74 trail
2026.01.27 22:47:20;MANAGE;#72 SL 5130.74 -> 5135.37 trail
2026.01.27 22:48:40;MANAGE;#72 SL 5135.37 -> 5143.33 trail
2026.01.27 22:53:40;MANAGE;#72 SL 5143.33 -> 5150.14 trail
2026.01.27 22:54:40;MANAGE;#72 SL 5150.14 -> 5151.34 trail
2026.01.27 22:55:40;MANAGE;#72 SL 5151.34 -> 5156.47 trail
2026.01.27 22:59:20;MANAGE;#72 SL 5156.47 -> 5156.71 trail
2026.01.27 23:00:20;ERROR;modify #72 sl=5158.30 tp=5235.02 rejected rc=10018
2026.01.27 23:11:40;ERROR;modify #72 sl=5156.87 tp=5235.02 rejected rc=10018
2026.01.27 23:12:20;ERROR;modify #72 sl=5156.83 tp=5235.02 rejected rc=10018
2026.01.27 23:45:20;ERROR;modify #72 sl=5157.79 tp=5235.02 rejected rc=10018
2026.01.27 23:48:40;ERROR;modify #72 sl=5156.99 tp=5235.02 rejected rc=10018
2026.01.27 23:49:40;ERROR;modify #72 sl=5159.34 tp=5235.02 rejected rc=10018
2026.01.27 23:50:20;ERROR;modify #72 sl=5158.32 tp=5235.02 rejected rc=10018
2026.01.28 03:03:40;MANAGE;#72 SL 5156.71 -> 5157.38 trail
2026.01.28 03:04:40;MANAGE;#72 SL 5157.38 -> 5157.53 trail
2026.01.28 03:05:20;MANAGE;#72 SL 5157.53 -> 5158.61 trail
2026.01.28 03:06:40;MANAGE;#72 SL 5158.61 -> 5166.41 trail
2026.01.28 03:07:40;MANAGE;#72 SL 5166.41 -> 5172.58 trail
2026.01.28 03:15:00;DECISION;setup LONG score=0.60 entry=5190.97 inv=5157.31 tgt=0.00 [BOS long lvl=5190.46|RelVol=1.28|VPnear|VWAPside|ADX=39]
2026.01.28 03:15:00;VETO;risk veto: max positions
2026.01.28 03:37:40;MANAGE;#72 SL 5172.58 -> 5172.93 trail
2026.01.28 03:40:40;MANAGE;#72 SL 5172.93 -> 5180.01 trail
2026.01.28 03:41:40;MANAGE;#72 SL 5180.01 -> 5181.27 trail
2026.01.28 03:42:40;MANAGE;#72 SL 5181.27 -> 5181.76 trail
2026.01.28 03:43:40;MANAGE;#72 SL 5181.76 -> 5182.25 trail
2026.01.28 03:44:40;MANAGE;#72 SL 5182.25 -> 5186.71 trail
2026.01.28 03:45:40;MANAGE;#72 SL 5186.71 -> 5190.10 trail
2026.01.28 03:46:40;MANAGE;#72 SL 5190.10 -> 5192.67 trail
2026.01.28 03:47:40;MANAGE;#72 SL 5192.67 -> 5193.30 trail
2026.01.28 03:50:40;MANAGE;#72 SL 5193.30 -> 5194.66 trail
2026.01.28 04:32:40;MANAGE;#72 SL 5194.66 -> 5198.05 trail
2026.01.28 04:49:40;MANAGE;#72 SL 5198.05 -> 5198.57 trail
2026.01.28 04:54:40;MANAGE;#72 SL 5198.57 -> 5203.52 trail
2026.01.28 05:01:20;RISK;deal closed pnl=163.31 streak=0 lock=0
2026.01.28 07:15:00;DECISION;setup LONG score=0.75 entry=5253.91 inv=5157.31 tgt=0.00 [BOS long lvl=5247.63|RelVol=1.68|VPnode d=4.91|VWAPside|ADX=55]
2026.01.28 07:15:00;ORDER;filled BUY 0.01 lots sl=5157.31 tp=5447.23 [WT|BOS|0.75]
2026.01.28 07:15:00;RISK;sizing: vol_ratio=1.03 scalar=1.00 gap_buf=0.00000 eff_stop=96.64000
2026.01.28 07:15:00;ORDER;entry fill deal #74 BUY 0.01 @ 5253.95000
2026.01.28 09:00:00;DECISION;setup LONG score=0.50 entry=5269.82 inv=5157.31 tgt=0.00 [BOS long lvl=5266.49|RelVol=1.10|VWAPside|ADX=56]
2026.01.28 09:00:00;VETO;risk veto: max positions
2026.01.28 13:15:00;VETO;signal rejected: score 0.40 < 0.45 [CHoCH short lvl=5262.95|RelVol=2.46|VPnear]
2026.01.28 19:00:00;DECISION;setup LONG score=0.65 entry=5299.87 inv=5235.23 tgt=0.00 [CHoCH long lvl=5298.29|RelVol=1.28|VPnode d=0.27|VWAPside]
2026.01.28 19:00:00;VETO;risk veto: max positions
2026.01.28 22:15:00;DECISION;setup LONG score=0.80 entry=5326.60 inv=5268.78 tgt=0.00 [BOS long lvl=5326.02|RelVol=1.65|VPnear|VWAPside|CycleTurn w=0.40<--0.61|ADX=34]
2026.01.28 22:15:00;VETO;authorization denied: outside session window (server hour 22, window 03-20)
2026.01.28 22:27:40;MANAGE;#74 SL 5157.31 -> 5253.99 breakeven
2026.01.28 22:27:59;MANAGE;#74 SL 5253.99 -> 5310.26 trail
2026.01.28 22:28:40;MANAGE;#74 SL 5310.26 -> 5311.06 trail
2026.01.28 22:29:40;MANAGE;#74 SL 5311.06 -> 5312.71 trail
2026.01.28 22:30:00;VETO;authorization denied: outside session window (server hour 22, window 03-20)
2026.01.28 22:30:40;MANAGE;#74 SL 5312.71 -> 5316.57 trail
2026.01.28 22:31:20;MANAGE;#74 SL 5316.57 -> 5317.48 trail
2026.01.28 22:34:20;MANAGE;#74 SL 5317.48 -> 5318.44 trail
2026.01.28 22:35:40;MANAGE;#74 SL 5318.44 -> 5320.54 trail
2026.01.28 22:36:40;MANAGE;#74 SL 5320.54 -> 5324.81 trail
2026.01.28 22:37:40;MANAGE;#74 SL 5324.81 -> 5328.30 trail
2026.01.28 22:38:40;MANAGE;#74 SL 5328.30 -> 5332.01 trail
2026.01.28 22:39:20;MANAGE;#74 SL 5332.01 -> 5332.53 trail
2026.01.28 22:40:20;MANAGE;#74 SL 5332.53 -> 5335.39 trail
2026.01.28 22:41:40;MANAGE;#74 SL 5335.39 -> 5338.85 trail
2026.01.28 22:42:40;MANAGE;#74 SL 5338.85 -> 5345.02 trail
2026.01.28 22:43:20;MANAGE;#74 SL 5345.02 -> 5345.85 trail
2026.01.28 22:45:00;VETO;authorization denied: outside session window (server hour 22, window 03-20)
2026.01.28 23:00:00;VETO;authorization denied: outside session window (server hour 23, window 03-20)
2026.01.28 23:48:40;ERROR;modify #74 sl=5353.70 tp=5447.23 rejected rc=10018
2026.01.28 23:49:20;ERROR;modify #74 sl=5352.18 tp=5447.23 rejected rc=10018
2026.01.28 23:49:59;ERROR;modify #74 sl=5351.17 tp=5447.23 rejected rc=10018
2026.01.28 23:50:59;ERROR;modify #74 sl=5346.97 tp=5447.23 rejected rc=10018
2026.01.28 23:51:40;ERROR;modify #74 sl=5348.85 tp=5447.23 rejected rc=10018
2026.01.28 23:52:20;ERROR;modify #74 sl=5348.59 tp=5447.23 rejected rc=10018
2026.01.28 23:52:59;ERROR;modify #74 sl=5354.11 tp=5447.23 rejected rc=10018
2026.01.28 23:53:40;ERROR;modify #74 sl=5361.60 tp=5447.23 rejected rc=10018
2026.01.28 23:54:20;ERROR;modify #74 sl=5363.16 tp=5447.23 rejected rc=10018
2026.01.28 23:54:59;ERROR;modify #74 sl=5360.58 tp=5447.23 rejected rc=10018
2026.01.28 23:55:40;ERROR;modify #74 sl=5367.48 tp=5447.23 rejected rc=10018
2026.01.28 23:56:20;ERROR;modify #74 sl=5367.69 tp=5447.23 rejected rc=10018
2026.01.28 23:56:59;ERROR;modify #74 sl=5366.79 tp=5447.23 rejected rc=10018
2026.01.28 23:57:40;ERROR;modify #74 sl=5369.32 tp=5447.23 rejected rc=10018
2026.01.28 23:58:20;ERROR;modify #74 sl=5370.85 tp=5447.23 rejected rc=10018
2026.01.28 23:58:59;ERROR;modify #74 sl=5369.05 tp=5447.23 rejected rc=10018
2026.01.28 23:59:40;ERROR;modify #74 sl=5366.57 tp=5447.23 rejected rc=10018
2026.01.29 01:00:00;MANAGE;#74 SL 5345.85 -> 5366.81 trail
2026.01.29 01:00:40;MANAGE;#74 SL 5366.81 -> 5376.03 trail
2026.01.29 01:01:40;RISK;deal closed pnl=192.90 streak=0 lock=0
2026.01.29 06:45:00;DECISION;setup LONG score=0.95 entry=5557.40 inv=5508.32 tgt=0.00 [BOS long lvl=5550.19|RelVol=1.73|VPnode d=7.20|VWAPside|CycleTurn w=-1.00<--1.00|ADX=43]
2026.01.29 06:45:00;ORDER;filled BUY 0.02 lots sl=5508.32 tp=5655.86 [WT|BOS|0.95]
2026.01.29 06:45:00;RISK;sizing: vol_ratio=1.20 scalar=1.00 gap_buf=0.00000 eff_stop=49.18000
2026.01.29 06:45:00;ORDER;entry fill deal #76 BUY 0.02 @ 5557.50000
2026.01.29 08:15:00;DECISION;setup LONG score=0.60 entry=5584.10 inv=5516.27 tgt=0.00 [BOS long lvl=5564.55|RelVol=1.48|VPnear|VWAPside|ADX=36]
2026.01.29 08:15:00;VETO;risk veto: max positions
2026.01.29 10:43:40;RISK;deal closed pnl=-98.36 streak=1 lock=0
2026.01.29 10:45:00;DECISION;setup SHORT score=0.50 entry=5482.64 inv=5595.54 tgt=0.00 [CHoCH short lvl=5516.27|RelVol=2.22|VPnear|VWAPside]
2026.01.29 10:45:00;VETO;risk veto: size 0.00 < broker min 0.01 (risk too small for stop)
2026.01.29 14:15:00;DECISION;setup LONG score=0.70 entry=5535.68 inv=5470.82 tgt=0.00 [CHoCH long lvl=5529.64|RelVol=1.45|VPnear|VWAPside|CycleTurn w=-0.78<--0.94]
2026.01.29 14:15:00;ORDER;filled BUY 0.01 lots sl=5470.82 tp=5665.64 [WT|CHOCH|0.70]
2026.01.29 14:15:00;RISK;sizing: vol_ratio=0.84 scalar=1.00 gap_buf=0.00000 eff_stop=64.94000
2026.01.29 14:15:00;ORDER;entry fill deal #78 BUY 0.01 @ 5535.76000
2026.01.29 16:30:00;DECISION;setup LONG score=0.65 entry=5543.92 inv=5500.19 tgt=0.00 [BOS long lvl=5542.99|RelVol=1.51|VPnode d=7.88|VWAPside]
2026.01.29 16:30:00;VETO;risk veto: max positions
2026.01.29 17:00:00;DECISION;setup SHORT score=0.65 entry=5496.95 inv=5542.99 tgt=0.00 [CHoCH short lvl=5500.19|RelVol=1.60|VPnode d=5.25|VWAPside]
2026.01.29 17:00:00;VETO;risk veto: max positions
2026.01.29 17:01:40;RISK;deal closed pnl=-64.94 streak=2 lock=0
2026.01.29 23:00:00;DECISION;setup LONG score=0.55 entry=5394.11 inv=5282.73 tgt=0.00 [CHoCH long lvl=5362.06|RelVol=1.71|VPnode d=1.51]
2026.01.29 23:00:00;VETO;authorization denied: outside session window (server hour 23, window 03-20)
2026.01.29 23:15:00;VETO;authorization denied: outside session window (server hour 23, window 03-20)
2026.01.29 23:30:00;VETO;authorization denied: outside session window (server hour 23, window 03-20)
2026.01.29 23:45:00;VETO;authorization denied: outside session window (server hour 23, window 03-20)
2026.01.30 03:15:00;DECISION;setup SHORT score=0.60 entry=5309.93 inv=5450.96 tgt=0.00 [CHoCH short lvl=5369.60|RelVol=1.31|VWAPside|CycleTurn w=0.80<-0.96]
2026.01.30 03:15:00;VETO;risk veto: size 0.00 < broker min 0.01 (risk too small for stop)
2026.01.30 07:45:00;DECISION;setup LONG score=0.55 entry=5232.16 inv=5151.34 tgt=0.00 [CHoCH long lvl=5230.78|RelVol=1.13|VPnode d=21.06]
2026.01.30 07:45:00;ORDER;filled BUY 0.01 lots sl=5151.34 tp=5393.92 [WT|CHOCH|0.55]
2026.01.30 07:45:00;RISK;sizing: vol_ratio=1.11 scalar=1.00 gap_buf=0.00000 eff_stop=80.86000
2026.01.30 07:45:00;ORDER;entry fill deal #80 BUY 0.01 @ 5232.20000
2026.01.30 08:45:40;RISK;deal closed pnl=-80.86 streak=1 lock=0
2026.01.30 09:45:00;DECISION;setup SHORT score=0.50 entry=5147.06 inv=5241.39 tgt=0.00 [CHoCH short lvl=5151.34|RelVol=2.26|VPnear|VWAPside]
2026.01.30 09:45:00;ORDER;filled SELL 0.01 lots sl=5241.39 tp=4958.40 [WT|CHOCH|0.50]
2026.01.30 09:45:00;RISK;sizing: vol_ratio=0.80 scalar=1.00 gap_buf=0.00000 eff_stop=94.33000
2026.01.30 09:45:00;ORDER;entry fill deal #82 SELL 0.01 @ 5147.06000
2026.01.30 10:45:00;DECISION;setup SHORT score=0.95 entry=5096.43 inv=5241.39 tgt=0.00 [BOS short lvl=5117.94|RelVol=1.95|VPnode d=15.77|VWAPside|CycleTurn w=0.93<-0.98|ADX=44]
2026.01.30 10:45:00;VETO;risk veto: max positions
2026.01.30 11:12:40;MANAGE;#82 SL 5241.39 -> 5147.02 breakeven
2026.01.30 11:12:59;MANAGE;#82 SL 5147.02 -> 5138.51 trail
2026.01.30 11:13:40;MANAGE;#82 SL 5138.51 -> 5110.17 trail
2026.01.30 11:14:20;MANAGE;#82 SL 5110.17 -> 5101.22 trail
2026.01.30 11:42:40;MANAGE;#82 SL 5101.22 -> 5096.08 trail
2026.01.30 11:43:40;MANAGE;#82 SL 5096.08 -> 5092.53 trail
2026.01.30 11:44:40;MANAGE;#82 SL 5092.53 -> 5075.22 trail
2026.01.30 11:45:40;RISK;deal closed pnl=188.66 streak=0 lock=0
2026.01.30 15:00:00;DECISION;setup SHORT score=0.85 entry=5064.54 inv=5145.74 tgt=0.00 [BOS short lvl=5090.11|RelVol=1.56|VPnode d=13.14|VWAPside|CycleTurn w=0.98<-0.99]
2026.01.30 15:00:00;ORDER;filled SELL 0.01 lots sl=5145.74 tp=4902.14 [WT|BOS|0.85]
2026.01.30 15:00:00;RISK;sizing: vol_ratio=0.97 scalar=1.00 gap_buf=0.00000 eff_stop=81.20000
2026.01.30 15:00:00;ORDER;entry fill deal #84 SELL 0.01 @ 5064.54000
2026.01.30 17:02:40;MANAGE;#84 SL 5145.74 -> 5064.50 breakeven
2026.01.30 17:36:20;RISK;deal closed pnl=0.04 streak=0 lock=0
2026.01.30 19:15:00;DECISION;setup SHORT score=0.50 entry=4914.27 inv=5073.84 tgt=0.00 [BOS short lvl=4980.60|RelVol=1.62|VWAPside|ADX=31]
2026.01.30 19:15:00;VETO;risk veto: size 0.00 < broker min 0.01 (risk too small for stop)
2026.02.02 01:15:00;DECISION;setup SHORT score=0.65 entry=4741.06 inv=4947.93 tgt=0.00 [BOS short lvl=4809.23|RelVol=1.28|VPnode d=34.94|VWAPside]
2026.02.02 01:15:00;VETO;authorization denied: outside session window (server hour 01, window 03-20)
2026.02.02 01:30:00;VETO;authorization denied: outside session window (server hour 01, window 03-20)
2026.02.02 01:45:00;VETO;authorization denied: outside session window (server hour 01, window 03-20)
2026.02.02 02:00:00;VETO;authorization denied: outside session window (server hour 02, window 03-20)
2026.02.02 03:15:00;DECISION;setup SHORT score=0.50 entry=4643.20 inv=4884.64 tgt=0.00 [BOS short lvl=4698.82|RelVol=1.63|VPnear|VWAPside]
2026.02.02 03:15:00;VETO;risk veto: size 0.00 < broker min 0.01 (risk too small for stop)
2026.02.02 07:45:00;DECISION;setup SHORT score=0.70 entry=4575.94 inv=4713.46 tgt=0.00 [BOS short lvl=4603.84|RelVol=1.98|VPnear|VWAPside|CycleTurn w=0.95<-0.97]
2026.02.02 07:45:00;VETO;risk veto: size 0.00 < broker min 0.01 (risk too small for stop)
2026.02.02 12:00:00;DECISION;setup LONG score=0.65 entry=4719.58 inv=4402.14 tgt=0.00 [CHoCH long lvl=4713.46|RelVol=1.71|VPnode d=1.88|VWAPside]
2026.02.02 12:00:00;VETO;risk veto: size 0.00 < broker min 0.01 (risk too small for stop)
2026.02.02 13:15:00;DECISION;setup LONG score=0.65 entry=4749.18 inv=4402.14 tgt=0.00 [BOS long lvl=4734.09|RelVol=1.56|VPnode d=22.02|VWAPside]
2026.02.02 13:15:00;VETO;risk veto: size 0.00 < broker min 0.01 (risk too small for stop)
2026.02.02 18:00:00;DECISION;setup SHORT score=0.65 entry=4620.14 inv=4794.23 tgt=0.00 [CHoCH short lvl=4669.45|RelVol=1.33|VPnode d=21.86|VWAPside]
2026.02.02 18:00:00;VETO;risk veto: size 0.00 < broker min 0.01 (risk too small for stop)
2026.02.03 01:15:00;DECISION;setup LONG score=0.65 entry=4718.50 inv=4643.83 tgt=0.00 [CHoCH long lvl=4712.85|RelVol=1.48|VPnode d=3.90|VWAPside]
2026.02.03 01:15:00;VETO;authorization denied: outside session window (server hour 01, window 03-20)
2026.02.03 01:30:00;VETO;authorization denied: outside session window (server hour 01, window 03-20)
2026.02.03 01:45:00;VETO;authorization denied: outside session window (server hour 01, window 03-20)
2026.02.03 02:00:00;VETO;authorization denied: outside session window (server hour 02, window 03-20)
2026.02.03 04:45:00;DECISION;setup SHORT score=0.85 entry=4755.63 inv=4856.59 tgt=0.00 [CHoCH short lvl=4766.57|RelVol=1.62|VPnode d=18.97|VWAPside|CycleTurn w=0.54<-0.91]
2026.02.03 04:45:00;ORDER;filled SELL 0.01 lots sl=4856.59 tp=4552.12 [WT|CHOCH|0.85]
2026.02.03 04:45:00;RISK;sizing: vol_ratio=0.79 scalar=1.00 gap_buf=0.00000 eff_stop=101.49000
2026.02.03 04:45:00;ORDER;entry fill deal #86 SELL 0.01 @ 4755.10000
2026.02.03 08:19:40;RISK;deal closed pnl=-101.49 streak=1 lock=0
2026.02.03 08:30:00;DECISION;setup LONG score=0.70 entry=4871.64 inv=4745.49 tgt=0.00 [CHoCH long lvl=4856.59|RelVol=1.68|VPnear|VWAPside|CycleTurn w=0.35<--0.84]
2026.02.03 08:30:00;VETO;risk veto: size 0.00 < broker min 0.01 (risk too small for stop)
2026.02.03 15:45:00;DECISION;setup LONG score=0.85 entry=4941.67 inv=4892.40 tgt=0.00 [BOS long lvl=4936.29|RelVol=1.31|VPnode d=3.13|VWAPside|CycleTurn w=-0.92<--0.98]
2026.02.03 15:45:00;ORDER;filled BUY 0.02 lots sl=4892.40 tp=5040.33 [WT|BOS|0.85]
2026.02.03 15:45:00;RISK;sizing: vol_ratio=0.59 scalar=1.00 gap_buf=0.00000 eff_stop=49.31000
2026.02.03 15:45:00;ORDER;entry fill deal #88 BUY 0.02 @ 4941.71000
2026.02.03 18:30:00;DECISION;setup LONG score=0.80 entry=4973.17 inv=4893.75 tgt=0.00 [BOS long lvl=4948.56|RelVol=1.39|VPnear|VWAPside|CycleTurn w=-0.74<--0.97|ADX=31]
2026.02.03 18:30:00;VETO;risk veto: max positions
2026.02.03 18:38:40;MANAGE;#88 SL 4892.40 -> 4941.75 breakeven
2026.02.03 19:08:40;RISK;deal closed pnl=0.08 streak=0 lock=0
2026.02.03 22:45:00;DECISION;setup LONG score=0.70 entry=4951.73 inv=4880.86 tgt=0.00 [BOS long lvl=4948.85|RelVol=1.07|VPnear|VWAPside|CycleTurn w=-0.58<--0.93]
2026.02.03 22:45:00;VETO;authorization denied: outside session window (server hour 22, window 03-20)
2026.02.03 23:00:00;VETO;authorization denied: outside session window (server hour 23, window 03-20)
2026.02.03 23:15:00;VETO;authorization denied: outside session window (server hour 23, window 03-20)
2026.02.03 23:30:00;VETO;authorization denied: outside session window (server hour 23, window 03-20)
2026.02.04 02:15:00;DECISION;setup LONG score=0.70 entry=4986.97 inv=4910.22 tgt=0.00 [BOS long lvl=4972.25|RelVol=1.57|VPnear|VWAPside|CycleTurn w=-0.64<--0.98]
2026.02.04 02:15:00;VETO;authorization denied: outside session window (server hour 02, window 03-20)
2026.02.04 02:30:00;VETO;authorization denied: outside session window (server hour 02, window 03-20)
2026.02.04 02:45:00;VETO;authorization denied: outside session window (server hour 02, window 03-20)
2026.02.04 03:00:00;VETO;risk veto: size 0.00 < broker min 0.01 (risk too small for stop)
2026.02.04 06:00:00;DECISION;setup LONG score=0.75 entry=5070.11 inv=5033.22 tgt=0.00 [BOS long lvl=5065.50|RelVol=0.82|StopFloored|VPnode d=3.69|VWAPside|ADX=31]
2026.02.04 06:00:00;ORDER;filled BUY 0.02 lots sl=5033.22 tp=5143.95 [WT|BOS|0.75]
2026.02.04 06:00:00;RISK;sizing: vol_ratio=0.94 scalar=1.00 gap_buf=0.00000 eff_stop=36.90821
2026.02.04 06:00:00;ORDER;entry fill deal #90 BUY 0.02 @ 5070.13000
2026.02.04 12:30:00;DECISION;setup SHORT score=0.55 entry=5043.39 inv=5091.94 tgt=0.00 [CHoCH short lvl=5051.10|RelVol=1.33|VPnode d=5.59]
2026.02.04 12:30:00;VETO;risk veto: max positions
2026.02.04 13:16:40;RISK;deal closed pnl=-73.82 streak=1 lock=0
2026.02.04 13:30:00;DECISION;setup SHORT score=0.60 entry=5023.84 inv=5091.94 tgt=0.00 [BOS short lvl=5041.77|RelVol=1.87|VPnear|VWAPside|ADX=48]
2026.02.04 13:30:00;ORDER;filled SELL 0.01 lots sl=5091.94 tp=4887.94 [WT|BOS|0.60]
2026.02.04 13:30:00;RISK;sizing: vol_ratio=0.74 scalar=1.00 gap_buf=0.00000 eff_stop=68.00000
2026.02.04 13:30:00;ORDER;entry fill deal #92 SELL 0.01 @ 5023.94000
2026.02.04 16:45:00;DECISION;setup SHORT score=0.50 entry=4996.62 inv=5063.53 tgt=0.00 [BOS short lvl=5023.33|RelVol=1.50|VPnear|VWAPside]
2026.02.04 16:45:00;VETO;risk veto: max positions
2026.02.04 17:22:40;MANAGE;#92 SL 5091.94 -> 5023.90 breakeven
2026.02.04 17:22:59;MANAGE;#92 SL 5023.90 -> 5009.61 trail
2026.02.04 17:23:20;MANAGE;#92 SL 5009.61 -> 5006.94 trail
2026.02.04 17:28:40;MANAGE;#92 SL 5006.94 -> 5005.92 trail
2026.02.04 17:31:40;MANAGE;#92 SL 5005.92 -> 4987.98 trail
2026.02.04 17:32:40;MANAGE;#92 SL 4987.98 -> 4983.14 trail
2026.02.04 17:33:40;MANAGE;#92 SL 4983.14 -> 4978.70 trail
2026.02.04 17:34:40;MANAGE;#92 SL 4978.70 -> 4973.55 trail
2026.02.04 17:35:40;MANAGE;#92 SL 4973.55 -> 4969.66 trail
2026.02.04 17:36:40;RISK;deal closed pnl=136.00 streak=0 lock=0
2026.02.04 23:30:00;VETO;signal rejected: score 0.40 < 0.45 [CHoCH long lvl=4957.78|RelVol=0.42|VPnear]
2026.02.05 03:15:00;DECISION;setup SHORT score=0.60 entry=4967.67 inv=5023.80 tgt=0.00 [CHoCH short lvl=4997.13|RelVol=1.28|VWAPside|CycleTurn w=0.96<-0.99]
2026.02.05 03:15:00;ORDER;filled SELL 0.01 lots sl=5023.80 tp=4855.98 [WT|CHOCH|0.60]
2026.02.05 03:15:00;RISK;sizing: vol_ratio=0.83 scalar=1.00 gap_buf=0.00000 eff_stop=55.94000
2026.02.05 03:15:00;ORDER;entry fill deal #94 SELL 0.01 @ 4967.86000
2026.02.05 04:14:40;MANAGE;#94 SL 5023.80 -> 4967.82 breakeven
2026.02.05 04:14:59;MANAGE;#94 SL 4967.82 -> 4963.77 trail
2026.02.05 04:15:40;MANAGE;#94 SL 4963.77 -> 4949.55 trail
2026.02.05 04:45:40;MANAGE;#94 SL 4949.55 -> 4930.13 trail
2026.02.05 04:47:40;RISK;deal closed pnl=111.88 streak=0 lock=0
2026.02.05 08:00:00;DECISION;setup LONG score=0.75 entry=4896.42 inv=4788.86 tgt=0.00 [CHoCH long lvl=4891.14|RelVol=1.68|VPnode d=25.82|CycleTurn w=0.33<--0.75]
2026.02.05 08:00:00;VETO;risk veto: size 0.00 < broker min 0.01 (risk too small for stop)
2026.02.05 11:15:00;DECISION;setup SHORT score=0.70 entry=4863.00 inv=4943.62 tgt=0.00 [CHoCH short lvl=4895.99|RelVol=1.97|VPnear|VWAPside|CycleTurn w=0.87<-0.99]
2026.02.05 11:15:00;ORDER;filled SELL 0.01 lots sl=4943.62 tp=4701.76 [WT|CHOCH|0.70]
2026.02.05 11:15:00;RISK;sizing: vol_ratio=0.95 scalar=1.00 gap_buf=0.00000 eff_stop=80.62000
2026.02.05 11:15:00;ORDER;entry fill deal #96 SELL 0.01 @ 4863.00000
2026.02.05 14:15:00;DECISION;setup SHORT score=0.85 entry=4840.19 inv=4894.57 tgt=0.00 [BOS short lvl=4847.78|RelVol=1.56|VPnode d=6.19|VWAPside|CycleTurn w=0.66<-0.93]
2026.02.05 14:15:00;VETO;risk veto: max positions
2026.02.05 18:45:00;DECISION;setup LONG score=0.75 entry=4879.03 inv=4800.53 tgt=0.00 [CHoCH long lvl=4869.99|RelVol=1.42|VPnode d=21.93|CycleTurn w=0.37<--0.78]
2026.02.05 18:45:00;VETO;risk veto: max positions
2026.02.05 23:34:40;ERROR;modify #96 sl=4862.96 tp=4701.76 rejected rc=10018
2026.02.05 23:35:20;ERROR;modify #96 sl=4862.96 tp=4701.76 rejected rc=10018
2026.02.05 23:35:59;ERROR;modify #96 sl=4862.96 tp=4701.76 rejected rc=10018
2026.02.05 23:36:40;ERROR;modify #96 sl=4862.96 tp=4701.76 rejected rc=10018
2026.02.05 23:37:20;ERROR;modify #96 sl=4862.96 tp=4701.76 rejected rc=10018
2026.02.05 23:38:40;ERROR;modify #96 sl=4862.96 tp=4701.76 rejected rc=10018
2026.02.05 23:39:20;ERROR;modify #96 sl=4862.96 tp=4701.76 rejected rc=10018
2026.02.05 23:39:59;ERROR;modify #96 sl=4862.96 tp=4701.76 rejected rc=10018
2026.02.05 23:40:40;ERROR;modify #96 sl=4862.96 tp=4701.76 rejected rc=10018
2026.02.05 23:41:20;ERROR;modify #96 sl=4862.96 tp=4701.76 rejected rc=10018
2026.02.05 23:41:59;ERROR;modify #96 sl=4862.96 tp=4701.76 rejected rc=10018
2026.02.05 23:42:40;ERROR;modify #96 sl=4862.96 tp=4701.76 rejected rc=10018
2026.02.05 23:43:20;ERROR;modify #96 sl=4862.96 tp=4701.76 rejected rc=10018
2026.02.05 23:43:59;ERROR;modify #96 sl=4862.96 tp=4701.76 rejected rc=10018
2026.02.05 23:44:40;ERROR;modify #96 sl=4862.96 tp=4701.76 rejected rc=10018
2026.02.05 23:45:00;VETO;signal rejected: score 0.40 < 0.45 [CHoCH short lvl=4800.53|RelVol=2.08|VWAPside]
2026.02.05 23:45:20;ERROR;modify #96 sl=4862.96 tp=4701.76 rejected rc=10018
2026.02.05 23:45:59;ERROR;modify #96 sl=4862.96 tp=4701.76 rejected rc=10018
2026.02.05 23:46:40;ERROR;modify #96 sl=4862.96 tp=4701.76 rejected rc=10018
2026.02.05 23:47:20;ERROR;modify #96 sl=4862.96 tp=4701.76 rejected rc=10018
2026.02.05 23:47:59;ERROR;modify #96 sl=4862.96 tp=4701.76 rejected rc=10018
2026.02.05 23:48:40;ERROR;modify #96 sl=4862.96 tp=4701.76 rejected rc=10018
2026.02.05 23:49:20;ERROR;modify #96 sl=4862.96 tp=4701.76 rejected rc=10018
2026.02.05 23:49:59;ERROR;modify #96 sl=4862.96 tp=4701.76 rejected rc=10018
2026.02.05 23:50:40;ERROR;modify #96 sl=4862.96 tp=4701.76 rejected rc=10018
2026.02.05 23:51:20;ERROR;modify #96 sl=4862.96 tp=4701.76 rejected rc=10018
2026.02.05 23:51:59;ERROR;modify #96 sl=4862.96 tp=4701.76 rejected rc=10018
2026.02.05 23:52:40;ERROR;modify #96 sl=4862.96 tp=4701.76 rejected rc=10018
2026.02.05 23:53:20;ERROR;modify #96 sl=4862.96 tp=4701.76 rejected rc=10018
2026.02.05 23:53:59;ERROR;modify #96 sl=4862.96 tp=4701.76 rejected rc=10018
2026.02.05 23:54:40;ERROR;modify #96 sl=4862.96 tp=4701.76 rejected rc=10018
2026.02.05 23:55:20;ERROR;modify #96 sl=4862.56 tp=4701.76 rejected rc=10018
2026.02.05 23:55:59;ERROR;modify #96 sl=4862.56 tp=4701.76 rejected rc=10018
2026.02.05 23:56:40;ERROR;modify #96 sl=4862.66 tp=4701.76 rejected rc=10018
2026.02.05 23:57:20;ERROR;modify #96 sl=4862.56 tp=4701.76 rejected rc=10018
2026.02.05 23:57:59;ERROR;modify #96 sl=4862.56 tp=4701.76 rejected rc=10018
2026.02.05 23:58:40;ERROR;modify #96 sl=4862.73 tp=4701.76 rejected rc=10018
2026.02.05 23:59:20;ERROR;modify #96 sl=4862.73 tp=4701.76 rejected rc=10018
2026.02.05 23:59:59;ERROR;modify #96 sl=4862.73 tp=4701.76 rejected rc=10018
2026.02.06 01:00:00;MANAGE;#96 SL 4943.62 -> 4862.73 breakeven
2026.02.06 01:00:20;MANAGE;#96 SL 4862.73 -> 4841.51 trail
2026.02.06 01:00:40;MANAGE;#96 SL 4841.51 -> 4810.45 trail
2026.02.06 01:01:40;MANAGE;#96 SL 4810.45 -> 4806.80 trail
2026.02.06 01:24:40;MANAGE;#96 SL 4806.80 -> 4805.31 trail
2026.02.06 01:26:40;MANAGE;#96 SL 4805.31 -> 4800.73 trail
2026.02.06 01:27:40;MANAGE;#96 SL 4800.73 -> 4800.33 trail
2026.02.06 01:28:20;MANAGE;#96 SL 4800.33 -> 4798.92 trail
2026.02.06 01:30:20;MANAGE;#96 SL 4798.92 -> 4798.77 trail
2026.02.06 01:35:40;MANAGE;#96 SL 4798.77 -> 4798.58 trail
2026.02.06 01:36:20;MANAGE;#96 SL 4798.58 -> 4797.19 trail
2026.02.06 01:38:40;MANAGE;#96 SL 4797.19 -> 4783.01 trail
2026.02.06 01:46:40;MANAGE;#96 SL 4783.01 -> 4777.32 trail
2026.02.06 01:48:40;MANAGE;#96 SL 4777.32 -> 4775.47 trail
2026.02.06 01:49:40;MANAGE;#96 SL 4775.47 -> 4761.32 trail
2026.02.06 01:52:40;MANAGE;#96 SL 4761.32 -> 4758.50 trail
2026.02.06 01:53:20;MANAGE;#96 SL 4758.50 -> 4755.56 trail
2026.02.06 01:56:40;MANAGE;#96 SL 4755.56 -> 4755.32 trail
2026.02.06 01:57:20;MANAGE;#96 SL 4755.32 -> 4754.57 trail
2026.02.06 01:58:40;MANAGE;#96 SL 4754.57 -> 4754.41 trail
2026.02.06 01:59:40;MANAGE;#96 SL 4754.41 -> 4753.38 trail
2026.02.06 02:00:40;RISK;deal closed pnl=161.19 streak=0 lock=0
2026.02.06 04:00:00;DECISION;setup LONG score=0.65 entry=4774.36 inv=4655.27 tgt=0.00 [CHoCH long lvl=4764.68|RelVol=1.48|VPnode d=13.16|VWAPside]
2026.02.06 04:00:00;VETO;risk veto: size 0.00 < broker min 0.01 (risk too small for stop)
2026.02.06 07:30:00;DECISION;setup LONG score=0.65 entry=4852.14 inv=4801.20 tgt=0.00 [BOS long lvl=4846.61|RelVol=1.26|VPnode d=3.74|VWAPside]
2026.02.06 07:30:00;ORDER;filled BUY 0.02 lots sl=4801.20 tp=4954.17 [WT|BOS|0.65]
2026.02.06 07:30:00;RISK;sizing: vol_ratio=0.83 scalar=1.00 gap_buf=0.00000 eff_stop=50.99000
2026.02.06 07:30:00;ORDER;entry fill deal #98 BUY 0.02 @ 4852.19000
2026.02.06 08:00:20;MANAGE;#98 SL 4801.20 -> 4852.23 breakeven
2026.02.06 08:26:40;RISK;deal closed pnl=0.08 streak=0 lock=0
2026.02.06 13:15:00;DECISION;setup LONG score=0.70 entry=4884.47 inv=4851.76 tgt=0.00 [BOS long lvl=4882.36|RelVol=1.11|VPnear|VWAPside|CycleTurn w=-0.02<--0.86]
2026.02.06 13:15:00;ORDER;filled BUY 0.03 lots sl=4851.76 tp=4950.01 [WT|BOS|0.70]
2026.02.06 13:15:00;RISK;sizing: vol_ratio=0.72 scalar=1.00 gap_buf=0.00000 eff_stop=32.75000
2026.02.06 13:15:00;ORDER;entry fill deal #100 BUY 0.03 @ 4884.51000
2026.02.06 15:01:40;MANAGE;#100 SL 4851.76 -> 4884.55 breakeven
2026.02.06 15:01:59;MANAGE;#100 SL 4884.55 -> 4889.34 trail
2026.02.06 15:04:40;MANAGE;#100 SL 4889.34 -> 4891.47 trail
2026.02.06 15:05:20;MANAGE;#100 SL 4891.47 -> 4892.60 trail
2026.02.06 15:15:00;DECISION;setup LONG score=0.65 entry=4909.63 inv=4871.88 tgt=0.00 [BOS long lvl=4903.49|RelVol=1.42|VPnode d=6.03|VWAPside]
2026.02.06 15:15:00;VETO;risk veto: max positions
2026.02.06 15:38:40;MANAGE;#100 SL 4892.60 -> 4899.07 trail
2026.02.06 15:39:20;MANAGE;#100 SL 4899.07 -> 4900.08 trail
2026.02.06 15:42:40;MANAGE;#100 SL 4900.08 -> 4900.61 trail
2026.02.06 16:25:40;RISK;deal closed pnl=48.30 streak=0 lock=0
2026.02.06 17:00:00;DECISION;setup LONG score=0.75 entry=4948.12 inv=4871.88 tgt=0.00 [BOS long lvl=4938.44|RelVol=1.04|VPnode d=1.88|VWAPside|ADX=32]
2026.02.06 17:00:00;ORDER;filled BUY 0.01 lots sl=4871.88 tp=5100.66 [WT|BOS|0.75]
2026.02.06 17:00:00;RISK;sizing: vol_ratio=0.82 scalar=1.00 gap_buf=0.00000 eff_stop=76.26000
2026.02.06 17:00:00;ORDER;entry fill deal #102 BUY 0.01 @ 4948.14000
2026.02.06 20:15:00;DECISION;setup LONG score=0.95 entry=4965.84 inv=4921.89 tgt=0.00 [BOS long lvl=4964.92|RelVol=0.98|VPnode d=7.84|VWAPside|CycleTurn w=-0.98<--0.99|ADX=31]
2026.02.06 20:15:00;VETO;authorization denied: outside session window (server hour 20, window 03-20)
2026.02.06 20:30:00;VETO;authorization denied: outside session window (server hour 20, window 03-20)
2026.02.06 20:45:00;VETO;authorization denied: outside session window (server hour 20, window 03-20)
2026.02.06 21:00:00;VETO;authorization denied: outside session window (server hour 21, window 03-20)
2026.02.09 01:15:00;DECISION;setup LONG score=0.85 entry=4979.93 inv=4936.61 tgt=0.00 [BOS long lvl=4971.48|RelVol=1.06|VPnode d=5.27|VWAPside|CycleTurn w=-0.90<--0.97]
2026.02.09 01:15:00;VETO;authorization denied: outside session window (server hour 01, window 03-20)
2026.02.09 01:28:40;MANAGE;#102 SL 4871.88 -> 4948.18 breakeven
2026.02.09 01:28:59;MANAGE;#102 SL 4948.18 -> 5001.31 trail
2026.02.09 01:29:40;MANAGE;#102 SL 5001.31 -> 5002.30 trail
2026.02.09 01:30:00;VETO;authorization denied: outside session window (server hour 01, window 03-20)
2026.02.09 01:32:40;MANAGE;#102 SL 5002.30 -> 5007.00 trail
2026.02.09 01:33:40;MANAGE;#102 SL 5007.00 -> 5014.82 trail
2026.02.09 01:45:00;VETO;authorization denied: outside session window (server hour 01, window 03-20)
2026.02.09 01:49:40;MANAGE;#102 SL 5014.82 -> 5015.37 trail
2026.02.09 01:57:20;MANAGE;#102 SL 5015.37 -> 5016.08 trail
2026.02.09 02:00:00;VETO;authorization denied: outside session window (server hour 02, window 03-20)
2026.02.09 02:48:40;RISK;deal closed pnl=67.81 streak=0 lock=0
2026.02.09 07:45:00;DECISION;setup LONG score=0.85 entry=5034.42 inv=5007.56 tgt=0.00 [BOS long lvl=5031.53|RelVol=1.07|VPnode d=8.78|VWAPside|CycleTurn w=-0.96<--1.00]
2026.02.09 07:45:00;ORDER;filled BUY 0.03 lots sl=5007.56 tp=5088.29 [WT|BOS|0.85]
2026.02.09 07:45:00;RISK;sizing: vol_ratio=0.76 scalar=1.00 gap_buf=0.00000 eff_stop=26.91000
2026.02.09 07:45:00;ORDER;entry fill deal #104 BUY 0.03 @ 5034.47000
2026.02.09 09:22:40;RISK;deal closed pnl=-80.73 streak=1 lock=0
2026.02.09 10:00:00;DECISION;setup SHORT score=0.65 entry=5006.38 inv=5045.72 tgt=0.00 [CHoCH short lvl=5007.56|RelVol=0.96|VPnode d=2.22|VWAPside]
2026.02.09 10:00:00;ORDER;filled SELL 0.02 lots sl=5045.72 tp=4927.79 [WT|CHOCH|0.65]
2026.02.09 10:00:00;RISK;sizing: vol_ratio=0.76 scalar=1.00 gap_buf=0.00000 eff_stop=39.31000
2026.02.09 10:00:00;ORDER;entry fill deal #106 SELL 0.02 @ 5006.41000
2026.02.09 12:30:00;DECISION;setup SHORT score=0.50 entry=4991.09 inv=5041.01 tgt=0.00 [BOS short lvl=4997.68|RelVol=1.21|VPnear|VWAPside]
2026.02.09 12:30:00;VETO;risk veto: max positions
2026.02.09 16:45:00;DECISION;setup LONG score=0.85 entry=5036.61 inv=4995.11 tgt=0.00 [CHoCH long lvl=5024.84|RelVol=1.04|VPnode d=0.21|VWAPside|CycleTurn w=0.33<--0.76]
2026.02.09 16:45:00;VETO;risk veto: max positions
2026.02.09 17:33:40;RISK;deal closed pnl=-78.62 streak=2 lock=0
2026.02.10 01:15:00;DECISION;setup SHORT score=0.65 entry=5013.54 inv=5086.61 tgt=0.00 [CHoCH short lvl=5040.86|RelVol=1.24|VPnode d=3.46|VWAPside]
2026.02.10 01:15:00;VETO;authorization denied: outside session window (server hour 01, window 03-20)
2026.02.10 01:30:00;VETO;authorization denied: outside session window (server hour 01, window 03-20)
2026.02.10 01:45:00;VETO;authorization denied: outside session window (server hour 01, window 03-20)
2026.02.10 02:00:00;VETO;authorization denied: outside session window (server hour 02, window 03-20)
2026.02.10 04:45:00;DECISION;setup LONG score=0.85 entry=5050.48 inv=5009.08 tgt=0.00 [CHoCH long lvl=5048.57|RelVol=0.70|VPnode d=12.28|VWAPside|CycleTurn w=0.58<--0.44]
2026.02.10 04:45:00;ORDER;filled BUY 0.02 lots sl=5009.08 tp=5133.40 [WT|CHOCH|0.85]
2026.02.10 04:45:00;RISK;sizing: vol_ratio=1.11 scalar=1.00 gap_buf=0.00000 eff_stop=41.44000
2026.02.10 04:45:00;ORDER;entry fill deal #108 BUY 0.02 @ 5050.52000
2026.02.10 10:45:00;DECISION;setup LONG score=0.50 entry=5048.74 inv=5018.62 tgt=0.00 [BOS long lvl=5045.59|RelVol=0.73|VPnear|VWAPside]
2026.02.10 10:45:00;VETO;risk veto: max positions
2026.02.10 14:45:00;DECISION;setup SHORT score=0.85 entry=5029.68 inv=5057.57 tgt=0.00 [CHoCH short lvl=5037.03|RelVol=0.85|VPnode d=1.22|VWAPside|CycleTurn w=-0.46<-0.63]
2026.02.10 14:45:00;VETO;risk veto: max positions
2026.02.10 16:30:00;DECISION;setup LONG score=0.60 entry=5070.39 inv=5019.68 tgt=0.00 [CHoCH long lvl=5057.57|RelVol=0.96|VWAPside|CycleTurn w=0.61<--0.43]
2026.02.10 16:30:00;VETO;risk veto: max positions
2026.02.10 17:38:40;RISK;deal closed pnl=-82.88 streak=1 lock=0
2026.02.10 17:45:00;DECISION;setup SHORT score=0.85 entry=5014.18 inv=5078.72 tgt=0.00 [CHoCH short lvl=5019.68|RelVol=1.23|VPnode d=8.02|VWAPside|CycleTurn w=-0.63<-0.37]
2026.02.10 17:45:00;ORDER;filled SELL 0.01 lots sl=5078.72 tp=4885.10 [WT|CHOCH|0.85]
2026.02.10 17:45:00;RISK;sizing: vol_ratio=1.28 scalar=1.00 gap_buf=0.00000 eff_stop=64.54000
2026.02.10 17:45:00;ORDER;entry fill deal #110 SELL 0.01 @ 5014.18000
2026.02.11 01:30:00;DECISION;setup LONG score=0.65 entry=5046.69 inv=5004.60 tgt=0.00 [CHoCH long lvl=5045.51|RelVol=0.82|VPnode d=0.91|VWAPside]
2026.02.11 01:30:00;VETO;authorization denied: outside session window (server hour 01, window 03-20)
2026.02.11 01:45:00;VETO;authorization denied: outside session window (server hour 01, window 03-20)
2026.02.11 02:00:00;VETO;authorization denied: outside session window (server hour 02, window 03-20)
2026.02.11 02:15:00;VETO;authorization denied: outside session window (server hour 02, window 03-20)
2026.02.11 04:00:00;DECISION;setup LONG score=0.65 entry=5052.58 inv=5028.35 tgt=0.00 [BOS long lvl=5049.46|RelVol=0.66|VPnode d=6.38|VWAPside]
2026.02.11 04:00:00;VETO;risk veto: max positions
2026.02.11 07:45:00;DECISION;setup LONG score=0.50 entry=5062.43 inv=5032.57 tgt=0.00 [BOS long lvl=5060.86|RelVol=0.61|VPnear|VWAPside]
2026.02.11 07:45:00;VETO;risk veto: max positions
2026.02.11 09:00:00;DECISION;setup LONG score=0.85 entry=5064.22 inv=5043.54 tgt=0.00 [BOS long lvl=5064.01|RelVol=0.78|VPnode d=5.02|VWAPside|CycleTurn w=-0.98<--1.00]
2026.02.11 09:00:00;VETO;risk veto: max positions
2026.02.11 12:30:00;DECISION;setup LONG score=0.70 entry=5071.38 inv=5045.91 tgt=0.00 [BOS long lvl=5069.39|RelVol=1.06|VPnear|VWAPside|CycleTurn w=0.79<-0.02]
2026.02.11 12:30:00;VETO;risk veto: max positions
2026.02.11 12:40:40;RISK;deal closed pnl=-64.59 streak=1 lock=0
2026.02.12 01:15:00;DECISION;setup SHORT score=0.65 entry=5063.64 inv=5094.37 tgt=0.00 [CHoCH short lvl=5076.42|RelVol=0.86|VPnode d=0.26|VWAPside]
2026.02.12 01:15:00;VETO;authorization denied: outside session window (server hour 01, window 03-20)
2026.02.12 01:30:00;VETO;authorization denied: outside session window (server hour 01, window 03-20)
2026.02.12 01:45:00;VETO;authorization denied: outside session window (server hour 01, window 03-20)
2026.02.12 02:00:00;VETO;authorization denied: outside session window (server hour 02, window 03-20)
2026.02.12 03:15:00;DECISION;setup SHORT score=0.75 entry=5049.72 inv=5100.09 tgt=0.00 [BOS short lvl=5049.98|RelVol=0.73|VPnode d=6.28|VWAPside|ADX=41]
2026.02.12 03:15:00;ORDER;filled SELL 0.02 lots sl=5100.09 tp=4949.01 [WT|BOS|0.75]
2026.02.12 03:15:00;RISK;sizing: vol_ratio=0.99 scalar=1.00 gap_buf=0.00000 eff_stop=50.36000
2026.02.12 03:15:00;ORDER;entry fill deal #112 SELL 0.02 @ 5049.73000
2026.02.12 11:15:00;DECISION;setup LONG score=0.65 entry=5074.04 inv=5047.22 tgt=0.00 [CHoCH long lvl=5073.52|RelVol=0.74|VPnode d=4.84|VWAPside]
2026.02.12 11:15:00;VETO;risk veto: max positions
2026.02.12 15:00:00;DECISION;setup SHORT score=0.65 entry=5052.73 inv=5080.81 tgt=0.00 [CHoCH short lvl=5056.17|RelVol=0.93|VPnode d=3.07|VWAPside]
2026.02.12 15:00:00;VETO;risk veto: max positions
2026.02.12 17:00:00;DECISION;setup SHORT score=0.70 entry=5044.59 inv=5083.82 tgt=0.00 [BOS short lvl=5048.70|RelVol=0.95|VPnear|VWAPside|CycleTurn w=0.25<-0.89]
2026.02.12 17:00:00;VETO;risk veto: max positions
2026.02.12 18:13:40;MANAGE;#112 SL 5100.09 -> 5049.69 breakeven
2026.02.12 18:13:59;MANAGE;#112 SL 5049.69 -> 5019.34 trail
2026.02.12 18:14:40;RISK;deal closed pnl=201.44 streak=0 lock=0
2026.02.12 18:15:00;DECISION;setup SHORT score=0.60 entry=4951.47 inv=5083.82 tgt=0.00 [BOS short lvl=5039.42|RelVol=1.36|VWAPside|CycleTurn w=-0.53<--0.45]
2026.02.12 18:15:00;VETO;risk veto: size 0.00 < broker min 0.01 (risk too small for stop)
2026.02.13 01:15:00;DECISION;setup SHORT score=0.55 entry=4910.60 inv=4958.19 tgt=0.00 [BOS short lvl=4911.29|RelVol=0.88|VPnode d=0.00]
2026.02.13 01:15:00;VETO;authorization denied: outside session window (server hour 01, window 03-20)
2026.02.13 01:30:00;VETO;authorization denied: outside session window (server hour 01, window 03-20)
2026.02.13 01:45:00;VETO;authorization denied: outside session window (server hour 01, window 03-20)
2026.02.13 02:00:00;VETO;authorization denied: outside session window (server hour 02, window 03-20)
2026.02.13 02:15:00;DECISION;setup LONG score=0.50 entry=4941.93 inv=4886.65 tgt=0.00 [CHoCH long lvl=4929.87|RelVol=1.21|VPnear|VWAPside]
2026.02.13 02:15:00;VETO;authorization denied: outside session window (server hour 02, window 03-20)
2026.02.13 02:30:00;VETO;authorization denied: outside session window (server hour 02, window 03-20)
2026.02.13 02:45:00;VETO;authorization denied: outside session window (server hour 02, window 03-20)
2026.02.13 03:00:00;ORDER;filled BUY 0.02 lots sl=4886.65 tp=5011.09 [WT|CHOCH|0.50]
2026.02.13 03:00:00;RISK;sizing: vol_ratio=1.07 scalar=1.00 gap_buf=0.00000 eff_stop=41.48000
2026.02.13 03:00:00;ORDER;entry fill deal #114 BUY 0.02 @ 4928.13000
2026.02.13 03:15:00;DECISION;setup LONG score=0.50 entry=4965.52 inv=4886.65 tgt=0.00 [BOS long lvl=4948.42|RelVol=0.86|VPnear|VWAPside]
2026.02.13 03:15:00;VETO;risk veto: max positions
2026.02.13 03:15:40;MANAGE;#114 SL 4886.65 -> 4928.17 breakeven
2026.02.13 03:15:59;MANAGE;#114 SL 4928.17 -> 4932.14 trail
2026.02.13 03:19:40;MANAGE;#114 SL 4932.14 -> 4934.42 trail
2026.02.13 03:20:40;MANAGE;#114 SL 4934.42 -> 4936.14 trail
2026.02.13 03:21:20;MANAGE;#114 SL 4936.14 -> 4936.27 trail
2026.02.13 03:22:40;MANAGE;#114 SL 4936.27 -> 4937.75 trail
2026.02.13 03:23:20;MANAGE;#114 SL 4937.75 -> 4940.82 trail
2026.02.13 03:42:40;MANAGE;#114 SL 4940.82 -> 4941.66 trail
2026.02.13 03:43:40;MANAGE;#114 SL 4941.66 -> 4943.51 trail
2026.02.13 03:48:40;MANAGE;#114 SL 4943.51 -> 4946.89 trail
2026.02.13 03:49:40;MANAGE;#114 SL 4946.89 -> 4948.46 trail
2026.02.13 03:50:40;MANAGE;#114 SL 4948.46 -> 4948.88 trail
2026.02.13 04:55:40;MANAGE;#114 SL 4948.88 -> 4954.18 trail
2026.02.13 04:56:20;MANAGE;#114 SL 4954.18 -> 4954.88 trail
2026.02.13 06:07:20;MANAGE;#114 SL 4954.88 -> 4955.07 trail
2026.02.13 06:12:40;MANAGE;#114 SL 4955.07 -> 4956.72 trail
2026.02.13 06:14:40;MANAGE;#114 SL 4956.72 -> 4957.26 trail
2026.02.13 06:15:40;MANAGE;#114 SL 4957.26 -> 4959.53 trail
2026.02.13 06:16:40;MANAGE;#114 SL 4959.53 -> 4967.03 trail
2026.02.13 06:17:20;MANAGE;#114 SL 4967.03 -> 4967.18 trail
2026.02.13 07:19:20;RISK;deal closed pnl=78.10 streak=0 lock=0
2026.02.13 07:45:00;DECISION;setup SHORT score=0.60 entry=4964.21 inv=4997.27 tgt=0.00 [CHoCH short lvl=4972.21|RelVol=0.79|VPnear|CycleTurn w=-0.79<-0.05]
2026.02.13 07:45:00;ORDER;filled SELL 0.03 lots sl=4997.27 tp=4898.09 [WT|CHOCH|0.60]
2026.02.13 07:45:00;RISK;sizing: vol_ratio=0.75 scalar=1.00 gap_buf=0.00000 eff_stop=33.06000
2026.02.13 07:45:00;ORDER;entry fill deal #116 SELL 0.03 @ 4964.21000
2026.02.13 13:00:00;DECISION;setup SHORT score=0.65 entry=4950.14 inv=4989.65 tgt=0.00 [BOS short lvl=4961.44|RelVol=0.86|VPnode d=5.46|VWAPside]
2026.02.13 13:00:00;VETO;risk veto: max positions
2026.02.13 15:30:40;RISK;deal closed pnl=-99.18 streak=1 lock=0
2026.02.13 15:45:00;DECISION;setup LONG score=0.65 entry=4984.08 inv=4933.76 tgt=0.00 [CHoCH long lvl=4980.79|RelVol=1.30|VPnode d=4.32|VWAPside]
2026.02.13 15:45:00;ORDER;filled BUY 0.02 lots sl=4933.76 tp=5084.84 [WT|CHOCH|0.65]
2026.02.13 15:45:00;RISK;sizing: vol_ratio=0.83 scalar=1.00 gap_buf=0.00000 eff_stop=50.36000
2026.02.13 15:45:00;ORDER;entry fill deal #118 BUY 0.02 @ 4984.12000
2026.02.13 20:54:40;MANAGE;#118 SL 4933.76 -> 4984.16 breakeven
2026.02.13 20:54:59;MANAGE;#118 SL 4984.16 -> 4999.02 trail
2026.02.13 20:55:40;MANAGE;#118 SL 4999.02 -> 5000.41 trail
2026.02.13 21:01:40;MANAGE;#118 SL 5000.41 -> 5002.52 trail
2026.02.13 21:05:40;MANAGE;#118 SL 5002.52 -> 5004.96 trail
2026.02.13 21:06:40;MANAGE;#118 SL 5004.96 -> 5007.01 trail
2026.02.13 21:07:40;MANAGE;#118 SL 5007.01 -> 5011.35 trail
2026.02.13 21:09:40;MANAGE;#118 SL 5011.35 -> 5012.47 trail
2026.02.13 21:10:20;MANAGE;#118 SL 5012.47 -> 5012.73 trail
2026.02.13 21:15:00;DECISION;setup LONG score=0.50 entry=5039.62 inv=5005.99 tgt=0.00 [BOS long lvl=5034.03|RelVol=0.81|VWAPside|ADX=39]
2026.02.13 21:15:00;VETO;authorization denied: outside session window (server hour 21, window 03-20)
2026.02.13 21:30:00;VETO;authorization denied: outside session window (server hour 21, window 03-20)
2026.02.13 21:30:40;MANAGE;#118 SL 5012.73 -> 5013.52 trail
2026.02.13 21:45:00;VETO;authorization denied: outside session window (server hour 21, window 03-20)
2026.02.13 22:00:00;VETO;authorization denied: outside session window (server hour 22, window 03-20)
2026.02.13 23:05:40;ERROR;modify #118 sl=5013.91 tp=5084.84 rejected rc=10018
2026.02.13 23:33:40;ERROR;modify #118 sl=5014.60 tp=5084.84 rejected rc=10018
2026.02.13 23:34:20;ERROR;modify #118 sl=5014.73 tp=5084.84 rejected rc=10018
2026.02.13 23:34:59;ERROR;modify #118 sl=5013.84 tp=5084.84 rejected rc=10018
2026.02.13 23:35:59;ERROR;modify #118 sl=5013.76 tp=5084.84 rejected rc=10018
2026.02.13 23:37:40;ERROR;modify #118 sl=5014.13 tp=5084.84 rejected rc=10018
2026.02.13 23:38:40;ERROR;modify #118 sl=5014.77 tp=5084.84 rejected rc=10018
2026.02.13 23:39:20;ERROR;modify #118 sl=5014.49 tp=5084.84 rejected rc=10018
2026.02.13 23:39:59;ERROR;modify #118 sl=5013.76 tp=5084.84 rejected rc=10018
2026.02.13 23:40:40;ERROR;modify #118 sl=5015.58 tp=5084.84 rejected rc=10018
2026.02.13 23:41:20;ERROR;modify #118 sl=5015.32 tp=5084.84 rejected rc=10018
2026.02.13 23:41:59;ERROR;modify #118 sl=5018.49 tp=5084.84 rejected rc=10018
2026.02.13 23:42:40;ERROR;modify #118 sl=5017.29 tp=5084.84 rejected rc=10018
2026.02.13 23:43:20;ERROR;modify #118 sl=5018.08 tp=5084.84 rejected rc=10018
2026.02.13 23:43:59;ERROR;modify #118 sl=5017.59 tp=5084.84 rejected rc=10018
2026.02.13 23:44:40;ERROR;modify #118 sl=5018.68 tp=5084.84 rejected rc=10018
2026.02.13 23:45:20;ERROR;modify #118 sl=5019.23 tp=5084.84 rejected rc=10018
2026.02.13 23:45:59;ERROR;modify #118 sl=5018.84 tp=5084.84 rejected rc=10018
2026.02.13 23:46:40;ERROR;modify #118 sl=5026.45 tp=5084.84 rejected rc=10018
2026.02.13 23:47:20;ERROR;modify #118 sl=5025.87 tp=5084.84 rejected rc=10018
2026.02.13 23:47:59;ERROR;modify #118 sl=5021.21 tp=5084.84 rejected rc=10018
2026.02.13 23:48:40;ERROR;modify #118 sl=5022.77 tp=5084.84 rejected rc=10018
2026.02.13 23:49:20;ERROR;modify #118 sl=5021.31 tp=5084.84 rejected rc=10018
2026.02.13 23:49:59;ERROR;modify #118 sl=5023.09 tp=5084.84 rejected rc=10018
2026.02.13 23:50:40;ERROR;modify #118 sl=5021.36 tp=5084.84 rejected rc=10018
2026.02.13 23:51:20;ERROR;modify #118 sl=5022.27 tp=5084.84 rejected rc=10018
2026.02.13 23:51:59;ERROR;modify #118 sl=5019.04 tp=5084.84 rejected rc=10018
2026.02.13 23:52:40;ERROR;modify #118 sl=5018.12 tp=5084.84 rejected rc=10018
2026.02.13 23:53:20;ERROR;modify #118 sl=5018.67 tp=5084.84 rejected rc=10018
2026.02.13 23:53:59;ERROR;modify #118 sl=5020.04 tp=5084.84 rejected rc=10018
2026.02.13 23:54:40;ERROR;modify #118 sl=5023.58 tp=5084.84 rejected rc=10018
2026.02.13 23:55:20;ERROR;modify #118 sl=5023.22 tp=5084.84 rejected rc=10018
2026.02.13 23:55:59;ERROR;modify #118 sl=5022.08 tp=5084.84 rejected rc=10018
2026.02.13 23:56:40;ERROR;modify #118 sl=5023.96 tp=5084.84 rejected rc=10018
2026.02.13 23:57:20;ERROR;modify #118 sl=5023.94 tp=5084.84 rejected rc=10018
2026.02.13 23:57:59;ERROR;modify #118 sl=5022.85 tp=5084.84 rejected rc=10018
2026.02.13 23:58:40;ERROR;modify #118 sl=5021.89 tp=5084.84 rejected rc=10018
2026.02.13 23:59:20;ERROR;modify #118 sl=5022.58 tp=5084.84 rejected rc=10018
2026.02.13 23:59:59;ERROR;modify #118 sl=5022.90 tp=5084.84 rejected rc=10018
2026.02.16 01:00:00;MANAGE;#118 SL 5013.52 -> 5014.99 trail
2026.02.16 01:00:40;MANAGE;#118 SL 5014.99 -> 5024.57 trail
2026.02.16 01:01:40;RISK;deal closed pnl=80.65 streak=0 lock=0
2026.02.16 01:45:00;DECISION;setup SHORT score=0.65 entry=5018.87 inv=5046.02 tgt=0.00 [CHoCH short lvl=5021.51|RelVol=0.70|VPnode d=0.73|VWAPside]
2026.02.16 01:45:00;VETO;authorization denied: outside session window (server hour 01, window 03-20)
2026.02.16 02:00:00;VETO;authorization denied: outside session window (server hour 02, window 03-20)
2026.02.16 02:15:00;VETO;authorization denied: outside session window (server hour 02, window 03-20)
2026.02.16 02:30:00;VETO;authorization denied: outside session window (server hour 02, window 03-20)
2026.02.16 04:45:00;DECISION;setup SHORT score=0.70 entry=5002.40 inv=5046.02 tgt=0.00 [BOS short lvl=5007.05|RelVol=0.56|VPnear|VWAPside|CycleTurn w=-0.63<--0.55]
2026.02.16 04:45:00;ORDER;filled SELL 0.02 lots sl=5046.02 tp=4915.13 [WT|BOS|0.70]
2026.02.16 04:45:00;RISK;sizing: vol_ratio=0.79 scalar=1.00 gap_buf=0.00000 eff_stop=43.63000
2026.02.16 04:45:00;ORDER;entry fill deal #120 SELL 0.02 @ 5002.39000
2026.02.16 10:00:00;VETO;signal rejected: score 0.40 < 0.45 [CHoCH long lvl=5003.14|RelVol=0.79|VWAPside]
2026.02.16 11:30:00;DECISION;setup LONG score=0.50 entry=5013.49 inv=4995.83 tgt=0.00 [BOS long lvl=5013.36|RelVol=0.50|VWAPside|ADX=37]
2026.02.16 11:30:00;VETO;risk veto: max positions
2026.02.16 14:15:00;DECISION;setup SHORT score=0.50 entry=4997.69 inv=5017.28 tgt=0.00 [CHoCH short lvl=4998.96|RelVol=0.46|VPnear|VWAPside]
2026.02.16 14:15:00;VETO;risk veto: max positions
2026.02.16 16:30:00;DECISION;setup SHORT score=0.75 entry=4992.42 inv=5008.14 tgt=0.00 [BOS short lvl=4992.95|RelVol=0.48|VPnode d=3.88|VWAPside|ADX=33]
2026.02.16 16:30:00;VETO;risk veto: max positions
2026.02.17 02:15:00;DECISION;setup SHORT score=0.70 entry=4979.32 inv=5001.03 tgt=0.00 [BOS short lvl=4988.64|RelVol=0.67|VPnear|VWAPside|CycleTurn w=0.30<-0.94]
2026.02.17 02:15:00;VETO;authorization denied: outside session window (server hour 02, window 03-20)
2026.02.17 02:30:00;VETO;authorization denied: outside session window (server hour 02, window 03-20)
2026.02.17 02:45:00;VETO;authorization denied: outside session window (server hour 02, window 03-20)
2026.02.17 02:52:40;MANAGE;#120 SL 5046.02 -> 5002.35 breakeven
2026.02.17 02:52:59;MANAGE;#120 SL 5002.35 -> 4967.24 trail
2026.02.17 02:53:20;MANAGE;#120 SL 4967.24 -> 4965.43 trail
2026.02.17 02:55:40;MANAGE;#120 SL 4965.43 -> 4965.03 trail
2026.02.17 02:56:20;MANAGE;#120 SL 4965.03 -> 4964.91 trail
2026.02.17 02:57:40;MANAGE;#120 SL 4964.91 -> 4958.43 trail
2026.02.17 02:58:40;MANAGE;#120 SL 4958.43 -> 4948.81 trail
2026.02.17 02:59:20;MANAGE;#120 SL 4948.81 -> 4948.01 trail
2026.02.17 03:00:00;VETO;risk veto: max positions
2026.02.17 03:03:40;MANAGE;#120 SL 4948.01 -> 4944.05 trail
2026.02.17 03:06:40;RISK;deal closed pnl=116.59 streak=0 lock=0
2026.02.17 07:15:00;DECISION;setup SHORT score=0.70 entry=4928.17 inv=4971.26 tgt=0.00 [BOS short lvl=4946.77|RelVol=0.90|VPnear|VWAPside|CycleTurn w=-0.32<-0.13]
2026.02.17 07:15:00;ORDER;filled SELL 0.02 lots sl=4971.26 tp=4841.99 [WT|BOS|0.70]
2026.02.17 07:15:00;RISK;sizing: vol_ratio=1.08 scalar=1.00 gap_buf=0.00000 eff_stop=43.09000
2026.02.17 07:15:00;ORDER;entry fill deal #122 SELL 0.02 @ 4928.17000
2026.02.17 07:31:40;MANAGE;#122 SL 4971.26 -> 4928.13 breakeven
2026.02.17 07:31:59;MANAGE;#122 SL 4928.13 -> 4907.37 trail
2026.02.17 07:32:40;MANAGE;#122 SL 4907.37 -> 4883.53 trail
2026.02.17 07:34:40;RISK;deal closed pnl=89.28 streak=0 lock=0
2026.02.17 12:15:00;DECISION;setup LONG score=0.50 entry=4936.32 inv=4859.08 tgt=0.00 [CHoCH long lvl=4930.43|RelVol=0.77|VPnear|VWAPside]
2026.02.17 12:15:00;ORDER;filled BUY 0.01 lots sl=4859.08 tp=5091.01 [WT|CHOCH|0.50]
2026.02.17 12:15:00;RISK;sizing: vol_ratio=1.11 scalar=1.00 gap_buf=0.00000 eff_stop=77.31000
2026.02.17 12:15:00;ORDER;entry fill deal #124 BUY 0.01 @ 4936.39000
2026.02.17 13:00:00;DECISION;setup SHORT score=0.85 entry=4913.26 inv=4939.46 tgt=0.00 [CHoCH short lvl=4913.41|RelVol=1.11|VPnode d=7.84|VWAPside|CycleTurn w=0.99<-1.00]
2026.02.17 13:00:00;VETO;risk veto: max positions
2026.02.17 14:30:00;DECISION;setup LONG score=0.50 entry=4942.95 inv=4907.70 tgt=0.00 [CHoCH long lvl=4939.46|RelVol=0.83|VPnear|VWAPside]
2026.02.17 14:30:00;VETO;risk veto: max positions
2026.02.17 16:00:00;DECISION;setup SHORT score=0.85 entry=4870.81 inv=4944.52 tgt=0.00 [CHoCH short lvl=4907.70|RelVol=1.25|VPnode d=4.19|VWAPside|CycleTurn w=-0.36<-0.71]
2026.02.17 16:00:00;VETO;risk veto: max positions
2026.02.17 16:01:40;RISK;deal closed pnl=-77.31 streak=1 lock=0
2026.02.17 21:00:00;VETO;signal rejected: score 0.40 < 0.45 [CHoCH long lvl=4893.65|RelVol=1.17|VPnear]
2026.02.18 02:00:00;DECISION;setup SHORT score=0.85 entry=4859.19 inv=4886.79 tgt=0.00 [CHoCH short lvl=4873.29|RelVol=0.92|VPnode d=6.81|VWAPside|CycleTurn w=0.84<-1.00]
2026.02.18 02:00:00;VETO;authorization denied: outside session window (server hour 02, window 03-20)
2026.02.18 02:15:00;VETO;authorization denied: outside session window (server hour 02, window 03-20)
2026.02.18 02:30:00;VETO;authorization denied: outside session window (server hour 02, window 03-20)
2026.02.18 02:45:00;VETO;authorization denied: outside session window (server hour 02, window 03-20)
2026.02.18 03:15:00;DECISION;setup LONG score=0.85 entry=4886.76 inv=4853.99 tgt=0.00 [CHoCH long lvl=4884.56|RelVol=0.56|VPnode d=5.76|VWAPside|CycleTurn w=-0.14<--0.85]
2026.02.18 03:15:00;ORDER;filled BUY 0.03 lots sl=4853.99 tp=4952.42 [WT|CHOCH|0.85]
2026.02.18 03:15:00;RISK;sizing: vol_ratio=0.88 scalar=1.00 gap_buf=0.00000 eff_stop=32.81000
2026.02.18 03:15:00;ORDER;entry fill deal #126 BUY 0.03 @ 4886.80000
2026.02.18 05:26:40;MANAGE;#126 SL 4853.99 -> 4886.84 breakeven
2026.02.18 05:26:59;MANAGE;#126 SL 4886.84 -> 4896.00 trail
2026.02.18 05:27:40;MANAGE;#126 SL 4896.00 -> 4896.28 trail
2026.02.18 05:29:20;MANAGE;#126 SL 4896.28 -> 4896.42 trail
2026.02.18 05:30:00;MANAGE;#126 SL 4896.42 -> 4898.01 trail
2026.02.18 05:30:40;MANAGE;#126 SL 4898.01 -> 4899.55 trail
2026.02.18 05:49:40;MANAGE;#126 SL 4899.55 -> 4899.79 trail
2026.02.18 05:50:40;MANAGE;#126 SL 4899.79 -> 4900.24 trail
2026.02.18 05:54:40;MANAGE;#126 SL 4900.24 -> 4900.43 trail
2026.02.18 05:55:40;MANAGE;#126 SL 4900.43 -> 4901.98 trail
2026.02.18 06:00:20;MANAGE;#126 SL 4901.98 -> 4902.26 trail
2026.02.18 06:04:40;MANAGE;#126 SL 4902.26 -> 4902.53 trail
2026.02.18 06:05:40;MANAGE;#126 SL 4902.53 -> 4903.42 trail
2026.02.18 06:06:40;MANAGE;#126 SL 4903.42 -> 4904.23 trail
2026.02.18 06:07:40;MANAGE;#126 SL 4904.23 -> 4906.17 trail
2026.02.18 06:08:40;MANAGE;#126 SL 4906.17 -> 4909.42 trail
2026.02.18 06:10:40;MANAGE;#126 SL 4909.42 -> 4911.24 trail
2026.02.18 06:13:40;MANAGE;#126 SL 4911.24 -> 4911.85 trail
2026.02.18 06:14:20;MANAGE;#126 SL 4911.85 -> 4912.20 trail
2026.02.18 06:28:40;MANAGE;#126 SL 4912.20 -> 4913.90 trail
2026.02.18 06:29:40;MANAGE;#126 SL 4913.90 -> 4914.72 trail
2026.02.18 06:30:40;MANAGE;#126 SL 4914.72 -> 4915.82 trail
2026.02.18 06:31:40;MANAGE;#126 SL 4915.82 -> 4916.52 trail
2026.02.18 06:33:40;MANAGE;#126 SL 4916.52 -> 4918.46 trail
2026.02.18 06:49:40;MANAGE;#126 SL 4918.46 -> 4920.95 trail
2026.02.18 06:50:40;MANAGE;#126 SL 4920.95 -> 4921.75 trail
2026.02.18 06:53:40;MANAGE;#126 SL 4921.75 -> 4923.44 trail
2026.02.18 07:39:40;MANAGE;#126 SL 4923.44 -> 4923.70 trail
2026.02.18 07:53:40;MANAGE;#126 SL 4923.70 -> 4923.82 trail
2026.02.18 09:06:40;MANAGE;#126 SL 4923.82 -> 4924.96 trail
2026.02.18 09:08:20;MANAGE;#126 SL 4924.96 -> 4925.13 trail
2026.02.18 09:14:20;MANAGE;#126 SL 4925.13 -> 4928.25 trail
2026.02.18 10:05:40;RISK;deal closed pnl=124.35 streak=0 lock=0
2026.02.18 10:45:00;VETO;signal rejected: score 0.30 < 0.45 [CHoCH short lvl=4925.09|RelVol=0.51]
2026.02.18 12:45:00;DECISION;setup SHORT score=0.50 entry=4912.11 inv=4942.32 tgt=0.00 [BOS short lvl=4912.94|RelVol=0.94|VPnear|ADX=40]
2026.02.18 12:45:00;ORDER;filled SELL 0.03 lots sl=4942.32 tp=4851.63 [WT|BOS|0.50]
2026.02.18 12:45:00;RISK;sizing: vol_ratio=0.61 scalar=1.00 gap_buf=0.00000 eff_stop=30.23000
2026.02.18 12:45:00;ORDER;entry fill deal #128 SELL 0.03 @ 4912.09000
2026.02.18 14:45:00;DECISION;setup LONG score=0.70 entry=4929.18 inv=4906.40 tgt=0.00 [CHoCH long lvl=4924.56|RelVol=0.84|VPnear|VWAPside|CycleTurn w=-0.73<--0.94]
2026.02.18 14:45:00;VETO;risk veto: max positions
2026.02.18 14:58:40;RISK;deal closed pnl=-90.69 streak=1 lock=0
2026.02.18 16:45:00;DECISION;setup LONG score=0.50 entry=4981.84 inv=4906.40 tgt=0.00 [BOS long lvl=4969.00|RelVol=0.95|VWAPside|ADX=38]
2026.02.18 16:45:00;ORDER;filled BUY 0.01 lots sl=4906.40 tp=5132.87 [WT|BOS|0.50]
2026.02.18 16:45:00;RISK;sizing: vol_ratio=0.97 scalar=1.00 gap_buf=0.00000 eff_stop=75.49000
2026.02.18 16:45:00;ORDER;entry fill deal #130 BUY 0.01 @ 4981.89000
2026.02.18 20:30:00;VETO;signal rejected: score 0.40 < 0.45 [CHoCH short lvl=4991.45|RelVol=0.65|VPnear]
2026.02.19 06:00:00;DECISION;setup LONG score=0.65 entry=4981.66 inv=4960.53 tgt=0.00 [CHoCH long lvl=4977.44|RelVol=0.62|VPnode d=4.26|VWAPside]
2026.02.19 06:00:00;VETO;risk veto: max positions
2026.02.19 11:30:00;DECISION;setup SHORT score=0.75 entry=5000.62 inv=5021.84 tgt=0.00 [CHoCH short lvl=5006.30|RelVol=0.78|VPnode d=1.02|CycleTurn w=0.28<-0.97]
2026.02.19 11:30:00;VETO;risk veto: max positions
2026.02.19 15:45:00;DECISION;setup LONG score=0.85 entry=4993.70 inv=4978.02 tgt=0.00 [CHoCH long lvl=4992.92|RelVol=0.94|VPnode d=1.90|VWAPside|CycleTurn w=-0.99<--1.00]
2026.02.19 15:45:00;VETO;risk veto: max positions
2026.02.19 16:15:00;DECISION;setup SHORT score=0.65 entry=4972.87 inv=4992.92 tgt=0.00 [CHoCH short lvl=4978.02|RelVol=0.94|VPnode d=7.27|VWAPside]
2026.02.19 16:15:00;VETO;risk veto: max positions
2026.02.19 17:00:00;DECISION;setup LONG score=0.85 entry=5005.72 inv=4971.82 tgt=0.00 [CHoCH long lvl=4998.51|RelVol=0.96|VPnode d=7.92|VWAPside|CycleTurn w=-0.66<--0.76]
2026.02.19 17:00:00;VETO;risk veto: max positions
2026.02.20 02:00:00;DECISION;setup SHORT score=0.70 entry=4987.72 inv=5007.95 tgt=0.00 [CHoCH short lvl=4991.81|RelVol=0.55|VPnear|VWAPside|CycleTurn w=0.84<-0.97]
2026.02.20 02:00:00;VETO;authorization denied: outside session window (server hour 02, window 03-20)
2026.02.20 02:15:00;VETO;authorization denied: outside session window (server hour 02, window 03-20)
2026.02.20 02:30:00;VETO;authorization denied: outside session window (server hour 02, window 03-20)
2026.02.20 02:45:00;VETO;authorization denied: outside session window (server hour 02, window 03-20)
2026.02.20 03:15:00;DECISION;setup LONG score=0.70 entry=5013.49 inv=4985.55 tgt=0.00 [CHoCH long lvl=5007.95|RelVol=0.54|VPnear|VWAPside|CycleTurn w=0.05<--0.90]
2026.02.20 03:15:00;VETO;risk veto: max positions
2026.02.20 05:30:00;DECISION;setup SHORT score=0.65 entry=4992.20 inv=5014.96 tgt=0.00 [CHoCH short lvl=4992.84|RelVol=0.29|VPnode d=0.40|VWAPside]
2026.02.20 05:30:00;VETO;risk veto: max positions
2026.02.20 08:15:00;VETO;signal rejected: score 0.40 < 0.45 [CHoCH long lvl=5014.96|RelVol=0.64|VWAPside]
2026.02.20 11:15:00;DECISION;setup LONG score=0.70 entry=5039.32 inv=5004.99 tgt=0.00 [BOS long lvl=5030.09|RelVol=0.85|VWAPside|CycleTurn w=0.36<--0.70|ADX=38]
2026.02.20 11:15:00;VETO;risk veto: max positions
2026.02.20 14:00:00;DECISION;setup SHORT score=0.55 entry=5017.37 inv=5038.47 tgt=0.00 [CHoCH short lvl=5019.64|RelVol=1.07|VPnode d=6.83]
2026.02.20 14:00:00;VETO;risk veto: max positions
2026.02.20 16:00:00;DECISION;setup LONG score=0.85 entry=5043.64 inv=5006.95 tgt=0.00 [CHoCH long lvl=5038.47|RelVol=0.94|VPnode d=4.84|VWAPside|CycleTurn w=-0.57<--0.91]
2026.02.20 16:00:00;VETO;risk veto: max positions
2026.02.20 16:45:40;MANAGE;#130 SL 4906.40 -> 4981.93 breakeven
2026.02.20 16:45:59;MANAGE;#130 SL 4981.93 -> 5036.63 trail
2026.02.20 16:46:40;MANAGE;#130 SL 5036.63 -> 5038.18 trail
2026.02.20 16:54:40;MANAGE;#130 SL 5038.18 -> 5038.50 trail
2026.02.20 17:01:40;MANAGE;#130 SL 5038.50 -> 5041.56 trail
2026.02.20 17:02:40;RISK;deal closed pnl=59.16 streak=0 lock=0
2026.02.20 19:00:00;DECISION;setup LONG score=0.75 entry=5066.71 inv=4989.40 tgt=0.00 [BOS long lvl=5064.24|RelVol=0.77|VPnode d=11.91|VWAPside|ADX=32]
2026.02.20 19:00:00;ORDER;filled BUY 0.01 lots sl=4989.40 tp=5221.45 [WT|BOS|0.75]
2026.02.20 19:00:00;RISK;sizing: vol_ratio=1.85 scalar=1.00 gap_buf=0.00000 eff_stop=77.35000
2026.02.20 19:00:00;ORDER;entry fill deal #132 BUY 0.01 @ 5066.75000
2026.02.20 22:00:00;DECISION;setup LONG score=0.70 entry=5079.52 inv=5054.04 tgt=0.00 [BOS long lvl=5076.42|RelVol=0.64|VPnear|VWAPside|CycleTurn w=-0.90<--1.00]
2026.02.20 22:00:00;VETO;authorization denied: outside session window (server hour 22, window 03-20)
2026.02.20 22:15:00;VETO;authorization denied: outside session window (server hour 22, window 03-20)
2026.02.20 22:30:00;VETO;authorization denied: outside session window (server hour 22, window 03-20)
2026.02.20 22:45:00;VETO;authorization denied: outside session window (server hour 22, window 03-20)
2026.02.23 01:14:40;MANAGE;#132 SL 4989.40 -> 5066.79 breakeven
2026.02.23 01:14:59;MANAGE;#132 SL 5066.79 -> 5130.92 trail
2026.02.23 01:16:20;MANAGE;#132 SL 5130.92 -> 5131.14 trail
2026.02.23 01:28:20;MANAGE;#132 SL 5131.14 -> 5132.75 trail
2026.02.23 01:40:40;MANAGE;#132 SL 5132.75 -> 5136.24 trail
2026.02.23 01:41:20;MANAGE;#132 SL 5136.24 -> 5136.50 trail
2026.02.23 01:43:40;MANAGE;#132 SL 5136.50 -> 5137.29 trail
2026.02.23 01:44:40;MANAGE;#132 SL 5137.29 -> 5139.54 trail
2026.02.23 01:50:40;MANAGE;#132 SL 5139.54 -> 5140.51 trail
2026.02.23 01:51:40;MANAGE;#132 SL 5140.51 -> 5144.47 trail
2026.02.23 01:53:20;MANAGE;#132 SL 5144.47 -> 5146.68 trail
2026.02.23 01:57:40;MANAGE;#132 SL 5146.68 -> 5148.36 trail
2026.02.23 01:58:20;MANAGE;#132 SL 5148.36 -> 5150.82 trail
2026.02.23 02:00:40;RISK;deal closed pnl=83.94 streak=0 lock=0
2026.02.23 04:45:00;DECISION;setup LONG score=0.75 entry=5174.50 inv=5129.58 tgt=0.00 [BOS long lvl=5171.88|RelVol=0.71|VPnode d=7.10|VWAPside|ADX=65]
2026.02.23 04:45:00;ORDER;filled BUY 0.02 lots sl=5129.58 tp=5264.46 [WT|BOS|0.75]
2026.02.23 04:45:00;RISK;sizing: vol_ratio=1.34 scalar=1.00 gap_buf=0.00000 eff_stop=44.96000
2026.02.23 04:45:00;ORDER;entry fill deal #134 BUY 0.02 @ 5174.54000
2026.02.23 08:45:00;DECISION;setup SHORT score=0.65 entry=5148.39 inv=5176.81 tgt=0.00 [CHoCH short lvl=5152.23|RelVol=0.74|VPnode d=3.19|VWAPside]
2026.02.23 08:45:00;VETO;risk veto: max positions
2026.02.23 09:26:40;RISK;deal closed pnl=-89.92 streak=1 lock=0
2026.02.23 13:00:00;DECISION;setup LONG score=0.65 entry=5162.93 inv=5122.33 tgt=0.00 [CHoCH long lvl=5161.71|RelVol=0.91|VPnode d=1.87|VWAPside]
2026.02.23 13:00:00;ORDER;filled BUY 0.02 lots sl=5122.33 tp=5244.25 [WT|CHOCH|0.65]
2026.02.23 13:00:00;RISK;sizing: vol_ratio=0.77 scalar=1.00 gap_buf=0.00000 eff_stop=40.64000
2026.02.23 13:00:00;ORDER;entry fill deal #136 BUY 0.02 @ 5162.97000
2026.02.23 14:45:00;DECISION;setup LONG score=0.65 entry=5164.49 inv=5122.33 tgt=0.00 [BOS long lvl=5163.65|RelVol=0.87|VPnode d=0.31|VWAPside]
2026.02.23 14:45:00;VETO;risk veto: max positions
2026.02.23 16:45:00;DECISION;setup LONG score=0.60 entry=5190.87 inv=5145.54 tgt=0.00 [BOS long lvl=5165.52|RelVol=0.88|VWAPside|CycleTurn w=0.00<--0.95]
2026.02.23 16:45:00;VETO;risk veto: max positions
2026.02.23 17:20:40;MANAGE;#136 SL 5122.33 -> 5163.01 breakeven
2026.02.23 17:20:59;MANAGE;#136 SL 5163.01 -> 5179.91 trail
2026.02.23 17:21:20;MANAGE;#136 SL 5179.91 -> 5180.14 trail
2026.02.23 18:04:40;RISK;deal closed pnl=34.34 streak=0 lock=0
2026.02.23 21:45:00;DECISION;setup LONG score=0.60 entry=5217.04 inv=5191.00 tgt=0.00 [BOS long lvl=5215.89|RelVol=0.73|VWAPside|CycleTurn w=-1.00<--1.00]
2026.02.23 21:45:00;VETO;authorization denied: outside session window (server hour 21, window 03-20)
2026.02.23 22:00:00;VETO;authorization denied: outside session window (server hour 22, window 03-20)
2026.02.23 22:15:00;VETO;authorization denied: outside session window (server hour 22, window 03-20)
2026.02.23 22:30:00;VETO;authorization denied: outside session window (server hour 22, window 03-20)
2026.02.24 01:15:00;DECISION;setup LONG score=0.75 entry=5244.52 inv=5191.00 tgt=0.00 [BOS long lvl=5237.96|RelVol=0.82|VPnode d=1.82|VWAPside|ADX=45]
2026.02.24 01:15:00;VETO;authorization denied: outside session window (server hour 01, window 03-20)
2026.02.24 01:30:00;VETO;authorization denied: outside session window (server hour 01, window 03-20)
2026.02.24 01:45:00;VETO;authorization denied: outside session window (server hour 01, window 03-20)
2026.02.24 02:00:00;VETO;authorization denied: outside session window (server hour 02, window 03-20)
2026.02.24 03:15:00;VETO;signal rejected: score 0.40 < 0.45 [CHoCH short lvl=5218.17|RelVol=1.57|VWAPside]
2026.02.24 14:30:00;DECISION;setup SHORT score=0.85 entry=5161.62 inv=5181.47 tgt=0.00 [BOS short lvl=5163.25|RelVol=1.21|VPnode d=2.98|VWAPside|CycleTurn w=0.85<-0.99]
2026.02.24 14:30:00;ORDER;filled SELL 0.05 lots sl=5181.47 tp=5121.92 [WT|BOS|0.85]
2026.02.24 14:30:00;RISK;sizing: vol_ratio=0.73 scalar=1.00 gap_buf=0.00000 eff_stop=19.85000
2026.02.24 14:30:00;ORDER;entry fill deal #138 SELL 0.05 @ 5161.62000
2026.02.24 15:39:40;MANAGE;#138 SL 5181.47 -> 5161.58 breakeven
2026.02.24 15:39:59;MANAGE;#138 SL 5161.58 -> 5156.89 trail
2026.02.24 15:40:20;MANAGE;#138 SL 5156.89 -> 5155.17 trail
2026.02.24 15:48:40;MANAGE;#138 SL 5155.17 -> 5149.55 trail
2026.02.24 15:49:40;MANAGE;#138 SL 5149.55 -> 5146.61 trail
2026.02.24 15:50:40;MANAGE;#138 SL 5146.61 -> 5143.95 trail
2026.02.24 15:59:40;RISK;deal closed pnl=198.50 streak=0 lock=0
2026.02.24 19:15:00;VETO;signal rejected: score 0.40 < 0.45 [CHoCH long lvl=5155.37|RelVol=0.68|VPnear]
2026.02.24 22:45:00;DECISION;setup LONG score=0.85 entry=5172.12 inv=5146.44 tgt=0.00 [BOS long lvl=5170.21|RelVol=0.67|VPnode d=1.42|VWAPside|CycleTurn w=0.40<--0.55]
2026.02.24 22:45:00;VETO;authorization denied: outside session window (server hour 22, window 03-20)
2026.02.24 23:00:00;VETO;authorization denied: outside session window (server hour 23, window 03-20)
2026.02.24 23:15:00;VETO;authorization denied: outside session window (server hour 23, window 03-20)
2026.02.24 23:30:00;VETO;authorization denied: outside session window (server hour 23, window 03-20)
2026.02.25 01:00:00;DECISION;setup SHORT score=0.50 entry=5142.82 inv=5173.30 tgt=0.00 [CHoCH short lvl=5146.44|RelVol=0.68|CycleTurn w=0.33<-0.89]
2026.02.25 01:00:00;VETO;authorization denied: outside session window (server hour 01, window 03-20)
2026.02.25 01:15:00;VETO;authorization denied: outside session window (server hour 01, window 03-20)
2026.02.25 01:30:00;VETO;authorization denied: outside session window (server hour 01, window 03-20)
2026.02.25 01:45:00;VETO;authorization denied: outside session window (server hour 01, window 03-20)
2026.02.25 03:15:00;DECISION;setup LONG score=0.70 entry=5174.56 inv=5120.04 tgt=0.00 [CHoCH long lvl=5173.30|RelVol=1.14|VPnear|VWAPside|CycleTurn w=-0.02<--0.87]
2026.02.25 03:15:00;ORDER;filled BUY 0.02 lots sl=5120.04 tp=5283.60 [WT|CHOCH|0.70]
2026.02.25 03:15:00;RISK;sizing: vol_ratio=1.13 scalar=1.00 gap_buf=0.00000 eff_stop=54.52000
2026.02.25 03:15:00;ORDER;entry fill deal #140 BUY 0.02 @ 5174.56000
2026.02.25 07:30:00;DECISION;setup LONG score=0.85 entry=5195.58 inv=5172.67 tgt=0.00 [BOS long lvl=5193.97|RelVol=0.78|VPnode d=0.22|VWAPside|CycleTurn w=-0.91<--1.00]
2026.02.25 07:30:00;VETO;risk veto: max positions
2026.02.25 12:30:00;DECISION;setup SHORT score=0.65 entry=5175.41 inv=5197.41 tgt=0.00 [CHoCH short lvl=5176.61|RelVol=1.38|VPnode d=2.19|VWAPside]
2026.02.25 12:30:00;VETO;risk veto: max positions
2026.02.25 17:15:00;DECISION;setup LONG score=0.65 entry=5193.18 inv=5155.27 tgt=0.00 [CHoCH long lvl=5191.52|RelVol=0.88|VPnode d=1.62|VWAPside]
2026.02.25 17:15:00;VETO;risk veto: max positions
2026.02.25 18:30:00;DECISION;setup LONG score=0.65 entry=5203.05 inv=5172.54 tgt=0.00 [BOS long lvl=5202.43|RelVol=0.63|VPnode d=6.85|VWAPside]
2026.02.25 18:30:00;VETO;risk veto: max positions
2026.02.25 21:00:00;DECISION;setup SHORT score=0.75 entry=5202.09 inv=5217.80 tgt=0.00 [CHoCH short lvl=5203.66|RelVol=0.47|VPnode d=3.89|CycleTurn w=0.19<-0.80]
2026.02.25 21:00:00;VETO;authorization denied: outside session window (server hour 21, window 03-20)
2026.02.25 21:15:00;VETO;authorization denied: outside session window (server hour 21, window 03-20)
2026.02.25 21:30:00;VETO;authorization denied: outside session window (server hour 21, window 03-20)
2026.02.25 21:45:00;VETO;authorization denied: outside session window (server hour 21, window 03-20)
2026.02.25 22:30:00;DECISION;setup SHORT score=0.65 entry=5186.10 inv=5217.80 tgt=0.00 [BOS short lvl=5191.80|RelVol=0.97|VPnode d=1.40|ADX=41]
2026.02.25 22:30:00;VETO;authorization denied: outside session window (server hour 22, window 03-20)
2026.02.25 22:45:00;VETO;authorization denied: outside session window (server hour 22, window 03-20)
2026.02.25 23:00:00;VETO;authorization denied: outside session window (server hour 23, window 03-20)
2026.02.25 23:15:00;VETO;authorization denied: outside session window (server hour 23, window 03-20)
2026.02.26 02:30:00;DECISION;setup LONG score=0.85 entry=5185.52 inv=5158.68 tgt=0.00 [CHoCH long lvl=5182.16|RelVol=0.74|VPnode d=10.32|VWAPside|CycleTurn w=-0.86<--0.96]
2026.02.26 02:30:00;VETO;authorization denied: outside session window (server hour 02, window 03-20)
2026.02.26 02:45:00;VETO;authorization denied: outside session window (server hour 02, window 03-20)
2026.02.26 03:00:00;VETO;risk veto: max positions
2026.02.26 04:45:00;DECISION;setup SHORT score=0.85 entry=5176.49 inv=5198.32 tgt=0.00 [CHoCH short lvl=5178.81|RelVol=1.46|VPnode d=0.91|VWAPside|CycleTurn w=0.94<-0.99]
2026.02.26 04:45:00;VETO;risk veto: max positions
2026.02.26 06:15:00;DECISION;setup LONG score=0.65 entry=5196.84 inv=5174.25 tgt=0.00 [CHoCH long lvl=5195.89|RelVol=0.66|VPnode d=3.04|VWAPside]
2026.02.26 06:15:00;VETO;risk veto: max positions
2026.02.26 07:30:00;DECISION;setup LONG score=0.75 entry=5200.59 inv=5174.25 tgt=0.00 [BOS long lvl=5199.27|RelVol=0.84|VPnode d=5.39|VWAPside|ADX=35]
2026.02.26 07:30:00;VETO;risk veto: max positions
2026.02.26 09:15:00;DECISION;setup SHORT score=0.75 entry=5187.54 inv=5205.65 tgt=0.00 [CHoCH short lvl=5189.94|RelVol=0.74|VPnode d=1.36|CycleTurn w=-0.39<-0.65]
2026.02.26 09:15:00;VETO;risk veto: max positions
2026.02.26 14:00:00;DECISION;setup SHORT score=0.50 entry=5164.67 inv=5190.20 tgt=0.00 [BOS short lvl=5165.97|RelVol=0.92|VWAPside|ADX=38]
2026.02.26 14:00:00;VETO;risk veto: max positions
2026.02.26 17:30:00;DECISION;setup SHORT score=0.50 entry=5141.77 inv=5187.95 tgt=0.00 [BOS short lvl=5157.78|RelVol=1.36|VWAPside|ADX=38]
2026.02.26 17:30:00;VETO;risk veto: max positions
2026.02.27 03:17:00;VETO;signal rejected: score 0.30 < 0.45 [CHoCH long lvl=5190.45|RelVol=0.14]
2026.02.27 07:30:00;DECISION;setup LONG score=0.85 entry=5194.74 inv=5173.74 tgt=0.00 [BOS long lvl=5190.66|RelVol=0.69|VPnode d=0.54|VWAPside|CycleTurn w=-0.92<--0.93]
2026.02.27 07:30:00;VETO;risk veto: max positions
2026.02.27 09:30:00;DECISION;setup SHORT score=0.85 entry=5178.70 inv=5200.37 tgt=0.00 [CHoCH short lvl=5180.97|RelVol=0.91|VPnode d=2.30|VWAPside|CycleTurn w=-0.61<-0.36]
2026.02.27 09:30:00;VETO;risk veto: max positions
2026.02.27 12:30:00;DECISION;setup SHORT score=0.75 entry=5173.65 inv=5200.37 tgt=0.00 [BOS short lvl=5174.34|RelVol=0.82|VPnode d=0.55|VWAPside|ADX=36]
2026.02.27 12:30:00;VETO;risk veto: max positions
2026.02.27 14:00:00;DECISION;setup LONG score=0.85 entry=5185.74 inv=5168.70 tgt=0.00 [CHoCH long lvl=5182.67|RelVol=0.74|VPnode d=3.26|VWAPside|CycleTurn w=0.02<--0.86]
2026.02.27 14:00:00;VETO;risk veto: max positions
2026.02.27 15:15:00;VETO;signal rejected: score 0.40 < 0.45 [BOS long lvl=5190.84|RelVol=1.47|VWAPside]
2026.02.27 15:22:40;MANAGE;#140 SL 5120.04 -> 5174.60 breakeven
2026.02.27 15:22:59;MANAGE;#140 SL 5174.60 -> 5213.88 trail
2026.02.27 15:23:40;MANAGE;#140 SL 5213.88 -> 5219.03 trail
2026.02.27 15:24:40;MANAGE;#140 SL 5219.03 -> 5221.67 trail
2026.02.27 15:25:40;MANAGE;#140 SL 5221.67 -> 5222.35 trail
2026.02.27 15:26:40;MANAGE;#140 SL 5222.35 -> 5224.68 trail
2026.02.27 15:27:20;MANAGE;#140 SL 5224.68 -> 5225.00 trail
2026.02.27 15:30:40;RISK;deal closed pnl=99.87 streak=0 lock=0
2026.02.27 18:15:00;DECISION;setup LONG score=0.50 entry=5253.85 inv=5183.06 tgt=0.00 [BOS long lvl=5240.60|RelVol=1.05|VWAPside|ADX=45]
2026.02.27 18:15:00;ORDER;filled BUY 0.01 lots sl=5183.06 tp=5395.52 [WT|BOS|0.50]
2026.02.27 18:15:00;RISK;sizing: vol_ratio=1.74 scalar=1.00 gap_buf=0.00000 eff_stop=70.82000
2026.02.27 18:15:00;ORDER;entry fill deal #142 BUY 0.01 @ 5253.88000
2026.02.27 22:45:00;DECISION;setup LONG score=0.50 entry=5259.99 inv=5220.81 tgt=0.00 [BOS long lvl=5257.98|RelVol=0.91|VWAPside|ADX=38]
2026.02.27 22:45:00;VETO;authorization denied: outside session window (server hour 22, window 03-20)
2026.02.27 23:00:00;VETO;authorization denied: outside session window (server hour 23, window 03-20)
2026.02.27 23:15:00;VETO;authorization denied: outside session window (server hour 23, window 03-20)
2026.02.27 23:30:00;VETO;authorization denied: outside session window (server hour 23, window 03-20)
2026.03.02 01:00:00;MANAGE;#142 SL 5183.06 -> 5254.03 breakeven
2026.03.02 01:00:20;MANAGE;#142 SL 5254.03 -> 5346.05 trail
2026.03.02 01:00:40;RISK;deal closed pnl=92.04 streak=0 lock=0
2026.03.02 08:15:00;DECISION;setup LONG score=0.70 entry=5375.11 inv=5340.62 tgt=0.00 [BOS long lvl=5367.23|RelVol=0.88|VPnear|VWAPside|CycleTurn w=-0.98<--1.00]
2026.03.02 08:15:00;ORDER;filled BUY 0.03 lots sl=5340.62 tp=5444.72 [WT|BOS|0.70]
2026.03.02 08:15:00;RISK;sizing: vol_ratio=0.89 scalar=1.00 gap_buf=0.00000 eff_stop=34.70000
2026.03.02 08:15:00;ORDER;entry fill deal #144 BUY 0.03 @ 5375.32000
2026.03.02 09:16:40;MANAGE;#144 SL 5340.62 -> 5375.36 breakeven
2026.03.02 09:16:59;MANAGE;#144 SL 5375.36 -> 5386.93 trail
2026.03.02 09:17:40;MANAGE;#144 SL 5386.93 -> 5391.82 trail
2026.03.02 09:18:40;MANAGE;#144 SL 5391.82 -> 5394.30 trail
2026.03.02 09:20:20;MANAGE;#144 SL 5394.30 -> 5394.83 trail
2026.03.02 10:55:40;RISK;deal closed pnl=58.53 streak=0 lock=0
2026.03.02 15:30:00;DECISION;setup LONG score=0.65 entry=5401.66 inv=5375.51 tgt=0.00 [BOS long lvl=5400.87|RelVol=1.44|VPnode d=7.16|VWAPside]
2026.03.02 15:30:00;ORDER;filled BUY 0.04 lots sl=5375.51 tp=5454.32 [WT|BOS|0.65]
2026.03.02 15:30:00;RISK;sizing: vol_ratio=1.00 scalar=1.00 gap_buf=0.00000 eff_stop=26.27000
2026.03.02 15:30:00;ORDER;entry fill deal #146 BUY 0.04 @ 5401.78000
2026.03.02 16:05:20;RISK;deal closed pnl=-105.08 streak=1 lock=0
2026.03.02 16:15:00;VETO;signal rejected: score 0.40 < 0.45 [CHoCH short lvl=5382.07|RelVol=1.34|StopFloored|VPnear]
2026.03.02 18:15:00;DECISION;setup SHORT score=0.60 entry=5300.65 inv=5416.72 tgt=0.00 [BOS short lvl=5306.94|RelVol=1.74|VPnear|VWAPside|ADX=33]
2026.03.02 18:15:00;VETO;risk veto: size 0.00 < broker min 0.01 (risk too small for stop)
2026.03.02 21:15:00;DECISION;setup LONG score=0.55 entry=5330.52 inv=5289.61 tgt=0.00 [CHoCH long lvl=5320.64|RelVol=1.10|VPnode d=1.92]
2026.03.02 21:15:00;VETO;authorization denied: outside session window (server hour 21, window 03-20)
2026.03.02 21:30:00;VETO;authorization denied: outside session window (server hour 21, window 03-20)
2026.03.02 21:45:00;VETO;authorization denied: outside session window (server hour 21, window 03-20)
2026.03.02 22:00:00;VETO;authorization denied: outside session window (server hour 22, window 03-20)
2026.03.03 02:15:00;DECISION;setup LONG score=0.65 entry=5348.53 inv=5320.72 tgt=0.00 [BOS long lvl=5347.17|RelVol=0.52|VPnode d=6.13|VWAPside]
2026.03.03 02:15:00;VETO;authorization denied: outside session window (server hour 02, window 03-20)
2026.03.03 02:30:00;VETO;authorization denied: outside session window (server hour 02, window 03-20)
2026.03.03 02:45:00;VETO;authorization denied: outside session window (server hour 02, window 03-20)
2026.03.03 03:00:00;ORDER;filled BUY 0.03 lots sl=5320.72 tp=5409.64 [WT|BOS|0.65]
2026.03.03 03:00:00;RISK;sizing: vol_ratio=0.65 scalar=1.00 gap_buf=0.00000 eff_stop=29.64000
2026.03.03 03:00:00;ORDER;entry fill deal #148 BUY 0.03 @ 5350.36000
2026.03.03 07:30:00;DECISION;setup SHORT score=0.55 entry=5358.86 inv=5375.60 tgt=0.00 [CHoCH short lvl=5359.18|RelVol=1.30|VPnode d=8.24]
2026.03.03 07:30:00;VETO;risk veto: max positions
2026.03.03 07:52:40;RISK;deal closed pnl=-88.92 streak=1 lock=0
2026.03.03 11:30:00;DECISION;setup SHORT score=0.50 entry=5242.24 inv=5335.93 tgt=0.00 [BOS short lvl=5278.99|RelVol=2.73|VWAPside|ADX=36]
2026.03.03 11:30:00;ORDER;filled SELL 0.01 lots sl=5335.93 tp=5055.16 [WT|BOS|0.50]
2026.03.03 11:30:00;RISK;sizing: vol_ratio=1.31 scalar=1.00 gap_buf=0.00000 eff_stop=93.59000
2026.03.03 11:30:00;ORDER;entry fill deal #150 SELL 0.01 @ 5242.34000
2026.03.03 13:15:00;DECISION;setup SHORT score=0.50 entry=5198.42 inv=5335.93 tgt=0.00 [BOS short lvl=5226.29|RelVol=3.28|VWAPside|ADX=38]
2026.03.03 13:15:00;VETO;risk veto: max positions
2026.03.03 13:29:40;MANAGE;#150 SL 5335.93 -> 5242.30 breakeven
2026.03.03 13:29:59;MANAGE;#150 SL 5242.30 -> 5186.38 trail
2026.03.03 13:31:40;MANAGE;#150 SL 5186.38 -> 5150.04 trail
2026.03.03 13:32:40;MANAGE;#150 SL 5150.04 -> 5149.03 trail
2026.03.03 13:33:20;MANAGE;#150 SL 5149.03 -> 5147.58 trail
2026.03.03 13:48:40;RISK;deal closed pnl=94.76 streak=0 lock=0
2026.03.03 16:45:00;DECISION;setup SHORT score=0.60 entry=5071.63 inv=5226.77 tgt=0.00 [BOS short lvl=5075.28|RelVol=1.22|VWAPside|CycleTurn w=-0.72<--0.19]
2026.03.03 16:45:00;VETO;risk veto: size 0.00 < broker min 0.01 (risk too small for stop)
2026.03.03 21:00:00;DECISION;setup LONG score=0.55 entry=5136.06 inv=5065.32 tgt=0.00 [CHoCH long lvl=5134.82|RelVol=1.51|VPnode d=13.26]
2026.03.03 21:00:00;VETO;authorization denied: outside session window (server hour 21, window 03-20)
2026.03.03 21:15:00;VETO;authorization denied: outside session window (server hour 21, window 03-20)
2026.03.03 21:30:00;VETO;authorization denied: outside session window (server hour 21, window 03-20)
2026.03.03 21:45:00;VETO;authorization denied: outside session window (server hour 21, window 03-20)
2026.03.03 23:00:00;DECISION;setup SHORT score=0.70 entry=5097.25 inv=5149.04 tgt=0.00 [CHoCH short lvl=5099.42|RelVol=1.46|VPnear|VWAPside|CycleTurn w=0.99<-1.00]
2026.03.03 23:00:00;VETO;authorization denied: outside session window (server hour 23, window 03-20)
2026.03.03 23:15:00;VETO;authorization denied: outside session window (server hour 23, window 03-20)
2026.03.03 23:30:00;VETO;authorization denied: outside session window (server hour 23, window 03-20)
2026.03.03 23:45:00;VETO;authorization denied: outside session window (server hour 23, window 03-20)
2026.03.04 02:45:00;DECISION;setup LONG score=0.65 entry=5132.35 inv=5082.96 tgt=0.00 [CHoCH long lvl=5130.41|RelVol=0.97|VPnode d=4.55|VWAPside]
2026.03.04 02:45:00;VETO;authorization denied: outside session window (server hour 02, window 03-20)
2026.03.04 03:00:00;ORDER;filled BUY 0.02 lots sl=5082.96 tp=5250.30 [WT|CHOCH|0.65]
2026.03.04 03:00:00;RISK;sizing: vol_ratio=0.66 scalar=1.00 gap_buf=0.00000 eff_stop=55.78000
2026.03.04 03:00:00;ORDER;entry fill deal #152 BUY 0.02 @ 5138.74000
2026.03.04 08:15:00;DECISION;setup SHORT score=0.65 entry=5142.09 inv=5181.03 tgt=0.00 [CHoCH short lvl=5152.13|RelVol=1.62|VPnode d=3.71|VWAPside]
2026.03.04 08:15:00;VETO;risk veto: max positions
2026.03.04 09:45:00;DECISION;setup LONG score=0.85 entry=5169.59 inv=5122.39 tgt=0.00 [CHoCH long lvl=5168.32|RelVol=1.16|VPnode d=8.21|VWAPside|CycleTurn w=-0.63<--0.88]
2026.03.04 09:45:00;VETO;risk veto: max positions
2026.03.04 11:45:00;DECISION;setup LONG score=0.65 entry=5182.56 inv=5147.91 tgt=0.00 [BOS long lvl=5175.98|RelVol=0.95|VPnode d=4.76|VWAPside]
2026.03.04 11:45:00;VETO;risk veto: max positions
2026.03.04 12:09:40;MANAGE;#152 SL 5082.96 -> 5138.78 breakeven
2026.03.04 12:09:59;MANAGE;#152 SL 5138.78 -> 5165.06 trail
2026.03.04 12:10:20;MANAGE;#152 SL 5165.06 -> 5167.56 trail
2026.03.04 12:11:40;MANAGE;#152 SL 5167.56 -> 5168.33 trail
2026.03.04 12:15:00;MANAGE;#152 SL 5168.33 -> 5169.82 trail
2026.03.04 12:15:20;MANAGE;#152 SL 5169.82 -> 5170.69 trail
2026.03.04 12:16:40;MANAGE;#152 SL 5170.69 -> 5170.87 trail
2026.03.04 12:17:40;MANAGE;#152 SL 5170.87 -> 5174.01 trail
2026.03.04 14:02:40;MANAGE;#152 SL 5174.01 -> 5174.75 trail
2026.03.04 14:03:40;MANAGE;#152 SL 5174.75 -> 5180.25 trail
2026.03.04 14:04:20;MANAGE;#152 SL 5180.25 -> 5181.62 trail
2026.03.04 14:19:20;RISK;deal closed pnl=85.76 streak=0 lock=0
2026.03.04 17:00:00;DECISION;setup SHORT score=0.65 entry=5146.48 inv=5206.14 tgt=0.00 [CHoCH short lvl=5156.27|RelVol=1.40|VPnode d=2.52|VWAPside]
2026.03.04 17:00:00;ORDER;filled SELL 0.01 lots sl=5206.14 tp=5024.16 [WT|CHOCH|0.65]
2026.03.04 17:00:00;RISK;sizing: vol_ratio=0.87 scalar=1.00 gap_buf=0.00000 eff_stop=60.66000
2026.03.04 17:00:00;ORDER;entry fill deal #154 SELL 0.01 @ 5145.48000
2026.03.04 20:15:00;DECISION;setup SHORT score=0.65 entry=5124.73 inv=5206.14 tgt=0.00 [BOS short lvl=5131.30|RelVol=1.58|VPnode d=14.07|VWAPside]
2026.03.04 20:15:00;VETO;authorization denied: outside session window (server hour 20, window 03-20)
2026.03.04 20:30:00;VETO;authorization denied: outside session window (server hour 20, window 03-20)
2026.03.04 20:45:00;VETO;authorization denied: outside session window (server hour 20, window 03-20)
2026.03.04 21:00:00;VETO;authorization denied: outside session window (server hour 21, window 03-20)
2026.03.05 01:15:00;DECISION;setup LONG score=0.55 entry=5146.99 inv=5123.37 tgt=0.00 [CHoCH long lvl=5146.78|RelVol=0.53|VPnode d=0.61]
2026.03.05 01:15:00;VETO;authorization denied: outside session window (server hour 01, window 03-20)
2026.03.05 01:30:00;VETO;authorization denied: outside session window (server hour 01, window 03-20)
2026.03.05 01:45:00;VETO;authorization denied: outside session window (server hour 01, window 03-20)
2026.03.05 02:00:00;VETO;authorization denied: outside session window (server hour 02, window 03-20)
2026.03.05 05:00:00;DECISION;setup LONG score=0.60 entry=5192.05 inv=5129.52 tgt=0.00 [BOS long lvl=5186.54|RelVol=0.92|VPnear|VWAPside|ADX=42]
2026.03.05 05:00:00;VETO;risk veto: max positions
2026.03.05 11:15:00;DECISION;setup LONG score=0.85 entry=5179.54 inv=5137.79 tgt=0.00 [BOS long lvl=5172.78|RelVol=1.98|VPnode d=2.24|VWAPside|CycleTurn w=-0.61<--0.98]
2026.03.05 11:15:00;VETO;risk veto: max positions
2026.03.05 14:15:00;DECISION;setup LONG score=0.65 entry=5168.59 inv=5146.35 tgt=0.00 [BOS long lvl=5168.02|RelVol=0.70|VPnode d=3.09|VWAPside]
2026.03.05 14:15:00;VETO;risk veto: max positions
2026.03.05 15:23:40;MANAGE;#154 SL 5206.14 -> 5145.44 breakeven
2026.03.05 15:23:59;MANAGE;#154 SL 5145.44 -> 5104.99 trail
2026.03.05 15:24:20;MANAGE;#154 SL 5104.99 -> 5104.81 trail
2026.03.05 15:24:40;RISK;deal closed pnl=40.53 streak=0 lock=0
2026.03.05 15:30:00;DECISION;setup SHORT score=0.60 entry=5122.30 inv=5171.53 tgt=0.00 [CHoCH short lvl=5146.35|RelVol=2.08|VWAPside|CycleTurn w=-0.38<-0.83]
2026.03.05 15:30:00;ORDER;filled SELL 0.02 lots sl=5171.53 tp=5023.81 [WT|CHOCH|0.60]
2026.03.05 15:30:00;RISK;sizing: vol_ratio=0.96 scalar=1.00 gap_buf=0.00000 eff_stop=49.24000
2026.03.05 15:30:00;ORDER;entry fill deal #156 SELL 0.02 @ 5122.29000
2026.03.05 17:08:40;MANAGE;#156 SL 5171.53 -> 5122.25 breakeven
2026.03.05 17:08:59;MANAGE;#156 SL 5122.25 -> 5099.51 trail
2026.03.05 17:45:00;DECISION;setup SHORT score=0.50 entry=5080.53 inv=5171.53 tgt=0.00 [BOS short lvl=5083.30|RelVol=1.28|VWAPside|ADX=53]
2026.03.05 17:45:00;VETO;risk veto: max positions
2026.03.05 17:59:40;RISK;deal closed pnl=45.56 streak=0 lock=0
2026.03.06 01:45:00;DECISION;setup LONG score=0.65 entry=5101.01 inv=5071.93 tgt=0.00 [CHoCH long lvl=5094.80|RelVol=0.47|VPnode d=4.01|VWAPside]
2026.03.06 01:45:00;VETO;authorization denied: outside session window (server hour 01, window 03-20)
2026.03.06 02:00:00;VETO;authorization denied: outside session window (server hour 02, window 03-20)
2026.03.06 02:15:00;VETO;authorization denied: outside session window (server hour 02, window 03-20)
2026.03.06 02:30:00;VETO;authorization denied: outside session window (server hour 02, window 03-20)
2026.03.06 03:45:00;VETO;signal rejected: score 0.40 < 0.45 [BOS long lvl=5102.01|RelVol=1.05|VWAPside]
2026.03.06 10:30:00;DECISION;setup SHORT score=0.65 entry=5100.63 inv=5141.53 tgt=0.00 [CHoCH short lvl=5105.86|RelVol=1.03|VPnode d=2.43|VWAPside]
2026.03.06 10:30:00;ORDER;filled SELL 0.02 lots sl=5141.53 tp=5018.74 [WT|CHOCH|0.65]
2026.03.06 10:30:00;RISK;sizing: vol_ratio=0.68 scalar=1.00 gap_buf=0.00000 eff_stop=40.93000
2026.03.06 10:30:00;ORDER;entry fill deal #158 SELL 0.02 @ 5100.60000
2026.03.06 15:45:00;DECISION;setup LONG score=0.65 entry=5121.88 inv=5062.82 tgt=0.00 [CHoCH long lvl=5099.82|RelVol=1.53|VPnode d=3.48|VWAPside]
2026.03.06 15:45:00;VETO;risk veto: max positions
2026.03.06 17:01:40;RISK;deal closed pnl=-81.86 streak=1 lock=0
2026.03.06 17:15:00;DECISION;setup LONG score=0.50 entry=5149.22 inv=5065.61 tgt=0.00 [BOS long lvl=5131.07|RelVol=1.36|VPnear|VWAPside]
2026.03.06 17:15:00;ORDER;filled BUY 0.01 lots sl=5065.61 tp=5316.56 [WT|BOS|0.50]
2026.03.06 17:15:00;RISK;sizing: vol_ratio=1.53 scalar=1.00 gap_buf=0.00000 eff_stop=83.65000
2026.03.06 17:15:00;ORDER;entry fill deal #160 BUY 0.01 @ 5149.26000
2026.03.06 20:45:00;DECISION;setup LONG score=0.60 entry=5165.20 inv=5126.04 tgt=0.00 [BOS long lvl=5152.53|RelVol=0.91|VWAPside|CycleTurn w=-0.22<--0.96]
2026.03.06 20:45:00;VETO;authorization denied: outside session window (server hour 20, window 03-20)
2026.03.06 21:00:00;VETO;authorization denied: outside session window (server hour 21, window 03-20)
2026.03.06 21:15:00;VETO;authorization denied: outside session window (server hour 21, window 03-20)
2026.03.06 21:30:00;VETO;authorization denied: outside session window (server hour 21, window 03-20)
2026.03.09 01:15:00;DECISION;setup SHORT score=0.65 entry=5101.85 inv=5174.64 tgt=0.00 [CHoCH short lvl=5149.45|RelVol=1.56|VPnode d=3.55|VWAPside]
2026.03.09 01:15:00;VETO;authorization denied: outside session window (server hour 01, window 03-20)
2026.03.09 01:30:00;VETO;authorization denied: outside session window (server hour 01, window 03-20)
2026.03.09 01:42:40;RISK;deal closed pnl=-83.78 streak=1 lock=0
2026.03.09 01:45:00;VETO;authorization denied: outside session window (server hour 01, window 03-20)
2026.03.09 02:00:00;VETO;authorization denied: outside session window (server hour 02, window 03-20)
2026.03.09 07:45:00;DECISION;setup LONG score=0.50 entry=5120.85 inv=5081.73 tgt=0.00 [CHoCH long lvl=5102.45|RelVol=1.62|VPnear|VWAPside]
2026.03.09 07:45:00;ORDER;filled BUY 0.02 lots sl=5081.73 tp=5199.21 [WT|CHOCH|0.50]
2026.03.09 07:45:00;RISK;sizing: vol_ratio=0.85 scalar=1.00 gap_buf=0.00000 eff_stop=39.16000
2026.03.09 07:45:00;ORDER;entry fill deal #162 BUY 0.02 @ 5120.89000
2026.03.09 11:15:00;DECISION;setup LONG score=0.85 entry=5112.78 inv=5088.63 tgt=0.00 [BOS long lvl=5110.88|RelVol=1.15|VPnode d=0.98|VWAPside|CycleTurn w=-0.98<--0.99]
2026.03.09 11:15:00;VETO;risk veto: max positions
2026.03.09 13:20:40;RISK;deal closed pnl=-78.32 streak=2 lock=0
2026.03.09 13:30:00;DECISION;setup SHORT score=0.65 entry=5085.85 inv=5132.61 tgt=0.00 [CHoCH short lvl=5087.10|RelVol=1.28|VPnode d=5.45|VWAPside]
2026.03.09 13:30:00;ORDER;filled SELL 0.02 lots sl=5132.61 tp=4992.33 [WT|CHOCH|0.65]
2026.03.09 13:30:00;RISK;sizing: vol_ratio=0.79 scalar=1.00 gap_buf=0.00000 eff_stop=46.76000
2026.03.09 13:30:00;ORDER;entry fill deal #164 SELL 0.02 @ 5085.85000
2026.03.09 15:45:00;DECISION;setup SHORT score=0.85 entry=5076.09 inv=5112.14 tgt=0.00 [BOS short lvl=5079.84|RelVol=1.44|VPnode d=1.09|VWAPside|CycleTurn w=0.59<-0.95]
2026.03.09 15:45:00;VETO;risk veto: max positions
2026.03.09 16:45:00;DECISION;setup LONG score=0.65 entry=5112.49 inv=5079.84 tgt=0.00 [CHoCH long lvl=5111.31|RelVol=0.80|VPnode d=2.69|VWAPside]
2026.03.09 16:45:00;VETO;risk veto: max positions
2026.03.09 20:45:00;DECISION;setup LONG score=0.70 entry=5118.12 inv=5089.13 tgt=0.00 [BOS long lvl=5110.73|RelVol=0.76|VPnear|VWAPside|CycleTurn w=-0.25<--0.97]
2026.03.09 20:45:00;VETO;authorization denied: outside session window (server hour 20, window 03-20)
2026.03.09 21:00:00;VETO;authorization denied: outside session window (server hour 21, window 03-20)
2026.03.09 21:15:00;VETO;authorization denied: outside session window (server hour 21, window 03-20)
2026.03.09 21:19:40;RISK;deal closed pnl=-93.52 streak=3 lock=2
2026.03.09 21:30:00;VETO;authorization denied: global lock (LOSS_STREAK)
2026.03.10 02:30:00;DECISION;setup SHORT score=0.85 entry=5130.48 inv=5156.09 tgt=0.00 [CHoCH short lvl=5133.82|RelVol=0.79|VPnode d=5.12|VWAPside|CycleTurn w=-0.73<-0.12]
2026.03.10 02:30:00;VETO;authorization denied: outside session window (server hour 02, window 03-20)
2026.03.10 02:45:00;VETO;authorization denied: outside session window (server hour 02, window 03-20)
2026.03.10 03:00:00;ORDER;filled SELL 0.04 lots sl=5156.09 tp=5081.00 [WT|CHOCH|0.85]
2026.03.10 03:00:00;RISK;sizing: vol_ratio=0.61 scalar=1.00 gap_buf=0.00000 eff_stop=25.03000
2026.03.10 03:00:00;ORDER;entry fill deal #166 SELL 0.04 @ 5131.06000
2026.03.10 03:20:40;RISK;deal closed pnl=-100.12 streak=1 lock=0
2026.03.10 03:30:00;DECISION;setup LONG score=0.70 entry=5157.94 inv=5133.82 tgt=0.00 [CHoCH long lvl=5156.09|RelVol=1.15|VPnear|VWAPside|CycleTurn w=-0.96<--1.00]
2026.03.10 03:30:00;ORDER;filled BUY 0.04 lots sl=5133.82 tp=5206.27 [WT|CHOCH|0.70]
2026.03.10 03:30:00;RISK;sizing: vol_ratio=0.72 scalar=1.00 gap_buf=0.00000 eff_stop=24.15000
2026.03.10 03:30:00;ORDER;entry fill deal #168 BUY 0.04 @ 5157.97000
2026.03.10 03:58:20;MANAGE;#168 SL 5133.82 -> 5158.01 breakeven
2026.03.10 03:59:40;MANAGE;#168 SL 5158.01 -> 5161.14 trail
2026.03.10 05:35:40;RISK;deal closed pnl=12.68 streak=0 lock=0
2026.03.10 10:00:00;DECISION;setup LONG score=0.65 entry=5181.05 inv=5154.37 tgt=0.00 [BOS long lvl=5180.94|RelVol=1.05|VPnode d=0.15|VWAPside]
2026.03.10 10:00:00;ORDER;filled BUY 0.04 lots sl=5154.37 tp=5234.53 [WT|BOS|0.65]
2026.03.10 10:00:00;RISK;sizing: vol_ratio=0.62 scalar=1.00 gap_buf=0.00000 eff_stop=26.72000
2026.03.10 10:00:00;ORDER;entry fill deal #170 BUY 0.04 @ 5181.09000
2026.03.10 15:15:00;DECISION;setup LONG score=0.70 entry=5200.67 inv=5162.44 tgt=0.00 [BOS long lvl=5191.94|RelVol=1.03|VPnear|VWAPside|CycleTurn w=-0.53<--0.92]
2026.03.10 15:15:00;VETO;risk veto: max positions
2026.03.10 15:18:40;MANAGE;#170 SL 5154.37 -> 5181.13 breakeven
2026.03.10 15:18:59;MANAGE;#170 SL 5181.13 -> 5192.05 trail
2026.03.10 15:19:20;MANAGE;#170 SL 5192.05 -> 5192.79 trail
2026.03.10 15:20:20;MANAGE;#170 SL 5192.79 -> 5192.90 trail
2026.03.10 15:21:40;MANAGE;#170 SL 5192.90 -> 5194.96 trail
2026.03.10 15:22:40;MANAGE;#170 SL 5194.96 -> 5198.47 trail
2026.03.10 15:24:40;MANAGE;#170 SL 5198.47 -> 5200.27 trail
2026.03.10 15:25:40;MANAGE;#170 SL 5200.27 -> 5201.71 trail
2026.03.10 15:26:40;MANAGE;#170 SL 5201.71 -> 5204.62 trail
2026.03.10 15:27:40;MANAGE;#170 SL 5204.62 -> 5205.86 trail
2026.03.10 15:45:40;RISK;deal closed pnl=99.08 streak=0 lock=0
2026.03.10 17:45:00;VETO;signal rejected: score 0.40 < 0.45 [BOS long lvl=5228.68|RelVol=0.67|VWAPside]
2026.03.11 09:45:00;DECISION;setup SHORT score=0.65 entry=5191.54 inv=5210.82 tgt=0.00 [CHoCH short lvl=5191.59|RelVol=1.18|VPnode d=0.86|VWAPside]
2026.03.11 09:45:00;ORDER;filled SELL 0.05 lots sl=5210.82 tp=5152.98 [WT|CHOCH|0.65]
2026.03.11 09:45:00;RISK;sizing: vol_ratio=0.74 scalar=1.00 gap_buf=0.00000 eff_stop=19.28000
2026.03.11 09:45:00;ORDER;entry fill deal #172 SELL 0.05 @ 5191.54000
2026.03.11 14:47:40;MANAGE;#172 SL 5210.82 -> 5191.50 breakeven
2026.03.11 14:59:40;MANAGE;#172 SL 5191.50 -> 5189.29 trail
2026.03.11 15:00:00;DECISION;setup SHORT score=0.50 entry=5167.57 inv=5197.26 tgt=0.00 [BOS short lvl=5177.21|RelVol=1.52|VPnear|VWAPside]
2026.03.11 15:00:00;VETO;risk veto: max positions
2026.03.11 15:00:40;MANAGE;#172 SL 5189.29 -> 5187.75 trail
2026.03.11 15:01:20;MANAGE;#172 SL 5187.75 -> 5185.79 trail
2026.03.11 15:49:40;MANAGE;#172 SL 5185.79 -> 5184.32 trail
2026.03.11 15:51:40;RISK;deal closed pnl=192.80 streak=0 lock=0
2026.03.11 19:45:00;DECISION;setup SHORT score=0.65 entry=5163.20 inv=5196.28 tgt=0.00 [BOS short lvl=5163.61|RelVol=0.97|VPnode d=3.60|VWAPside]
2026.03.11 19:45:00;ORDER;filled SELL 0.03 lots sl=5196.28 tp=5097.04 [WT|BOS|0.65]
2026.03.11 19:45:00;RISK;sizing: vol_ratio=1.04 scalar=1.00 gap_buf=0.00000 eff_stop=33.08000
2026.03.11 19:45:00;ORDER;entry fill deal #174 SELL 0.03 @ 5163.20000
2026.03.11 21:45:00;DECISION;setup LONG score=0.55 entry=5179.67 inv=5154.94 tgt=0.00 [CHoCH long lvl=5178.47|RelVol=0.51|VPnode d=1.97]
2026.03.11 21:45:00;VETO;authorization denied: outside session window (server hour 21, window 03-20)
2026.03.11 22:00:00;VETO;authorization denied: outside session window (server hour 22, window 03-20)
2026.03.11 22:15:00;VETO;authorization denied: outside session window (server hour 22, window 03-20)
2026.03.11 22:30:00;VETO;authorization denied: outside session window (server hour 22, window 03-20)
2026.03.12 00:45:00;DECISION;setup SHORT score=0.70 entry=5158.85 inv=5183.58 tgt=0.00 [CHoCH short lvl=5169.25|VPnear|VWAPside|CycleTurn w=-0.03<-0.85]
2026.03.12 00:45:00;VETO;authorization denied: outside session window (server hour 00, window 03-20)
2026.03.12 01:00:00;VETO;authorization denied: outside session window (server hour 01, window 03-20)
2026.03.12 01:15:00;VETO;authorization denied: outside session window (server hour 01, window 03-20)
2026.03.12 01:30:00;VETO;authorization denied: outside session window (server hour 01, window 03-20)
2026.03.12 02:00:40;MANAGE;#174 SL 5196.28 -> 5163.16 breakeven
2026.03.12 02:00:59;MANAGE;#174 SL 5163.16 -> 5151.18 trail
2026.03.12 02:01:40;MANAGE;#174 SL 5151.18 -> 5148.81 trail
2026.03.12 02:07:40;MANAGE;#174 SL 5148.81 -> 5148.65 trail
2026.03.12 02:24:40;RISK;deal closed pnl=43.24 streak=0 lock=0
2026.03.12 06:45:00;DECISION;setup SHORT score=0.65 entry=5143.91 inv=5175.17 tgt=0.00 [BOS short lvl=5145.76|RelVol=0.77|VPnode d=4.31|VWAPside]
2026.03.12 06:45:00;ORDER;filled SELL 0.03 lots sl=5175.17 tp=5081.39 [WT|BOS|0.65]
2026.03.12 06:45:00;RISK;sizing: vol_ratio=0.81 scalar=1.00 gap_buf=0.00000 eff_stop=31.26000
2026.03.12 06:45:00;ORDER;entry fill deal #176 SELL 0.03 @ 5143.91000
2026.03.12 09:42:40;RISK;deal closed pnl=-93.78 streak=1 lock=0
2026.03.12 09:45:00;VETO;signal rejected: score 0.40 < 0.45 [CHoCH long lvl=5175.17|RelVol=0.69|VWAPside]
2026.03.12 14:15:00;VETO;signal rejected: score 0.40 < 0.45 [CHoCH short lvl=5174.40|RelVol=1.00|VPnear]
2026.03.12 15:45:00;DECISION;setup SHORT score=0.65 entry=5159.24 inv=5191.70 tgt=0.00 [BOS short lvl=5163.85|RelVol=1.23|VPnode d=6.14|VWAPside]
2026.03.12 15:45:00;ORDER;filled SELL 0.03 lots sl=5191.70 tp=5094.32 [WT|BOS|0.65]
2026.03.12 15:45:00;RISK;sizing: vol_ratio=0.93 scalar=1.00 gap_buf=0.00000 eff_stop=32.46000
2026.03.12 15:45:00;ORDER;entry fill deal #178 SELL 0.03 @ 5159.24000
2026.03.12 17:11:40;MANAGE;#178 SL 5191.70 -> 5159.20 breakeven
2026.03.12 17:11:59;MANAGE;#178 SL 5159.20 -> 5142.92 trail
2026.03.12 17:12:00;MANAGE;#178 SL 5142.92 -> 5142.75 trail
2026.03.12 17:12:40;MANAGE;#178 SL 5142.75 -> 5139.13 trail
2026.03.12 19:38:40;MANAGE;#178 SL 5139.13 -> 5137.90 trail
2026.03.12 19:41:40;MANAGE;#178 SL 5137.90 -> 5133.82 trail
2026.03.12 19:55:20;MANAGE;#178 SL 5133.82 -> 5132.84 trail
2026.03.12 19:58:40;MANAGE;#178 SL 5132.84 -> 5131.37 trail
2026.03.12 20:00:00;DECISION;setup SHORT score=0.50 entry=5105.37 inv=5138.07 tgt=0.00 [BOS short lvl=5109.91|RelVol=0.96|VWAPside|ADX=52]
2026.03.12 20:00:00;VETO;authorization denied: outside session window (server hour 20, window 03-20)
2026.03.12 20:15:00;VETO;authorization denied: outside session window (server hour 20, window 03-20)
2026.03.12 20:21:40;MANAGE;#178 SL 5131.37 -> 5128.53 trail
2026.03.12 20:30:00;VETO;authorization denied: outside session window (server hour 20, window 03-20)
2026.03.12 20:31:40;MANAGE;#178 SL 5128.53 -> 5128.10 trail
2026.03.12 20:32:40;MANAGE;#178 SL 5128.10 -> 5127.91 trail
2026.03.12 20:34:40;MANAGE;#178 SL 5127.91 -> 5126.43 trail
2026.03.12 20:35:40;MANAGE;#178 SL 5126.43 -> 5125.63 trail
2026.03.12 20:41:40;MANAGE;#178 SL 5125.63 -> 5125.40 trail
2026.03.12 20:42:20;MANAGE;#178 SL 5125.40 -> 5125.27 trail
2026.03.12 20:45:00;MANAGE;#178 SL 5125.27 -> 5121.16 trail
2026.03.12 20:45:00;VETO;authorization denied: outside session window (server hour 20, window 03-20)
2026.03.12 20:45:40;MANAGE;#178 SL 5121.16 -> 5118.03 trail
2026.03.12 20:47:40;MANAGE;#178 SL 5118.03 -> 5117.65 trail
2026.03.12 20:49:40;RISK;deal closed pnl=194.76 streak=0 lock=0
2026.03.12 22:30:00;DECISION;setup SHORT score=0.50 entry=5071.87 inv=5138.07 tgt=0.00 [BOS short lvl=5079.62|RelVol=0.86|VWAPside|ADX=74]
2026.03.12 22:30:00;VETO;authorization denied: outside session window (server hour 22, window 03-20)
2026.03.12 22:45:00;VETO;authorization denied: outside session window (server hour 22, window 03-20)
2026.03.13 00:00:00;VETO;authorization denied: outside session window (server hour 00, window 03-20)
2026.03.13 00:15:00;VETO;authorization denied: outside session window (server hour 00, window 03-20)
2026.03.13 06:30:00;DECISION;setup SHORT score=0.65 entry=5105.51 inv=5128.53 tgt=0.00 [BOS short lvl=5108.86|RelVol=0.82|VPnode d=0.71|VWAPside]
2026.03.13 06:30:00;ORDER;filled SELL 0.04 lots sl=5128.53 tp=5059.47 [WT|BOS|0.65]
2026.03.13 06:30:00;RISK;sizing: vol_ratio=0.81 scalar=1.00 gap_buf=0.00000 eff_stop=23.02000
2026.03.13 06:30:00;ORDER;entry fill deal #180 SELL 0.04 @ 5105.51000
2026.03.13 09:17:20;MANAGE;#180 SL 5128.53 -> 5105.47 breakeven
2026.03.13 09:17:40;MANAGE;#180 SL 5105.47 -> 5100.87 trail
2026.03.13 09:17:59;MANAGE;#180 SL 5100.87 -> 5100.29 trail
2026.03.13 09:18:40;MANAGE;#180 SL 5100.29 -> 5094.73 trail
2026.03.13 09:19:40;MANAGE;#180 SL 5094.73 -> 5091.43 trail
2026.03.13 09:20:40;MANAGE;#180 SL 5091.43 -> 5091.02 trail
2026.03.13 09:21:40;MANAGE;#180 SL 5091.02 -> 5089.30 trail
2026.03.13 09:22:40;MANAGE;#180 SL 5089.30 -> 5088.54 trail
2026.03.13 09:23:40;MANAGE;#180 SL 5088.54 -> 5087.84 trail
2026.03.13 09:32:40;RISK;deal closed pnl=70.68 streak=0 lock=0
2026.03.13 14:00:00;DECISION;setup LONG score=0.65 entry=5107.65 inv=5079.88 tgt=0.00 [CHoCH long lvl=5098.42|RelVol=0.91|VPnode d=4.95|VWAPside]
2026.03.13 14:00:00;ORDER;filled BUY 0.04 lots sl=5079.88 tp=5162.95 [WT|CHOCH|0.65]
2026.03.13 14:00:00;RISK;sizing: vol_ratio=1.00 scalar=1.00 gap_buf=0.00000 eff_stop=27.69000
2026.03.13 14:00:00;ORDER;entry fill deal #182 BUY 0.04 @ 5107.57000
2026.03.13 16:40:40;RISK;deal closed pnl=-110.76 streak=1 lock=0
2026.03.13 16:45:00;DECISION;setup SHORT score=0.85 entry=5079.43 inv=5121.84 tgt=0.00 [CHoCH short lvl=5079.88|RelVol=0.68|VPnode d=2.77|VWAPside|CycleTurn w=-0.79<--0.07]
2026.03.13 16:45:00;ORDER;filled SELL 0.02 lots sl=5121.84 tp=4994.61 [WT|CHOCH|0.85]
2026.03.13 16:45:00;RISK;sizing: vol_ratio=1.11 scalar=1.00 gap_buf=0.00000 eff_stop=42.41000
2026.03.13 16:45:00;ORDER;entry fill deal #184 SELL 0.02 @ 5079.43000
2026.03.13 16:57:20;MANAGE;#184 SL 5121.84 -> 5079.39 breakeven
2026.03.13 16:57:40;MANAGE;#184 SL 5079.39 -> 5069.86 trail
2026.03.13 16:57:59;MANAGE;#184 SL 5069.86 -> 5067.28 trail
2026.03.13 16:58:20;MANAGE;#184 SL 5067.28 -> 5067.15 trail
2026.03.13 16:59:40;MANAGE;#184 SL 5067.15 -> 5065.54 trail
2026.03.13 17:10:20;RISK;deal closed pnl=27.78 streak=0 lock=0
2026.03.13 18:00:00;DECISION;setup SHORT score=0.50 entry=5034.73 inv=5121.84 tgt=0.00 [BOS short lvl=5035.97|RelVol=1.10|VWAPside|ADX=44]
2026.03.13 18:00:00;ORDER;filled SELL 0.01 lots sl=5121.84 tp=4860.51 [WT|BOS|0.50]
2026.03.13 18:00:00;RISK;sizing: vol_ratio=1.61 scalar=1.00 gap_buf=0.00000 eff_stop=87.11000
2026.03.13 18:00:00;ORDER;entry fill deal #186 SELL 0.01 @ 5034.73000
2026.03.13 22:00:00;DECISION;setup SHORT score=0.70 entry=5016.44 inv=5049.81 tgt=0.00 [BOS short lvl=5019.04|RelVol=1.30|VWAPside|CycleTurn w=-0.44<-0.63|ADX=34]
2026.03.13 22:00:00;VETO;authorization denied: outside session window (server hour 22, window 03-20)
2026.03.13 22:15:00;VETO;authorization denied: outside session window (server hour 22, window 03-20)
2026.03.13 22:30:00;VETO;authorization denied: outside session window (server hour 22, window 03-20)
2026.03.13 22:45:00;VETO;authorization denied: outside session window (server hour 22, window 03-20)
2026.03.16 01:30:00;DECISION;setup SHORT score=0.95 entry=4989.67 inv=5030.27 tgt=0.00 [BOS short lvl=5000.88|RelVol=1.86|VPnode d=8.93|VWAPside|CycleTurn w=0.73<-0.85|ADX=43]
2026.03.16 01:30:00;VETO;authorization denied: outside session window (server hour 01, window 03-20)
2026.03.16 01:45:00;VETO;authorization denied: outside session window (server hour 01, window 03-20)
2026.03.16 02:00:00;VETO;authorization denied: outside session window (server hour 02, window 03-20)
2026.03.16 02:15:00;VETO;authorization denied: outside session window (server hour 02, window 03-20)
2026.03.16 02:45:00;DECISION;setup LONG score=0.85 entry=5027.70 inv=4967.62 tgt=0.00 [CHoCH long lvl=5026.13|RelVol=1.11|VPnode d=3.10|VWAPside|CycleTurn w=0.40<--0.61]
2026.03.16 02:45:00;VETO;authorization denied: outside session window (server hour 02, window 03-20)
2026.03.16 03:00:00;VETO;risk veto: max positions
2026.03.16 06:00:00;DECISION;setup LONG score=0.65 entry=5019.14 inv=4997.64 tgt=0.00 [BOS long lvl=5018.89|RelVol=0.82|StopFloored|VPnode d=6.24|VWAPside]
2026.03.16 06:00:00;VETO;risk veto: max positions
2026.03.16 08:15:00;DECISION;setup LONG score=0.65 entry=5027.29 inv=4997.92 tgt=0.00 [BOS long lvl=5026.29|RelVol=0.81|VPnode d=1.29|VWAPside]
2026.03.16 08:15:00;VETO;risk veto: max positions
2026.03.16 09:30:00;DECISION;setup SHORT score=0.85 entry=5002.43 inv=5036.17 tgt=0.00 [CHoCH short lvl=5003.28|RelVol=1.18|VPnode d=1.23|VWAPside|CycleTurn w=0.70<-0.95]
2026.03.16 09:30:00;VETO;risk veto: max positions
2026.03.16 14:30:00;DECISION;setup LONG score=0.65 entry=5023.01 inv=4970.11 tgt=0.00 [CHoCH long lvl=5022.63|RelVol=1.05|VPnode d=2.79|VWAPside]
2026.03.16 14:30:00;VETO;risk veto: max positions
2026.03.16 17:30:00;DECISION;setup SHORT score=0.65 entry=4991.88 inv=5038.06 tgt=0.00 [CHoCH short lvl=4992.84|RelVol=0.56|VPnode d=3.32|VWAPside]
2026.03.16 17:30:00;VETO;risk veto: max positions
2026.03.16 20:30:00;DECISION;setup LONG score=0.70 entry=5006.31 inv=4974.03 tgt=0.00 [CHoCH long lvl=5003.88|RelVol=0.60|VPnear|VWAPside|CycleTurn w=0.33<--0.84]
2026.03.16 20:30:00;VETO;authorization denied: outside session window (server hour 20, window 03-20)
2026.03.16 20:45:00;VETO;authorization denied: outside session window (server hour 20, window 03-20)
2026.03.16 21:00:00;VETO;authorization denied: outside session window (server hour 21, window 03-20)
2026.03.16 21:15:00;VETO;authorization denied: outside session window (server hour 21, window 03-20)
2026.03.17 03:45:00;DECISION;setup LONG score=0.70 entry=5017.92 inv=4998.66 tgt=0.00 [BOS long lvl=5015.51|RelVol=0.64|VPnear|VWAPside|CycleTurn w=-0.11<--0.90]
2026.03.17 03:45:00;VETO;risk veto: max positions
2026.03.17 05:30:00;DECISION;setup LONG score=0.60 entry=5032.56 inv=4994.71 tgt=0.00 [BOS long lvl=5029.68|RelVol=0.59|VPnear|VWAPside|ADX=41]
2026.03.17 05:30:00;VETO;risk veto: max positions
2026.03.17 06:45:00;DECISION;setup LONG score=0.75 entry=5039.74 inv=4994.71 tgt=0.00 [BOS long lvl=5033.67|RelVol=0.74|VPnode d=5.14|VWAPside|ADX=46]
2026.03.17 06:45:00;VETO;risk veto: max positions
2026.03.17 12:15:00;DECISION;setup SHORT score=0.65 entry=5004.05 inv=5029.65 tgt=0.00 [CHoCH short lvl=5005.34|RelVol=0.73|VPnode d=4.15|VWAPside]
2026.03.17 12:15:00;VETO;risk veto: max positions
2026.03.17 15:45:00;DECISION;setup LONG score=0.65 entry=5027.01 inv=4999.41 tgt=0.00 [CHoCH long lvl=5023.85|RelVol=0.69|VPnode d=2.81|VWAPside]
2026.03.17 15:45:00;VETO;risk veto: max positions
2026.03.17 17:30:00;DECISION;setup SHORT score=0.65 entry=4994.76 inv=5031.46 tgt=0.00 [CHoCH short lvl=4999.41|RelVol=0.53|VPnode d=7.64|VWAPside]
2026.03.17 17:30:00;VETO;risk veto: max positions
2026.03.18 00:45:00;DECISION;setup SHORT score=0.85 entry=4996.33 inv=5006.37 tgt=0.00 [BOS short lvl=4996.42|VPnode d=2.47|VWAPside|CycleTurn w=0.94<-1.00]
2026.03.18 00:45:00;VETO;authorization denied: outside session window (server hour 00, window 03-20)
2026.03.18 01:00:00;VETO;authorization denied: outside session window (server hour 01, window 03-20)
2026.03.18 01:15:00;VETO;authorization denied: outside session window (server hour 01, window 03-20)
2026.03.18 01:30:00;VETO;authorization denied: outside session window (server hour 01, window 03-20)
2026.03.18 02:15:00;DECISION;setup LONG score=0.70 entry=5009.92 inv=4993.32 tgt=0.00 [CHoCH long lvl=5006.37|RelVol=0.45|VPnear|VWAPside|CycleTurn w=0.56<--0.47]
2026.03.18 02:15:00;VETO;authorization denied: outside session window (server hour 02, window 03-20)
2026.03.18 02:30:00;VETO;authorization denied: outside session window (server hour 02, window 03-20)
2026.03.18 02:45:00;VETO;authorization denied: outside session window (server hour 02, window 03-20)
2026.03.18 03:00:00;VETO;risk veto: max positions
2026.03.18 06:45:00;DECISION;setup SHORT score=0.50 entry=4984.41 inv=5015.99 tgt=0.00 [CHoCH short lvl=4986.04|RelVol=0.86|VPnear|VWAPside]
2026.03.18 06:45:00;VETO;risk veto: max positions
2026.03.18 13:00:00;DECISION;setup SHORT score=0.50 entry=4967.86 inv=4995.58 tgt=0.00 [BOS short lvl=4977.17|RelVol=0.86|VWAPside|ADX=42]
2026.03.18 13:00:00;VETO;risk veto: max positions
2026.03.18 13:27:40;MANAGE;#186 SL 5121.84 -> 5034.69 breakeven
2026.03.18 13:27:59;MANAGE;#186 SL 5034.69 -> 4970.79 trail
2026.03.18 13:28:40;MANAGE;#186 SL 4970.79 -> 4969.53 trail
2026.03.18 13:29:20;MANAGE;#186 SL 4969.53 -> 4969.26 trail
2026.03.18 13:40:40;MANAGE;#186 SL 4969.26 -> 4966.94 trail
2026.03.18 13:41:20;MANAGE;#186 SL 4966.94 -> 4966.41 trail
2026.03.18 13:42:40;MANAGE;#186 SL 4966.41 -> 4966.24 trail
2026.03.18 13:43:40;MANAGE;#186 SL 4966.24 -> 4963.99 trail
2026.03.18 13:44:40;MANAGE;#186 SL 4963.99 -> 4959.88 trail
2026.03.18 13:48:20;MANAGE;#186 SL 4959.88 -> 4957.49 trail
2026.03.18 13:56:20;MANAGE;#186 SL 4957.49 -> 4956.89 trail
2026.03.18 13:58:40;MANAGE;#186 SL 4956.89 -> 4952.76 trail
2026.03.18 14:01:40;MANAGE;#186 SL 4952.76 -> 4950.74 trail
2026.03.18 14:02:20;MANAGE;#186 SL 4950.74 -> 4950.38 trail
2026.03.18 14:07:40;MANAGE;#186 SL 4950.38 -> 4943.37 trail
2026.03.18 14:09:40;MANAGE;#186 SL 4943.37 -> 4941.64 trail
2026.03.18 14:10:40;MANAGE;#186 SL 4941.64 -> 4938.04 trail
2026.03.18 14:12:40;MANAGE;#186 SL 4938.04 -> 4937.41 trail
2026.03.18 14:13:40;MANAGE;#186 SL 4937.41 -> 4934.51 trail
2026.03.18 14:14:20;MANAGE;#186 SL 4934.51 -> 4934.23 trail
2026.03.18 14:16:40;MANAGE;#186 SL 4934.23 -> 4933.65 trail
2026.03.18 14:17:40;MANAGE;#186 SL 4933.65 -> 4931.70 trail
2026.03.18 14:18:40;MANAGE;#186 SL 4931.70 -> 4929.95 trail
2026.03.18 14:22:20;MANAGE;#186 SL 4929.95 -> 4928.94 trail
2026.03.18 14:26:40;MANAGE;#186 SL 4928.94 -> 4927.04 trail
2026.03.18 14:30:40;MANAGE;#186 SL 4927.04 -> 4923.11 trail
2026.03.18 14:32:40;MANAGE;#186 SL 4923.11 -> 4917.88 trail
2026.03.18 14:34:20;MANAGE;#186 SL 4917.88 -> 4916.81 trail
2026.03.18 14:37:40;MANAGE;#186 SL 4916.81 -> 4913.79 trail
2026.03.18 14:38:20;MANAGE;#186 SL 4913.79 -> 4910.58 trail
2026.03.18 14:43:40;MANAGE;#186 SL 4910.58 -> 4906.96 trail
2026.03.18 14:44:20;MANAGE;#186 SL 4906.96 -> 4906.14 trail
2026.03.18 15:00:40;RISK;deal closed pnl=174.07 streak=0 lock=0
2026.03.18 18:30:00;DECISION;setup LONG score=0.55 entry=4882.31 inv=4854.98 tgt=0.00 [CHoCH long lvl=4880.07|RelVol=0.51|StopFloored|VPnode d=5.51]
2026.03.18 18:30:00;ORDER;filled BUY 0.04 lots sl=4854.98 tp=4937.09 [WT|CHOCH|0.55]
2026.03.18 18:30:00;RISK;sizing: vol_ratio=1.69 scalar=1.00 gap_buf=0.00000 eff_stop=27.37000
2026.03.18 18:30:00;ORDER;entry fill deal #188 BUY 0.04 @ 4882.35000
2026.03.18 20:59:40;RISK;deal closed pnl=-109.48 streak=1 lock=0
2026.03.18 21:00:00;DECISION;setup SHORT score=0.60 entry=4853.03 inv=4899.12 tgt=0.00 [CHoCH short lvl=4860.86|RelVol=1.28|VWAPside|CycleTurn w=0.96<-0.99]
2026.03.18 21:00:00;VETO;authorization denied: outside session window (server hour 21, window 03-20)
2026.03.18 21:15:00;VETO;authorization denied: outside session window (server hour 21, window 03-20)
2026.03.18 21:30:00;VETO;authorization denied: outside session window (server hour 21, window 03-20)
2026.03.18 21:45:00;VETO;authorization denied: outside session window (server hour 21, window 03-20)
2026.03.19 08:00:00;DECISION;setup SHORT score=0.65 entry=4827.52 inv=4865.93 tgt=0.00 [BOS short lvl=4832.74|RelVol=0.82|VPnode d=3.88|VWAPside]
2026.03.19 08:00:00;ORDER;filled SELL 0.02 lots sl=4865.93 tp=4750.55 [WT|BOS|0.65]
2026.03.19 08:00:00;RISK;sizing: vol_ratio=0.60 scalar=1.00 gap_buf=0.00000 eff_stop=38.46000
2026.03.19 08:00:00;ORDER;entry fill deal #190 SELL 0.02 @ 4827.47000
2026.03.19 08:41:40;MANAGE;#190 SL 4865.93 -> 4827.43 breakeven
2026.03.19 08:41:59;MANAGE;#190 SL 4827.43 -> 4807.77 trail
2026.03.19 08:42:40;MANAGE;#190 SL 4807.77 -> 4798.48 trail
2026.03.19 08:46:40;MANAGE;#190 SL 4798.48 -> 4794.11 trail
2026.03.19 08:47:40;MANAGE;#190 SL 4794.11 -> 4785.08 trail
2026.03.19 08:48:40;MANAGE;#190 SL 4785.08 -> 4784.24 trail
2026.03.19 08:49:20;MANAGE;#190 SL 4784.24 -> 4782.05 trail
2026.03.19 08:50:40;MANAGE;#190 SL 4782.05 -> 4774.71 trail
2026.03.19 08:51:20;MANAGE;#190 SL 4774.71 -> 4774.30 trail
2026.03.19 08:52:20;MANAGE;#190 SL 4774.30 -> 4773.91 trail
2026.03.19 08:53:40;RISK;deal closed pnl=153.84 streak=0 lock=0
2026.03.19 12:30:00;DECISION;setup SHORT score=0.50 entry=4683.56 inv=4726.74 tgt=0.00 [BOS short lvl=4686.85|RelVol=1.47|StopFloored|VWAPside|ADX=69]
2026.03.19 12:30:00;ORDER;filled SELL 0.02 lots sl=4726.74 tp=4597.19 [WT|BOS|0.50]
2026.03.19 12:30:00;RISK;sizing: vol_ratio=1.71 scalar=1.00 gap_buf=0.00000 eff_stop=43.18393
2026.03.19 12:30:00;ORDER;entry fill deal #192 SELL 0.02 @ 4683.56000
2026.03.19 14:01:40;MANAGE;#192 SL 4726.74 -> 4683.52 breakeven
2026.03.19 14:03:40;MANAGE;#192 SL 4683.52 -> 4680.20 trail
2026.03.19 14:04:20;MANAGE;#192 SL 4680.20 -> 4679.12 trail
2026.03.19 14:09:40;MANAGE;#192 SL 4679.12 -> 4676.49 trail
2026.03.19 14:10:40;MANAGE;#192 SL 4676.49 -> 4671.42 trail
2026.03.19 14:11:40;MANAGE;#192 SL 4671.42 -> 4666.80 trail
2026.03.19 14:14:20;MANAGE;#192 SL 4666.80 -> 4662.76 trail
2026.03.19 14:24:40;MANAGE;#192 SL 4662.76 -> 4658.28 trail
2026.03.19 14:25:40;MANAGE;#192 SL 4658.28 -> 4656.79 trail
2026.03.19 14:30:20;MANAGE;#192 SL 4656.79 -> 4653.89 trail
2026.03.19 14:34:20;MANAGE;#192 SL 4653.89 -> 4653.10 trail
2026.03.19 14:40:40;MANAGE;#192 SL 4653.10 -> 4651.25 trail
2026.03.19 14:42:40;RISK;deal closed pnl=172.74 streak=0 lock=0
2026.03.19 21:15:00;VETO;signal rejected: score 0.30 < 0.45 [CHoCH long lvl=4629.88|RelVol=1.80]
2026.03.20 00:15:00;DECISION;setup LONG score=0.75 entry=4671.09 inv=4596.40 tgt=0.00 [BOS long lvl=4663.38|RelVol=0.99|VPnode d=0.91|VWAPside|ADX=35]
2026.03.20 00:15:00;VETO;authorization denied: outside session window (server hour 00, window 03-20)
2026.03.20 00:30:00;VETO;authorization denied: outside session window (server hour 00, window 03-20)
2026.03.20 00:45:00;VETO;authorization denied: outside session window (server hour 00, window 03-20)
2026.03.20 01:00:00;VETO;authorization denied: outside session window (server hour 01, window 03-20)
2026.03.20 03:45:00;DECISION;setup LONG score=0.60 entry=4686.68 inv=4634.19 tgt=0.00 [BOS long lvl=4677.23|RelVol=0.88|VPnear|VWAPside|ADX=34]
2026.03.20 03:45:00;ORDER;filled BUY 0.02 lots sl=4634.19 tp=4791.78 [WT|BOS|0.60]
2026.03.20 03:45:00;RISK;sizing: vol_ratio=0.75 scalar=1.00 gap_buf=0.00000 eff_stop=52.53000
2026.03.20 03:45:00;ORDER;entry fill deal #194 BUY 0.02 @ 4686.72000
2026.03.20 05:15:00;DECISION;setup LONG score=0.50 entry=4717.44 inv=4639.42 tgt=0.00 [BOS long lvl=4699.22|RelVol=1.05|VWAPside|ADX=51]
2026.03.20 05:15:00;VETO;risk veto: max positions
2026.03.20 12:30:00;DECISION;setup SHORT score=0.50 entry=4658.14 inv=4734.87 tgt=0.00 [CHoCH short lvl=4661.50|RelVol=1.23|VPnear|VWAPside]
2026.03.20 12:30:00;VETO;risk veto: max positions
2026.03.20 15:51:40;RISK;deal closed pnl=-105.06 streak=1 lock=0
2026.03.20 16:00:00;DECISION;setup SHORT score=0.70 entry=4616.45 inv=4695.44 tgt=0.00 [BOS short lvl=4637.22|RelVol=1.12|VPnear|VWAPside|CycleTurn w=-0.61<-0.44]
2026.03.20 16:00:00;ORDER;filled SELL 0.01 lots sl=4695.44 tp=4458.35 [WT|BOS|0.70]
2026.03.20 16:00:00;RISK;sizing: vol_ratio=0.95 scalar=1.00 gap_buf=0.00000 eff_stop=79.03000
2026.03.20 16:00:00;ORDER;entry fill deal #196 SELL 0.01 @ 4616.41000
2026.03.20 20:22:40;MANAGE;#196 SL 4695.44 -> 4616.37 breakeven
2026.03.20 20:22:59;MANAGE;#196 SL 4616.37 -> 4586.41 trail
2026.03.20 20:23:20;MANAGE;#196 SL 4586.41 -> 4584.55 trail
2026.03.20 20:42:40;MANAGE;#196 SL 4584.55 -> 4579.01 trail
2026.03.20 20:43:40;MANAGE;#196 SL 4579.01 -> 4573.45 trail
2026.03.20 20:44:40;MANAGE;#196 SL 4573.45 -> 4571.48 trail
2026.03.20 20:45:00;DECISION;setup SHORT score=0.70 entry=4526.15 inv=4613.58 tgt=0.00 [BOS short lvl=4540.53|RelVol=1.38|VWAPside|CycleTurn w=0.79<-0.98|ADX=39]
2026.03.20 20:45:00;VETO;authorization denied: outside session window (server hour 20, window 03-20)
2026.03.20 20:46:40;MANAGE;#196 SL 4571.48 -> 4571.34 trail
2026.03.20 20:47:40;MANAGE;#196 SL 4571.34 -> 4562.72 trail
2026.03.20 20:48:40;MANAGE;#196 SL 4562.72 -> 4559.64 trail
2026.03.20 20:49:40;MANAGE;#196 SL 4559.64 -> 4559.19 trail
2026.03.20 20:50:40;MANAGE;#196 SL 4559.19 -> 4549.64 trail
2026.03.20 20:55:40;MANAGE;#196 SL 4549.64 -> 4531.22 trail
2026.03.20 20:56:40;MANAGE;#196 SL 4531.22 -> 4529.68 trail
2026.03.20 20:57:20;MANAGE;#196 SL 4529.68 -> 4526.02 trail
2026.03.20 21:00:00;VETO;authorization denied: outside session window (server hour 21, window 03-20)
2026.03.20 21:15:00;VETO;authorization denied: outside session window (server hour 21, window 03-20)
2026.03.20 21:30:00;VETO;authorization denied: outside session window (server hour 21, window 03-20)
2026.03.23 00:01:40;MANAGE;#196 SL 4526.02 -> 4521.01 trail
2026.03.23 00:02:40;MANAGE;#196 SL 4521.01 -> 4507.82 trail
2026.03.23 00:03:40;RISK;deal closed pnl=158.01 streak=0 lock=0
2026.03.23 02:15:00;DECISION;setup SHORT score=0.80 entry=4436.74 inv=4536.29 tgt=0.00 [BOS short lvl=4449.59|RelVol=1.41|VPnear|VWAPside|CycleTurn w=0.29<-0.91|ADX=49]
2026.03.23 02:15:00;VETO;authorization denied: outside session window (server hour 02, window 03-20)
2026.03.23 02:30:00;VETO;authorization denied: outside session window (server hour 02, window 03-20)
2026.03.23 02:45:00;VETO;authorization denied: outside session window (server hour 02, window 03-20)
2026.03.23 03:00:00;VETO;risk veto: size 0.00 < broker min 0.01 (risk too small for stop)
2026.03.23 07:45:00;DECISION;setup SHORT score=0.95 entry=4322.16 inv=4381.65 tgt=0.00 [BOS short lvl=4335.18|RelVol=1.49|VPnode d=1.76|VWAPside|CycleTurn w=0.99<-1.00|ADX=34]
2026.03.23 07:45:00;ORDER;filled SELL 0.01 lots sl=4381.65 tp=4203.18 [WT|BOS|0.95]
2026.03.23 07:45:00;RISK;sizing: vol_ratio=0.95 scalar=1.00 gap_buf=0.00000 eff_stop=59.49000
2026.03.23 07:45:00;ORDER;entry fill deal #198 SELL 0.01 @ 4322.16000
2026.03.23 08:28:40;MANAGE;#198 SL 4381.65 -> 4322.12 breakeven
2026.03.23 08:28:59;MANAGE;#198 SL 4322.12 -> 4300.50 trail
2026.03.23 08:29:40;MANAGE;#198 SL 4300.50 -> 4288.41 trail
2026.03.23 08:31:20;MANAGE;#198 SL 4288.41 -> 4284.74 trail
2026.03.23 08:32:40;MANAGE;#198 SL 4284.74 -> 4280.70 trail
2026.03.23 08:33:20;MANAGE;#198 SL 4280.70 -> 4278.12 trail
2026.03.23 08:34:20;MANAGE;#198 SL 4278.12 -> 4277.12 trail
2026.03.23 08:36:40;MANAGE;#198 SL 4277.12 -> 4271.52 trail
2026.03.23 08:37:40;MANAGE;#198 SL 4271.52 -> 4270.29 trail
2026.03.23 08:42:40;MANAGE;#198 SL 4270.29 -> 4270.04 trail
2026.03.23 08:43:40;RISK;deal closed pnl=118.98 streak=0 lock=0
2026.03.23 13:15:00;DECISION;setup LONG score=0.65 entry=4456.90 inv=4223.64 tgt=0.00 [CHoCH long lvl=4308.28|RelVol=2.26|VPnode d=13.50|VWAPside]
2026.03.23 13:15:00;VETO;risk veto: size 0.00 < broker min 0.01 (risk too small for stop)
2026.03.23 15:00:00;DECISION;setup LONG score=0.65 entry=4478.25 inv=4336.87 tgt=0.00 [BOS long lvl=4462.75|RelVol=1.68|VPnode d=33.35|VWAPside]
2026.03.23 15:00:00;VETO;risk veto: size 0.00 < broker min 0.01 (risk too small for stop)
2026.03.23 18:00:00;DECISION;setup SHORT score=0.75 entry=4363.78 inv=4512.81 tgt=0.00 [CHoCH short lvl=4401.63|RelVol=1.31|VPnode d=4.52|CycleTurn w=-0.51<-0.54]
2026.03.23 18:00:00;VETO;risk veto: size 0.00 < broker min 0.01 (risk too small for stop)
2026.03.23 20:45:00;DECISION;setup LONG score=0.70 entry=4461.73 inv=4350.99 tgt=0.00 [CHoCH long lvl=4438.86|RelVol=1.36|VPnear|VWAPside|CycleTurn w=0.51<--0.57]
2026.03.23 20:45:00;VETO;authorization denied: outside session window (server hour 20, window 03-20)
2026.03.23 21:00:00;VETO;authorization denied: outside session window (server hour 21, window 03-20)
2026.03.23 21:15:00;VETO;authorization denied: outside session window (server hour 21, window 03-20)
2026.03.23 21:30:00;VETO;authorization denied: outside session window (server hour 21, window 03-20)
2026.03.24 02:45:00;DECISION;setup SHORT score=0.60 entry=4344.32 inv=4448.36 tgt=0.00 [CHoCH short lvl=4361.27|RelVol=1.81|VWAPside|CycleTurn w=-0.30<-0.77]
2026.03.24 02:45:00;VETO;authorization denied: outside session window (server hour 02, window 03-20)
2026.03.24 03:00:00;ORDER;filled SELL 0.01 lots sl=4448.36 tp=4197.11 [WT|CHOCH|0.60]
2026.03.24 03:00:00;RISK;sizing: vol_ratio=0.72 scalar=1.00 gap_buf=0.00000 eff_stop=83.75000
2026.03.24 03:00:00;ORDER;entry fill deal #200 SELL 0.01 @ 4364.61000
2026.03.24 08:30:00;DECISION;setup LONG score=0.65 entry=4386.81 inv=4319.88 tgt=0.00 [CHoCH long lvl=4379.28|RelVol=1.23|VPnode d=13.01|VWAPside]
2026.03.24 08:30:00;VETO;risk veto: max positions
2026.03.24 13:00:00;DECISION;setup LONG score=0.75 entry=4438.77 inv=4391.11 tgt=0.00 [BOS long lvl=4432.68|RelVol=1.12|VPnode d=3.23|VWAPside|ADX=41]
2026.03.24 13:00:00;VETO;risk veto: max positions
2026.03.24 14:45:00;DECISION;setup SHORT score=0.65 entry=4369.83 inv=4442.08 tgt=0.00 [CHoCH short lvl=4374.64|RelVol=1.43|VPnode d=14.83|VWAPside]
2026.03.24 14:45:00;VETO;risk veto: max positions
2026.03.24 19:15:00;DECISION;setup SHORT score=0.75 entry=4397.53 inv=4430.93 tgt=0.00 [BOS short lvl=4402.47|RelVol=1.26|VPnode d=13.97|CycleTurn w=0.96<-1.00]
2026.03.24 19:15:00;VETO;risk veto: max positions
2026.03.24 22:24:40;RISK;deal closed pnl=-83.75 streak=1 lock=0
2026.03.24 22:30:00;DECISION;setup LONG score=0.50 entry=4455.64 inv=4372.15 tgt=0.00 [CHoCH long lvl=4423.40|RelVol=1.90|VPnear|VWAPside]
2026.03.24 22:30:00;VETO;authorization denied: outside session window (server hour 22, window 03-20)
2026.03.24 22:45:00;VETO;authorization denied: outside session window (server hour 22, window 03-20)
2026.03.25 00:00:00;VETO;authorization denied: outside session window (server hour 00, window 03-20)
2026.03.25 00:15:00;VETO;authorization denied: outside session window (server hour 00, window 03-20)
2026.03.25 01:30:00;DECISION;setup LONG score=0.50 entry=4509.99 inv=4455.97 tgt=0.00 [BOS long lvl=4485.76|RelVol=1.22|VPnear|VWAPside]
2026.03.25 01:30:00;VETO;authorization denied: outside session window (server hour 01, window 03-20)
2026.03.25 01:45:00;VETO;authorization denied: outside session window (server hour 01, window 03-20)
2026.03.25 02:00:00;VETO;authorization denied: outside session window (server hour 02, window 03-20)
2026.03.25 02:15:00;VETO;authorization denied: outside session window (server hour 02, window 03-20)
2026.03.25 07:30:00;DECISION;setup SHORT score=0.65 entry=4554.91 inv=4602.46 tgt=0.00 [CHoCH short lvl=4565.76|RelVol=0.96|VPnode d=3.71|VWAPside]
2026.03.25 07:30:00;ORDER;filled SELL 0.02 lots sl=4602.46 tp=4459.81 [WT|CHOCH|0.65]
2026.03.25 07:30:00;RISK;sizing: vol_ratio=0.51 scalar=1.00 gap_buf=0.00000 eff_stop=47.55000
2026.03.25 07:30:00;ORDER;entry fill deal #202 SELL 0.02 @ 4554.91000
2026.03.25 10:30:00;DECISION;setup LONG score=0.85 entry=4565.59 inv=4533.26 tgt=0.00 [CHoCH long lvl=4563.29|RelVol=1.12|VPnode d=8.11|VWAPside|CycleTurn w=-0.99<--1.00]
2026.03.25 10:30:00;VETO;risk veto: max positions
2026.03.25 13:30:00;DECISION;setup LONG score=0.85 entry=4579.89 inv=4527.80 tgt=0.00 [BOS long lvl=4567.86|RelVol=1.03|VPnode d=2.29|VWAPside|CycleTurn w=-0.63<--0.96]
2026.03.25 13:30:00;VETO;risk veto: max positions
2026.03.25 21:00:00;DECISION;setup SHORT score=0.65 entry=4538.26 inv=4568.94 tgt=0.00 [CHoCH short lvl=4542.56|RelVol=0.96|VPnode d=4.54|VWAPside]
2026.03.25 21:00:00;VETO;authorization denied: outside session window (server hour 21, window 03-20)
2026.03.25 21:09:40;MANAGE;#202 SL 4602.46 -> 4554.87 breakeven
2026.03.25 21:09:59;MANAGE;#202 SL 4554.87 -> 4531.31 trail
2026.03.25 21:10:40;MANAGE;#202 SL 4531.31 -> 4524.94 trail
2026.03.25 21:11:40;MANAGE;#202 SL 4524.94 -> 4514.46 trail
2026.03.25 21:15:00;VETO;authorization denied: outside session window (server hour 21, window 03-20)
2026.03.25 21:16:40;RISK;deal closed pnl=80.90 streak=0 lock=0
2026.03.25 21:30:00;VETO;authorization denied: outside session window (server hour 21, window 03-20)
2026.03.25 21:45:00;VETO;authorization denied: outside session window (server hour 21, window 03-20)
2026.03.26 03:00:00;DECISION;setup LONG score=0.65 entry=4535.65 inv=4489.03 tgt=0.00 [CHoCH long lvl=4534.75|RelVol=0.91|VPnode d=1.75|VWAPside]
2026.03.26 03:00:00;ORDER;filled BUY 0.02 lots sl=4489.03 tp=4629.01 [WT|CHOCH|0.65]
2026.03.26 03:00:00;RISK;sizing: vol_ratio=1.10 scalar=1.00 gap_buf=0.00000 eff_stop=46.66000
2026.03.26 03:00:00;ORDER;entry fill deal #204 BUY 0.02 @ 4535.69000
2026.03.26 07:30:00;DECISION;setup SHORT score=0.60 entry=4493.63 inv=4544.42 tgt=0.00 [CHoCH short lvl=4499.96|RelVol=1.23|VWAPside|CycleTurn w=0.61<-0.98]
2026.03.26 07:30:00;VETO;risk veto: max positions
2026.03.26 07:30:40;RISK;deal closed pnl=-93.32 streak=1 lock=0
2026.03.26 16:30:00;VETO;signal rejected: score 0.40 < 0.45 [CHoCH long lvl=4456.64|RelVol=1.02|VPnear]
2026.03.26 18:30:00;DECISION;setup SHORT score=0.85 entry=4396.64 inv=4479.38 tgt=0.00 [CHoCH short lvl=4420.23|RelVol=1.16|VPnode d=15.76|VWAPside|CycleTurn w=-0.46<-0.61]
2026.03.26 18:30:00;ORDER;filled SELL 0.01 lots sl=4479.38 tp=4231.16 [WT|CHOCH|0.85]
2026.03.26 18:30:00;RISK;sizing: vol_ratio=1.27 scalar=1.00 gap_buf=0.00000 eff_stop=82.74000
2026.03.26 18:30:00;ORDER;entry fill deal #206 SELL 0.01 @ 4396.64000
2026.03.26 22:00:00;DECISION;setup SHORT score=0.70 entry=4364.03 inv=4399.41 tgt=0.00 [BOS short lvl=4367.79|RelVol=1.10|VWAPside|CycleTurn w=0.73<-0.88|ADX=43]
2026.03.26 22:00:00;VETO;authorization denied: outside session window (server hour 22, window 03-20)
2026.03.26 22:15:00;VETO;authorization denied: outside session window (server hour 22, window 03-20)
2026.03.26 22:30:00;DECISION;setup LONG score=0.60 entry=4404.51 inv=4367.79 tgt=0.00 [CHoCH long lvl=4399.41|RelVol=1.77|VPnear|CycleTurn w=0.49<-0.33]
2026.03.26 22:30:00;VETO;authorization denied: outside session window (server hour 22, window 03-20)
2026.03.26 22:45:00;VETO;authorization denied: outside session window (server hour 22, window 03-20)
2026.03.27 00:00:00;VETO;authorization denied: outside session window (server hour 00, window 03-20)
2026.03.27 00:15:00;VETO;authorization denied: outside session window (server hour 00, window 03-20)
2026.03.27 03:00:00;DECISION;setup SHORT score=0.85 entry=4378.45 inv=4411.10 tgt=0.00 [CHoCH short lvl=4390.17|RelVol=0.94|VPnode d=10.95|VWAPside|CycleTurn w=0.83<-0.96]
2026.03.27 03:00:00;VETO;risk veto: max positions
2026.03.27 03:45:00;DECISION;setup LONG score=0.85 entry=4419.28 inv=4375.38 tgt=0.00 [CHoCH long lvl=4411.10|RelVol=0.72|VPnode d=10.68|VWAPside|CycleTurn w=0.26<--0.51]
2026.03.27 03:45:00;VETO;risk veto: max positions
2026.03.27 07:00:00;DECISION;setup LONG score=0.75 entry=4446.13 inv=4421.10 tgt=0.00 [BOS long lvl=4446.01|RelVol=1.01|VPnode d=3.47|VWAPside|ADX=40]
2026.03.27 07:00:00;VETO;risk veto: max positions
2026.03.27 12:45:00;DECISION;setup SHORT score=0.65 entry=4415.91 inv=4475.17 tgt=0.00 [CHoCH short lvl=4420.66|RelVol=0.88|VPnode d=7.49|VWAPside]
2026.03.27 12:45:00;VETO;risk veto: max positions
2026.03.27 16:15:00;DECISION;setup LONG score=0.65 entry=4459.94 inv=4404.09 tgt=0.00 [CHoCH long lvl=4445.29|RelVol=0.82|VPnode d=7.74|VWAPside]
2026.03.27 16:15:00;VETO;risk veto: max positions
2026.03.27 16:50:40;RISK;deal closed pnl=-82.79 streak=1 lock=0
2026.03.30 01:00:00;VETO;signal rejected: score 0.30 < 0.45 [CHoCH short lvl=4500.89|RelVol=0.62]
2026.03.30 02:45:00;DECISION;setup SHORT score=0.60 entry=4452.17 inv=4513.98 tgt=0.00 [BOS short lvl=4468.39|RelVol=1.23|VPnear|VWAPside|ADX=49]
2026.03.30 02:45:00;VETO;authorization denied: outside session window (server hour 02, window 03-20)
2026.03.30 03:00:00;ORDER;filled SELL 0.01 lots sl=4513.98 tp=4318.23 [WT|BOS|0.60]
2026.03.30 03:00:00;RISK;sizing: vol_ratio=1.28 scalar=1.00 gap_buf=0.00000 eff_stop=65.25000
2026.03.30 03:00:00;ORDER;entry fill deal #208 SELL 0.01 @ 4448.73000
2026.03.30 05:45:00;DECISION;setup LONG score=0.65 entry=4494.71 inv=4419.53 tgt=0.00 [CHoCH long lvl=4475.62|RelVol=1.42|VPnode d=15.11|VWAPside]
2026.03.30 05:45:00;VETO;risk veto: max positions
2026.03.30 06:23:40;RISK;deal closed pnl=-65.25 streak=1 lock=0
2026.03.30 09:00:00;DECISION;setup LONG score=0.75 entry=4522.48 inv=4486.21 tgt=0.00 [BOS long lvl=4517.26|RelVol=0.96|VPnode d=7.88|VWAPside|ADX=32]
2026.03.30 09:00:00;ORDER;filled BUY 0.03 lots sl=4486.21 tp=4595.08 [WT|BOS|0.75]
2026.03.30 09:00:00;RISK;sizing: vol_ratio=0.92 scalar=1.00 gap_buf=0.00000 eff_stop=36.29000
2026.03.30 09:00:00;ORDER;entry fill deal #210 BUY 0.03 @ 4522.50000
2026.03.30 14:30:00;DECISION;setup LONG score=0.95 entry=4543.47 inv=4523.60 tgt=0.00 [BOS long lvl=4540.78|RelVol=0.90|VPnode d=4.53|VWAPside|CycleTurn w=-0.98<--1.00|ADX=35]
2026.03.30 14:30:00;VETO;risk veto: max positions
2026.03.30 14:44:40;MANAGE;#210 SL 4486.21 -> 4522.54 breakeven
2026.03.30 14:44:59;MANAGE;#210 SL 4522.54 -> 4544.48 trail
2026.03.30 14:45:40;MANAGE;#210 SL 4544.48 -> 4547.16 trail
2026.03.30 14:47:40;MANAGE;#210 SL 4547.16 -> 4549.94 trail
2026.03.30 14:50:40;MANAGE;#210 SL 4549.94 -> 4552.61 trail
2026.03.30 14:51:40;MANAGE;#210 SL 4552.61 -> 4557.01 trail
2026.03.30 14:58:40;RISK;deal closed pnl=103.53 streak=0 lock=0
2026.03.30 17:00:00;DECISION;setup SHORT score=0.75 entry=4523.17 inv=4578.73 tgt=0.00 [CHoCH short lvl=4525.44|RelVol=0.98|VPnode d=9.33|CycleTurn w=-0.11<-0.84]
2026.03.30 17:00:00;ORDER;filled SELL 0.02 lots sl=4578.73 tp=4412.05 [WT|CHOCH|0.75]
2026.03.30 17:00:00;RISK;sizing: vol_ratio=0.97 scalar=1.00 gap_buf=0.00000 eff_stop=55.56000
2026.03.30 17:00:00;ORDER;entry fill deal #212 SELL 0.02 @ 4523.17000
2026.03.30 22:00:00;DECISION;setup SHORT score=0.60 entry=4498.97 inv=4556.82 tgt=0.00 [BOS short lvl=4511.25|RelVol=0.80|VPnear|VWAPside|ADX=43]
2026.03.30 22:00:00;VETO;authorization denied: outside session window (server hour 22, window 03-20)
2026.03.30 22:15:00;VETO;authorization denied: outside session window (server hour 22, window 03-20)
2026.03.30 22:30:00;VETO;authorization denied: outside session window (server hour 22, window 03-20)
2026.03.30 22:45:00;VETO;authorization denied: outside session window (server hour 22, window 03-20)
2026.03.31 03:45:00;DECISION;setup LONG score=0.50 entry=4536.72 inv=4492.32 tgt=0.00 [CHoCH long lvl=4523.00|RelVol=0.93|VPnear|VWAPside]
2026.03.31 03:45:00;VETO;risk veto: max positions
2026.03.31 04:24:40;RISK;deal closed pnl=-111.21 streak=1 lock=0
2026.03.31 13:45:00;DECISION;setup SHORT score=0.65 entry=4541.09 inv=4575.21 tgt=0.00 [CHoCH short lvl=4550.19|RelVol=1.26|VPnode d=5.11|VWAPside]
2026.03.31 13:45:00;ORDER;filled SELL 0.03 lots sl=4575.21 tp=4472.91 [WT|CHOCH|0.65]
2026.03.31 13:45:00;RISK;sizing: vol_ratio=0.74 scalar=1.00 gap_buf=0.00000 eff_stop=34.10000
2026.03.31 13:45:00;ORDER;entry fill deal #214 SELL 0.03 @ 4541.11000
2026.03.31 14:21:40;RISK;deal closed pnl=-102.30 streak=2 lock=0
2026.03.31 14:30:00;DECISION;setup LONG score=0.85 entry=4575.31 inv=4529.49 tgt=0.00 [CHoCH long lvl=4575.21|RelVol=1.24|VPnode d=9.69|VWAPside|CycleTurn w=-0.98<--1.00]
2026.03.31 14:30:00;ORDER;filled BUY 0.02 lots sl=4529.49 tp=4667.07 [WT|CHOCH|0.85]
2026.03.31 14:30:00;RISK;sizing: vol_ratio=0.90 scalar=1.00 gap_buf=0.00000 eff_stop=45.86000
2026.03.31 14:30:00;ORDER;entry fill deal #216 BUY 0.02 @ 4575.35000
2026.03.31 17:00:00;DECISION;setup LONG score=0.50 entry=4607.11 inv=4567.84 tgt=0.00 [BOS long lvl=4597.56|RelVol=0.76|VPnear|VWAPside]
2026.03.31 17:00:00;VETO;risk veto: max positions
2026.03.31 17:02:40;MANAGE;#216 SL 4529.49 -> 4575.39 breakeven
2026.03.31 17:02:59;MANAGE;#216 SL 4575.39 -> 4582.49 trail
2026.03.31 17:03:20;MANAGE;#216 SL 4582.49 -> 4585.87 trail
2026.03.31 17:33:40;MANAGE;#216 SL 4585.87 -> 4588.30 trail
2026.03.31 17:34:20;MANAGE;#216 SL 4588.30 -> 4591.50 trail
2026.03.31 19:39:40;MANAGE;#216 SL 4591.50 -> 4597.57 trail
2026.03.31 19:40:40;MANAGE;#216 SL 4597.57 -> 4605.52 trail
2026.03.31 19:41:40;MANAGE;#216 SL 4605.52 -> 4612.43 trail
2026.03.31 19:42:20;MANAGE;#216 SL 4612.43 -> 4613.93 trail
2026.03.31 19:43:20;MANAGE;#216 SL 4613.93 -> 4615.73 trail
2026.03.31 19:45:00;DECISION;setup LONG score=0.50 entry=4641.69 inv=4594.99 tgt=0.00 [BOS long lvl=4630.13|RelVol=1.13|VWAPside|ADX=36]
2026.03.31 19:45:00;VETO;risk veto: max positions
2026.03.31 20:04:20;MANAGE;#216 SL 4615.73 -> 4616.22 trail
2026.03.31 20:23:20;MANAGE;#216 SL 4616.22 -> 4618.82 trail
2026.03.31 20:32:20;MANAGE;#216 SL 4618.82 -> 4619.16 trail
2026.03.31 20:34:40;MANAGE;#216 SL 4619.16 -> 4620.61 trail
2026.03.31 20:35:40;MANAGE;#216 SL 4620.61 -> 4622.75 trail
2026.03.31 20:42:40;MANAGE;#216 SL 4622.75 -> 4625.38 trail
2026.03.31 20:46:40;MANAGE;#216 SL 4625.38 -> 4625.59 trail
2026.03.31 20:47:40;MANAGE;#216 SL 4625.59 -> 4628.51 trail
2026.03.31 20:51:20;RISK;deal closed pnl=183.44 streak=0 lock=0
2026.04.01 03:15:00;DECISION;setup LONG score=0.80 entry=4703.36 inv=4661.63 tgt=0.00 [BOS long lvl=4696.44|RelVol=0.67|VPnear|VWAPside|CycleTurn w=-0.88<--0.98|ADX=52]
2026.04.01 03:15:00;ORDER;filled BUY 0.02 lots sl=4661.63 tp=4786.94 [WT|BOS|0.80]
2026.04.01 03:15:00;RISK;sizing: vol_ratio=0.92 scalar=1.00 gap_buf=0.00000 eff_stop=41.77000
2026.04.01 03:15:00;ORDER;entry fill deal #218 BUY 0.02 @ 4703.40000
2026.04.01 07:15:00;DECISION;setup SHORT score=0.65 entry=4673.91 inv=4695.02 tgt=0.00 [CHoCH short lvl=4678.28|RelVol=0.83|StopFloored|VPnode d=0.29|VWAPside]
2026.04.01 07:15:00;VETO;risk veto: max positions
2026.04.01 08:45:00;DECISION;setup LONG score=0.85 entry=4702.18 inv=4667.06 tgt=0.00 [CHoCH long lvl=4694.22|RelVol=0.82|VPnode d=2.78|VWAPside|CycleTurn w=-0.93<--0.98]
2026.04.01 08:45:00;VETO;risk veto: max positions
2026.04.01 10:37:40;MANAGE;#218 SL 4661.63 -> 4703.44 breakeven
2026.04.01 10:37:59;MANAGE;#218 SL 4703.44 -> 4716.10 trail
2026.04.01 10:38:40;MANAGE;#218 SL 4716.10 -> 4720.70 trail
2026.04.01 10:49:40;RISK;deal closed pnl=34.60 streak=0 lock=0
2026.04.01 14:30:00;DECISION;setup LONG score=0.70 entry=4745.13 inv=4713.26 tgt=0.00 [BOS long lvl=4740.55|RelVol=0.59|VWAPside|CycleTurn w=0.35<--0.66|ADX=32]
2026.04.01 14:30:00;ORDER;filled BUY 0.03 lots sl=4713.26 tp=4808.99 [WT|BOS|0.70]
2026.04.01 14:30:00;RISK;sizing: vol_ratio=0.76 scalar=1.00 gap_buf=0.00000 eff_stop=31.91000
2026.04.01 14:30:00;ORDER;entry fill deal #220 BUY 0.03 @ 4745.17000
2026.04.01 17:45:00;DECISION;setup LONG score=0.85 entry=4754.13 inv=4716.20 tgt=0.00 [BOS long lvl=4753.71|RelVol=0.84|VPnode d=4.73|VWAPside|CycleTurn w=-0.93<--0.97]
2026.04.01 17:45:00;VETO;risk veto: max positions
2026.04.01 18:31:40;MANAGE;#220 SL 4713.26 -> 4745.21 breakeven
2026.04.01 18:36:40;MANAGE;#220 SL 4745.21 -> 4746.08 trail
2026.04.01 18:44:40;MANAGE;#220 SL 4746.08 -> 4749.05 trail
2026.04.01 18:45:20;MANAGE;#220 SL 4749.05 -> 4749.20 trail
2026.04.01 18:50:40;MANAGE;#220 SL 4749.20 -> 4750.18 trail
2026.04.01 19:00:00;MANAGE;#220 SL 4750.18 -> 4750.66 trail
2026.04.01 19:00:40;MANAGE;#220 SL 4750.66 -> 4752.53 trail
2026.04.01 19:01:40;MANAGE;#220 SL 4752.53 -> 4753.34 trail
2026.04.01 19:02:20;MANAGE;#220 SL 4753.34 -> 4754.78 trail
2026.04.01 19:58:40;MANAGE;#220 SL 4754.78 -> 4755.84 trail
2026.04.01 19:59:40;MANAGE;#220 SL 4755.84 -> 4757.46 trail
2026.04.01 20:00:40;MANAGE;#220 SL 4757.46 -> 4758.17 trail
2026.04.01 20:01:40;MANAGE;#220 SL 4758.17 -> 4759.17 trail
2026.04.01 20:02:40;MANAGE;#220 SL 4759.17 -> 4761.19 trail
2026.04.01 20:03:20;MANAGE;#220 SL 4761.19 -> 4761.50 trail
2026.04.01 20:06:40;MANAGE;#220 SL 4761.50 -> 4762.64 trail
2026.04.01 21:03:40;RISK;deal closed pnl=52.41 streak=0 lock=0
2026.04.02 02:15:00;DECISION;setup LONG score=0.85 entry=4791.28 inv=4748.72 tgt=0.00 [BOS long lvl=4778.27|RelVol=0.61|VPnode d=2.68|VWAPside|CycleTurn w=-0.30<--0.86]
2026.04.02 02:15:00;VETO;authorization denied: outside session window (server hour 02, window 03-20)
2026.04.02 02:30:00;VETO;authorization denied: outside session window (server hour 02, window 03-20)
2026.04.02 02:45:00;VETO;authorization denied: outside session window (server hour 02, window 03-20)
2026.04.02 03:00:00;ORDER;filled BUY 0.03 lots sl=4748.72 tp=4854.98 [WT|BOS|0.85]
2026.04.02 03:00:00;RISK;sizing: vol_ratio=0.94 scalar=1.00 gap_buf=0.00000 eff_stop=35.42000
2026.04.02 03:00:00;ORDER;entry fill deal #222 BUY 0.03 @ 4784.14000
2026.04.02 04:03:40;RISK;deal closed pnl=-106.26 streak=1 lock=0
2026.04.02 04:15:00;DECISION;setup SHORT score=0.70 entry=4750.86 inv=4800.45 tgt=0.00 [CHoCH short lvl=4775.11|RelVol=1.54|VPnear|VWAPside|CycleTurn w=-0.06<-0.87]
2026.04.02 04:15:00;ORDER;filled SELL 0.02 lots sl=4800.45 tp=4651.77 [WT|CHOCH|0.70]
2026.04.02 04:15:00;RISK;sizing: vol_ratio=1.11 scalar=1.00 gap_buf=0.00000 eff_stop=49.56000
2026.04.02 04:15:00;ORDER;entry fill deal #224 SELL 0.02 @ 4750.89000
2026.04.02 04:25:40;MANAGE;#224 SL 4800.45 -> 4750.85 breakeven
2026.04.02 04:25:59;MANAGE;#224 SL 4750.85 -> 4734.29 trail
2026.04.02 04:26:40;MANAGE;#224 SL 4734.29 -> 4719.96 trail
2026.04.02 04:31:40;MANAGE;#224 SL 4719.96 -> 4712.67 trail
2026.04.02 04:32:40;RISK;deal closed pnl=198.24 streak=0 lock=0
2026.04.02 08:45:00;DECISION;setup SHORT score=0.60 entry=4634.05 inv=4699.25 tgt=0.00 [BOS short lvl=4655.53|RelVol=1.50|VPnear|VWAPside|ADX=38]
2026.04.02 08:45:00;ORDER;filled SELL 0.01 lots sl=4699.25 tp=4503.65 [WT|BOS|0.60]
2026.04.02 08:45:00;RISK;sizing: vol_ratio=1.07 scalar=1.00 gap_buf=0.00000 eff_stop=65.20000
2026.04.02 08:45:00;ORDER;entry fill deal #226 SELL 0.01 @ 4634.05000
2026.04.02 09:08:40;MANAGE;#226 SL 4699.25 -> 4634.01 breakeven
2026.04.02 09:08:59;MANAGE;#226 SL 4634.01 -> 4606.08 trail
2026.04.02 09:09:20;MANAGE;#226 SL 4606.08 -> 4603.71 trail
2026.04.02 09:10:40;MANAGE;#226 SL 4603.71 -> 4596.38 trail
2026.04.02 09:11:20;MANAGE;#226 SL 4596.38 -> 4592.68 trail
2026.04.02 09:20:40;RISK;deal closed pnl=41.37 streak=0 lock=0
2026.04.02 14:45:00;DECISION;setup SHORT score=0.70 entry=4600.05 inv=4634.98 tgt=0.00 [BOS short lvl=4604.12|RelVol=0.82|VPnear|VWAPside|CycleTurn w=0.99<-1.00]
2026.04.02 14:45:00;ORDER;filled SELL 0.03 lots sl=4634.98 tp=4530.19 [WT|BOS|0.70]
2026.04.02 14:45:00;RISK;sizing: vol_ratio=0.89 scalar=1.00 gap_buf=0.00000 eff_stop=34.93000
2026.04.02 14:45:00;ORDER;entry fill deal #228 SELL 0.03 @ 4600.05000
2026.04.02 16:15:00;VETO;signal rejected: score 0.40 < 0.45 [BOS short lvl=4592.93|RelVol=0.93|VWAPside]
2026.04.02 16:49:40;RISK;deal closed pnl=-104.79 streak=1 lock=0
2026.04.02 17:00:00;VETO;signal rejected: score 0.40 < 0.45 [CHoCH long lvl=4630.27|RelVol=0.95|VPnear]
2026.04.02 22:15:00;DECISION;setup LONG score=0.70 entry=4674.52 inv=4645.77 tgt=0.00 [BOS long lvl=4670.46|RelVol=0.97|VPnear|VWAPside|CycleTurn w=-0.60<--0.94]
2026.04.02 22:15:00;VETO;authorization denied: outside session window (server hour 22, window 03-20)
2026.04.02 22:30:00;VETO;authorization denied: outside session window (server hour 22, window 03-20)
2026.04.02 22:45:00;VETO;authorization denied: outside session window (server hour 22, window 03-20)
2026.04.06 01:00:00;VETO;authorization denied: outside session window (server hour 01, window 03-20)
2026.04.06 01:15:00;DECISION;setup SHORT score=0.85 entry=4629.83 inv=4681.85 tgt=0.00 [CHoCH short lvl=4645.77|RelVol=1.64|VPnode d=4.27|VWAPside|CycleTurn w=0.66<-1.00]
2026.04.06 01:15:00;VETO;authorization denied: outside session window (server hour 01, window 03-20)
2026.04.06 01:30:00;VETO;authorization denied: outside session window (server hour 01, window 03-20)
2026.04.06 01:45:00;VETO;authorization denied: outside session window (server hour 01, window 03-20)
2026.04.06 02:00:00;VETO;authorization denied: outside session window (server hour 02, window 03-20)
2026.04.06 05:30:00;DECISION;setup LONG score=0.50 entry=4661.13 inv=4600.76 tgt=0.00 [CHoCH long lvl=4643.13|RelVol=1.23|VPnear|VWAPside]
2026.04.06 05:30:00;ORDER;filled BUY 0.01 lots sl=4600.76 tp=4781.99 [WT|CHOCH|0.50]
2026.04.06 05:30:00;RISK;sizing: vol_ratio=0.96 scalar=1.00 gap_buf=0.00000 eff_stop=60.41000
2026.04.06 05:30:00;ORDER;entry fill deal #230 BUY 0.01 @ 4661.17000
2026.04.06 08:15:00;DECISION;setup LONG score=0.50 entry=4673.73 inv=4625.30 tgt=0.00 [BOS long lvl=4671.95|RelVol=0.68|VWAPside|ADX=38]
2026.04.06 08:15:00;VETO;risk veto: max positions
2026.04.06 11:00:00;DECISION;setup LONG score=0.70 entry=4684.85 inv=4643.15 tgt=0.00 [BOS long lvl=4667.86|RelVol=1.00|VPnear|VWAPside|CycleTurn w=-0.55<--0.67]
2026.04.06 11:00:00;VETO;risk veto: max positions
2026.04.06 15:00:00;VETO;signal rejected: score 0.30 < 0.45 [CHoCH short lvl=4684.79|RelVol=0.54]
2026.04.07 04:15:00;DECISION;setup SHORT score=0.70 entry=4640.58 inv=4667.86 tgt=0.00 [BOS short lvl=4649.12|RelVol=1.45|VPnear|VWAPside|CycleTurn w=0.88<-0.99]
2026.04.07 04:15:00;VETO;risk veto: max positions
2026.04.07 07:45:00;DECISION;setup LONG score=0.65 entry=4662.38 inv=4616.23 tgt=0.00 [CHoCH long lvl=4654.14|RelVol=0.62|VPnode d=0.58|VWAPside]
2026.04.07 07:45:00;VETO;risk veto: max positions
2026.04.07 11:15:00;DECISION;setup LONG score=0.65 entry=4663.41 inv=4623.10 tgt=0.00 [BOS long lvl=4657.15|RelVol=1.32|VPnode d=1.21|VWAPside]
2026.04.07 11:15:00;VETO;risk veto: max positions
2026.04.07 14:15:00;DECISION;setup SHORT score=0.65 entry=4635.71 inv=4694.49 tgt=0.00 [CHoCH short lvl=4636.56|RelVol=0.95|VPnode d=0.71|VWAPside]
2026.04.07 14:15:00;VETO;risk veto: max positions
2026.04.07 17:15:00;DECISION;setup SHORT score=0.50 entry=4622.05 inv=4671.04 tgt=0.00 [BOS short lvl=4628.95|RelVol=1.23|VPnear|VWAPside]
2026.04.07 17:15:00;VETO;risk veto: max positions
2026.04.07 19:30:00;DECISION;setup LONG score=0.65 entry=4662.95 inv=4607.28 tgt=0.00 [CHoCH long lvl=4661.43|RelVol=1.01|VPnode d=0.25|VWAPside]
2026.04.07 19:30:00;VETO;risk veto: max positions
2026.04.07 20:45:00;DECISION;setup LONG score=0.75 entry=4672.28 inv=4607.28 tgt=0.00 [BOS long lvl=4668.42|RelVol=1.38|VPnode d=8.68|VWAPside|ADX=33]
2026.04.07 20:45:00;VETO;authorization denied: outside session window (server hour 20, window 03-20)
2026.04.07 21:00:00;VETO;authorization denied: outside session window (server hour 21, window 03-20)
2026.04.07 21:15:00;VETO;authorization denied: outside session window (server hour 21, window 03-20)
2026.04.07 21:30:00;VETO;authorization denied: outside session window (server hour 21, window 03-20)
2026.04.07 22:30:00;DECISION;setup LONG score=0.60 entry=4687.54 inv=4653.90 tgt=0.00 [BOS long lvl=4686.61|RelVol=2.50|VPnear|VWAPside|ADX=37]
2026.04.07 22:30:00;VETO;authorization denied: outside session window (server hour 22, window 03-20)
2026.04.07 22:45:00;VETO;authorization denied: outside session window (server hour 22, window 03-20)
2026.04.08 01:00:00;VETO;authorization denied: outside session window (server hour 01, window 03-20)
2026.04.08 01:00:40;MANAGE;#230 SL 4600.76 -> 4661.81 breakeven
2026.04.08 01:00:59;MANAGE;#230 SL 4661.81 -> 4715.87 trail
2026.04.08 01:05:40;MANAGE;#230 SL 4715.87 -> 4718.92 trail
2026.04.08 01:06:40;MANAGE;#230 SL 4718.92 -> 4721.06 trail
2026.04.08 01:15:00;VETO;authorization denied: outside session window (server hour 01, window 03-20)
2026.04.08 01:32:20;MANAGE;#230 SL 4721.06 -> 4721.99 trail
2026.04.08 01:32:40;RISK;deal closed pnl=60.56 streak=0 lock=0
2026.04.08 09:00:00;DECISION;setup LONG score=0.85 entry=4827.53 inv=4790.20 tgt=0.00 [BOS long lvl=4825.27|RelVol=1.04|VPnode d=4.73|VWAPside|CycleTurn w=-0.94<--0.97]
2026.04.08 09:00:00;ORDER;filled BUY 0.03 lots sl=4790.20 tp=4902.19 [WT|BOS|0.85]
2026.04.08 09:00:00;RISK;sizing: vol_ratio=0.64 scalar=1.00 gap_buf=0.00000 eff_stop=37.33000
2026.04.08 09:00:00;ORDER;entry fill deal #232 BUY 0.03 @ 4827.53000
2026.04.08 12:43:40;RISK;deal closed pnl=-111.99 streak=1 lock=0
2026.04.08 12:45:00;DECISION;setup SHORT score=0.50 entry=4782.56 inv=4843.82 tgt=0.00 [CHoCH short lvl=4790.53|RelVol=1.05|VPnear|VWAPside]
2026.04.08 12:45:00;ORDER;filled SELL 0.01 lots sl=4843.82 tp=4660.04 [WT|CHOCH|0.50]
2026.04.08 12:45:00;RISK;sizing: vol_ratio=0.84 scalar=1.00 gap_buf=0.00000 eff_stop=61.26000
2026.04.08 12:45:00;ORDER;entry fill deal #234 SELL 0.01 @ 4782.56000
2026.04.08 17:30:00;DECISION;setup SHORT score=0.65 entry=4768.06 inv=4806.70 tgt=0.00 [BOS short lvl=4768.79|RelVol=1.02|VPnode d=6.54|VWAPside]
2026.04.08 17:30:00;VETO;risk veto: max positions
2026.04.08 20:45:00;VETO;signal rejected: score 0.40 < 0.45 [BOS short lvl=4745.40|RelVol=1.21|VWAPside]
2026.04.08 21:18:40;MANAGE;#234 SL 4843.82 -> 4782.52 breakeven
2026.04.08 21:18:59;MANAGE;#234 SL 4782.52 -> 4752.82 trail
2026.04.08 21:19:00;MANAGE;#234 SL 4752.82 -> 4752.43 trail
2026.04.08 21:19:20;MANAGE;#234 SL 4752.43 -> 4748.49 trail
2026.04.08 21:25:40;MANAGE;#234 SL 4748.49 -> 4745.36 trail
2026.04.08 21:36:40;MANAGE;#234 SL 4745.36 -> 4745.18 trail
2026.04.08 21:37:40;MANAGE;#234 SL 4745.18 -> 4743.93 trail
2026.04.08 21:38:40;MANAGE;#234 SL 4743.93 -> 4740.88 trail
2026.04.08 21:39:40;MANAGE;#234 SL 4740.88 -> 4740.00 trail
2026.04.08 21:41:40;MANAGE;#234 SL 4740.00 -> 4739.60 trail
2026.04.08 21:42:20;MANAGE;#234 SL 4739.60 -> 4737.83 trail
2026.04.08 21:43:40;MANAGE;#234 SL 4737.83 -> 4734.81 trail
2026.04.08 21:50:40;MANAGE;#234 SL 4734.81 -> 4733.17 trail
2026.04.08 21:51:40;MANAGE;#234 SL 4733.17 -> 4731.00 trail
2026.04.08 21:56:20;MANAGE;#234 SL 4731.00 -> 4730.39 trail
2026.04.08 22:00:40;MANAGE;#234 SL 4730.39 -> 4727.92 trail
2026.04.08 22:05:40;MANAGE;#234 SL 4727.92 -> 4726.28 trail
2026.04.08 22:48:40;RISK;deal closed pnl=56.28 streak=0 lock=0
2026.04.09 03:15:00;DECISION;setup SHORT score=0.65 entry=4702.41 inv=4732.42 tgt=0.00 [BOS short lvl=4704.63|RelVol=0.70|VPnode d=4.99|VWAPside]
2026.04.09 03:15:00;ORDER;filled SELL 0.03 lots sl=4732.42 tp=4642.39 [WT|BOS|0.65]
2026.04.09 03:15:00;RISK;sizing: vol_ratio=0.81 scalar=1.00 gap_buf=0.00000 eff_stop=30.01000
2026.04.09 03:15:00;ORDER;entry fill deal #236 SELL 0.03 @ 4702.41000
2026.04.09 04:15:00;DECISION;setup LONG score=0.65 entry=4720.59 inv=4698.62 tgt=0.00 [CHoCH long lvl=4720.00|RelVol=1.04|VPnode d=2.79|VWAPside]
2026.04.09 04:15:00;VETO;risk veto: max positions
2026.04.09 05:39:20;RISK;deal closed pnl=-90.03 streak=1 lock=0
2026.04.09 13:30:00;DECISION;setup LONG score=0.50 entry=4738.14 inv=4703.52 tgt=0.00 [BOS long lvl=4733.38|RelVol=0.87|VPnear|VWAPside]
2026.04.09 13:30:00;ORDER;filled BUY 0.03 lots sl=4703.52 tp=4807.56 [WT|BOS|0.50]
2026.04.09 13:30:00;RISK;sizing: vol_ratio=0.87 scalar=1.00 gap_buf=0.00000 eff_stop=34.68000
2026.04.09 13:30:00;ORDER;entry fill deal #238 BUY 0.03 @ 4738.20000
2026.04.09 16:40:40;MANAGE;#238 SL 4703.52 -> 4738.24 breakeven
2026.04.09 16:40:59;MANAGE;#238 SL 4738.24 -> 4753.87 trail
2026.04.09 16:41:20;MANAGE;#238 SL 4753.87 -> 4754.83 trail
2026.04.09 16:42:40;MANAGE;#238 SL 4754.83 -> 4755.52 trail
2026.04.09 16:43:40;MANAGE;#238 SL 4755.52 -> 4757.06 trail
2026.04.09 16:45:00;DECISION;setup LONG score=0.70 entry=4775.73 inv=4734.80 tgt=0.00 [BOS long lvl=4759.68|RelVol=0.87|VWAPside|CycleTurn w=0.76<-0.72|ADX=34]
2026.04.09 16:45:00;VETO;risk veto: max positions
2026.04.09 17:33:40;RISK;deal closed pnl=56.58 streak=0 lock=0
2026.04.09 18:30:00;DECISION;setup LONG score=0.50 entry=4778.85 inv=4747.26 tgt=0.00 [BOS long lvl=4777.22|RelVol=0.98|VWAPside|ADX=32]
2026.04.09 18:30:00;ORDER;filled BUY 0.03 lots sl=4747.26 tp=4842.63 [WT|BOS|0.50]
2026.04.09 18:30:00;RISK;sizing: vol_ratio=1.15 scalar=1.00 gap_buf=0.00000 eff_stop=31.79000
2026.04.09 18:30:00;ORDER;entry fill deal #240 BUY 0.03 @ 4779.05000
2026.04.09 21:15:00;DECISION;setup SHORT score=0.50 entry=4783.89 inv=4801.19 tgt=0.00 [CHoCH short lvl=4784.49|RelVol=1.05|StopFloored|CycleTurn w=-0.05<-0.85]
2026.04.09 21:15:00;VETO;authorization denied: outside session window (server hour 21, window 03-20)
2026.04.09 21:30:00;VETO;authorization denied: outside session window (server hour 21, window 03-20)
2026.04.09 21:45:00;VETO;authorization denied: outside session window (server hour 21, window 03-20)
2026.04.09 22:00:00;VETO;authorization denied: outside session window (server hour 22, window 03-20)
2026.04.10 01:30:00;DECISION;setup SHORT score=0.65 entry=4764.47 inv=4801.22 tgt=0.00 [BOS short lvl=4768.07|RelVol=0.44|VPnode d=2.13|VWAPside]
2026.04.10 01:30:00;VETO;authorization denied: outside session window (server hour 01, window 03-20)
2026.04.10 01:45:00;VETO;authorization denied: outside session window (server hour 01, window 03-20)
2026.04.10 02:00:00;VETO;authorization denied: outside session window (server hour 02, window 03-20)
2026.04.10 02:15:00;VETO;authorization denied: outside session window (server hour 02, window 03-20)
2026.04.10 05:19:40;RISK;deal closed pnl=-95.75 streak=1 lock=0
2026.04.10 05:30:00;DECISION;setup SHORT score=0.70 entry=4744.50 inv=4777.16 tgt=0.00 [BOS short lvl=4750.74|RelVol=0.97|VPnear|VWAPside|CycleTurn w=0.62<-0.90]
2026.04.10 05:30:00;ORDER;filled SELL 0.03 lots sl=4777.16 tp=4679.18 [WT|BOS|0.70]
2026.04.10 05:30:00;RISK;sizing: vol_ratio=0.86 scalar=1.00 gap_buf=0.00000 eff_stop=32.66000
2026.04.10 05:30:00;ORDER;entry fill deal #242 SELL 0.03 @ 4744.50000
2026.04.10 09:15:00;DECISION;setup SHORT score=0.85 entry=4756.30 inv=4770.79 tgt=0.00 [BOS short lvl=4757.44|RelVol=0.74|VPnode d=0.70|VWAPside|CycleTurn w=0.97<-0.97]
2026.04.10 09:15:00;VETO;risk veto: max positions
2026.04.10 12:00:00;DECISION;setup SHORT score=0.60 entry=4740.77 inv=4757.61 tgt=0.00 [BOS short lvl=4741.30|RelVol=1.22|VPnear|VWAPside|ADX=37]
2026.04.10 12:00:00;VETO;risk veto: max positions
2026.04.10 14:30:00;DECISION;setup LONG score=0.65 entry=4761.72 inv=4742.31 tgt=0.00 [CHoCH long lvl=4760.73|RelVol=0.60|VPnode d=2.02|VWAPside]
2026.04.10 14:30:00;VETO;risk veto: max positions
2026.04.10 15:30:40;RISK;deal closed pnl=-97.98 streak=2 lock=0
2026.04.10 17:30:00;DECISION;setup LONG score=0.50 entry=4790.67 inv=4742.31 tgt=0.00 [BOS long lvl=4782.30|RelVol=0.85|VWAPside|ADX=45]
2026.04.10 17:30:00;ORDER;filled BUY 0.02 lots sl=4742.31 tp=4887.54 [WT|BOS|0.50]
2026.04.10 17:30:00;RISK;sizing: vol_ratio=1.09 scalar=1.00 gap_buf=0.00000 eff_stop=48.41000
2026.04.10 17:30:00;ORDER;entry fill deal #244 BUY 0.02 @ 4790.72000
2026.04.13 01:00:00;RISK;deal closed pnl=-97.07 streak=1 lock=0
2026.04.13 01:15:00;DECISION;setup SHORT score=0.75 entry=4676.08 inv=4773.16 tgt=0.00 [CHoCH short lvl=4751.00|RelVol=1.73|VPnode d=0.02|CycleTurn w=-0.61<-0.07]
2026.04.13 01:15:00;VETO;authorization denied: outside session window (server hour 01, window 03-20)
2026.04.13 01:30:00;VETO;authorization denied: outside session window (server hour 01, window 03-20)
2026.04.13 01:45:00;VETO;authorization denied: outside session window (server hour 01, window 03-20)
2026.04.13 02:00:00;VETO;authorization denied: outside session window (server hour 02, window 03-20)
2026.04.13 09:00:00;DECISION;setup LONG score=0.65 entry=4729.46 inv=4708.74 tgt=0.00 [CHoCH long lvl=4723.97|RelVol=0.80|VPnode d=1.34|VWAPside]
2026.04.13 09:00:00;ORDER;filled BUY 0.05 lots sl=4708.74 tp=4771.02 [WT|CHOCH|0.65]
2026.04.13 09:00:00;RISK;sizing: vol_ratio=0.72 scalar=1.00 gap_buf=0.00000 eff_stop=20.76000
2026.04.13 09:00:00;ORDER;entry fill deal #246 BUY 0.05 @ 4729.50000
2026.04.13 12:15:00;DECISION;setup SHORT score=0.75 entry=4719.18 inv=4740.03 tgt=0.00 [CHoCH short lvl=4720.73|RelVol=1.01|VPnode d=1.72|CycleTurn w=-0.47<-0.54]
2026.04.13 12:15:00;VETO;risk veto: max positions
2026.04.13 13:25:40;RISK;deal closed pnl=-103.80 streak=2 lock=0
2026.04.13 14:45:00;DECISION;setup SHORT score=0.65 entry=4707.73 inv=4740.03 tgt=0.00 [BOS short lvl=4708.32|RelVol=0.76|VPnode d=3.07|VWAPside]
2026.04.13 14:45:00;ORDER;filled SELL 0.03 lots sl=4740.03 tp=4643.13 [WT|BOS|0.65]
2026.04.13 14:45:00;RISK;sizing: vol_ratio=0.75 scalar=1.00 gap_buf=0.00000 eff_stop=32.30000
2026.04.13 14:45:00;ORDER;entry fill deal #248 SELL 0.03 @ 4707.73000
2026.04.13 16:15:00;DECISION;setup LONG score=0.85 entry=4734.33 inv=4703.63 tgt=0.00 [CHoCH long lvl=4729.12|RelVol=0.82|VPnode d=0.27|VWAPside|CycleTurn w=-0.28<--0.93]
2026.04.13 16:15:00;VETO;risk veto: max positions
2026.04.13 16:49:40;RISK;deal closed pnl=-96.90 streak=3 lock=2
2026.04.14 01:45:00;DECISION;setup LONG score=0.75 entry=4750.41 inv=4723.26 tgt=0.00 [BOS long lvl=4750.12|RelVol=0.58|VPnode d=0.61|VWAPside|ADX=33]
2026.04.14 01:45:00;VETO;authorization denied: outside session window (server hour 01, window 03-20)
2026.04.14 02:00:00;VETO;authorization denied: outside session window (server hour 02, window 03-20)
2026.04.14 02:15:00;VETO;authorization denied: outside session window (server hour 02, window 03-20)
2026.04.14 02:30:00;VETO;authorization denied: outside session window (server hour 02, window 03-20)
2026.04.14 03:45:00;DECISION;setup LONG score=0.75 entry=4770.47 inv=4723.26 tgt=0.00 [BOS long lvl=4765.93|RelVol=0.77|VPnode d=2.87|VWAPside|ADX=43]
2026.04.14 03:45:00;ORDER;filled BUY 0.02 lots sl=4723.26 tp=4864.71 [WT|BOS|0.75]
2026.04.14 03:45:00;RISK;sizing: vol_ratio=0.69 scalar=1.00 gap_buf=0.00000 eff_stop=47.15000
2026.04.14 03:45:00;ORDER;entry fill deal #250 BUY 0.02 @ 4770.41000
2026.04.14 08:15:00;DECISION;setup SHORT score=0.65 entry=4765.55 inv=4777.03 tgt=0.00 [CHoCH short lvl=4765.78|RelVol=0.65|VPnode d=2.15|VWAPside]
2026.04.14 08:15:00;VETO;risk veto: max positions
2026.04.14 10:00:00;DECISION;setup LONG score=0.70 entry=4782.23 inv=4758.00 tgt=0.00 [CHoCH long lvl=4777.03|RelVol=1.14|VPnear|VWAPside|CycleTurn w=-0.93<--0.99]
2026.04.14 10:00:00;VETO;risk veto: max positions
2026.04.14 13:45:00;DECISION;setup SHORT score=0.65 entry=4767.47 inv=4789.98 tgt=0.00 [CHoCH short lvl=4771.64|RelVol=1.25|VPnode d=0.63|VWAPside]
2026.04.14 13:45:00;VETO;risk veto: max positions
2026.04.14 16:45:00;DECISION;setup LONG score=0.70 entry=4793.15 inv=4762.31 tgt=0.00 [CHoCH long lvl=4788.02|RelVol=1.11|VPnear|VWAPside|CycleTurn w=-0.23<--0.87]
2026.04.14 16:45:00;VETO;risk veto: max positions
2026.04.14 17:35:20;MANAGE;#250 SL 4723.26 -> 4770.45 breakeven
2026.04.14 17:35:40;MANAGE;#250 SL 4770.45 -> 4790.56 trail
2026.04.14 17:35:59;MANAGE;#250 SL 4790.56 -> 4791.33 trail
2026.04.14 17:36:20;MANAGE;#250 SL 4791.33 -> 4791.77 trail
2026.04.14 18:10:40;RISK;deal closed pnl=42.72 streak=0 lock=0
2026.04.14 20:15:00;DECISION;setup LONG score=0.50 entry=4827.27 inv=4791.11 tgt=0.00 [BOS long lvl=4818.00|RelVol=1.09|VWAPside|ADX=43]
2026.04.14 20:15:00;VETO;authorization denied: outside session window (server hour 20, window 03-20)
2026.04.14 20:30:00;VETO;authorization denied: outside session window (server hour 20, window 03-20)
2026.04.14 20:45:00;VETO;authorization denied: outside session window (server hour 20, window 03-20)
2026.04.14 21:00:00;VETO;authorization denied: outside session window (server hour 21, window 03-20)
2026.04.15 01:00:00;VETO;signal rejected: score 0.40 < 0.45 [BOS long lvl=4843.38|RelVol=1.52|ADX=45]
2026.04.15 03:45:00;DECISION;setup SHORT score=0.65 entry=4830.06 inv=4850.64 tgt=0.00 [CHoCH short lvl=4833.40|RelVol=0.62|VPnode d=2.94|VWAPside]
2026.04.15 03:45:00;ORDER;filled SELL 0.05 lots sl=4850.64 tp=4788.90 [WT|CHOCH|0.65]
2026.04.15 03:45:00;RISK;sizing: vol_ratio=0.82 scalar=1.00 gap_buf=0.00000 eff_stop=20.58000
2026.04.15 03:45:00;ORDER;entry fill deal #252 SELL 0.05 @ 4830.06000
2026.04.15 04:11:40;RISK;deal closed pnl=-102.90 streak=1 lock=0
2026.04.15 04:30:00;DECISION;setup LONG score=0.85 entry=4850.84 inv=4827.02 tgt=0.00 [CHoCH long lvl=4850.64|RelVol=1.53|VPnode d=8.04|VWAPside|CycleTurn w=-0.93<--0.99]
2026.04.15 04:30:00;ORDER;filled BUY 0.04 lots sl=4827.02 tp=4898.60 [WT|CHOCH|0.85]
2026.04.15 04:30:00;RISK;sizing: vol_ratio=1.14 scalar=1.00 gap_buf=0.00000 eff_stop=23.86000
2026.04.15 04:30:00;ORDER;entry fill deal #254 BUY 0.04 @ 4850.88000
2026.04.15 05:34:40;RISK;deal closed pnl=-95.44 streak=2 lock=0
2026.04.15 06:00:00;DECISION;setup SHORT score=0.65 entry=4823.95 inv=4871.42 tgt=0.00 [CHoCH short lvl=4827.02|RelVol=1.30|VPnode d=8.45|VWAPside]
2026.04.15 06:00:00;ORDER;filled SELL 0.02 lots sl=4871.42 tp=4729.01 [WT|CHOCH|0.65]
2026.04.15 06:00:00;RISK;sizing: vol_ratio=1.20 scalar=1.00 gap_buf=0.00000 eff_stop=47.47000
2026.04.15 06:00:00;ORDER;entry fill deal #256 SELL 0.02 @ 4823.95000
2026.04.15 08:45:00;DECISION;setup SHORT score=0.65 entry=4816.81 inv=4829.58 tgt=0.00 [BOS short lvl=4820.52|RelVol=1.23|VPnode d=1.39|VWAPside]
2026.04.15 08:45:00;VETO;risk veto: max positions
2026.04.15 10:00:00;DECISION;setup SHORT score=0.65 entry=4811.67 inv=4830.39 tgt=0.00 [BOS short lvl=4812.63|RelVol=1.06|VPnode d=1.93|VWAPside]
2026.04.15 10:00:00;VETO;risk veto: max positions
2026.04.15 12:30:00;DECISION;setup SHORT score=0.65 entry=4798.00 inv=4830.39 tgt=0.00 [BOS short lvl=4804.61|RelVol=1.23|VPnode d=6.80|VWAPside]
2026.04.15 12:30:00;VETO;risk veto: max positions
2026.04.15 16:30:00;DECISION;setup LONG score=0.50 entry=4821.75 inv=4786.33 tgt=0.00 [CHoCH long lvl=4821.33|RelVol=0.82|VPnear|VWAPside]
2026.04.15 16:30:00;VETO;risk veto: max positions
2026.04.16 02:00:00;DECISION;setup LONG score=0.65 entry=4807.56 inv=4789.01 tgt=0.00 [BOS long lvl=4803.46|RelVol=0.63|VPnode d=4.96|VWAPside]
2026.04.16 02:00:00;VETO;authorization denied: outside session window (server hour 02, window 03-20)
2026.04.16 02:15:00;VETO;authorization denied: outside session window (server hour 02, window 03-20)
2026.04.16 02:30:00;VETO;authorization denied: outside session window (server hour 02, window 03-20)
2026.04.16 02:45:00;VETO;authorization denied: outside session window (server hour 02, window 03-20)
2026.04.16 04:45:00;DECISION;setup SHORT score=0.85 entry=4816.00 inv=4837.59 tgt=0.00 [CHoCH short lvl=4820.74|RelVol=0.81|VPnode d=0.40|VWAPside|CycleTurn w=0.94<-0.99]
2026.04.16 04:45:00;VETO;risk veto: max positions
2026.04.16 07:45:00;DECISION;setup LONG score=0.85 entry=4830.52 inv=4812.49 tgt=0.00 [CHoCH long lvl=4827.10|RelVol=0.49|VPnode d=0.68|VWAPside|CycleTurn w=0.19<--0.75]
2026.04.16 07:45:00;VETO;risk veto: max positions
2026.04.16 11:15:00;DECISION;setup SHORT score=0.50 entry=4811.71 inv=4830.97 tgt=0.00 [CHoCH short lvl=4814.50|RelVol=1.00|VPnear|VWAPside]
2026.04.16 11:15:00;VETO;risk veto: max positions
2026.04.16 15:00:00;DECISION;setup LONG score=0.65 entry=4822.15 inv=4805.02 tgt=0.00 [CHoCH long lvl=4818.09|RelVol=0.68|VPnode d=1.95|VWAPside]
2026.04.16 15:00:00;VETO;risk veto: max positions
2026.04.16 17:00:00;DECISION;setup SHORT score=0.60 entry=4794.84 inv=4823.36 tgt=0.00 [CHoCH short lvl=4811.53|RelVol=1.24|VWAPside|CycleTurn w=0.07<-0.97]
2026.04.16 17:00:00;VETO;risk veto: max positions
2026.04.16 17:40:40;MANAGE;#256 SL 4871.42 -> 4823.91 breakeven
2026.04.16 17:40:59;MANAGE;#256 SL 4823.91 -> 4798.25 trail
2026.04.16 18:03:40;RISK;deal closed pnl=51.12 streak=0 lock=0
2026.04.16 22:45:00;DECISION;setup LONG score=0.55 entry=4797.64 inv=4781.49 tgt=0.00 [CHoCH long lvl=4794.30|RelVol=0.81|VPnode d=0.84]
2026.04.16 22:45:00;VETO;authorization denied: outside session window (server hour 22, window 03-20)
2026.04.17 01:00:00;VETO;authorization denied: outside session window (server hour 01, window 03-20)
2026.04.17 01:15:00;VETO;authorization denied: outside session window (server hour 01, window 03-20)
2026.04.17 01:30:00;VETO;authorization denied: outside session window (server hour 01, window 03-20)
2026.04.17 03:45:00;DECISION;setup LONG score=0.65 entry=4798.59 inv=4788.73 tgt=0.00 [BOS long lvl=4797.78|RelVol=0.61|VPnode d=1.39|VWAPside]
2026.04.17 03:45:00;ORDER;filled BUY 0.11 lots sl=4788.73 tp=4818.43 [WT|BOS|0.65]
2026.04.17 03:45:00;RISK;sizing: vol_ratio=0.64 scalar=1.00 gap_buf=0.00000 eff_stop=9.90000
2026.04.17 03:45:00;ORDER;entry fill deal #258 BUY 0.11 @ 4798.63000
2026.04.17 04:04:20;RISK;deal closed pnl=-108.90 streak=1 lock=0
2026.04.17 04:15:00;DECISION;setup SHORT score=0.60 entry=4778.77 inv=4797.78 tgt=0.00 [CHoCH short lvl=4785.78|RelVol=0.99|VWAPside|CycleTurn w=0.96<-0.96]
2026.04.17 04:15:00;ORDER;filled SELL 0.05 lots sl=4797.78 tp=4740.75 [WT|CHOCH|0.60]
2026.04.17 04:15:00;RISK;sizing: vol_ratio=0.83 scalar=1.00 gap_buf=0.00000 eff_stop=19.01000
2026.04.17 04:15:00;ORDER;entry fill deal #260 SELL 0.05 @ 4778.77000
2026.04.17 06:06:40;RISK;deal closed pnl=-95.05 streak=2 lock=0
2026.04.17 07:45:00;DECISION;setup LONG score=0.65 entry=4800.98 inv=4784.40 tgt=0.00 [CHoCH long lvl=4798.07|RelVol=0.44|VPnode d=3.58|VWAPside]
2026.04.17 07:45:00;ORDER;filled BUY 0.06 lots sl=4784.40 tp=4834.26 [WT|CHOCH|0.65]
2026.04.17 07:45:00;RISK;sizing: vol_ratio=0.94 scalar=1.00 gap_buf=0.00000 eff_stop=16.62000
2026.04.17 07:45:00;ORDER;entry fill deal #262 BUY 0.06 @ 4801.02000
2026.04.17 09:21:40;RISK;deal closed pnl=-99.72 streak=3 lock=2
2026.04.17 09:30:00;DECISION;setup SHORT score=0.85 entry=4783.90 inv=4806.28 tgt=0.00 [CHoCH short lvl=4784.40|RelVol=0.80|VPnode d=1.90|VWAPside|CycleTurn w=0.04<-0.81]
2026.04.17 09:30:00;VETO;authorization denied: global lock (LOSS_STREAK)
2026.04.17 09:45:00;VETO;authorization denied: global lock (LOSS_STREAK)
2026.04.17 10:00:00;VETO;authorization denied: global lock (LOSS_STREAK)
2026.04.17 10:15:00;VETO;authorization denied: global lock (LOSS_STREAK)
2026.04.17 11:45:00;DECISION;setup LONG score=0.85 entry=4796.85 inv=4778.71 tgt=0.00 [CHoCH long lvl=4794.76|RelVol=0.69|VPnode d=0.05|VWAPside|CycleTurn w=-0.96<--1.00]
2026.04.17 11:45:00;VETO;authorization denied: global lock (LOSS_STREAK)
2026.04.17 12:00:00;VETO;authorization denied: global lock (LOSS_STREAK)
2026.04.17 12:15:00;VETO;authorization denied: global lock (LOSS_STREAK)
2026.04.17 12:30:00;VETO;authorization denied: global lock (LOSS_STREAK)
2026.04.17 15:15:00;DECISION;setup LONG score=0.70 entry=4803.89 inv=4782.27 tgt=0.00 [BOS long lvl=4800.90|RelVol=0.68|VPnear|VWAPside|CycleTurn w=0.79<-0.12]
2026.04.17 15:15:00;VETO;authorization denied: global lock (LOSS_STREAK)
2026.04.17 15:30:00;VETO;authorization denied: global lock (LOSS_STREAK)
2026.04.17 15:45:00;VETO;authorization denied: global lock (LOSS_STREAK)
2026.04.17 16:00:00;VETO;authorization denied: global lock (LOSS_STREAK)
2026.04.20 01:15:00;DECISION;setup SHORT score=0.55 entry=4790.29 inv=4868.10 tgt=0.00 [CHoCH short lvl=4853.68|RelVol=2.08|VPnode d=0.59]
2026.04.20 01:15:00;VETO;authorization denied: outside session window (server hour 01, window 03-20)
2026.04.20 01:30:00;VETO;authorization denied: outside session window (server hour 01, window 03-20)
2026.04.20 01:45:00;VETO;authorization denied: outside session window (server hour 01, window 03-20)
2026.04.20 02:00:00;VETO;authorization denied: outside session window (server hour 02, window 03-20)
2026.04.20 02:45:00;DECISION;setup SHORT score=0.60 entry=4751.68 inv=4868.10 tgt=0.00 [BOS short lvl=4757.97|RelVol=1.34|VPnear|VWAPside|ADX=51]
2026.04.20 02:45:00;VETO;authorization denied: outside session window (server hour 02, window 03-20)
2026.04.20 03:00:00;VETO;risk veto: size 0.00 < broker min 0.01 (risk too small for stop)
2026.04.20 07:45:00;DECISION;setup SHORT score=0.55 entry=4787.29 inv=4814.44 tgt=0.00 [BOS short lvl=4788.74|RelVol=0.62|VPnode d=4.61]
2026.04.20 07:45:00;ORDER;filled SELL 0.04 lots sl=4814.44 tp=4732.99 [WT|BOS|0.55]
2026.04.20 07:45:00;RISK;sizing: vol_ratio=0.67 scalar=1.00 gap_buf=0.00000 eff_stop=27.15000
2026.04.20 07:45:00;ORDER;entry fill deal #264 SELL 0.04 @ 4787.29000
2026.04.20 10:15:00;DECISION;setup LONG score=0.65 entry=4797.42 inv=4779.64 tgt=0.00 [CHoCH long lvl=4796.05|RelVol=0.96|VPnode d=5.72|VWAPside]
2026.04.20 10:15:00;VETO;risk veto: max positions
2026.04.20 13:30:00;DECISION;setup LONG score=0.65 entry=4798.22 inv=4783.52 tgt=0.00 [BOS long lvl=4797.87|RelVol=0.65|VPnode d=5.18|VWAPside]
2026.04.20 13:30:00;VETO;risk veto: max positions
2026.04.20 15:00:00;DECISION;setup LONG score=0.50 entry=4810.49 inv=4783.52 tgt=0.00 [BOS long lvl=4800.99|RelVol=1.06|VPnear|VWAPside]
2026.04.20 15:00:00;VETO;risk veto: max positions
2026.04.20 15:18:40;RISK;deal closed pnl=-108.60 streak=1 lock=0
2026.04.20 16:30:00;VETO;signal rejected: score 0.40 < 0.45 [BOS long lvl=4822.08|RelVol=0.88|VWAPside]
2026.04.21 01:15:00;DECISION;setup LONG score=0.65 entry=4829.18 inv=4792.84 tgt=0.00 [BOS long lvl=4821.38|RelVol=0.96|VPnode d=0.88|VWAPside]
2026.04.21 01:15:00;VETO;authorization denied: outside session window (server hour 01, window 03-20)
2026.04.21 01:30:00;VETO;authorization denied: outside session window (server hour 01, window 03-20)
2026.04.21 01:45:00;VETO;authorization denied: outside session window (server hour 01, window 03-20)
2026.04.21 02:00:00;VETO;authorization denied: outside session window (server hour 02, window 03-20)
2026.04.21 05:00:00;DECISION;setup SHORT score=0.65 entry=4810.22 inv=4830.75 tgt=0.00 [CHoCH short lvl=4810.58|RelVol=0.68|VPnode d=4.38|VWAPside]
2026.04.21 05:00:00;ORDER;filled SELL 0.05 lots sl=4830.75 tp=4769.13 [WT|CHOCH|0.65]
2026.04.21 05:00:00;RISK;sizing: vol_ratio=0.80 scalar=1.00 gap_buf=0.00000 eff_stop=20.54000
2026.04.21 05:00:00;ORDER;entry fill deal #266 SELL 0.05 @ 4810.21000
2026.04.21 07:31:20;MANAGE;#266 SL 4830.75 -> 4810.17 breakeven
2026.04.21 07:31:40;MANAGE;#266 SL 4810.17 -> 4803.96 trail
2026.04.21 07:31:59;MANAGE;#266 SL 4803.96 -> 4803.70 trail
2026.04.21 07:32:20;MANAGE;#266 SL 4803.70 -> 4803.50 trail
2026.04.21 07:48:40;MANAGE;#266 SL 4803.50 -> 4801.73 trail
2026.04.21 07:50:20;MANAGE;#266 SL 4801.73 -> 4801.29 trail
2026.04.21 07:55:40;MANAGE;#266 SL 4801.29 -> 4800.81 trail
2026.04.21 08:00:40;MANAGE;#266 SL 4800.81 -> 4799.02 trail
2026.04.21 08:01:40;MANAGE;#266 SL 4799.02 -> 4798.30 trail
2026.04.21 08:03:40;MANAGE;#266 SL 4798.30 -> 4798.11 trail
2026.04.21 08:28:40;MANAGE;#266 SL 4798.11 -> 4797.96 trail
2026.04.21 08:29:20;MANAGE;#266 SL 4797.96 -> 4797.81 trail
2026.04.21 08:52:40;MANAGE;#266 SL 4797.81 -> 4795.48 trail
2026.04.21 09:00:40;MANAGE;#266 SL 4795.48 -> 4791.13 trail
2026.04.21 09:02:40;MANAGE;#266 SL 4791.13 -> 4789.38 trail
2026.04.21 09:03:20;MANAGE;#266 SL 4789.38 -> 4788.84 trail
2026.04.21 09:10:40;RISK;deal closed pnl=106.85 streak=0 lock=0
2026.04.21 14:00:00;DECISION;setup LONG score=0.55 entry=4789.79 inv=4779.30 tgt=0.00 [CHoCH long lvl=4789.65|RelVol=0.61|StopFloored|VPnode d=4.69]
2026.04.21 14:00:00;ORDER;filled BUY 0.10 lots sl=4779.30 tp=4810.89 [WT|CHOCH|0.55]
2026.04.21 14:00:00;RISK;sizing: vol_ratio=0.89 scalar=1.00 gap_buf=0.00000 eff_stop=10.53143
2026.04.21 14:00:00;ORDER;entry fill deal #268 BUY 0.10 @ 4789.83000
2026.04.21 14:09:40;RISK;deal closed pnl=-105.30 streak=1 lock=0
2026.04.21 16:15:00;DECISION;setup SHORT score=0.85 entry=4765.25 inv=4797.95 tgt=0.00 [CHoCH short lvl=4775.39|RelVol=1.01|VPnode d=0.35|VWAPside|CycleTurn w=-0.12<-0.76]
2026.04.21 16:15:00;ORDER;filled SELL 0.03 lots sl=4797.95 tp=4699.85 [WT|CHOCH|0.85]
2026.04.21 16:15:00;RISK;sizing: vol_ratio=1.11 scalar=1.00 gap_buf=0.00000 eff_stop=32.70000
2026.04.21 16:15:00;ORDER;entry fill deal #270 SELL 0.03 @ 4765.25000
2026.04.21 16:15:40;RISK;FLATTEN ALL: total drawdown hard stop
2026.04.21 16:15:40;RISK;TOTAL DD LOCK - manual clear of global variables required to resume
2026.04.21 16:15:40;RISK;deal closed pnl=-12.96 streak=2 lock=3
2026.01.01 00:00:00;RECOVER;init: v2.30 test_case=A0_baseline_v16_like lock=0 streak=0 positions=0 equity=10000.00 day_eq=10000.00 peak_eq=10000.00
2026.01.02 01:15:00;DECISION;setup LONG score=0.85 entry=4330.89 inv=4304.62 tgt=0.00 [BOS long lvl=4324.38|RelVol=3.76|VPnode d=0.19|VWAPside|CycleTurn w=-0.09<--0.95]
2026.01.02 01:15:00;VETO;authorization denied: outside session window (server hour 01, window 03-20)
2026.01.02 01:30:00;VETO;authorization denied: outside session window (server hour 01, window 03-20)
2026.01.02 01:45:00;VETO;authorization denied: outside session window (server hour 01, window 03-20)
2026.01.02 02:00:00;VETO;authorization denied: outside session window (server hour 02, window 03-20)
2026.01.02 05:00:00;DECISION;setup LONG score=0.80 entry=4362.89 inv=4344.61 tgt=0.00 [BOS long lvl=4356.00|RelVol=0.94|VPnear|VWAPside|CycleTurn w=0.68<-0.66|ADX=45]
2026.01.02 05:00:00;ORDER;filled BUY 0.05 lots sl=4344.61 tp=4399.57 [WT|BOS|0.80]
2026.01.02 05:00:00;RISK;sizing: vol_ratio=0.69 scalar=1.00 gap_buf=0.00000 eff_stop=18.32000
2026.01.02 05:00:00;ORDER;entry fill deal #2 BUY 0.05 @ 4362.93000
2026.01.02 07:30:00;DECISION;setup LONG score=0.60 entry=4378.45 inv=4345.03 tgt=0.00 [BOS long lvl=4378.41|RelVol=1.03|VPnear|VWAPside|ADX=58]
2026.01.02 07:30:00;VETO;risk veto: max positions
2026.01.02 07:54:40;MANAGE;#2 SL 4344.61 -> 4362.97 breakeven
2026.01.02 07:54:59;MANAGE;#2 SL 4362.97 -> 4369.64 trail
2026.01.02 07:55:20;MANAGE;#2 SL 4369.64 -> 4370.08 trail
2026.01.02 09:34:40;MANAGE;#2 SL 4370.08 -> 4370.19 trail
2026.01.02 09:35:40;MANAGE;#2 SL 4370.19 -> 4370.64 trail
2026.01.02 09:37:20;MANAGE;#2 SL 4370.64 -> 4370.81 trail
2026.01.02 09:56:40;MANAGE;#2 SL 4370.81 -> 4372.11 trail
2026.01.02 09:57:40;MANAGE;#2 SL 4372.11 -> 4372.41 trail
2026.01.02 09:58:40;MANAGE;#2 SL 4372.41 -> 4372.63 trail
2026.01.02 09:59:20;MANAGE;#2 SL 4372.63 -> 4372.93 trail
2026.01.02 10:00:00;DECISION;setup LONG score=0.75 entry=4382.82 inv=4371.13 tgt=0.00 [BOS long lvl=4381.74|RelVol=1.52|VPnode d=0.58|VWAPside|ADX=35]
2026.01.02 10:00:00;VETO;risk veto: max positions
2026.01.02 10:00:40;MANAGE;#2 SL 4372.93 -> 4373.12 trail
2026.01.02 10:02:40;MANAGE;#2 SL 4373.12 -> 4373.86 trail
2026.01.02 10:07:40;MANAGE;#2 SL 4373.86 -> 4374.57 trail
2026.01.02 10:08:20;MANAGE;#2 SL 4374.57 -> 4374.90 trail
2026.01.02 10:09:40;MANAGE;#2 SL 4374.90 -> 4375.01 trail
2026.01.02 10:12:40;MANAGE;#2 SL 4375.01 -> 4375.66 trail
2026.01.02 10:33:40;MANAGE;#2 SL 4375.66 -> 4376.12 trail
2026.01.02 10:34:40;MANAGE;#2 SL 4376.12 -> 4377.99 trail
2026.01.02 10:41:40;MANAGE;#2 SL 4377.99 -> 4378.18 trail
2026.01.02 10:44:40;MANAGE;#2 SL 4378.18 -> 4379.38 trail
2026.01.02 10:45:00;MANAGE;#2 SL 4379.38 -> 4379.75 trail
2026.01.02 10:45:40;MANAGE;#2 SL 4379.75 -> 4380.64 trail
2026.01.02 10:46:40;MANAGE;#2 SL 4380.64 -> 4384.59 trail
2026.01.02 10:47:40;MANAGE;#2 SL 4384.59 -> 4386.80 trail
2026.01.02 11:00:20;RISK;deal closed pnl=119.35 streak=0 lock=0
2026.01.02 15:15:00;DECISION;setup LONG score=0.65 entry=4399.83 inv=4383.32 tgt=0.00 [BOS long lvl=4399.30|RelVol=0.79|VPnode d=1.23|VWAPside]
2026.01.02 15:15:00;ORDER;filled BUY 0.06 lots sl=4383.32 tp=4432.97 [WT|BOS|0.65]
2026.01.02 15:15:00;RISK;sizing: vol_ratio=0.78 scalar=1.00 gap_buf=0.00000 eff_stop=16.55000
2026.01.02 15:15:00;ORDER;entry fill deal #4 BUY 0.06 @ 4399.87000
2026.01.02 15:24:40;RISK;deal closed pnl=-99.30 streak=1 lock=0
2026.01.02 15:30:00;DECISION;setup SHORT score=0.65 entry=4374.54 inv=4399.30 tgt=0.00 [CHoCH short lvl=4383.32|RelVol=1.32|VPnode d=0.16|VWAPside]
2026.01.02 15:30:00;ORDER;filled SELL 0.04 lots sl=4399.30 tp=4324.96 [WT|CHOCH|0.65]
2026.01.02 15:30:00;RISK;sizing: vol_ratio=0.98 scalar=1.00 gap_buf=0.00000 eff_stop=24.78000
2026.01.02 15:30:00;ORDER;entry fill deal #6 SELL 0.04 @ 4374.52000
2026.01.02 16:41:20;MANAGE;#6 SL 4399.30 -> 4374.48 breakeven
2026.01.02 16:41:40;MANAGE;#6 SL 4374.48 -> 4370.11 trail
2026.01.02 16:41:59;MANAGE;#6 SL 4370.11 -> 4369.25 trail
2026.01.02 16:42:40;MANAGE;#6 SL 4369.25 -> 4366.41 trail
2026.01.02 17:04:40;MANAGE;#6 SL 4366.41 -> 4363.74 trail
2026.01.02 17:05:20;MANAGE;#6 SL 4363.74 -> 4363.23 trail
2026.01.02 17:06:20;MANAGE;#6 SL 4363.23 -> 4360.90 trail
2026.01.02 17:11:40;MANAGE;#6 SL 4360.90 -> 4357.01 trail
2026.01.02 17:12:20;MANAGE;#6 SL 4357.01 -> 4356.27 trail
2026.01.02 17:13:20;MANAGE;#6 SL 4356.27 -> 4355.41 trail
2026.01.02 17:23:40;MANAGE;#6 SL 4355.41 -> 4354.99 trail
2026.01.02 17:24:20;MANAGE;#6 SL 4354.99 -> 4354.72 trail
2026.01.02 18:03:40;RISK;deal closed pnl=198.24 streak=0 lock=0
2026.01.02 20:15:00;DECISION;setup SHORT score=0.50 entry=4314.53 inv=4333.47 tgt=0.00 [BOS short lvl=4315.03|RelVol=1.35|VWAPside|ADX=40]
2026.01.02 20:15:00;VETO;authorization denied: outside session window (server hour 20, window 03-20)
2026.01.02 20:30:00;VETO;authorization denied: outside session window (server hour 20, window 03-20)
2026.01.02 20:45:00;VETO;authorization denied: outside session window (server hour 20, window 03-20)
2026.01.02 21:00:00;VETO;authorization denied: outside session window (server hour 21, window 03-20)
2026.01.05 01:15:00;DECISION;setup LONG score=0.50 entry=4370.10 inv=4309.97 tgt=0.00 [CHoCH long lvl=4333.47|RelVol=8.25|VPnear|VWAPside]
2026.01.05 01:15:00;VETO;authorization denied: outside session window (server hour 01, window 03-20)
2026.01.05 01:30:00;VETO;authorization denied: outside session window (server hour 01, window 03-20)
2026.01.05 01:45:00;VETO;authorization denied: outside session window (server hour 01, window 03-20)
2026.01.05 02:00:00;VETO;authorization denied: outside session window (server hour 02, window 03-20)
2026.01.05 08:15:00;DECISION;setup LONG score=0.95 entry=4418.34 inv=4397.33 tgt=0.00 [BOS long lvl=4414.01|RelVol=1.48|VPnode d=5.34|VWAPside|CycleTurn w=-0.99<--1.00|ADX=41]
2026.01.05 08:15:00;ORDER;filled BUY 0.04 lots sl=4397.33 tp=4460.54 [WT|BOS|0.95]
2026.01.05 08:15:00;RISK;sizing: vol_ratio=0.88 scalar=1.00 gap_buf=0.00000 eff_stop=21.07000
2026.01.05 08:15:00;ORDER;entry fill deal #8 BUY 0.04 @ 4418.40000
2026.01.05 10:30:00;DECISION;setup LONG score=0.60 entry=4426.57 inv=4401.07 tgt=0.00 [BOS long lvl=4426.41|RelVol=1.13|VPnear|VWAPside|ADX=58]
2026.01.05 10:30:00;VETO;risk veto: max positions
2026.01.05 12:54:20;MANAGE;#8 SL 4397.33 -> 4418.44 breakeven
2026.01.05 12:54:40;MANAGE;#8 SL 4418.44 -> 4427.27 trail
2026.01.05 12:54:59;MANAGE;#8 SL 4427.27 -> 4427.52 trail
2026.01.05 13:19:40;RISK;deal closed pnl=36.48 streak=0 lock=0
2026.01.05 14:45:00;VETO;signal rejected: score 0.40 < 0.45 [CHoCH short lvl=4411.07|RelVol=1.39|VPnear]
2026.01.05 16:15:00;DECISION;setup LONG score=0.85 entry=4426.26 inv=4410.89 tgt=0.00 [CHoCH long lvl=4418.95|RelVol=1.34|StopFloored|VPnode d=0.06|VWAPside|CycleTurn w=-0.95<--0.99]
2026.01.05 16:15:00;ORDER;filled BUY 0.06 lots sl=4410.89 tp=4457.13 [WT|CHOCH|0.85]
2026.01.05 16:15:00;RISK;sizing: vol_ratio=1.07 scalar=1.00 gap_buf=0.00000 eff_stop=15.41393
2026.01.05 16:15:00;ORDER;entry fill deal #10 BUY 0.06 @ 4426.30000
2026.01.05 16:55:40;MANAGE;#10 SL 4410.89 -> 4426.34 breakeven
2026.01.05 17:02:40;MANAGE;#10 SL 4426.34 -> 4426.51 trail
2026.01.05 17:03:40;MANAGE;#10 SL 4426.51 -> 4431.20 trail
2026.01.05 17:04:40;MANAGE;#10 SL 4431.20 -> 4432.95 trail
2026.01.05 17:05:40;MANAGE;#10 SL 4432.95 -> 4433.43 trail
2026.01.05 17:06:20;MANAGE;#10 SL 4433.43 -> 4434.27 trail
2026.01.05 17:07:40;MANAGE;#10 SL 4434.27 -> 4435.03 trail
2026.01.05 19:03:40;RISK;deal closed pnl=52.38 streak=0 lock=0
2026.01.06 01:15:00;DECISION;setup LONG score=0.75 entry=4451.55 inv=4438.04 tgt=0.00 [BOS long lvl=4449.42|RelVol=3.16|VPnode d=0.65|CycleTurn w=-0.57<--0.92]
2026.01.06 01:15:00;VETO;authorization denied: outside session window (server hour 01, window 03-20)
2026.01.06 01:30:00;VETO;authorization denied: outside session window (server hour 01, window 03-20)
2026.01.06 01:45:00;VETO;authorization denied: outside session window (server hour 01, window 03-20)
2026.01.06 02:00:00;VETO;authorization denied: outside session window (server hour 02, window 03-20)
2026.01.06 02:45:00;DECISION;setup SHORT score=0.65 entry=4436.55 inv=4460.12 tgt=0.00 [CHoCH short lvl=4438.04|RelVol=1.36|VPnode d=3.95|VWAPside]
2026.01.06 02:45:00;VETO;authorization denied: outside session window (server hour 02, window 03-20)
2026.01.06 03:00:00;ORDER;filled SELL 0.04 lots sl=4460.12 tp=4389.11 [WT|CHOCH|0.65]
2026.01.06 03:00:00;RISK;sizing: vol_ratio=0.72 scalar=1.00 gap_buf=0.00000 eff_stop=23.67000
2026.01.06 03:00:00;ORDER;entry fill deal #12 SELL 0.04 @ 4436.45000
2026.01.06 04:00:00;DECISION;setup LONG score=0.70 entry=4450.67 inv=4427.96 tgt=0.00 [CHoCH long lvl=4444.75|RelVol=1.43|VPnear|VWAPside|CycleTurn w=-0.97<--1.00]
2026.01.06 04:00:00;VETO;risk veto: max positions
2026.01.06 04:13:40;RISK;deal closed pnl=-94.68 streak=1 lock=0
2026.01.06 07:30:00;DECISION;setup LONG score=0.65 entry=4469.73 inv=4460.69 tgt=0.00 [BOS long lvl=4468.47|RelVol=0.94|StopFloored|VPnode d=1.07|VWAPside]
2026.01.06 07:30:00;ORDER;filled BUY 0.11 lots sl=4460.69 tp=4487.94 [WT|BOS|0.65]
2026.01.06 07:30:00;RISK;sizing: vol_ratio=0.77 scalar=1.00 gap_buf=0.00000 eff_stop=9.08286
2026.01.06 07:30:00;ORDER;entry fill deal #14 BUY 0.11 @ 4469.77000
2026.01.06 07:47:40;RISK;deal closed pnl=-99.88 streak=2 lock=0
2026.01.06 08:00:00;DECISION;setup SHORT score=0.60 entry=4452.47 inv=4468.47 tgt=0.00 [CHoCH short lvl=4461.87|RelVol=1.34|VWAPside|CycleTurn w=0.11<-0.96]
2026.01.06 08:00:00;ORDER;filled SELL 0.06 lots sl=4468.47 tp=4420.62 [WT|CHOCH|0.60]
2026.01.06 08:00:00;RISK;sizing: vol_ratio=0.86 scalar=1.00 gap_buf=0.00000 eff_stop=15.95000
2026.01.06 08:00:00;ORDER;entry fill deal #16 SELL 0.06 @ 4452.52000
2026.01.06 09:08:40;RISK;deal closed pnl=-95.70 streak=3 lock=2
2026.01.06 10:30:00;DECISION;setup LONG score=0.65 entry=4471.02 inv=4449.51 tgt=0.00 [CHoCH long lvl=4470.41|RelVol=1.10|VPnode d=0.62|VWAPside]
2026.01.06 10:30:00;VETO;authorization denied: global lock (LOSS_STREAK)
2026.01.06 10:45:00;VETO;authorization denied: global lock (LOSS_STREAK)
2026.01.06 11:00:00;VETO;authorization denied: global lock (LOSS_STREAK)
2026.01.06 11:15:00;VETO;authorization denied: global lock (LOSS_STREAK)
2026.01.06 11:30:00;VETO;signal rejected: score 0.40 < 0.45 [CHoCH short lvl=4457.19|RelVol=1.32|VPnear]
2026.01.06 16:45:00;DECISION;setup LONG score=0.50 entry=4479.54 inv=4454.20 tgt=0.00 [CHoCH long lvl=4475.71|RelVol=0.97|VPnear|VWAPside]
2026.01.06 16:45:00;VETO;authorization denied: global lock (LOSS_STREAK)
2026.01.06 17:00:00;VETO;authorization denied: global lock (LOSS_STREAK)
2026.01.06 17:15:00;VETO;authorization denied: global lock (LOSS_STREAK)
2026.01.06 17:30:00;VETO;authorization denied: global lock (LOSS_STREAK)
2026.01.06 20:15:00;DECISION;setup LONG score=0.60 entry=4491.11 inv=4463.08 tgt=0.00 [BOS long lvl=4490.93|RelVol=1.17|VPnear|VWAPside|ADX=32]
2026.01.06 20:15:00;VETO;authorization denied: global lock (LOSS_STREAK)
2026.01.06 20:30:00;VETO;authorization denied: global lock (LOSS_STREAK)
2026.01.06 20:45:00;VETO;authorization denied: global lock (LOSS_STREAK)
2026.01.06 21:00:00;VETO;authorization denied: global lock (LOSS_STREAK)
2026.01.06 21:30:00;DECISION;setup SHORT score=0.55 entry=4480.97 inv=4494.11 tgt=0.00 [CHoCH short lvl=4481.67|RelVol=1.22|VPnode d=2.83]
2026.01.06 21:30:00;VETO;authorization denied: global lock (LOSS_STREAK)
2026.01.06 21:45:00;VETO;authorization denied: global lock (LOSS_STREAK)
2026.01.06 22:00:00;VETO;authorization denied: global lock (LOSS_STREAK)
2026.01.06 22:15:00;VETO;authorization denied: global lock (LOSS_STREAK)
2026.01.07 01:15:00;DECISION;setup LONG score=0.65 entry=4497.44 inv=4477.44 tgt=0.00 [CHoCH long lvl=4496.89|RelVol=2.53|VPnode d=0.56|VWAPside]
2026.01.07 01:15:00;VETO;authorization denied: outside session window (server hour 01, window 03-20)
2026.01.07 01:30:00;VETO;authorization denied: outside session window (server hour 01, window 03-20)
2026.01.07 01:45:00;VETO;authorization denied: outside session window (server hour 01, window 03-20)
2026.01.07 02:00:00;VETO;authorization denied: outside session window (server hour 02, window 03-20)
2026.01.07 03:15:00;VETO;signal rejected: score 0.40 < 0.45 [CHoCH short lvl=4477.44|RelVol=1.29|VWAPside]
2026.01.07 07:45:00;DECISION;setup SHORT score=0.50 entry=4452.40 inv=4480.23 tgt=0.00 [BOS short lvl=4459.69|RelVol=1.66|VWAPside|ADX=38]
2026.01.07 07:45:00;ORDER;filled SELL 0.03 lots sl=4480.23 tp=4396.74 [WT|BOS|0.50]
2026.01.07 07:45:00;RISK;sizing: vol_ratio=0.88 scalar=1.00 gap_buf=0.00000 eff_stop=27.83000
2026.01.07 07:45:00;ORDER;entry fill deal #18 SELL 0.03 @ 4452.40000
2026.01.07 13:45:00;DECISION;setup SHORT score=0.85 entry=4450.51 inv=4467.91 tgt=0.00 [BOS short lvl=4458.79|RelVol=0.29|VPnode d=2.49|VWAPside|CycleTurn w=0.78<-0.99]
2026.01.07 13:45:00;VETO;risk veto: max positions
2026.01.07 17:15:00;DECISION;setup SHORT score=0.80 entry=4426.71 inv=4454.34 tgt=0.00 [BOS short lvl=4427.91|RelVol=1.06|VPnear|VWAPside|CycleTurn w=0.68<-1.00|ADX=39]
2026.01.07 17:15:00;VETO;risk veto: max positions
2026.01.07 17:16:40;MANAGE;#18 SL 4480.23 -> 4452.36 breakeven
2026.01.07 17:16:59;MANAGE;#18 SL 4452.36 -> 4449.76 trail
2026.01.07 17:17:40;MANAGE;#18 SL 4449.76 -> 4447.17 trail
2026.01.07 17:31:40;RISK;deal closed pnl=15.69 streak=0 lock=0
2026.01.07 18:30:00;DECISION;setup LONG score=0.60 entry=4457.92 inv=4423.48 tgt=0.00 [CHoCH long lvl=4454.34|RelVol=0.94|VPnear|CycleTurn w=0.69<--0.16]
2026.01.07 18:30:00;ORDER;filled BUY 0.02 lots sl=4423.48 tp=4526.92 [WT|CHOCH|0.60]
2026.01.07 18:30:00;RISK;sizing: vol_ratio=1.61 scalar=1.00 gap_buf=0.00000 eff_stop=34.48000
2026.01.07 18:30:00;ORDER;entry fill deal #20 BUY 0.02 @ 4457.96000
2026.01.08 01:30:00;DECISION;setup LONG score=0.85 entry=4461.97 inv=4449.74 tgt=0.00 [BOS long lvl=4461.55|RelVol=1.58|VPnode d=0.27|VWAPside|CycleTurn w=0.22<--0.80]
2026.01.08 01:30:00;VETO;authorization denied: outside session window (server hour 01, window 03-20)
2026.01.08 01:45:00;VETO;authorization denied: outside session window (server hour 01, window 03-20)
2026.01.08 02:00:00;VETO;authorization denied: outside session window (server hour 02, window 03-20)
2026.01.08 02:15:00;VETO;authorization denied: outside session window (server hour 02, window 03-20)
2026.01.08 03:45:00;DECISION;setup SHORT score=0.65 entry=4447.56 inv=4466.37 tgt=0.00 [CHoCH short lvl=4449.74|RelVol=1.12|VPnode d=1.24|VWAPside]
2026.01.08 03:45:00;VETO;risk veto: max positions
2026.01.08 06:45:00;DECISION;setup SHORT score=0.75 entry=4432.05 inv=4446.48 tgt=0.00 [BOS short lvl=4433.46|RelVol=1.05|VPnode d=4.75|VWAPside|ADX=40]
2026.01.08 06:45:00;VETO;risk veto: max positions
2026.01.08 07:16:40;RISK;deal closed pnl=-69.72 streak=1 lock=0
2026.01.08 14:00:00;DECISION;setup SHORT score=0.95 entry=4422.84 inv=4434.88 tgt=0.00 [BOS short lvl=4423.06|RelVol=0.97|VPnode d=3.44|VWAPside|CycleTurn w=0.78<-0.94|ADX=33]
2026.01.08 14:00:00;ORDER;filled SELL 0.08 lots sl=4434.88 tp=4398.82 [WT|BOS|0.95]
2026.01.08 14:00:00;RISK;sizing: vol_ratio=0.80 scalar=1.00 gap_buf=0.00000 eff_stop=12.02000
2026.01.08 14:00:00;ORDER;entry fill deal #22 SELL 0.08 @ 4422.86000
2026.01.08 14:15:40;MANAGE;#22 SL 4434.88 -> 4422.82 breakeven
2026.01.08 14:16:20;MANAGE;#22 SL 4422.82 -> 4420.53 trail
2026.01.08 14:26:40;RISK;deal closed pnl=18.64 streak=0 lock=0
2026.01.08 17:15:00;DECISION;setup LONG score=0.65 entry=4447.98 inv=4419.16 tgt=0.00 [CHoCH long lvl=4436.03|RelVol=1.06|VPnode d=8.58|VWAPside]
2026.01.08 17:15:00;ORDER;filled BUY 0.03 lots sl=4419.16 tp=4505.77 [WT|CHOCH|0.65]
2026.01.08 17:15:00;RISK;sizing: vol_ratio=1.42 scalar=1.00 gap_buf=0.00000 eff_stop=28.87000
2026.01.08 17:15:00;ORDER;entry fill deal #24 BUY 0.03 @ 4448.03000
2026.01.08 22:30:00;DECISION;setup LONG score=0.60 entry=4469.97 inv=4444.65 tgt=0.00 [BOS long lvl=4465.39|RelVol=1.19|VWAPside|CycleTurn w=-0.88<--0.98]
2026.01.08 22:30:00;VETO;authorization denied: outside session window (server hour 22, window 03-20)
2026.01.08 22:34:20;MANAGE;#24 SL 4419.16 -> 4448.07 breakeven
2026.01.08 22:34:40;MANAGE;#24 SL 4448.07 -> 4461.92 trail
2026.01.08 22:34:59;MANAGE;#24 SL 4461.92 -> 4462.93 trail
2026.01.08 22:35:40;MANAGE;#24 SL 4462.93 -> 4464.66 trail
2026.01.08 22:36:40;MANAGE;#24 SL 4464.66 -> 4464.90 trail
2026.01.08 22:45:00;VETO;authorization denied: outside session window (server hour 22, window 03-20)
2026.01.08 23:00:00;VETO;authorization denied: outside session window (server hour 23, window 03-20)
2026.01.08 23:00:40;ERROR;modify #24 sl=4465.86 tp=4505.77 rejected rc=10018
2026.01.08 23:02:40;ERROR;modify #24 sl=4465.46 tp=4505.77 rejected rc=10018
2026.01.08 23:03:40;ERROR;modify #24 sl=4465.78 tp=4505.77 rejected rc=10018
2026.01.08 23:04:20;ERROR;modify #24 sl=4465.45 tp=4505.77 rejected rc=10018
2026.01.08 23:05:20;ERROR;modify #24 sl=4465.28 tp=4505.77 rejected rc=10018
2026.01.08 23:07:40;ERROR;modify #24 sl=4465.05 tp=4505.77 rejected rc=10018
2026.01.08 23:08:20;ERROR;modify #24 sl=4465.41 tp=4505.77 rejected rc=10018
2026.01.08 23:09:40;ERROR;modify #24 sl=4465.73 tp=4505.77 rejected rc=10018
2026.01.08 23:10:20;ERROR;modify #24 sl=4465.99 tp=4505.77 rejected rc=10018
2026.01.08 23:10:59;ERROR;modify #24 sl=4465.22 tp=4505.77 rejected rc=10018
2026.01.08 23:15:00;VETO;authorization denied: outside session window (server hour 23, window 03-20)
2026.01.08 23:15:20;ERROR;modify #24 sl=4465.25 tp=4505.77 rejected rc=10018
2026.01.08 23:52:40;ERROR;modify #24 sl=4465.58 tp=4505.77 rejected rc=10018
2026.01.08 23:53:20;ERROR;modify #24 sl=4465.34 tp=4505.77 rejected rc=10018
2026.01.08 23:53:59;ERROR;modify #24 sl=4465.88 tp=4505.77 rejected rc=10018
2026.01.08 23:55:20;ERROR;modify #24 sl=4465.38 tp=4505.77 rejected rc=10018
2026.01.08 23:58:40;ERROR;modify #24 sl=4465.61 tp=4505.77 rejected rc=10018
2026.01.08 23:59:40;ERROR;modify #24 sl=4465.62 tp=4505.77 rejected rc=10018
2026.01.09 01:00:00;MANAGE;#24 SL 4464.90 -> 4465.69 trail
2026.01.09 01:00:40;MANAGE;#24 SL 4465.69 -> 4471.17 trail
2026.01.09 01:02:20;MANAGE;#24 SL 4471.17 -> 4471.81 trail
2026.01.09 02:14:40;RISK;deal closed pnl=70.96 streak=0 lock=0
2026.01.09 14:45:00;DECISION;setup SHORT score=0.85 entry=4466.04 inv=4477.63 tgt=0.00 [CHoCH short lvl=4467.10|RelVol=0.92|VPnode d=1.44|VWAPside|CycleTurn w=-0.39<--0.16]
2026.01.09 14:45:00;ORDER;filled SELL 0.08 lots sl=4477.63 tp=4442.86 [WT|CHOCH|0.85]
2026.01.09 14:45:00;RISK;sizing: vol_ratio=0.76 scalar=1.00 gap_buf=0.00000 eff_stop=11.59000
2026.01.09 14:45:00;ORDER;entry fill deal #26 SELL 0.08 @ 4466.04000
2026.01.09 15:31:40;RISK;deal closed pnl=-92.72 streak=1 lock=0
2026.01.09 15:45:00;DECISION;setup LONG score=0.70 entry=4486.95 inv=4461.04 tgt=0.00 [CHoCH long lvl=4480.45|RelVol=1.52|VPnear|VWAPside|CycleTurn w=-0.82<--0.99]
2026.01.09 15:45:00;ORDER;filled BUY 0.03 lots sl=4461.04 tp=4538.98 [WT|CHOCH|0.70]
2026.01.09 15:45:00;RISK;sizing: vol_ratio=1.15 scalar=1.00 gap_buf=0.00000 eff_stop=25.98000
2026.01.09 15:45:00;ORDER;entry fill deal #28 BUY 0.03 @ 4487.02000
2026.01.09 17:38:40;MANAGE;#28 SL 4461.04 -> 4487.06 breakeven
2026.01.09 17:38:59;MANAGE;#28 SL 4487.06 -> 4487.29 trail
2026.01.09 17:39:40;MANAGE;#28 SL 4487.29 -> 4489.87 trail
2026.01.09 17:41:40;MANAGE;#28 SL 4489.87 -> 4490.18 trail
2026.01.09 17:42:20;MANAGE;#28 SL 4490.18 -> 4491.40 trail
2026.01.09 19:53:40;RISK;deal closed pnl=13.14 streak=0 lock=0
2026.01.09 22:15:00;DECISION;setup LONG score=0.60 entry=4506.74 inv=4481.98 tgt=0.00 [BOS long lvl=4504.55|RelVol=0.87|VWAPside|CycleTurn w=-0.97<--0.99]
2026.01.09 22:15:00;VETO;authorization denied: outside session window (server hour 22, window 03-20)
2026.01.09 22:30:00;VETO;authorization denied: outside session window (server hour 22, window 03-20)
2026.01.09 22:45:00;VETO;authorization denied: outside session window (server hour 22, window 03-20)
2026.01.09 23:00:00;VETO;authorization denied: outside session window (server hour 23, window 03-20)
2026.01.12 10:00:00;DECISION;setup LONG score=0.85 entry=4587.82 inv=4569.79 tgt=0.00 [BOS long lvl=4584.95|RelVol=0.91|VPnode d=2.02|VWAPside|CycleTurn w=-0.95<--0.97]
2026.01.12 10:00:00;ORDER;filled BUY 0.05 lots sl=4569.79 tp=4624.00 [WT|BOS|0.85]
2026.01.12 10:00:00;RISK;sizing: vol_ratio=0.83 scalar=1.00 gap_buf=0.00000 eff_stop=18.07000
2026.01.12 10:00:00;ORDER;entry fill deal #30 BUY 0.05 @ 4587.86000
2026.01.12 11:00:00;DECISION;setup LONG score=0.60 entry=4596.83 inv=4569.79 tgt=0.00 [BOS long lvl=4589.64|RelVol=1.30|VPnear|VWAPside|ADX=31]
2026.01.12 11:00:00;VETO;risk veto: max positions
2026.01.12 13:30:00;VETO;signal rejected: score 0.40 < 0.45 [CHoCH short lvl=4586.06|RelVol=1.07|VPnear]
2026.01.12 15:12:40;MANAGE;#30 SL 4569.79 -> 4587.90 breakeven
2026.01.12 15:12:59;MANAGE;#30 SL 4587.90 -> 4594.74 trail
2026.01.12 15:13:40;MANAGE;#30 SL 4594.74 -> 4596.39 trail
2026.01.12 15:15:00;DECISION;setup LONG score=0.70 entry=4606.56 inv=4578.43 tgt=0.00 [CHoCH long lvl=4595.46|RelVol=1.21|VPnear|VWAPside|CycleTurn w=-0.95<--1.00]
2026.01.12 15:15:00;VETO;risk veto: max positions
2026.01.12 15:40:40;MANAGE;#30 SL 4596.39 -> 4597.98 trail
2026.01.12 15:48:20;MANAGE;#30 SL 4597.98 -> 4599.05 trail
2026.01.12 15:49:40;MANAGE;#30 SL 4599.05 -> 4599.72 trail
2026.01.12 15:50:40;MANAGE;#30 SL 4599.72 -> 4600.91 trail
2026.01.12 15:51:40;MANAGE;#30 SL 4600.91 -> 4602.77 trail
2026.01.12 15:52:20;MANAGE;#30 SL 4602.77 -> 4602.97 trail
2026.01.12 15:54:40;MANAGE;#30 SL 4602.97 -> 4604.56 trail
2026.01.12 15:55:20;MANAGE;#30 SL 4604.56 -> 4604.84 trail
2026.01.12 16:03:40;RISK;deal closed pnl=84.90 streak=0 lock=0
2026.01.12 17:45:00;DECISION;setup LONG score=0.70 entry=4623.71 inv=4584.92 tgt=0.00 [BOS long lvl=4620.32|RelVol=0.86|VWAPside|CycleTurn w=0.72<-0.09|ADX=35]
2026.01.12 17:45:00;ORDER;filled BUY 0.02 lots sl=4584.92 tp=4701.08 [WT|BOS|0.70]
2026.01.12 17:45:00;RISK;sizing: vol_ratio=1.35 scalar=1.00 gap_buf=0.00000 eff_stop=38.72000
2026.01.12 17:45:00;ORDER;entry fill deal #32 BUY 0.02 @ 4623.64000
2026.01.12 20:30:00;DECISION;setup SHORT score=0.55 entry=4605.64 inv=4630.13 tgt=0.00 [CHoCH short lvl=4607.89|RelVol=1.09|VPnode d=1.36]
2026.01.12 20:30:00;VETO;authorization denied: outside session window (server hour 20, window 03-20)
2026.01.12 20:45:00;VETO;authorization denied: outside session window (server hour 20, window 03-20)
2026.01.12 21:00:00;VETO;authorization denied: outside session window (server hour 21, window 03-20)
2026.01.12 21:15:00;VETO;authorization denied: outside session window (server hour 21, window 03-20)
2026.01.12 22:45:00;VETO;signal rejected: score 0.30 < 0.45 [BOS short lvl=4600.55|RelVol=1.08]
2026.01.13 01:12:40;RISK;deal closed pnl=-77.69 streak=1 lock=0
2026.01.13 04:00:00;DECISION;setup SHORT score=0.75 entry=4577.90 inv=4607.74 tgt=0.00 [BOS short lvl=4578.11|RelVol=1.22|VPnode d=2.30|VWAPside|ADX=31]
2026.01.13 04:00:00;ORDER;filled SELL 0.03 lots sl=4607.74 tp=4518.22 [WT|BOS|0.75]
2026.01.13 04:00:00;RISK;sizing: vol_ratio=1.15 scalar=1.00 gap_buf=0.00000 eff_stop=29.84000
2026.01.13 04:00:00;ORDER;entry fill deal #34 SELL 0.03 @ 4577.90000
2026.01.13 07:30:00;DECISION;setup LONG score=0.65 entry=4601.43 inv=4592.49 tgt=0.00 [CHoCH long lvl=4599.75|RelVol=0.68|VPnode d=2.03|VWAPside]
2026.01.13 07:30:00;VETO;risk veto: max positions
2026.01.13 08:00:00;DECISION;setup SHORT score=0.75 entry=4592.01 inv=4600.93 tgt=0.00 [CHoCH short lvl=4592.49|RelVol=0.76|StopFloored|VPnode d=1.69|CycleTurn w=0.97<-0.99]
2026.01.13 08:00:00;VETO;risk veto: max positions
2026.01.13 15:00:00;DECISION;setup LONG score=0.65 entry=4593.22 inv=4580.42 tgt=0.00 [CHoCH long lvl=4592.01|RelVol=1.14|VPnode d=0.18|VWAPside]
2026.01.13 15:00:00;VETO;risk veto: max positions
2026.01.13 15:30:40;RISK;deal closed pnl=-89.52 streak=2 lock=0
2026.01.13 18:30:00;DECISION;setup SHORT score=0.75 entry=4598.56 inv=4634.60 tgt=0.00 [CHoCH short lvl=4600.90|RelVol=1.13|VPnode d=6.24|CycleTurn w=-0.47<-0.61]
2026.01.13 18:30:00;ORDER;filled SELL 0.02 lots sl=4634.60 tp=4526.48 [WT|CHOCH|0.75]
2026.01.13 18:30:00;RISK;sizing: vol_ratio=1.56 scalar=1.00 gap_buf=0.00000 eff_stop=36.04000
2026.01.13 18:30:00;ORDER;entry fill deal #36 SELL 0.02 @ 4598.56000
2026.01.13 20:00:00;DECISION;setup SHORT score=0.65 entry=4590.38 inv=4616.03 tgt=0.00 [BOS short lvl=4593.07|RelVol=1.41|VPnode d=4.28|VWAPside]
2026.01.13 20:00:00;VETO;authorization denied: outside session window (server hour 20, window 03-20)
2026.01.13 20:15:00;VETO;authorization denied: outside session window (server hour 20, window 03-20)
2026.01.13 20:30:00;VETO;authorization denied: outside session window (server hour 20, window 03-20)
2026.01.13 20:45:00;VETO;authorization denied: outside session window (server hour 20, window 03-20)
2026.01.14 02:15:00;DECISION;setup LONG score=0.65 entry=4605.26 inv=4569.58 tgt=0.00 [CHoCH long lvl=4598.99|RelVol=1.45|VPnode d=5.46|VWAPside]
2026.01.14 02:15:00;VETO;authorization denied: outside session window (server hour 02, window 03-20)
2026.01.14 02:30:00;VETO;authorization denied: outside session window (server hour 02, window 03-20)
2026.01.14 02:45:00;VETO;authorization denied: outside session window (server hour 02, window 03-20)
2026.01.14 03:00:00;VETO;risk veto: max positions
2026.01.14 07:01:40;RISK;deal closed pnl=-72.17 streak=1 lock=0
2026.01.14 15:00:00;DECISION;setup LONG score=0.85 entry=4638.71 inv=4626.08 tgt=0.00 [BOS long lvl=4638.21|RelVol=1.21|VPnode d=0.29|VWAPside|CycleTurn w=-0.88<--0.94]
2026.01.14 15:00:00;ORDER;filled BUY 0.07 lots sl=4626.08 tp=4664.09 [WT|BOS|0.85]
2026.01.14 15:00:00;RISK;sizing: vol_ratio=0.75 scalar=1.00 gap_buf=0.00000 eff_stop=12.67000
2026.01.14 15:00:00;ORDER;entry fill deal #38 BUY 0.07 @ 4638.75000
2026.01.14 15:30:40;RISK;deal closed pnl=-88.69 streak=2 lock=0
2026.01.14 16:45:00;DECISION;setup SHORT score=0.65 entry=4618.93 inv=4641.92 tgt=0.00 [CHoCH short lvl=4624.11|RelVol=1.07|VPnode d=3.27|VWAPside]
2026.01.14 16:45:00;ORDER;filled SELL 0.04 lots sl=4641.92 tp=4572.80 [WT|CHOCH|0.65]
2026.01.14 16:45:00;RISK;sizing: vol_ratio=1.02 scalar=1.00 gap_buf=0.00000 eff_stop=23.04000
2026.01.14 16:45:00;ORDER;entry fill deal #40 SELL 0.04 @ 4618.88000
2026.01.14 20:30:00;DECISION;setup LONG score=0.85 entry=4628.27 inv=4601.18 tgt=0.00 [CHoCH long lvl=4624.79|RelVol=1.36|VPnode d=6.63|VWAPside|CycleTurn w=-0.55<--0.97]
2026.01.14 20:30:00;VETO;authorization denied: outside session window (server hour 20, window 03-20)
2026.01.14 20:45:00;VETO;authorization denied: outside session window (server hour 20, window 03-20)
2026.01.14 21:00:00;VETO;authorization denied: outside session window (server hour 21, window 03-20)
2026.01.14 21:02:40;RISK;deal closed pnl=-92.16 streak=3 lock=2
2026.01.14 21:15:00;VETO;authorization denied: global lock (LOSS_STREAK)
2026.01.15 03:30:00;DECISION;setup SHORT score=0.50 entry=4600.46 inv=4618.13 tgt=0.00 [CHoCH short lvl=4602.82|RelVol=1.47|VPnear|VWAPside]
2026.01.15 03:30:00;ORDER;filled SELL 0.05 lots sl=4618.13 tp=4565.15 [WT|CHOCH|0.50]
2026.01.15 03:30:00;RISK;sizing: vol_ratio=1.12 scalar=1.00 gap_buf=0.00000 eff_stop=17.66000
2026.01.15 03:30:00;ORDER;entry fill deal #42 SELL 0.05 @ 4600.47000
2026.01.15 05:22:20;MANAGE;#42 SL 4618.13 -> 4600.43 breakeven
2026.01.15 08:03:40;RISK;deal closed pnl=0.20 streak=0 lock=0
2026.01.15 11:45:00;DECISION;setup LONG score=0.50 entry=4609.49 inv=4597.81 tgt=0.00 [CHoCH long lvl=4607.18|RelVol=1.40|VPnear|VWAPside]
2026.01.15 11:45:00;ORDER;filled BUY 0.08 lots sl=4597.81 tp=4632.88 [WT|CHOCH|0.50]
2026.01.15 11:45:00;RISK;sizing: vol_ratio=0.72 scalar=1.00 gap_buf=0.00000 eff_stop=11.69000
2026.01.15 11:45:00;ORDER;entry fill deal #44 BUY 0.08 @ 4609.50000
2026.01.15 13:00:40;MANAGE;#44 SL 4597.81 -> 4609.54 breakeven
2026.01.15 13:32:40;MANAGE;#44 SL 4609.54 -> 4610.08 trail
2026.01.15 13:34:40;MANAGE;#44 SL 4610.08 -> 4610.96 trail
2026.01.15 13:35:40;MANAGE;#44 SL 4610.96 -> 4612.15 trail
2026.01.15 13:37:20;MANAGE;#44 SL 4612.15 -> 4612.25 trail
2026.01.15 14:55:40;RISK;deal closed pnl=22.00 streak=0 lock=0
2026.01.15 15:45:00;DECISION;setup SHORT score=0.50 entry=4590.01 inv=4622.94 tgt=0.00 [CHoCH short lvl=4597.81|RelVol=1.20|VPnear|VWAPside]
2026.01.15 15:45:00;ORDER;filled SELL 0.02 lots sl=4622.94 tp=4524.15 [WT|CHOCH|0.50]
2026.01.15 15:45:00;RISK;sizing: vol_ratio=0.68 scalar=1.00 gap_buf=0.00000 eff_stop=32.93000
2026.01.15 15:45:00;ORDER;entry fill deal #46 SELL 0.02 @ 4590.01000
2026.01.15 18:11:40;RISK;deal closed pnl=-65.86 streak=1 lock=0
2026.01.15 22:15:00;DECISION;setup SHORT score=0.70 entry=4605.70 inv=4621.59 tgt=0.00 [BOS short lvl=4613.52|RelVol=1.06|VPnear|VWAPside|CycleTurn w=0.41<-0.94]
2026.01.15 22:15:00;VETO;authorization denied: outside session window (server hour 22, window 03-20)
2026.01.15 22:30:00;VETO;authorization denied: outside session window (server hour 22, window 03-20)
2026.01.15 22:45:00;VETO;authorization denied: outside session window (server hour 22, window 03-20)
2026.01.15 23:00:00;VETO;authorization denied: outside session window (server hour 23, window 03-20)
2026.01.16 03:00:00;DECISION;setup SHORT score=0.65 entry=4599.96 inv=4621.04 tgt=0.00 [BOS short lvl=4600.69|RelVol=0.97|VPnode d=2.44|VWAPside]
2026.01.16 03:00:00;ORDER;filled SELL 0.04 lots sl=4621.04 tp=4557.80 [WT|BOS|0.65]
2026.01.16 03:00:00;RISK;sizing: vol_ratio=0.68 scalar=1.00 gap_buf=0.00000 eff_stop=21.08000
2026.01.16 03:00:00;ORDER;entry fill deal #48 SELL 0.04 @ 4599.96000
2026.01.16 08:00:00;DECISION;setup LONG score=0.50 entry=4611.63 inv=4595.30 tgt=0.00 [CHoCH long lvl=4608.58|RelVol=0.90|VPnear|VWAPside]
2026.01.16 08:00:00;VETO;risk veto: max positions
2026.01.16 13:30:00;DECISION;setup LONG score=0.65 entry=4611.15 inv=4598.98 tgt=0.00 [BOS long lvl=4611.12|RelVol=0.86|VPnode d=2.35|VWAPside]
2026.01.16 13:30:00;VETO;risk veto: max positions
2026.01.16 15:15:00;DECISION;setup SHORT score=0.85 entry=4596.25 inv=4616.11 tgt=0.00 [CHoCH short lvl=4598.58|RelVol=1.25|VPnode d=0.25|VWAPside|CycleTurn w=-0.52<-0.52]
2026.01.16 15:15:00;VETO;risk veto: max positions
2026.01.16 17:28:40;MANAGE;#48 SL 4621.04 -> 4599.92 breakeven
2026.01.16 17:28:59;MANAGE;#48 SL 4599.92 -> 4591.10 trail
2026.01.16 17:29:40;MANAGE;#48 SL 4591.10 -> 4583.93 trail
2026.01.16 17:30:00;VETO;signal rejected: score 0.40 < 0.45 [BOS short lvl=4582.40|RelVol=1.26|VWAPside]
2026.01.16 17:31:40;RISK;deal closed pnl=168.64 streak=0 lock=0
2026.01.19 01:00:00;VETO;signal rejected: score 0.30 < 0.45 [CHoCH long lvl=4595.83|RelVol=0.95]
2026.01.19 04:00:00;DECISION;setup SHORT score=0.85 entry=4657.38 inv=4682.64 tgt=0.00 [CHoCH short lvl=4661.18|RelVol=1.15|StopFloored|VPnode d=4.22|VWAPside|CycleTurn w=0.63<-0.87]
2026.01.19 04:00:00;ORDER;filled SELL 0.03 lots sl=4682.64 tp=4606.89 [WT|CHOCH|0.85]
2026.01.19 04:00:00;RISK;sizing: vol_ratio=1.70 scalar=1.00 gap_buf=0.00000 eff_stop=25.25107
2026.01.19 04:00:00;ORDER;entry fill deal #50 SELL 0.03 @ 4657.39000
2026.01.19 08:00:00;DECISION;setup LONG score=0.65 entry=4669.91 inv=4658.18 tgt=0.00 [CHoCH long lvl=4669.85|RelVol=0.69|VPnode d=1.29|VWAPside]
2026.01.19 08:00:00;VETO;risk veto: max positions
2026.01.19 09:00:00;DECISION;setup LONG score=0.70 entry=4677.98 inv=4658.18 tgt=0.00 [BOS long lvl=4674.24|RelVol=0.77|VPnear|VWAPside|CycleTurn w=-0.99<--1.00]
2026.01.19 09:00:00;VETO;risk veto: max positions
2026.01.19 12:45:00;DECISION;setup SHORT score=0.65 entry=4661.59 inv=4672.88 tgt=0.00 [CHoCH short lvl=4661.81|RelVol=0.78|VPnode d=2.79|VWAPside]
2026.01.19 12:45:00;VETO;risk veto: max positions
2026.01.19 14:00:00;DECISION;setup SHORT score=0.65 entry=4660.68 inv=4671.21 tgt=0.00 [BOS short lvl=4661.27|RelVol=1.25|VPnode d=1.48|VWAPside]
2026.01.19 14:00:00;VETO;risk veto: max positions
2026.01.19 14:45:00;DECISION;setup LONG score=0.85 entry=4671.61 inv=4659.68 tgt=0.00 [CHoCH long lvl=4671.21|RelVol=0.63|VPnode d=0.01|VWAPside|CycleTurn w=-0.89<--0.99]
2026.01.19 14:45:00;VETO;risk veto: max positions
2026.01.19 18:00:00;DECISION;setup LONG score=0.85 entry=4674.29 inv=4661.63 tgt=0.00 [BOS long lvl=4673.81|RelVol=0.42|VPnode d=2.49|VWAPside|CycleTurn w=-0.78<--0.98]
2026.01.19 18:00:00;VETO;risk veto: max positions
2026.01.19 19:45:00;DECISION;setup LONG score=0.50 entry=4676.21 inv=4661.63 tgt=0.00 [BOS long lvl=4676.09|RelVol=0.38|VPnear|VWAPside]
2026.01.19 19:45:00;VETO;risk veto: max positions
2026.01.20 01:30:00;DECISION;setup SHORT score=0.65 entry=4666.40 inv=4680.36 tgt=0.00 [CHoCH short lvl=4669.25|RelVol=0.62|VPnode d=1.20|VWAPside]
2026.01.20 01:30:00;VETO;authorization denied: outside session window (server hour 01, window 03-20)
2026.01.20 01:45:00;VETO;authorization denied: outside session window (server hour 01, window 03-20)
2026.01.20 02:00:00;VETO;authorization denied: outside session window (server hour 02, window 03-20)
2026.01.20 02:15:00;VETO;authorization denied: outside session window (server hour 02, window 03-20)
2026.01.20 05:45:00;DECISION;setup LONG score=0.65 entry=4676.89 inv=4665.52 tgt=0.00 [CHoCH long lvl=4675.95|RelVol=0.74|VPnode d=2.69|VWAPside]
2026.01.20 05:45:00;VETO;risk veto: max positions
2026.01.20 06:18:20;RISK;deal closed pnl=-75.89 streak=1 lock=0
2026.01.20 09:30:00;DECISION;setup LONG score=0.50 entry=4718.20 inv=4665.52 tgt=0.00 [BOS long lvl=4717.01|RelVol=1.06|VWAPside|ADX=68]
2026.01.20 09:30:00;ORDER;filled BUY 0.01 lots sl=4665.52 tp=4823.86 [WT|BOS|0.50]
2026.01.20 09:30:00;RISK;sizing: vol_ratio=1.32 scalar=1.00 gap_buf=0.00000 eff_stop=52.78000
2026.01.20 09:30:00;ORDER;entry fill deal #52 BUY 0.01 @ 4718.30000
2026.01.20 15:30:00;VETO;signal rejected: score 0.40 < 0.45 [CHoCH short lvl=4721.65|RelVol=0.89|VPnear]
2026.01.20 16:00:00;DECISION;setup LONG score=0.85 entry=4737.08 inv=4721.65 tgt=0.00 [CHoCH long lvl=4735.25|RelVol=1.14|VPnode d=1.32|VWAPside|CycleTurn w=-0.99<--1.00]
2026.01.20 16:00:00;VETO;risk veto: max positions
2026.01.20 19:00:00;DECISION;setup LONG score=0.85 entry=4753.64 inv=4722.41 tgt=0.00 [BOS long lvl=4751.14|RelVol=1.04|VPnode d=5.04|VWAPside|CycleTurn w=-0.60<--0.93]
2026.01.20 19:00:00;VETO;risk veto: max positions
2026.01.20 22:30:00;VETO;signal rejected: score 0.40 < 0.45 [CHoCH short lvl=4752.87|RelVol=1.22|VPnear]
2026.01.21 01:44:40;MANAGE;#52 SL 4665.52 -> 4718.34 breakeven
2026.01.21 01:44:59;MANAGE;#52 SL 4718.34 -> 4761.88 trail
2026.01.21 01:45:00;DECISION;setup LONG score=0.60 entry=4773.64 inv=4747.47 tgt=0.00 [CHoCH long lvl=4766.20|RelVol=0.68|VWAPside|CycleTurn w=-0.96<--0.99]
2026.01.21 01:45:00;VETO;authorization denied: outside session window (server hour 01, window 03-20)
2026.01.21 01:46:40;MANAGE;#52 SL 4761.88 -> 4765.93 trail
2026.01.21 01:47:40;MANAGE;#52 SL 4765.93 -> 4767.72 trail
2026.01.21 02:00:00;VETO;authorization denied: outside session window (server hour 02, window 03-20)
2026.01.21 02:15:00;VETO;authorization denied: outside session window (server hour 02, window 03-20)
2026.01.21 02:30:00;VETO;authorization denied: outside session window (server hour 02, window 03-20)
2026.01.21 02:33:40;MANAGE;#52 SL 4767.72 -> 4769.93 trail
2026.01.21 02:34:20;MANAGE;#52 SL 4769.93 -> 4770.20 trail
2026.01.21 02:39:40;MANAGE;#52 SL 4770.20 -> 4770.44 trail
2026.01.21 02:42:40;MANAGE;#52 SL 4770.44 -> 4772.19 trail
2026.01.21 02:53:40;MANAGE;#52 SL 4772.19 -> 4772.41 trail
2026.01.21 02:56:40;MANAGE;#52 SL 4772.41 -> 4772.89 trail
2026.01.21 02:59:20;MANAGE;#52 SL 4772.89 -> 4773.51 trail
2026.01.21 03:01:40;MANAGE;#52 SL 4773.51 -> 4775.13 trail
2026.01.21 03:02:40;MANAGE;#52 SL 4775.13 -> 4776.77 trail
2026.01.21 03:04:40;MANAGE;#52 SL 4776.77 -> 4781.86 trail
2026.01.21 03:06:40;MANAGE;#52 SL 4781.86 -> 4784.02 trail
2026.01.21 03:07:40;MANAGE;#52 SL 4784.02 -> 4784.65 trail
2026.01.21 03:08:00;MANAGE;#52 SL 4784.65 -> 4784.80 trail
2026.01.21 03:08:40;MANAGE;#52 SL 4784.80 -> 4787.02 trail
2026.01.21 03:10:40;MANAGE;#52 SL 4787.02 -> 4787.24 trail
2026.01.21 03:11:40;MANAGE;#52 SL 4787.24 -> 4787.77 trail
2026.01.21 03:13:40;MANAGE;#52 SL 4787.77 -> 4793.16 trail
2026.01.21 03:14:40;MANAGE;#52 SL 4793.16 -> 4796.89 trail
2026.01.21 03:19:40;MANAGE;#52 SL 4796.89 -> 4797.94 trail
2026.01.21 03:20:40;MANAGE;#52 SL 4797.94 -> 4800.01 trail
2026.01.21 03:21:40;MANAGE;#52 SL 4800.01 -> 4800.12 trail
2026.01.21 03:24:40;MANAGE;#52 SL 4800.12 -> 4802.11 trail
2026.01.21 03:25:20;MANAGE;#52 SL 4802.11 -> 4803.13 trail
2026.01.21 03:26:40;MANAGE;#52 SL 4803.13 -> 4803.66 trail
2026.01.21 03:27:40;MANAGE;#52 SL 4803.66 -> 4806.79 trail
2026.01.21 03:28:40;RISK;deal closed pnl=105.43 streak=0 lock=0
2026.01.21 06:30:00;DECISION;setup LONG score=0.75 entry=4849.85 inv=4747.47 tgt=0.00 [BOS long lvl=4849.75|RelVol=1.57|VPnode d=2.75|VWAPside|ADX=56]
2026.01.21 06:30:00;VETO;risk veto: size 0.00 < broker min 0.01 (risk too small for stop)
2026.01.21 15:45:00;DECISION;setup LONG score=0.85 entry=4877.28 inv=4855.25 tgt=0.00 [BOS long lvl=4871.57|RelVol=0.73|VPnode d=1.52|VWAPside|CycleTurn w=-0.95<--0.99]
2026.01.21 15:45:00;ORDER;filled BUY 0.04 lots sl=4855.25 tp=4921.46 [WT|BOS|0.85]
2026.01.21 15:45:00;RISK;sizing: vol_ratio=0.77 scalar=1.00 gap_buf=0.00000 eff_stop=22.07000
2026.01.21 15:45:00;ORDER;entry fill deal #54 BUY 0.04 @ 4877.32000
2026.01.21 16:04:40;RISK;deal closed pnl=-88.28 streak=1 lock=0
2026.01.21 16:15:00;DECISION;setup SHORT score=0.50 entry=4844.66 inv=4871.57 tgt=0.00 [CHoCH short lvl=4855.25|RelVol=1.31|VPnear|VWAPside]
2026.01.21 16:15:00;ORDER;filled SELL 0.03 lots sl=4871.57 tp=4790.84 [WT|CHOCH|0.50]
2026.01.21 16:15:00;RISK;sizing: vol_ratio=1.02 scalar=1.00 gap_buf=0.00000 eff_stop=26.91000
2026.01.21 16:15:00;ORDER;entry fill deal #56 SELL 0.03 @ 4844.66000
2026.01.21 16:39:40;RISK;deal closed pnl=-80.73 streak=2 lock=0
2026.01.21 17:30:00;DECISION;setup SHORT score=0.65 entry=4831.09 inv=4880.95 tgt=0.00 [BOS short lvl=4839.36|RelVol=1.36|VPnode d=4.51|VWAPside]
2026.01.21 17:30:00;ORDER;filled SELL 0.01 lots sl=4880.95 tp=4731.37 [WT|BOS|0.65]
2026.01.21 17:30:00;RISK;sizing: vol_ratio=1.52 scalar=1.00 gap_buf=0.00000 eff_stop=49.86000
2026.01.21 17:30:00;ORDER;entry fill deal #58 SELL 0.01 @ 4831.09000
2026.01.21 19:45:00;DECISION;setup SHORT score=0.50 entry=4809.95 inv=4880.95 tgt=0.00 [BOS short lvl=4812.84|RelVol=1.94|VPnear|VWAPside]
2026.01.21 19:45:00;VETO;risk veto: max positions
2026.01.21 21:36:40;MANAGE;#58 SL 4880.95 -> 4831.05 breakeven
2026.01.21 21:36:59;MANAGE;#58 SL 4831.05 -> 4815.82 trail
2026.01.21 21:37:40;MANAGE;#58 SL 4815.82 -> 4811.07 trail
2026.01.21 21:38:20;MANAGE;#58 SL 4811.07 -> 4809.02 trail
2026.01.21 21:39:40;MANAGE;#58 SL 4809.02 -> 4807.72 trail
2026.01.21 21:40:20;MANAGE;#58 SL 4807.72 -> 4803.28 trail
2026.01.21 21:44:40;MANAGE;#58 SL 4803.28 -> 4800.51 trail
2026.01.21 21:45:00;DECISION;setup SHORT score=0.60 entry=4765.88 inv=4880.95 tgt=0.00 [BOS short lvl=4802.53|RelVol=3.54|VWAPside|CycleTurn w=0.79<-0.96]
2026.01.21 21:45:00;VETO;authorization denied: outside session window (server hour 21, window 03-20)
2026.01.21 21:51:40;MANAGE;#58 SL 4800.51 -> 4796.90 trail
2026.01.21 22:00:00;VETO;authorization denied: outside session window (server hour 22, window 03-20)
2026.01.21 22:15:00;VETO;authorization denied: outside session window (server hour 22, window 03-20)
2026.01.21 22:20:40;RISK;deal closed pnl=34.19 streak=0 lock=0
2026.01.21 22:30:00;VETO;authorization denied: outside session window (server hour 22, window 03-20)
2026.01.22 07:45:00;DECISION;setup LONG score=0.65 entry=4800.76 inv=4774.77 tgt=0.00 [CHoCH long lvl=4800.44|RelVol=0.77|VPnode d=1.16|VWAPside]
2026.01.22 07:45:00;ORDER;filled BUY 0.03 lots sl=4774.77 tp=4852.86 [WT|CHOCH|0.65]
2026.01.22 07:45:00;RISK;sizing: vol_ratio=0.51 scalar=1.00 gap_buf=0.00000 eff_stop=26.03000
2026.01.22 07:45:00;ORDER;entry fill deal #60 BUY 0.03 @ 4800.80000
2026.01.22 08:24:40;MANAGE;#60 SL 4774.77 -> 4800.84 breakeven
2026.01.22 08:24:59;MANAGE;#60 SL 4800.84 -> 4812.10 trail
2026.01.22 08:25:40;MANAGE;#60 SL 4812.10 -> 4813.52 trail
2026.01.22 08:26:20;MANAGE;#60 SL 4813.52 -> 4813.84 trail
2026.01.22 09:02:40;MANAGE;#60 SL 4813.84 -> 4815.72 trail
2026.01.22 09:03:40;MANAGE;#60 SL 4815.72 -> 4816.42 trail
2026.01.22 09:04:40;MANAGE;#60 SL 4816.42 -> 4816.56 trail
2026.01.22 09:05:40;MANAGE;#60 SL 4816.56 -> 4816.88 trail
2026.01.22 09:06:40;MANAGE;#60 SL 4816.88 -> 4819.23 trail
2026.01.22 09:07:20;MANAGE;#60 SL 4819.23 -> 4820.42 trail
2026.01.22 09:16:40;MANAGE;#60 SL 4820.42 -> 4821.64 trail
2026.01.22 09:19:40;MANAGE;#60 SL 4821.64 -> 4822.17 trail
2026.01.22 09:28:40;MANAGE;#60 SL 4822.17 -> 4822.81 trail
2026.01.22 09:43:20;MANAGE;#60 SL 4822.81 -> 4823.53 trail
2026.01.22 10:32:40;RISK;deal closed pnl=68.19 streak=0 lock=0
2026.01.22 11:45:00;DECISION;setup SHORT score=0.75 entry=4816.26 inv=4839.00 tgt=0.00 [CHoCH short lvl=4822.32|RelVol=1.38|VPnode d=4.34|CycleTurn w=-0.33<-0.84]
2026.01.22 11:45:00;ORDER;filled SELL 0.04 lots sl=4839.00 tp=4770.78 [WT|CHOCH|0.75]
2026.01.22 11:45:00;RISK;sizing: vol_ratio=0.58 scalar=1.00 gap_buf=0.00000 eff_stop=22.74000
2026.01.22 11:45:00;ORDER;entry fill deal #62 SELL 0.04 @ 4816.26000
2026.01.22 15:45:00;VETO;signal rejected: score 0.30 < 0.45 [BOS short lvl=4813.97|RelVol=0.86]
2026.01.22 16:32:40;RISK;deal closed pnl=-90.96 streak=1 lock=0
2026.01.22 16:45:00;DECISION;setup LONG score=0.85 entry=4845.79 inv=4810.70 tgt=0.00 [CHoCH long lvl=4835.22|RelVol=0.90|VPnode d=0.01|VWAPside|CycleTurn w=-0.85<--0.99]
2026.01.22 16:45:00;ORDER;filled BUY 0.02 lots sl=4810.70 tp=4916.33 [WT|CHOCH|0.85]
2026.01.22 16:45:00;RISK;sizing: vol_ratio=0.69 scalar=1.00 gap_buf=0.00000 eff_stop=35.21000
2026.01.22 16:45:00;ORDER;entry fill deal #64 BUY 0.02 @ 4845.91000
2026.01.22 18:37:40;MANAGE;#64 SL 4810.70 -> 4845.95 breakeven
2026.01.22 18:37:59;MANAGE;#64 SL 4845.95 -> 4856.88 trail
2026.01.22 18:38:40;MANAGE;#64 SL 4856.88 -> 4860.56 trail
2026.01.22 18:50:40;MANAGE;#64 SL 4860.56 -> 4860.74 trail
2026.01.22 18:51:20;MANAGE;#64 SL 4860.74 -> 4860.90 trail
2026.01.22 19:22:40;MANAGE;#64 SL 4860.90 -> 4866.70 trail
2026.01.22 19:23:20;MANAGE;#64 SL 4866.70 -> 4867.43 trail
2026.01.22 19:27:40;MANAGE;#64 SL 4867.43 -> 4868.70 trail
2026.01.22 19:28:20;MANAGE;#64 SL 4868.70 -> 4869.54 trail
2026.01.22 19:34:40;MANAGE;#64 SL 4869.54 -> 4871.29 trail
2026.01.22 19:35:20;MANAGE;#64 SL 4871.29 -> 4871.92 trail
2026.01.22 19:42:40;MANAGE;#64 SL 4871.92 -> 4872.93 trail
2026.01.22 19:43:40;MANAGE;#64 SL 4872.93 -> 4874.23 trail
2026.01.22 19:46:40;MANAGE;#64 SL 4874.23 -> 4874.33 trail
2026.01.22 19:47:20;MANAGE;#64 SL 4874.33 -> 4874.71 trail
2026.01.22 19:48:40;MANAGE;#64 SL 4874.71 -> 4875.45 trail
2026.01.22 19:49:40;MANAGE;#64 SL 4875.45 -> 4879.11 trail
2026.01.22 19:54:40;MANAGE;#64 SL 4879.11 -> 4879.81 trail
2026.01.22 19:56:20;MANAGE;#64 SL 4879.81 -> 4880.20 trail
2026.01.22 19:57:40;MANAGE;#64 SL 4880.20 -> 4880.46 trail
2026.01.22 20:01:40;MANAGE;#64 SL 4880.46 -> 4882.21 trail
2026.01.22 20:02:20;MANAGE;#64 SL 4882.21 -> 4882.42 trail
2026.01.22 20:03:40;MANAGE;#64 SL 4882.42 -> 4885.27 trail
2026.01.22 20:08:40;MANAGE;#64 SL 4885.27 -> 4887.33 trail
2026.01.22 20:10:40;MANAGE;#64 SL 4887.33 -> 4888.70 trail
2026.01.22 20:12:20;MANAGE;#64 SL 4888.70 -> 4889.05 trail
2026.01.22 20:35:40;MANAGE;#64 SL 4889.05 -> 4889.74 trail
2026.01.22 20:37:40;MANAGE;#64 SL 4889.74 -> 4890.31 trail
2026.01.22 20:38:40;MANAGE;#64 SL 4890.31 -> 4891.07 trail
2026.01.22 20:49:40;RISK;deal closed pnl=140.84 streak=0 lock=0
2026.01.22 22:15:00;DECISION;setup LONG score=0.50 entry=4925.91 inv=4869.86 tgt=0.00 [BOS long lvl=4924.39|RelVol=0.80|VWAPside|ADX=54]
2026.01.22 22:15:00;VETO;authorization denied: outside session window (server hour 22, window 03-20)
2026.01.22 22:30:00;VETO;authorization denied: outside session window (server hour 22, window 03-20)
2026.01.22 22:45:00;VETO;authorization denied: outside session window (server hour 22, window 03-20)
2026.01.22 23:00:00;VETO;authorization denied: outside session window (server hour 23, window 03-20)
2026.01.22 23:45:00;DECISION;setup LONG score=0.50 entry=4938.92 inv=4906.01 tgt=0.00 [BOS long lvl=4928.50|RelVol=1.66|VWAPside|ADX=36]
2026.01.22 23:45:00;VETO;authorization denied: outside session window (server hour 23, window 03-20)
2026.01.23 01:00:00;VETO;authorization denied: outside session window (server hour 01, window 03-20)
2026.01.23 01:15:00;VETO;authorization denied: outside session window (server hour 01, window 03-20)
2026.01.23 01:30:00;VETO;authorization denied: outside session window (server hour 01, window 03-20)
2026.01.23 10:00:00;DECISION;setup SHORT score=0.65 entry=4944.43 inv=4967.30 tgt=0.00 [CHoCH short lvl=4945.59|RelVol=1.07|VPnode d=3.37|VWAPside]
2026.01.23 10:00:00;ORDER;filled SELL 0.04 lots sl=4967.30 tp=4898.69 [WT|CHOCH|0.65]
2026.01.23 10:00:00;RISK;sizing: vol_ratio=0.75 scalar=1.00 gap_buf=0.00000 eff_stop=22.87000
2026.01.23 10:00:00;ORDER;entry fill deal #66 SELL 0.04 @ 4944.43000
2026.01.23 10:24:40;MANAGE;#66 SL 4967.30 -> 4944.39 breakeven
2026.01.23 10:24:59;MANAGE;#66 SL 4944.39 -> 4935.13 trail
2026.01.23 10:25:40;MANAGE;#66 SL 4935.13 -> 4927.54 trail
2026.01.23 10:26:40;MANAGE;#66 SL 4927.54 -> 4926.00 trail
2026.01.23 10:27:40;MANAGE;#66 SL 4926.00 -> 4920.19 trail
2026.01.23 10:28:20;MANAGE;#66 SL 4920.19 -> 4915.62 trail
2026.01.23 10:30:40;RISK;deal closed pnl=115.24 streak=0 lock=0
2026.01.23 14:15:00;DECISION;setup LONG score=0.55 entry=4933.89 inv=4912.21 tgt=0.00 [CHoCH long lvl=4932.45|RelVol=1.09|VPnode d=4.49]
2026.01.23 14:15:00;ORDER;filled BUY 0.04 lots sl=4912.21 tp=4977.37 [WT|CHOCH|0.55]
2026.01.23 14:15:00;RISK;sizing: vol_ratio=1.01 scalar=1.00 gap_buf=0.00000 eff_stop=21.72000
2026.01.23 14:15:00;ORDER;entry fill deal #68 BUY 0.04 @ 4933.93000
2026.01.23 16:51:40;MANAGE;#68 SL 4912.21 -> 4933.97 breakeven
2026.01.23 16:52:00;MANAGE;#68 SL 4933.97 -> 4934.10 trail
2026.01.23 16:52:20;MANAGE;#68 SL 4934.10 -> 4935.70 trail
2026.01.23 17:15:00;DECISION;setup LONG score=0.75 entry=4952.88 inv=4923.79 tgt=0.00 [BOS long lvl=4947.88|RelVol=0.79|VPnode d=0.22|VWAPside|ADX=33]
2026.01.23 17:15:00;VETO;risk veto: max positions
2026.01.23 17:43:20;MANAGE;#68 SL 4935.70 -> 4936.93 trail
2026.01.23 17:47:40;MANAGE;#68 SL 4936.93 -> 4939.10 trail
2026.01.23 18:02:40;MANAGE;#68 SL 4939.10 -> 4940.66 trail
2026.01.23 18:04:40;MANAGE;#68 SL 4940.66 -> 4941.37 trail
2026.01.23 18:09:40;MANAGE;#68 SL 4941.37 -> 4949.25 trail
2026.01.23 18:10:40;MANAGE;#68 SL 4949.25 -> 4951.02 trail
2026.01.23 18:11:20;MANAGE;#68 SL 4951.02 -> 4951.76 trail
2026.01.23 18:17:40;RISK;deal closed pnl=173.76 streak=0 lock=0
2026.01.26 01:15:00;DECISION;setup LONG score=0.85 entry=5021.56 inv=4970.68 tgt=0.00 [BOS long lvl=4989.78|RelVol=2.84|VPnode d=0.26|VWAPside|CycleTurn w=-0.64<--1.00]
2026.01.26 01:15:00;VETO;authorization denied: outside session window (server hour 01, window 03-20)
2026.01.26 01:30:00;VETO;authorization denied: outside session window (server hour 01, window 03-20)
2026.01.26 01:45:00;VETO;authorization denied: outside session window (server hour 01, window 03-20)
2026.01.26 02:00:00;VETO;authorization denied: outside session window (server hour 02, window 03-20)
2026.01.26 09:30:00;DECISION;setup LONG score=0.95 entry=5095.38 inv=5052.39 tgt=0.00 [BOS long lvl=5093.05|RelVol=1.01|VPnode d=1.38|VWAPside|CycleTurn w=-0.76<--0.90|ADX=32]
2026.01.26 09:30:00;ORDER;filled BUY 0.02 lots sl=5052.39 tp=5181.48 [WT|BOS|0.95]
2026.01.26 09:30:00;RISK;sizing: vol_ratio=1.18 scalar=1.00 gap_buf=0.00000 eff_stop=43.03000
2026.01.26 09:30:00;ORDER;entry fill deal #70 BUY 0.02 @ 5095.42000
2026.01.26 15:30:00;DECISION;setup SHORT score=0.65 entry=5072.33 inv=5097.01 tgt=0.00 [CHoCH short lvl=5078.55|RelVol=1.03|VPnode d=3.93|VWAPside]
2026.01.26 15:30:00;VETO;risk veto: max positions
2026.01.26 18:15:00;DECISION;setup LONG score=0.65 entry=5101.69 inv=5054.59 tgt=0.00 [CHoCH long lvl=5097.34|RelVol=1.08|VPnode d=6.29|VWAPside]
2026.01.26 18:15:00;VETO;risk veto: max positions
2026.01.26 20:45:00;DECISION;setup SHORT score=0.85 entry=5064.30 inv=5105.05 tgt=0.00 [CHoCH short lvl=5065.35|RelVol=2.58|VPnode d=5.50|VWAPside|CycleTurn w=0.12<-0.89]
2026.01.26 20:45:00;VETO;authorization denied: outside session window (server hour 20, window 03-20)
2026.01.26 21:00:00;VETO;authorization denied: outside session window (server hour 21, window 03-20)
2026.01.26 21:02:40;RISK;deal closed pnl=-86.06 streak=1 lock=0
2026.01.26 21:15:00;VETO;authorization denied: outside session window (server hour 21, window 03-20)
2026.01.26 21:30:00;VETO;authorization denied: outside session window (server hour 21, window 03-20)
2026.01.26 23:45:00;DECISION;setup SHORT score=0.50 entry=5005.03 inv=5062.24 tgt=0.00 [BOS short lvl=5008.51|RelVol=3.96|VWAPside|ADX=34]
2026.01.26 23:45:00;VETO;authorization denied: outside session window (server hour 23, window 03-20)
2026.01.27 01:00:00;VETO;authorization denied: outside session window (server hour 01, window 03-20)
2026.01.27 01:15:00;VETO;authorization denied: outside session window (server hour 01, window 03-20)
2026.01.27 01:30:00;VETO;authorization denied: outside session window (server hour 01, window 03-20)
2026.01.27 03:15:00;DECISION;setup LONG score=0.50 entry=5071.54 inv=4989.86 tgt=0.00 [CHoCH long lvl=5061.54|RelVol=1.34|VPnear|VWAPside]
2026.01.27 03:15:00;ORDER;filled BUY 0.01 lots sl=4989.86 tp=5235.02 [WT|CHOCH|0.50]
2026.01.27 03:15:00;RISK;sizing: vol_ratio=1.40 scalar=1.00 gap_buf=0.00000 eff_stop=81.72000
2026.01.27 03:15:00;ORDER;entry fill deal #72 BUY 0.01 @ 5071.58000
2026.01.27 04:45:00;DECISION;setup LONG score=0.65 entry=5079.12 inv=5013.72 tgt=0.00 [BOS long lvl=5075.99|RelVol=0.84|VPnode d=6.92|VWAPside]
2026.01.27 04:45:00;VETO;risk veto: max positions
2026.01.27 08:00:00;DECISION;setup LONG score=0.85 entry=5082.99 inv=5057.34 tgt=0.00 [BOS long lvl=5079.17|RelVol=1.00|VPnode d=2.39|VWAPside|CycleTurn w=-0.82<--0.86]
2026.01.27 08:00:00;VETO;risk veto: max positions
2026.01.27 14:00:00;VETO;signal rejected: score 0.40 < 0.45 [CHoCH short lvl=5081.90|RelVol=1.63|VPnear]
2026.01.27 16:15:00;DECISION;setup SHORT score=0.65 entry=5060.11 inv=5092.92 tgt=0.00 [BOS short lvl=5066.97|RelVol=1.36|VPnode d=4.09|VWAPside]
2026.01.27 16:15:00;VETO;risk veto: max positions
2026.01.27 18:00:00;DECISION;setup LONG score=0.85 entry=5090.96 inv=5046.65 tgt=0.00 [CHoCH long lvl=5082.29|RelVol=1.29|VPnode d=1.76|VWAPside|CycleTurn w=-0.77<--0.97]
2026.01.27 18:00:00;VETO;risk veto: max positions
2026.01.27 22:00:00;DECISION;setup LONG score=0.65 entry=5098.94 inv=5076.37 tgt=0.00 [BOS long lvl=5095.54|RelVol=1.02|VPnode d=6.14|VWAPside]
2026.01.27 22:00:00;VETO;authorization denied: outside session window (server hour 22, window 03-20)
2026.01.27 22:15:00;VETO;authorization denied: outside session window (server hour 22, window 03-20)
2026.01.27 22:30:00;VETO;authorization denied: outside session window (server hour 22, window 03-20)
2026.01.27 22:45:00;VETO;authorization denied: outside session window (server hour 22, window 03-20)
2026.01.27 22:46:40;MANAGE;#72 SL 4989.86 -> 5071.62 breakeven
2026.01.27 22:46:59;MANAGE;#72 SL 5071.62 -> 5130.74 trail
2026.01.27 22:47:20;MANAGE;#72 SL 5130.74 -> 5135.37 trail
2026.01.27 22:48:40;MANAGE;#72 SL 5135.37 -> 5143.33 trail
2026.01.27 22:53:40;MANAGE;#72 SL 5143.33 -> 5150.14 trail
2026.01.27 22:54:40;MANAGE;#72 SL 5150.14 -> 5151.34 trail
2026.01.27 22:55:40;MANAGE;#72 SL 5151.34 -> 5156.47 trail
2026.01.27 22:59:20;MANAGE;#72 SL 5156.47 -> 5156.71 trail
2026.01.27 23:00:20;ERROR;modify #72 sl=5158.30 tp=5235.02 rejected rc=10018
2026.01.27 23:11:40;ERROR;modify #72 sl=5156.87 tp=5235.02 rejected rc=10018
2026.01.27 23:12:20;ERROR;modify #72 sl=5156.83 tp=5235.02 rejected rc=10018
2026.01.27 23:45:20;ERROR;modify #72 sl=5157.79 tp=5235.02 rejected rc=10018
2026.01.27 23:48:40;ERROR;modify #72 sl=5156.99 tp=5235.02 rejected rc=10018
2026.01.27 23:49:40;ERROR;modify #72 sl=5159.34 tp=5235.02 rejected rc=10018
2026.01.27 23:50:20;ERROR;modify #72 sl=5158.32 tp=5235.02 rejected rc=10018
2026.01.28 03:03:40;MANAGE;#72 SL 5156.71 -> 5157.38 trail
2026.01.28 03:04:40;MANAGE;#72 SL 5157.38 -> 5157.53 trail
2026.01.28 03:05:20;MANAGE;#72 SL 5157.53 -> 5158.61 trail
2026.01.28 03:06:40;MANAGE;#72 SL 5158.61 -> 5166.41 trail
2026.01.28 03:07:40;MANAGE;#72 SL 5166.41 -> 5172.58 trail
2026.01.28 03:15:00;DECISION;setup LONG score=0.60 entry=5190.97 inv=5157.31 tgt=0.00 [BOS long lvl=5190.46|RelVol=1.28|VPnear|VWAPside|ADX=39]
2026.01.28 03:15:00;VETO;risk veto: max positions
2026.01.28 03:37:40;MANAGE;#72 SL 5172.58 -> 5172.93 trail
2026.01.28 03:40:40;MANAGE;#72 SL 5172.93 -> 5180.01 trail
2026.01.28 03:41:40;MANAGE;#72 SL 5180.01 -> 5181.27 trail
2026.01.28 03:42:40;MANAGE;#72 SL 5181.27 -> 5181.76 trail
2026.01.28 03:43:40;MANAGE;#72 SL 5181.76 -> 5182.25 trail
2026.01.28 03:44:40;MANAGE;#72 SL 5182.25 -> 5186.71 trail
2026.01.28 03:45:40;MANAGE;#72 SL 5186.71 -> 5190.10 trail
2026.01.28 03:46:40;MANAGE;#72 SL 5190.10 -> 5192.67 trail
2026.01.28 03:47:40;MANAGE;#72 SL 5192.67 -> 5193.30 trail
2026.01.28 03:50:40;MANAGE;#72 SL 5193.30 -> 5194.66 trail
2026.01.28 04:32:40;MANAGE;#72 SL 5194.66 -> 5198.05 trail
2026.01.28 04:49:40;MANAGE;#72 SL 5198.05 -> 5198.57 trail
2026.01.28 04:54:40;MANAGE;#72 SL 5198.57 -> 5203.52 trail
2026.01.28 05:01:20;RISK;deal closed pnl=163.31 streak=0 lock=0
2026.01.28 07:15:00;DECISION;setup LONG score=0.75 entry=5253.91 inv=5157.31 tgt=0.00 [BOS long lvl=5247.63|RelVol=1.68|VPnode d=4.91|VWAPside|ADX=55]
2026.01.28 07:15:00;ORDER;filled BUY 0.01 lots sl=5157.31 tp=5447.23 [WT|BOS|0.75]
2026.01.28 07:15:00;RISK;sizing: vol_ratio=1.03 scalar=1.00 gap_buf=0.00000 eff_stop=96.64000
2026.01.28 07:15:00;ORDER;entry fill deal #74 BUY 0.01 @ 5253.95000
2026.01.28 09:00:00;DECISION;setup LONG score=0.50 entry=5269.82 inv=5157.31 tgt=0.00 [BOS long lvl=5266.49|RelVol=1.10|VWAPside|ADX=56]
2026.01.28 09:00:00;VETO;risk veto: max positions
2026.01.28 13:15:00;VETO;signal rejected: score 0.40 < 0.45 [CHoCH short lvl=5262.95|RelVol=2.46|VPnear]
2026.01.28 19:00:00;DECISION;setup LONG score=0.65 entry=5299.87 inv=5235.23 tgt=0.00 [CHoCH long lvl=5298.29|RelVol=1.28|VPnode d=0.27|VWAPside]
2026.01.28 19:00:00;VETO;risk veto: max positions
2026.01.28 22:15:00;DECISION;setup LONG score=0.80 entry=5326.60 inv=5268.78 tgt=0.00 [BOS long lvl=5326.02|RelVol=1.65|VPnear|VWAPside|CycleTurn w=0.40<--0.61|ADX=34]
2026.01.28 22:15:00;VETO;authorization denied: outside session window (server hour 22, window 03-20)
2026.01.28 22:27:40;MANAGE;#74 SL 5157.31 -> 5253.99 breakeven
2026.01.28 22:27:59;MANAGE;#74 SL 5253.99 -> 5310.26 trail
2026.01.28 22:28:40;MANAGE;#74 SL 5310.26 -> 5311.06 trail
2026.01.28 22:29:40;MANAGE;#74 SL 5311.06 -> 5312.71 trail
2026.01.28 22:30:00;VETO;authorization denied: outside session window (server hour 22, window 03-20)
2026.01.28 22:30:40;MANAGE;#74 SL 5312.71 -> 5316.57 trail
2026.01.28 22:31:20;MANAGE;#74 SL 5316.57 -> 5317.48 trail
2026.01.28 22:34:20;MANAGE;#74 SL 5317.48 -> 5318.44 trail
2026.01.28 22:35:40;MANAGE;#74 SL 5318.44 -> 5320.54 trail
2026.01.28 22:36:40;MANAGE;#74 SL 5320.54 -> 5324.81 trail
2026.01.28 22:37:40;MANAGE;#74 SL 5324.81 -> 5328.30 trail
2026.01.28 22:38:40;MANAGE;#74 SL 5328.30 -> 5332.01 trail
2026.01.28 22:39:20;MANAGE;#74 SL 5332.01 -> 5332.53 trail
2026.01.28 22:40:20;MANAGE;#74 SL 5332.53 -> 5335.39 trail
2026.01.28 22:41:40;MANAGE;#74 SL 5335.39 -> 5338.85 trail
2026.01.28 22:42:40;MANAGE;#74 SL 5338.85 -> 5345.02 trail
2026.01.28 22:43:20;MANAGE;#74 SL 5345.02 -> 5345.85 trail
2026.01.28 22:45:00;VETO;authorization denied: outside session window (server hour 22, window 03-20)
2026.01.28 23:00:00;VETO;authorization denied: outside session window (server hour 23, window 03-20)
2026.01.28 23:48:40;ERROR;modify #74 sl=5353.70 tp=5447.23 rejected rc=10018
2026.01.28 23:49:20;ERROR;modify #74 sl=5352.18 tp=5447.23 rejected rc=10018
2026.01.28 23:49:59;ERROR;modify #74 sl=5351.17 tp=5447.23 rejected rc=10018
2026.01.28 23:50:59;ERROR;modify #74 sl=5346.97 tp=5447.23 rejected rc=10018
2026.01.28 23:51:40;ERROR;modify #74 sl=5348.85 tp=5447.23 rejected rc=10018
2026.01.28 23:52:20;ERROR;modify #74 sl=5348.59 tp=5447.23 rejected rc=10018
2026.01.28 23:52:59;ERROR;modify #74 sl=5354.11 tp=5447.23 rejected rc=10018
2026.01.28 23:53:40;ERROR;modify #74 sl=5361.60 tp=5447.23 rejected rc=10018
2026.01.28 23:54:20;ERROR;modify #74 sl=5363.16 tp=5447.23 rejected rc=10018
2026.01.28 23:54:59;ERROR;modify #74 sl=5360.58 tp=5447.23 rejected rc=10018
2026.01.28 23:55:40;ERROR;modify #74 sl=5367.48 tp=5447.23 rejected rc=10018
2026.01.28 23:56:20;ERROR;modify #74 sl=5367.69 tp=5447.23 rejected rc=10018
2026.01.28 23:56:59;ERROR;modify #74 sl=5366.79 tp=5447.23 rejected rc=10018
2026.01.28 23:57:40;ERROR;modify #74 sl=5369.32 tp=5447.23 rejected rc=10018
2026.01.28 23:58:20;ERROR;modify #74 sl=5370.85 tp=5447.23 rejected rc=10018
2026.01.28 23:58:59;ERROR;modify #74 sl=5369.05 tp=5447.23 rejected rc=10018
2026.01.28 23:59:40;ERROR;modify #74 sl=5366.57 tp=5447.23 rejected rc=10018
2026.01.29 01:00:00;MANAGE;#74 SL 5345.85 -> 5366.81 trail
2026.01.29 01:00:40;MANAGE;#74 SL 5366.81 -> 5376.03 trail
2026.01.29 01:01:40;RISK;deal closed pnl=192.90 streak=0 lock=0
2026.01.29 06:45:00;DECISION;setup LONG score=0.95 entry=5557.40 inv=5508.32 tgt=0.00 [BOS long lvl=5550.19|RelVol=1.73|VPnode d=7.20|VWAPside|CycleTurn w=-1.00<--1.00|ADX=43]
2026.01.29 06:45:00;ORDER;filled BUY 0.02 lots sl=5508.32 tp=5655.86 [WT|BOS|0.95]
2026.01.29 06:45:00;RISK;sizing: vol_ratio=1.20 scalar=1.00 gap_buf=0.00000 eff_stop=49.18000
2026.01.29 06:45:00;ORDER;entry fill deal #76 BUY 0.02 @ 5557.50000
2026.01.29 08:15:00;DECISION;setup LONG score=0.60 entry=5584.10 inv=5516.27 tgt=0.00 [BOS long lvl=5564.55|RelVol=1.48|VPnear|VWAPside|ADX=36]
2026.01.29 08:15:00;VETO;risk veto: max positions
2026.01.29 10:43:40;RISK;deal closed pnl=-98.36 streak=1 lock=0
2026.01.29 10:45:00;DECISION;setup SHORT score=0.50 entry=5482.64 inv=5595.54 tgt=0.00 [CHoCH short lvl=5516.27|RelVol=2.22|VPnear|VWAPside]
2026.01.29 10:45:00;VETO;risk veto: size 0.00 < broker min 0.01 (risk too small for stop)
2026.01.29 14:15:00;DECISION;setup LONG score=0.70 entry=5535.68 inv=5470.82 tgt=0.00 [CHoCH long lvl=5529.64|RelVol=1.45|VPnear|VWAPside|CycleTurn w=-0.78<--0.94]
2026.01.29 14:15:00;ORDER;filled BUY 0.01 lots sl=5470.82 tp=5665.64 [WT|CHOCH|0.70]
2026.01.29 14:15:00;RISK;sizing: vol_ratio=0.84 scalar=1.00 gap_buf=0.00000 eff_stop=64.94000
2026.01.29 14:15:00;ORDER;entry fill deal #78 BUY 0.01 @ 5535.76000
2026.01.29 16:30:00;DECISION;setup LONG score=0.65 entry=5543.92 inv=5500.19 tgt=0.00 [BOS long lvl=5542.99|RelVol=1.51|VPnode d=7.88|VWAPside]
2026.01.29 16:30:00;VETO;risk veto: max positions
2026.01.29 17:00:00;DECISION;setup SHORT score=0.65 entry=5496.95 inv=5542.99 tgt=0.00 [CHoCH short lvl=5500.19|RelVol=1.60|VPnode d=5.25|VWAPside]
2026.01.29 17:00:00;VETO;risk veto: max positions
2026.01.29 17:01:40;RISK;deal closed pnl=-64.94 streak=2 lock=0
2026.01.29 23:00:00;DECISION;setup LONG score=0.55 entry=5394.11 inv=5282.73 tgt=0.00 [CHoCH long lvl=5362.06|RelVol=1.71|VPnode d=1.51]
2026.01.29 23:00:00;VETO;authorization denied: outside session window (server hour 23, window 03-20)
2026.01.29 23:15:00;VETO;authorization denied: outside session window (server hour 23, window 03-20)
2026.01.29 23:30:00;VETO;authorization denied: outside session window (server hour 23, window 03-20)
2026.01.29 23:45:00;VETO;authorization denied: outside session window (server hour 23, window 03-20)
2026.01.30 03:15:00;DECISION;setup SHORT score=0.60 entry=5309.93 inv=5450.96 tgt=0.00 [CHoCH short lvl=5369.60|RelVol=1.31|VWAPside|CycleTurn w=0.80<-0.96]
2026.01.30 03:15:00;VETO;risk veto: size 0.00 < broker min 0.01 (risk too small for stop)
2026.01.30 07:45:00;DECISION;setup LONG score=0.55 entry=5232.16 inv=5151.34 tgt=0.00 [CHoCH long lvl=5230.78|RelVol=1.13|VPnode d=21.06]
2026.01.30 07:45:00;ORDER;filled BUY 0.01 lots sl=5151.34 tp=5393.92 [WT|CHOCH|0.55]
2026.01.30 07:45:00;RISK;sizing: vol_ratio=1.11 scalar=1.00 gap_buf=0.00000 eff_stop=80.86000
2026.01.30 07:45:00;ORDER;entry fill deal #80 BUY 0.01 @ 5232.20000
2026.01.30 08:45:40;RISK;deal closed pnl=-80.86 streak=1 lock=0
2026.01.30 09:45:00;DECISION;setup SHORT score=0.50 entry=5147.06 inv=5241.39 tgt=0.00 [CHoCH short lvl=5151.34|RelVol=2.26|VPnear|VWAPside]
2026.01.30 09:45:00;ORDER;filled SELL 0.01 lots sl=5241.39 tp=4958.40 [WT|CHOCH|0.50]
2026.01.30 09:45:00;RISK;sizing: vol_ratio=0.80 scalar=1.00 gap_buf=0.00000 eff_stop=94.33000
2026.01.30 09:45:00;ORDER;entry fill deal #82 SELL 0.01 @ 5147.06000
2026.01.30 10:45:00;DECISION;setup SHORT score=0.95 entry=5096.43 inv=5241.39 tgt=0.00 [BOS short lvl=5117.94|RelVol=1.95|VPnode d=15.77|VWAPside|CycleTurn w=0.93<-0.98|ADX=44]
2026.01.30 10:45:00;VETO;risk veto: max positions
2026.01.30 11:12:40;MANAGE;#82 SL 5241.39 -> 5147.02 breakeven
2026.01.30 11:12:59;MANAGE;#82 SL 5147.02 -> 5138.51 trail
2026.01.30 11:13:40;MANAGE;#82 SL 5138.51 -> 5110.17 trail
2026.01.30 11:14:20;MANAGE;#82 SL 5110.17 -> 5101.22 trail
2026.01.30 11:42:40;MANAGE;#82 SL 5101.22 -> 5096.08 trail
2026.01.30 11:43:40;MANAGE;#82 SL 5096.08 -> 5092.53 trail
2026.01.30 11:44:40;MANAGE;#82 SL 5092.53 -> 5075.22 trail
2026.01.30 11:45:40;RISK;deal closed pnl=188.66 streak=0 lock=0
2026.01.30 15:00:00;DECISION;setup SHORT score=0.85 entry=5064.54 inv=5145.74 tgt=0.00 [BOS short lvl=5090.11|RelVol=1.56|VPnode d=13.14|VWAPside|CycleTurn w=0.98<-0.99]
2026.01.30 15:00:00;ORDER;filled SELL 0.01 lots sl=5145.74 tp=4902.14 [WT|BOS|0.85]
2026.01.30 15:00:00;RISK;sizing: vol_ratio=0.97 scalar=1.00 gap_buf=0.00000 eff_stop=81.20000
2026.01.30 15:00:00;ORDER;entry fill deal #84 SELL 0.01 @ 5064.54000
2026.01.30 17:02:40;MANAGE;#84 SL 5145.74 -> 5064.50 breakeven
2026.01.30 17:36:20;RISK;deal closed pnl=0.04 streak=0 lock=0
2026.01.30 19:15:00;DECISION;setup SHORT score=0.50 entry=4914.27 inv=5073.84 tgt=0.00 [BOS short lvl=4980.60|RelVol=1.62|VWAPside|ADX=31]
2026.01.30 19:15:00;VETO;risk veto: size 0.00 < broker min 0.01 (risk too small for stop)
2026.02.02 01:15:00;DECISION;setup SHORT score=0.65 entry=4741.06 inv=4947.93 tgt=0.00 [BOS short lvl=4809.23|RelVol=1.28|VPnode d=34.94|VWAPside]
2026.02.02 01:15:00;VETO;authorization denied: outside session window (server hour 01, window 03-20)
2026.02.02 01:30:00;VETO;authorization denied: outside session window (server hour 01, window 03-20)
2026.02.02 01:45:00;VETO;authorization denied: outside session window (server hour 01, window 03-20)
2026.02.02 02:00:00;VETO;authorization denied: outside session window (server hour 02, window 03-20)
2026.02.02 03:15:00;DECISION;setup SHORT score=0.50 entry=4643.20 inv=4884.64 tgt=0.00 [BOS short lvl=4698.82|RelVol=1.63|VPnear|VWAPside]
2026.02.02 03:15:00;VETO;risk veto: size 0.00 < broker min 0.01 (risk too small for stop)
2026.02.02 07:45:00;DECISION;setup SHORT score=0.70 entry=4575.94 inv=4713.46 tgt=0.00 [BOS short lvl=4603.84|RelVol=1.98|VPnear|VWAPside|CycleTurn w=0.95<-0.97]
2026.02.02 07:45:00;VETO;risk veto: size 0.00 < broker min 0.01 (risk too small for stop)
2026.02.02 12:00:00;DECISION;setup LONG score=0.65 entry=4719.58 inv=4402.14 tgt=0.00 [CHoCH long lvl=4713.46|RelVol=1.71|VPnode d=1.88|VWAPside]
2026.02.02 12:00:00;VETO;risk veto: size 0.00 < broker min 0.01 (risk too small for stop)
2026.02.02 13:15:00;DECISION;setup LONG score=0.65 entry=4749.18 inv=4402.14 tgt=0.00 [BOS long lvl=4734.09|RelVol=1.56|VPnode d=22.02|VWAPside]
2026.02.02 13:15:00;VETO;risk veto: size 0.00 < broker min 0.01 (risk too small for stop)
2026.02.02 18:00:00;DECISION;setup SHORT score=0.65 entry=4620.14 inv=4794.23 tgt=0.00 [CHoCH short lvl=4669.45|RelVol=1.33|VPnode d=21.86|VWAPside]
2026.02.02 18:00:00;VETO;risk veto: size 0.00 < broker min 0.01 (risk too small for stop)
2026.02.03 01:15:00;DECISION;setup LONG score=0.65 entry=4718.50 inv=4643.83 tgt=0.00 [CHoCH long lvl=4712.85|RelVol=1.48|VPnode d=3.90|VWAPside]
2026.02.03 01:15:00;VETO;authorization denied: outside session window (server hour 01, window 03-20)
2026.02.03 01:30:00;VETO;authorization denied: outside session window (server hour 01, window 03-20)
2026.02.03 01:45:00;VETO;authorization denied: outside session window (server hour 01, window 03-20)
2026.02.03 02:00:00;VETO;authorization denied: outside session window (server hour 02, window 03-20)
2026.02.03 04:45:00;DECISION;setup SHORT score=0.85 entry=4755.63 inv=4856.59 tgt=0.00 [CHoCH short lvl=4766.57|RelVol=1.62|VPnode d=18.97|VWAPside|CycleTurn w=0.54<-0.91]
2026.02.03 04:45:00;ORDER;filled SELL 0.01 lots sl=4856.59 tp=4552.12 [WT|CHOCH|0.85]
2026.02.03 04:45:00;RISK;sizing: vol_ratio=0.79 scalar=1.00 gap_buf=0.00000 eff_stop=101.49000
2026.02.03 04:45:00;ORDER;entry fill deal #86 SELL 0.01 @ 4755.10000
2026.02.03 08:19:40;RISK;deal closed pnl=-101.49 streak=1 lock=0
2026.02.03 08:30:00;DECISION;setup LONG score=0.70 entry=4871.64 inv=4745.49 tgt=0.00 [CHoCH long lvl=4856.59|RelVol=1.68|VPnear|VWAPside|CycleTurn w=0.35<--0.84]
2026.02.03 08:30:00;VETO;risk veto: size 0.00 < broker min 0.01 (risk too small for stop)
2026.02.03 15:45:00;DECISION;setup LONG score=0.85 entry=4941.67 inv=4892.40 tgt=0.00 [BOS long lvl=4936.29|RelVol=1.31|VPnode d=3.13|VWAPside|CycleTurn w=-0.92<--0.98]
2026.02.03 15:45:00;ORDER;filled BUY 0.02 lots sl=4892.40 tp=5040.33 [WT|BOS|0.85]
2026.02.03 15:45:00;RISK;sizing: vol_ratio=0.59 scalar=1.00 gap_buf=0.00000 eff_stop=49.31000
2026.02.03 15:45:00;ORDER;entry fill deal #88 BUY 0.02 @ 4941.71000
2026.02.03 18:30:00;DECISION;setup LONG score=0.80 entry=4973.17 inv=4893.75 tgt=0.00 [BOS long lvl=4948.56|RelVol=1.39|VPnear|VWAPside|CycleTurn w=-0.74<--0.97|ADX=31]
2026.02.03 18:30:00;VETO;risk veto: max positions
2026.02.03 18:38:40;MANAGE;#88 SL 4892.40 -> 4941.75 breakeven
2026.02.03 19:08:40;RISK;deal closed pnl=0.08 streak=0 lock=0
2026.02.03 22:45:00;DECISION;setup LONG score=0.70 entry=4951.73 inv=4880.86 tgt=0.00 [BOS long lvl=4948.85|RelVol=1.07|VPnear|VWAPside|CycleTurn w=-0.58<--0.93]
2026.02.03 22:45:00;VETO;authorization denied: outside session window (server hour 22, window 03-20)
2026.02.03 23:00:00;VETO;authorization denied: outside session window (server hour 23, window 03-20)
2026.02.03 23:15:00;VETO;authorization denied: outside session window (server hour 23, window 03-20)
2026.02.03 23:30:00;VETO;authorization denied: outside session window (server hour 23, window 03-20)
2026.02.04 02:15:00;DECISION;setup LONG score=0.70 entry=4986.97 inv=4910.22 tgt=0.00 [BOS long lvl=4972.25|RelVol=1.57|VPnear|VWAPside|CycleTurn w=-0.64<--0.98]
2026.02.04 02:15:00;VETO;authorization denied: outside session window (server hour 02, window 03-20)
2026.02.04 02:30:00;VETO;authorization denied: outside session window (server hour 02, window 03-20)
2026.02.04 02:45:00;VETO;authorization denied: outside session window (server hour 02, window 03-20)
2026.02.04 03:00:00;VETO;risk veto: size 0.00 < broker min 0.01 (risk too small for stop)
2026.02.04 06:00:00;DECISION;setup LONG score=0.75 entry=5070.11 inv=5033.22 tgt=0.00 [BOS long lvl=5065.50|RelVol=0.82|StopFloored|VPnode d=3.69|VWAPside|ADX=31]
2026.02.04 06:00:00;ORDER;filled BUY 0.02 lots sl=5033.22 tp=5143.95 [WT|BOS|0.75]
2026.02.04 06:00:00;RISK;sizing: vol_ratio=0.94 scalar=1.00 gap_buf=0.00000 eff_stop=36.90821
2026.02.04 06:00:00;ORDER;entry fill deal #90 BUY 0.02 @ 5070.13000
2026.02.04 12:30:00;DECISION;setup SHORT score=0.55 entry=5043.39 inv=5091.94 tgt=0.00 [CHoCH short lvl=5051.10|RelVol=1.33|VPnode d=5.59]
2026.02.04 12:30:00;VETO;risk veto: max positions
2026.02.04 13:16:40;RISK;deal closed pnl=-73.82 streak=1 lock=0
2026.02.04 13:30:00;DECISION;setup SHORT score=0.60 entry=5023.84 inv=5091.94 tgt=0.00 [BOS short lvl=5041.77|RelVol=1.87|VPnear|VWAPside|ADX=48]
2026.02.04 13:30:00;ORDER;filled SELL 0.01 lots sl=5091.94 tp=4887.94 [WT|BOS|0.60]
2026.02.04 13:30:00;RISK;sizing: vol_ratio=0.74 scalar=1.00 gap_buf=0.00000 eff_stop=68.00000
2026.02.04 13:30:00;ORDER;entry fill deal #92 SELL 0.01 @ 5023.94000
2026.02.04 16:45:00;DECISION;setup SHORT score=0.50 entry=4996.62 inv=5063.53 tgt=0.00 [BOS short lvl=5023.33|RelVol=1.50|VPnear|VWAPside]
2026.02.04 16:45:00;VETO;risk veto: max positions
2026.02.04 17:22:40;MANAGE;#92 SL 5091.94 -> 5023.90 breakeven
2026.02.04 17:22:59;MANAGE;#92 SL 5023.90 -> 5009.61 trail
2026.02.04 17:23:20;MANAGE;#92 SL 5009.61 -> 5006.94 trail
2026.02.04 17:28:40;MANAGE;#92 SL 5006.94 -> 5005.92 trail
2026.02.04 17:31:40;MANAGE;#92 SL 5005.92 -> 4987.98 trail
2026.02.04 17:32:40;MANAGE;#92 SL 4987.98 -> 4983.14 trail
2026.02.04 17:33:40;MANAGE;#92 SL 4983.14 -> 4978.70 trail
2026.02.04 17:34:40;MANAGE;#92 SL 4978.70 -> 4973.55 trail
2026.02.04 17:35:40;MANAGE;#92 SL 4973.55 -> 4969.66 trail
2026.02.04 17:36:40;RISK;deal closed pnl=136.00 streak=0 lock=0
2026.02.04 23:30:00;VETO;signal rejected: score 0.40 < 0.45 [CHoCH long lvl=4957.78|RelVol=0.42|VPnear]
2026.02.05 03:15:00;DECISION;setup SHORT score=0.60 entry=4967.67 inv=5023.80 tgt=0.00 [CHoCH short lvl=4997.13|RelVol=1.28|VWAPside|CycleTurn w=0.96<-0.99]
2026.02.05 03:15:00;ORDER;filled SELL 0.01 lots sl=5023.80 tp=4855.98 [WT|CHOCH|0.60]
2026.02.05 03:15:00;RISK;sizing: vol_ratio=0.83 scalar=1.00 gap_buf=0.00000 eff_stop=55.94000
2026.02.05 03:15:00;ORDER;entry fill deal #94 SELL 0.01 @ 4967.86000
2026.02.05 04:14:40;MANAGE;#94 SL 5023.80 -> 4967.82 breakeven
2026.02.05 04:14:59;MANAGE;#94 SL 4967.82 -> 4963.77 trail
2026.02.05 04:15:40;MANAGE;#94 SL 4963.77 -> 4949.55 trail
2026.02.05 04:45:40;MANAGE;#94 SL 4949.55 -> 4930.13 trail
2026.02.05 04:47:40;RISK;deal closed pnl=111.88 streak=0 lock=0
2026.02.05 08:00:00;DECISION;setup LONG score=0.75 entry=4896.42 inv=4788.86 tgt=0.00 [CHoCH long lvl=4891.14|RelVol=1.68|VPnode d=25.82|CycleTurn w=0.33<--0.75]
2026.02.05 08:00:00;VETO;risk veto: size 0.00 < broker min 0.01 (risk too small for stop)
2026.02.05 11:15:00;DECISION;setup SHORT score=0.70 entry=4863.00 inv=4943.62 tgt=0.00 [CHoCH short lvl=4895.99|RelVol=1.97|VPnear|VWAPside|CycleTurn w=0.87<-0.99]
2026.02.05 11:15:00;ORDER;filled SELL 0.01 lots sl=4943.62 tp=4701.76 [WT|CHOCH|0.70]
2026.02.05 11:15:00;RISK;sizing: vol_ratio=0.95 scalar=1.00 gap_buf=0.00000 eff_stop=80.62000
2026.02.05 11:15:00;ORDER;entry fill deal #96 SELL 0.01 @ 4863.00000
2026.02.05 14:15:00;DECISION;setup SHORT score=0.85 entry=4840.19 inv=4894.57 tgt=0.00 [BOS short lvl=4847.78|RelVol=1.56|VPnode d=6.19|VWAPside|CycleTurn w=0.66<-0.93]
2026.02.05 14:15:00;VETO;risk veto: max positions
2026.02.05 18:45:00;DECISION;setup LONG score=0.75 entry=4879.03 inv=4800.53 tgt=0.00 [CHoCH long lvl=4869.99|RelVol=1.42|VPnode d=21.93|CycleTurn w=0.37<--0.78]
2026.02.05 18:45:00;VETO;risk veto: max positions
2026.02.05 23:34:40;ERROR;modify #96 sl=4862.96 tp=4701.76 rejected rc=10018
2026.02.05 23:35:20;ERROR;modify #96 sl=4862.96 tp=4701.76 rejected rc=10018
2026.02.05 23:35:59;ERROR;modify #96 sl=4862.96 tp=4701.76 rejected rc=10018
2026.02.05 23:36:40;ERROR;modify #96 sl=4862.96 tp=4701.76 rejected rc=10018
2026.02.05 23:37:20;ERROR;modify #96 sl=4862.96 tp=4701.76 rejected rc=10018
2026.02.05 23:38:40;ERROR;modify #96 sl=4862.96 tp=4701.76 rejected rc=10018
2026.02.05 23:39:20;ERROR;modify #96 sl=4862.96 tp=4701.76 rejected rc=10018
2026.02.05 23:39:59;ERROR;modify #96 sl=4862.96 tp=4701.76 rejected rc=10018
2026.02.05 23:40:40;ERROR;modify #96 sl=4862.96 tp=4701.76 rejected rc=10018
2026.02.05 23:41:20;ERROR;modify #96 sl=4862.96 tp=4701.76 rejected rc=10018
2026.02.05 23:41:59;ERROR;modify #96 sl=4862.96 tp=4701.76 rejected rc=10018
2026.02.05 23:42:40;ERROR;modify #96 sl=4862.96 tp=4701.76 rejected rc=10018
2026.02.05 23:43:20;ERROR;modify #96 sl=4862.96 tp=4701.76 rejected rc=10018
2026.02.05 23:43:59;ERROR;modify #96 sl=4862.96 tp=4701.76 rejected rc=10018
2026.02.05 23:44:40;ERROR;modify #96 sl=4862.96 tp=4701.76 rejected rc=10018
2026.02.05 23:45:00;VETO;signal rejected: score 0.40 < 0.45 [CHoCH short lvl=4800.53|RelVol=2.08|VWAPside]
2026.02.05 23:45:20;ERROR;modify #96 sl=4862.96 tp=4701.76 rejected rc=10018
2026.02.05 23:45:59;ERROR;modify #96 sl=4862.96 tp=4701.76 rejected rc=10018
2026.02.05 23:46:40;ERROR;modify #96 sl=4862.96 tp=4701.76 rejected rc=10018
2026.02.05 23:47:20;ERROR;modify #96 sl=4862.96 tp=4701.76 rejected rc=10018
2026.02.05 23:47:59;ERROR;modify #96 sl=4862.96 tp=4701.76 rejected rc=10018
2026.02.05 23:48:40;ERROR;modify #96 sl=4862.96 tp=4701.76 rejected rc=10018
2026.02.05 23:49:20;ERROR;modify #96 sl=4862.96 tp=4701.76 rejected rc=10018
2026.02.05 23:49:59;ERROR;modify #96 sl=4862.96 tp=4701.76 rejected rc=10018
2026.02.05 23:50:40;ERROR;modify #96 sl=4862.96 tp=4701.76 rejected rc=10018
2026.02.05 23:51:20;ERROR;modify #96 sl=4862.96 tp=4701.76 rejected rc=10018
2026.02.05 23:51:59;ERROR;modify #96 sl=4862.96 tp=4701.76 rejected rc=10018
2026.02.05 23:52:40;ERROR;modify #96 sl=4862.96 tp=4701.76 rejected rc=10018
2026.02.05 23:53:20;ERROR;modify #96 sl=4862.96 tp=4701.76 rejected rc=10018
2026.02.05 23:53:59;ERROR;modify #96 sl=4862.96 tp=4701.76 rejected rc=10018
2026.02.05 23:54:40;ERROR;modify #96 sl=4862.96 tp=4701.76 rejected rc=10018
2026.02.05 23:55:20;ERROR;modify #96 sl=4862.56 tp=4701.76 rejected rc=10018
2026.02.05 23:55:59;ERROR;modify #96 sl=4862.56 tp=4701.76 rejected rc=10018
2026.02.05 23:56:40;ERROR;modify #96 sl=4862.66 tp=4701.76 rejected rc=10018
2026.02.05 23:57:20;ERROR;modify #96 sl=4862.56 tp=4701.76 rejected rc=10018
2026.02.05 23:57:59;ERROR;modify #96 sl=4862.56 tp=4701.76 rejected rc=10018
2026.02.05 23:58:40;ERROR;modify #96 sl=4862.73 tp=4701.76 rejected rc=10018
2026.02.05 23:59:20;ERROR;modify #96 sl=4862.73 tp=4701.76 rejected rc=10018
2026.02.05 23:59:59;ERROR;modify #96 sl=4862.73 tp=4701.76 rejected rc=10018
2026.02.06 01:00:00;MANAGE;#96 SL 4943.62 -> 4862.73 breakeven
2026.02.06 01:00:20;MANAGE;#96 SL 4862.73 -> 4841.51 trail
2026.02.06 01:00:40;MANAGE;#96 SL 4841.51 -> 4810.45 trail
2026.02.06 01:01:40;MANAGE;#96 SL 4810.45 -> 4806.80 trail
2026.02.06 01:24:40;MANAGE;#96 SL 4806.80 -> 4805.31 trail
2026.02.06 01:26:40;MANAGE;#96 SL 4805.31 -> 4800.73 trail
2026.02.06 01:27:40;MANAGE;#96 SL 4800.73 -> 4800.33 trail
2026.02.06 01:28:20;MANAGE;#96 SL 4800.33 -> 4798.92 trail
2026.02.06 01:30:20;MANAGE;#96 SL 4798.92 -> 4798.77 trail
2026.02.06 01:35:40;MANAGE;#96 SL 4798.77 -> 4798.58 trail
2026.02.06 01:36:20;MANAGE;#96 SL 4798.58 -> 4797.19 trail
2026.02.06 01:38:40;MANAGE;#96 SL 4797.19 -> 4783.01 trail
2026.02.06 01:46:40;MANAGE;#96 SL 4783.01 -> 4777.32 trail
2026.02.06 01:48:40;MANAGE;#96 SL 4777.32 -> 4775.47 trail
2026.02.06 01:49:40;MANAGE;#96 SL 4775.47 -> 4761.32 trail
2026.02.06 01:52:40;MANAGE;#96 SL 4761.32 -> 4758.50 trail
2026.02.06 01:53:20;MANAGE;#96 SL 4758.50 -> 4755.56 trail
2026.02.06 01:56:40;MANAGE;#96 SL 4755.56 -> 4755.32 trail
2026.02.06 01:57:20;MANAGE;#96 SL 4755.32 -> 4754.57 trail
2026.02.06 01:58:40;MANAGE;#96 SL 4754.57 -> 4754.41 trail
2026.02.06 01:59:40;MANAGE;#96 SL 4754.41 -> 4753.38 trail
2026.02.06 02:00:40;RISK;deal closed pnl=161.19 streak=0 lock=0
2026.02.06 04:00:00;DECISION;setup LONG score=0.65 entry=4774.36 inv=4655.27 tgt=0.00 [CHoCH long lvl=4764.68|RelVol=1.48|VPnode d=13.16|VWAPside]
2026.02.06 04:00:00;VETO;risk veto: size 0.00 < broker min 0.01 (risk too small for stop)
2026.02.06 07:30:00;DECISION;setup LONG score=0.65 entry=4852.14 inv=4801.20 tgt=0.00 [BOS long lvl=4846.61|RelVol=1.26|VPnode d=3.74|VWAPside]
2026.02.06 07:30:00;ORDER;filled BUY 0.02 lots sl=4801.20 tp=4954.17 [WT|BOS|0.65]
2026.02.06 07:30:00;RISK;sizing: vol_ratio=0.83 scalar=1.00 gap_buf=0.00000 eff_stop=50.99000
2026.02.06 07:30:00;ORDER;entry fill deal #98 BUY 0.02 @ 4852.19000
2026.02.06 08:00:20;MANAGE;#98 SL 4801.20 -> 4852.23 breakeven
2026.02.06 08:26:40;RISK;deal closed pnl=0.08 streak=0 lock=0
2026.02.06 13:15:00;DECISION;setup LONG score=0.70 entry=4884.47 inv=4851.76 tgt=0.00 [BOS long lvl=4882.36|RelVol=1.11|VPnear|VWAPside|CycleTurn w=-0.02<--0.86]
2026.02.06 13:15:00;ORDER;filled BUY 0.03 lots sl=4851.76 tp=4950.01 [WT|BOS|0.70]
2026.02.06 13:15:00;RISK;sizing: vol_ratio=0.72 scalar=1.00 gap_buf=0.00000 eff_stop=32.75000
2026.02.06 13:15:00;ORDER;entry fill deal #100 BUY 0.03 @ 4884.51000
2026.02.06 15:01:40;MANAGE;#100 SL 4851.76 -> 4884.55 breakeven
2026.02.06 15:01:59;MANAGE;#100 SL 4884.55 -> 4889.34 trail
2026.02.06 15:04:40;MANAGE;#100 SL 4889.34 -> 4891.47 trail
2026.02.06 15:05:20;MANAGE;#100 SL 4891.47 -> 4892.60 trail
2026.02.06 15:15:00;DECISION;setup LONG score=0.65 entry=4909.63 inv=4871.88 tgt=0.00 [BOS long lvl=4903.49|RelVol=1.42|VPnode d=6.03|VWAPside]
2026.02.06 15:15:00;VETO;risk veto: max positions
2026.02.06 15:38:40;MANAGE;#100 SL 4892.60 -> 4899.07 trail
2026.02.06 15:39:20;MANAGE;#100 SL 4899.07 -> 4900.08 trail
2026.02.06 15:42:40;MANAGE;#100 SL 4900.08 -> 4900.61 trail
2026.02.06 16:25:40;RISK;deal closed pnl=48.30 streak=0 lock=0
2026.02.06 17:00:00;DECISION;setup LONG score=0.75 entry=4948.12 inv=4871.88 tgt=0.00 [BOS long lvl=4938.44|RelVol=1.04|VPnode d=1.88|VWAPside|ADX=32]
2026.02.06 17:00:00;ORDER;filled BUY 0.01 lots sl=4871.88 tp=5100.66 [WT|BOS|0.75]
2026.02.06 17:00:00;RISK;sizing: vol_ratio=0.82 scalar=1.00 gap_buf=0.00000 eff_stop=76.26000
2026.02.06 17:00:00;ORDER;entry fill deal #102 BUY 0.01 @ 4948.14000
2026.02.06 20:15:00;DECISION;setup LONG score=0.95 entry=4965.84 inv=4921.89 tgt=0.00 [BOS long lvl=4964.92|RelVol=0.98|VPnode d=7.84|VWAPside|CycleTurn w=-0.98<--0.99|ADX=31]
2026.02.06 20:15:00;VETO;authorization denied: outside session window (server hour 20, window 03-20)
2026.02.06 20:30:00;VETO;authorization denied: outside session window (server hour 20, window 03-20)
2026.02.06 20:45:00;VETO;authorization denied: outside session window (server hour 20, window 03-20)
2026.02.06 21:00:00;VETO;authorization denied: outside session window (server hour 21, window 03-20)
2026.02.09 01:15:00;DECISION;setup LONG score=0.85 entry=4979.93 inv=4936.61 tgt=0.00 [BOS long lvl=4971.48|RelVol=1.06|VPnode d=5.27|VWAPside|CycleTurn w=-0.90<--0.97]
2026.02.09 01:15:00;VETO;authorization denied: outside session window (server hour 01, window 03-20)
2026.02.09 01:28:40;MANAGE;#102 SL 4871.88 -> 4948.18 breakeven
2026.02.09 01:28:59;MANAGE;#102 SL 4948.18 -> 5001.31 trail
2026.02.09 01:29:40;MANAGE;#102 SL 5001.31 -> 5002.30 trail
2026.02.09 01:30:00;VETO;authorization denied: outside session window (server hour 01, window 03-20)
2026.02.09 01:32:40;MANAGE;#102 SL 5002.30 -> 5007.00 trail
2026.02.09 01:33:40;MANAGE;#102 SL 5007.00 -> 5014.82 trail
2026.02.09 01:45:00;VETO;authorization denied: outside session window (server hour 01, window 03-20)
2026.02.09 01:49:40;MANAGE;#102 SL 5014.82 -> 5015.37 trail
2026.02.09 01:57:20;MANAGE;#102 SL 5015.37 -> 5016.08 trail
2026.02.09 02:00:00;VETO;authorization denied: outside session window (server hour 02, window 03-20)
2026.02.09 02:48:40;RISK;deal closed pnl=67.81 streak=0 lock=0
2026.02.09 07:45:00;DECISION;setup LONG score=0.85 entry=5034.42 inv=5007.56 tgt=0.00 [BOS long lvl=5031.53|RelVol=1.07|VPnode d=8.78|VWAPside|CycleTurn w=-0.96<--1.00]
2026.02.09 07:45:00;ORDER;filled BUY 0.03 lots sl=5007.56 tp=5088.29 [WT|BOS|0.85]
2026.02.09 07:45:00;RISK;sizing: vol_ratio=0.76 scalar=1.00 gap_buf=0.00000 eff_stop=26.91000
2026.02.09 07:45:00;ORDER;entry fill deal #104 BUY 0.03 @ 5034.47000
2026.02.09 09:22:40;RISK;deal closed pnl=-80.73 streak=1 lock=0
2026.02.09 10:00:00;DECISION;setup SHORT score=0.65 entry=5006.38 inv=5045.72 tgt=0.00 [CHoCH short lvl=5007.56|RelVol=0.96|VPnode d=2.22|VWAPside]
2026.02.09 10:00:00;ORDER;filled SELL 0.02 lots sl=5045.72 tp=4927.79 [WT|CHOCH|0.65]
2026.02.09 10:00:00;RISK;sizing: vol_ratio=0.76 scalar=1.00 gap_buf=0.00000 eff_stop=39.31000
2026.02.09 10:00:00;ORDER;entry fill deal #106 SELL 0.02 @ 5006.41000
2026.02.09 12:30:00;DECISION;setup SHORT score=0.50 entry=4991.09 inv=5041.01 tgt=0.00 [BOS short lvl=4997.68|RelVol=1.21|VPnear|VWAPside]
2026.02.09 12:30:00;VETO;risk veto: max positions
2026.02.09 16:45:00;DECISION;setup LONG score=0.85 entry=5036.61 inv=4995.11 tgt=0.00 [CHoCH long lvl=5024.84|RelVol=1.04|VPnode d=0.21|VWAPside|CycleTurn w=0.33<--0.76]
2026.02.09 16:45:00;VETO;risk veto: max positions
2026.02.09 17:33:40;RISK;deal closed pnl=-78.62 streak=2 lock=0
2026.02.10 01:15:00;DECISION;setup SHORT score=0.65 entry=5013.54 inv=5086.61 tgt=0.00 [CHoCH short lvl=5040.86|RelVol=1.24|VPnode d=3.46|VWAPside]
2026.02.10 01:15:00;VETO;authorization denied: outside session window (server hour 01, window 03-20)
2026.02.10 01:30:00;VETO;authorization denied: outside session window (server hour 01, window 03-20)
2026.02.10 01:45:00;VETO;authorization denied: outside session window (server hour 01, window 03-20)
2026.02.10 02:00:00;VETO;authorization denied: outside session window (server hour 02, window 03-20)
2026.02.10 04:45:00;DECISION;setup LONG score=0.85 entry=5050.48 inv=5009.08 tgt=0.00 [CHoCH long lvl=5048.57|RelVol=0.70|VPnode d=12.28|VWAPside|CycleTurn w=0.58<--0.44]
2026.02.10 04:45:00;ORDER;filled BUY 0.02 lots sl=5009.08 tp=5133.40 [WT|CHOCH|0.85]
2026.02.10 04:45:00;RISK;sizing: vol_ratio=1.11 scalar=1.00 gap_buf=0.00000 eff_stop=41.44000
2026.02.10 04:45:00;ORDER;entry fill deal #108 BUY 0.02 @ 5050.52000
2026.02.10 10:45:00;DECISION;setup LONG score=0.50 entry=5048.74 inv=5018.62 tgt=0.00 [BOS long lvl=5045.59|RelVol=0.73|VPnear|VWAPside]
2026.02.10 10:45:00;VETO;risk veto: max positions
2026.02.10 14:45:00;DECISION;setup SHORT score=0.85 entry=5029.68 inv=5057.57 tgt=0.00 [CHoCH short lvl=5037.03|RelVol=0.85|VPnode d=1.22|VWAPside|CycleTurn w=-0.46<-0.63]
2026.02.10 14:45:00;VETO;risk veto: max positions
2026.02.10 16:30:00;DECISION;setup LONG score=0.60 entry=5070.39 inv=5019.68 tgt=0.00 [CHoCH long lvl=5057.57|RelVol=0.96|VWAPside|CycleTurn w=0.61<--0.43]
2026.02.10 16:30:00;VETO;risk veto: max positions
2026.02.10 17:38:40;RISK;deal closed pnl=-82.88 streak=1 lock=0
2026.02.10 17:45:00;DECISION;setup SHORT score=0.85 entry=5014.18 inv=5078.72 tgt=0.00 [CHoCH short lvl=5019.68|RelVol=1.23|VPnode d=8.02|VWAPside|CycleTurn w=-0.63<-0.37]
2026.02.10 17:45:00;ORDER;filled SELL 0.01 lots sl=5078.72 tp=4885.10 [WT|CHOCH|0.85]
2026.02.10 17:45:00;RISK;sizing: vol_ratio=1.28 scalar=1.00 gap_buf=0.00000 eff_stop=64.54000
2026.02.10 17:45:00;ORDER;entry fill deal #110 SELL 0.01 @ 5014.18000
2026.02.11 01:30:00;DECISION;setup LONG score=0.65 entry=5046.69 inv=5004.60 tgt=0.00 [CHoCH long lvl=5045.51|RelVol=0.82|VPnode d=0.91|VWAPside]
2026.02.11 01:30:00;VETO;authorization denied: outside session window (server hour 01, window 03-20)
2026.02.11 01:45:00;VETO;authorization denied: outside session window (server hour 01, window 03-20)
2026.02.11 02:00:00;VETO;authorization denied: outside session window (server hour 02, window 03-20)
2026.02.11 02:15:00;VETO;authorization denied: outside session window (server hour 02, window 03-20)
2026.02.11 04:00:00;DECISION;setup LONG score=0.65 entry=5052.58 inv=5028.35 tgt=0.00 [BOS long lvl=5049.46|RelVol=0.66|VPnode d=6.38|VWAPside]
2026.02.11 04:00:00;VETO;risk veto: max positions
2026.02.11 07:45:00;DECISION;setup LONG score=0.50 entry=5062.43 inv=5032.57 tgt=0.00 [BOS long lvl=5060.86|RelVol=0.61|VPnear|VWAPside]
2026.02.11 07:45:00;VETO;risk veto: max positions
2026.02.11 09:00:00;DECISION;setup LONG score=0.85 entry=5064.22 inv=5043.54 tgt=0.00 [BOS long lvl=5064.01|RelVol=0.78|VPnode d=5.02|VWAPside|CycleTurn w=-0.98<--1.00]
2026.02.11 09:00:00;VETO;risk veto: max positions
2026.02.11 12:30:00;DECISION;setup LONG score=0.70 entry=5071.38 inv=5045.91 tgt=0.00 [BOS long lvl=5069.39|RelVol=1.06|VPnear|VWAPside|CycleTurn w=0.79<-0.02]
2026.02.11 12:30:00;VETO;risk veto: max positions
2026.02.11 12:40:40;RISK;deal closed pnl=-64.59 streak=1 lock=0
2026.02.12 01:15:00;DECISION;setup SHORT score=0.65 entry=5063.64 inv=5094.37 tgt=0.00 [CHoCH short lvl=5076.42|RelVol=0.86|VPnode d=0.26|VWAPside]
2026.02.12 01:15:00;VETO;authorization denied: outside session window (server hour 01, window 03-20)
2026.02.12 01:30:00;VETO;authorization denied: outside session window (server hour 01, window 03-20)
2026.02.12 01:45:00;VETO;authorization denied: outside session window (server hour 01, window 03-20)
2026.02.12 02:00:00;VETO;authorization denied: outside session window (server hour 02, window 03-20)
2026.02.12 03:15:00;DECISION;setup SHORT score=0.75 entry=5049.72 inv=5100.09 tgt=0.00 [BOS short lvl=5049.98|RelVol=0.73|VPnode d=6.28|VWAPside|ADX=41]
2026.02.12 03:15:00;ORDER;filled SELL 0.02 lots sl=5100.09 tp=4949.01 [WT|BOS|0.75]
2026.02.12 03:15:00;RISK;sizing: vol_ratio=0.99 scalar=1.00 gap_buf=0.00000 eff_stop=50.36000
2026.02.12 03:15:00;ORDER;entry fill deal #112 SELL 0.02 @ 5049.73000
2026.02.12 11:15:00;DECISION;setup LONG score=0.65 entry=5074.04 inv=5047.22 tgt=0.00 [CHoCH long lvl=5073.52|RelVol=0.74|VPnode d=4.84|VWAPside]
2026.02.12 11:15:00;VETO;risk veto: max positions
2026.02.12 15:00:00;DECISION;setup SHORT score=0.65 entry=5052.73 inv=5080.81 tgt=0.00 [CHoCH short lvl=5056.17|RelVol=0.93|VPnode d=3.07|VWAPside]
2026.02.12 15:00:00;VETO;risk veto: max positions
2026.02.12 17:00:00;DECISION;setup SHORT score=0.70 entry=5044.59 inv=5083.82 tgt=0.00 [BOS short lvl=5048.70|RelVol=0.95|VPnear|VWAPside|CycleTurn w=0.25<-0.89]
2026.02.12 17:00:00;VETO;risk veto: max positions
2026.02.12 18:13:40;MANAGE;#112 SL 5100.09 -> 5049.69 breakeven
2026.02.12 18:13:59;MANAGE;#112 SL 5049.69 -> 5019.34 trail
2026.02.12 18:14:40;RISK;deal closed pnl=201.44 streak=0 lock=0
2026.02.12 18:15:00;DECISION;setup SHORT score=0.60 entry=4951.47 inv=5083.82 tgt=0.00 [BOS short lvl=5039.42|RelVol=1.36|VWAPside|CycleTurn w=-0.53<--0.45]
2026.02.12 18:15:00;VETO;risk veto: size 0.00 < broker min 0.01 (risk too small for stop)
2026.02.13 01:15:00;DECISION;setup SHORT score=0.55 entry=4910.60 inv=4958.19 tgt=0.00 [BOS short lvl=4911.29|RelVol=0.88|VPnode d=0.00]
2026.02.13 01:15:00;VETO;authorization denied: outside session window (server hour 01, window 03-20)
2026.02.13 01:30:00;VETO;authorization denied: outside session window (server hour 01, window 03-20)
2026.02.13 01:45:00;VETO;authorization denied: outside session window (server hour 01, window 03-20)
2026.02.13 02:00:00;VETO;authorization denied: outside session window (server hour 02, window 03-20)
2026.02.13 02:15:00;DECISION;setup LONG score=0.50 entry=4941.93 inv=4886.65 tgt=0.00 [CHoCH long lvl=4929.87|RelVol=1.21|VPnear|VWAPside]
2026.02.13 02:15:00;VETO;authorization denied: outside session window (server hour 02, window 03-20)
2026.02.13 02:30:00;VETO;authorization denied: outside session window (server hour 02, window 03-20)
2026.02.13 02:45:00;VETO;authorization denied: outside session window (server hour 02, window 03-20)
2026.02.13 03:00:00;ORDER;filled BUY 0.02 lots sl=4886.65 tp=5011.09 [WT|CHOCH|0.50]
2026.02.13 03:00:00;RISK;sizing: vol_ratio=1.07 scalar=1.00 gap_buf=0.00000 eff_stop=41.48000
2026.02.13 03:00:00;ORDER;entry fill deal #114 BUY 0.02 @ 4928.13000
2026.02.13 03:15:00;DECISION;setup LONG score=0.50 entry=4965.52 inv=4886.65 tgt=0.00 [BOS long lvl=4948.42|RelVol=0.86|VPnear|VWAPside]
2026.02.13 03:15:00;VETO;risk veto: max positions
2026.02.13 03:15:40;MANAGE;#114 SL 4886.65 -> 4928.17 breakeven
2026.02.13 03:15:59;MANAGE;#114 SL 4928.17 -> 4932.14 trail
2026.02.13 03:19:40;MANAGE;#114 SL 4932.14 -> 4934.42 trail
2026.02.13 03:20:40;MANAGE;#114 SL 4934.42 -> 4936.14 trail
2026.02.13 03:21:20;MANAGE;#114 SL 4936.14 -> 4936.27 trail
2026.02.13 03:22:40;MANAGE;#114 SL 4936.27 -> 4937.75 trail
2026.02.13 03:23:20;MANAGE;#114 SL 4937.75 -> 4940.82 trail
2026.02.13 03:42:40;MANAGE;#114 SL 4940.82 -> 4941.66 trail
2026.02.13 03:43:40;MANAGE;#114 SL 4941.66 -> 4943.51 trail
2026.02.13 03:48:40;MANAGE;#114 SL 4943.51 -> 4946.89 trail
2026.02.13 03:49:40;MANAGE;#114 SL 4946.89 -> 4948.46 trail
2026.02.13 03:50:40;MANAGE;#114 SL 4948.46 -> 4948.88 trail
2026.02.13 04:55:40;MANAGE;#114 SL 4948.88 -> 4954.18 trail
2026.02.13 04:56:20;MANAGE;#114 SL 4954.18 -> 4954.88 trail
2026.02.13 06:07:20;MANAGE;#114 SL 4954.88 -> 4955.07 trail
2026.02.13 06:12:40;MANAGE;#114 SL 4955.07 -> 4956.72 trail
2026.02.13 06:14:40;MANAGE;#114 SL 4956.72 -> 4957.26 trail
2026.02.13 06:15:40;MANAGE;#114 SL 4957.26 -> 4959.53 trail
2026.02.13 06:16:40;MANAGE;#114 SL 4959.53 -> 4967.03 trail
2026.02.13 06:17:20;MANAGE;#114 SL 4967.03 -> 4967.18 trail
2026.02.13 07:19:20;RISK;deal closed pnl=78.10 streak=0 lock=0
2026.02.13 07:45:00;DECISION;setup SHORT score=0.60 entry=4964.21 inv=4997.27 tgt=0.00 [CHoCH short lvl=4972.21|RelVol=0.79|VPnear|CycleTurn w=-0.79<-0.05]
2026.02.13 07:45:00;ORDER;filled SELL 0.03 lots sl=4997.27 tp=4898.09 [WT|CHOCH|0.60]
2026.02.13 07:45:00;RISK;sizing: vol_ratio=0.75 scalar=1.00 gap_buf=0.00000 eff_stop=33.06000
2026.02.13 07:45:00;ORDER;entry fill deal #116 SELL 0.03 @ 4964.21000
2026.02.13 13:00:00;DECISION;setup SHORT score=0.65 entry=4950.14 inv=4989.65 tgt=0.00 [BOS short lvl=4961.44|RelVol=0.86|VPnode d=5.46|VWAPside]
2026.02.13 13:00:00;VETO;risk veto: max positions
2026.02.13 15:30:40;RISK;deal closed pnl=-99.18 streak=1 lock=0
2026.02.13 15:45:00;DECISION;setup LONG score=0.65 entry=4984.08 inv=4933.76 tgt=0.00 [CHoCH long lvl=4980.79|RelVol=1.30|VPnode d=4.32|VWAPside]
2026.02.13 15:45:00;ORDER;filled BUY 0.02 lots sl=4933.76 tp=5084.84 [WT|CHOCH|0.65]
2026.02.13 15:45:00;RISK;sizing: vol_ratio=0.83 scalar=1.00 gap_buf=0.00000 eff_stop=50.36000
2026.02.13 15:45:00;ORDER;entry fill deal #118 BUY 0.02 @ 4984.12000
2026.02.13 20:54:40;MANAGE;#118 SL 4933.76 -> 4984.16 breakeven
2026.02.13 20:54:59;MANAGE;#118 SL 4984.16 -> 4999.02 trail
2026.02.13 20:55:40;MANAGE;#118 SL 4999.02 -> 5000.41 trail
2026.02.13 21:01:40;MANAGE;#118 SL 5000.41 -> 5002.52 trail
2026.02.13 21:05:40;MANAGE;#118 SL 5002.52 -> 5004.96 trail
2026.02.13 21:06:40;MANAGE;#118 SL 5004.96 -> 5007.01 trail
2026.02.13 21:07:40;MANAGE;#118 SL 5007.01 -> 5011.35 trail
2026.02.13 21:09:40;MANAGE;#118 SL 5011.35 -> 5012.47 trail
2026.02.13 21:10:20;MANAGE;#118 SL 5012.47 -> 5012.73 trail
2026.02.13 21:15:00;DECISION;setup LONG score=0.50 entry=5039.62 inv=5005.99 tgt=0.00 [BOS long lvl=5034.03|RelVol=0.81|VWAPside|ADX=39]
2026.02.13 21:15:00;VETO;authorization denied: outside session window (server hour 21, window 03-20)
2026.02.13 21:30:00;VETO;authorization denied: outside session window (server hour 21, window 03-20)
2026.02.13 21:30:40;MANAGE;#118 SL 5012.73 -> 5013.52 trail
2026.02.13 21:45:00;VETO;authorization denied: outside session window (server hour 21, window 03-20)
2026.02.13 22:00:00;VETO;authorization denied: outside session window (server hour 22, window 03-20)
2026.02.13 23:05:40;ERROR;modify #118 sl=5013.91 tp=5084.84 rejected rc=10018
2026.02.13 23:33:40;ERROR;modify #118 sl=5014.60 tp=5084.84 rejected rc=10018
2026.02.13 23:34:20;ERROR;modify #118 sl=5014.73 tp=5084.84 rejected rc=10018
2026.02.13 23:34:59;ERROR;modify #118 sl=5013.84 tp=5084.84 rejected rc=10018
2026.02.13 23:35:59;ERROR;modify #118 sl=5013.76 tp=5084.84 rejected rc=10018
2026.02.13 23:37:40;ERROR;modify #118 sl=5014.13 tp=5084.84 rejected rc=10018
2026.02.13 23:38:40;ERROR;modify #118 sl=5014.77 tp=5084.84 rejected rc=10018
2026.02.13 23:39:20;ERROR;modify #118 sl=5014.49 tp=5084.84 rejected rc=10018
2026.02.13 23:39:59;ERROR;modify #118 sl=5013.76 tp=5084.84 rejected rc=10018
2026.02.13 23:40:40;ERROR;modify #118 sl=5015.58 tp=5084.84 rejected rc=10018
2026.02.13 23:41:20;ERROR;modify #118 sl=5015.32 tp=5084.84 rejected rc=10018
2026.02.13 23:41:59;ERROR;modify #118 sl=5018.49 tp=5084.84 rejected rc=10018
2026.02.13 23:42:40;ERROR;modify #118 sl=5017.29 tp=5084.84 rejected rc=10018
2026.02.13 23:43:20;ERROR;modify #118 sl=5018.08 tp=5084.84 rejected rc=10018
2026.02.13 23:43:59;ERROR;modify #118 sl=5017.59 tp=5084.84 rejected rc=10018
2026.02.13 23:44:40;ERROR;modify #118 sl=5018.68 tp=5084.84 rejected rc=10018
2026.02.13 23:45:20;ERROR;modify #118 sl=5019.23 tp=5084.84 rejected rc=10018
2026.02.13 23:45:59;ERROR;modify #118 sl=5018.84 tp=5084.84 rejected rc=10018
2026.02.13 23:46:40;ERROR;modify #118 sl=5026.45 tp=5084.84 rejected rc=10018
2026.02.13 23:47:20;ERROR;modify #118 sl=5025.87 tp=5084.84 rejected rc=10018
2026.02.13 23:47:59;ERROR;modify #118 sl=5021.21 tp=5084.84 rejected rc=10018
2026.02.13 23:48:40;ERROR;modify #118 sl=5022.77 tp=5084.84 rejected rc=10018
2026.02.13 23:49:20;ERROR;modify #118 sl=5021.31 tp=5084.84 rejected rc=10018
2026.02.13 23:49:59;ERROR;modify #118 sl=5023.09 tp=5084.84 rejected rc=10018
2026.02.13 23:50:40;ERROR;modify #118 sl=5021.36 tp=5084.84 rejected rc=10018
2026.02.13 23:51:20;ERROR;modify #118 sl=5022.27 tp=5084.84 rejected rc=10018
2026.02.13 23:51:59;ERROR;modify #118 sl=5019.04 tp=5084.84 rejected rc=10018
2026.02.13 23:52:40;ERROR;modify #118 sl=5018.12 tp=5084.84 rejected rc=10018
2026.02.13 23:53:20;ERROR;modify #118 sl=5018.67 tp=5084.84 rejected rc=10018
2026.02.13 23:53:59;ERROR;modify #118 sl=5020.04 tp=5084.84 rejected rc=10018
2026.02.13 23:54:40;ERROR;modify #118 sl=5023.58 tp=5084.84 rejected rc=10018
2026.02.13 23:55:20;ERROR;modify #118 sl=5023.22 tp=5084.84 rejected rc=10018
2026.02.13 23:55:59;ERROR;modify #118 sl=5022.08 tp=5084.84 rejected rc=10018
2026.02.13 23:56:40;ERROR;modify #118 sl=5023.96 tp=5084.84 rejected rc=10018
2026.02.13 23:57:20;ERROR;modify #118 sl=5023.94 tp=5084.84 rejected rc=10018
2026.02.13 23:57:59;ERROR;modify #118 sl=5022.85 tp=5084.84 rejected rc=10018
2026.02.13 23:58:40;ERROR;modify #118 sl=5021.89 tp=5084.84 rejected rc=10018
2026.02.13 23:59:20;ERROR;modify #118 sl=5022.58 tp=5084.84 rejected rc=10018
2026.02.13 23:59:59;ERROR;modify #118 sl=5022.90 tp=5084.84 rejected rc=10018
2026.02.16 01:00:00;MANAGE;#118 SL 5013.52 -> 5014.99 trail
2026.02.16 01:00:40;MANAGE;#118 SL 5014.99 -> 5024.57 trail
2026.02.16 01:01:40;RISK;deal closed pnl=80.65 streak=0 lock=0
2026.02.16 01:45:00;DECISION;setup SHORT score=0.65 entry=5018.87 inv=5046.02 tgt=0.00 [CHoCH short lvl=5021.51|RelVol=0.70|VPnode d=0.73|VWAPside]
2026.02.16 01:45:00;VETO;authorization denied: outside session window (server hour 01, window 03-20)
2026.02.16 02:00:00;VETO;authorization denied: outside session window (server hour 02, window 03-20)
2026.02.16 02:15:00;VETO;authorization denied: outside session window (server hour 02, window 03-20)
2026.02.16 02:30:00;VETO;authorization denied: outside session window (server hour 02, window 03-20)
2026.02.16 04:45:00;DECISION;setup SHORT score=0.70 entry=5002.40 inv=5046.02 tgt=0.00 [BOS short lvl=5007.05|RelVol=0.56|VPnear|VWAPside|CycleTurn w=-0.63<--0.55]
2026.02.16 04:45:00;ORDER;filled SELL 0.02 lots sl=5046.02 tp=4915.13 [WT|BOS|0.70]
2026.02.16 04:45:00;RISK;sizing: vol_ratio=0.79 scalar=1.00 gap_buf=0.00000 eff_stop=43.63000
2026.02.16 04:45:00;ORDER;entry fill deal #120 SELL 0.02 @ 5002.39000
2026.02.16 10:00:00;VETO;signal rejected: score 0.40 < 0.45 [CHoCH long lvl=5003.14|RelVol=0.79|VWAPside]
2026.02.16 11:30:00;DECISION;setup LONG score=0.50 entry=5013.49 inv=4995.83 tgt=0.00 [BOS long lvl=5013.36|RelVol=0.50|VWAPside|ADX=37]
2026.02.16 11:30:00;VETO;risk veto: max positions
2026.02.16 14:15:00;DECISION;setup SHORT score=0.50 entry=4997.69 inv=5017.28 tgt=0.00 [CHoCH short lvl=4998.96|RelVol=0.46|VPnear|VWAPside]
2026.02.16 14:15:00;VETO;risk veto: max positions
2026.02.16 16:30:00;DECISION;setup SHORT score=0.75 entry=4992.42 inv=5008.14 tgt=0.00 [BOS short lvl=4992.95|RelVol=0.48|VPnode d=3.88|VWAPside|ADX=33]
2026.02.16 16:30:00;VETO;risk veto: max positions
2026.02.17 02:15:00;DECISION;setup SHORT score=0.70 entry=4979.32 inv=5001.03 tgt=0.00 [BOS short lvl=4988.64|RelVol=0.67|VPnear|VWAPside|CycleTurn w=0.30<-0.94]
2026.02.17 02:15:00;VETO;authorization denied: outside session window (server hour 02, window 03-20)
2026.02.17 02:30:00;VETO;authorization denied: outside session window (server hour 02, window 03-20)
2026.02.17 02:45:00;VETO;authorization denied: outside session window (server hour 02, window 03-20)
2026.02.17 02:52:40;MANAGE;#120 SL 5046.02 -> 5002.35 breakeven
2026.02.17 02:52:59;MANAGE;#120 SL 5002.35 -> 4967.24 trail
2026.02.17 02:53:20;MANAGE;#120 SL 4967.24 -> 4965.43 trail
2026.02.17 02:55:40;MANAGE;#120 SL 4965.43 -> 4965.03 trail
2026.02.17 02:56:20;MANAGE;#120 SL 4965.03 -> 4964.91 trail
2026.02.17 02:57:40;MANAGE;#120 SL 4964.91 -> 4958.43 trail
2026.02.17 02:58:40;MANAGE;#120 SL 4958.43 -> 4948.81 trail
2026.02.17 02:59:20;MANAGE;#120 SL 4948.81 -> 4948.01 trail
2026.02.17 03:00:00;VETO;risk veto: max positions
2026.02.17 03:03:40;MANAGE;#120 SL 4948.01 -> 4944.05 trail
2026.02.17 03:06:40;RISK;deal closed pnl=116.59 streak=0 lock=0
2026.02.17 07:15:00;DECISION;setup SHORT score=0.70 entry=4928.17 inv=4971.26 tgt=0.00 [BOS short lvl=4946.77|RelVol=0.90|VPnear|VWAPside|CycleTurn w=-0.32<-0.13]
2026.02.17 07:15:00;ORDER;filled SELL 0.02 lots sl=4971.26 tp=4841.99 [WT|BOS|0.70]
2026.02.17 07:15:00;RISK;sizing: vol_ratio=1.08 scalar=1.00 gap_buf=0.00000 eff_stop=43.09000
2026.02.17 07:15:00;ORDER;entry fill deal #122 SELL 0.02 @ 4928.17000
2026.02.17 07:31:40;MANAGE;#122 SL 4971.26 -> 4928.13 breakeven
2026.02.17 07:31:59;MANAGE;#122 SL 4928.13 -> 4907.37 trail
2026.02.17 07:32:40;MANAGE;#122 SL 4907.37 -> 4883.53 trail
2026.02.17 07:34:40;RISK;deal closed pnl=89.28 streak=0 lock=0
2026.02.17 12:15:00;DECISION;setup LONG score=0.50 entry=4936.32 inv=4859.08 tgt=0.00 [CHoCH long lvl=4930.43|RelVol=0.77|VPnear|VWAPside]
2026.02.17 12:15:00;ORDER;filled BUY 0.01 lots sl=4859.08 tp=5091.01 [WT|CHOCH|0.50]
2026.02.17 12:15:00;RISK;sizing: vol_ratio=1.11 scalar=1.00 gap_buf=0.00000 eff_stop=77.31000
2026.02.17 12:15:00;ORDER;entry fill deal #124 BUY 0.01 @ 4936.39000
2026.02.17 13:00:00;DECISION;setup SHORT score=0.85 entry=4913.26 inv=4939.46 tgt=0.00 [CHoCH short lvl=4913.41|RelVol=1.11|VPnode d=7.84|VWAPside|CycleTurn w=0.99<-1.00]
2026.02.17 13:00:00;VETO;risk veto: max positions
2026.02.17 14:30:00;DECISION;setup LONG score=0.50 entry=4942.95 inv=4907.70 tgt=0.00 [CHoCH long lvl=4939.46|RelVol=0.83|VPnear|VWAPside]
2026.02.17 14:30:00;VETO;risk veto: max positions
2026.02.17 16:00:00;DECISION;setup SHORT score=0.85 entry=4870.81 inv=4944.52 tgt=0.00 [CHoCH short lvl=4907.70|RelVol=1.25|VPnode d=4.19|VWAPside|CycleTurn w=-0.36<-0.71]
2026.02.17 16:00:00;VETO;risk veto: max positions
2026.02.17 16:01:40;RISK;deal closed pnl=-77.31 streak=1 lock=0
2026.02.17 21:00:00;VETO;signal rejected: score 0.40 < 0.45 [CHoCH long lvl=4893.65|RelVol=1.17|VPnear]
2026.02.18 02:00:00;DECISION;setup SHORT score=0.85 entry=4859.19 inv=4886.79 tgt=0.00 [CHoCH short lvl=4873.29|RelVol=0.92|VPnode d=6.81|VWAPside|CycleTurn w=0.84<-1.00]
2026.02.18 02:00:00;VETO;authorization denied: outside session window (server hour 02, window 03-20)
2026.02.18 02:15:00;VETO;authorization denied: outside session window (server hour 02, window 03-20)
2026.02.18 02:30:00;VETO;authorization denied: outside session window (server hour 02, window 03-20)
2026.02.18 02:45:00;VETO;authorization denied: outside session window (server hour 02, window 03-20)
2026.02.18 03:15:00;DECISION;setup LONG score=0.85 entry=4886.76 inv=4853.99 tgt=0.00 [CHoCH long lvl=4884.56|RelVol=0.56|VPnode d=5.76|VWAPside|CycleTurn w=-0.14<--0.85]
2026.02.18 03:15:00;ORDER;filled BUY 0.03 lots sl=4853.99 tp=4952.42 [WT|CHOCH|0.85]
2026.02.18 03:15:00;RISK;sizing: vol_ratio=0.88 scalar=1.00 gap_buf=0.00000 eff_stop=32.81000
2026.02.18 03:15:00;ORDER;entry fill deal #126 BUY 0.03 @ 4886.80000
2026.02.18 05:26:40;MANAGE;#126 SL 4853.99 -> 4886.84 breakeven
2026.02.18 05:26:59;MANAGE;#126 SL 4886.84 -> 4896.00 trail
2026.02.18 05:27:40;MANAGE;#126 SL 4896.00 -> 4896.28 trail
2026.02.18 05:29:20;MANAGE;#126 SL 4896.28 -> 4896.42 trail
2026.02.18 05:30:00;MANAGE;#126 SL 4896.42 -> 4898.01 trail
2026.02.18 05:30:40;MANAGE;#126 SL 4898.01 -> 4899.55 trail
2026.02.18 05:49:40;MANAGE;#126 SL 4899.55 -> 4899.79 trail
2026.02.18 05:50:40;MANAGE;#126 SL 4899.79 -> 4900.24 trail
2026.02.18 05:54:40;MANAGE;#126 SL 4900.24 -> 4900.43 trail
2026.02.18 05:55:40;MANAGE;#126 SL 4900.43 -> 4901.98 trail
2026.02.18 06:00:20;MANAGE;#126 SL 4901.98 -> 4902.26 trail
2026.02.18 06:04:40;MANAGE;#126 SL 4902.26 -> 4902.53 trail
2026.02.18 06:05:40;MANAGE;#126 SL 4902.53 -> 4903.42 trail
2026.02.18 06:06:40;MANAGE;#126 SL 4903.42 -> 4904.23 trail
2026.02.18 06:07:40;MANAGE;#126 SL 4904.23 -> 4906.17 trail
2026.02.18 06:08:40;MANAGE;#126 SL 4906.17 -> 4909.42 trail
2026.02.18 06:10:40;MANAGE;#126 SL 4909.42 -> 4911.24 trail
2026.02.18 06:13:40;MANAGE;#126 SL 4911.24 -> 4911.85 trail
2026.02.18 06:14:20;MANAGE;#126 SL 4911.85 -> 4912.20 trail
2026.02.18 06:28:40;MANAGE;#126 SL 4912.20 -> 4913.90 trail
2026.02.18 06:29:40;MANAGE;#126 SL 4913.90 -> 4914.72 trail
2026.02.18 06:30:40;MANAGE;#126 SL 4914.72 -> 4915.82 trail
2026.02.18 06:31:40;MANAGE;#126 SL 4915.82 -> 4916.52 trail
2026.02.18 06:33:40;MANAGE;#126 SL 4916.52 -> 4918.46 trail
2026.02.18 06:49:40;MANAGE;#126 SL 4918.46 -> 4920.95 trail
2026.02.18 06:50:40;MANAGE;#126 SL 4920.95 -> 4921.75 trail
2026.02.18 06:53:40;MANAGE;#126 SL 4921.75 -> 4923.44 trail
2026.02.18 07:39:40;MANAGE;#126 SL 4923.44 -> 4923.70 trail
2026.02.18 07:53:40;MANAGE;#126 SL 4923.70 -> 4923.82 trail
2026.02.18 09:06:40;MANAGE;#126 SL 4923.82 -> 4924.96 trail
2026.02.18 09:08:20;MANAGE;#126 SL 4924.96 -> 4925.13 trail
2026.02.18 09:14:20;MANAGE;#126 SL 4925.13 -> 4928.25 trail
2026.02.18 10:05:40;RISK;deal closed pnl=124.35 streak=0 lock=0
2026.02.18 10:45:00;VETO;signal rejected: score 0.30 < 0.45 [CHoCH short lvl=4925.09|RelVol=0.51]
2026.02.18 12:45:00;DECISION;setup SHORT score=0.50 entry=4912.11 inv=4942.32 tgt=0.00 [BOS short lvl=4912.94|RelVol=0.94|VPnear|ADX=40]
2026.02.18 12:45:00;ORDER;filled SELL 0.03 lots sl=4942.32 tp=4851.63 [WT|BOS|0.50]
2026.02.18 12:45:00;RISK;sizing: vol_ratio=0.61 scalar=1.00 gap_buf=0.00000 eff_stop=30.23000
2026.02.18 12:45:00;ORDER;entry fill deal #128 SELL 0.03 @ 4912.09000
2026.02.18 14:45:00;DECISION;setup LONG score=0.70 entry=4929.18 inv=4906.40 tgt=0.00 [CHoCH long lvl=4924.56|RelVol=0.84|VPnear|VWAPside|CycleTurn w=-0.73<--0.94]
2026.02.18 14:45:00;VETO;risk veto: max positions
2026.02.18 14:58:40;RISK;deal closed pnl=-90.69 streak=1 lock=0
2026.02.18 16:45:00;DECISION;setup LONG score=0.50 entry=4981.84 inv=4906.40 tgt=0.00 [BOS long lvl=4969.00|RelVol=0.95|VWAPside|ADX=38]
2026.02.18 16:45:00;ORDER;filled BUY 0.01 lots sl=4906.40 tp=5132.87 [WT|BOS|0.50]
2026.02.18 16:45:00;RISK;sizing: vol_ratio=0.97 scalar=1.00 gap_buf=0.00000 eff_stop=75.49000
2026.02.18 16:45:00;ORDER;entry fill deal #130 BUY 0.01 @ 4981.89000
2026.02.18 20:30:00;VETO;signal rejected: score 0.40 < 0.45 [CHoCH short lvl=4991.45|RelVol=0.65|VPnear]
2026.02.19 06:00:00;DECISION;setup LONG score=0.65 entry=4981.66 inv=4960.53 tgt=0.00 [CHoCH long lvl=4977.44|RelVol=0.62|VPnode d=4.26|VWAPside]
2026.02.19 06:00:00;VETO;risk veto: max positions
2026.02.19 11:30:00;DECISION;setup SHORT score=0.75 entry=5000.62 inv=5021.84 tgt=0.00 [CHoCH short lvl=5006.30|RelVol=0.78|VPnode d=1.02|CycleTurn w=0.28<-0.97]
2026.02.19 11:30:00;VETO;risk veto: max positions
2026.02.19 15:45:00;DECISION;setup LONG score=0.85 entry=4993.70 inv=4978.02 tgt=0.00 [CHoCH long lvl=4992.92|RelVol=0.94|VPnode d=1.90|VWAPside|CycleTurn w=-0.99<--1.00]
2026.02.19 15:45:00;VETO;risk veto: max positions
2026.02.19 16:15:00;DECISION;setup SHORT score=0.65 entry=4972.87 inv=4992.92 tgt=0.00 [CHoCH short lvl=4978.02|RelVol=0.94|VPnode d=7.27|VWAPside]
2026.02.19 16:15:00;VETO;risk veto: max positions
2026.02.19 17:00:00;DECISION;setup LONG score=0.85 entry=5005.72 inv=4971.82 tgt=0.00 [CHoCH long lvl=4998.51|RelVol=0.96|VPnode d=7.92|VWAPside|CycleTurn w=-0.66<--0.76]
2026.02.19 17:00:00;VETO;risk veto: max positions
2026.02.20 02:00:00;DECISION;setup SHORT score=0.70 entry=4987.72 inv=5007.95 tgt=0.00 [CHoCH short lvl=4991.81|RelVol=0.55|VPnear|VWAPside|CycleTurn w=0.84<-0.97]
2026.02.20 02:00:00;VETO;authorization denied: outside session window (server hour 02, window 03-20)
2026.02.20 02:15:00;VETO;authorization denied: outside session window (server hour 02, window 03-20)
2026.02.20 02:30:00;VETO;authorization denied: outside session window (server hour 02, window 03-20)
2026.02.20 02:45:00;VETO;authorization denied: outside session window (server hour 02, window 03-20)
2026.02.20 03:15:00;DECISION;setup LONG score=0.70 entry=5013.49 inv=4985.55 tgt=0.00 [CHoCH long lvl=5007.95|RelVol=0.54|VPnear|VWAPside|CycleTurn w=0.05<--0.90]
2026.02.20 03:15:00;VETO;risk veto: max positions
2026.02.20 05:30:00;DECISION;setup SHORT score=0.65 entry=4992.20 inv=5014.96 tgt=0.00 [CHoCH short lvl=4992.84|RelVol=0.29|VPnode d=0.40|VWAPside]
2026.02.20 05:30:00;VETO;risk veto: max positions
2026.02.20 08:15:00;VETO;signal rejected: score 0.40 < 0.45 [CHoCH long lvl=5014.96|RelVol=0.64|VWAPside]
2026.02.20 11:15:00;DECISION;setup LONG score=0.70 entry=5039.32 inv=5004.99 tgt=0.00 [BOS long lvl=5030.09|RelVol=0.85|VWAPside|CycleTurn w=0.36<--0.70|ADX=38]
2026.02.20 11:15:00;VETO;risk veto: max positions
2026.02.20 14:00:00;DECISION;setup SHORT score=0.55 entry=5017.37 inv=5038.47 tgt=0.00 [CHoCH short lvl=5019.64|RelVol=1.07|VPnode d=6.83]
2026.02.20 14:00:00;VETO;risk veto: max positions
2026.02.20 16:00:00;DECISION;setup LONG score=0.85 entry=5043.64 inv=5006.95 tgt=0.00 [CHoCH long lvl=5038.47|RelVol=0.94|VPnode d=4.84|VWAPside|CycleTurn w=-0.57<--0.91]
2026.02.20 16:00:00;VETO;risk veto: max positions
2026.02.20 16:45:40;MANAGE;#130 SL 4906.40 -> 4981.93 breakeven
2026.02.20 16:45:59;MANAGE;#130 SL 4981.93 -> 5036.63 trail
2026.02.20 16:46:40;MANAGE;#130 SL 5036.63 -> 5038.18 trail
2026.02.20 16:54:40;MANAGE;#130 SL 5038.18 -> 5038.50 trail
2026.02.20 17:01:40;MANAGE;#130 SL 5038.50 -> 5041.56 trail
2026.02.20 17:02:40;RISK;deal closed pnl=59.16 streak=0 lock=0
2026.02.20 19:00:00;DECISION;setup LONG score=0.75 entry=5066.71 inv=4989.40 tgt=0.00 [BOS long lvl=5064.24|RelVol=0.77|VPnode d=11.91|VWAPside|ADX=32]
2026.02.20 19:00:00;ORDER;filled BUY 0.01 lots sl=4989.40 tp=5221.45 [WT|BOS|0.75]
2026.02.20 19:00:00;RISK;sizing: vol_ratio=1.85 scalar=1.00 gap_buf=0.00000 eff_stop=77.35000
2026.02.20 19:00:00;ORDER;entry fill deal #132 BUY 0.01 @ 5066.75000
2026.02.20 22:00:00;DECISION;setup LONG score=0.70 entry=5079.52 inv=5054.04 tgt=0.00 [BOS long lvl=5076.42|RelVol=0.64|VPnear|VWAPside|CycleTurn w=-0.90<--1.00]
2026.02.20 22:00:00;VETO;authorization denied: outside session window (server hour 22, window 03-20)
2026.02.20 22:15:00;VETO;authorization denied: outside session window (server hour 22, window 03-20)
2026.02.20 22:30:00;VETO;authorization denied: outside session window (server hour 22, window 03-20)
2026.02.20 22:45:00;VETO;authorization denied: outside session window (server hour 22, window 03-20)
2026.02.23 01:14:40;MANAGE;#132 SL 4989.40 -> 5066.79 breakeven
2026.02.23 01:14:59;MANAGE;#132 SL 5066.79 -> 5130.92 trail
2026.02.23 01:16:20;MANAGE;#132 SL 5130.92 -> 5131.14 trail
2026.02.23 01:28:20;MANAGE;#132 SL 5131.14 -> 5132.75 trail
2026.02.23 01:40:40;MANAGE;#132 SL 5132.75 -> 5136.24 trail
2026.02.23 01:41:20;MANAGE;#132 SL 5136.24 -> 5136.50 trail
2026.02.23 01:43:40;MANAGE;#132 SL 5136.50 -> 5137.29 trail
2026.02.23 01:44:40;MANAGE;#132 SL 5137.29 -> 5139.54 trail
2026.02.23 01:50:40;MANAGE;#132 SL 5139.54 -> 5140.51 trail
2026.02.23 01:51:40;MANAGE;#132 SL 5140.51 -> 5144.47 trail
2026.02.23 01:53:20;MANAGE;#132 SL 5144.47 -> 5146.68 trail
2026.02.23 01:57:40;MANAGE;#132 SL 5146.68 -> 5148.36 trail
2026.02.23 01:58:20;MANAGE;#132 SL 5148.36 -> 5150.82 trail
2026.02.23 02:00:40;RISK;deal closed pnl=83.94 streak=0 lock=0
2026.02.23 04:45:00;DECISION;setup LONG score=0.75 entry=5174.50 inv=5129.58 tgt=0.00 [BOS long lvl=5171.88|RelVol=0.71|VPnode d=7.10|VWAPside|ADX=65]
2026.02.23 04:45:00;ORDER;filled BUY 0.02 lots sl=5129.58 tp=5264.46 [WT|BOS|0.75]
2026.02.23 04:45:00;RISK;sizing: vol_ratio=1.34 scalar=1.00 gap_buf=0.00000 eff_stop=44.96000
2026.02.23 04:45:00;ORDER;entry fill deal #134 BUY 0.02 @ 5174.54000
2026.02.23 08:45:00;DECISION;setup SHORT score=0.65 entry=5148.39 inv=5176.81 tgt=0.00 [CHoCH short lvl=5152.23|RelVol=0.74|VPnode d=3.19|VWAPside]
2026.02.23 08:45:00;VETO;risk veto: max positions
2026.02.23 09:26:40;RISK;deal closed pnl=-89.92 streak=1 lock=0
2026.02.23 13:00:00;DECISION;setup LONG score=0.65 entry=5162.93 inv=5122.33 tgt=0.00 [CHoCH long lvl=5161.71|RelVol=0.91|VPnode d=1.87|VWAPside]
2026.02.23 13:00:00;ORDER;filled BUY 0.02 lots sl=5122.33 tp=5244.25 [WT|CHOCH|0.65]
2026.02.23 13:00:00;RISK;sizing: vol_ratio=0.77 scalar=1.00 gap_buf=0.00000 eff_stop=40.64000
2026.02.23 13:00:00;ORDER;entry fill deal #136 BUY 0.02 @ 5162.97000
2026.02.23 14:45:00;DECISION;setup LONG score=0.65 entry=5164.49 inv=5122.33 tgt=0.00 [BOS long lvl=5163.65|RelVol=0.87|VPnode d=0.31|VWAPside]
2026.02.23 14:45:00;VETO;risk veto: max positions
2026.02.23 16:45:00;DECISION;setup LONG score=0.60 entry=5190.87 inv=5145.54 tgt=0.00 [BOS long lvl=5165.52|RelVol=0.88|VWAPside|CycleTurn w=0.00<--0.95]
2026.02.23 16:45:00;VETO;risk veto: max positions
2026.02.23 17:20:40;MANAGE;#136 SL 5122.33 -> 5163.01 breakeven
2026.02.23 17:20:59;MANAGE;#136 SL 5163.01 -> 5179.91 trail
2026.02.23 17:21:20;MANAGE;#136 SL 5179.91 -> 5180.14 trail
2026.02.23 18:04:40;RISK;deal closed pnl=34.34 streak=0 lock=0
2026.02.23 21:45:00;DECISION;setup LONG score=0.60 entry=5217.04 inv=5191.00 tgt=0.00 [BOS long lvl=5215.89|RelVol=0.73|VWAPside|CycleTurn w=-1.00<--1.00]
2026.02.23 21:45:00;VETO;authorization denied: outside session window (server hour 21, window 03-20)
2026.02.23 22:00:00;VETO;authorization denied: outside session window (server hour 22, window 03-20)
2026.02.23 22:15:00;VETO;authorization denied: outside session window (server hour 22, window 03-20)
2026.02.23 22:30:00;VETO;authorization denied: outside session window (server hour 22, window 03-20)
2026.02.24 01:15:00;DECISION;setup LONG score=0.75 entry=5244.52 inv=5191.00 tgt=0.00 [BOS long lvl=5237.96|RelVol=0.82|VPnode d=1.82|VWAPside|ADX=45]
2026.02.24 01:15:00;VETO;authorization denied: outside session window (server hour 01, window 03-20)
2026.02.24 01:30:00;VETO;authorization denied: outside session window (server hour 01, window 03-20)
2026.02.24 01:45:00;VETO;authorization denied: outside session window (server hour 01, window 03-20)
2026.02.24 02:00:00;VETO;authorization denied: outside session window (server hour 02, window 03-20)
2026.02.24 03:15:00;VETO;signal rejected: score 0.40 < 0.45 [CHoCH short lvl=5218.17|RelVol=1.57|VWAPside]
2026.02.24 14:30:00;DECISION;setup SHORT score=0.85 entry=5161.62 inv=5181.47 tgt=0.00 [BOS short lvl=5163.25|RelVol=1.21|VPnode d=2.98|VWAPside|CycleTurn w=0.85<-0.99]
2026.02.24 14:30:00;ORDER;filled SELL 0.05 lots sl=5181.47 tp=5121.92 [WT|BOS|0.85]
2026.02.24 14:30:00;RISK;sizing: vol_ratio=0.73 scalar=1.00 gap_buf=0.00000 eff_stop=19.85000
2026.02.24 14:30:00;ORDER;entry fill deal #138 SELL 0.05 @ 5161.62000
2026.02.24 15:39:40;MANAGE;#138 SL 5181.47 -> 5161.58 breakeven
2026.02.24 15:39:59;MANAGE;#138 SL 5161.58 -> 5156.89 trail
2026.02.24 15:40:20;MANAGE;#138 SL 5156.89 -> 5155.17 trail
2026.02.24 15:48:40;MANAGE;#138 SL 5155.17 -> 5149.55 trail
2026.02.24 15:49:40;MANAGE;#138 SL 5149.55 -> 5146.61 trail
2026.02.24 15:50:40;MANAGE;#138 SL 5146.61 -> 5143.95 trail
2026.02.24 15:59:40;RISK;deal closed pnl=198.50 streak=0 lock=0
2026.02.24 19:15:00;VETO;signal rejected: score 0.40 < 0.45 [CHoCH long lvl=5155.37|RelVol=0.68|VPnear]
2026.02.24 22:45:00;DECISION;setup LONG score=0.85 entry=5172.12 inv=5146.44 tgt=0.00 [BOS long lvl=5170.21|RelVol=0.67|VPnode d=1.42|VWAPside|CycleTurn w=0.40<--0.55]
2026.02.24 22:45:00;VETO;authorization denied: outside session window (server hour 22, window 03-20)
2026.02.24 23:00:00;VETO;authorization denied: outside session window (server hour 23, window 03-20)
2026.02.24 23:15:00;VETO;authorization denied: outside session window (server hour 23, window 03-20)
2026.02.24 23:30:00;VETO;authorization denied: outside session window (server hour 23, window 03-20)
2026.02.25 01:00:00;DECISION;setup SHORT score=0.50 entry=5142.82 inv=5173.30 tgt=0.00 [CHoCH short lvl=5146.44|RelVol=0.68|CycleTurn w=0.33<-0.89]
2026.02.25 01:00:00;VETO;authorization denied: outside session window (server hour 01, window 03-20)
2026.02.25 01:15:00;VETO;authorization denied: outside session window (server hour 01, window 03-20)
2026.02.25 01:30:00;VETO;authorization denied: outside session window (server hour 01, window 03-20)
2026.02.25 01:45:00;VETO;authorization denied: outside session window (server hour 01, window 03-20)
2026.02.25 03:15:00;DECISION;setup LONG score=0.70 entry=5174.56 inv=5120.04 tgt=0.00 [CHoCH long lvl=5173.30|RelVol=1.14|VPnear|VWAPside|CycleTurn w=-0.02<--0.87]
2026.02.25 03:15:00;ORDER;filled BUY 0.02 lots sl=5120.04 tp=5283.60 [WT|CHOCH|0.70]
2026.02.25 03:15:00;RISK;sizing: vol_ratio=1.13 scalar=1.00 gap_buf=0.00000 eff_stop=54.52000
2026.02.25 03:15:00;ORDER;entry fill deal #140 BUY 0.02 @ 5174.56000
2026.02.25 07:30:00;DECISION;setup LONG score=0.85 entry=5195.58 inv=5172.67 tgt=0.00 [BOS long lvl=5193.97|RelVol=0.78|VPnode d=0.22|VWAPside|CycleTurn w=-0.91<--1.00]
2026.02.25 07:30:00;VETO;risk veto: max positions
2026.02.25 12:30:00;DECISION;setup SHORT score=0.65 entry=5175.41 inv=5197.41 tgt=0.00 [CHoCH short lvl=5176.61|RelVol=1.38|VPnode d=2.19|VWAPside]
2026.02.25 12:30:00;VETO;risk veto: max positions
2026.02.25 17:15:00;DECISION;setup LONG score=0.65 entry=5193.18 inv=5155.27 tgt=0.00 [CHoCH long lvl=5191.52|RelVol=0.88|VPnode d=1.62|VWAPside]
2026.02.25 17:15:00;VETO;risk veto: max positions
2026.02.25 18:30:00;DECISION;setup LONG score=0.65 entry=5203.05 inv=5172.54 tgt=0.00 [BOS long lvl=5202.43|RelVol=0.63|VPnode d=6.85|VWAPside]
2026.02.25 18:30:00;VETO;risk veto: max positions
2026.02.25 21:00:00;DECISION;setup SHORT score=0.75 entry=5202.09 inv=5217.80 tgt=0.00 [CHoCH short lvl=5203.66|RelVol=0.47|VPnode d=3.89|CycleTurn w=0.19<-0.80]
2026.02.25 21:00:00;VETO;authorization denied: outside session window (server hour 21, window 03-20)
2026.02.25 21:15:00;VETO;authorization denied: outside session window (server hour 21, window 03-20)
2026.02.25 21:30:00;VETO;authorization denied: outside session window (server hour 21, window 03-20)
2026.02.25 21:45:00;VETO;authorization denied: outside session window (server hour 21, window 03-20)
2026.02.25 22:30:00;DECISION;setup SHORT score=0.65 entry=5186.10 inv=5217.80 tgt=0.00 [BOS short lvl=5191.80|RelVol=0.97|VPnode d=1.40|ADX=41]
2026.02.25 22:30:00;VETO;authorization denied: outside session window (server hour 22, window 03-20)
2026.02.25 22:45:00;VETO;authorization denied: outside session window (server hour 22, window 03-20)
2026.02.25 23:00:00;VETO;authorization denied: outside session window (server hour 23, window 03-20)
2026.02.25 23:15:00;VETO;authorization denied: outside session window (server hour 23, window 03-20)
2026.02.26 02:30:00;DECISION;setup LONG score=0.85 entry=5185.52 inv=5158.68 tgt=0.00 [CHoCH long lvl=5182.16|RelVol=0.74|VPnode d=10.32|VWAPside|CycleTurn w=-0.86<--0.96]
2026.02.26 02:30:00;VETO;authorization denied: outside session window (server hour 02, window 03-20)
2026.02.26 02:45:00;VETO;authorization denied: outside session window (server hour 02, window 03-20)
2026.02.26 03:00:00;VETO;risk veto: max positions
2026.02.26 04:45:00;DECISION;setup SHORT score=0.85 entry=5176.49 inv=5198.32 tgt=0.00 [CHoCH short lvl=5178.81|RelVol=1.46|VPnode d=0.91|VWAPside|CycleTurn w=0.94<-0.99]
2026.02.26 04:45:00;VETO;risk veto: max positions
2026.02.26 06:15:00;DECISION;setup LONG score=0.65 entry=5196.84 inv=5174.25 tgt=0.00 [CHoCH long lvl=5195.89|RelVol=0.66|VPnode d=3.04|VWAPside]
2026.02.26 06:15:00;VETO;risk veto: max positions
2026.02.26 07:30:00;DECISION;setup LONG score=0.75 entry=5200.59 inv=5174.25 tgt=0.00 [BOS long lvl=5199.27|RelVol=0.84|VPnode d=5.39|VWAPside|ADX=35]
2026.02.26 07:30:00;VETO;risk veto: max positions
2026.02.26 09:15:00;DECISION;setup SHORT score=0.75 entry=5187.54 inv=5205.65 tgt=0.00 [CHoCH short lvl=5189.94|RelVol=0.74|VPnode d=1.36|CycleTurn w=-0.39<-0.65]
2026.02.26 09:15:00;VETO;risk veto: max positions
2026.02.26 14:00:00;DECISION;setup SHORT score=0.50 entry=5164.67 inv=5190.20 tgt=0.00 [BOS short lvl=5165.97|RelVol=0.92|VWAPside|ADX=38]
2026.02.26 14:00:00;VETO;risk veto: max positions
2026.02.26 17:30:00;DECISION;setup SHORT score=0.50 entry=5141.77 inv=5187.95 tgt=0.00 [BOS short lvl=5157.78|RelVol=1.36|VWAPside|ADX=38]
2026.02.26 17:30:00;VETO;risk veto: max positions
2026.02.27 03:17:00;VETO;signal rejected: score 0.30 < 0.45 [CHoCH long lvl=5190.45|RelVol=0.14]
2026.02.27 07:30:00;DECISION;setup LONG score=0.85 entry=5194.74 inv=5173.74 tgt=0.00 [BOS long lvl=5190.66|RelVol=0.69|VPnode d=0.54|VWAPside|CycleTurn w=-0.92<--0.93]
2026.02.27 07:30:00;VETO;risk veto: max positions
2026.02.27 09:30:00;DECISION;setup SHORT score=0.85 entry=5178.70 inv=5200.37 tgt=0.00 [CHoCH short lvl=5180.97|RelVol=0.91|VPnode d=2.30|VWAPside|CycleTurn w=-0.61<-0.36]
2026.02.27 09:30:00;VETO;risk veto: max positions
2026.02.27 12:30:00;DECISION;setup SHORT score=0.75 entry=5173.65 inv=5200.37 tgt=0.00 [BOS short lvl=5174.34|RelVol=0.82|VPnode d=0.55|VWAPside|ADX=36]
2026.02.27 12:30:00;VETO;risk veto: max positions
2026.02.27 14:00:00;DECISION;setup LONG score=0.85 entry=5185.74 inv=5168.70 tgt=0.00 [CHoCH long lvl=5182.67|RelVol=0.74|VPnode d=3.26|VWAPside|CycleTurn w=0.02<--0.86]
2026.02.27 14:00:00;VETO;risk veto: max positions
2026.02.27 15:15:00;VETO;signal rejected: score 0.40 < 0.45 [BOS long lvl=5190.84|RelVol=1.47|VWAPside]
2026.02.27 15:22:40;MANAGE;#140 SL 5120.04 -> 5174.60 breakeven
2026.02.27 15:22:59;MANAGE;#140 SL 5174.60 -> 5213.88 trail
2026.02.27 15:23:40;MANAGE;#140 SL 5213.88 -> 5219.03 trail
2026.02.27 15:24:40;MANAGE;#140 SL 5219.03 -> 5221.67 trail
2026.02.27 15:25:40;MANAGE;#140 SL 5221.67 -> 5222.35 trail
2026.02.27 15:26:40;MANAGE;#140 SL 5222.35 -> 5224.68 trail
2026.02.27 15:27:20;MANAGE;#140 SL 5224.68 -> 5225.00 trail
2026.02.27 15:30:40;RISK;deal closed pnl=99.87 streak=0 lock=0
2026.02.27 18:15:00;DECISION;setup LONG score=0.50 entry=5253.85 inv=5183.06 tgt=0.00 [BOS long lvl=5240.60|RelVol=1.05|VWAPside|ADX=45]
2026.02.27 18:15:00;ORDER;filled BUY 0.01 lots sl=5183.06 tp=5395.52 [WT|BOS|0.50]
2026.02.27 18:15:00;RISK;sizing: vol_ratio=1.74 scalar=1.00 gap_buf=0.00000 eff_stop=70.82000
2026.02.27 18:15:00;ORDER;entry fill deal #142 BUY 0.01 @ 5253.88000
2026.02.27 22:45:00;DECISION;setup LONG score=0.50 entry=5259.99 inv=5220.81 tgt=0.00 [BOS long lvl=5257.98|RelVol=0.91|VWAPside|ADX=38]
2026.02.27 22:45:00;VETO;authorization denied: outside session window (server hour 22, window 03-20)
2026.02.27 23:00:00;VETO;authorization denied: outside session window (server hour 23, window 03-20)
2026.02.27 23:15:00;VETO;authorization denied: outside session window (server hour 23, window 03-20)
2026.02.27 23:30:00;VETO;authorization denied: outside session window (server hour 23, window 03-20)
2026.03.02 01:00:00;MANAGE;#142 SL 5183.06 -> 5254.03 breakeven
2026.03.02 01:00:20;MANAGE;#142 SL 5254.03 -> 5346.05 trail
2026.03.02 01:00:40;RISK;deal closed pnl=92.04 streak=0 lock=0
2026.03.02 08:15:00;DECISION;setup LONG score=0.70 entry=5375.11 inv=5340.62 tgt=0.00 [BOS long lvl=5367.23|RelVol=0.88|VPnear|VWAPside|CycleTurn w=-0.98<--1.00]
2026.03.02 08:15:00;ORDER;filled BUY 0.03 lots sl=5340.62 tp=5444.72 [WT|BOS|0.70]
2026.03.02 08:15:00;RISK;sizing: vol_ratio=0.89 scalar=1.00 gap_buf=0.00000 eff_stop=34.70000
2026.03.02 08:15:00;ORDER;entry fill deal #144 BUY 0.03 @ 5375.32000
2026.03.02 09:16:40;MANAGE;#144 SL 5340.62 -> 5375.36 breakeven
2026.03.02 09:16:59;MANAGE;#144 SL 5375.36 -> 5386.93 trail
2026.03.02 09:17:40;MANAGE;#144 SL 5386.93 -> 5391.82 trail
2026.03.02 09:18:40;MANAGE;#144 SL 5391.82 -> 5394.30 trail
2026.03.02 09:20:20;MANAGE;#144 SL 5394.30 -> 5394.83 trail
2026.03.02 10:55:40;RISK;deal closed pnl=58.53 streak=0 lock=0
2026.03.02 15:30:00;DECISION;setup LONG score=0.65 entry=5401.66 inv=5375.51 tgt=0.00 [BOS long lvl=5400.87|RelVol=1.44|VPnode d=7.16|VWAPside]
2026.03.02 15:30:00;ORDER;filled BUY 0.04 lots sl=5375.51 tp=5454.32 [WT|BOS|0.65]
2026.03.02 15:30:00;RISK;sizing: vol_ratio=1.00 scalar=1.00 gap_buf=0.00000 eff_stop=26.27000
2026.03.02 15:30:00;ORDER;entry fill deal #146 BUY 0.04 @ 5401.78000
2026.03.02 16:05:20;RISK;deal closed pnl=-105.08 streak=1 lock=0
2026.03.02 16:15:00;VETO;signal rejected: score 0.40 < 0.45 [CHoCH short lvl=5382.07|RelVol=1.34|StopFloored|VPnear]
2026.03.02 18:15:00;DECISION;setup SHORT score=0.60 entry=5300.65 inv=5416.72 tgt=0.00 [BOS short lvl=5306.94|RelVol=1.74|VPnear|VWAPside|ADX=33]
2026.03.02 18:15:00;VETO;risk veto: size 0.00 < broker min 0.01 (risk too small for stop)
2026.03.02 21:15:00;DECISION;setup LONG score=0.55 entry=5330.52 inv=5289.61 tgt=0.00 [CHoCH long lvl=5320.64|RelVol=1.10|VPnode d=1.92]
2026.03.02 21:15:00;VETO;authorization denied: outside session window (server hour 21, window 03-20)
2026.03.02 21:30:00;VETO;authorization denied: outside session window (server hour 21, window 03-20)
2026.03.02 21:45:00;VETO;authorization denied: outside session window (server hour 21, window 03-20)
2026.03.02 22:00:00;VETO;authorization denied: outside session window (server hour 22, window 03-20)
2026.03.03 02:15:00;DECISION;setup LONG score=0.65 entry=5348.53 inv=5320.72 tgt=0.00 [BOS long lvl=5347.17|RelVol=0.52|VPnode d=6.13|VWAPside]
2026.03.03 02:15:00;VETO;authorization denied: outside session window (server hour 02, window 03-20)
2026.03.03 02:30:00;VETO;authorization denied: outside session window (server hour 02, window 03-20)
2026.03.03 02:45:00;VETO;authorization denied: outside session window (server hour 02, window 03-20)
2026.03.03 03:00:00;ORDER;filled BUY 0.03 lots sl=5320.72 tp=5409.64 [WT|BOS|0.65]
2026.03.03 03:00:00;RISK;sizing: vol_ratio=0.65 scalar=1.00 gap_buf=0.00000 eff_stop=29.64000
2026.03.03 03:00:00;ORDER;entry fill deal #148 BUY 0.03 @ 5350.36000
2026.03.03 07:30:00;DECISION;setup SHORT score=0.55 entry=5358.86 inv=5375.60 tgt=0.00 [CHoCH short lvl=5359.18|RelVol=1.30|VPnode d=8.24]
2026.03.03 07:30:00;VETO;risk veto: max positions
2026.03.03 07:52:40;RISK;deal closed pnl=-88.92 streak=1 lock=0
2026.03.03 11:30:00;DECISION;setup SHORT score=0.50 entry=5242.24 inv=5335.93 tgt=0.00 [BOS short lvl=5278.99|RelVol=2.73|VWAPside|ADX=36]
2026.03.03 11:30:00;ORDER;filled SELL 0.01 lots sl=5335.93 tp=5055.16 [WT|BOS|0.50]
2026.03.03 11:30:00;RISK;sizing: vol_ratio=1.31 scalar=1.00 gap_buf=0.00000 eff_stop=93.59000
2026.03.03 11:30:00;ORDER;entry fill deal #150 SELL 0.01 @ 5242.34000
2026.03.03 13:15:00;DECISION;setup SHORT score=0.50 entry=5198.42 inv=5335.93 tgt=0.00 [BOS short lvl=5226.29|RelVol=3.28|VWAPside|ADX=38]
2026.03.03 13:15:00;VETO;risk veto: max positions
2026.03.03 13:29:40;MANAGE;#150 SL 5335.93 -> 5242.30 breakeven
2026.03.03 13:29:59;MANAGE;#150 SL 5242.30 -> 5186.38 trail
2026.03.03 13:31:40;MANAGE;#150 SL 5186.38 -> 5150.04 trail
2026.03.03 13:32:40;MANAGE;#150 SL 5150.04 -> 5149.03 trail
2026.03.03 13:33:20;MANAGE;#150 SL 5149.03 -> 5147.58 trail
2026.03.03 13:48:40;RISK;deal closed pnl=94.76 streak=0 lock=0
2026.03.03 16:45:00;DECISION;setup SHORT score=0.60 entry=5071.63 inv=5226.77 tgt=0.00 [BOS short lvl=5075.28|RelVol=1.22|VWAPside|CycleTurn w=-0.72<--0.19]
2026.03.03 16:45:00;VETO;risk veto: size 0.00 < broker min 0.01 (risk too small for stop)
2026.03.03 21:00:00;DECISION;setup LONG score=0.55 entry=5136.06 inv=5065.32 tgt=0.00 [CHoCH long lvl=5134.82|RelVol=1.51|VPnode d=13.26]
2026.03.03 21:00:00;VETO;authorization denied: outside session window (server hour 21, window 03-20)
2026.03.03 21:15:00;VETO;authorization denied: outside session window (server hour 21, window 03-20)
2026.03.03 21:30:00;VETO;authorization denied: outside session window (server hour 21, window 03-20)
2026.03.03 21:45:00;VETO;authorization denied: outside session window (server hour 21, window 03-20)
2026.03.03 23:00:00;DECISION;setup SHORT score=0.70 entry=5097.25 inv=5149.04 tgt=0.00 [CHoCH short lvl=5099.42|RelVol=1.46|VPnear|VWAPside|CycleTurn w=0.99<-1.00]
2026.03.03 23:00:00;VETO;authorization denied: outside session window (server hour 23, window 03-20)
2026.03.03 23:15:00;VETO;authorization denied: outside session window (server hour 23, window 03-20)
2026.03.03 23:30:00;VETO;authorization denied: outside session window (server hour 23, window 03-20)
2026.03.03 23:45:00;VETO;authorization denied: outside session window (server hour 23, window 03-20)
2026.03.04 02:45:00;DECISION;setup LONG score=0.65 entry=5132.35 inv=5082.96 tgt=0.00 [CHoCH long lvl=5130.41|RelVol=0.97|VPnode d=4.55|VWAPside]
2026.03.04 02:45:00;VETO;authorization denied: outside session window (server hour 02, window 03-20)
2026.03.04 03:00:00;ORDER;filled BUY 0.02 lots sl=5082.96 tp=5250.30 [WT|CHOCH|0.65]
2026.03.04 03:00:00;RISK;sizing: vol_ratio=0.66 scalar=1.00 gap_buf=0.00000 eff_stop=55.78000
2026.03.04 03:00:00;ORDER;entry fill deal #152 BUY 0.02 @ 5138.74000
2026.03.04 08:15:00;DECISION;setup SHORT score=0.65 entry=5142.09 inv=5181.03 tgt=0.00 [CHoCH short lvl=5152.13|RelVol=1.62|VPnode d=3.71|VWAPside]
2026.03.04 08:15:00;VETO;risk veto: max positions
2026.03.04 09:45:00;DECISION;setup LONG score=0.85 entry=5169.59 inv=5122.39 tgt=0.00 [CHoCH long lvl=5168.32|RelVol=1.16|VPnode d=8.21|VWAPside|CycleTurn w=-0.63<--0.88]
2026.03.04 09:45:00;VETO;risk veto: max positions
2026.03.04 11:45:00;DECISION;setup LONG score=0.65 entry=5182.56 inv=5147.91 tgt=0.00 [BOS long lvl=5175.98|RelVol=0.95|VPnode d=4.76|VWAPside]
2026.03.04 11:45:00;VETO;risk veto: max positions
2026.03.04 12:09:40;MANAGE;#152 SL 5082.96 -> 5138.78 breakeven
2026.03.04 12:09:59;MANAGE;#152 SL 5138.78 -> 5165.06 trail
2026.03.04 12:10:20;MANAGE;#152 SL 5165.06 -> 5167.56 trail
2026.03.04 12:11:40;MANAGE;#152 SL 5167.56 -> 5168.33 trail
2026.03.04 12:15:00;MANAGE;#152 SL 5168.33 -> 5169.82 trail
2026.03.04 12:15:20;MANAGE;#152 SL 5169.82 -> 5170.69 trail
2026.03.04 12:16:40;MANAGE;#152 SL 5170.69 -> 5170.87 trail
2026.03.04 12:17:40;MANAGE;#152 SL 5170.87 -> 5174.01 trail
2026.03.04 14:02:40;MANAGE;#152 SL 5174.01 -> 5174.75 trail
2026.03.04 14:03:40;MANAGE;#152 SL 5174.75 -> 5180.25 trail
2026.03.04 14:04:20;MANAGE;#152 SL 5180.25 -> 5181.62 trail
2026.03.04 14:19:20;RISK;deal closed pnl=85.76 streak=0 lock=0
2026.03.04 17:00:00;DECISION;setup SHORT score=0.65 entry=5146.48 inv=5206.14 tgt=0.00 [CHoCH short lvl=5156.27|RelVol=1.40|VPnode d=2.52|VWAPside]
2026.03.04 17:00:00;ORDER;filled SELL 0.01 lots sl=5206.14 tp=5024.16 [WT|CHOCH|0.65]
2026.03.04 17:00:00;RISK;sizing: vol_ratio=0.87 scalar=1.00 gap_buf=0.00000 eff_stop=60.66000
2026.03.04 17:00:00;ORDER;entry fill deal #154 SELL 0.01 @ 5145.48000
2026.03.04 20:15:00;DECISION;setup SHORT score=0.65 entry=5124.73 inv=5206.14 tgt=0.00 [BOS short lvl=5131.30|RelVol=1.58|VPnode d=14.07|VWAPside]
2026.03.04 20:15:00;VETO;authorization denied: outside session window (server hour 20, window 03-20)
2026.03.04 20:30:00;VETO;authorization denied: outside session window (server hour 20, window 03-20)
2026.03.04 20:45:00;VETO;authorization denied: outside session window (server hour 20, window 03-20)
2026.03.04 21:00:00;VETO;authorization denied: outside session window (server hour 21, window 03-20)
2026.03.05 01:15:00;DECISION;setup LONG score=0.55 entry=5146.99 inv=5123.37 tgt=0.00 [CHoCH long lvl=5146.78|RelVol=0.53|VPnode d=0.61]
2026.03.05 01:15:00;VETO;authorization denied: outside session window (server hour 01, window 03-20)
2026.03.05 01:30:00;VETO;authorization denied: outside session window (server hour 01, window 03-20)
2026.03.05 01:45:00;VETO;authorization denied: outside session window (server hour 01, window 03-20)
2026.03.05 02:00:00;VETO;authorization denied: outside session window (server hour 02, window 03-20)
2026.03.05 05:00:00;DECISION;setup LONG score=0.60 entry=5192.05 inv=5129.52 tgt=0.00 [BOS long lvl=5186.54|RelVol=0.92|VPnear|VWAPside|ADX=42]
2026.03.05 05:00:00;VETO;risk veto: max positions
2026.03.05 11:15:00;DECISION;setup LONG score=0.85 entry=5179.54 inv=5137.79 tgt=0.00 [BOS long lvl=5172.78|RelVol=1.98|VPnode d=2.24|VWAPside|CycleTurn w=-0.61<--0.98]
2026.03.05 11:15:00;VETO;risk veto: max positions
2026.03.05 14:15:00;DECISION;setup LONG score=0.65 entry=5168.59 inv=5146.35 tgt=0.00 [BOS long lvl=5168.02|RelVol=0.70|VPnode d=3.09|VWAPside]
2026.03.05 14:15:00;VETO;risk veto: max positions
2026.03.05 15:23:40;MANAGE;#154 SL 5206.14 -> 5145.44 breakeven
2026.03.05 15:23:59;MANAGE;#154 SL 5145.44 -> 5104.99 trail
2026.03.05 15:24:20;MANAGE;#154 SL 5104.99 -> 5104.81 trail
2026.03.05 15:24:40;RISK;deal closed pnl=40.53 streak=0 lock=0
2026.03.05 15:30:00;DECISION;setup SHORT score=0.60 entry=5122.30 inv=5171.53 tgt=0.00 [CHoCH short lvl=5146.35|RelVol=2.08|VWAPside|CycleTurn w=-0.38<-0.83]
2026.03.05 15:30:00;ORDER;filled SELL 0.02 lots sl=5171.53 tp=5023.81 [WT|CHOCH|0.60]
2026.03.05 15:30:00;RISK;sizing: vol_ratio=0.96 scalar=1.00 gap_buf=0.00000 eff_stop=49.24000
2026.03.05 15:30:00;ORDER;entry fill deal #156 SELL 0.02 @ 5122.29000
2026.03.05 17:08:40;MANAGE;#156 SL 5171.53 -> 5122.25 breakeven
2026.03.05 17:08:59;MANAGE;#156 SL 5122.25 -> 5099.51 trail
2026.03.05 17:45:00;DECISION;setup SHORT score=0.50 entry=5080.53 inv=5171.53 tgt=0.00 [BOS short lvl=5083.30|RelVol=1.28|VWAPside|ADX=53]
2026.03.05 17:45:00;VETO;risk veto: max positions
2026.03.05 17:59:40;RISK;deal closed pnl=45.56 streak=0 lock=0
2026.03.06 01:45:00;DECISION;setup LONG score=0.65 entry=5101.01 inv=5071.93 tgt=0.00 [CHoCH long lvl=5094.80|RelVol=0.47|VPnode d=4.01|VWAPside]
2026.03.06 01:45:00;VETO;authorization denied: outside session window (server hour 01, window 03-20)
2026.03.06 02:00:00;VETO;authorization denied: outside session window (server hour 02, window 03-20)
2026.03.06 02:15:00;VETO;authorization denied: outside session window (server hour 02, window 03-20)
2026.03.06 02:30:00;VETO;authorization denied: outside session window (server hour 02, window 03-20)
2026.03.06 03:45:00;VETO;signal rejected: score 0.40 < 0.45 [BOS long lvl=5102.01|RelVol=1.05|VWAPside]
2026.03.06 10:30:00;DECISION;setup SHORT score=0.65 entry=5100.63 inv=5141.53 tgt=0.00 [CHoCH short lvl=5105.86|RelVol=1.03|VPnode d=2.43|VWAPside]
2026.03.06 10:30:00;ORDER;filled SELL 0.02 lots sl=5141.53 tp=5018.74 [WT|CHOCH|0.65]
2026.03.06 10:30:00;RISK;sizing: vol_ratio=0.68 scalar=1.00 gap_buf=0.00000 eff_stop=40.93000
2026.03.06 10:30:00;ORDER;entry fill deal #158 SELL 0.02 @ 5100.60000
2026.03.06 15:45:00;DECISION;setup LONG score=0.65 entry=5121.88 inv=5062.82 tgt=0.00 [CHoCH long lvl=5099.82|RelVol=1.53|VPnode d=3.48|VWAPside]
2026.03.06 15:45:00;VETO;risk veto: max positions
2026.03.06 17:01:40;RISK;deal closed pnl=-81.86 streak=1 lock=0
2026.03.06 17:15:00;DECISION;setup LONG score=0.50 entry=5149.22 inv=5065.61 tgt=0.00 [BOS long lvl=5131.07|RelVol=1.36|VPnear|VWAPside]
2026.03.06 17:15:00;ORDER;filled BUY 0.01 lots sl=5065.61 tp=5316.56 [WT|BOS|0.50]
2026.03.06 17:15:00;RISK;sizing: vol_ratio=1.53 scalar=1.00 gap_buf=0.00000 eff_stop=83.65000
2026.03.06 17:15:00;ORDER;entry fill deal #160 BUY 0.01 @ 5149.26000
2026.03.06 20:45:00;DECISION;setup LONG score=0.60 entry=5165.20 inv=5126.04 tgt=0.00 [BOS long lvl=5152.53|RelVol=0.91|VWAPside|CycleTurn w=-0.22<--0.96]
2026.03.06 20:45:00;VETO;authorization denied: outside session window (server hour 20, window 03-20)
2026.03.06 21:00:00;VETO;authorization denied: outside session window (server hour 21, window 03-20)
2026.03.06 21:15:00;VETO;authorization denied: outside session window (server hour 21, window 03-20)
2026.03.06 21:30:00;VETO;authorization denied: outside session window (server hour 21, window 03-20)
2026.03.09 01:15:00;DECISION;setup SHORT score=0.65 entry=5101.85 inv=5174.64 tgt=0.00 [CHoCH short lvl=5149.45|RelVol=1.56|VPnode d=3.55|VWAPside]
2026.03.09 01:15:00;VETO;authorization denied: outside session window (server hour 01, window 03-20)
2026.03.09 01:30:00;VETO;authorization denied: outside session window (server hour 01, window 03-20)
2026.03.09 01:42:40;RISK;deal closed pnl=-83.78 streak=1 lock=0
2026.03.09 01:45:00;VETO;authorization denied: outside session window (server hour 01, window 03-20)
2026.03.09 02:00:00;VETO;authorization denied: outside session window (server hour 02, window 03-20)
2026.03.09 07:45:00;DECISION;setup LONG score=0.50 entry=5120.85 inv=5081.73 tgt=0.00 [CHoCH long lvl=5102.45|RelVol=1.62|VPnear|VWAPside]
2026.03.09 07:45:00;ORDER;filled BUY 0.02 lots sl=5081.73 tp=5199.21 [WT|CHOCH|0.50]
2026.03.09 07:45:00;RISK;sizing: vol_ratio=0.85 scalar=1.00 gap_buf=0.00000 eff_stop=39.16000
2026.03.09 07:45:00;ORDER;entry fill deal #162 BUY 0.02 @ 5120.89000
2026.03.09 11:15:00;DECISION;setup LONG score=0.85 entry=5112.78 inv=5088.63 tgt=0.00 [BOS long lvl=5110.88|RelVol=1.15|VPnode d=0.98|VWAPside|CycleTurn w=-0.98<--0.99]
2026.03.09 11:15:00;VETO;risk veto: max positions
2026.03.09 13:20:40;RISK;deal closed pnl=-78.32 streak=2 lock=0
2026.03.09 13:30:00;DECISION;setup SHORT score=0.65 entry=5085.85 inv=5132.61 tgt=0.00 [CHoCH short lvl=5087.10|RelVol=1.28|VPnode d=5.45|VWAPside]
2026.03.09 13:30:00;ORDER;filled SELL 0.02 lots sl=5132.61 tp=4992.33 [WT|CHOCH|0.65]
2026.03.09 13:30:00;RISK;sizing: vol_ratio=0.79 scalar=1.00 gap_buf=0.00000 eff_stop=46.76000
2026.03.09 13:30:00;ORDER;entry fill deal #164 SELL 0.02 @ 5085.85000
2026.03.09 15:45:00;DECISION;setup SHORT score=0.85 entry=5076.09 inv=5112.14 tgt=0.00 [BOS short lvl=5079.84|RelVol=1.44|VPnode d=1.09|VWAPside|CycleTurn w=0.59<-0.95]
2026.03.09 15:45:00;VETO;risk veto: max positions
2026.03.09 16:45:00;DECISION;setup LONG score=0.65 entry=5112.49 inv=5079.84 tgt=0.00 [CHoCH long lvl=5111.31|RelVol=0.80|VPnode d=2.69|VWAPside]
2026.03.09 16:45:00;VETO;risk veto: max positions
2026.03.09 20:45:00;DECISION;setup LONG score=0.70 entry=5118.12 inv=5089.13 tgt=0.00 [BOS long lvl=5110.73|RelVol=0.76|VPnear|VWAPside|CycleTurn w=-0.25<--0.97]
2026.03.09 20:45:00;VETO;authorization denied: outside session window (server hour 20, window 03-20)
2026.03.09 21:00:00;VETO;authorization denied: outside session window (server hour 21, window 03-20)
2026.03.09 21:15:00;VETO;authorization denied: outside session window (server hour 21, window 03-20)
2026.03.09 21:19:40;RISK;deal closed pnl=-93.52 streak=3 lock=2
2026.03.09 21:30:00;VETO;authorization denied: global lock (LOSS_STREAK)
2026.03.10 02:30:00;DECISION;setup SHORT score=0.85 entry=5130.48 inv=5156.09 tgt=0.00 [CHoCH short lvl=5133.82|RelVol=0.79|VPnode d=5.12|VWAPside|CycleTurn w=-0.73<-0.12]
2026.03.10 02:30:00;VETO;authorization denied: outside session window (server hour 02, window 03-20)
2026.03.10 02:45:00;VETO;authorization denied: outside session window (server hour 02, window 03-20)
2026.03.10 03:00:00;ORDER;filled SELL 0.04 lots sl=5156.09 tp=5081.00 [WT|CHOCH|0.85]
2026.03.10 03:00:00;RISK;sizing: vol_ratio=0.61 scalar=1.00 gap_buf=0.00000 eff_stop=25.03000
2026.03.10 03:00:00;ORDER;entry fill deal #166 SELL 0.04 @ 5131.06000
2026.03.10 03:20:40;RISK;deal closed pnl=-100.12 streak=1 lock=0
2026.03.10 03:30:00;DECISION;setup LONG score=0.70 entry=5157.94 inv=5133.82 tgt=0.00 [CHoCH long lvl=5156.09|RelVol=1.15|VPnear|VWAPside|CycleTurn w=-0.96<--1.00]
2026.03.10 03:30:00;ORDER;filled BUY 0.04 lots sl=5133.82 tp=5206.27 [WT|CHOCH|0.70]
2026.03.10 03:30:00;RISK;sizing: vol_ratio=0.72 scalar=1.00 gap_buf=0.00000 eff_stop=24.15000
2026.03.10 03:30:00;ORDER;entry fill deal #168 BUY 0.04 @ 5157.97000
2026.03.10 03:58:20;MANAGE;#168 SL 5133.82 -> 5158.01 breakeven
2026.03.10 03:59:40;MANAGE;#168 SL 5158.01 -> 5161.14 trail
2026.03.10 05:35:40;RISK;deal closed pnl=12.68 streak=0 lock=0
2026.03.10 10:00:00;DECISION;setup LONG score=0.65 entry=5181.05 inv=5154.37 tgt=0.00 [BOS long lvl=5180.94|RelVol=1.05|VPnode d=0.15|VWAPside]
2026.03.10 10:00:00;ORDER;filled BUY 0.04 lots sl=5154.37 tp=5234.53 [WT|BOS|0.65]
2026.03.10 10:00:00;RISK;sizing: vol_ratio=0.62 scalar=1.00 gap_buf=0.00000 eff_stop=26.72000
2026.03.10 10:00:00;ORDER;entry fill deal #170 BUY 0.04 @ 5181.09000
2026.03.10 15:15:00;DECISION;setup LONG score=0.70 entry=5200.67 inv=5162.44 tgt=0.00 [BOS long lvl=5191.94|RelVol=1.03|VPnear|VWAPside|CycleTurn w=-0.53<--0.92]
2026.03.10 15:15:00;VETO;risk veto: max positions
2026.03.10 15:18:40;MANAGE;#170 SL 5154.37 -> 5181.13 breakeven
2026.03.10 15:18:59;MANAGE;#170 SL 5181.13 -> 5192.05 trail
2026.03.10 15:19:20;MANAGE;#170 SL 5192.05 -> 5192.79 trail
2026.03.10 15:20:20;MANAGE;#170 SL 5192.79 -> 5192.90 trail
2026.03.10 15:21:40;MANAGE;#170 SL 5192.90 -> 5194.96 trail
2026.03.10 15:22:40;MANAGE;#170 SL 5194.96 -> 5198.47 trail
2026.03.10 15:24:40;MANAGE;#170 SL 5198.47 -> 5200.27 trail
2026.03.10 15:25:40;MANAGE;#170 SL 5200.27 -> 5201.71 trail
2026.03.10 15:26:40;MANAGE;#170 SL 5201.71 -> 5204.62 trail
2026.03.10 15:27:40;MANAGE;#170 SL 5204.62 -> 5205.86 trail
2026.03.10 15:45:40;RISK;deal closed pnl=99.08 streak=0 lock=0
2026.03.10 17:45:00;VETO;signal rejected: score 0.40 < 0.45 [BOS long lvl=5228.68|RelVol=0.67|VWAPside]
2026.03.11 09:45:00;DECISION;setup SHORT score=0.65 entry=5191.54 inv=5210.82 tgt=0.00 [CHoCH short lvl=5191.59|RelVol=1.18|VPnode d=0.86|VWAPside]
2026.03.11 09:45:00;ORDER;filled SELL 0.05 lots sl=5210.82 tp=5152.98 [WT|CHOCH|0.65]
2026.03.11 09:45:00;RISK;sizing: vol_ratio=0.74 scalar=1.00 gap_buf=0.00000 eff_stop=19.28000
2026.03.11 09:45:00;ORDER;entry fill deal #172 SELL 0.05 @ 5191.54000
2026.03.11 14:47:40;MANAGE;#172 SL 5210.82 -> 5191.50 breakeven
2026.03.11 14:59:40;MANAGE;#172 SL 5191.50 -> 5189.29 trail
2026.03.11 15:00:00;DECISION;setup SHORT score=0.50 entry=5167.57 inv=5197.26 tgt=0.00 [BOS short lvl=5177.21|RelVol=1.52|VPnear|VWAPside]
2026.03.11 15:00:00;VETO;risk veto: max positions
2026.03.11 15:00:40;MANAGE;#172 SL 5189.29 -> 5187.75 trail
2026.03.11 15:01:20;MANAGE;#172 SL 5187.75 -> 5185.79 trail
2026.03.11 15:49:40;MANAGE;#172 SL 5185.79 -> 5184.32 trail
2026.03.11 15:51:40;RISK;deal closed pnl=192.80 streak=0 lock=0
2026.03.11 19:45:00;DECISION;setup SHORT score=0.65 entry=5163.20 inv=5196.28 tgt=0.00 [BOS short lvl=5163.61|RelVol=0.97|VPnode d=3.60|VWAPside]
2026.03.11 19:45:00;ORDER;filled SELL 0.03 lots sl=5196.28 tp=5097.04 [WT|BOS|0.65]
2026.03.11 19:45:00;RISK;sizing: vol_ratio=1.04 scalar=1.00 gap_buf=0.00000 eff_stop=33.08000
2026.03.11 19:45:00;ORDER;entry fill deal #174 SELL 0.03 @ 5163.20000
2026.03.11 21:45:00;DECISION;setup LONG score=0.55 entry=5179.67 inv=5154.94 tgt=0.00 [CHoCH long lvl=5178.47|RelVol=0.51|VPnode d=1.97]
2026.03.11 21:45:00;VETO;authorization denied: outside session window (server hour 21, window 03-20)
2026.03.11 22:00:00;VETO;authorization denied: outside session window (server hour 22, window 03-20)
2026.03.11 22:15:00;VETO;authorization denied: outside session window (server hour 22, window 03-20)
2026.03.11 22:30:00;VETO;authorization denied: outside session window (server hour 22, window 03-20)
2026.03.12 00:45:00;DECISION;setup SHORT score=0.70 entry=5158.85 inv=5183.58 tgt=0.00 [CHoCH short lvl=5169.25|VPnear|VWAPside|CycleTurn w=-0.03<-0.85]
2026.03.12 00:45:00;VETO;authorization denied: outside session window (server hour 00, window 03-20)
2026.03.12 01:00:00;VETO;authorization denied: outside session window (server hour 01, window 03-20)
2026.03.12 01:15:00;VETO;authorization denied: outside session window (server hour 01, window 03-20)
2026.03.12 01:30:00;VETO;authorization denied: outside session window (server hour 01, window 03-20)
2026.03.12 02:00:40;MANAGE;#174 SL 5196.28 -> 5163.16 breakeven
2026.03.12 02:00:59;MANAGE;#174 SL 5163.16 -> 5151.18 trail
2026.03.12 02:01:40;MANAGE;#174 SL 5151.18 -> 5148.81 trail
2026.03.12 02:07:40;MANAGE;#174 SL 5148.81 -> 5148.65 trail
2026.03.12 02:24:40;RISK;deal closed pnl=43.24 streak=0 lock=0
2026.03.12 06:45:00;DECISION;setup SHORT score=0.65 entry=5143.91 inv=5175.17 tgt=0.00 [BOS short lvl=5145.76|RelVol=0.77|VPnode d=4.31|VWAPside]
2026.03.12 06:45:00;ORDER;filled SELL 0.03 lots sl=5175.17 tp=5081.39 [WT|BOS|0.65]
2026.03.12 06:45:00;RISK;sizing: vol_ratio=0.81 scalar=1.00 gap_buf=0.00000 eff_stop=31.26000
2026.03.12 06:45:00;ORDER;entry fill deal #176 SELL 0.03 @ 5143.91000
2026.03.12 09:42:40;RISK;deal closed pnl=-93.78 streak=1 lock=0
2026.03.12 09:45:00;VETO;signal rejected: score 0.40 < 0.45 [CHoCH long lvl=5175.17|RelVol=0.69|VWAPside]
2026.03.12 14:15:00;VETO;signal rejected: score 0.40 < 0.45 [CHoCH short lvl=5174.40|RelVol=1.00|VPnear]
2026.03.12 15:45:00;DECISION;setup SHORT score=0.65 entry=5159.24 inv=5191.70 tgt=0.00 [BOS short lvl=5163.85|RelVol=1.23|VPnode d=6.14|VWAPside]
2026.03.12 15:45:00;ORDER;filled SELL 0.03 lots sl=5191.70 tp=5094.32 [WT|BOS|0.65]
2026.03.12 15:45:00;RISK;sizing: vol_ratio=0.93 scalar=1.00 gap_buf=0.00000 eff_stop=32.46000
2026.03.12 15:45:00;ORDER;entry fill deal #178 SELL 0.03 @ 5159.24000
2026.03.12 17:11:40;MANAGE;#178 SL 5191.70 -> 5159.20 breakeven
2026.03.12 17:11:59;MANAGE;#178 SL 5159.20 -> 5142.92 trail
2026.03.12 17:12:00;MANAGE;#178 SL 5142.92 -> 5142.75 trail
2026.03.12 17:12:40;MANAGE;#178 SL 5142.75 -> 5139.13 trail
2026.03.12 19:38:40;MANAGE;#178 SL 5139.13 -> 5137.90 trail
2026.03.12 19:41:40;MANAGE;#178 SL 5137.90 -> 5133.82 trail
2026.03.12 19:55:20;MANAGE;#178 SL 5133.82 -> 5132.84 trail
2026.03.12 19:58:40;MANAGE;#178 SL 5132.84 -> 5131.37 trail
2026.03.12 20:00:00;DECISION;setup SHORT score=0.50 entry=5105.37 inv=5138.07 tgt=0.00 [BOS short lvl=5109.91|RelVol=0.96|VWAPside|ADX=52]
2026.03.12 20:00:00;VETO;authorization denied: outside session window (server hour 20, window 03-20)
2026.03.12 20:15:00;VETO;authorization denied: outside session window (server hour 20, window 03-20)
2026.03.12 20:21:40;MANAGE;#178 SL 5131.37 -> 5128.53 trail
2026.03.12 20:30:00;VETO;authorization denied: outside session window (server hour 20, window 03-20)
2026.03.12 20:31:40;MANAGE;#178 SL 5128.53 -> 5128.10 trail
2026.03.12 20:32:40;MANAGE;#178 SL 5128.10 -> 5127.91 trail
2026.03.12 20:34:40;MANAGE;#178 SL 5127.91 -> 5126.43 trail
2026.03.12 20:35:40;MANAGE;#178 SL 5126.43 -> 5125.63 trail
2026.03.12 20:41:40;MANAGE;#178 SL 5125.63 -> 5125.40 trail
2026.03.12 20:42:20;MANAGE;#178 SL 5125.40 -> 5125.27 trail
2026.03.12 20:45:00;MANAGE;#178 SL 5125.27 -> 5121.16 trail
2026.03.12 20:45:00;VETO;authorization denied: outside session window (server hour 20, window 03-20)
2026.03.12 20:45:40;MANAGE;#178 SL 5121.16 -> 5118.03 trail
2026.03.12 20:47:40;MANAGE;#178 SL 5118.03 -> 5117.65 trail
2026.03.12 20:49:40;RISK;deal closed pnl=194.76 streak=0 lock=0
2026.03.12 22:30:00;DECISION;setup SHORT score=0.50 entry=5071.87 inv=5138.07 tgt=0.00 [BOS short lvl=5079.62|RelVol=0.86|VWAPside|ADX=74]
2026.03.12 22:30:00;VETO;authorization denied: outside session window (server hour 22, window 03-20)
2026.03.12 22:45:00;VETO;authorization denied: outside session window (server hour 22, window 03-20)
2026.03.13 00:00:00;VETO;authorization denied: outside session window (server hour 00, window 03-20)
2026.03.13 00:15:00;VETO;authorization denied: outside session window (server hour 00, window 03-20)
2026.03.13 06:30:00;DECISION;setup SHORT score=0.65 entry=5105.51 inv=5128.53 tgt=0.00 [BOS short lvl=5108.86|RelVol=0.82|VPnode d=0.71|VWAPside]
2026.03.13 06:30:00;ORDER;filled SELL 0.04 lots sl=5128.53 tp=5059.47 [WT|BOS|0.65]
2026.03.13 06:30:00;RISK;sizing: vol_ratio=0.81 scalar=1.00 gap_buf=0.00000 eff_stop=23.02000
2026.03.13 06:30:00;ORDER;entry fill deal #180 SELL 0.04 @ 5105.51000
2026.03.13 09:17:20;MANAGE;#180 SL 5128.53 -> 5105.47 breakeven
2026.03.13 09:17:40;MANAGE;#180 SL 5105.47 -> 5100.87 trail
2026.03.13 09:17:59;MANAGE;#180 SL 5100.87 -> 5100.29 trail
2026.03.13 09:18:40;MANAGE;#180 SL 5100.29 -> 5094.73 trail
2026.03.13 09:19:40;MANAGE;#180 SL 5094.73 -> 5091.43 trail
2026.03.13 09:20:40;MANAGE;#180 SL 5091.43 -> 5091.02 trail
2026.03.13 09:21:40;MANAGE;#180 SL 5091.02 -> 5089.30 trail
2026.03.13 09:22:40;MANAGE;#180 SL 5089.30 -> 5088.54 trail
2026.03.13 09:23:40;MANAGE;#180 SL 5088.54 -> 5087.84 trail
2026.03.13 09:32:40;RISK;deal closed pnl=70.68 streak=0 lock=0
2026.03.13 14:00:00;DECISION;setup LONG score=0.65 entry=5107.65 inv=5079.88 tgt=0.00 [CHoCH long lvl=5098.42|RelVol=0.91|VPnode d=4.95|VWAPside]
2026.03.13 14:00:00;ORDER;filled BUY 0.04 lots sl=5079.88 tp=5162.95 [WT|CHOCH|0.65]
2026.03.13 14:00:00;RISK;sizing: vol_ratio=1.00 scalar=1.00 gap_buf=0.00000 eff_stop=27.69000
2026.03.13 14:00:00;ORDER;entry fill deal #182 BUY 0.04 @ 5107.57000
2026.03.13 16:40:40;RISK;deal closed pnl=-110.76 streak=1 lock=0
2026.03.13 16:45:00;DECISION;setup SHORT score=0.85 entry=5079.43 inv=5121.84 tgt=0.00 [CHoCH short lvl=5079.88|RelVol=0.68|VPnode d=2.77|VWAPside|CycleTurn w=-0.79<--0.07]
2026.03.13 16:45:00;ORDER;filled SELL 0.02 lots sl=5121.84 tp=4994.61 [WT|CHOCH|0.85]
2026.03.13 16:45:00;RISK;sizing: vol_ratio=1.11 scalar=1.00 gap_buf=0.00000 eff_stop=42.41000
2026.03.13 16:45:00;ORDER;entry fill deal #184 SELL 0.02 @ 5079.43000
2026.03.13 16:57:20;MANAGE;#184 SL 5121.84 -> 5079.39 breakeven
2026.03.13 16:57:40;MANAGE;#184 SL 5079.39 -> 5069.86 trail
2026.03.13 16:57:59;MANAGE;#184 SL 5069.86 -> 5067.28 trail
2026.03.13 16:58:20;MANAGE;#184 SL 5067.28 -> 5067.15 trail
2026.03.13 16:59:40;MANAGE;#184 SL 5067.15 -> 5065.54 trail
2026.03.13 17:10:20;RISK;deal closed pnl=27.78 streak=0 lock=0
2026.03.13 18:00:00;DECISION;setup SHORT score=0.50 entry=5034.73 inv=5121.84 tgt=0.00 [BOS short lvl=5035.97|RelVol=1.10|VWAPside|ADX=44]
2026.03.13 18:00:00;ORDER;filled SELL 0.01 lots sl=5121.84 tp=4860.51 [WT|BOS|0.50]
2026.03.13 18:00:00;RISK;sizing: vol_ratio=1.61 scalar=1.00 gap_buf=0.00000 eff_stop=87.11000
2026.03.13 18:00:00;ORDER;entry fill deal #186 SELL 0.01 @ 5034.73000
2026.03.13 22:00:00;DECISION;setup SHORT score=0.70 entry=5016.44 inv=5049.81 tgt=0.00 [BOS short lvl=5019.04|RelVol=1.30|VWAPside|CycleTurn w=-0.44<-0.63|ADX=34]
2026.03.13 22:00:00;VETO;authorization denied: outside session window (server hour 22, window 03-20)
2026.03.13 22:15:00;VETO;authorization denied: outside session window (server hour 22, window 03-20)
2026.03.13 22:30:00;VETO;authorization denied: outside session window (server hour 22, window 03-20)
2026.03.13 22:45:00;VETO;authorization denied: outside session window (server hour 22, window 03-20)
2026.03.16 01:30:00;DECISION;setup SHORT score=0.95 entry=4989.67 inv=5030.27 tgt=0.00 [BOS short lvl=5000.88|RelVol=1.86|VPnode d=8.93|VWAPside|CycleTurn w=0.73<-0.85|ADX=43]
2026.03.16 01:30:00;VETO;authorization denied: outside session window (server hour 01, window 03-20)
2026.03.16 01:45:00;VETO;authorization denied: outside session window (server hour 01, window 03-20)
2026.03.16 02:00:00;VETO;authorization denied: outside session window (server hour 02, window 03-20)
2026.03.16 02:15:00;VETO;authorization denied: outside session window (server hour 02, window 03-20)
2026.03.16 02:45:00;DECISION;setup LONG score=0.85 entry=5027.70 inv=4967.62 tgt=0.00 [CHoCH long lvl=5026.13|RelVol=1.11|VPnode d=3.10|VWAPside|CycleTurn w=0.40<--0.61]
2026.03.16 02:45:00;VETO;authorization denied: outside session window (server hour 02, window 03-20)
2026.03.16 03:00:00;VETO;risk veto: max positions
2026.03.16 06:00:00;DECISION;setup LONG score=0.65 entry=5019.14 inv=4997.64 tgt=0.00 [BOS long lvl=5018.89|RelVol=0.82|StopFloored|VPnode d=6.24|VWAPside]
2026.03.16 06:00:00;VETO;risk veto: max positions
2026.03.16 08:15:00;DECISION;setup LONG score=0.65 entry=5027.29 inv=4997.92 tgt=0.00 [BOS long lvl=5026.29|RelVol=0.81|VPnode d=1.29|VWAPside]
2026.03.16 08:15:00;VETO;risk veto: max positions
2026.03.16 09:30:00;DECISION;setup SHORT score=0.85 entry=5002.43 inv=5036.17 tgt=0.00 [CHoCH short lvl=5003.28|RelVol=1.18|VPnode d=1.23|VWAPside|CycleTurn w=0.70<-0.95]
2026.03.16 09:30:00;VETO;risk veto: max positions
2026.03.16 14:30:00;DECISION;setup LONG score=0.65 entry=5023.01 inv=4970.11 tgt=0.00 [CHoCH long lvl=5022.63|RelVol=1.05|VPnode d=2.79|VWAPside]
2026.03.16 14:30:00;VETO;risk veto: max positions
2026.03.16 17:30:00;DECISION;setup SHORT score=0.65 entry=4991.88 inv=5038.06 tgt=0.00 [CHoCH short lvl=4992.84|RelVol=0.56|VPnode d=3.32|VWAPside]
2026.03.16 17:30:00;VETO;risk veto: max positions
2026.03.16 20:30:00;DECISION;setup LONG score=0.70 entry=5006.31 inv=4974.03 tgt=0.00 [CHoCH long lvl=5003.88|RelVol=0.60|VPnear|VWAPside|CycleTurn w=0.33<--0.84]
2026.03.16 20:30:00;VETO;authorization denied: outside session window (server hour 20, window 03-20)
2026.03.16 20:45:00;VETO;authorization denied: outside session window (server hour 20, window 03-20)
2026.03.16 21:00:00;VETO;authorization denied: outside session window (server hour 21, window 03-20)
2026.03.16 21:15:00;VETO;authorization denied: outside session window (server hour 21, window 03-20)
2026.03.17 03:45:00;DECISION;setup LONG score=0.70 entry=5017.92 inv=4998.66 tgt=0.00 [BOS long lvl=5015.51|RelVol=0.64|VPnear|VWAPside|CycleTurn w=-0.11<--0.90]
2026.03.17 03:45:00;VETO;risk veto: max positions
2026.03.17 05:30:00;DECISION;setup LONG score=0.60 entry=5032.56 inv=4994.71 tgt=0.00 [BOS long lvl=5029.68|RelVol=0.59|VPnear|VWAPside|ADX=41]
2026.03.17 05:30:00;VETO;risk veto: max positions
2026.03.17 06:45:00;DECISION;setup LONG score=0.75 entry=5039.74 inv=4994.71 tgt=0.00 [BOS long lvl=5033.67|RelVol=0.74|VPnode d=5.14|VWAPside|ADX=46]
2026.03.17 06:45:00;VETO;risk veto: max positions
2026.03.17 12:15:00;DECISION;setup SHORT score=0.65 entry=5004.05 inv=5029.65 tgt=0.00 [CHoCH short lvl=5005.34|RelVol=0.73|VPnode d=4.15|VWAPside]
2026.03.17 12:15:00;VETO;risk veto: max positions
2026.03.17 15:45:00;DECISION;setup LONG score=0.65 entry=5027.01 inv=4999.41 tgt=0.00 [CHoCH long lvl=5023.85|RelVol=0.69|VPnode d=2.81|VWAPside]
2026.03.17 15:45:00;VETO;risk veto: max positions
2026.03.17 17:30:00;DECISION;setup SHORT score=0.65 entry=4994.76 inv=5031.46 tgt=0.00 [CHoCH short lvl=4999.41|RelVol=0.53|VPnode d=7.64|VWAPside]
2026.03.17 17:30:00;VETO;risk veto: max positions
2026.03.18 00:45:00;DECISION;setup SHORT score=0.85 entry=4996.33 inv=5006.37 tgt=0.00 [BOS short lvl=4996.42|VPnode d=2.47|VWAPside|CycleTurn w=0.94<-1.00]
2026.03.18 00:45:00;VETO;authorization denied: outside session window (server hour 00, window 03-20)
2026.03.18 01:00:00;VETO;authorization denied: outside session window (server hour 01, window 03-20)
2026.03.18 01:15:00;VETO;authorization denied: outside session window (server hour 01, window 03-20)
2026.03.18 01:30:00;VETO;authorization denied: outside session window (server hour 01, window 03-20)
2026.03.18 02:15:00;DECISION;setup LONG score=0.70 entry=5009.92 inv=4993.32 tgt=0.00 [CHoCH long lvl=5006.37|RelVol=0.45|VPnear|VWAPside|CycleTurn w=0.56<--0.47]
2026.03.18 02:15:00;VETO;authorization denied: outside session window (server hour 02, window 03-20)
2026.03.18 02:30:00;VETO;authorization denied: outside session window (server hour 02, window 03-20)
2026.03.18 02:45:00;VETO;authorization denied: outside session window (server hour 02, window 03-20)
2026.03.18 03:00:00;VETO;risk veto: max positions
2026.03.18 06:45:00;DECISION;setup SHORT score=0.50 entry=4984.41 inv=5015.99 tgt=0.00 [CHoCH short lvl=4986.04|RelVol=0.86|VPnear|VWAPside]
2026.03.18 06:45:00;VETO;risk veto: max positions
2026.03.18 13:00:00;DECISION;setup SHORT score=0.50 entry=4967.86 inv=4995.58 tgt=0.00 [BOS short lvl=4977.17|RelVol=0.86|VWAPside|ADX=42]
2026.03.18 13:00:00;VETO;risk veto: max positions
2026.03.18 13:27:40;MANAGE;#186 SL 5121.84 -> 5034.69 breakeven
2026.03.18 13:27:59;MANAGE;#186 SL 5034.69 -> 4970.79 trail
2026.03.18 13:28:40;MANAGE;#186 SL 4970.79 -> 4969.53 trail
2026.03.18 13:29:20;MANAGE;#186 SL 4969.53 -> 4969.26 trail
2026.03.18 13:40:40;MANAGE;#186 SL 4969.26 -> 4966.94 trail
2026.03.18 13:41:20;MANAGE;#186 SL 4966.94 -> 4966.41 trail
2026.03.18 13:42:40;MANAGE;#186 SL 4966.41 -> 4966.24 trail
2026.03.18 13:43:40;MANAGE;#186 SL 4966.24 -> 4963.99 trail
2026.03.18 13:44:40;MANAGE;#186 SL 4963.99 -> 4959.88 trail
2026.03.18 13:48:20;MANAGE;#186 SL 4959.88 -> 4957.49 trail
2026.03.18 13:56:20;MANAGE;#186 SL 4957.49 -> 4956.89 trail
2026.03.18 13:58:40;MANAGE;#186 SL 4956.89 -> 4952.76 trail
2026.03.18 14:01:40;MANAGE;#186 SL 4952.76 -> 4950.74 trail
2026.03.18 14:02:20;MANAGE;#186 SL 4950.74 -> 4950.38 trail
2026.03.18 14:07:40;MANAGE;#186 SL 4950.38 -> 4943.37 trail
2026.03.18 14:09:40;MANAGE;#186 SL 4943.37 -> 4941.64 trail
2026.03.18 14:10:40;MANAGE;#186 SL 4941.64 -> 4938.04 trail
2026.03.18 14:12:40;MANAGE;#186 SL 4938.04 -> 4937.41 trail
2026.03.18 14:13:40;MANAGE;#186 SL 4937.41 -> 4934.51 trail
2026.03.18 14:14:20;MANAGE;#186 SL 4934.51 -> 4934.23 trail
2026.03.18 14:16:40;MANAGE;#186 SL 4934.23 -> 4933.65 trail
2026.03.18 14:17:40;MANAGE;#186 SL 4933.65 -> 4931.70 trail
2026.03.18 14:18:40;MANAGE;#186 SL 4931.70 -> 4929.95 trail
2026.03.18 14:22:20;MANAGE;#186 SL 4929.95 -> 4928.94 trail
2026.03.18 14:26:40;MANAGE;#186 SL 4928.94 -> 4927.04 trail
2026.03.18 14:30:40;MANAGE;#186 SL 4927.04 -> 4923.11 trail
2026.03.18 14:32:40;MANAGE;#186 SL 4923.11 -> 4917.88 trail
2026.03.18 14:34:20;MANAGE;#186 SL 4917.88 -> 4916.81 trail
2026.03.18 14:37:40;MANAGE;#186 SL 4916.81 -> 4913.79 trail
2026.03.18 14:38:20;MANAGE;#186 SL 4913.79 -> 4910.58 trail
2026.03.18 14:43:40;MANAGE;#186 SL 4910.58 -> 4906.96 trail
2026.03.18 14:44:20;MANAGE;#186 SL 4906.96 -> 4906.14 trail
2026.03.18 15:00:40;RISK;deal closed pnl=174.07 streak=0 lock=0
2026.03.18 18:30:00;DECISION;setup LONG score=0.55 entry=4882.31 inv=4854.98 tgt=0.00 [CHoCH long lvl=4880.07|RelVol=0.51|StopFloored|VPnode d=5.51]
2026.03.18 18:30:00;ORDER;filled BUY 0.04 lots sl=4854.98 tp=4937.09 [WT|CHOCH|0.55]
2026.03.18 18:30:00;RISK;sizing: vol_ratio=1.69 scalar=1.00 gap_buf=0.00000 eff_stop=27.37000
2026.03.18 18:30:00;ORDER;entry fill deal #188 BUY 0.04 @ 4882.35000
2026.03.18 20:59:40;RISK;deal closed pnl=-109.48 streak=1 lock=0
2026.03.18 21:00:00;DECISION;setup SHORT score=0.60 entry=4853.03 inv=4899.12 tgt=0.00 [CHoCH short lvl=4860.86|RelVol=1.28|VWAPside|CycleTurn w=0.96<-0.99]
2026.03.18 21:00:00;VETO;authorization denied: outside session window (server hour 21, window 03-20)
2026.03.18 21:15:00;VETO;authorization denied: outside session window (server hour 21, window 03-20)
2026.03.18 21:30:00;VETO;authorization denied: outside session window (server hour 21, window 03-20)
2026.03.18 21:45:00;VETO;authorization denied: outside session window (server hour 21, window 03-20)
2026.03.19 08:00:00;DECISION;setup SHORT score=0.65 entry=4827.52 inv=4865.93 tgt=0.00 [BOS short lvl=4832.74|RelVol=0.82|VPnode d=3.88|VWAPside]
2026.03.19 08:00:00;ORDER;filled SELL 0.02 lots sl=4865.93 tp=4750.55 [WT|BOS|0.65]
2026.03.19 08:00:00;RISK;sizing: vol_ratio=0.60 scalar=1.00 gap_buf=0.00000 eff_stop=38.46000
2026.03.19 08:00:00;ORDER;entry fill deal #190 SELL 0.02 @ 4827.47000
2026.03.19 08:41:40;MANAGE;#190 SL 4865.93 -> 4827.43 breakeven
2026.03.19 08:41:59;MANAGE;#190 SL 4827.43 -> 4807.77 trail
2026.03.19 08:42:40;MANAGE;#190 SL 4807.77 -> 4798.48 trail
2026.03.19 08:46:40;MANAGE;#190 SL 4798.48 -> 4794.11 trail
2026.03.19 08:47:40;MANAGE;#190 SL 4794.11 -> 4785.08 trail
2026.03.19 08:48:40;MANAGE;#190 SL 4785.08 -> 4784.24 trail
2026.03.19 08:49:20;MANAGE;#190 SL 4784.24 -> 4782.05 trail
2026.03.19 08:50:40;MANAGE;#190 SL 4782.05 -> 4774.71 trail
2026.03.19 08:51:20;MANAGE;#190 SL 4774.71 -> 4774.30 trail
2026.03.19 08:52:20;MANAGE;#190 SL 4774.30 -> 4773.91 trail
2026.03.19 08:53:40;RISK;deal closed pnl=153.84 streak=0 lock=0
2026.03.19 12:30:00;DECISION;setup SHORT score=0.50 entry=4683.56 inv=4726.74 tgt=0.00 [BOS short lvl=4686.85|RelVol=1.47|StopFloored|VWAPside|ADX=69]
2026.03.19 12:30:00;ORDER;filled SELL 0.02 lots sl=4726.74 tp=4597.19 [WT|BOS|0.50]
2026.03.19 12:30:00;RISK;sizing: vol_ratio=1.71 scalar=1.00 gap_buf=0.00000 eff_stop=43.18393
2026.03.19 12:30:00;ORDER;entry fill deal #192 SELL 0.02 @ 4683.56000
2026.03.19 14:01:40;MANAGE;#192 SL 4726.74 -> 4683.52 breakeven
2026.03.19 14:03:40;MANAGE;#192 SL 4683.52 -> 4680.20 trail
2026.03.19 14:04:20;MANAGE;#192 SL 4680.20 -> 4679.12 trail
2026.03.19 14:09:40;MANAGE;#192 SL 4679.12 -> 4676.49 trail
2026.03.19 14:10:40;MANAGE;#192 SL 4676.49 -> 4671.42 trail
2026.03.19 14:11:40;MANAGE;#192 SL 4671.42 -> 4666.80 trail
2026.03.19 14:14:20;MANAGE;#192 SL 4666.80 -> 4662.76 trail
2026.03.19 14:24:40;MANAGE;#192 SL 4662.76 -> 4658.28 trail
2026.03.19 14:25:40;MANAGE;#192 SL 4658.28 -> 4656.79 trail
2026.03.19 14:30:20;MANAGE;#192 SL 4656.79 -> 4653.89 trail
2026.03.19 14:34:20;MANAGE;#192 SL 4653.89 -> 4653.10 trail
2026.03.19 14:40:40;MANAGE;#192 SL 4653.10 -> 4651.25 trail
2026.03.19 14:42:40;RISK;deal closed pnl=172.74 streak=0 lock=0
2026.03.19 21:15:00;VETO;signal rejected: score 0.30 < 0.45 [CHoCH long lvl=4629.88|RelVol=1.80]
2026.03.20 00:15:00;DECISION;setup LONG score=0.75 entry=4671.09 inv=4596.40 tgt=0.00 [BOS long lvl=4663.38|RelVol=0.99|VPnode d=0.91|VWAPside|ADX=35]
2026.03.20 00:15:00;VETO;authorization denied: outside session window (server hour 00, window 03-20)
2026.03.20 00:30:00;VETO;authorization denied: outside session window (server hour 00, window 03-20)
2026.03.20 00:45:00;VETO;authorization denied: outside session window (server hour 00, window 03-20)
2026.03.20 01:00:00;VETO;authorization denied: outside session window (server hour 01, window 03-20)
2026.03.20 03:45:00;DECISION;setup LONG score=0.60 entry=4686.68 inv=4634.19 tgt=0.00 [BOS long lvl=4677.23|RelVol=0.88|VPnear|VWAPside|ADX=34]
2026.03.20 03:45:00;ORDER;filled BUY 0.02 lots sl=4634.19 tp=4791.78 [WT|BOS|0.60]
2026.03.20 03:45:00;RISK;sizing: vol_ratio=0.75 scalar=1.00 gap_buf=0.00000 eff_stop=52.53000
2026.03.20 03:45:00;ORDER;entry fill deal #194 BUY 0.02 @ 4686.72000
2026.03.20 05:15:00;DECISION;setup LONG score=0.50 entry=4717.44 inv=4639.42 tgt=0.00 [BOS long lvl=4699.22|RelVol=1.05|VWAPside|ADX=51]
2026.03.20 05:15:00;VETO;risk veto: max positions
2026.03.20 12:30:00;DECISION;setup SHORT score=0.50 entry=4658.14 inv=4734.87 tgt=0.00 [CHoCH short lvl=4661.50|RelVol=1.23|VPnear|VWAPside]
2026.03.20 12:30:00;VETO;risk veto: max positions
2026.03.20 15:51:40;RISK;deal closed pnl=-105.06 streak=1 lock=0
2026.03.20 16:00:00;DECISION;setup SHORT score=0.70 entry=4616.45 inv=4695.44 tgt=0.00 [BOS short lvl=4637.22|RelVol=1.12|VPnear|VWAPside|CycleTurn w=-0.61<-0.44]
2026.03.20 16:00:00;ORDER;filled SELL 0.01 lots sl=4695.44 tp=4458.35 [WT|BOS|0.70]
2026.03.20 16:00:00;RISK;sizing: vol_ratio=0.95 scalar=1.00 gap_buf=0.00000 eff_stop=79.03000
2026.03.20 16:00:00;ORDER;entry fill deal #196 SELL 0.01 @ 4616.41000
2026.03.20 20:22:40;MANAGE;#196 SL 4695.44 -> 4616.37 breakeven
2026.03.20 20:22:59;MANAGE;#196 SL 4616.37 -> 4586.41 trail
2026.03.20 20:23:20;MANAGE;#196 SL 4586.41 -> 4584.55 trail
2026.03.20 20:42:40;MANAGE;#196 SL 4584.55 -> 4579.01 trail
2026.03.20 20:43:40;MANAGE;#196 SL 4579.01 -> 4573.45 trail
2026.03.20 20:44:40;MANAGE;#196 SL 4573.45 -> 4571.48 trail
2026.03.20 20:45:00;DECISION;setup SHORT score=0.70 entry=4526.15 inv=4613.58 tgt=0.00 [BOS short lvl=4540.53|RelVol=1.38|VWAPside|CycleTurn w=0.79<-0.98|ADX=39]
2026.03.20 20:45:00;VETO;authorization denied: outside session window (server hour 20, window 03-20)
2026.03.20 20:46:40;MANAGE;#196 SL 4571.48 -> 4571.34 trail
2026.03.20 20:47:40;MANAGE;#196 SL 4571.34 -> 4562.72 trail
2026.03.20 20:48:40;MANAGE;#196 SL 4562.72 -> 4559.64 trail
2026.03.20 20:49:40;MANAGE;#196 SL 4559.64 -> 4559.19 trail
2026.03.20 20:50:40;MANAGE;#196 SL 4559.19 -> 4549.64 trail
2026.03.20 20:55:40;MANAGE;#196 SL 4549.64 -> 4531.22 trail
2026.03.20 20:56:40;MANAGE;#196 SL 4531.22 -> 4529.68 trail
2026.03.20 20:57:20;MANAGE;#196 SL 4529.68 -> 4526.02 trail
2026.03.20 21:00:00;VETO;authorization denied: outside session window (server hour 21, window 03-20)
2026.03.20 21:15:00;VETO;authorization denied: outside session window (server hour 21, window 03-20)
2026.03.20 21:30:00;VETO;authorization denied: outside session window (server hour 21, window 03-20)
2026.03.23 00:01:40;MANAGE;#196 SL 4526.02 -> 4521.01 trail
2026.03.23 00:02:40;MANAGE;#196 SL 4521.01 -> 4507.82 trail
2026.03.23 00:03:40;RISK;deal closed pnl=158.01 streak=0 lock=0
2026.03.23 02:15:00;DECISION;setup SHORT score=0.80 entry=4436.74 inv=4536.29 tgt=0.00 [BOS short lvl=4449.59|RelVol=1.41|VPnear|VWAPside|CycleTurn w=0.29<-0.91|ADX=49]
2026.03.23 02:15:00;VETO;authorization denied: outside session window (server hour 02, window 03-20)
2026.03.23 02:30:00;VETO;authorization denied: outside session window (server hour 02, window 03-20)
2026.03.23 02:45:00;VETO;authorization denied: outside session window (server hour 02, window 03-20)
2026.03.23 03:00:00;VETO;risk veto: size 0.00 < broker min 0.01 (risk too small for stop)
2026.03.23 07:45:00;DECISION;setup SHORT score=0.95 entry=4322.16 inv=4381.65 tgt=0.00 [BOS short lvl=4335.18|RelVol=1.49|VPnode d=1.76|VWAPside|CycleTurn w=0.99<-1.00|ADX=34]
2026.03.23 07:45:00;ORDER;filled SELL 0.01 lots sl=4381.65 tp=4203.18 [WT|BOS|0.95]
2026.03.23 07:45:00;RISK;sizing: vol_ratio=0.95 scalar=1.00 gap_buf=0.00000 eff_stop=59.49000
2026.03.23 07:45:00;ORDER;entry fill deal #198 SELL 0.01 @ 4322.16000
2026.03.23 08:28:40;MANAGE;#198 SL 4381.65 -> 4322.12 breakeven
2026.03.23 08:28:59;MANAGE;#198 SL 4322.12 -> 4300.50 trail
2026.03.23 08:29:40;MANAGE;#198 SL 4300.50 -> 4288.41 trail
2026.03.23 08:31:20;MANAGE;#198 SL 4288.41 -> 4284.74 trail
2026.03.23 08:32:40;MANAGE;#198 SL 4284.74 -> 4280.70 trail
2026.03.23 08:33:20;MANAGE;#198 SL 4280.70 -> 4278.12 trail
2026.03.23 08:34:20;MANAGE;#198 SL 4278.12 -> 4277.12 trail
2026.03.23 08:36:40;MANAGE;#198 SL 4277.12 -> 4271.52 trail
2026.03.23 08:37:40;MANAGE;#198 SL 4271.52 -> 4270.29 trail
2026.03.23 08:42:40;MANAGE;#198 SL 4270.29 -> 4270.04 trail
2026.03.23 08:43:40;RISK;deal closed pnl=118.98 streak=0 lock=0
2026.03.23 13:15:00;DECISION;setup LONG score=0.65 entry=4456.90 inv=4223.64 tgt=0.00 [CHoCH long lvl=4308.28|RelVol=2.26|VPnode d=13.50|VWAPside]
2026.03.23 13:15:00;VETO;risk veto: size 0.00 < broker min 0.01 (risk too small for stop)
2026.03.23 15:00:00;DECISION;setup LONG score=0.65 entry=4478.25 inv=4336.87 tgt=0.00 [BOS long lvl=4462.75|RelVol=1.68|VPnode d=33.35|VWAPside]
2026.03.23 15:00:00;VETO;risk veto: size 0.00 < broker min 0.01 (risk too small for stop)
2026.03.23 18:00:00;DECISION;setup SHORT score=0.75 entry=4363.78 inv=4512.81 tgt=0.00 [CHoCH short lvl=4401.63|RelVol=1.31|VPnode d=4.52|CycleTurn w=-0.51<-0.54]
2026.03.23 18:00:00;VETO;risk veto: size 0.00 < broker min 0.01 (risk too small for stop)
2026.03.23 20:45:00;DECISION;setup LONG score=0.70 entry=4461.73 inv=4350.99 tgt=0.00 [CHoCH long lvl=4438.86|RelVol=1.36|VPnear|VWAPside|CycleTurn w=0.51<--0.57]
2026.03.23 20:45:00;VETO;authorization denied: outside session window (server hour 20, window 03-20)
2026.03.23 21:00:00;VETO;authorization denied: outside session window (server hour 21, window 03-20)
2026.03.23 21:15:00;VETO;authorization denied: outside session window (server hour 21, window 03-20)
2026.03.23 21:30:00;VETO;authorization denied: outside session window (server hour 21, window 03-20)
2026.03.24 02:45:00;DECISION;setup SHORT score=0.60 entry=4344.32 inv=4448.36 tgt=0.00 [CHoCH short lvl=4361.27|RelVol=1.81|VWAPside|CycleTurn w=-0.30<-0.77]
2026.03.24 02:45:00;VETO;authorization denied: outside session window (server hour 02, window 03-20)
2026.03.24 03:00:00;ORDER;filled SELL 0.01 lots sl=4448.36 tp=4197.11 [WT|CHOCH|0.60]
2026.03.24 03:00:00;RISK;sizing: vol_ratio=0.72 scalar=1.00 gap_buf=0.00000 eff_stop=83.75000
2026.03.24 03:00:00;ORDER;entry fill deal #200 SELL 0.01 @ 4364.61000
2026.03.24 08:30:00;DECISION;setup LONG score=0.65 entry=4386.81 inv=4319.88 tgt=0.00 [CHoCH long lvl=4379.28|RelVol=1.23|VPnode d=13.01|VWAPside]
2026.03.24 08:30:00;VETO;risk veto: max positions
2026.03.24 13:00:00;DECISION;setup LONG score=0.75 entry=4438.77 inv=4391.11 tgt=0.00 [BOS long lvl=4432.68|RelVol=1.12|VPnode d=3.23|VWAPside|ADX=41]
2026.03.24 13:00:00;VETO;risk veto: max positions
2026.03.24 14:45:00;DECISION;setup SHORT score=0.65 entry=4369.83 inv=4442.08 tgt=0.00 [CHoCH short lvl=4374.64|RelVol=1.43|VPnode d=14.83|VWAPside]
2026.03.24 14:45:00;VETO;risk veto: max positions
2026.03.24 19:15:00;DECISION;setup SHORT score=0.75 entry=4397.53 inv=4430.93 tgt=0.00 [BOS short lvl=4402.47|RelVol=1.26|VPnode d=13.97|CycleTurn w=0.96<-1.00]
2026.03.24 19:15:00;VETO;risk veto: max positions
2026.03.24 22:24:40;RISK;deal closed pnl=-83.75 streak=1 lock=0
2026.03.24 22:30:00;DECISION;setup LONG score=0.50 entry=4455.64 inv=4372.15 tgt=0.00 [CHoCH long lvl=4423.40|RelVol=1.90|VPnear|VWAPside]
2026.03.24 22:30:00;VETO;authorization denied: outside session window (server hour 22, window 03-20)
2026.03.24 22:45:00;VETO;authorization denied: outside session window (server hour 22, window 03-20)
2026.03.25 00:00:00;VETO;authorization denied: outside session window (server hour 00, window 03-20)
2026.03.25 00:15:00;VETO;authorization denied: outside session window (server hour 00, window 03-20)
2026.03.25 01:30:00;DECISION;setup LONG score=0.50 entry=4509.99 inv=4455.97 tgt=0.00 [BOS long lvl=4485.76|RelVol=1.22|VPnear|VWAPside]
2026.03.25 01:30:00;VETO;authorization denied: outside session window (server hour 01, window 03-20)
2026.03.25 01:45:00;VETO;authorization denied: outside session window (server hour 01, window 03-20)
2026.03.25 02:00:00;VETO;authorization denied: outside session window (server hour 02, window 03-20)
2026.03.25 02:15:00;VETO;authorization denied: outside session window (server hour 02, window 03-20)
2026.03.25 07:30:00;DECISION;setup SHORT score=0.65 entry=4554.91 inv=4602.46 tgt=0.00 [CHoCH short lvl=4565.76|RelVol=0.96|VPnode d=3.71|VWAPside]
2026.03.25 07:30:00;ORDER;filled SELL 0.02 lots sl=4602.46 tp=4459.81 [WT|CHOCH|0.65]
2026.03.25 07:30:00;RISK;sizing: vol_ratio=0.51 scalar=1.00 gap_buf=0.00000 eff_stop=47.55000
2026.03.25 07:30:00;ORDER;entry fill deal #202 SELL 0.02 @ 4554.91000
2026.03.25 10:30:00;DECISION;setup LONG score=0.85 entry=4565.59 inv=4533.26 tgt=0.00 [CHoCH long lvl=4563.29|RelVol=1.12|VPnode d=8.11|VWAPside|CycleTurn w=-0.99<--1.00]
2026.03.25 10:30:00;VETO;risk veto: max positions
2026.03.25 13:30:00;DECISION;setup LONG score=0.85 entry=4579.89 inv=4527.80 tgt=0.00 [BOS long lvl=4567.86|RelVol=1.03|VPnode d=2.29|VWAPside|CycleTurn w=-0.63<--0.96]
2026.03.25 13:30:00;VETO;risk veto: max positions
2026.03.25 21:00:00;DECISION;setup SHORT score=0.65 entry=4538.26 inv=4568.94 tgt=0.00 [CHoCH short lvl=4542.56|RelVol=0.96|VPnode d=4.54|VWAPside]
2026.03.25 21:00:00;VETO;authorization denied: outside session window (server hour 21, window 03-20)
2026.03.25 21:09:40;MANAGE;#202 SL 4602.46 -> 4554.87 breakeven
2026.03.25 21:09:59;MANAGE;#202 SL 4554.87 -> 4531.31 trail
2026.03.25 21:10:40;MANAGE;#202 SL 4531.31 -> 4524.94 trail
2026.03.25 21:11:40;MANAGE;#202 SL 4524.94 -> 4514.46 trail
2026.03.25 21:15:00;VETO;authorization denied: outside session window (server hour 21, window 03-20)
2026.03.25 21:16:40;RISK;deal closed pnl=80.90 streak=0 lock=0
2026.03.25 21:30:00;VETO;authorization denied: outside session window (server hour 21, window 03-20)
2026.03.25 21:45:00;VETO;authorization denied: outside session window (server hour 21, window 03-20)
2026.03.26 03:00:00;DECISION;setup LONG score=0.65 entry=4535.65 inv=4489.03 tgt=0.00 [CHoCH long lvl=4534.75|RelVol=0.91|VPnode d=1.75|VWAPside]
2026.03.26 03:00:00;ORDER;filled BUY 0.02 lots sl=4489.03 tp=4629.01 [WT|CHOCH|0.65]
2026.03.26 03:00:00;RISK;sizing: vol_ratio=1.10 scalar=1.00 gap_buf=0.00000 eff_stop=46.66000
2026.03.26 03:00:00;ORDER;entry fill deal #204 BUY 0.02 @ 4535.69000
2026.03.26 07:30:00;DECISION;setup SHORT score=0.60 entry=4493.63 inv=4544.42 tgt=0.00 [CHoCH short lvl=4499.96|RelVol=1.23|VWAPside|CycleTurn w=0.61<-0.98]
2026.03.26 07:30:00;VETO;risk veto: max positions
2026.03.26 07:30:40;RISK;deal closed pnl=-93.32 streak=1 lock=0
2026.03.26 16:30:00;VETO;signal rejected: score 0.40 < 0.45 [CHoCH long lvl=4456.64|RelVol=1.02|VPnear]
2026.03.26 18:30:00;DECISION;setup SHORT score=0.85 entry=4396.64 inv=4479.38 tgt=0.00 [CHoCH short lvl=4420.23|RelVol=1.16|VPnode d=15.76|VWAPside|CycleTurn w=-0.46<-0.61]
2026.03.26 18:30:00;ORDER;filled SELL 0.01 lots sl=4479.38 tp=4231.16 [WT|CHOCH|0.85]
2026.03.26 18:30:00;RISK;sizing: vol_ratio=1.27 scalar=1.00 gap_buf=0.00000 eff_stop=82.74000
2026.03.26 18:30:00;ORDER;entry fill deal #206 SELL 0.01 @ 4396.64000
2026.03.26 22:00:00;DECISION;setup SHORT score=0.70 entry=4364.03 inv=4399.41 tgt=0.00 [BOS short lvl=4367.79|RelVol=1.10|VWAPside|CycleTurn w=0.73<-0.88|ADX=43]
2026.03.26 22:00:00;VETO;authorization denied: outside session window (server hour 22, window 03-20)
2026.03.26 22:15:00;VETO;authorization denied: outside session window (server hour 22, window 03-20)
2026.03.26 22:30:00;DECISION;setup LONG score=0.60 entry=4404.51 inv=4367.79 tgt=0.00 [CHoCH long lvl=4399.41|RelVol=1.77|VPnear|CycleTurn w=0.49<-0.33]
2026.03.26 22:30:00;VETO;authorization denied: outside session window (server hour 22, window 03-20)
2026.03.26 22:45:00;VETO;authorization denied: outside session window (server hour 22, window 03-20)
2026.03.27 00:00:00;VETO;authorization denied: outside session window (server hour 00, window 03-20)
2026.03.27 00:15:00;VETO;authorization denied: outside session window (server hour 00, window 03-20)
2026.03.27 03:00:00;DECISION;setup SHORT score=0.85 entry=4378.45 inv=4411.10 tgt=0.00 [CHoCH short lvl=4390.17|RelVol=0.94|VPnode d=10.95|VWAPside|CycleTurn w=0.83<-0.96]
2026.03.27 03:00:00;VETO;risk veto: max positions
2026.03.27 03:45:00;DECISION;setup LONG score=0.85 entry=4419.28 inv=4375.38 tgt=0.00 [CHoCH long lvl=4411.10|RelVol=0.72|VPnode d=10.68|VWAPside|CycleTurn w=0.26<--0.51]
2026.03.27 03:45:00;VETO;risk veto: max positions
2026.03.27 07:00:00;DECISION;setup LONG score=0.75 entry=4446.13 inv=4421.10 tgt=0.00 [BOS long lvl=4446.01|RelVol=1.01|VPnode d=3.47|VWAPside|ADX=40]
2026.03.27 07:00:00;VETO;risk veto: max positions
2026.03.27 12:45:00;DECISION;setup SHORT score=0.65 entry=4415.91 inv=4475.17 tgt=0.00 [CHoCH short lvl=4420.66|RelVol=0.88|VPnode d=7.49|VWAPside]
2026.03.27 12:45:00;VETO;risk veto: max positions
2026.03.27 16:15:00;DECISION;setup LONG score=0.65 entry=4459.94 inv=4404.09 tgt=0.00 [CHoCH long lvl=4445.29|RelVol=0.82|VPnode d=7.74|VWAPside]
2026.03.27 16:15:00;VETO;risk veto: max positions
2026.03.27 16:50:40;RISK;deal closed pnl=-82.79 streak=1 lock=0
2026.03.30 01:00:00;VETO;signal rejected: score 0.30 < 0.45 [CHoCH short lvl=4500.89|RelVol=0.62]
2026.03.30 02:45:00;DECISION;setup SHORT score=0.60 entry=4452.17 inv=4513.98 tgt=0.00 [BOS short lvl=4468.39|RelVol=1.23|VPnear|VWAPside|ADX=49]
2026.03.30 02:45:00;VETO;authorization denied: outside session window (server hour 02, window 03-20)
2026.03.30 03:00:00;ORDER;filled SELL 0.01 lots sl=4513.98 tp=4318.23 [WT|BOS|0.60]
2026.03.30 03:00:00;RISK;sizing: vol_ratio=1.28 scalar=1.00 gap_buf=0.00000 eff_stop=65.25000
2026.03.30 03:00:00;ORDER;entry fill deal #208 SELL 0.01 @ 4448.73000
2026.03.30 05:45:00;DECISION;setup LONG score=0.65 entry=4494.71 inv=4419.53 tgt=0.00 [CHoCH long lvl=4475.62|RelVol=1.42|VPnode d=15.11|VWAPside]
2026.03.30 05:45:00;VETO;risk veto: max positions
2026.03.30 06:23:40;RISK;deal closed pnl=-65.25 streak=1 lock=0
2026.03.30 09:00:00;DECISION;setup LONG score=0.75 entry=4522.48 inv=4486.21 tgt=0.00 [BOS long lvl=4517.26|RelVol=0.96|VPnode d=7.88|VWAPside|ADX=32]
2026.03.30 09:00:00;ORDER;filled BUY 0.03 lots sl=4486.21 tp=4595.08 [WT|BOS|0.75]
2026.03.30 09:00:00;RISK;sizing: vol_ratio=0.92 scalar=1.00 gap_buf=0.00000 eff_stop=36.29000
2026.03.30 09:00:00;ORDER;entry fill deal #210 BUY 0.03 @ 4522.50000
2026.03.30 14:30:00;DECISION;setup LONG score=0.95 entry=4543.47 inv=4523.60 tgt=0.00 [BOS long lvl=4540.78|RelVol=0.90|VPnode d=4.53|VWAPside|CycleTurn w=-0.98<--1.00|ADX=35]
2026.03.30 14:30:00;VETO;risk veto: max positions
2026.03.30 14:44:40;MANAGE;#210 SL 4486.21 -> 4522.54 breakeven
2026.03.30 14:44:59;MANAGE;#210 SL 4522.54 -> 4544.48 trail
2026.03.30 14:45:40;MANAGE;#210 SL 4544.48 -> 4547.16 trail
2026.03.30 14:47:40;MANAGE;#210 SL 4547.16 -> 4549.94 trail
2026.03.30 14:50:40;MANAGE;#210 SL 4549.94 -> 4552.61 trail
2026.03.30 14:51:40;MANAGE;#210 SL 4552.61 -> 4557.01 trail
2026.03.30 14:58:40;RISK;deal closed pnl=103.53 streak=0 lock=0
2026.03.30 17:00:00;DECISION;setup SHORT score=0.75 entry=4523.17 inv=4578.73 tgt=0.00 [CHoCH short lvl=4525.44|RelVol=0.98|VPnode d=9.33|CycleTurn w=-0.11<-0.84]
2026.03.30 17:00:00;ORDER;filled SELL 0.02 lots sl=4578.73 tp=4412.05 [WT|CHOCH|0.75]
2026.03.30 17:00:00;RISK;sizing: vol_ratio=0.97 scalar=1.00 gap_buf=0.00000 eff_stop=55.56000
2026.03.30 17:00:00;ORDER;entry fill deal #212 SELL 0.02 @ 4523.17000
2026.03.30 22:00:00;DECISION;setup SHORT score=0.60 entry=4498.97 inv=4556.82 tgt=0.00 [BOS short lvl=4511.25|RelVol=0.80|VPnear|VWAPside|ADX=43]
2026.03.30 22:00:00;VETO;authorization denied: outside session window (server hour 22, window 03-20)
2026.03.30 22:15:00;VETO;authorization denied: outside session window (server hour 22, window 03-20)
2026.03.30 22:30:00;VETO;authorization denied: outside session window (server hour 22, window 03-20)
2026.03.30 22:45:00;VETO;authorization denied: outside session window (server hour 22, window 03-20)
2026.03.31 03:45:00;DECISION;setup LONG score=0.50 entry=4536.72 inv=4492.32 tgt=0.00 [CHoCH long lvl=4523.00|RelVol=0.93|VPnear|VWAPside]
2026.03.31 03:45:00;VETO;risk veto: max positions
2026.03.31 04:24:40;RISK;deal closed pnl=-111.21 streak=1 lock=0
2026.03.31 13:45:00;DECISION;setup SHORT score=0.65 entry=4541.09 inv=4575.21 tgt=0.00 [CHoCH short lvl=4550.19|RelVol=1.26|VPnode d=5.11|VWAPside]
2026.03.31 13:45:00;ORDER;filled SELL 0.03 lots sl=4575.21 tp=4472.91 [WT|CHOCH|0.65]
2026.03.31 13:45:00;RISK;sizing: vol_ratio=0.74 scalar=1.00 gap_buf=0.00000 eff_stop=34.10000
2026.03.31 13:45:00;ORDER;entry fill deal #214 SELL 0.03 @ 4541.11000
2026.03.31 14:21:40;RISK;deal closed pnl=-102.30 streak=2 lock=0
2026.03.31 14:30:00;DECISION;setup LONG score=0.85 entry=4575.31 inv=4529.49 tgt=0.00 [CHoCH long lvl=4575.21|RelVol=1.24|VPnode d=9.69|VWAPside|CycleTurn w=-0.98<--1.00]
2026.03.31 14:30:00;ORDER;filled BUY 0.02 lots sl=4529.49 tp=4667.07 [WT|CHOCH|0.85]
2026.03.31 14:30:00;RISK;sizing: vol_ratio=0.90 scalar=1.00 gap_buf=0.00000 eff_stop=45.86000
2026.03.31 14:30:00;ORDER;entry fill deal #216 BUY 0.02 @ 4575.35000
2026.03.31 17:00:00;DECISION;setup LONG score=0.50 entry=4607.11 inv=4567.84 tgt=0.00 [BOS long lvl=4597.56|RelVol=0.76|VPnear|VWAPside]
2026.03.31 17:00:00;VETO;risk veto: max positions
2026.03.31 17:02:40;MANAGE;#216 SL 4529.49 -> 4575.39 breakeven
2026.03.31 17:02:59;MANAGE;#216 SL 4575.39 -> 4582.49 trail
2026.03.31 17:03:20;MANAGE;#216 SL 4582.49 -> 4585.87 trail
2026.03.31 17:33:40;MANAGE;#216 SL 4585.87 -> 4588.30 trail
2026.03.31 17:34:20;MANAGE;#216 SL 4588.30 -> 4591.50 trail
2026.03.31 19:39:40;MANAGE;#216 SL 4591.50 -> 4597.57 trail
2026.03.31 19:40:40;MANAGE;#216 SL 4597.57 -> 4605.52 trail
2026.03.31 19:41:40;MANAGE;#216 SL 4605.52 -> 4612.43 trail
2026.03.31 19:42:20;MANAGE;#216 SL 4612.43 -> 4613.93 trail
2026.03.31 19:43:20;MANAGE;#216 SL 4613.93 -> 4615.73 trail
2026.03.31 19:45:00;DECISION;setup LONG score=0.50 entry=4641.69 inv=4594.99 tgt=0.00 [BOS long lvl=4630.13|RelVol=1.13|VWAPside|ADX=36]
2026.03.31 19:45:00;VETO;risk veto: max positions
2026.03.31 20:04:20;MANAGE;#216 SL 4615.73 -> 4616.22 trail
2026.03.31 20:23:20;MANAGE;#216 SL 4616.22 -> 4618.82 trail
2026.03.31 20:32:20;MANAGE;#216 SL 4618.82 -> 4619.16 trail
2026.03.31 20:34:40;MANAGE;#216 SL 4619.16 -> 4620.61 trail
2026.03.31 20:35:40;MANAGE;#216 SL 4620.61 -> 4622.75 trail
2026.03.31 20:42:40;MANAGE;#216 SL 4622.75 -> 4625.38 trail
2026.03.31 20:46:40;MANAGE;#216 SL 4625.38 -> 4625.59 trail
2026.03.31 20:47:40;MANAGE;#216 SL 4625.59 -> 4628.51 trail
2026.03.31 20:51:20;RISK;deal closed pnl=183.44 streak=0 lock=0
2026.04.01 03:15:00;DECISION;setup LONG score=0.80 entry=4703.36 inv=4661.63 tgt=0.00 [BOS long lvl=4696.44|RelVol=0.67|VPnear|VWAPside|CycleTurn w=-0.88<--0.98|ADX=52]
2026.04.01 03:15:00;ORDER;filled BUY 0.02 lots sl=4661.63 tp=4786.94 [WT|BOS|0.80]
2026.04.01 03:15:00;RISK;sizing: vol_ratio=0.92 scalar=1.00 gap_buf=0.00000 eff_stop=41.77000
2026.04.01 03:15:00;ORDER;entry fill deal #218 BUY 0.02 @ 4703.40000
2026.04.01 07:15:00;DECISION;setup SHORT score=0.65 entry=4673.91 inv=4695.02 tgt=0.00 [CHoCH short lvl=4678.28|RelVol=0.83|StopFloored|VPnode d=0.29|VWAPside]
2026.04.01 07:15:00;VETO;risk veto: max positions
2026.04.01 08:45:00;DECISION;setup LONG score=0.85 entry=4702.18 inv=4667.06 tgt=0.00 [CHoCH long lvl=4694.22|RelVol=0.82|VPnode d=2.78|VWAPside|CycleTurn w=-0.93<--0.98]
2026.04.01 08:45:00;VETO;risk veto: max positions
2026.04.01 10:37:40;MANAGE;#218 SL 4661.63 -> 4703.44 breakeven
2026.04.01 10:37:59;MANAGE;#218 SL 4703.44 -> 4716.10 trail
2026.04.01 10:38:40;MANAGE;#218 SL 4716.10 -> 4720.70 trail
2026.04.01 10:49:40;RISK;deal closed pnl=34.60 streak=0 lock=0
2026.04.01 14:30:00;DECISION;setup LONG score=0.70 entry=4745.13 inv=4713.26 tgt=0.00 [BOS long lvl=4740.55|RelVol=0.59|VWAPside|CycleTurn w=0.35<--0.66|ADX=32]
2026.04.01 14:30:00;ORDER;filled BUY 0.03 lots sl=4713.26 tp=4808.99 [WT|BOS|0.70]
2026.04.01 14:30:00;RISK;sizing: vol_ratio=0.76 scalar=1.00 gap_buf=0.00000 eff_stop=31.91000
2026.04.01 14:30:00;ORDER;entry fill deal #220 BUY 0.03 @ 4745.17000
2026.04.01 17:45:00;DECISION;setup LONG score=0.85 entry=4754.13 inv=4716.20 tgt=0.00 [BOS long lvl=4753.71|RelVol=0.84|VPnode d=4.73|VWAPside|CycleTurn w=-0.93<--0.97]
2026.04.01 17:45:00;VETO;risk veto: max positions
2026.04.01 18:31:40;MANAGE;#220 SL 4713.26 -> 4745.21 breakeven
2026.04.01 18:36:40;MANAGE;#220 SL 4745.21 -> 4746.08 trail
2026.04.01 18:44:40;MANAGE;#220 SL 4746.08 -> 4749.05 trail
2026.04.01 18:45:20;MANAGE;#220 SL 4749.05 -> 4749.20 trail
2026.04.01 18:50:40;MANAGE;#220 SL 4749.20 -> 4750.18 trail
2026.04.01 19:00:00;MANAGE;#220 SL 4750.18 -> 4750.66 trail
2026.04.01 19:00:40;MANAGE;#220 SL 4750.66 -> 4752.53 trail
2026.04.01 19:01:40;MANAGE;#220 SL 4752.53 -> 4753.34 trail
2026.04.01 19:02:20;MANAGE;#220 SL 4753.34 -> 4754.78 trail
2026.04.01 19:58:40;MANAGE;#220 SL 4754.78 -> 4755.84 trail
2026.04.01 19:59:40;MANAGE;#220 SL 4755.84 -> 4757.46 trail
2026.04.01 20:00:40;MANAGE;#220 SL 4757.46 -> 4758.17 trail
2026.04.01 20:01:40;MANAGE;#220 SL 4758.17 -> 4759.17 trail
2026.04.01 20:02:40;MANAGE;#220 SL 4759.17 -> 4761.19 trail
2026.04.01 20:03:20;MANAGE;#220 SL 4761.19 -> 4761.50 trail
2026.04.01 20:06:40;MANAGE;#220 SL 4761.50 -> 4762.64 trail
2026.04.01 21:03:40;RISK;deal closed pnl=52.41 streak=0 lock=0
2026.04.02 02:15:00;DECISION;setup LONG score=0.85 entry=4791.28 inv=4748.72 tgt=0.00 [BOS long lvl=4778.27|RelVol=0.61|VPnode d=2.68|VWAPside|CycleTurn w=-0.30<--0.86]
2026.04.02 02:15:00;VETO;authorization denied: outside session window (server hour 02, window 03-20)
2026.04.02 02:30:00;VETO;authorization denied: outside session window (server hour 02, window 03-20)
2026.04.02 02:45:00;VETO;authorization denied: outside session window (server hour 02, window 03-20)
2026.04.02 03:00:00;ORDER;filled BUY 0.03 lots sl=4748.72 tp=4854.98 [WT|BOS|0.85]
2026.04.02 03:00:00;RISK;sizing: vol_ratio=0.94 scalar=1.00 gap_buf=0.00000 eff_stop=35.42000
2026.04.02 03:00:00;ORDER;entry fill deal #222 BUY 0.03 @ 4784.14000
2026.04.02 04:03:40;RISK;deal closed pnl=-106.26 streak=1 lock=0
2026.04.02 04:15:00;DECISION;setup SHORT score=0.70 entry=4750.86 inv=4800.45 tgt=0.00 [CHoCH short lvl=4775.11|RelVol=1.54|VPnear|VWAPside|CycleTurn w=-0.06<-0.87]
2026.04.02 04:15:00;ORDER;filled SELL 0.02 lots sl=4800.45 tp=4651.77 [WT|CHOCH|0.70]
2026.04.02 04:15:00;RISK;sizing: vol_ratio=1.11 scalar=1.00 gap_buf=0.00000 eff_stop=49.56000
2026.04.02 04:15:00;ORDER;entry fill deal #224 SELL 0.02 @ 4750.89000
2026.04.02 04:25:40;MANAGE;#224 SL 4800.45 -> 4750.85 breakeven
2026.04.02 04:25:59;MANAGE;#224 SL 4750.85 -> 4734.29 trail
2026.04.02 04:26:40;MANAGE;#224 SL 4734.29 -> 4719.96 trail
2026.04.02 04:31:40;MANAGE;#224 SL 4719.96 -> 4712.67 trail
2026.04.02 04:32:40;RISK;deal closed pnl=198.24 streak=0 lock=0
2026.04.02 08:45:00;DECISION;setup SHORT score=0.60 entry=4634.05 inv=4699.25 tgt=0.00 [BOS short lvl=4655.53|RelVol=1.50|VPnear|VWAPside|ADX=38]
2026.04.02 08:45:00;ORDER;filled SELL 0.01 lots sl=4699.25 tp=4503.65 [WT|BOS|0.60]
2026.04.02 08:45:00;RISK;sizing: vol_ratio=1.07 scalar=1.00 gap_buf=0.00000 eff_stop=65.20000
2026.04.02 08:45:00;ORDER;entry fill deal #226 SELL 0.01 @ 4634.05000
2026.04.02 09:08:40;MANAGE;#226 SL 4699.25 -> 4634.01 breakeven
2026.04.02 09:08:59;MANAGE;#226 SL 4634.01 -> 4606.08 trail
2026.04.02 09:09:20;MANAGE;#226 SL 4606.08 -> 4603.71 trail
2026.04.02 09:10:40;MANAGE;#226 SL 4603.71 -> 4596.38 trail
2026.04.02 09:11:20;MANAGE;#226 SL 4596.38 -> 4592.68 trail
2026.04.02 09:20:40;RISK;deal closed pnl=41.37 streak=0 lock=0
2026.04.02 14:45:00;DECISION;setup SHORT score=0.70 entry=4600.05 inv=4634.98 tgt=0.00 [BOS short lvl=4604.12|RelVol=0.82|VPnear|VWAPside|CycleTurn w=0.99<-1.00]
2026.04.02 14:45:00;ORDER;filled SELL 0.03 lots sl=4634.98 tp=4530.19 [WT|BOS|0.70]
2026.04.02 14:45:00;RISK;sizing: vol_ratio=0.89 scalar=1.00 gap_buf=0.00000 eff_stop=34.93000
2026.04.02 14:45:00;ORDER;entry fill deal #228 SELL 0.03 @ 4600.05000
2026.04.02 16:15:00;VETO;signal rejected: score 0.40 < 0.45 [BOS short lvl=4592.93|RelVol=0.93|VWAPside]
2026.04.02 16:49:40;RISK;deal closed pnl=-104.79 streak=1 lock=0
2026.04.02 17:00:00;VETO;signal rejected: score 0.40 < 0.45 [CHoCH long lvl=4630.27|RelVol=0.95|VPnear]
2026.04.02 22:15:00;DECISION;setup LONG score=0.70 entry=4674.52 inv=4645.77 tgt=0.00 [BOS long lvl=4670.46|RelVol=0.97|VPnear|VWAPside|CycleTurn w=-0.60<--0.94]
2026.04.02 22:15:00;VETO;authorization denied: outside session window (server hour 22, window 03-20)
2026.04.02 22:30:00;VETO;authorization denied: outside session window (server hour 22, window 03-20)
2026.04.02 22:45:00;VETO;authorization denied: outside session window (server hour 22, window 03-20)
2026.04.06 01:00:00;VETO;authorization denied: outside session window (server hour 01, window 03-20)
2026.04.06 01:15:00;DECISION;setup SHORT score=0.85 entry=4629.83 inv=4681.85 tgt=0.00 [CHoCH short lvl=4645.77|RelVol=1.64|VPnode d=4.27|VWAPside|CycleTurn w=0.66<-1.00]
2026.04.06 01:15:00;VETO;authorization denied: outside session window (server hour 01, window 03-20)
2026.04.06 01:30:00;VETO;authorization denied: outside session window (server hour 01, window 03-20)
2026.04.06 01:45:00;VETO;authorization denied: outside session window (server hour 01, window 03-20)
2026.04.06 02:00:00;VETO;authorization denied: outside session window (server hour 02, window 03-20)
2026.04.06 05:30:00;DECISION;setup LONG score=0.50 entry=4661.13 inv=4600.76 tgt=0.00 [CHoCH long lvl=4643.13|RelVol=1.23|VPnear|VWAPside]
2026.04.06 05:30:00;ORDER;filled BUY 0.01 lots sl=4600.76 tp=4781.99 [WT|CHOCH|0.50]
2026.04.06 05:30:00;RISK;sizing: vol_ratio=0.96 scalar=1.00 gap_buf=0.00000 eff_stop=60.41000
2026.04.06 05:30:00;ORDER;entry fill deal #230 BUY 0.01 @ 4661.17000
2026.04.06 08:15:00;DECISION;setup LONG score=0.50 entry=4673.73 inv=4625.30 tgt=0.00 [BOS long lvl=4671.95|RelVol=0.68|VWAPside|ADX=38]
2026.04.06 08:15:00;VETO;risk veto: max positions
2026.04.06 11:00:00;DECISION;setup LONG score=0.70 entry=4684.85 inv=4643.15 tgt=0.00 [BOS long lvl=4667.86|RelVol=1.00|VPnear|VWAPside|CycleTurn w=-0.55<--0.67]
2026.04.06 11:00:00;VETO;risk veto: max positions
2026.04.06 15:00:00;VETO;signal rejected: score 0.30 < 0.45 [CHoCH short lvl=4684.79|RelVol=0.54]
2026.04.07 04:15:00;DECISION;setup SHORT score=0.70 entry=4640.58 inv=4667.86 tgt=0.00 [BOS short lvl=4649.12|RelVol=1.45|VPnear|VWAPside|CycleTurn w=0.88<-0.99]
2026.04.07 04:15:00;VETO;risk veto: max positions
2026.04.07 07:45:00;DECISION;setup LONG score=0.65 entry=4662.38 inv=4616.23 tgt=0.00 [CHoCH long lvl=4654.14|RelVol=0.62|VPnode d=0.58|VWAPside]
2026.04.07 07:45:00;VETO;risk veto: max positions
2026.04.07 11:15:00;DECISION;setup LONG score=0.65 entry=4663.41 inv=4623.10 tgt=0.00 [BOS long lvl=4657.15|RelVol=1.32|VPnode d=1.21|VWAPside]
2026.04.07 11:15:00;VETO;risk veto: max positions
2026.04.07 14:15:00;DECISION;setup SHORT score=0.65 entry=4635.71 inv=4694.49 tgt=0.00 [CHoCH short lvl=4636.56|RelVol=0.95|VPnode d=0.71|VWAPside]
2026.04.07 14:15:00;VETO;risk veto: max positions
2026.04.07 17:15:00;DECISION;setup SHORT score=0.50 entry=4622.05 inv=4671.04 tgt=0.00 [BOS short lvl=4628.95|RelVol=1.23|VPnear|VWAPside]
2026.04.07 17:15:00;VETO;risk veto: max positions
2026.04.07 19:30:00;DECISION;setup LONG score=0.65 entry=4662.95 inv=4607.28 tgt=0.00 [CHoCH long lvl=4661.43|RelVol=1.01|VPnode d=0.25|VWAPside]
2026.04.07 19:30:00;VETO;risk veto: max positions
2026.04.07 20:45:00;DECISION;setup LONG score=0.75 entry=4672.28 inv=4607.28 tgt=0.00 [BOS long lvl=4668.42|RelVol=1.38|VPnode d=8.68|VWAPside|ADX=33]
2026.04.07 20:45:00;VETO;authorization denied: outside session window (server hour 20, window 03-20)
2026.04.07 21:00:00;VETO;authorization denied: outside session window (server hour 21, window 03-20)
2026.04.07 21:15:00;VETO;authorization denied: outside session window (server hour 21, window 03-20)
2026.04.07 21:30:00;VETO;authorization denied: outside session window (server hour 21, window 03-20)
2026.04.07 22:30:00;DECISION;setup LONG score=0.60 entry=4687.54 inv=4653.90 tgt=0.00 [BOS long lvl=4686.61|RelVol=2.50|VPnear|VWAPside|ADX=37]
2026.04.07 22:30:00;VETO;authorization denied: outside session window (server hour 22, window 03-20)
2026.04.07 22:45:00;VETO;authorization denied: outside session window (server hour 22, window 03-20)
2026.04.08 01:00:00;VETO;authorization denied: outside session window (server hour 01, window 03-20)
2026.04.08 01:00:40;MANAGE;#230 SL 4600.76 -> 4661.81 breakeven
2026.04.08 01:00:59;MANAGE;#230 SL 4661.81 -> 4715.87 trail
2026.04.08 01:05:40;MANAGE;#230 SL 4715.87 -> 4718.92 trail
2026.04.08 01:06:40;MANAGE;#230 SL 4718.92 -> 4721.06 trail
2026.04.08 01:15:00;VETO;authorization denied: outside session window (server hour 01, window 03-20)
2026.04.08 01:32:20;MANAGE;#230 SL 4721.06 -> 4721.99 trail
2026.04.08 01:32:40;RISK;deal closed pnl=60.56 streak=0 lock=0
2026.04.08 09:00:00;DECISION;setup LONG score=0.85 entry=4827.53 inv=4790.20 tgt=0.00 [BOS long lvl=4825.27|RelVol=1.04|VPnode d=4.73|VWAPside|CycleTurn w=-0.94<--0.97]
2026.04.08 09:00:00;ORDER;filled BUY 0.03 lots sl=4790.20 tp=4902.19 [WT|BOS|0.85]
2026.04.08 09:00:00;RISK;sizing: vol_ratio=0.64 scalar=1.00 gap_buf=0.00000 eff_stop=37.33000
2026.04.08 09:00:00;ORDER;entry fill deal #232 BUY 0.03 @ 4827.53000
2026.04.08 12:43:40;RISK;deal closed pnl=-111.99 streak=1 lock=0
2026.04.08 12:45:00;DECISION;setup SHORT score=0.50 entry=4782.56 inv=4843.82 tgt=0.00 [CHoCH short lvl=4790.53|RelVol=1.05|VPnear|VWAPside]
2026.04.08 12:45:00;ORDER;filled SELL 0.01 lots sl=4843.82 tp=4660.04 [WT|CHOCH|0.50]
2026.04.08 12:45:00;RISK;sizing: vol_ratio=0.84 scalar=1.00 gap_buf=0.00000 eff_stop=61.26000
2026.04.08 12:45:00;ORDER;entry fill deal #234 SELL 0.01 @ 4782.56000
2026.04.08 17:30:00;DECISION;setup SHORT score=0.65 entry=4768.06 inv=4806.70 tgt=0.00 [BOS short lvl=4768.79|RelVol=1.02|VPnode d=6.54|VWAPside]
2026.04.08 17:30:00;VETO;risk veto: max positions
2026.04.08 20:45:00;VETO;signal rejected: score 0.40 < 0.45 [BOS short lvl=4745.40|RelVol=1.21|VWAPside]
2026.04.08 21:18:40;MANAGE;#234 SL 4843.82 -> 4782.52 breakeven
2026.04.08 21:18:59;MANAGE;#234 SL 4782.52 -> 4752.82 trail
2026.04.08 21:19:00;MANAGE;#234 SL 4752.82 -> 4752.43 trail
2026.04.08 21:19:20;MANAGE;#234 SL 4752.43 -> 4748.49 trail
2026.04.08 21:25:40;MANAGE;#234 SL 4748.49 -> 4745.36 trail
2026.04.08 21:36:40;MANAGE;#234 SL 4745.36 -> 4745.18 trail
2026.04.08 21:37:40;MANAGE;#234 SL 4745.18 -> 4743.93 trail
2026.04.08 21:38:40;MANAGE;#234 SL 4743.93 -> 4740.88 trail
2026.04.08 21:39:40;MANAGE;#234 SL 4740.88 -> 4740.00 trail
2026.04.08 21:41:40;MANAGE;#234 SL 4740.00 -> 4739.60 trail
2026.04.08 21:42:20;MANAGE;#234 SL 4739.60 -> 4737.83 trail
2026.04.08 21:43:40;MANAGE;#234 SL 4737.83 -> 4734.81 trail
2026.04.08 21:50:40;MANAGE;#234 SL 4734.81 -> 4733.17 trail
2026.04.08 21:51:40;MANAGE;#234 SL 4733.17 -> 4731.00 trail
2026.04.08 21:56:20;MANAGE;#234 SL 4731.00 -> 4730.39 trail
2026.04.08 22:00:40;MANAGE;#234 SL 4730.39 -> 4727.92 trail
2026.04.08 22:05:40;MANAGE;#234 SL 4727.92 -> 4726.28 trail
2026.04.08 22:48:40;RISK;deal closed pnl=56.28 streak=0 lock=0
2026.04.09 03:15:00;DECISION;setup SHORT score=0.65 entry=4702.41 inv=4732.42 tgt=0.00 [BOS short lvl=4704.63|RelVol=0.70|VPnode d=4.99|VWAPside]
2026.04.09 03:15:00;ORDER;filled SELL 0.03 lots sl=4732.42 tp=4642.39 [WT|BOS|0.65]
2026.04.09 03:15:00;RISK;sizing: vol_ratio=0.81 scalar=1.00 gap_buf=0.00000 eff_stop=30.01000
2026.04.09 03:15:00;ORDER;entry fill deal #236 SELL 0.03 @ 4702.41000
2026.04.09 04:15:00;DECISION;setup LONG score=0.65 entry=4720.59 inv=4698.62 tgt=0.00 [CHoCH long lvl=4720.00|RelVol=1.04|VPnode d=2.79|VWAPside]
2026.04.09 04:15:00;VETO;risk veto: max positions
2026.04.09 05:39:20;RISK;deal closed pnl=-90.03 streak=1 lock=0
2026.04.09 13:30:00;DECISION;setup LONG score=0.50 entry=4738.14 inv=4703.52 tgt=0.00 [BOS long lvl=4733.38|RelVol=0.87|VPnear|VWAPside]
2026.04.09 13:30:00;ORDER;filled BUY 0.03 lots sl=4703.52 tp=4807.56 [WT|BOS|0.50]
2026.04.09 13:30:00;RISK;sizing: vol_ratio=0.87 scalar=1.00 gap_buf=0.00000 eff_stop=34.68000
2026.04.09 13:30:00;ORDER;entry fill deal #238 BUY 0.03 @ 4738.20000
2026.04.09 16:40:40;MANAGE;#238 SL 4703.52 -> 4738.24 breakeven
2026.04.09 16:40:59;MANAGE;#238 SL 4738.24 -> 4753.87 trail
2026.04.09 16:41:20;MANAGE;#238 SL 4753.87 -> 4754.83 trail
2026.04.09 16:42:40;MANAGE;#238 SL 4754.83 -> 4755.52 trail
2026.04.09 16:43:40;MANAGE;#238 SL 4755.52 -> 4757.06 trail
2026.04.09 16:45:00;DECISION;setup LONG score=0.70 entry=4775.73 inv=4734.80 tgt=0.00 [BOS long lvl=4759.68|RelVol=0.87|VWAPside|CycleTurn w=0.76<-0.72|ADX=34]
2026.04.09 16:45:00;VETO;risk veto: max positions
2026.04.09 17:33:40;RISK;deal closed pnl=56.58 streak=0 lock=0
2026.04.09 18:30:00;DECISION;setup LONG score=0.50 entry=4778.85 inv=4747.26 tgt=0.00 [BOS long lvl=4777.22|RelVol=0.98|VWAPside|ADX=32]
2026.04.09 18:30:00;ORDER;filled BUY 0.03 lots sl=4747.26 tp=4842.63 [WT|BOS|0.50]
2026.04.09 18:30:00;RISK;sizing: vol_ratio=1.15 scalar=1.00 gap_buf=0.00000 eff_stop=31.79000
2026.04.09 18:30:00;ORDER;entry fill deal #240 BUY 0.03 @ 4779.05000
2026.04.09 21:15:00;DECISION;setup SHORT score=0.50 entry=4783.89 inv=4801.19 tgt=0.00 [CHoCH short lvl=4784.49|RelVol=1.05|StopFloored|CycleTurn w=-0.05<-0.85]
2026.04.09 21:15:00;VETO;authorization denied: outside session window (server hour 21, window 03-20)
2026.04.09 21:30:00;VETO;authorization denied: outside session window (server hour 21, window 03-20)
2026.04.09 21:45:00;VETO;authorization denied: outside session window (server hour 21, window 03-20)
2026.04.09 22:00:00;VETO;authorization denied: outside session window (server hour 22, window 03-20)
2026.04.10 01:30:00;DECISION;setup SHORT score=0.65 entry=4764.47 inv=4801.22 tgt=0.00 [BOS short lvl=4768.07|RelVol=0.44|VPnode d=2.13|VWAPside]
2026.04.10 01:30:00;VETO;authorization denied: outside session window (server hour 01, window 03-20)
2026.04.10 01:45:00;VETO;authorization denied: outside session window (server hour 01, window 03-20)
2026.04.10 02:00:00;VETO;authorization denied: outside session window (server hour 02, window 03-20)
2026.04.10 02:15:00;VETO;authorization denied: outside session window (server hour 02, window 03-20)
2026.04.10 05:19:40;RISK;deal closed pnl=-95.75 streak=1 lock=0
2026.04.10 05:30:00;DECISION;setup SHORT score=0.70 entry=4744.50 inv=4777.16 tgt=0.00 [BOS short lvl=4750.74|RelVol=0.97|VPnear|VWAPside|CycleTurn w=0.62<-0.90]
2026.04.10 05:30:00;ORDER;filled SELL 0.03 lots sl=4777.16 tp=4679.18 [WT|BOS|0.70]
2026.04.10 05:30:00;RISK;sizing: vol_ratio=0.86 scalar=1.00 gap_buf=0.00000 eff_stop=32.66000
2026.04.10 05:30:00;ORDER;entry fill deal #242 SELL 0.03 @ 4744.50000
2026.04.10 09:15:00;DECISION;setup SHORT score=0.85 entry=4756.30 inv=4770.79 tgt=0.00 [BOS short lvl=4757.44|RelVol=0.74|VPnode d=0.70|VWAPside|CycleTurn w=0.97<-0.97]
2026.04.10 09:15:00;VETO;risk veto: max positions
2026.04.10 12:00:00;DECISION;setup SHORT score=0.60 entry=4740.77 inv=4757.61 tgt=0.00 [BOS short lvl=4741.30|RelVol=1.22|VPnear|VWAPside|ADX=37]
2026.04.10 12:00:00;VETO;risk veto: max positions
2026.04.10 14:30:00;DECISION;setup LONG score=0.65 entry=4761.72 inv=4742.31 tgt=0.00 [CHoCH long lvl=4760.73|RelVol=0.60|VPnode d=2.02|VWAPside]
2026.04.10 14:30:00;VETO;risk veto: max positions
2026.04.10 15:30:40;RISK;deal closed pnl=-97.98 streak=2 lock=0
2026.04.10 17:30:00;DECISION;setup LONG score=0.50 entry=4790.67 inv=4742.31 tgt=0.00 [BOS long lvl=4782.30|RelVol=0.85|VWAPside|ADX=45]
2026.04.10 17:30:00;ORDER;filled BUY 0.02 lots sl=4742.31 tp=4887.54 [WT|BOS|0.50]
2026.04.10 17:30:00;RISK;sizing: vol_ratio=1.09 scalar=1.00 gap_buf=0.00000 eff_stop=48.41000
2026.04.10 17:30:00;ORDER;entry fill deal #244 BUY 0.02 @ 4790.72000
2026.04.13 01:00:00;RISK;deal closed pnl=-97.07 streak=1 lock=0
2026.04.13 01:15:00;DECISION;setup SHORT score=0.75 entry=4676.08 inv=4773.16 tgt=0.00 [CHoCH short lvl=4751.00|RelVol=1.73|VPnode d=0.02|CycleTurn w=-0.61<-0.07]
2026.04.13 01:15:00;VETO;authorization denied: outside session window (server hour 01, window 03-20)
2026.04.13 01:30:00;VETO;authorization denied: outside session window (server hour 01, window 03-20)
2026.04.13 01:45:00;VETO;authorization denied: outside session window (server hour 01, window 03-20)
2026.04.13 02:00:00;VETO;authorization denied: outside session window (server hour 02, window 03-20)
2026.04.13 09:00:00;DECISION;setup LONG score=0.65 entry=4729.46 inv=4708.74 tgt=0.00 [CHoCH long lvl=4723.97|RelVol=0.80|VPnode d=1.34|VWAPside]
2026.04.13 09:00:00;ORDER;filled BUY 0.05 lots sl=4708.74 tp=4771.02 [WT|CHOCH|0.65]
2026.04.13 09:00:00;RISK;sizing: vol_ratio=0.72 scalar=1.00 gap_buf=0.00000 eff_stop=20.76000
2026.04.13 09:00:00;ORDER;entry fill deal #246 BUY 0.05 @ 4729.50000
2026.04.13 12:15:00;DECISION;setup SHORT score=0.75 entry=4719.18 inv=4740.03 tgt=0.00 [CHoCH short lvl=4720.73|RelVol=1.01|VPnode d=1.72|CycleTurn w=-0.47<-0.54]
2026.04.13 12:15:00;VETO;risk veto: max positions
2026.04.13 13:25:40;RISK;deal closed pnl=-103.80 streak=2 lock=0
2026.04.13 14:45:00;DECISION;setup SHORT score=0.65 entry=4707.73 inv=4740.03 tgt=0.00 [BOS short lvl=4708.32|RelVol=0.76|VPnode d=3.07|VWAPside]
2026.04.13 14:45:00;ORDER;filled SELL 0.03 lots sl=4740.03 tp=4643.13 [WT|BOS|0.65]
2026.04.13 14:45:00;RISK;sizing: vol_ratio=0.75 scalar=1.00 gap_buf=0.00000 eff_stop=32.30000
2026.04.13 14:45:00;ORDER;entry fill deal #248 SELL 0.03 @ 4707.73000
2026.04.13 16:15:00;DECISION;setup LONG score=0.85 entry=4734.33 inv=4703.63 tgt=0.00 [CHoCH long lvl=4729.12|RelVol=0.82|VPnode d=0.27|VWAPside|CycleTurn w=-0.28<--0.93]
2026.04.13 16:15:00;VETO;risk veto: max positions
2026.04.13 16:49:40;RISK;deal closed pnl=-96.90 streak=3 lock=2
2026.04.14 01:45:00;DECISION;setup LONG score=0.75 entry=4750.41 inv=4723.26 tgt=0.00 [BOS long lvl=4750.12|RelVol=0.58|VPnode d=0.61|VWAPside|ADX=33]
2026.04.14 01:45:00;VETO;authorization denied: outside session window (server hour 01, window 03-20)
2026.04.14 02:00:00;VETO;authorization denied: outside session window (server hour 02, window 03-20)
2026.04.14 02:15:00;VETO;authorization denied: outside session window (server hour 02, window 03-20)
2026.04.14 02:30:00;VETO;authorization denied: outside session window (server hour 02, window 03-20)
2026.04.14 03:45:00;DECISION;setup LONG score=0.75 entry=4770.47 inv=4723.26 tgt=0.00 [BOS long lvl=4765.93|RelVol=0.77|VPnode d=2.87|VWAPside|ADX=43]
2026.04.14 03:45:00;ORDER;filled BUY 0.02 lots sl=4723.26 tp=4864.71 [WT|BOS|0.75]
2026.04.14 03:45:00;RISK;sizing: vol_ratio=0.69 scalar=1.00 gap_buf=0.00000 eff_stop=47.15000
2026.04.14 03:45:00;ORDER;entry fill deal #250 BUY 0.02 @ 4770.41000
2026.04.14 08:15:00;DECISION;setup SHORT score=0.65 entry=4765.55 inv=4777.03 tgt=0.00 [CHoCH short lvl=4765.78|RelVol=0.65|VPnode d=2.15|VWAPside]
2026.04.14 08:15:00;VETO;risk veto: max positions
2026.04.14 10:00:00;DECISION;setup LONG score=0.70 entry=4782.23 inv=4758.00 tgt=0.00 [CHoCH long lvl=4777.03|RelVol=1.14|VPnear|VWAPside|CycleTurn w=-0.93<--0.99]
2026.04.14 10:00:00;VETO;risk veto: max positions
2026.04.14 13:45:00;DECISION;setup SHORT score=0.65 entry=4767.47 inv=4789.98 tgt=0.00 [CHoCH short lvl=4771.64|RelVol=1.25|VPnode d=0.63|VWAPside]
2026.04.14 13:45:00;VETO;risk veto: max positions
2026.04.14 16:45:00;DECISION;setup LONG score=0.70 entry=4793.15 inv=4762.31 tgt=0.00 [CHoCH long lvl=4788.02|RelVol=1.11|VPnear|VWAPside|CycleTurn w=-0.23<--0.87]
2026.04.14 16:45:00;VETO;risk veto: max positions
2026.04.14 17:35:20;MANAGE;#250 SL 4723.26 -> 4770.45 breakeven
2026.04.14 17:35:40;MANAGE;#250 SL 4770.45 -> 4790.56 trail
2026.04.14 17:35:59;MANAGE;#250 SL 4790.56 -> 4791.33 trail
2026.04.14 17:36:20;MANAGE;#250 SL 4791.33 -> 4791.77 trail
2026.04.14 18:10:40;RISK;deal closed pnl=42.72 streak=0 lock=0
2026.04.14 20:15:00;DECISION;setup LONG score=0.50 entry=4827.27 inv=4791.11 tgt=0.00 [BOS long lvl=4818.00|RelVol=1.09|VWAPside|ADX=43]
2026.04.14 20:15:00;VETO;authorization denied: outside session window (server hour 20, window 03-20)
2026.04.14 20:30:00;VETO;authorization denied: outside session window (server hour 20, window 03-20)
2026.04.14 20:45:00;VETO;authorization denied: outside session window (server hour 20, window 03-20)
2026.04.14 21:00:00;VETO;authorization denied: outside session window (server hour 21, window 03-20)
2026.04.15 01:00:00;VETO;signal rejected: score 0.40 < 0.45 [BOS long lvl=4843.38|RelVol=1.52|ADX=45]
2026.04.15 03:45:00;DECISION;setup SHORT score=0.65 entry=4830.06 inv=4850.64 tgt=0.00 [CHoCH short lvl=4833.40|RelVol=0.62|VPnode d=2.94|VWAPside]
2026.04.15 03:45:00;ORDER;filled SELL 0.05 lots sl=4850.64 tp=4788.90 [WT|CHOCH|0.65]
2026.04.15 03:45:00;RISK;sizing: vol_ratio=0.82 scalar=1.00 gap_buf=0.00000 eff_stop=20.58000
2026.04.15 03:45:00;ORDER;entry fill deal #252 SELL 0.05 @ 4830.06000
2026.04.15 04:11:40;RISK;deal closed pnl=-102.90 streak=1 lock=0
2026.04.15 04:30:00;DECISION;setup LONG score=0.85 entry=4850.84 inv=4827.02 tgt=0.00 [CHoCH long lvl=4850.64|RelVol=1.53|VPnode d=8.04|VWAPside|CycleTurn w=-0.93<--0.99]
2026.04.15 04:30:00;ORDER;filled BUY 0.04 lots sl=4827.02 tp=4898.60 [WT|CHOCH|0.85]
2026.04.15 04:30:00;RISK;sizing: vol_ratio=1.14 scalar=1.00 gap_buf=0.00000 eff_stop=23.86000
2026.04.15 04:30:00;ORDER;entry fill deal #254 BUY 0.04 @ 4850.88000
2026.04.15 05:34:40;RISK;deal closed pnl=-95.44 streak=2 lock=0
2026.04.15 06:00:00;DECISION;setup SHORT score=0.65 entry=4823.95 inv=4871.42 tgt=0.00 [CHoCH short lvl=4827.02|RelVol=1.30|VPnode d=8.45|VWAPside]
2026.04.15 06:00:00;ORDER;filled SELL 0.02 lots sl=4871.42 tp=4729.01 [WT|CHOCH|0.65]
2026.04.15 06:00:00;RISK;sizing: vol_ratio=1.20 scalar=1.00 gap_buf=0.00000 eff_stop=47.47000
2026.04.15 06:00:00;ORDER;entry fill deal #256 SELL 0.02 @ 4823.95000
2026.04.15 08:45:00;DECISION;setup SHORT score=0.65 entry=4816.81 inv=4829.58 tgt=0.00 [BOS short lvl=4820.52|RelVol=1.23|VPnode d=1.39|VWAPside]
2026.04.15 08:45:00;VETO;risk veto: max positions
2026.04.15 10:00:00;DECISION;setup SHORT score=0.65 entry=4811.67 inv=4830.39 tgt=0.00 [BOS short lvl=4812.63|RelVol=1.06|VPnode d=1.93|VWAPside]
2026.04.15 10:00:00;VETO;risk veto: max positions
2026.04.15 12:30:00;DECISION;setup SHORT score=0.65 entry=4798.00 inv=4830.39 tgt=0.00 [BOS short lvl=4804.61|RelVol=1.23|VPnode d=6.80|VWAPside]
2026.04.15 12:30:00;VETO;risk veto: max positions
2026.04.15 16:30:00;DECISION;setup LONG score=0.50 entry=4821.75 inv=4786.33 tgt=0.00 [CHoCH long lvl=4821.33|RelVol=0.82|VPnear|VWAPside]
2026.04.15 16:30:00;VETO;risk veto: max positions
2026.04.16 02:00:00;DECISION;setup LONG score=0.65 entry=4807.56 inv=4789.01 tgt=0.00 [BOS long lvl=4803.46|RelVol=0.63|VPnode d=4.96|VWAPside]
2026.04.16 02:00:00;VETO;authorization denied: outside session window (server hour 02, window 03-20)
2026.04.16 02:15:00;VETO;authorization denied: outside session window (server hour 02, window 03-20)
2026.04.16 02:30:00;VETO;authorization denied: outside session window (server hour 02, window 03-20)
2026.04.16 02:45:00;VETO;authorization denied: outside session window (server hour 02, window 03-20)
2026.04.16 04:45:00;DECISION;setup SHORT score=0.85 entry=4816.00 inv=4837.59 tgt=0.00 [CHoCH short lvl=4820.74|RelVol=0.81|VPnode d=0.40|VWAPside|CycleTurn w=0.94<-0.99]
2026.04.16 04:45:00;VETO;risk veto: max positions
2026.04.16 07:45:00;DECISION;setup LONG score=0.85 entry=4830.52 inv=4812.49 tgt=0.00 [CHoCH long lvl=4827.10|RelVol=0.49|VPnode d=0.68|VWAPside|CycleTurn w=0.19<--0.75]
2026.04.16 07:45:00;VETO;risk veto: max positions
2026.04.16 11:15:00;DECISION;setup SHORT score=0.50 entry=4811.71 inv=4830.97 tgt=0.00 [CHoCH short lvl=4814.50|RelVol=1.00|VPnear|VWAPside]
2026.04.16 11:15:00;VETO;risk veto: max positions
2026.04.16 15:00:00;DECISION;setup LONG score=0.65 entry=4822.15 inv=4805.02 tgt=0.00 [CHoCH long lvl=4818.09|RelVol=0.68|VPnode d=1.95|VWAPside]
2026.04.16 15:00:00;VETO;risk veto: max positions
2026.04.16 17:00:00;DECISION;setup SHORT score=0.60 entry=4794.84 inv=4823.36 tgt=0.00 [CHoCH short lvl=4811.53|RelVol=1.24|VWAPside|CycleTurn w=0.07<-0.97]
2026.04.16 17:00:00;VETO;risk veto: max positions
2026.04.16 17:40:40;MANAGE;#256 SL 4871.42 -> 4823.91 breakeven
2026.04.16 17:40:59;MANAGE;#256 SL 4823.91 -> 4798.25 trail
2026.04.16 18:03:40;RISK;deal closed pnl=51.12 streak=0 lock=0
2026.04.16 22:45:00;DECISION;setup LONG score=0.55 entry=4797.64 inv=4781.49 tgt=0.00 [CHoCH long lvl=4794.30|RelVol=0.81|VPnode d=0.84]
2026.04.16 22:45:00;VETO;authorization denied: outside session window (server hour 22, window 03-20)
2026.04.17 01:00:00;VETO;authorization denied: outside session window (server hour 01, window 03-20)
2026.04.17 01:15:00;VETO;authorization denied: outside session window (server hour 01, window 03-20)
2026.04.17 01:30:00;VETO;authorization denied: outside session window (server hour 01, window 03-20)
2026.04.17 03:45:00;DECISION;setup LONG score=0.65 entry=4798.59 inv=4788.73 tgt=0.00 [BOS long lvl=4797.78|RelVol=0.61|VPnode d=1.39|VWAPside]
2026.04.17 03:45:00;ORDER;filled BUY 0.11 lots sl=4788.73 tp=4818.43 [WT|BOS|0.65]
2026.04.17 03:45:00;RISK;sizing: vol_ratio=0.64 scalar=1.00 gap_buf=0.00000 eff_stop=9.90000
2026.04.17 03:45:00;ORDER;entry fill deal #258 BUY 0.11 @ 4798.63000
2026.04.17 04:04:20;RISK;deal closed pnl=-108.90 streak=1 lock=0
2026.04.17 04:15:00;DECISION;setup SHORT score=0.60 entry=4778.77 inv=4797.78 tgt=0.00 [CHoCH short lvl=4785.78|RelVol=0.99|VWAPside|CycleTurn w=0.96<-0.96]
2026.04.17 04:15:00;ORDER;filled SELL 0.05 lots sl=4797.78 tp=4740.75 [WT|CHOCH|0.60]
2026.04.17 04:15:00;RISK;sizing: vol_ratio=0.83 scalar=1.00 gap_buf=0.00000 eff_stop=19.01000
2026.04.17 04:15:00;ORDER;entry fill deal #260 SELL 0.05 @ 4778.77000
2026.04.17 06:06:40;RISK;deal closed pnl=-95.05 streak=2 lock=0
2026.04.17 07:45:00;DECISION;setup LONG score=0.65 entry=4800.98 inv=4784.40 tgt=0.00 [CHoCH long lvl=4798.07|RelVol=0.44|VPnode d=3.58|VWAPside]
2026.04.17 07:45:00;ORDER;filled BUY 0.06 lots sl=4784.40 tp=4834.26 [WT|CHOCH|0.65]
2026.04.17 07:45:00;RISK;sizing: vol_ratio=0.94 scalar=1.00 gap_buf=0.00000 eff_stop=16.62000
2026.04.17 07:45:00;ORDER;entry fill deal #262 BUY 0.06 @ 4801.02000
2026.04.17 09:21:40;RISK;deal closed pnl=-99.72 streak=3 lock=2
2026.04.17 09:30:00;DECISION;setup SHORT score=0.85 entry=4783.90 inv=4806.28 tgt=0.00 [CHoCH short lvl=4784.40|RelVol=0.80|VPnode d=1.90|VWAPside|CycleTurn w=0.04<-0.81]
2026.04.17 09:30:00;VETO;authorization denied: global lock (LOSS_STREAK)
2026.04.17 09:45:00;VETO;authorization denied: global lock (LOSS_STREAK)
2026.04.17 10:00:00;VETO;authorization denied: global lock (LOSS_STREAK)
2026.04.17 10:15:00;VETO;authorization denied: global lock (LOSS_STREAK)
2026.04.17 11:45:00;DECISION;setup LONG score=0.85 entry=4796.85 inv=4778.71 tgt=0.00 [CHoCH long lvl=4794.76|RelVol=0.69|VPnode d=0.05|VWAPside|CycleTurn w=-0.96<--1.00]
2026.04.17 11:45:00;VETO;authorization denied: global lock (LOSS_STREAK)
2026.04.17 12:00:00;VETO;authorization denied: global lock (LOSS_STREAK)
2026.04.17 12:15:00;VETO;authorization denied: global lock (LOSS_STREAK)
2026.04.17 12:30:00;VETO;authorization denied: global lock (LOSS_STREAK)
2026.04.17 15:15:00;DECISION;setup LONG score=0.70 entry=4803.89 inv=4782.27 tgt=0.00 [BOS long lvl=4800.90|RelVol=0.68|VPnear|VWAPside|CycleTurn w=0.79<-0.12]
2026.04.17 15:15:00;VETO;authorization denied: global lock (LOSS_STREAK)
2026.04.17 15:30:00;VETO;authorization denied: global lock (LOSS_STREAK)
2026.04.17 15:45:00;VETO;authorization denied: global lock (LOSS_STREAK)
2026.04.17 16:00:00;VETO;authorization denied: global lock (LOSS_STREAK)
2026.04.20 01:15:00;DECISION;setup SHORT score=0.55 entry=4790.29 inv=4868.10 tgt=0.00 [CHoCH short lvl=4853.68|RelVol=2.08|VPnode d=0.59]
2026.04.20 01:15:00;VETO;authorization denied: outside session window (server hour 01, window 03-20)
2026.04.20 01:30:00;VETO;authorization denied: outside session window (server hour 01, window 03-20)
2026.04.20 01:45:00;VETO;authorization denied: outside session window (server hour 01, window 03-20)
2026.04.20 02:00:00;VETO;authorization denied: outside session window (server hour 02, window 03-20)
2026.04.20 02:45:00;DECISION;setup SHORT score=0.60 entry=4751.68 inv=4868.10 tgt=0.00 [BOS short lvl=4757.97|RelVol=1.34|VPnear|VWAPside|ADX=51]
2026.04.20 02:45:00;VETO;authorization denied: outside session window (server hour 02, window 03-20)
2026.04.20 03:00:00;VETO;risk veto: size 0.00 < broker min 0.01 (risk too small for stop)
2026.04.20 07:45:00;DECISION;setup SHORT score=0.55 entry=4787.29 inv=4814.44 tgt=0.00 [BOS short lvl=4788.74|RelVol=0.62|VPnode d=4.61]
2026.04.20 07:45:00;ORDER;filled SELL 0.04 lots sl=4814.44 tp=4732.99 [WT|BOS|0.55]
2026.04.20 07:45:00;RISK;sizing: vol_ratio=0.67 scalar=1.00 gap_buf=0.00000 eff_stop=27.15000
2026.04.20 07:45:00;ORDER;entry fill deal #264 SELL 0.04 @ 4787.29000
2026.04.20 10:15:00;DECISION;setup LONG score=0.65 entry=4797.42 inv=4779.64 tgt=0.00 [CHoCH long lvl=4796.05|RelVol=0.96|VPnode d=5.72|VWAPside]
2026.04.20 10:15:00;VETO;risk veto: max positions
2026.04.20 13:30:00;DECISION;setup LONG score=0.65 entry=4798.22 inv=4783.52 tgt=0.00 [BOS long lvl=4797.87|RelVol=0.65|VPnode d=5.18|VWAPside]
2026.04.20 13:30:00;VETO;risk veto: max positions
2026.04.20 15:00:00;DECISION;setup LONG score=0.50 entry=4810.49 inv=4783.52 tgt=0.00 [BOS long lvl=4800.99|RelVol=1.06|VPnear|VWAPside]
2026.04.20 15:00:00;VETO;risk veto: max positions
2026.04.20 15:18:40;RISK;deal closed pnl=-108.60 streak=1 lock=0
2026.04.20 16:30:00;VETO;signal rejected: score 0.40 < 0.45 [BOS long lvl=4822.08|RelVol=0.88|VWAPside]
2026.04.21 01:15:00;DECISION;setup LONG score=0.65 entry=4829.18 inv=4792.84 tgt=0.00 [BOS long lvl=4821.38|RelVol=0.96|VPnode d=0.88|VWAPside]
2026.04.21 01:15:00;VETO;authorization denied: outside session window (server hour 01, window 03-20)
2026.04.21 01:30:00;VETO;authorization denied: outside session window (server hour 01, window 03-20)
2026.04.21 01:45:00;VETO;authorization denied: outside session window (server hour 01, window 03-20)
2026.04.21 02:00:00;VETO;authorization denied: outside session window (server hour 02, window 03-20)
2026.04.21 05:00:00;DECISION;setup SHORT score=0.65 entry=4810.22 inv=4830.75 tgt=0.00 [CHoCH short lvl=4810.58|RelVol=0.68|VPnode d=4.38|VWAPside]
2026.04.21 05:00:00;ORDER;filled SELL 0.05 lots sl=4830.75 tp=4769.13 [WT|CHOCH|0.65]
2026.04.21 05:00:00;RISK;sizing: vol_ratio=0.80 scalar=1.00 gap_buf=0.00000 eff_stop=20.54000
2026.04.21 05:00:00;ORDER;entry fill deal #266 SELL 0.05 @ 4810.21000
2026.04.21 07:31:20;MANAGE;#266 SL 4830.75 -> 4810.17 breakeven
2026.04.21 07:31:40;MANAGE;#266 SL 4810.17 -> 4803.96 trail
2026.04.21 07:31:59;MANAGE;#266 SL 4803.96 -> 4803.70 trail
2026.04.21 07:32:20;MANAGE;#266 SL 4803.70 -> 4803.50 trail
2026.04.21 07:48:40;MANAGE;#266 SL 4803.50 -> 4801.73 trail
2026.04.21 07:50:20;MANAGE;#266 SL 4801.73 -> 4801.29 trail
2026.04.21 07:55:40;MANAGE;#266 SL 4801.29 -> 4800.81 trail
2026.04.21 08:00:40;MANAGE;#266 SL 4800.81 -> 4799.02 trail
2026.04.21 08:01:40;MANAGE;#266 SL 4799.02 -> 4798.30 trail
2026.04.21 08:03:40;MANAGE;#266 SL 4798.30 -> 4798.11 trail
2026.04.21 08:28:40;MANAGE;#266 SL 4798.11 -> 4797.96 trail
2026.04.21 08:29:20;MANAGE;#266 SL 4797.96 -> 4797.81 trail
2026.04.21 08:52:40;MANAGE;#266 SL 4797.81 -> 4795.48 trail
2026.04.21 09:00:40;MANAGE;#266 SL 4795.48 -> 4791.13 trail
2026.04.21 09:02:40;MANAGE;#266 SL 4791.13 -> 4789.38 trail
2026.04.21 09:03:20;MANAGE;#266 SL 4789.38 -> 4788.84 trail
2026.04.21 09:10:40;RISK;deal closed pnl=106.85 streak=0 lock=0
2026.04.21 14:00:00;DECISION;setup LONG score=0.55 entry=4789.79 inv=4779.30 tgt=0.00 [CHoCH long lvl=4789.65|RelVol=0.61|StopFloored|VPnode d=4.69]
2026.04.21 14:00:00;ORDER;filled BUY 0.10 lots sl=4779.30 tp=4810.89 [WT|CHOCH|0.55]
2026.04.21 14:00:00;RISK;sizing: vol_ratio=0.89 scalar=1.00 gap_buf=0.00000 eff_stop=10.53143
2026.04.21 14:00:00;ORDER;entry fill deal #268 BUY 0.10 @ 4789.83000
2026.04.21 14:09:40;RISK;deal closed pnl=-105.30 streak=1 lock=0
2026.04.21 16:15:00;DECISION;setup SHORT score=0.85 entry=4765.25 inv=4797.95 tgt=0.00 [CHoCH short lvl=4775.39|RelVol=1.01|VPnode d=0.35|VWAPside|CycleTurn w=-0.12<-0.76]
2026.04.21 16:15:00;ORDER;filled SELL 0.03 lots sl=4797.95 tp=4699.85 [WT|CHOCH|0.85]
2026.04.21 16:15:00;RISK;sizing: vol_ratio=1.11 scalar=1.00 gap_buf=0.00000 eff_stop=32.70000
2026.04.21 16:15:00;ORDER;entry fill deal #270 SELL 0.03 @ 4765.25000
2026.04.21 16:15:40;RISK;FLATTEN ALL: total drawdown hard stop
2026.04.21 16:15:40;RISK;TOTAL DD LOCK - manual clear of global variables required to resume
2026.04.21 16:15:40;RISK;deal closed pnl=-12.96 streak=2 lock=3
2026.01.01 00:00:00;RECOVER;init: v2.30 test_case=A0_baseline_v16_like lock=0 streak=0 positions=0 equity=10000.00 day_eq=10000.00 peak_eq=10000.00
2026.01.02 01:15:00;DECISION;setup LONG score=0.85 entry=4330.89 inv=4304.62 tgt=0.00 [BOS long lvl=4324.38|RelVol=3.76|VPnode d=0.19|VWAPside|CycleTurn w=-0.09<--0.95]
2026.01.02 01:15:00;VETO;authorization denied: outside session window (server hour 01, window 03-20)
2026.01.02 01:30:00;VETO;authorization denied: outside session window (server hour 01, window 03-20)
2026.01.02 01:45:00;VETO;authorization denied: outside session window (server hour 01, window 03-20)
2026.01.02 02:00:00;VETO;authorization denied: outside session window (server hour 02, window 03-20)
2026.01.02 05:00:00;DECISION;setup LONG score=0.80 entry=4362.89 inv=4344.61 tgt=0.00 [BOS long lvl=4356.00|RelVol=0.94|VPnear|VWAPside|CycleTurn w=0.68<-0.66|ADX=45]
2026.01.02 05:00:00;ORDER;filled BUY 0.05 lots sl=4344.61 tp=4399.57 [WT|BOS|0.80]
2026.01.02 05:00:00;RISK;sizing: vol_ratio=0.69 scalar=1.00 gap_buf=0.00000 eff_stop=18.32000
2026.01.02 05:00:00;ORDER;entry fill deal #2 BUY 0.05 @ 4362.93000
2026.01.02 07:30:00;DECISION;setup LONG score=0.60 entry=4378.45 inv=4345.03 tgt=0.00 [BOS long lvl=4378.41|RelVol=1.03|VPnear|VWAPside|ADX=58]
2026.01.02 07:30:00;VETO;risk veto: max positions
2026.01.02 07:54:40;MANAGE;#2 SL 4344.61 -> 4362.97 breakeven
2026.01.02 07:54:59;MANAGE;#2 SL 4362.97 -> 4369.64 trail
2026.01.02 07:55:20;MANAGE;#2 SL 4369.64 -> 4370.08 trail
2026.01.02 09:34:40;MANAGE;#2 SL 4370.08 -> 4370.19 trail
2026.01.02 09:35:40;MANAGE;#2 SL 4370.19 -> 4370.64 trail
2026.01.02 09:37:20;MANAGE;#2 SL 4370.64 -> 4370.81 trail
2026.01.02 09:56:40;MANAGE;#2 SL 4370.81 -> 4372.11 trail
2026.01.02 09:57:40;MANAGE;#2 SL 4372.11 -> 4372.41 trail
2026.01.02 09:58:40;MANAGE;#2 SL 4372.41 -> 4372.63 trail
2026.01.02 09:59:20;MANAGE;#2 SL 4372.63 -> 4372.93 trail
2026.01.02 10:00:00;DECISION;setup LONG score=0.75 entry=4382.82 inv=4371.13 tgt=0.00 [BOS long lvl=4381.74|RelVol=1.52|VPnode d=0.58|VWAPside|ADX=35]
2026.01.02 10:00:00;VETO;risk veto: max positions
2026.01.02 10:00:40;MANAGE;#2 SL 4372.93 -> 4373.12 trail
2026.01.02 10:02:40;MANAGE;#2 SL 4373.12 -> 4373.86 trail
2026.01.02 10:07:40;MANAGE;#2 SL 4373.86 -> 4374.57 trail
2026.01.02 10:08:20;MANAGE;#2 SL 4374.57 -> 4374.90 trail
2026.01.02 10:09:40;MANAGE;#2 SL 4374.90 -> 4375.01 trail
2026.01.02 10:12:40;MANAGE;#2 SL 4375.01 -> 4375.66 trail
2026.01.02 10:33:40;MANAGE;#2 SL 4375.66 -> 4376.12 trail
2026.01.02 10:34:40;MANAGE;#2 SL 4376.12 -> 4377.99 trail
2026.01.02 10:41:40;MANAGE;#2 SL 4377.99 -> 4378.18 trail
2026.01.02 10:44:40;MANAGE;#2 SL 4378.18 -> 4379.38 trail
2026.01.02 10:45:00;MANAGE;#2 SL 4379.38 -> 4379.75 trail
2026.01.02 10:45:40;MANAGE;#2 SL 4379.75 -> 4380.64 trail
2026.01.02 10:46:40;MANAGE;#2 SL 4380.64 -> 4384.59 trail
2026.01.02 10:47:40;MANAGE;#2 SL 4384.59 -> 4386.80 trail
2026.01.02 11:00:20;RISK;deal closed pnl=119.35 streak=0 lock=0
2026.01.02 15:15:00;DECISION;setup LONG score=0.65 entry=4399.83 inv=4383.32 tgt=0.00 [BOS long lvl=4399.30|RelVol=0.79|VPnode d=1.23|VWAPside]
2026.01.02 15:15:00;ORDER;filled BUY 0.06 lots sl=4383.32 tp=4432.97 [WT|BOS|0.65]
2026.01.02 15:15:00;RISK;sizing: vol_ratio=0.78 scalar=1.00 gap_buf=0.00000 eff_stop=16.55000
2026.01.02 15:15:00;ORDER;entry fill deal #4 BUY 0.06 @ 4399.87000
2026.01.02 15:24:40;RISK;deal closed pnl=-99.30 streak=1 lock=0
2026.01.02 15:30:00;DECISION;setup SHORT score=0.65 entry=4374.54 inv=4399.30 tgt=0.00 [CHoCH short lvl=4383.32|RelVol=1.32|VPnode d=0.16|VWAPside]
2026.01.02 15:30:00;ORDER;filled SELL 0.04 lots sl=4399.30 tp=4324.96 [WT|CHOCH|0.65]
2026.01.02 15:30:00;RISK;sizing: vol_ratio=0.98 scalar=1.00 gap_buf=0.00000 eff_stop=24.78000
2026.01.02 15:30:00;ORDER;entry fill deal #6 SELL 0.04 @ 4374.52000
2026.01.02 16:41:20;MANAGE;#6 SL 4399.30 -> 4374.48 breakeven
2026.01.02 16:41:40;MANAGE;#6 SL 4374.48 -> 4370.11 trail
2026.01.02 16:41:59;MANAGE;#6 SL 4370.11 -> 4369.25 trail
2026.01.02 16:42:40;MANAGE;#6 SL 4369.25 -> 4366.41 trail
2026.01.02 17:04:40;MANAGE;#6 SL 4366.41 -> 4363.74 trail
2026.01.02 17:05:20;MANAGE;#6 SL 4363.74 -> 4363.23 trail
2026.01.02 17:06:20;MANAGE;#6 SL 4363.23 -> 4360.90 trail
2026.01.02 17:11:40;MANAGE;#6 SL 4360.90 -> 4357.01 trail
2026.01.02 17:12:20;MANAGE;#6 SL 4357.01 -> 4356.27 trail
2026.01.02 17:13:20;MANAGE;#6 SL 4356.27 -> 4355.41 trail
2026.01.02 17:23:40;MANAGE;#6 SL 4355.41 -> 4354.99 trail
2026.01.02 17:24:20;MANAGE;#6 SL 4354.99 -> 4354.72 trail
2026.01.02 18:03:40;RISK;deal closed pnl=198.24 streak=0 lock=0
2026.01.02 20:15:00;DECISION;setup SHORT score=0.50 entry=4314.53 inv=4333.47 tgt=0.00 [BOS short lvl=4315.03|RelVol=1.35|VWAPside|ADX=40]
2026.01.02 20:15:00;VETO;authorization denied: outside session window (server hour 20, window 03-20)
2026.01.02 20:30:00;VETO;authorization denied: outside session window (server hour 20, window 03-20)
2026.01.02 20:45:00;VETO;authorization denied: outside session window (server hour 20, window 03-20)
2026.01.02 21:00:00;VETO;authorization denied: outside session window (server hour 21, window 03-20)
2026.01.05 01:15:00;DECISION;setup LONG score=0.50 entry=4370.10 inv=4309.97 tgt=0.00 [CHoCH long lvl=4333.47|RelVol=8.25|VPnear|VWAPside]
2026.01.05 01:15:00;VETO;authorization denied: outside session window (server hour 01, window 03-20)
2026.01.05 01:30:00;VETO;authorization denied: outside session window (server hour 01, window 03-20)
2026.01.05 01:45:00;VETO;authorization denied: outside session window (server hour 01, window 03-20)
2026.01.05 02:00:00;VETO;authorization denied: outside session window (server hour 02, window 03-20)
2026.01.05 08:15:00;DECISION;setup LONG score=0.95 entry=4418.34 inv=4397.33 tgt=0.00 [BOS long lvl=4414.01|RelVol=1.48|VPnode d=5.34|VWAPside|CycleTurn w=-0.99<--1.00|ADX=41]
2026.01.05 08:15:00;ORDER;filled BUY 0.04 lots sl=4397.33 tp=4460.54 [WT|BOS|0.95]
2026.01.05 08:15:00;RISK;sizing: vol_ratio=0.88 scalar=1.00 gap_buf=0.00000 eff_stop=21.07000
2026.01.05 08:15:00;ORDER;entry fill deal #8 BUY 0.04 @ 4418.40000
2026.01.05 10:30:00;DECISION;setup LONG score=0.60 entry=4426.57 inv=4401.07 tgt=0.00 [BOS long lvl=4426.41|RelVol=1.13|VPnear|VWAPside|ADX=58]
2026.01.05 10:30:00;VETO;risk veto: max positions
2026.01.05 12:54:20;MANAGE;#8 SL 4397.33 -> 4418.44 breakeven
2026.01.05 12:54:40;MANAGE;#8 SL 4418.44 -> 4427.27 trail
2026.01.05 12:54:59;MANAGE;#8 SL 4427.27 -> 4427.52 trail
2026.01.05 13:19:40;RISK;deal closed pnl=36.48 streak=0 lock=0
2026.01.05 14:45:00;VETO;signal rejected: score 0.40 < 0.45 [CHoCH short lvl=4411.07|RelVol=1.39|VPnear]
2026.01.05 16:15:00;DECISION;setup LONG score=0.85 entry=4426.26 inv=4410.89 tgt=0.00 [CHoCH long lvl=4418.95|RelVol=1.34|StopFloored|VPnode d=0.06|VWAPside|CycleTurn w=-0.95<--0.99]
2026.01.05 16:15:00;ORDER;filled BUY 0.06 lots sl=4410.89 tp=4457.13 [WT|CHOCH|0.85]
2026.01.05 16:15:00;RISK;sizing: vol_ratio=1.07 scalar=1.00 gap_buf=0.00000 eff_stop=15.41393
2026.01.05 16:15:00;ORDER;entry fill deal #10 BUY 0.06 @ 4426.30000
2026.01.05 16:55:40;MANAGE;#10 SL 4410.89 -> 4426.34 breakeven
2026.01.05 17:02:40;MANAGE;#10 SL 4426.34 -> 4426.51 trail
2026.01.05 17:03:40;MANAGE;#10 SL 4426.51 -> 4431.20 trail
2026.01.05 17:04:40;MANAGE;#10 SL 4431.20 -> 4432.95 trail
2026.01.05 17:05:40;MANAGE;#10 SL 4432.95 -> 4433.43 trail
2026.01.05 17:06:20;MANAGE;#10 SL 4433.43 -> 4434.27 trail
2026.01.05 17:07:40;MANAGE;#10 SL 4434.27 -> 4435.03 trail
2026.01.05 19:03:40;RISK;deal closed pnl=52.38 streak=0 lock=0
2026.01.06 01:15:00;DECISION;setup LONG score=0.75 entry=4451.55 inv=4438.04 tgt=0.00 [BOS long lvl=4449.42|RelVol=3.16|VPnode d=0.65|CycleTurn w=-0.57<--0.92]
2026.01.06 01:15:00;VETO;authorization denied: outside session window (server hour 01, window 03-20)
2026.01.06 01:30:00;VETO;authorization denied: outside session window (server hour 01, window 03-20)
2026.01.06 01:45:00;VETO;authorization denied: outside session window (server hour 01, window 03-20)
2026.01.06 02:00:00;VETO;authorization denied: outside session window (server hour 02, window 03-20)
2026.01.06 02:45:00;DECISION;setup SHORT score=0.65 entry=4436.55 inv=4460.12 tgt=0.00 [CHoCH short lvl=4438.04|RelVol=1.36|VPnode d=3.95|VWAPside]
2026.01.06 02:45:00;VETO;authorization denied: outside session window (server hour 02, window 03-20)
2026.01.06 03:00:00;ORDER;filled SELL 0.04 lots sl=4460.12 tp=4389.11 [WT|CHOCH|0.65]
2026.01.06 03:00:00;RISK;sizing: vol_ratio=0.72 scalar=1.00 gap_buf=0.00000 eff_stop=23.67000
2026.01.06 03:00:00;ORDER;entry fill deal #12 SELL 0.04 @ 4436.45000
2026.01.06 04:00:00;DECISION;setup LONG score=0.70 entry=4450.67 inv=4427.96 tgt=0.00 [CHoCH long lvl=4444.75|RelVol=1.43|VPnear|VWAPside|CycleTurn w=-0.97<--1.00]
2026.01.06 04:00:00;VETO;risk veto: max positions
2026.01.06 04:13:40;RISK;deal closed pnl=-94.68 streak=1 lock=0
2026.01.06 07:30:00;DECISION;setup LONG score=0.65 entry=4469.73 inv=4460.69 tgt=0.00 [BOS long lvl=4468.47|RelVol=0.94|StopFloored|VPnode d=1.07|VWAPside]
2026.01.06 07:30:00;ORDER;filled BUY 0.11 lots sl=4460.69 tp=4487.94 [WT|BOS|0.65]
2026.01.06 07:30:00;RISK;sizing: vol_ratio=0.77 scalar=1.00 gap_buf=0.00000 eff_stop=9.08286
2026.01.06 07:30:00;ORDER;entry fill deal #14 BUY 0.11 @ 4469.77000
2026.01.06 07:47:40;RISK;deal closed pnl=-99.88 streak=2 lock=0
2026.01.06 08:00:00;DECISION;setup SHORT score=0.60 entry=4452.47 inv=4468.47 tgt=0.00 [CHoCH short lvl=4461.87|RelVol=1.34|VWAPside|CycleTurn w=0.11<-0.96]
2026.01.06 08:00:00;ORDER;filled SELL 0.06 lots sl=4468.47 tp=4420.62 [WT|CHOCH|0.60]
2026.01.06 08:00:00;RISK;sizing: vol_ratio=0.86 scalar=1.00 gap_buf=0.00000 eff_stop=15.95000
2026.01.06 08:00:00;ORDER;entry fill deal #16 SELL 0.06 @ 4452.52000
2026.01.06 09:08:40;RISK;deal closed pnl=-95.70 streak=3 lock=2
2026.01.06 10:30:00;DECISION;setup LONG score=0.65 entry=4471.02 inv=4449.51 tgt=0.00 [CHoCH long lvl=4470.41|RelVol=1.10|VPnode d=0.62|VWAPside]
2026.01.06 10:30:00;VETO;authorization denied: global lock (LOSS_STREAK)
2026.01.06 10:45:00;VETO;authorization denied: global lock (LOSS_STREAK)
2026.01.06 11:00:00;VETO;authorization denied: global lock (LOSS_STREAK)
2026.01.06 11:15:00;VETO;authorization denied: global lock (LOSS_STREAK)
2026.01.06 11:30:00;VETO;signal rejected: score 0.40 < 0.45 [CHoCH short lvl=4457.19|RelVol=1.32|VPnear]
2026.01.06 16:45:00;DECISION;setup LONG score=0.50 entry=4479.54 inv=4454.20 tgt=0.00 [CHoCH long lvl=4475.71|RelVol=0.97|VPnear|VWAPside]
2026.01.06 16:45:00;VETO;authorization denied: global lock (LOSS_STREAK)
2026.01.06 17:00:00;VETO;authorization denied: global lock (LOSS_STREAK)
2026.01.06 17:15:00;VETO;authorization denied: global lock (LOSS_STREAK)
2026.01.06 17:30:00;VETO;authorization denied: global lock (LOSS_STREAK)
2026.01.06 20:15:00;DECISION;setup LONG score=0.60 entry=4491.11 inv=4463.08 tgt=0.00 [BOS long lvl=4490.93|RelVol=1.17|VPnear|VWAPside|ADX=32]
2026.01.06 20:15:00;VETO;authorization denied: global lock (LOSS_STREAK)
2026.01.06 20:30:00;VETO;authorization denied: global lock (LOSS_STREAK)
2026.01.06 20:45:00;VETO;authorization denied: global lock (LOSS_STREAK)
2026.01.06 21:00:00;VETO;authorization denied: global lock (LOSS_STREAK)
2026.01.06 21:30:00;DECISION;setup SHORT score=0.55 entry=4480.97 inv=4494.11 tgt=0.00 [CHoCH short lvl=4481.67|RelVol=1.22|VPnode d=2.83]
2026.01.06 21:30:00;VETO;authorization denied: global lock (LOSS_STREAK)
2026.01.06 21:45:00;VETO;authorization denied: global lock (LOSS_STREAK)
2026.01.06 22:00:00;VETO;authorization denied: global lock (LOSS_STREAK)
2026.01.06 22:15:00;VETO;authorization denied: global lock (LOSS_STREAK)
2026.01.07 01:15:00;DECISION;setup LONG score=0.65 entry=4497.44 inv=4477.44 tgt=0.00 [CHoCH long lvl=4496.89|RelVol=2.53|VPnode d=0.56|VWAPside]
2026.01.07 01:15:00;VETO;authorization denied: outside session window (server hour 01, window 03-20)
2026.01.07 01:30:00;VETO;authorization denied: outside session window (server hour 01, window 03-20)
2026.01.07 01:45:00;VETO;authorization denied: outside session window (server hour 01, window 03-20)
2026.01.07 02:00:00;VETO;authorization denied: outside session window (server hour 02, window 03-20)
2026.01.07 03:15:00;VETO;signal rejected: score 0.40 < 0.45 [CHoCH short lvl=4477.44|RelVol=1.29|VWAPside]
2026.01.07 07:45:00;DECISION;setup SHORT score=0.50 entry=4452.40 inv=4480.23 tgt=0.00 [BOS short lvl=4459.69|RelVol=1.66|VWAPside|ADX=38]
2026.01.07 07:45:00;ORDER;filled SELL 0.03 lots sl=4480.23 tp=4396.74 [WT|BOS|0.50]
2026.01.07 07:45:00;RISK;sizing: vol_ratio=0.88 scalar=1.00 gap_buf=0.00000 eff_stop=27.83000
2026.01.07 07:45:00;ORDER;entry fill deal #18 SELL 0.03 @ 4452.40000
2026.01.07 13:45:00;DECISION;setup SHORT score=0.85 entry=4450.51 inv=4467.91 tgt=0.00 [BOS short lvl=4458.79|RelVol=0.29|VPnode d=2.49|VWAPside|CycleTurn w=0.78<-0.99]
2026.01.07 13:45:00;VETO;risk veto: max positions
2026.01.07 17:15:00;DECISION;setup SHORT score=0.80 entry=4426.71 inv=4454.34 tgt=0.00 [BOS short lvl=4427.91|RelVol=1.06|VPnear|VWAPside|CycleTurn w=0.68<-1.00|ADX=39]
2026.01.07 17:15:00;VETO;risk veto: max positions
2026.01.07 17:16:40;MANAGE;#18 SL 4480.23 -> 4452.36 breakeven
2026.01.07 17:16:59;MANAGE;#18 SL 4452.36 -> 4449.76 trail
2026.01.07 17:17:40;MANAGE;#18 SL 4449.76 -> 4447.17 trail
2026.01.07 17:31:40;RISK;deal closed pnl=15.69 streak=0 lock=0
2026.01.07 18:30:00;DECISION;setup LONG score=0.60 entry=4457.92 inv=4423.48 tgt=0.00 [CHoCH long lvl=4454.34|RelVol=0.94|VPnear|CycleTurn w=0.69<--0.16]
2026.01.07 18:30:00;ORDER;filled BUY 0.02 lots sl=4423.48 tp=4526.92 [WT|CHOCH|0.60]
2026.01.07 18:30:00;RISK;sizing: vol_ratio=1.61 scalar=1.00 gap_buf=0.00000 eff_stop=34.48000
2026.01.07 18:30:00;ORDER;entry fill deal #20 BUY 0.02 @ 4457.96000
2026.01.08 01:30:00;DECISION;setup LONG score=0.85 entry=4461.97 inv=4449.74 tgt=0.00 [BOS long lvl=4461.55|RelVol=1.58|VPnode d=0.27|VWAPside|CycleTurn w=0.22<--0.80]
2026.01.08 01:30:00;VETO;authorization denied: outside session window (server hour 01, window 03-20)
2026.01.08 01:45:00;VETO;authorization denied: outside session window (server hour 01, window 03-20)
2026.01.08 02:00:00;VETO;authorization denied: outside session window (server hour 02, window 03-20)
2026.01.08 02:15:00;VETO;authorization denied: outside session window (server hour 02, window 03-20)
2026.01.08 03:45:00;DECISION;setup SHORT score=0.65 entry=4447.56 inv=4466.37 tgt=0.00 [CHoCH short lvl=4449.74|RelVol=1.12|VPnode d=1.24|VWAPside]
2026.01.08 03:45:00;VETO;risk veto: max positions
2026.01.08 06:45:00;DECISION;setup SHORT score=0.75 entry=4432.05 inv=4446.48 tgt=0.00 [BOS short lvl=4433.46|RelVol=1.05|VPnode d=4.75|VWAPside|ADX=40]
2026.01.08 06:45:00;VETO;risk veto: max positions
2026.01.08 07:16:40;RISK;deal closed pnl=-69.72 streak=1 lock=0
2026.01.08 14:00:00;DECISION;setup SHORT score=0.95 entry=4422.84 inv=4434.88 tgt=0.00 [BOS short lvl=4423.06|RelVol=0.97|VPnode d=3.44|VWAPside|CycleTurn w=0.78<-0.94|ADX=33]
2026.01.08 14:00:00;ORDER;filled SELL 0.08 lots sl=4434.88 tp=4398.82 [WT|BOS|0.95]
2026.01.08 14:00:00;RISK;sizing: vol_ratio=0.80 scalar=1.00 gap_buf=0.00000 eff_stop=12.02000
2026.01.08 14:00:00;ORDER;entry fill deal #22 SELL 0.08 @ 4422.86000
2026.01.08 14:15:40;MANAGE;#22 SL 4434.88 -> 4422.82 breakeven
2026.01.08 14:16:20;MANAGE;#22 SL 4422.82 -> 4420.53 trail
2026.01.08 14:26:40;RISK;deal closed pnl=18.64 streak=0 lock=0
2026.01.08 17:15:00;DECISION;setup LONG score=0.65 entry=4447.98 inv=4419.16 tgt=0.00 [CHoCH long lvl=4436.03|RelVol=1.06|VPnode d=8.58|VWAPside]
2026.01.08 17:15:00;ORDER;filled BUY 0.03 lots sl=4419.16 tp=4505.77 [WT|CHOCH|0.65]
2026.01.08 17:15:00;RISK;sizing: vol_ratio=1.42 scalar=1.00 gap_buf=0.00000 eff_stop=28.87000
2026.01.08 17:15:00;ORDER;entry fill deal #24 BUY 0.03 @ 4448.03000
2026.01.08 22:30:00;DECISION;setup LONG score=0.60 entry=4469.97 inv=4444.65 tgt=0.00 [BOS long lvl=4465.39|RelVol=1.19|VWAPside|CycleTurn w=-0.88<--0.98]
2026.01.08 22:30:00;VETO;authorization denied: outside session window (server hour 22, window 03-20)
2026.01.08 22:34:20;MANAGE;#24 SL 4419.16 -> 4448.07 breakeven
2026.01.08 22:34:40;MANAGE;#24 SL 4448.07 -> 4461.92 trail
2026.01.08 22:34:59;MANAGE;#24 SL 4461.92 -> 4462.93 trail
2026.01.08 22:35:40;MANAGE;#24 SL 4462.93 -> 4464.66 trail
2026.01.08 22:36:40;MANAGE;#24 SL 4464.66 -> 4464.90 trail
2026.01.08 22:45:00;VETO;authorization denied: outside session window (server hour 22, window 03-20)
2026.01.08 23:00:00;VETO;authorization denied: outside session window (server hour 23, window 03-20)
2026.01.08 23:00:40;ERROR;modify #24 sl=4465.86 tp=4505.77 rejected rc=10018
2026.01.08 23:02:40;ERROR;modify #24 sl=4465.46 tp=4505.77 rejected rc=10018
2026.01.08 23:03:40;ERROR;modify #24 sl=4465.78 tp=4505.77 rejected rc=10018
2026.01.08 23:04:20;ERROR;modify #24 sl=4465.45 tp=4505.77 rejected rc=10018
2026.01.08 23:05:20;ERROR;modify #24 sl=4465.28 tp=4505.77 rejected rc=10018
2026.01.08 23:07:40;ERROR;modify #24 sl=4465.05 tp=4505.77 rejected rc=10018
2026.01.08 23:08:20;ERROR;modify #24 sl=4465.41 tp=4505.77 rejected rc=10018
2026.01.08 23:09:40;ERROR;modify #24 sl=4465.73 tp=4505.77 rejected rc=10018
2026.01.08 23:10:20;ERROR;modify #24 sl=4465.99 tp=4505.77 rejected rc=10018
2026.01.08 23:10:59;ERROR;modify #24 sl=4465.22 tp=4505.77 rejected rc=10018
2026.01.08 23:15:00;VETO;authorization denied: outside session window (server hour 23, window 03-20)
2026.01.08 23:15:20;ERROR;modify #24 sl=4465.25 tp=4505.77 rejected rc=10018
2026.01.08 23:52:40;ERROR;modify #24 sl=4465.58 tp=4505.77 rejected rc=10018
2026.01.08 23:53:20;ERROR;modify #24 sl=4465.34 tp=4505.77 rejected rc=10018
2026.01.08 23:53:59;ERROR;modify #24 sl=4465.88 tp=4505.77 rejected rc=10018
2026.01.08 23:55:20;ERROR;modify #24 sl=4465.38 tp=4505.77 rejected rc=10018
2026.01.08 23:58:40;ERROR;modify #24 sl=4465.61 tp=4505.77 rejected rc=10018
2026.01.08 23:59:40;ERROR;modify #24 sl=4465.62 tp=4505.77 rejected rc=10018
2026.01.09 01:00:00;MANAGE;#24 SL 4464.90 -> 4465.69 trail
2026.01.09 01:00:40;MANAGE;#24 SL 4465.69 -> 4471.17 trail
2026.01.09 01:02:20;MANAGE;#24 SL 4471.17 -> 4471.81 trail
2026.01.09 02:14:40;RISK;deal closed pnl=70.96 streak=0 lock=0
2026.01.09 14:45:00;DECISION;setup SHORT score=0.85 entry=4466.04 inv=4477.63 tgt=0.00 [CHoCH short lvl=4467.10|RelVol=0.92|VPnode d=1.44|VWAPside|CycleTurn w=-0.39<--0.16]
2026.01.09 14:45:00;ORDER;filled SELL 0.08 lots sl=4477.63 tp=4442.86 [WT|CHOCH|0.85]
2026.01.09 14:45:00;RISK;sizing: vol_ratio=0.76 scalar=1.00 gap_buf=0.00000 eff_stop=11.59000
2026.01.09 14:45:00;ORDER;entry fill deal #26 SELL 0.08 @ 4466.04000
2026.01.09 15:31:40;RISK;deal closed pnl=-92.72 streak=1 lock=0
2026.01.09 15:45:00;DECISION;setup LONG score=0.70 entry=4486.95 inv=4461.04 tgt=0.00 [CHoCH long lvl=4480.45|RelVol=1.52|VPnear|VWAPside|CycleTurn w=-0.82<--0.99]
2026.01.09 15:45:00;ORDER;filled BUY 0.03 lots sl=4461.04 tp=4538.98 [WT|CHOCH|0.70]
2026.01.09 15:45:00;RISK;sizing: vol_ratio=1.15 scalar=1.00 gap_buf=0.00000 eff_stop=25.98000
2026.01.09 15:45:00;ORDER;entry fill deal #28 BUY 0.03 @ 4487.02000
2026.01.09 17:38:40;MANAGE;#28 SL 4461.04 -> 4487.06 breakeven
2026.01.09 17:38:59;MANAGE;#28 SL 4487.06 -> 4487.29 trail
2026.01.09 17:39:40;MANAGE;#28 SL 4487.29 -> 4489.87 trail
2026.01.09 17:41:40;MANAGE;#28 SL 4489.87 -> 4490.18 trail
2026.01.09 17:42:20;MANAGE;#28 SL 4490.18 -> 4491.40 trail
2026.01.09 19:53:40;RISK;deal closed pnl=13.14 streak=0 lock=0
2026.01.09 22:15:00;DECISION;setup LONG score=0.60 entry=4506.74 inv=4481.98 tgt=0.00 [BOS long lvl=4504.55|RelVol=0.87|VWAPside|CycleTurn w=-0.97<--0.99]
2026.01.09 22:15:00;VETO;authorization denied: outside session window (server hour 22, window 03-20)
2026.01.09 22:30:00;VETO;authorization denied: outside session window (server hour 22, window 03-20)
2026.01.09 22:45:00;VETO;authorization denied: outside session window (server hour 22, window 03-20)
2026.01.09 23:00:00;VETO;authorization denied: outside session window (server hour 23, window 03-20)
2026.01.12 10:00:00;DECISION;setup LONG score=0.85 entry=4587.82 inv=4569.79 tgt=0.00 [BOS long lvl=4584.95|RelVol=0.91|VPnode d=2.02|VWAPside|CycleTurn w=-0.95<--0.97]
2026.01.12 10:00:00;ORDER;filled BUY 0.05 lots sl=4569.79 tp=4624.00 [WT|BOS|0.85]
2026.01.12 10:00:00;RISK;sizing: vol_ratio=0.83 scalar=1.00 gap_buf=0.00000 eff_stop=18.07000
2026.01.12 10:00:00;ORDER;entry fill deal #30 BUY 0.05 @ 4587.86000
2026.01.12 11:00:00;DECISION;setup LONG score=0.60 entry=4596.83 inv=4569.79 tgt=0.00 [BOS long lvl=4589.64|RelVol=1.30|VPnear|VWAPside|ADX=31]
2026.01.12 11:00:00;VETO;risk veto: max positions
2026.01.12 13:30:00;VETO;signal rejected: score 0.40 < 0.45 [CHoCH short lvl=4586.06|RelVol=1.07|VPnear]
2026.01.12 15:12:40;MANAGE;#30 SL 4569.79 -> 4587.90 breakeven
2026.01.12 15:12:59;MANAGE;#30 SL 4587.90 -> 4594.74 trail
2026.01.12 15:13:40;MANAGE;#30 SL 4594.74 -> 4596.39 trail
2026.01.12 15:15:00;DECISION;setup LONG score=0.70 entry=4606.56 inv=4578.43 tgt=0.00 [CHoCH long lvl=4595.46|RelVol=1.21|VPnear|VWAPside|CycleTurn w=-0.95<--1.00]
2026.01.12 15:15:00;VETO;risk veto: max positions
2026.01.12 15:40:40;MANAGE;#30 SL 4596.39 -> 4597.98 trail
2026.01.12 15:48:20;MANAGE;#30 SL 4597.98 -> 4599.05 trail
2026.01.12 15:49:40;MANAGE;#30 SL 4599.05 -> 4599.72 trail
2026.01.12 15:50:40;MANAGE;#30 SL 4599.72 -> 4600.91 trail
2026.01.12 15:51:40;MANAGE;#30 SL 4600.91 -> 4602.77 trail
2026.01.12 15:52:20;MANAGE;#30 SL 4602.77 -> 4602.97 trail
2026.01.12 15:54:40;MANAGE;#30 SL 4602.97 -> 4604.56 trail
2026.01.12 15:55:20;MANAGE;#30 SL 4604.56 -> 4604.84 trail
2026.01.12 16:03:40;RISK;deal closed pnl=84.90 streak=0 lock=0
2026.01.12 17:45:00;DECISION;setup LONG score=0.70 entry=4623.71 inv=4584.92 tgt=0.00 [BOS long lvl=4620.32|RelVol=0.86|VWAPside|CycleTurn w=0.72<-0.09|ADX=35]
2026.01.12 17:45:00;ORDER;filled BUY 0.02 lots sl=4584.92 tp=4701.08 [WT|BOS|0.70]
2026.01.12 17:45:00;RISK;sizing: vol_ratio=1.35 scalar=1.00 gap_buf=0.00000 eff_stop=38.72000
2026.01.12 17:45:00;ORDER;entry fill deal #32 BUY 0.02 @ 4623.64000
2026.01.12 20:30:00;DECISION;setup SHORT score=0.55 entry=4605.64 inv=4630.13 tgt=0.00 [CHoCH short lvl=4607.89|RelVol=1.09|VPnode d=1.36]
2026.01.12 20:30:00;VETO;authorization denied: outside session window (server hour 20, window 03-20)
2026.01.12 20:45:00;VETO;authorization denied: outside session window (server hour 20, window 03-20)
2026.01.12 21:00:00;VETO;authorization denied: outside session window (server hour 21, window 03-20)
2026.01.12 21:15:00;VETO;authorization denied: outside session window (server hour 21, window 03-20)
2026.01.12 22:45:00;VETO;signal rejected: score 0.30 < 0.45 [BOS short lvl=4600.55|RelVol=1.08]
2026.01.13 01:12:40;RISK;deal closed pnl=-77.69 streak=1 lock=0
2026.01.13 04:00:00;DECISION;setup SHORT score=0.75 entry=4577.90 inv=4607.74 tgt=0.00 [BOS short lvl=4578.11|RelVol=1.22|VPnode d=2.30|VWAPside|ADX=31]
2026.01.13 04:00:00;ORDER;filled SELL 0.03 lots sl=4607.74 tp=4518.22 [WT|BOS|0.75]
2026.01.13 04:00:00;RISK;sizing: vol_ratio=1.15 scalar=1.00 gap_buf=0.00000 eff_stop=29.84000
2026.01.13 04:00:00;ORDER;entry fill deal #34 SELL 0.03 @ 4577.90000
2026.01.13 07:30:00;DECISION;setup LONG score=0.65 entry=4601.43 inv=4592.49 tgt=0.00 [CHoCH long lvl=4599.75|RelVol=0.68|VPnode d=2.03|VWAPside]
2026.01.13 07:30:00;VETO;risk veto: max positions
2026.01.13 08:00:00;DECISION;setup SHORT score=0.75 entry=4592.01 inv=4600.93 tgt=0.00 [CHoCH short lvl=4592.49|RelVol=0.76|StopFloored|VPnode d=1.69|CycleTurn w=0.97<-0.99]
2026.01.13 08:00:00;VETO;risk veto: max positions
2026.01.13 15:00:00;DECISION;setup LONG score=0.65 entry=4593.22 inv=4580.42 tgt=0.00 [CHoCH long lvl=4592.01|RelVol=1.14|VPnode d=0.18|VWAPside]
2026.01.13 15:00:00;VETO;risk veto: max positions
2026.01.13 15:30:40;RISK;deal closed pnl=-89.52 streak=2 lock=0
2026.01.13 18:30:00;DECISION;setup SHORT score=0.75 entry=4598.56 inv=4634.60 tgt=0.00 [CHoCH short lvl=4600.90|RelVol=1.13|VPnode d=6.24|CycleTurn w=-0.47<-0.61]
2026.01.13 18:30:00;ORDER;filled SELL 0.02 lots sl=4634.60 tp=4526.48 [WT|CHOCH|0.75]
2026.01.13 18:30:00;RISK;sizing: vol_ratio=1.56 scalar=1.00 gap_buf=0.00000 eff_stop=36.04000
2026.01.13 18:30:00;ORDER;entry fill deal #36 SELL 0.02 @ 4598.56000
2026.01.13 20:00:00;DECISION;setup SHORT score=0.65 entry=4590.38 inv=4616.03 tgt=0.00 [BOS short lvl=4593.07|RelVol=1.41|VPnode d=4.28|VWAPside]
2026.01.13 20:00:00;VETO;authorization denied: outside session window (server hour 20, window 03-20)
2026.01.13 20:15:00;VETO;authorization denied: outside session window (server hour 20, window 03-20)
2026.01.13 20:30:00;VETO;authorization denied: outside session window (server hour 20, window 03-20)
2026.01.13 20:45:00;VETO;authorization denied: outside session window (server hour 20, window 03-20)
2026.01.14 02:15:00;DECISION;setup LONG score=0.65 entry=4605.26 inv=4569.58 tgt=0.00 [CHoCH long lvl=4598.99|RelVol=1.45|VPnode d=5.46|VWAPside]
2026.01.14 02:15:00;VETO;authorization denied: outside session window (server hour 02, window 03-20)
2026.01.14 02:30:00;VETO;authorization denied: outside session window (server hour 02, window 03-20)
2026.01.14 02:45:00;VETO;authorization denied: outside session window (server hour 02, window 03-20)
2026.01.14 03:00:00;VETO;risk veto: max positions
2026.01.14 07:01:40;RISK;deal closed pnl=-72.17 streak=1 lock=0
2026.01.14 15:00:00;DECISION;setup LONG score=0.85 entry=4638.71 inv=4626.08 tgt=0.00 [BOS long lvl=4638.21|RelVol=1.21|VPnode d=0.29|VWAPside|CycleTurn w=-0.88<--0.94]
2026.01.14 15:00:00;ORDER;filled BUY 0.07 lots sl=4626.08 tp=4664.09 [WT|BOS|0.85]
2026.01.14 15:00:00;RISK;sizing: vol_ratio=0.75 scalar=1.00 gap_buf=0.00000 eff_stop=12.67000
2026.01.14 15:00:00;ORDER;entry fill deal #38 BUY 0.07 @ 4638.75000
2026.01.14 15:30:40;RISK;deal closed pnl=-88.69 streak=2 lock=0
2026.01.14 16:45:00;DECISION;setup SHORT score=0.65 entry=4618.93 inv=4641.92 tgt=0.00 [CHoCH short lvl=4624.11|RelVol=1.07|VPnode d=3.27|VWAPside]
2026.01.14 16:45:00;ORDER;filled SELL 0.04 lots sl=4641.92 tp=4572.80 [WT|CHOCH|0.65]
2026.01.14 16:45:00;RISK;sizing: vol_ratio=1.02 scalar=1.00 gap_buf=0.00000 eff_stop=23.04000
2026.01.14 16:45:00;ORDER;entry fill deal #40 SELL 0.04 @ 4618.88000
2026.01.14 20:30:00;DECISION;setup LONG score=0.85 entry=4628.27 inv=4601.18 tgt=0.00 [CHoCH long lvl=4624.79|RelVol=1.36|VPnode d=6.63|VWAPside|CycleTurn w=-0.55<--0.97]
2026.01.14 20:30:00;VETO;authorization denied: outside session window (server hour 20, window 03-20)
2026.01.14 20:45:00;VETO;authorization denied: outside session window (server hour 20, window 03-20)
2026.01.14 21:00:00;VETO;authorization denied: outside session window (server hour 21, window 03-20)
2026.01.14 21:02:40;RISK;deal closed pnl=-92.16 streak=3 lock=2
2026.01.14 21:15:00;VETO;authorization denied: global lock (LOSS_STREAK)
2026.01.15 03:30:00;DECISION;setup SHORT score=0.50 entry=4600.46 inv=4618.13 tgt=0.00 [CHoCH short lvl=4602.82|RelVol=1.47|VPnear|VWAPside]
2026.01.15 03:30:00;ORDER;filled SELL 0.05 lots sl=4618.13 tp=4565.15 [WT|CHOCH|0.50]
2026.01.15 03:30:00;RISK;sizing: vol_ratio=1.12 scalar=1.00 gap_buf=0.00000 eff_stop=17.66000
2026.01.15 03:30:00;ORDER;entry fill deal #42 SELL 0.05 @ 4600.47000
2026.01.15 05:22:20;MANAGE;#42 SL 4618.13 -> 4600.43 breakeven
2026.01.15 08:03:40;RISK;deal closed pnl=0.20 streak=0 lock=0
2026.01.15 11:45:00;DECISION;setup LONG score=0.50 entry=4609.49 inv=4597.81 tgt=0.00 [CHoCH long lvl=4607.18|RelVol=1.40|VPnear|VWAPside]
2026.01.15 11:45:00;ORDER;filled BUY 0.08 lots sl=4597.81 tp=4632.88 [WT|CHOCH|0.50]
2026.01.15 11:45:00;RISK;sizing: vol_ratio=0.72 scalar=1.00 gap_buf=0.00000 eff_stop=11.69000
2026.01.15 11:45:00;ORDER;entry fill deal #44 BUY 0.08 @ 4609.50000
2026.01.15 13:00:40;MANAGE;#44 SL 4597.81 -> 4609.54 breakeven
2026.01.15 13:32:40;MANAGE;#44 SL 4609.54 -> 4610.08 trail
2026.01.15 13:34:40;MANAGE;#44 SL 4610.08 -> 4610.96 trail
2026.01.15 13:35:40;MANAGE;#44 SL 4610.96 -> 4612.15 trail
2026.01.15 13:37:20;MANAGE;#44 SL 4612.15 -> 4612.25 trail
2026.01.15 14:55:40;RISK;deal closed pnl=22.00 streak=0 lock=0
2026.01.15 15:45:00;DECISION;setup SHORT score=0.50 entry=4590.01 inv=4622.94 tgt=0.00 [CHoCH short lvl=4597.81|RelVol=1.20|VPnear|VWAPside]
2026.01.15 15:45:00;ORDER;filled SELL 0.02 lots sl=4622.94 tp=4524.15 [WT|CHOCH|0.50]
2026.01.15 15:45:00;RISK;sizing: vol_ratio=0.68 scalar=1.00 gap_buf=0.00000 eff_stop=32.93000
2026.01.15 15:45:00;ORDER;entry fill deal #46 SELL 0.02 @ 4590.01000
2026.01.15 18:11:40;RISK;deal closed pnl=-65.86 streak=1 lock=0
2026.01.15 22:15:00;DECISION;setup SHORT score=0.70 entry=4605.70 inv=4621.59 tgt=0.00 [BOS short lvl=4613.52|RelVol=1.06|VPnear|VWAPside|CycleTurn w=0.41<-0.94]
2026.01.15 22:15:00;VETO;authorization denied: outside session window (server hour 22, window 03-20)
2026.01.15 22:30:00;VETO;authorization denied: outside session window (server hour 22, window 03-20)
2026.01.15 22:45:00;VETO;authorization denied: outside session window (server hour 22, window 03-20)
2026.01.15 23:00:00;VETO;authorization denied: outside session window (server hour 23, window 03-20)
2026.01.16 03:00:00;DECISION;setup SHORT score=0.65 entry=4599.96 inv=4621.04 tgt=0.00 [BOS short lvl=4600.69|RelVol=0.97|VPnode d=2.44|VWAPside]
2026.01.16 03:00:00;ORDER;filled SELL 0.04 lots sl=4621.04 tp=4557.80 [WT|BOS|0.65]
2026.01.16 03:00:00;RISK;sizing: vol_ratio=0.68 scalar=1.00 gap_buf=0.00000 eff_stop=21.08000
2026.01.16 03:00:00;ORDER;entry fill deal #48 SELL 0.04 @ 4599.96000
2026.01.16 08:00:00;DECISION;setup LONG score=0.50 entry=4611.63 inv=4595.30 tgt=0.00 [CHoCH long lvl=4608.58|RelVol=0.90|VPnear|VWAPside]
2026.01.16 08:00:00;VETO;risk veto: max positions
2026.01.16 13:30:00;DECISION;setup LONG score=0.65 entry=4611.15 inv=4598.98 tgt=0.00 [BOS long lvl=4611.12|RelVol=0.86|VPnode d=2.35|VWAPside]
2026.01.16 13:30:00;VETO;risk veto: max positions
2026.01.16 15:15:00;DECISION;setup SHORT score=0.85 entry=4596.25 inv=4616.11 tgt=0.00 [CHoCH short lvl=4598.58|RelVol=1.25|VPnode d=0.25|VWAPside|CycleTurn w=-0.52<-0.52]
2026.01.16 15:15:00;VETO;risk veto: max positions
2026.01.16 17:28:40;MANAGE;#48 SL 4621.04 -> 4599.92 breakeven
2026.01.16 17:28:59;MANAGE;#48 SL 4599.92 -> 4591.10 trail
2026.01.16 17:29:40;MANAGE;#48 SL 4591.10 -> 4583.93 trail
2026.01.16 17:30:00;VETO;signal rejected: score 0.40 < 0.45 [BOS short lvl=4582.40|RelVol=1.26|VWAPside]
2026.01.16 17:31:40;RISK;deal closed pnl=168.64 streak=0 lock=0
2026.01.19 01:00:00;VETO;signal rejected: score 0.30 < 0.45 [CHoCH long lvl=4595.83|RelVol=0.95]
2026.01.19 04:00:00;DECISION;setup SHORT score=0.85 entry=4657.38 inv=4682.64 tgt=0.00 [CHoCH short lvl=4661.18|RelVol=1.15|StopFloored|VPnode d=4.22|VWAPside|CycleTurn w=0.63<-0.87]
2026.01.19 04:00:00;ORDER;filled SELL 0.03 lots sl=4682.64 tp=4606.89 [WT|CHOCH|0.85]
2026.01.19 04:00:00;RISK;sizing: vol_ratio=1.70 scalar=1.00 gap_buf=0.00000 eff_stop=25.25107
2026.01.19 04:00:00;ORDER;entry fill deal #50 SELL 0.03 @ 4657.39000
2026.01.19 08:00:00;DECISION;setup LONG score=0.65 entry=4669.91 inv=4658.18 tgt=0.00 [CHoCH long lvl=4669.85|RelVol=0.69|VPnode d=1.29|VWAPside]
2026.01.19 08:00:00;VETO;risk veto: max positions
2026.01.19 09:00:00;DECISION;setup LONG score=0.70 entry=4677.98 inv=4658.18 tgt=0.00 [BOS long lvl=4674.24|RelVol=0.77|VPnear|VWAPside|CycleTurn w=-0.99<--1.00]
2026.01.19 09:00:00;VETO;risk veto: max positions
2026.01.19 12:45:00;DECISION;setup SHORT score=0.65 entry=4661.59 inv=4672.88 tgt=0.00 [CHoCH short lvl=4661.81|RelVol=0.78|VPnode d=2.79|VWAPside]
2026.01.19 12:45:00;VETO;risk veto: max positions
2026.01.19 14:00:00;DECISION;setup SHORT score=0.65 entry=4660.68 inv=4671.21 tgt=0.00 [BOS short lvl=4661.27|RelVol=1.25|VPnode d=1.48|VWAPside]
2026.01.19 14:00:00;VETO;risk veto: max positions
2026.01.19 14:45:00;DECISION;setup LONG score=0.85 entry=4671.61 inv=4659.68 tgt=0.00 [CHoCH long lvl=4671.21|RelVol=0.63|VPnode d=0.01|VWAPside|CycleTurn w=-0.89<--0.99]
2026.01.19 14:45:00;VETO;risk veto: max positions
2026.01.19 18:00:00;DECISION;setup LONG score=0.85 entry=4674.29 inv=4661.63 tgt=0.00 [BOS long lvl=4673.81|RelVol=0.42|VPnode d=2.49|VWAPside|CycleTurn w=-0.78<--0.98]
2026.01.19 18:00:00;VETO;risk veto: max positions
2026.01.19 19:45:00;DECISION;setup LONG score=0.50 entry=4676.21 inv=4661.63 tgt=0.00 [BOS long lvl=4676.09|RelVol=0.38|VPnear|VWAPside]
2026.01.19 19:45:00;VETO;risk veto: max positions
2026.01.20 01:30:00;DECISION;setup SHORT score=0.65 entry=4666.40 inv=4680.36 tgt=0.00 [CHoCH short lvl=4669.25|RelVol=0.62|VPnode d=1.20|VWAPside]
2026.01.20 01:30:00;VETO;authorization denied: outside session window (server hour 01, window 03-20)
2026.01.20 01:45:00;VETO;authorization denied: outside session window (server hour 01, window 03-20)
2026.01.20 02:00:00;VETO;authorization denied: outside session window (server hour 02, window 03-20)
2026.01.20 02:15:00;VETO;authorization denied: outside session window (server hour 02, window 03-20)
2026.01.20 05:45:00;DECISION;setup LONG score=0.65 entry=4676.89 inv=4665.52 tgt=0.00 [CHoCH long lvl=4675.95|RelVol=0.74|VPnode d=2.69|VWAPside]
2026.01.20 05:45:00;VETO;risk veto: max positions
2026.01.20 06:18:20;RISK;deal closed pnl=-75.89 streak=1 lock=0
2026.01.20 09:30:00;DECISION;setup LONG score=0.50 entry=4718.20 inv=4665.52 tgt=0.00 [BOS long lvl=4717.01|RelVol=1.06|VWAPside|ADX=68]
2026.01.20 09:30:00;ORDER;filled BUY 0.01 lots sl=4665.52 tp=4823.86 [WT|BOS|0.50]
2026.01.20 09:30:00;RISK;sizing: vol_ratio=1.32 scalar=1.00 gap_buf=0.00000 eff_stop=52.78000
2026.01.20 09:30:00;ORDER;entry fill deal #52 BUY 0.01 @ 4718.30000
2026.01.20 15:30:00;VETO;signal rejected: score 0.40 < 0.45 [CHoCH short lvl=4721.65|RelVol=0.89|VPnear]
2026.01.20 16:00:00;DECISION;setup LONG score=0.85 entry=4737.08 inv=4721.65 tgt=0.00 [CHoCH long lvl=4735.25|RelVol=1.14|VPnode d=1.32|VWAPside|CycleTurn w=-0.99<--1.00]
2026.01.20 16:00:00;VETO;risk veto: max positions
2026.01.20 19:00:00;DECISION;setup LONG score=0.85 entry=4753.64 inv=4722.41 tgt=0.00 [BOS long lvl=4751.14|RelVol=1.04|VPnode d=5.04|VWAPside|CycleTurn w=-0.60<--0.93]
2026.01.20 19:00:00;VETO;risk veto: max positions
2026.01.20 22:30:00;VETO;signal rejected: score 0.40 < 0.45 [CHoCH short lvl=4752.87|RelVol=1.22|VPnear]
2026.01.21 01:44:40;MANAGE;#52 SL 4665.52 -> 4718.34 breakeven
2026.01.21 01:44:59;MANAGE;#52 SL 4718.34 -> 4761.88 trail
2026.01.21 01:45:00;DECISION;setup LONG score=0.60 entry=4773.64 inv=4747.47 tgt=0.00 [CHoCH long lvl=4766.20|RelVol=0.68|VWAPside|CycleTurn w=-0.96<--0.99]
2026.01.21 01:45:00;VETO;authorization denied: outside session window (server hour 01, window 03-20)
2026.01.21 01:46:40;MANAGE;#52 SL 4761.88 -> 4765.93 trail
2026.01.21 01:47:40;MANAGE;#52 SL 4765.93 -> 4767.72 trail
2026.01.21 02:00:00;VETO;authorization denied: outside session window (server hour 02, window 03-20)
2026.01.21 02:15:00;VETO;authorization denied: outside session window (server hour 02, window 03-20)
2026.01.21 02:30:00;VETO;authorization denied: outside session window (server hour 02, window 03-20)
2026.01.21 02:33:40;MANAGE;#52 SL 4767.72 -> 4769.93 trail
2026.01.21 02:34:20;MANAGE;#52 SL 4769.93 -> 4770.20 trail
2026.01.21 02:39:40;MANAGE;#52 SL 4770.20 -> 4770.44 trail
2026.01.21 02:42:40;MANAGE;#52 SL 4770.44 -> 4772.19 trail
2026.01.21 02:53:40;MANAGE;#52 SL 4772.19 -> 4772.41 trail
2026.01.21 02:56:40;MANAGE;#52 SL 4772.41 -> 4772.89 trail
2026.01.21 02:59:20;MANAGE;#52 SL 4772.89 -> 4773.51 trail
2026.01.21 03:01:40;MANAGE;#52 SL 4773.51 -> 4775.13 trail
2026.01.21 03:02:40;MANAGE;#52 SL 4775.13 -> 4776.77 trail
2026.01.21 03:04:40;MANAGE;#52 SL 4776.77 -> 4781.86 trail
2026.01.21 03:06:40;MANAGE;#52 SL 4781.86 -> 4784.02 trail
2026.01.21 03:07:40;MANAGE;#52 SL 4784.02 -> 4784.65 trail
2026.01.21 03:08:00;MANAGE;#52 SL 4784.65 -> 4784.80 trail
2026.01.21 03:08:40;MANAGE;#52 SL 4784.80 -> 4787.02 trail
2026.01.21 03:10:40;MANAGE;#52 SL 4787.02 -> 4787.24 trail
2026.01.21 03:11:40;MANAGE;#52 SL 4787.24 -> 4787.77 trail
2026.01.21 03:13:40;MANAGE;#52 SL 4787.77 -> 4793.16 trail
2026.01.21 03:14:40;MANAGE;#52 SL 4793.16 -> 4796.89 trail
2026.01.21 03:19:40;MANAGE;#52 SL 4796.89 -> 4797.94 trail
2026.01.21 03:20:40;MANAGE;#52 SL 4797.94 -> 4800.01 trail
2026.01.21 03:21:40;MANAGE;#52 SL 4800.01 -> 4800.12 trail
2026.01.21 03:24:40;MANAGE;#52 SL 4800.12 -> 4802.11 trail
2026.01.21 03:25:20;MANAGE;#52 SL 4802.11 -> 4803.13 trail
2026.01.21 03:26:40;MANAGE;#52 SL 4803.13 -> 4803.66 trail
2026.01.21 03:27:40;MANAGE;#52 SL 4803.66 -> 4806.79 trail
2026.01.21 03:28:40;RISK;deal closed pnl=105.43 streak=0 lock=0
2026.01.21 06:30:00;DECISION;setup LONG score=0.75 entry=4849.85 inv=4747.47 tgt=0.00 [BOS long lvl=4849.75|RelVol=1.57|VPnode d=2.75|VWAPside|ADX=56]
2026.01.21 06:30:00;VETO;risk veto: size 0.00 < broker min 0.01 (risk too small for stop)
2026.01.21 15:45:00;DECISION;setup LONG score=0.85 entry=4877.28 inv=4855.25 tgt=0.00 [BOS long lvl=4871.57|RelVol=0.73|VPnode d=1.52|VWAPside|CycleTurn w=-0.95<--0.99]
2026.01.21 15:45:00;ORDER;filled BUY 0.04 lots sl=4855.25 tp=4921.46 [WT|BOS|0.85]
2026.01.21 15:45:00;RISK;sizing: vol_ratio=0.77 scalar=1.00 gap_buf=0.00000 eff_stop=22.07000
2026.01.21 15:45:00;ORDER;entry fill deal #54 BUY 0.04 @ 4877.32000
2026.01.21 16:04:40;RISK;deal closed pnl=-88.28 streak=1 lock=0
2026.01.21 16:15:00;DECISION;setup SHORT score=0.50 entry=4844.66 inv=4871.57 tgt=0.00 [CHoCH short lvl=4855.25|RelVol=1.31|VPnear|VWAPside]
2026.01.21 16:15:00;ORDER;filled SELL 0.03 lots sl=4871.57 tp=4790.84 [WT|CHOCH|0.50]
2026.01.21 16:15:00;RISK;sizing: vol_ratio=1.02 scalar=1.00 gap_buf=0.00000 eff_stop=26.91000
2026.01.21 16:15:00;ORDER;entry fill deal #56 SELL 0.03 @ 4844.66000
2026.01.21 16:39:40;RISK;deal closed pnl=-80.73 streak=2 lock=0
2026.01.21 17:30:00;DECISION;setup SHORT score=0.65 entry=4831.09 inv=4880.95 tgt=0.00 [BOS short lvl=4839.36|RelVol=1.36|VPnode d=4.51|VWAPside]
2026.01.21 17:30:00;ORDER;filled SELL 0.01 lots sl=4880.95 tp=4731.37 [WT|BOS|0.65]
2026.01.21 17:30:00;RISK;sizing: vol_ratio=1.52 scalar=1.00 gap_buf=0.00000 eff_stop=49.86000
2026.01.21 17:30:00;ORDER;entry fill deal #58 SELL 0.01 @ 4831.09000
2026.01.21 19:45:00;DECISION;setup SHORT score=0.50 entry=4809.95 inv=4880.95 tgt=0.00 [BOS short lvl=4812.84|RelVol=1.94|VPnear|VWAPside]
2026.01.21 19:45:00;VETO;risk veto: max positions
2026.01.21 21:36:40;MANAGE;#58 SL 4880.95 -> 4831.05 breakeven
2026.01.21 21:36:59;MANAGE;#58 SL 4831.05 -> 4815.82 trail
2026.01.21 21:37:40;MANAGE;#58 SL 4815.82 -> 4811.07 trail
2026.01.21 21:38:20;MANAGE;#58 SL 4811.07 -> 4809.02 trail
2026.01.21 21:39:40;MANAGE;#58 SL 4809.02 -> 4807.72 trail
2026.01.21 21:40:20;MANAGE;#58 SL 4807.72 -> 4803.28 trail
2026.01.21 21:44:40;MANAGE;#58 SL 4803.28 -> 4800.51 trail
2026.01.21 21:45:00;DECISION;setup SHORT score=0.60 entry=4765.88 inv=4880.95 tgt=0.00 [BOS short lvl=4802.53|RelVol=3.54|VWAPside|CycleTurn w=0.79<-0.96]
2026.01.21 21:45:00;VETO;authorization denied: outside session window (server hour 21, window 03-20)
2026.01.21 21:51:40;MANAGE;#58 SL 4800.51 -> 4796.90 trail
2026.01.21 22:00:00;VETO;authorization denied: outside session window (server hour 22, window 03-20)
2026.01.21 22:15:00;VETO;authorization denied: outside session window (server hour 22, window 03-20)
2026.01.21 22:20:40;RISK;deal closed pnl=34.19 streak=0 lock=0
2026.01.21 22:30:00;VETO;authorization denied: outside session window (server hour 22, window 03-20)
2026.01.22 07:45:00;DECISION;setup LONG score=0.65 entry=4800.76 inv=4774.77 tgt=0.00 [CHoCH long lvl=4800.44|RelVol=0.77|VPnode d=1.16|VWAPside]
2026.01.22 07:45:00;ORDER;filled BUY 0.03 lots sl=4774.77 tp=4852.86 [WT|CHOCH|0.65]
2026.01.22 07:45:00;RISK;sizing: vol_ratio=0.51 scalar=1.00 gap_buf=0.00000 eff_stop=26.03000
2026.01.22 07:45:00;ORDER;entry fill deal #60 BUY 0.03 @ 4800.80000
2026.01.22 08:24:40;MANAGE;#60 SL 4774.77 -> 4800.84 breakeven
2026.01.22 08:24:59;MANAGE;#60 SL 4800.84 -> 4812.10 trail
2026.01.22 08:25:40;MANAGE;#60 SL 4812.10 -> 4813.52 trail
2026.01.22 08:26:20;MANAGE;#60 SL 4813.52 -> 4813.84 trail
2026.01.22 09:02:40;MANAGE;#60 SL 4813.84 -> 4815.72 trail
2026.01.22 09:03:40;MANAGE;#60 SL 4815.72 -> 4816.42 trail
2026.01.22 09:04:40;MANAGE;#60 SL 4816.42 -> 4816.56 trail
2026.01.22 09:05:40;MANAGE;#60 SL 4816.56 -> 4816.88 trail
2026.01.22 09:06:40;MANAGE;#60 SL 4816.88 -> 4819.23 trail
2026.01.22 09:07:20;MANAGE;#60 SL 4819.23 -> 4820.42 trail
2026.01.22 09:16:40;MANAGE;#60 SL 4820.42 -> 4821.64 trail
2026.01.22 09:19:40;MANAGE;#60 SL 4821.64 -> 4822.17 trail
2026.01.22 09:28:40;MANAGE;#60 SL 4822.17 -> 4822.81 trail
2026.01.22 09:43:20;MANAGE;#60 SL 4822.81 -> 4823.53 trail
2026.01.22 10:32:40;RISK;deal closed pnl=68.19 streak=0 lock=0
2026.01.22 11:45:00;DECISION;setup SHORT score=0.75 entry=4816.26 inv=4839.00 tgt=0.00 [CHoCH short lvl=4822.32|RelVol=1.38|VPnode d=4.34|CycleTurn w=-0.33<-0.84]
2026.01.22 11:45:00;ORDER;filled SELL 0.04 lots sl=4839.00 tp=4770.78 [WT|CHOCH|0.75]
2026.01.22 11:45:00;RISK;sizing: vol_ratio=0.58 scalar=1.00 gap_buf=0.00000 eff_stop=22.74000
2026.01.22 11:45:00;ORDER;entry fill deal #62 SELL 0.04 @ 4816.26000
2026.01.22 15:45:00;VETO;signal rejected: score 0.30 < 0.45 [BOS short lvl=4813.97|RelVol=0.86]
2026.01.22 16:32:40;RISK;deal closed pnl=-90.96 streak=1 lock=0
2026.01.22 16:45:00;DECISION;setup LONG score=0.85 entry=4845.79 inv=4810.70 tgt=0.00 [CHoCH long lvl=4835.22|RelVol=0.90|VPnode d=0.01|VWAPside|CycleTurn w=-0.85<--0.99]
2026.01.22 16:45:00;ORDER;filled BUY 0.02 lots sl=4810.70 tp=4916.33 [WT|CHOCH|0.85]
2026.01.22 16:45:00;RISK;sizing: vol_ratio=0.69 scalar=1.00 gap_buf=0.00000 eff_stop=35.21000
2026.01.22 16:45:00;ORDER;entry fill deal #64 BUY 0.02 @ 4845.91000
2026.01.22 18:37:40;MANAGE;#64 SL 4810.70 -> 4845.95 breakeven
2026.01.22 18:37:59;MANAGE;#64 SL 4845.95 -> 4856.88 trail
2026.01.22 18:38:40;MANAGE;#64 SL 4856.88 -> 4860.56 trail
2026.01.22 18:50:40;MANAGE;#64 SL 4860.56 -> 4860.74 trail
2026.01.22 18:51:20;MANAGE;#64 SL 4860.74 -> 4860.90 trail
2026.01.22 19:22:40;MANAGE;#64 SL 4860.90 -> 4866.70 trail
2026.01.22 19:23:20;MANAGE;#64 SL 4866.70 -> 4867.43 trail
2026.01.22 19:27:40;MANAGE;#64 SL 4867.43 -> 4868.70 trail
2026.01.22 19:28:20;MANAGE;#64 SL 4868.70 -> 4869.54 trail
2026.01.22 19:34:40;MANAGE;#64 SL 4869.54 -> 4871.29 trail
2026.01.22 19:35:20;MANAGE;#64 SL 4871.29 -> 4871.92 trail
2026.01.22 19:42:40;MANAGE;#64 SL 4871.92 -> 4872.93 trail
2026.01.22 19:43:40;MANAGE;#64 SL 4872.93 -> 4874.23 trail
2026.01.22 19:46:40;MANAGE;#64 SL 4874.23 -> 4874.33 trail
2026.01.22 19:47:20;MANAGE;#64 SL 4874.33 -> 4874.71 trail
2026.01.22 19:48:40;MANAGE;#64 SL 4874.71 -> 4875.45 trail
2026.01.22 19:49:40;MANAGE;#64 SL 4875.45 -> 4879.11 trail
2026.01.22 19:54:40;MANAGE;#64 SL 4879.11 -> 4879.81 trail
2026.01.22 19:56:20;MANAGE;#64 SL 4879.81 -> 4880.20 trail
2026.01.22 19:57:40;MANAGE;#64 SL 4880.20 -> 4880.46 trail
2026.01.22 20:01:40;MANAGE;#64 SL 4880.46 -> 4882.21 trail
2026.01.22 20:02:20;MANAGE;#64 SL 4882.21 -> 4882.42 trail
2026.01.22 20:03:40;MANAGE;#64 SL 4882.42 -> 4885.27 trail
2026.01.22 20:08:40;MANAGE;#64 SL 4885.27 -> 4887.33 trail
2026.01.22 20:10:40;MANAGE;#64 SL 4887.33 -> 4888.70 trail
2026.01.22 20:12:20;MANAGE;#64 SL 4888.70 -> 4889.05 trail
2026.01.22 20:35:40;MANAGE;#64 SL 4889.05 -> 4889.74 trail
2026.01.22 20:37:40;MANAGE;#64 SL 4889.74 -> 4890.31 trail
2026.01.22 20:38:40;MANAGE;#64 SL 4890.31 -> 4891.07 trail
2026.01.22 20:49:40;RISK;deal closed pnl=140.84 streak=0 lock=0
2026.01.22 22:15:00;DECISION;setup LONG score=0.50 entry=4925.91 inv=4869.86 tgt=0.00 [BOS long lvl=4924.39|RelVol=0.80|VWAPside|ADX=54]
2026.01.22 22:15:00;VETO;authorization denied: outside session window (server hour 22, window 03-20)
2026.01.22 22:30:00;VETO;authorization denied: outside session window (server hour 22, window 03-20)
2026.01.22 22:45:00;VETO;authorization denied: outside session window (server hour 22, window 03-20)
2026.01.22 23:00:00;VETO;authorization denied: outside session window (server hour 23, window 03-20)
2026.01.22 23:45:00;DECISION;setup LONG score=0.50 entry=4938.92 inv=4906.01 tgt=0.00 [BOS long lvl=4928.50|RelVol=1.66|VWAPside|ADX=36]
2026.01.22 23:45:00;VETO;authorization denied: outside session window (server hour 23, window 03-20)
2026.01.23 01:00:00;VETO;authorization denied: outside session window (server hour 01, window 03-20)
2026.01.23 01:15:00;VETO;authorization denied: outside session window (server hour 01, window 03-20)
2026.01.23 01:30:00;VETO;authorization denied: outside session window (server hour 01, window 03-20)
2026.01.23 10:00:00;DECISION;setup SHORT score=0.65 entry=4944.43 inv=4967.30 tgt=0.00 [CHoCH short lvl=4945.59|RelVol=1.07|VPnode d=3.37|VWAPside]
2026.01.23 10:00:00;ORDER;filled SELL 0.04 lots sl=4967.30 tp=4898.69 [WT|CHOCH|0.65]
2026.01.23 10:00:00;RISK;sizing: vol_ratio=0.75 scalar=1.00 gap_buf=0.00000 eff_stop=22.87000
2026.01.23 10:00:00;ORDER;entry fill deal #66 SELL 0.04 @ 4944.43000
2026.01.23 10:24:40;MANAGE;#66 SL 4967.30 -> 4944.39 breakeven
2026.01.23 10:24:59;MANAGE;#66 SL 4944.39 -> 4935.13 trail
2026.01.23 10:25:40;MANAGE;#66 SL 4935.13 -> 4927.54 trail
2026.01.23 10:26:40;MANAGE;#66 SL 4927.54 -> 4926.00 trail
2026.01.23 10:27:40;MANAGE;#66 SL 4926.00 -> 4920.19 trail
2026.01.23 10:28:20;MANAGE;#66 SL 4920.19 -> 4915.62 trail
2026.01.23 10:30:40;RISK;deal closed pnl=115.24 streak=0 lock=0
2026.01.23 14:15:00;DECISION;setup LONG score=0.55 entry=4933.89 inv=4912.21 tgt=0.00 [CHoCH long lvl=4932.45|RelVol=1.09|VPnode d=4.49]
2026.01.23 14:15:00;ORDER;filled BUY 0.04 lots sl=4912.21 tp=4977.37 [WT|CHOCH|0.55]
2026.01.23 14:15:00;RISK;sizing: vol_ratio=1.01 scalar=1.00 gap_buf=0.00000 eff_stop=21.72000
2026.01.23 14:15:00;ORDER;entry fill deal #68 BUY 0.04 @ 4933.93000
2026.01.23 16:51:40;MANAGE;#68 SL 4912.21 -> 4933.97 breakeven
2026.01.23 16:52:00;MANAGE;#68 SL 4933.97 -> 4934.10 trail
2026.01.23 16:52:20;MANAGE;#68 SL 4934.10 -> 4935.70 trail
2026.01.23 17:15:00;DECISION;setup LONG score=0.75 entry=4952.88 inv=4923.79 tgt=0.00 [BOS long lvl=4947.88|RelVol=0.79|VPnode d=0.22|VWAPside|ADX=33]
2026.01.23 17:15:00;VETO;risk veto: max positions
2026.01.23 17:43:20;MANAGE;#68 SL 4935.70 -> 4936.93 trail
2026.01.23 17:47:40;MANAGE;#68 SL 4936.93 -> 4939.10 trail
2026.01.23 18:02:40;MANAGE;#68 SL 4939.10 -> 4940.66 trail
2026.01.23 18:04:40;MANAGE;#68 SL 4940.66 -> 4941.37 trail
2026.01.23 18:09:40;MANAGE;#68 SL 4941.37 -> 4949.25 trail
2026.01.23 18:10:40;MANAGE;#68 SL 4949.25 -> 4951.02 trail
2026.01.23 18:11:20;MANAGE;#68 SL 4951.02 -> 4951.76 trail
2026.01.23 18:17:40;RISK;deal closed pnl=173.76 streak=0 lock=0
2026.01.26 01:15:00;DECISION;setup LONG score=0.85 entry=5021.56 inv=4970.68 tgt=0.00 [BOS long lvl=4989.78|RelVol=2.84|VPnode d=0.26|VWAPside|CycleTurn w=-0.64<--1.00]
2026.01.26 01:15:00;VETO;authorization denied: outside session window (server hour 01, window 03-20)
2026.01.26 01:30:00;VETO;authorization denied: outside session window (server hour 01, window 03-20)
2026.01.26 01:45:00;VETO;authorization denied: outside session window (server hour 01, window 03-20)
2026.01.26 02:00:00;VETO;authorization denied: outside session window (server hour 02, window 03-20)
2026.01.26 09:30:00;DECISION;setup LONG score=0.95 entry=5095.38 inv=5052.39 tgt=0.00 [BOS long lvl=5093.05|RelVol=1.01|VPnode d=1.38|VWAPside|CycleTurn w=-0.76<--0.90|ADX=32]
2026.01.26 09:30:00;ORDER;filled BUY 0.02 lots sl=5052.39 tp=5181.48 [WT|BOS|0.95]
2026.01.26 09:30:00;RISK;sizing: vol_ratio=1.18 scalar=1.00 gap_buf=0.00000 eff_stop=43.03000
2026.01.26 09:30:00;ORDER;entry fill deal #70 BUY 0.02 @ 5095.42000
2026.01.26 15:30:00;DECISION;setup SHORT score=0.65 entry=5072.33 inv=5097.01 tgt=0.00 [CHoCH short lvl=5078.55|RelVol=1.03|VPnode d=3.93|VWAPside]
2026.01.26 15:30:00;VETO;risk veto: max positions
2026.01.26 18:15:00;DECISION;setup LONG score=0.65 entry=5101.69 inv=5054.59 tgt=0.00 [CHoCH long lvl=5097.34|RelVol=1.08|VPnode d=6.29|VWAPside]
2026.01.26 18:15:00;VETO;risk veto: max positions
2026.01.26 20:45:00;DECISION;setup SHORT score=0.85 entry=5064.30 inv=5105.05 tgt=0.00 [CHoCH short lvl=5065.35|RelVol=2.58|VPnode d=5.50|VWAPside|CycleTurn w=0.12<-0.89]
2026.01.26 20:45:00;VETO;authorization denied: outside session window (server hour 20, window 03-20)
2026.01.26 21:00:00;VETO;authorization denied: outside session window (server hour 21, window 03-20)
2026.01.26 21:02:40;RISK;deal closed pnl=-86.06 streak=1 lock=0
2026.01.26 21:15:00;VETO;authorization denied: outside session window (server hour 21, window 03-20)
2026.01.26 21:30:00;VETO;authorization denied: outside session window (server hour 21, window 03-20)
2026.01.26 23:45:00;DECISION;setup SHORT score=0.50 entry=5005.03 inv=5062.24 tgt=0.00 [BOS short lvl=5008.51|RelVol=3.96|VWAPside|ADX=34]
2026.01.26 23:45:00;VETO;authorization denied: outside session window (server hour 23, window 03-20)
2026.01.27 01:00:00;VETO;authorization denied: outside session window (server hour 01, window 03-20)
2026.01.27 01:15:00;VETO;authorization denied: outside session window (server hour 01, window 03-20)
2026.01.27 01:30:00;VETO;authorization denied: outside session window (server hour 01, window 03-20)
2026.01.27 03:15:00;DECISION;setup LONG score=0.50 entry=5071.54 inv=4989.86 tgt=0.00 [CHoCH long lvl=5061.54|RelVol=1.34|VPnear|VWAPside]
2026.01.27 03:15:00;ORDER;filled BUY 0.01 lots sl=4989.86 tp=5235.02 [WT|CHOCH|0.50]
2026.01.27 03:15:00;RISK;sizing: vol_ratio=1.40 scalar=1.00 gap_buf=0.00000 eff_stop=81.72000
2026.01.27 03:15:00;ORDER;entry fill deal #72 BUY 0.01 @ 5071.58000
2026.01.27 04:45:00;DECISION;setup LONG score=0.65 entry=5079.12 inv=5013.72 tgt=0.00 [BOS long lvl=5075.99|RelVol=0.84|VPnode d=6.92|VWAPside]
2026.01.27 04:45:00;VETO;risk veto: max positions
2026.01.27 08:00:00;DECISION;setup LONG score=0.85 entry=5082.99 inv=5057.34 tgt=0.00 [BOS long lvl=5079.17|RelVol=1.00|VPnode d=2.39|VWAPside|CycleTurn w=-0.82<--0.86]
2026.01.27 08:00:00;VETO;risk veto: max positions
2026.01.27 14:00:00;VETO;signal rejected: score 0.40 < 0.45 [CHoCH short lvl=5081.90|RelVol=1.63|VPnear]
2026.01.27 16:15:00;DECISION;setup SHORT score=0.65 entry=5060.11 inv=5092.92 tgt=0.00 [BOS short lvl=5066.97|RelVol=1.36|VPnode d=4.09|VWAPside]
2026.01.27 16:15:00;VETO;risk veto: max positions
2026.01.27 18:00:00;DECISION;setup LONG score=0.85 entry=5090.96 inv=5046.65 tgt=0.00 [CHoCH long lvl=5082.29|RelVol=1.29|VPnode d=1.76|VWAPside|CycleTurn w=-0.77<--0.97]
2026.01.27 18:00:00;VETO;risk veto: max positions
2026.01.27 22:00:00;DECISION;setup LONG score=0.65 entry=5098.94 inv=5076.37 tgt=0.00 [BOS long lvl=5095.54|RelVol=1.02|VPnode d=6.14|VWAPside]
2026.01.27 22:00:00;VETO;authorization denied: outside session window (server hour 22, window 03-20)
2026.01.27 22:15:00;VETO;authorization denied: outside session window (server hour 22, window 03-20)
2026.01.27 22:30:00;VETO;authorization denied: outside session window (server hour 22, window 03-20)
2026.01.27 22:45:00;VETO;authorization denied: outside session window (server hour 22, window 03-20)
2026.01.27 22:46:40;MANAGE;#72 SL 4989.86 -> 5071.62 breakeven
2026.01.27 22:46:59;MANAGE;#72 SL 5071.62 -> 5130.74 trail
2026.01.27 22:47:20;MANAGE;#72 SL 5130.74 -> 5135.37 trail
2026.01.27 22:48:40;MANAGE;#72 SL 5135.37 -> 5143.33 trail
2026.01.27 22:53:40;MANAGE;#72 SL 5143.33 -> 5150.14 trail
2026.01.27 22:54:40;MANAGE;#72 SL 5150.14 -> 5151.34 trail
2026.01.27 22:55:40;MANAGE;#72 SL 5151.34 -> 5156.47 trail
2026.01.27 22:59:20;MANAGE;#72 SL 5156.47 -> 5156.71 trail
2026.01.27 23:00:20;ERROR;modify #72 sl=5158.30 tp=5235.02 rejected rc=10018
2026.01.27 23:11:40;ERROR;modify #72 sl=5156.87 tp=5235.02 rejected rc=10018
2026.01.27 23:12:20;ERROR;modify #72 sl=5156.83 tp=5235.02 rejected rc=10018
2026.01.27 23:45:20;ERROR;modify #72 sl=5157.79 tp=5235.02 rejected rc=10018
2026.01.27 23:48:40;ERROR;modify #72 sl=5156.99 tp=5235.02 rejected rc=10018
2026.01.27 23:49:40;ERROR;modify #72 sl=5159.34 tp=5235.02 rejected rc=10018
2026.01.27 23:50:20;ERROR;modify #72 sl=5158.32 tp=5235.02 rejected rc=10018
2026.01.28 03:03:40;MANAGE;#72 SL 5156.71 -> 5157.38 trail
2026.01.28 03:04:40;MANAGE;#72 SL 5157.38 -> 5157.53 trail
2026.01.28 03:05:20;MANAGE;#72 SL 5157.53 -> 5158.61 trail
2026.01.28 03:06:40;MANAGE;#72 SL 5158.61 -> 5166.41 trail
2026.01.28 03:07:40;MANAGE;#72 SL 5166.41 -> 5172.58 trail
2026.01.28 03:15:00;DECISION;setup LONG score=0.60 entry=5190.97 inv=5157.31 tgt=0.00 [BOS long lvl=5190.46|RelVol=1.28|VPnear|VWAPside|ADX=39]
2026.01.28 03:15:00;VETO;risk veto: max positions
2026.01.28 03:37:40;MANAGE;#72 SL 5172.58 -> 5172.93 trail
2026.01.28 03:40:40;MANAGE;#72 SL 5172.93 -> 5180.01 trail
2026.01.28 03:41:40;MANAGE;#72 SL 5180.01 -> 5181.27 trail
2026.01.28 03:42:40;MANAGE;#72 SL 5181.27 -> 5181.76 trail
2026.01.28 03:43:40;MANAGE;#72 SL 5181.76 -> 5182.25 trail
2026.01.28 03:44:40;MANAGE;#72 SL 5182.25 -> 5186.71 trail
2026.01.28 03:45:40;MANAGE;#72 SL 5186.71 -> 5190.10 trail
2026.01.28 03:46:40;MANAGE;#72 SL 5190.10 -> 5192.67 trail
2026.01.28 03:47:40;MANAGE;#72 SL 5192.67 -> 5193.30 trail
2026.01.28 03:50:40;MANAGE;#72 SL 5193.30 -> 5194.66 trail
2026.01.28 04:32:40;MANAGE;#72 SL 5194.66 -> 5198.05 trail
2026.01.28 04:49:40;MANAGE;#72 SL 5198.05 -> 5198.57 trail
2026.01.28 04:54:40;MANAGE;#72 SL 5198.57 -> 5203.52 trail
2026.01.28 05:01:20;RISK;deal closed pnl=163.31 streak=0 lock=0
2026.01.28 07:15:00;DECISION;setup LONG score=0.75 entry=5253.91 inv=5157.31 tgt=0.00 [BOS long lvl=5247.63|RelVol=1.68|VPnode d=4.91|VWAPside|ADX=55]
2026.01.28 07:15:00;ORDER;filled BUY 0.01 lots sl=5157.31 tp=5447.23 [WT|BOS|0.75]
2026.01.28 07:15:00;RISK;sizing: vol_ratio=1.03 scalar=1.00 gap_buf=0.00000 eff_stop=96.64000
2026.01.28 07:15:00;ORDER;entry fill deal #74 BUY 0.01 @ 5253.95000
2026.01.28 09:00:00;DECISION;setup LONG score=0.50 entry=5269.82 inv=5157.31 tgt=0.00 [BOS long lvl=5266.49|RelVol=1.10|VWAPside|ADX=56]
2026.01.28 09:00:00;VETO;risk veto: max positions
2026.01.28 13:15:00;VETO;signal rejected: score 0.40 < 0.45 [CHoCH short lvl=5262.95|RelVol=2.46|VPnear]
2026.01.28 19:00:00;DECISION;setup LONG score=0.65 entry=5299.87 inv=5235.23 tgt=0.00 [CHoCH long lvl=5298.29|RelVol=1.28|VPnode d=0.27|VWAPside]
2026.01.28 19:00:00;VETO;risk veto: max positions
2026.01.28 22:15:00;DECISION;setup LONG score=0.80 entry=5326.60 inv=5268.78 tgt=0.00 [BOS long lvl=5326.02|RelVol=1.65|VPnear|VWAPside|CycleTurn w=0.40<--0.61|ADX=34]
2026.01.28 22:15:00;VETO;authorization denied: outside session window (server hour 22, window 03-20)
2026.01.28 22:27:40;MANAGE;#74 SL 5157.31 -> 5253.99 breakeven
2026.01.28 22:27:59;MANAGE;#74 SL 5253.99 -> 5310.26 trail
2026.01.28 22:28:40;MANAGE;#74 SL 5310.26 -> 5311.06 trail
2026.01.28 22:29:40;MANAGE;#74 SL 5311.06 -> 5312.71 trail
2026.01.28 22:30:00;VETO;authorization denied: outside session window (server hour 22, window 03-20)
2026.01.28 22:30:40;MANAGE;#74 SL 5312.71 -> 5316.57 trail
2026.01.28 22:31:20;MANAGE;#74 SL 5316.57 -> 5317.48 trail
2026.01.28 22:34:20;MANAGE;#74 SL 5317.48 -> 5318.44 trail
2026.01.28 22:35:40;MANAGE;#74 SL 5318.44 -> 5320.54 trail
2026.01.28 22:36:40;MANAGE;#74 SL 5320.54 -> 5324.81 trail
2026.01.28 22:37:40;MANAGE;#74 SL 5324.81 -> 5328.30 trail
2026.01.28 22:38:40;MANAGE;#74 SL 5328.30 -> 5332.01 trail
2026.01.28 22:39:20;MANAGE;#74 SL 5332.01 -> 5332.53 trail
2026.01.28 22:40:20;MANAGE;#74 SL 5332.53 -> 5335.39 trail
2026.01.28 22:41:40;MANAGE;#74 SL 5335.39 -> 5338.85 trail
2026.01.28 22:42:40;MANAGE;#74 SL 5338.85 -> 5345.02 trail
2026.01.28 22:43:20;MANAGE;#74 SL 5345.02 -> 5345.85 trail
2026.01.28 22:45:00;VETO;authorization denied: outside session window (server hour 22, window 03-20)
2026.01.28 23:00:00;VETO;authorization denied: outside session window (server hour 23, window 03-20)
2026.01.28 23:48:40;ERROR;modify #74 sl=5353.70 tp=5447.23 rejected rc=10018
2026.01.28 23:49:20;ERROR;modify #74 sl=5352.18 tp=5447.23 rejected rc=10018
2026.01.28 23:49:59;ERROR;modify #74 sl=5351.17 tp=5447.23 rejected rc=10018
2026.01.28 23:50:59;ERROR;modify #74 sl=5346.97 tp=5447.23 rejected rc=10018
2026.01.28 23:51:40;ERROR;modify #74 sl=5348.85 tp=5447.23 rejected rc=10018
2026.01.28 23:52:20;ERROR;modify #74 sl=5348.59 tp=5447.23 rejected rc=10018
2026.01.28 23:52:59;ERROR;modify #74 sl=5354.11 tp=5447.23 rejected rc=10018
2026.01.28 23:53:40;ERROR;modify #74 sl=5361.60 tp=5447.23 rejected rc=10018
2026.01.28 23:54:20;ERROR;modify #74 sl=5363.16 tp=5447.23 rejected rc=10018
2026.01.28 23:54:59;ERROR;modify #74 sl=5360.58 tp=5447.23 rejected rc=10018
2026.01.28 23:55:40;ERROR;modify #74 sl=5367.48 tp=5447.23 rejected rc=10018
2026.01.28 23:56:20;ERROR;modify #74 sl=5367.69 tp=5447.23 rejected rc=10018
2026.01.28 23:56:59;ERROR;modify #74 sl=5366.79 tp=5447.23 rejected rc=10018
2026.01.28 23:57:40;ERROR;modify #74 sl=5369.32 tp=5447.23 rejected rc=10018
2026.01.28 23:58:20;ERROR;modify #74 sl=5370.85 tp=5447.23 rejected rc=10018
2026.01.28 23:58:59;ERROR;modify #74 sl=5369.05 tp=5447.23 rejected rc=10018
2026.01.28 23:59:40;ERROR;modify #74 sl=5366.57 tp=5447.23 rejected rc=10018
2026.01.29 01:00:00;MANAGE;#74 SL 5345.85 -> 5366.81 trail
2026.01.29 01:00:40;MANAGE;#74 SL 5366.81 -> 5376.03 trail
2026.01.29 01:01:40;RISK;deal closed pnl=192.90 streak=0 lock=0
2026.01.29 06:45:00;DECISION;setup LONG score=0.95 entry=5557.40 inv=5508.32 tgt=0.00 [BOS long lvl=5550.19|RelVol=1.73|VPnode d=7.20|VWAPside|CycleTurn w=-1.00<--1.00|ADX=43]
2026.01.29 06:45:00;ORDER;filled BUY 0.02 lots sl=5508.32 tp=5655.86 [WT|BOS|0.95]
2026.01.29 06:45:00;RISK;sizing: vol_ratio=1.20 scalar=1.00 gap_buf=0.00000 eff_stop=49.18000
2026.01.29 06:45:00;ORDER;entry fill deal #76 BUY 0.02 @ 5557.50000
2026.01.29 08:15:00;DECISION;setup LONG score=0.60 entry=5584.10 inv=5516.27 tgt=0.00 [BOS long lvl=5564.55|RelVol=1.48|VPnear|VWAPside|ADX=36]
2026.01.29 08:15:00;VETO;risk veto: max positions
2026.01.29 10:43:40;RISK;deal closed pnl=-98.36 streak=1 lock=0
2026.01.29 10:45:00;DECISION;setup SHORT score=0.50 entry=5482.64 inv=5595.54 tgt=0.00 [CHoCH short lvl=5516.27|RelVol=2.22|VPnear|VWAPside]
2026.01.29 10:45:00;VETO;risk veto: size 0.00 < broker min 0.01 (risk too small for stop)
2026.01.29 14:15:00;DECISION;setup LONG score=0.70 entry=5535.68 inv=5470.82 tgt=0.00 [CHoCH long lvl=5529.64|RelVol=1.45|VPnear|VWAPside|CycleTurn w=-0.78<--0.94]
2026.01.29 14:15:00;ORDER;filled BUY 0.01 lots sl=5470.82 tp=5665.64 [WT|CHOCH|0.70]
2026.01.29 14:15:00;RISK;sizing: vol_ratio=0.84 scalar=1.00 gap_buf=0.00000 eff_stop=64.94000
2026.01.29 14:15:00;ORDER;entry fill deal #78 BUY 0.01 @ 5535.76000
2026.01.29 16:30:00;DECISION;setup LONG score=0.65 entry=5543.92 inv=5500.19 tgt=0.00 [BOS long lvl=5542.99|RelVol=1.51|VPnode d=7.88|VWAPside]
2026.01.29 16:30:00;VETO;risk veto: max positions
2026.01.29 17:00:00;DECISION;setup SHORT score=0.65 entry=5496.95 inv=5542.99 tgt=0.00 [CHoCH short lvl=5500.19|RelVol=1.60|VPnode d=5.25|VWAPside]
2026.01.29 17:00:00;VETO;risk veto: max positions
2026.01.29 17:01:40;RISK;deal closed pnl=-64.94 streak=2 lock=0
2026.01.29 23:00:00;DECISION;setup LONG score=0.55 entry=5394.11 inv=5282.73 tgt=0.00 [CHoCH long lvl=5362.06|RelVol=1.71|VPnode d=1.51]
2026.01.29 23:00:00;VETO;authorization denied: outside session window (server hour 23, window 03-20)
2026.01.29 23:15:00;VETO;authorization denied: outside session window (server hour 23, window 03-20)
2026.01.29 23:30:00;VETO;authorization denied: outside session window (server hour 23, window 03-20)
2026.01.29 23:45:00;VETO;authorization denied: outside session window (server hour 23, window 03-20)
2026.01.30 03:15:00;DECISION;setup SHORT score=0.60 entry=5309.93 inv=5450.96 tgt=0.00 [CHoCH short lvl=5369.60|RelVol=1.31|VWAPside|CycleTurn w=0.80<-0.96]
2026.01.30 03:15:00;VETO;risk veto: size 0.00 < broker min 0.01 (risk too small for stop)
2026.01.30 07:45:00;DECISION;setup LONG score=0.55 entry=5232.16 inv=5151.34 tgt=0.00 [CHoCH long lvl=5230.78|RelVol=1.13|VPnode d=21.06]
2026.01.30 07:45:00;ORDER;filled BUY 0.01 lots sl=5151.34 tp=5393.92 [WT|CHOCH|0.55]
2026.01.30 07:45:00;RISK;sizing: vol_ratio=1.11 scalar=1.00 gap_buf=0.00000 eff_stop=80.86000
2026.01.30 07:45:00;ORDER;entry fill deal #80 BUY 0.01 @ 5232.20000
2026.01.30 08:45:40;RISK;deal closed pnl=-80.86 streak=1 lock=0
2026.01.30 09:45:00;DECISION;setup SHORT score=0.50 entry=5147.06 inv=5241.39 tgt=0.00 [CHoCH short lvl=5151.34|RelVol=2.26|VPnear|VWAPside]
2026.01.30 09:45:00;ORDER;filled SELL 0.01 lots sl=5241.39 tp=4958.40 [WT|CHOCH|0.50]
2026.01.30 09:45:00;RISK;sizing: vol_ratio=0.80 scalar=1.00 gap_buf=0.00000 eff_stop=94.33000
2026.01.30 09:45:00;ORDER;entry fill deal #82 SELL 0.01 @ 5147.06000
2026.01.30 10:45:00;DECISION;setup SHORT score=0.95 entry=5096.43 inv=5241.39 tgt=0.00 [BOS short lvl=5117.94|RelVol=1.95|VPnode d=15.77|VWAPside|CycleTurn w=0.93<-0.98|ADX=44]
2026.01.30 10:45:00;VETO;risk veto: max positions
2026.01.30 11:12:40;MANAGE;#82 SL 5241.39 -> 5147.02 breakeven
2026.01.30 11:12:59;MANAGE;#82 SL 5147.02 -> 5138.51 trail
2026.01.30 11:13:40;MANAGE;#82 SL 5138.51 -> 5110.17 trail
2026.01.30 11:14:20;MANAGE;#82 SL 5110.17 -> 5101.22 trail
2026.01.30 11:42:40;MANAGE;#82 SL 5101.22 -> 5096.08 trail
2026.01.30 11:43:40;MANAGE;#82 SL 5096.08 -> 5092.53 trail
2026.01.30 11:44:40;MANAGE;#82 SL 5092.53 -> 5075.22 trail
2026.01.30 11:45:40;RISK;deal closed pnl=188.66 streak=0 lock=0
2026.01.30 15:00:00;DECISION;setup SHORT score=0.85 entry=5064.54 inv=5145.74 tgt=0.00 [BOS short lvl=5090.11|RelVol=1.56|VPnode d=13.14|VWAPside|CycleTurn w=0.98<-0.99]
2026.01.30 15:00:00;ORDER;filled SELL 0.01 lots sl=5145.74 tp=4902.14 [WT|BOS|0.85]
2026.01.30 15:00:00;RISK;sizing: vol_ratio=0.97 scalar=1.00 gap_buf=0.00000 eff_stop=81.20000
2026.01.30 15:00:00;ORDER;entry fill deal #84 SELL 0.01 @ 5064.54000
2026.01.30 17:02:40;MANAGE;#84 SL 5145.74 -> 5064.50 breakeven
2026.01.30 17:36:20;RISK;deal closed pnl=0.04 streak=0 lock=0
2026.01.30 19:15:00;DECISION;setup SHORT score=0.50 entry=4914.27 inv=5073.84 tgt=0.00 [BOS short lvl=4980.60|RelVol=1.62|VWAPside|ADX=31]
2026.01.30 19:15:00;VETO;risk veto: size 0.00 < broker min 0.01 (risk too small for stop)
2026.02.02 01:15:00;DECISION;setup SHORT score=0.65 entry=4741.06 inv=4947.93 tgt=0.00 [BOS short lvl=4809.23|RelVol=1.28|VPnode d=34.94|VWAPside]
2026.02.02 01:15:00;VETO;authorization denied: outside session window (server hour 01, window 03-20)
2026.02.02 01:30:00;VETO;authorization denied: outside session window (server hour 01, window 03-20)
2026.02.02 01:45:00;VETO;authorization denied: outside session window (server hour 01, window 03-20)
2026.02.02 02:00:00;VETO;authorization denied: outside session window (server hour 02, window 03-20)
2026.02.02 03:15:00;DECISION;setup SHORT score=0.50 entry=4643.20 inv=4884.64 tgt=0.00 [BOS short lvl=4698.82|RelVol=1.63|VPnear|VWAPside]
2026.02.02 03:15:00;VETO;risk veto: size 0.00 < broker min 0.01 (risk too small for stop)
2026.02.02 07:45:00;DECISION;setup SHORT score=0.70 entry=4575.94 inv=4713.46 tgt=0.00 [BOS short lvl=4603.84|RelVol=1.98|VPnear|VWAPside|CycleTurn w=0.95<-0.97]
2026.02.02 07:45:00;VETO;risk veto: size 0.00 < broker min 0.01 (risk too small for stop)
2026.02.02 12:00:00;DECISION;setup LONG score=0.65 entry=4719.58 inv=4402.14 tgt=0.00 [CHoCH long lvl=4713.46|RelVol=1.71|VPnode d=1.88|VWAPside]
2026.02.02 12:00:00;VETO;risk veto: size 0.00 < broker min 0.01 (risk too small for stop)
2026.02.02 13:15:00;DECISION;setup LONG score=0.65 entry=4749.18 inv=4402.14 tgt=0.00 [BOS long lvl=4734.09|RelVol=1.56|VPnode d=22.02|VWAPside]
2026.02.02 13:15:00;VETO;risk veto: size 0.00 < broker min 0.01 (risk too small for stop)
2026.02.02 18:00:00;DECISION;setup SHORT score=0.65 entry=4620.14 inv=4794.23 tgt=0.00 [CHoCH short lvl=4669.45|RelVol=1.33|VPnode d=21.86|VWAPside]
2026.02.02 18:00:00;VETO;risk veto: size 0.00 < broker min 0.01 (risk too small for stop)
2026.02.03 01:15:00;DECISION;setup LONG score=0.65 entry=4718.50 inv=4643.83 tgt=0.00 [CHoCH long lvl=4712.85|RelVol=1.48|VPnode d=3.90|VWAPside]
2026.02.03 01:15:00;VETO;authorization denied: outside session window (server hour 01, window 03-20)
2026.02.03 01:30:00;VETO;authorization denied: outside session window (server hour 01, window 03-20)
2026.02.03 01:45:00;VETO;authorization denied: outside session window (server hour 01, window 03-20)
2026.02.03 02:00:00;VETO;authorization denied: outside session window (server hour 02, window 03-20)
2026.02.03 04:45:00;DECISION;setup SHORT score=0.85 entry=4755.63 inv=4856.59 tgt=0.00 [CHoCH short lvl=4766.57|RelVol=1.62|VPnode d=18.97|VWAPside|CycleTurn w=0.54<-0.91]
2026.02.03 04:45:00;ORDER;filled SELL 0.01 lots sl=4856.59 tp=4552.12 [WT|CHOCH|0.85]
2026.02.03 04:45:00;RISK;sizing: vol_ratio=0.79 scalar=1.00 gap_buf=0.00000 eff_stop=101.49000
2026.02.03 04:45:00;ORDER;entry fill deal #86 SELL 0.01 @ 4755.10000
2026.02.03 08:19:40;RISK;deal closed pnl=-101.49 streak=1 lock=0
2026.02.03 08:30:00;DECISION;setup LONG score=0.70 entry=4871.64 inv=4745.49 tgt=0.00 [CHoCH long lvl=4856.59|RelVol=1.68|VPnear|VWAPside|CycleTurn w=0.35<--0.84]
2026.02.03 08:30:00;VETO;risk veto: size 0.00 < broker min 0.01 (risk too small for stop)
2026.02.03 15:45:00;DECISION;setup LONG score=0.85 entry=4941.67 inv=4892.40 tgt=0.00 [BOS long lvl=4936.29|RelVol=1.31|VPnode d=3.13|VWAPside|CycleTurn w=-0.92<--0.98]
2026.02.03 15:45:00;ORDER;filled BUY 0.02 lots sl=4892.40 tp=5040.33 [WT|BOS|0.85]
2026.02.03 15:45:00;RISK;sizing: vol_ratio=0.59 scalar=1.00 gap_buf=0.00000 eff_stop=49.31000
2026.02.03 15:45:00;ORDER;entry fill deal #88 BUY 0.02 @ 4941.71000
2026.02.03 18:30:00;DECISION;setup LONG score=0.80 entry=4973.17 inv=4893.75 tgt=0.00 [BOS long lvl=4948.56|RelVol=1.39|VPnear|VWAPside|CycleTurn w=-0.74<--0.97|ADX=31]
2026.02.03 18:30:00;VETO;risk veto: max positions
2026.02.03 18:38:40;MANAGE;#88 SL 4892.40 -> 4941.75 breakeven
2026.02.03 19:08:40;RISK;deal closed pnl=0.08 streak=0 lock=0
2026.02.03 22:45:00;DECISION;setup LONG score=0.70 entry=4951.73 inv=4880.86 tgt=0.00 [BOS long lvl=4948.85|RelVol=1.07|VPnear|VWAPside|CycleTurn w=-0.58<--0.93]
2026.02.03 22:45:00;VETO;authorization denied: outside session window (server hour 22, window 03-20)
2026.02.03 23:00:00;VETO;authorization denied: outside session window (server hour 23, window 03-20)
2026.02.03 23:15:00;VETO;authorization denied: outside session window (server hour 23, window 03-20)
2026.02.03 23:30:00;VETO;authorization denied: outside session window (server hour 23, window 03-20)
2026.02.04 02:15:00;DECISION;setup LONG score=0.70 entry=4986.97 inv=4910.22 tgt=0.00 [BOS long lvl=4972.25|RelVol=1.57|VPnear|VWAPside|CycleTurn w=-0.64<--0.98]
2026.02.04 02:15:00;VETO;authorization denied: outside session window (server hour 02, window 03-20)
2026.02.04 02:30:00;VETO;authorization denied: outside session window (server hour 02, window 03-20)
2026.02.04 02:45:00;VETO;authorization denied: outside session window (server hour 02, window 03-20)
2026.02.04 03:00:00;VETO;risk veto: size 0.00 < broker min 0.01 (risk too small for stop)
2026.02.04 06:00:00;DECISION;setup LONG score=0.75 entry=5070.11 inv=5033.22 tgt=0.00 [BOS long lvl=5065.50|RelVol=0.82|StopFloored|VPnode d=3.69|VWAPside|ADX=31]
2026.02.04 06:00:00;ORDER;filled BUY 0.02 lots sl=5033.22 tp=5143.95 [WT|BOS|0.75]
2026.02.04 06:00:00;RISK;sizing: vol_ratio=0.94 scalar=1.00 gap_buf=0.00000 eff_stop=36.90821
2026.02.04 06:00:00;ORDER;entry fill deal #90 BUY 0.02 @ 5070.13000
2026.02.04 12:30:00;DECISION;setup SHORT score=0.55 entry=5043.39 inv=5091.94 tgt=0.00 [CHoCH short lvl=5051.10|RelVol=1.33|VPnode d=5.59]
2026.02.04 12:30:00;VETO;risk veto: max positions
2026.02.04 13:16:40;RISK;deal closed pnl=-73.82 streak=1 lock=0
2026.02.04 13:30:00;DECISION;setup SHORT score=0.60 entry=5023.84 inv=5091.94 tgt=0.00 [BOS short lvl=5041.77|RelVol=1.87|VPnear|VWAPside|ADX=48]
2026.02.04 13:30:00;ORDER;filled SELL 0.01 lots sl=5091.94 tp=4887.94 [WT|BOS|0.60]
2026.02.04 13:30:00;RISK;sizing: vol_ratio=0.74 scalar=1.00 gap_buf=0.00000 eff_stop=68.00000
2026.02.04 13:30:00;ORDER;entry fill deal #92 SELL 0.01 @ 5023.94000
2026.02.04 16:45:00;DECISION;setup SHORT score=0.50 entry=4996.62 inv=5063.53 tgt=0.00 [BOS short lvl=5023.33|RelVol=1.50|VPnear|VWAPside]
2026.02.04 16:45:00;VETO;risk veto: max positions
2026.02.04 17:22:40;MANAGE;#92 SL 5091.94 -> 5023.90 breakeven
2026.02.04 17:22:59;MANAGE;#92 SL 5023.90 -> 5009.61 trail
2026.02.04 17:23:20;MANAGE;#92 SL 5009.61 -> 5006.94 trail
2026.02.04 17:28:40;MANAGE;#92 SL 5006.94 -> 5005.92 trail
2026.02.04 17:31:40;MANAGE;#92 SL 5005.92 -> 4987.98 trail
2026.02.04 17:32:40;MANAGE;#92 SL 4987.98 -> 4983.14 trail
2026.02.04 17:33:40;MANAGE;#92 SL 4983.14 -> 4978.70 trail
2026.02.04 17:34:40;MANAGE;#92 SL 4978.70 -> 4973.55 trail
2026.02.04 17:35:40;MANAGE;#92 SL 4973.55 -> 4969.66 trail
2026.02.04 17:36:40;RISK;deal closed pnl=136.00 streak=0 lock=0
2026.02.04 23:30:00;VETO;signal rejected: score 0.40 < 0.45 [CHoCH long lvl=4957.78|RelVol=0.42|VPnear]
2026.02.05 03:15:00;DECISION;setup SHORT score=0.60 entry=4967.67 inv=5023.80 tgt=0.00 [CHoCH short lvl=4997.13|RelVol=1.28|VWAPside|CycleTurn w=0.96<-0.99]
2026.02.05 03:15:00;ORDER;filled SELL 0.01 lots sl=5023.80 tp=4855.98 [WT|CHOCH|0.60]
2026.02.05 03:15:00;RISK;sizing: vol_ratio=0.83 scalar=1.00 gap_buf=0.00000 eff_stop=55.94000
2026.02.05 03:15:00;ORDER;entry fill deal #94 SELL 0.01 @ 4967.86000
2026.02.05 04:14:40;MANAGE;#94 SL 5023.80 -> 4967.82 breakeven
2026.02.05 04:14:59;MANAGE;#94 SL 4967.82 -> 4963.77 trail
2026.02.05 04:15:40;MANAGE;#94 SL 4963.77 -> 4949.55 trail
2026.02.05 04:45:40;MANAGE;#94 SL 4949.55 -> 4930.13 trail
2026.02.05 04:47:40;RISK;deal closed pnl=111.88 streak=0 lock=0
2026.02.05 08:00:00;DECISION;setup LONG score=0.75 entry=4896.42 inv=4788.86 tgt=0.00 [CHoCH long lvl=4891.14|RelVol=1.68|VPnode d=25.82|CycleTurn w=0.33<--0.75]
2026.02.05 08:00:00;VETO;risk veto: size 0.00 < broker min 0.01 (risk too small for stop)
2026.02.05 11:15:00;DECISION;setup SHORT score=0.70 entry=4863.00 inv=4943.62 tgt=0.00 [CHoCH short lvl=4895.99|RelVol=1.97|VPnear|VWAPside|CycleTurn w=0.87<-0.99]
2026.02.05 11:15:00;ORDER;filled SELL 0.01 lots sl=4943.62 tp=4701.76 [WT|CHOCH|0.70]
2026.02.05 11:15:00;RISK;sizing: vol_ratio=0.95 scalar=1.00 gap_buf=0.00000 eff_stop=80.62000
2026.02.05 11:15:00;ORDER;entry fill deal #96 SELL 0.01 @ 4863.00000
2026.02.05 14:15:00;DECISION;setup SHORT score=0.85 entry=4840.19 inv=4894.57 tgt=0.00 [BOS short lvl=4847.78|RelVol=1.56|VPnode d=6.19|VWAPside|CycleTurn w=0.66<-0.93]
2026.02.05 14:15:00;VETO;risk veto: max positions
2026.02.05 18:45:00;DECISION;setup LONG score=0.75 entry=4879.03 inv=4800.53 tgt=0.00 [CHoCH long lvl=4869.99|RelVol=1.42|VPnode d=21.93|CycleTurn w=0.37<--0.78]
2026.02.05 18:45:00;VETO;risk veto: max positions
2026.02.05 23:34:40;ERROR;modify #96 sl=4862.96 tp=4701.76 rejected rc=10018
2026.02.05 23:35:20;ERROR;modify #96 sl=4862.96 tp=4701.76 rejected rc=10018
2026.02.05 23:35:59;ERROR;modify #96 sl=4862.96 tp=4701.76 rejected rc=10018
2026.02.05 23:36:40;ERROR;modify #96 sl=4862.96 tp=4701.76 rejected rc=10018
2026.02.05 23:37:20;ERROR;modify #96 sl=4862.96 tp=4701.76 rejected rc=10018
2026.02.05 23:38:40;ERROR;modify #96 sl=4862.96 tp=4701.76 rejected rc=10018
2026.02.05 23:39:20;ERROR;modify #96 sl=4862.96 tp=4701.76 rejected rc=10018
2026.02.05 23:39:59;ERROR;modify #96 sl=4862.96 tp=4701.76 rejected rc=10018
2026.02.05 23:40:40;ERROR;modify #96 sl=4862.96 tp=4701.76 rejected rc=10018
2026.02.05 23:41:20;ERROR;modify #96 sl=4862.96 tp=4701.76 rejected rc=10018
2026.02.05 23:41:59;ERROR;modify #96 sl=4862.96 tp=4701.76 rejected rc=10018
2026.02.05 23:42:40;ERROR;modify #96 sl=4862.96 tp=4701.76 rejected rc=10018
2026.02.05 23:43:20;ERROR;modify #96 sl=4862.96 tp=4701.76 rejected rc=10018
2026.02.05 23:43:59;ERROR;modify #96 sl=4862.96 tp=4701.76 rejected rc=10018
2026.02.05 23:44:40;ERROR;modify #96 sl=4862.96 tp=4701.76 rejected rc=10018
2026.02.05 23:45:00;VETO;signal rejected: score 0.40 < 0.45 [CHoCH short lvl=4800.53|RelVol=2.08|VWAPside]
2026.02.05 23:45:20;ERROR;modify #96 sl=4862.96 tp=4701.76 rejected rc=10018
2026.02.05 23:45:59;ERROR;modify #96 sl=4862.96 tp=4701.76 rejected rc=10018
2026.02.05 23:46:40;ERROR;modify #96 sl=4862.96 tp=4701.76 rejected rc=10018
2026.02.05 23:47:20;ERROR;modify #96 sl=4862.96 tp=4701.76 rejected rc=10018
2026.02.05 23:47:59;ERROR;modify #96 sl=4862.96 tp=4701.76 rejected rc=10018
2026.02.05 23:48:40;ERROR;modify #96 sl=4862.96 tp=4701.76 rejected rc=10018
2026.02.05 23:49:20;ERROR;modify #96 sl=4862.96 tp=4701.76 rejected rc=10018
2026.02.05 23:49:59;ERROR;modify #96 sl=4862.96 tp=4701.76 rejected rc=10018
2026.02.05 23:50:40;ERROR;modify #96 sl=4862.96 tp=4701.76 rejected rc=10018
2026.02.05 23:51:20;ERROR;modify #96 sl=4862.96 tp=4701.76 rejected rc=10018
2026.02.05 23:51:59;ERROR;modify #96 sl=4862.96 tp=4701.76 rejected rc=10018
2026.02.05 23:52:40;ERROR;modify #96 sl=4862.96 tp=4701.76 rejected rc=10018
2026.02.05 23:53:20;ERROR;modify #96 sl=4862.96 tp=4701.76 rejected rc=10018
2026.02.05 23:53:59;ERROR;modify #96 sl=4862.96 tp=4701.76 rejected rc=10018
2026.02.05 23:54:40;ERROR;modify #96 sl=4862.96 tp=4701.76 rejected rc=10018
2026.02.05 23:55:20;ERROR;modify #96 sl=4862.56 tp=4701.76 rejected rc=10018
2026.02.05 23:55:59;ERROR;modify #96 sl=4862.56 tp=4701.76 rejected rc=10018
2026.02.05 23:56:40;ERROR;modify #96 sl=4862.66 tp=4701.76 rejected rc=10018
2026.02.05 23:57:20;ERROR;modify #96 sl=4862.56 tp=4701.76 rejected rc=10018
2026.02.05 23:57:59;ERROR;modify #96 sl=4862.56 tp=4701.76 rejected rc=10018
2026.02.05 23:58:40;ERROR;modify #96 sl=4862.73 tp=4701.76 rejected rc=10018
2026.02.05 23:59:20;ERROR;modify #96 sl=4862.73 tp=4701.76 rejected rc=10018
2026.02.05 23:59:59;ERROR;modify #96 sl=4862.73 tp=4701.76 rejected rc=10018
2026.02.06 01:00:00;MANAGE;#96 SL 4943.62 -> 4862.73 breakeven
2026.02.06 01:00:20;MANAGE;#96 SL 4862.73 -> 4841.51 trail
2026.02.06 01:00:40;MANAGE;#96 SL 4841.51 -> 4810.45 trail
2026.02.06 01:01:40;MANAGE;#96 SL 4810.45 -> 4806.80 trail
2026.02.06 01:24:40;MANAGE;#96 SL 4806.80 -> 4805.31 trail
2026.02.06 01:26:40;MANAGE;#96 SL 4805.31 -> 4800.73 trail
2026.02.06 01:27:40;MANAGE;#96 SL 4800.73 -> 4800.33 trail
2026.02.06 01:28:20;MANAGE;#96 SL 4800.33 -> 4798.92 trail
2026.02.06 01:30:20;MANAGE;#96 SL 4798.92 -> 4798.77 trail
2026.02.06 01:35:40;MANAGE;#96 SL 4798.77 -> 4798.58 trail
2026.02.06 01:36:20;MANAGE;#96 SL 4798.58 -> 4797.19 trail
2026.02.06 01:38:40;MANAGE;#96 SL 4797.19 -> 4783.01 trail
2026.02.06 01:46:40;MANAGE;#96 SL 4783.01 -> 4777.32 trail
2026.02.06 01:48:40;MANAGE;#96 SL 4777.32 -> 4775.47 trail
2026.02.06 01:49:40;MANAGE;#96 SL 4775.47 -> 4761.32 trail
2026.02.06 01:52:40;MANAGE;#96 SL 4761.32 -> 4758.50 trail
2026.02.06 01:53:20;MANAGE;#96 SL 4758.50 -> 4755.56 trail
2026.02.06 01:56:40;MANAGE;#96 SL 4755.56 -> 4755.32 trail
2026.02.06 01:57:20;MANAGE;#96 SL 4755.32 -> 4754.57 trail
2026.02.06 01:58:40;MANAGE;#96 SL 4754.57 -> 4754.41 trail
2026.02.06 01:59:40;MANAGE;#96 SL 4754.41 -> 4753.38 trail
2026.02.06 02:00:40;RISK;deal closed pnl=161.19 streak=0 lock=0
2026.02.06 04:00:00;DECISION;setup LONG score=0.65 entry=4774.36 inv=4655.27 tgt=0.00 [CHoCH long lvl=4764.68|RelVol=1.48|VPnode d=13.16|VWAPside]
2026.02.06 04:00:00;VETO;risk veto: size 0.00 < broker min 0.01 (risk too small for stop)
2026.02.06 07:30:00;DECISION;setup LONG score=0.65 entry=4852.14 inv=4801.20 tgt=0.00 [BOS long lvl=4846.61|RelVol=1.26|VPnode d=3.74|VWAPside]
2026.02.06 07:30:00;ORDER;filled BUY 0.02 lots sl=4801.20 tp=4954.17 [WT|BOS|0.65]
2026.02.06 07:30:00;RISK;sizing: vol_ratio=0.83 scalar=1.00 gap_buf=0.00000 eff_stop=50.99000
2026.02.06 07:30:00;ORDER;entry fill deal #98 BUY 0.02 @ 4852.19000
2026.02.06 08:00:20;MANAGE;#98 SL 4801.20 -> 4852.23 breakeven
2026.02.06 08:26:40;RISK;deal closed pnl=0.08 streak=0 lock=0
2026.02.06 13:15:00;DECISION;setup LONG score=0.70 entry=4884.47 inv=4851.76 tgt=0.00 [BOS long lvl=4882.36|RelVol=1.11|VPnear|VWAPside|CycleTurn w=-0.02<--0.86]
2026.02.06 13:15:00;ORDER;filled BUY 0.03 lots sl=4851.76 tp=4950.01 [WT|BOS|0.70]
2026.02.06 13:15:00;RISK;sizing: vol_ratio=0.72 scalar=1.00 gap_buf=0.00000 eff_stop=32.75000
2026.02.06 13:15:00;ORDER;entry fill deal #100 BUY 0.03 @ 4884.51000
2026.02.06 15:01:40;MANAGE;#100 SL 4851.76 -> 4884.55 breakeven
2026.02.06 15:01:59;MANAGE;#100 SL 4884.55 -> 4889.34 trail
2026.02.06 15:04:40;MANAGE;#100 SL 4889.34 -> 4891.47 trail
2026.02.06 15:05:20;MANAGE;#100 SL 4891.47 -> 4892.60 trail
2026.02.06 15:15:00;DECISION;setup LONG score=0.65 entry=4909.63 inv=4871.88 tgt=0.00 [BOS long lvl=4903.49|RelVol=1.42|VPnode d=6.03|VWAPside]
2026.02.06 15:15:00;VETO;risk veto: max positions
2026.02.06 15:38:40;MANAGE;#100 SL 4892.60 -> 4899.07 trail
2026.02.06 15:39:20;MANAGE;#100 SL 4899.07 -> 4900.08 trail
2026.02.06 15:42:40;MANAGE;#100 SL 4900.08 -> 4900.61 trail
2026.02.06 16:25:40;RISK;deal closed pnl=48.30 streak=0 lock=0
2026.02.06 17:00:00;DECISION;setup LONG score=0.75 entry=4948.12 inv=4871.88 tgt=0.00 [BOS long lvl=4938.44|RelVol=1.04|VPnode d=1.88|VWAPside|ADX=32]
2026.02.06 17:00:00;ORDER;filled BUY 0.01 lots sl=4871.88 tp=5100.66 [WT|BOS|0.75]
2026.02.06 17:00:00;RISK;sizing: vol_ratio=0.82 scalar=1.00 gap_buf=0.00000 eff_stop=76.26000
2026.02.06 17:00:00;ORDER;entry fill deal #102 BUY 0.01 @ 4948.14000
2026.02.06 20:15:00;DECISION;setup LONG score=0.95 entry=4965.84 inv=4921.89 tgt=0.00 [BOS long lvl=4964.92|RelVol=0.98|VPnode d=7.84|VWAPside|CycleTurn w=-0.98<--0.99|ADX=31]
2026.02.06 20:15:00;VETO;authorization denied: outside session window (server hour 20, window 03-20)
2026.02.06 20:30:00;VETO;authorization denied: outside session window (server hour 20, window 03-20)
2026.02.06 20:45:00;VETO;authorization denied: outside session window (server hour 20, window 03-20)
2026.02.06 21:00:00;VETO;authorization denied: outside session window (server hour 21, window 03-20)
2026.02.09 01:15:00;DECISION;setup LONG score=0.85 entry=4979.93 inv=4936.61 tgt=0.00 [BOS long lvl=4971.48|RelVol=1.06|VPnode d=5.27|VWAPside|CycleTurn w=-0.90<--0.97]
2026.02.09 01:15:00;VETO;authorization denied: outside session window (server hour 01, window 03-20)
2026.02.09 01:28:40;MANAGE;#102 SL 4871.88 -> 4948.18 breakeven
2026.02.09 01:28:59;MANAGE;#102 SL 4948.18 -> 5001.31 trail
2026.02.09 01:29:40;MANAGE;#102 SL 5001.31 -> 5002.30 trail
2026.02.09 01:30:00;VETO;authorization denied: outside session window (server hour 01, window 03-20)
2026.02.09 01:32:40;MANAGE;#102 SL 5002.30 -> 5007.00 trail
2026.02.09 01:33:40;MANAGE;#102 SL 5007.00 -> 5014.82 trail
2026.02.09 01:45:00;VETO;authorization denied: outside session window (server hour 01, window 03-20)
2026.02.09 01:49:40;MANAGE;#102 SL 5014.82 -> 5015.37 trail
2026.02.09 01:57:20;MANAGE;#102 SL 5015.37 -> 5016.08 trail
2026.02.09 02:00:00;VETO;authorization denied: outside session window (server hour 02, window 03-20)
2026.02.09 02:48:40;RISK;deal closed pnl=67.81 streak=0 lock=0
2026.02.09 07:45:00;DECISION;setup LONG score=0.85 entry=5034.42 inv=5007.56 tgt=0.00 [BOS long lvl=5031.53|RelVol=1.07|VPnode d=8.78|VWAPside|CycleTurn w=-0.96<--1.00]
2026.02.09 07:45:00;ORDER;filled BUY 0.03 lots sl=5007.56 tp=5088.29 [WT|BOS|0.85]
2026.02.09 07:45:00;RISK;sizing: vol_ratio=0.76 scalar=1.00 gap_buf=0.00000 eff_stop=26.91000
2026.02.09 07:45:00;ORDER;entry fill deal #104 BUY 0.03 @ 5034.47000
2026.02.09 09:22:40;RISK;deal closed pnl=-80.73 streak=1 lock=0
2026.02.09 10:00:00;DECISION;setup SHORT score=0.65 entry=5006.38 inv=5045.72 tgt=0.00 [CHoCH short lvl=5007.56|RelVol=0.96|VPnode d=2.22|VWAPside]
2026.02.09 10:00:00;ORDER;filled SELL 0.02 lots sl=5045.72 tp=4927.79 [WT|CHOCH|0.65]
2026.02.09 10:00:00;RISK;sizing: vol_ratio=0.76 scalar=1.00 gap_buf=0.00000 eff_stop=39.31000
2026.02.09 10:00:00;ORDER;entry fill deal #106 SELL 0.02 @ 5006.41000
2026.02.09 12:30:00;DECISION;setup SHORT score=0.50 entry=4991.09 inv=5041.01 tgt=0.00 [BOS short lvl=4997.68|RelVol=1.21|VPnear|VWAPside]
2026.02.09 12:30:00;VETO;risk veto: max positions
2026.02.09 16:45:00;DECISION;setup LONG score=0.85 entry=5036.61 inv=4995.11 tgt=0.00 [CHoCH long lvl=5024.84|RelVol=1.04|VPnode d=0.21|VWAPside|CycleTurn w=0.33<--0.76]
2026.02.09 16:45:00;VETO;risk veto: max positions
2026.02.09 17:33:40;RISK;deal closed pnl=-78.62 streak=2 lock=0
2026.02.10 01:15:00;DECISION;setup SHORT score=0.65 entry=5013.54 inv=5086.61 tgt=0.00 [CHoCH short lvl=5040.86|RelVol=1.24|VPnode d=3.46|VWAPside]
2026.02.10 01:15:00;VETO;authorization denied: outside session window (server hour 01, window 03-20)
2026.02.10 01:30:00;VETO;authorization denied: outside session window (server hour 01, window 03-20)
2026.02.10 01:45:00;VETO;authorization denied: outside session window (server hour 01, window 03-20)
2026.02.10 02:00:00;VETO;authorization denied: outside session window (server hour 02, window 03-20)
2026.02.10 04:45:00;DECISION;setup LONG score=0.85 entry=5050.48 inv=5009.08 tgt=0.00 [CHoCH long lvl=5048.57|RelVol=0.70|VPnode d=12.28|VWAPside|CycleTurn w=0.58<--0.44]
2026.02.10 04:45:00;ORDER;filled BUY 0.02 lots sl=5009.08 tp=5133.40 [WT|CHOCH|0.85]
2026.02.10 04:45:00;RISK;sizing: vol_ratio=1.11 scalar=1.00 gap_buf=0.00000 eff_stop=41.44000
2026.02.10 04:45:00;ORDER;entry fill deal #108 BUY 0.02 @ 5050.52000
2026.02.10 10:45:00;DECISION;setup LONG score=0.50 entry=5048.74 inv=5018.62 tgt=0.00 [BOS long lvl=5045.59|RelVol=0.73|VPnear|VWAPside]
2026.02.10 10:45:00;VETO;risk veto: max positions
2026.02.10 14:45:00;DECISION;setup SHORT score=0.85 entry=5029.68 inv=5057.57 tgt=0.00 [CHoCH short lvl=5037.03|RelVol=0.85|VPnode d=1.22|VWAPside|CycleTurn w=-0.46<-0.63]
2026.02.10 14:45:00;VETO;risk veto: max positions
2026.02.10 16:30:00;DECISION;setup LONG score=0.60 entry=5070.39 inv=5019.68 tgt=0.00 [CHoCH long lvl=5057.57|RelVol=0.96|VWAPside|CycleTurn w=0.61<--0.43]
2026.02.10 16:30:00;VETO;risk veto: max positions
2026.02.10 17:38:40;RISK;deal closed pnl=-82.88 streak=1 lock=0
2026.02.10 17:45:00;DECISION;setup SHORT score=0.85 entry=5014.18 inv=5078.72 tgt=0.00 [CHoCH short lvl=5019.68|RelVol=1.23|VPnode d=8.02|VWAPside|CycleTurn w=-0.63<-0.37]
2026.02.10 17:45:00;ORDER;filled SELL 0.01 lots sl=5078.72 tp=4885.10 [WT|CHOCH|0.85]
2026.02.10 17:45:00;RISK;sizing: vol_ratio=1.28 scalar=1.00 gap_buf=0.00000 eff_stop=64.54000
2026.02.10 17:45:00;ORDER;entry fill deal #110 SELL 0.01 @ 5014.18000
2026.02.11 01:30:00;DECISION;setup LONG score=0.65 entry=5046.69 inv=5004.60 tgt=0.00 [CHoCH long lvl=5045.51|RelVol=0.82|VPnode d=0.91|VWAPside]
2026.02.11 01:30:00;VETO;authorization denied: outside session window (server hour 01, window 03-20)
2026.02.11 01:45:00;VETO;authorization denied: outside session window (server hour 01, window 03-20)
2026.02.11 02:00:00;VETO;authorization denied: outside session window (server hour 02, window 03-20)
2026.02.11 02:15:00;VETO;authorization denied: outside session window (server hour 02, window 03-20)
2026.02.11 04:00:00;DECISION;setup LONG score=0.65 entry=5052.58 inv=5028.35 tgt=0.00 [BOS long lvl=5049.46|RelVol=0.66|VPnode d=6.38|VWAPside]
2026.02.11 04:00:00;VETO;risk veto: max positions
2026.02.11 07:45:00;DECISION;setup LONG score=0.50 entry=5062.43 inv=5032.57 tgt=0.00 [BOS long lvl=5060.86|RelVol=0.61|VPnear|VWAPside]
2026.02.11 07:45:00;VETO;risk veto: max positions
2026.02.11 09:00:00;DECISION;setup LONG score=0.85 entry=5064.22 inv=5043.54 tgt=0.00 [BOS long lvl=5064.01|RelVol=0.78|VPnode d=5.02|VWAPside|CycleTurn w=-0.98<--1.00]
2026.02.11 09:00:00;VETO;risk veto: max positions
2026.02.11 12:30:00;DECISION;setup LONG score=0.70 entry=5071.38 inv=5045.91 tgt=0.00 [BOS long lvl=5069.39|RelVol=1.06|VPnear|VWAPside|CycleTurn w=0.79<-0.02]
2026.02.11 12:30:00;VETO;risk veto: max positions
2026.02.11 12:40:40;RISK;deal closed pnl=-64.59 streak=1 lock=0
2026.02.12 01:15:00;DECISION;setup SHORT score=0.65 entry=5063.64 inv=5094.37 tgt=0.00 [CHoCH short lvl=5076.42|RelVol=0.86|VPnode d=0.26|VWAPside]
2026.02.12 01:15:00;VETO;authorization denied: outside session window (server hour 01, window 03-20)
2026.02.12 01:30:00;VETO;authorization denied: outside session window (server hour 01, window 03-20)
2026.02.12 01:45:00;VETO;authorization denied: outside session window (server hour 01, window 03-20)
2026.02.12 02:00:00;VETO;authorization denied: outside session window (server hour 02, window 03-20)
2026.02.12 03:15:00;DECISION;setup SHORT score=0.75 entry=5049.72 inv=5100.09 tgt=0.00 [BOS short lvl=5049.98|RelVol=0.73|VPnode d=6.28|VWAPside|ADX=41]
2026.02.12 03:15:00;ORDER;filled SELL 0.02 lots sl=5100.09 tp=4949.01 [WT|BOS|0.75]
2026.02.12 03:15:00;RISK;sizing: vol_ratio=0.99 scalar=1.00 gap_buf=0.00000 eff_stop=50.36000
2026.02.12 03:15:00;ORDER;entry fill deal #112 SELL 0.02 @ 5049.73000
2026.02.12 11:15:00;DECISION;setup LONG score=0.65 entry=5074.04 inv=5047.22 tgt=0.00 [CHoCH long lvl=5073.52|RelVol=0.74|VPnode d=4.84|VWAPside]
2026.02.12 11:15:00;VETO;risk veto: max positions
2026.02.12 15:00:00;DECISION;setup SHORT score=0.65 entry=5052.73 inv=5080.81 tgt=0.00 [CHoCH short lvl=5056.17|RelVol=0.93|VPnode d=3.07|VWAPside]
2026.02.12 15:00:00;VETO;risk veto: max positions
2026.02.12 17:00:00;DECISION;setup SHORT score=0.70 entry=5044.59 inv=5083.82 tgt=0.00 [BOS short lvl=5048.70|RelVol=0.95|VPnear|VWAPside|CycleTurn w=0.25<-0.89]
2026.02.12 17:00:00;VETO;risk veto: max positions
2026.02.12 18:13:40;MANAGE;#112 SL 5100.09 -> 5049.69 breakeven
2026.02.12 18:13:59;MANAGE;#112 SL 5049.69 -> 5019.34 trail
2026.02.12 18:14:40;RISK;deal closed pnl=201.44 streak=0 lock=0
2026.02.12 18:15:00;DECISION;setup SHORT score=0.60 entry=4951.47 inv=5083.82 tgt=0.00 [BOS short lvl=5039.42|RelVol=1.36|VWAPside|CycleTurn w=-0.53<--0.45]
2026.02.12 18:15:00;VETO;risk veto: size 0.00 < broker min 0.01 (risk too small for stop)
2026.02.13 01:15:00;DECISION;setup SHORT score=0.55 entry=4910.60 inv=4958.19 tgt=0.00 [BOS short lvl=4911.29|RelVol=0.88|VPnode d=0.00]
2026.02.13 01:15:00;VETO;authorization denied: outside session window (server hour 01, window 03-20)
2026.02.13 01:30:00;VETO;authorization denied: outside session window (server hour 01, window 03-20)
2026.02.13 01:45:00;VETO;authorization denied: outside session window (server hour 01, window 03-20)
2026.02.13 02:00:00;VETO;authorization denied: outside session window (server hour 02, window 03-20)
2026.02.13 02:15:00;DECISION;setup LONG score=0.50 entry=4941.93 inv=4886.65 tgt=0.00 [CHoCH long lvl=4929.87|RelVol=1.21|VPnear|VWAPside]
2026.02.13 02:15:00;VETO;authorization denied: outside session window (server hour 02, window 03-20)
2026.02.13 02:30:00;VETO;authorization denied: outside session window (server hour 02, window 03-20)
2026.02.13 02:45:00;VETO;authorization denied: outside session window (server hour 02, window 03-20)
2026.02.13 03:00:00;ORDER;filled BUY 0.02 lots sl=4886.65 tp=5011.09 [WT|CHOCH|0.50]
2026.02.13 03:00:00;RISK;sizing: vol_ratio=1.07 scalar=1.00 gap_buf=0.00000 eff_stop=41.48000
2026.02.13 03:00:00;ORDER;entry fill deal #114 BUY 0.02 @ 4928.13000
2026.02.13 03:15:00;DECISION;setup LONG score=0.50 entry=4965.52 inv=4886.65 tgt=0.00 [BOS long lvl=4948.42|RelVol=0.86|VPnear|VWAPside]
2026.02.13 03:15:00;VETO;risk veto: max positions
2026.02.13 03:15:40;MANAGE;#114 SL 4886.65 -> 4928.17 breakeven
2026.02.13 03:15:59;MANAGE;#114 SL 4928.17 -> 4932.14 trail
2026.02.13 03:19:40;MANAGE;#114 SL 4932.14 -> 4934.42 trail
2026.02.13 03:20:40;MANAGE;#114 SL 4934.42 -> 4936.14 trail
2026.02.13 03:21:20;MANAGE;#114 SL 4936.14 -> 4936.27 trail
2026.02.13 03:22:40;MANAGE;#114 SL 4936.27 -> 4937.75 trail
2026.02.13 03:23:20;MANAGE;#114 SL 4937.75 -> 4940.82 trail
2026.02.13 03:42:40;MANAGE;#114 SL 4940.82 -> 4941.66 trail
2026.02.13 03:43:40;MANAGE;#114 SL 4941.66 -> 4943.51 trail
2026.02.13 03:48:40;MANAGE;#114 SL 4943.51 -> 4946.89 trail
2026.02.13 03:49:40;MANAGE;#114 SL 4946.89 -> 4948.46 trail
2026.02.13 03:50:40;MANAGE;#114 SL 4948.46 -> 4948.88 trail
2026.02.13 04:55:40;MANAGE;#114 SL 4948.88 -> 4954.18 trail
2026.02.13 04:56:20;MANAGE;#114 SL 4954.18 -> 4954.88 trail
2026.02.13 06:07:20;MANAGE;#114 SL 4954.88 -> 4955.07 trail
2026.02.13 06:12:40;MANAGE;#114 SL 4955.07 -> 4956.72 trail
2026.02.13 06:14:40;MANAGE;#114 SL 4956.72 -> 4957.26 trail
2026.02.13 06:15:40;MANAGE;#114 SL 4957.26 -> 4959.53 trail
2026.02.13 06:16:40;MANAGE;#114 SL 4959.53 -> 4967.03 trail
2026.02.13 06:17:20;MANAGE;#114 SL 4967.03 -> 4967.18 trail
2026.02.13 07:19:20;RISK;deal closed pnl=78.10 streak=0 lock=0
2026.02.13 07:45:00;DECISION;setup SHORT score=0.60 entry=4964.21 inv=4997.27 tgt=0.00 [CHoCH short lvl=4972.21|RelVol=0.79|VPnear|CycleTurn w=-0.79<-0.05]
2026.02.13 07:45:00;ORDER;filled SELL 0.03 lots sl=4997.27 tp=4898.09 [WT|CHOCH|0.60]
2026.02.13 07:45:00;RISK;sizing: vol_ratio=0.75 scalar=1.00 gap_buf=0.00000 eff_stop=33.06000
2026.02.13 07:45:00;ORDER;entry fill deal #116 SELL 0.03 @ 4964.21000
2026.02.13 13:00:00;DECISION;setup SHORT score=0.65 entry=4950.14 inv=4989.65 tgt=0.00 [BOS short lvl=4961.44|RelVol=0.86|VPnode d=5.46|VWAPside]
2026.02.13 13:00:00;VETO;risk veto: max positions
2026.02.13 15:30:40;RISK;deal closed pnl=-99.18 streak=1 lock=0
2026.02.13 15:45:00;DECISION;setup LONG score=0.65 entry=4984.08 inv=4933.76 tgt=0.00 [CHoCH long lvl=4980.79|RelVol=1.30|VPnode d=4.32|VWAPside]
2026.02.13 15:45:00;ORDER;filled BUY 0.02 lots sl=4933.76 tp=5084.84 [WT|CHOCH|0.65]
2026.02.13 15:45:00;RISK;sizing: vol_ratio=0.83 scalar=1.00 gap_buf=0.00000 eff_stop=50.36000
2026.02.13 15:45:00;ORDER;entry fill deal #118 BUY 0.02 @ 4984.12000
2026.02.13 20:54:40;MANAGE;#118 SL 4933.76 -> 4984.16 breakeven
2026.02.13 20:54:59;MANAGE;#118 SL 4984.16 -> 4999.02 trail
2026.02.13 20:55:40;MANAGE;#118 SL 4999.02 -> 5000.41 trail
2026.02.13 21:01:40;MANAGE;#118 SL 5000.41 -> 5002.52 trail
2026.02.13 21:05:40;MANAGE;#118 SL 5002.52 -> 5004.96 trail
2026.02.13 21:06:40;MANAGE;#118 SL 5004.96 -> 5007.01 trail
2026.02.13 21:07:40;MANAGE;#118 SL 5007.01 -> 5011.35 trail
2026.02.13 21:09:40;MANAGE;#118 SL 5011.35 -> 5012.47 trail
2026.02.13 21:10:20;MANAGE;#118 SL 5012.47 -> 5012.73 trail
2026.02.13 21:15:00;DECISION;setup LONG score=0.50 entry=5039.62 inv=5005.99 tgt=0.00 [BOS long lvl=5034.03|RelVol=0.81|VWAPside|ADX=39]
2026.02.13 21:15:00;VETO;authorization denied: outside session window (server hour 21, window 03-20)
2026.02.13 21:30:00;VETO;authorization denied: outside session window (server hour 21, window 03-20)
2026.02.13 21:30:40;MANAGE;#118 SL 5012.73 -> 5013.52 trail
2026.02.13 21:45:00;VETO;authorization denied: outside session window (server hour 21, window 03-20)
2026.02.13 22:00:00;VETO;authorization denied: outside session window (server hour 22, window 03-20)
2026.02.13 23:05:40;ERROR;modify #118 sl=5013.91 tp=5084.84 rejected rc=10018
2026.02.13 23:33:40;ERROR;modify #118 sl=5014.60 tp=5084.84 rejected rc=10018
2026.02.13 23:34:20;ERROR;modify #118 sl=5014.73 tp=5084.84 rejected rc=10018
2026.02.13 23:34:59;ERROR;modify #118 sl=5013.84 tp=5084.84 rejected rc=10018
2026.02.13 23:35:59;ERROR;modify #118 sl=5013.76 tp=5084.84 rejected rc=10018
2026.02.13 23:37:40;ERROR;modify #118 sl=5014.13 tp=5084.84 rejected rc=10018
2026.02.13 23:38:40;ERROR;modify #118 sl=5014.77 tp=5084.84 rejected rc=10018
2026.02.13 23:39:20;ERROR;modify #118 sl=5014.49 tp=5084.84 rejected rc=10018
2026.02.13 23:39:59;ERROR;modify #118 sl=5013.76 tp=5084.84 rejected rc=10018
2026.02.13 23:40:40;ERROR;modify #118 sl=5015.58 tp=5084.84 rejected rc=10018
2026.02.13 23:41:20;ERROR;modify #118 sl=5015.32 tp=5084.84 rejected rc=10018
2026.02.13 23:41:59;ERROR;modify #118 sl=5018.49 tp=5084.84 rejected rc=10018
2026.02.13 23:42:40;ERROR;modify #118 sl=5017.29 tp=5084.84 rejected rc=10018
2026.02.13 23:43:20;ERROR;modify #118 sl=5018.08 tp=5084.84 rejected rc=10018
2026.02.13 23:43:59;ERROR;modify #118 sl=5017.59 tp=5084.84 rejected rc=10018
2026.02.13 23:44:40;ERROR;modify #118 sl=5018.68 tp=5084.84 rejected rc=10018
2026.02.13 23:45:20;ERROR;modify #118 sl=5019.23 tp=5084.84 rejected rc=10018
2026.02.13 23:45:59;ERROR;modify #118 sl=5018.84 tp=5084.84 rejected rc=10018
2026.02.13 23:46:40;ERROR;modify #118 sl=5026.45 tp=5084.84 rejected rc=10018
2026.02.13 23:47:20;ERROR;modify #118 sl=5025.87 tp=5084.84 rejected rc=10018
2026.02.13 23:47:59;ERROR;modify #118 sl=5021.21 tp=5084.84 rejected rc=10018
2026.02.13 23:48:40;ERROR;modify #118 sl=5022.77 tp=5084.84 rejected rc=10018
2026.02.13 23:49:20;ERROR;modify #118 sl=5021.31 tp=5084.84 rejected rc=10018
2026.02.13 23:49:59;ERROR;modify #118 sl=5023.09 tp=5084.84 rejected rc=10018
2026.02.13 23:50:40;ERROR;modify #118 sl=5021.36 tp=5084.84 rejected rc=10018
2026.02.13 23:51:20;ERROR;modify #118 sl=5022.27 tp=5084.84 rejected rc=10018
2026.02.13 23:51:59;ERROR;modify #118 sl=5019.04 tp=5084.84 rejected rc=10018
2026.02.13 23:52:40;ERROR;modify #118 sl=5018.12 tp=5084.84 rejected rc=10018
2026.02.13 23:53:20;ERROR;modify #118 sl=5018.67 tp=5084.84 rejected rc=10018
2026.02.13 23:53:59;ERROR;modify #118 sl=5020.04 tp=5084.84 rejected rc=10018
2026.02.13 23:54:40;ERROR;modify #118 sl=5023.58 tp=5084.84 rejected rc=10018
2026.02.13 23:55:20;ERROR;modify #118 sl=5023.22 tp=5084.84 rejected rc=10018
2026.02.13 23:55:59;ERROR;modify #118 sl=5022.08 tp=5084.84 rejected rc=10018
2026.02.13 23:56:40;ERROR;modify #118 sl=5023.96 tp=5084.84 rejected rc=10018
2026.02.13 23:57:20;ERROR;modify #118 sl=5023.94 tp=5084.84 rejected rc=10018
2026.02.13 23:57:59;ERROR;modify #118 sl=5022.85 tp=5084.84 rejected rc=10018
2026.02.13 23:58:40;ERROR;modify #118 sl=5021.89 tp=5084.84 rejected rc=10018
2026.02.13 23:59:20;ERROR;modify #118 sl=5022.58 tp=5084.84 rejected rc=10018
2026.02.13 23:59:59;ERROR;modify #118 sl=5022.90 tp=5084.84 rejected rc=10018
2026.02.16 01:00:00;MANAGE;#118 SL 5013.52 -> 5014.99 trail
2026.02.16 01:00:40;MANAGE;#118 SL 5014.99 -> 5024.57 trail
2026.02.16 01:01:40;RISK;deal closed pnl=80.65 streak=0 lock=0
2026.02.16 01:45:00;DECISION;setup SHORT score=0.65 entry=5018.87 inv=5046.02 tgt=0.00 [CHoCH short lvl=5021.51|RelVol=0.70|VPnode d=0.73|VWAPside]
2026.02.16 01:45:00;VETO;authorization denied: outside session window (server hour 01, window 03-20)
2026.02.16 02:00:00;VETO;authorization denied: outside session window (server hour 02, window 03-20)
2026.02.16 02:15:00;VETO;authorization denied: outside session window (server hour 02, window 03-20)
2026.02.16 02:30:00;VETO;authorization denied: outside session window (server hour 02, window 03-20)
2026.02.16 04:45:00;DECISION;setup SHORT score=0.70 entry=5002.40 inv=5046.02 tgt=0.00 [BOS short lvl=5007.05|RelVol=0.56|VPnear|VWAPside|CycleTurn w=-0.63<--0.55]
2026.02.16 04:45:00;ORDER;filled SELL 0.02 lots sl=5046.02 tp=4915.13 [WT|BOS|0.70]
2026.02.16 04:45:00;RISK;sizing: vol_ratio=0.79 scalar=1.00 gap_buf=0.00000 eff_stop=43.63000
2026.02.16 04:45:00;ORDER;entry fill deal #120 SELL 0.02 @ 5002.39000
2026.02.16 10:00:00;VETO;signal rejected: score 0.40 < 0.45 [CHoCH long lvl=5003.14|RelVol=0.79|VWAPside]
2026.02.16 11:30:00;DECISION;setup LONG score=0.50 entry=5013.49 inv=4995.83 tgt=0.00 [BOS long lvl=5013.36|RelVol=0.50|VWAPside|ADX=37]
2026.02.16 11:30:00;VETO;risk veto: max positions
2026.02.16 14:15:00;DECISION;setup SHORT score=0.50 entry=4997.69 inv=5017.28 tgt=0.00 [CHoCH short lvl=4998.96|RelVol=0.46|VPnear|VWAPside]
2026.02.16 14:15:00;VETO;risk veto: max positions
2026.02.16 16:30:00;DECISION;setup SHORT score=0.75 entry=4992.42 inv=5008.14 tgt=0.00 [BOS short lvl=4992.95|RelVol=0.48|VPnode d=3.88|VWAPside|ADX=33]
2026.02.16 16:30:00;VETO;risk veto: max positions
2026.02.17 02:15:00;DECISION;setup SHORT score=0.70 entry=4979.32 inv=5001.03 tgt=0.00 [BOS short lvl=4988.64|RelVol=0.67|VPnear|VWAPside|CycleTurn w=0.30<-0.94]
2026.02.17 02:15:00;VETO;authorization denied: outside session window (server hour 02, window 03-20)
2026.02.17 02:30:00;VETO;authorization denied: outside session window (server hour 02, window 03-20)
2026.02.17 02:45:00;VETO;authorization denied: outside session window (server hour 02, window 03-20)
2026.02.17 02:52:40;MANAGE;#120 SL 5046.02 -> 5002.35 breakeven
2026.02.17 02:52:59;MANAGE;#120 SL 5002.35 -> 4967.24 trail
2026.02.17 02:53:20;MANAGE;#120 SL 4967.24 -> 4965.43 trail
2026.02.17 02:55:40;MANAGE;#120 SL 4965.43 -> 4965.03 trail
2026.02.17 02:56:20;MANAGE;#120 SL 4965.03 -> 4964.91 trail
2026.02.17 02:57:40;MANAGE;#120 SL 4964.91 -> 4958.43 trail
2026.02.17 02:58:40;MANAGE;#120 SL 4958.43 -> 4948.81 trail
2026.02.17 02:59:20;MANAGE;#120 SL 4948.81 -> 4948.01 trail
2026.02.17 03:00:00;VETO;risk veto: max positions
2026.02.17 03:03:40;MANAGE;#120 SL 4948.01 -> 4944.05 trail
2026.02.17 03:06:40;RISK;deal closed pnl=116.59 streak=0 lock=0
2026.02.17 07:15:00;DECISION;setup SHORT score=0.70 entry=4928.17 inv=4971.26 tgt=0.00 [BOS short lvl=4946.77|RelVol=0.90|VPnear|VWAPside|CycleTurn w=-0.32<-0.13]
2026.02.17 07:15:00;ORDER;filled SELL 0.02 lots sl=4971.26 tp=4841.99 [WT|BOS|0.70]
2026.02.17 07:15:00;RISK;sizing: vol_ratio=1.08 scalar=1.00 gap_buf=0.00000 eff_stop=43.09000
2026.02.17 07:15:00;ORDER;entry fill deal #122 SELL 0.02 @ 4928.17000
2026.02.17 07:31:40;MANAGE;#122 SL 4971.26 -> 4928.13 breakeven
2026.02.17 07:31:59;MANAGE;#122 SL 4928.13 -> 4907.37 trail
2026.02.17 07:32:40;MANAGE;#122 SL 4907.37 -> 4883.53 trail
2026.02.17 07:34:40;RISK;deal closed pnl=89.28 streak=0 lock=0
2026.02.17 12:15:00;DECISION;setup LONG score=0.50 entry=4936.32 inv=4859.08 tgt=0.00 [CHoCH long lvl=4930.43|RelVol=0.77|VPnear|VWAPside]
2026.02.17 12:15:00;ORDER;filled BUY 0.01 lots sl=4859.08 tp=5091.01 [WT|CHOCH|0.50]
2026.02.17 12:15:00;RISK;sizing: vol_ratio=1.11 scalar=1.00 gap_buf=0.00000 eff_stop=77.31000
2026.02.17 12:15:00;ORDER;entry fill deal #124 BUY 0.01 @ 4936.39000
2026.02.17 13:00:00;DECISION;setup SHORT score=0.85 entry=4913.26 inv=4939.46 tgt=0.00 [CHoCH short lvl=4913.41|RelVol=1.11|VPnode d=7.84|VWAPside|CycleTurn w=0.99<-1.00]
2026.02.17 13:00:00;VETO;risk veto: max positions
2026.02.17 14:30:00;DECISION;setup LONG score=0.50 entry=4942.95 inv=4907.70 tgt=0.00 [CHoCH long lvl=4939.46|RelVol=0.83|VPnear|VWAPside]
2026.02.17 14:30:00;VETO;risk veto: max positions
2026.02.17 16:00:00;DECISION;setup SHORT score=0.85 entry=4870.81 inv=4944.52 tgt=0.00 [CHoCH short lvl=4907.70|RelVol=1.25|VPnode d=4.19|VWAPside|CycleTurn w=-0.36<-0.71]
2026.02.17 16:00:00;VETO;risk veto: max positions
2026.02.17 16:01:40;RISK;deal closed pnl=-77.31 streak=1 lock=0
2026.02.17 21:00:00;VETO;signal rejected: score 0.40 < 0.45 [CHoCH long lvl=4893.65|RelVol=1.17|VPnear]
2026.02.18 02:00:00;DECISION;setup SHORT score=0.85 entry=4859.19 inv=4886.79 tgt=0.00 [CHoCH short lvl=4873.29|RelVol=0.92|VPnode d=6.81|VWAPside|CycleTurn w=0.84<-1.00]
2026.02.18 02:00:00;VETO;authorization denied: outside session window (server hour 02, window 03-20)
2026.02.18 02:15:00;VETO;authorization denied: outside session window (server hour 02, window 03-20)
2026.02.18 02:30:00;VETO;authorization denied: outside session window (server hour 02, window 03-20)
2026.02.18 02:45:00;VETO;authorization denied: outside session window (server hour 02, window 03-20)
2026.02.18 03:15:00;DECISION;setup LONG score=0.85 entry=4886.76 inv=4853.99 tgt=0.00 [CHoCH long lvl=4884.56|RelVol=0.56|VPnode d=5.76|VWAPside|CycleTurn w=-0.14<--0.85]
2026.02.18 03:15:00;ORDER;filled BUY 0.03 lots sl=4853.99 tp=4952.42 [WT|CHOCH|0.85]
2026.02.18 03:15:00;RISK;sizing: vol_ratio=0.88 scalar=1.00 gap_buf=0.00000 eff_stop=32.81000
2026.02.18 03:15:00;ORDER;entry fill deal #126 BUY 0.03 @ 4886.80000
2026.02.18 05:26:40;MANAGE;#126 SL 4853.99 -> 4886.84 breakeven
2026.02.18 05:26:59;MANAGE;#126 SL 4886.84 -> 4896.00 trail
2026.02.18 05:27:40;MANAGE;#126 SL 4896.00 -> 4896.28 trail
2026.02.18 05:29:20;MANAGE;#126 SL 4896.28 -> 4896.42 trail
2026.02.18 05:30:00;MANAGE;#126 SL 4896.42 -> 4898.01 trail
2026.02.18 05:30:40;MANAGE;#126 SL 4898.01 -> 4899.55 trail
2026.02.18 05:49:40;MANAGE;#126 SL 4899.55 -> 4899.79 trail
2026.02.18 05:50:40;MANAGE;#126 SL 4899.79 -> 4900.24 trail
2026.02.18 05:54:40;MANAGE;#126 SL 4900.24 -> 4900.43 trail
2026.02.18 05:55:40;MANAGE;#126 SL 4900.43 -> 4901.98 trail
2026.02.18 06:00:20;MANAGE;#126 SL 4901.98 -> 4902.26 trail
2026.02.18 06:04:40;MANAGE;#126 SL 4902.26 -> 4902.53 trail
2026.02.18 06:05:40;MANAGE;#126 SL 4902.53 -> 4903.42 trail
2026.02.18 06:06:40;MANAGE;#126 SL 4903.42 -> 4904.23 trail
2026.02.18 06:07:40;MANAGE;#126 SL 4904.23 -> 4906.17 trail
2026.02.18 06:08:40;MANAGE;#126 SL 4906.17 -> 4909.42 trail
2026.02.18 06:10:40;MANAGE;#126 SL 4909.42 -> 4911.24 trail
2026.02.18 06:13:40;MANAGE;#126 SL 4911.24 -> 4911.85 trail
2026.02.18 06:14:20;MANAGE;#126 SL 4911.85 -> 4912.20 trail
2026.02.18 06:28:40;MANAGE;#126 SL 4912.20 -> 4913.90 trail
2026.02.18 06:29:40;MANAGE;#126 SL 4913.90 -> 4914.72 trail
2026.02.18 06:30:40;MANAGE;#126 SL 4914.72 -> 4915.82 trail
2026.02.18 06:31:40;MANAGE;#126 SL 4915.82 -> 4916.52 trail
2026.02.18 06:33:40;MANAGE;#126 SL 4916.52 -> 4918.46 trail
2026.02.18 06:49:40;MANAGE;#126 SL 4918.46 -> 4920.95 trail
2026.02.18 06:50:40;MANAGE;#126 SL 4920.95 -> 4921.75 trail
2026.02.18 06:53:40;MANAGE;#126 SL 4921.75 -> 4923.44 trail
2026.02.18 07:39:40;MANAGE;#126 SL 4923.44 -> 4923.70 trail
2026.02.18 07:53:40;MANAGE;#126 SL 4923.70 -> 4923.82 trail
2026.02.18 09:06:40;MANAGE;#126 SL 4923.82 -> 4924.96 trail
2026.02.18 09:08:20;MANAGE;#126 SL 4924.96 -> 4925.13 trail
2026.02.18 09:14:20;MANAGE;#126 SL 4925.13 -> 4928.25 trail
2026.02.18 10:05:40;RISK;deal closed pnl=124.35 streak=0 lock=0
2026.02.18 10:45:00;VETO;signal rejected: score 0.30 < 0.45 [CHoCH short lvl=4925.09|RelVol=0.51]
2026.02.18 12:45:00;DECISION;setup SHORT score=0.50 entry=4912.11 inv=4942.32 tgt=0.00 [BOS short lvl=4912.94|RelVol=0.94|VPnear|ADX=40]
2026.02.18 12:45:00;ORDER;filled SELL 0.03 lots sl=4942.32 tp=4851.63 [WT|BOS|0.50]
2026.02.18 12:45:00;RISK;sizing: vol_ratio=0.61 scalar=1.00 gap_buf=0.00000 eff_stop=30.23000
2026.02.18 12:45:00;ORDER;entry fill deal #128 SELL 0.03 @ 4912.09000
2026.02.18 14:45:00;DECISION;setup LONG score=0.70 entry=4929.18 inv=4906.40 tgt=0.00 [CHoCH long lvl=4924.56|RelVol=0.84|VPnear|VWAPside|CycleTurn w=-0.73<--0.94]
2026.02.18 14:45:00;VETO;risk veto: max positions
2026.02.18 14:58:40;RISK;deal closed pnl=-90.69 streak=1 lock=0
2026.02.18 16:45:00;DECISION;setup LONG score=0.50 entry=4981.84 inv=4906.40 tgt=0.00 [BOS long lvl=4969.00|RelVol=0.95|VWAPside|ADX=38]
2026.02.18 16:45:00;ORDER;filled BUY 0.01 lots sl=4906.40 tp=5132.87 [WT|BOS|0.50]
2026.02.18 16:45:00;RISK;sizing: vol_ratio=0.97 scalar=1.00 gap_buf=0.00000 eff_stop=75.49000
2026.02.18 16:45:00;ORDER;entry fill deal #130 BUY 0.01 @ 4981.89000
2026.02.18 20:30:00;VETO;signal rejected: score 0.40 < 0.45 [CHoCH short lvl=4991.45|RelVol=0.65|VPnear]
2026.02.19 06:00:00;DECISION;setup LONG score=0.65 entry=4981.66 inv=4960.53 tgt=0.00 [CHoCH long lvl=4977.44|RelVol=0.62|VPnode d=4.26|VWAPside]
2026.02.19 06:00:00;VETO;risk veto: max positions
2026.02.19 11:30:00;DECISION;setup SHORT score=0.75 entry=5000.62 inv=5021.84 tgt=0.00 [CHoCH short lvl=5006.30|RelVol=0.78|VPnode d=1.02|CycleTurn w=0.28<-0.97]
2026.02.19 11:30:00;VETO;risk veto: max positions
2026.02.19 15:45:00;DECISION;setup LONG score=0.85 entry=4993.70 inv=4978.02 tgt=0.00 [CHoCH long lvl=4992.92|RelVol=0.94|VPnode d=1.90|VWAPside|CycleTurn w=-0.99<--1.00]
2026.02.19 15:45:00;VETO;risk veto: max positions
2026.02.19 16:15:00;DECISION;setup SHORT score=0.65 entry=4972.87 inv=4992.92 tgt=0.00 [CHoCH short lvl=4978.02|RelVol=0.94|VPnode d=7.27|VWAPside]
2026.02.19 16:15:00;VETO;risk veto: max positions
2026.02.19 17:00:00;DECISION;setup LONG score=0.85 entry=5005.72 inv=4971.82 tgt=0.00 [CHoCH long lvl=4998.51|RelVol=0.96|VPnode d=7.92|VWAPside|CycleTurn w=-0.66<--0.76]
2026.02.19 17:00:00;VETO;risk veto: max positions
2026.02.20 02:00:00;DECISION;setup SHORT score=0.70 entry=4987.72 inv=5007.95 tgt=0.00 [CHoCH short lvl=4991.81|RelVol=0.55|VPnear|VWAPside|CycleTurn w=0.84<-0.97]
2026.02.20 02:00:00;VETO;authorization denied: outside session window (server hour 02, window 03-20)
2026.02.20 02:15:00;VETO;authorization denied: outside session window (server hour 02, window 03-20)
2026.02.20 02:30:00;VETO;authorization denied: outside session window (server hour 02, window 03-20)
2026.02.20 02:45:00;VETO;authorization denied: outside session window (server hour 02, window 03-20)
2026.02.20 03:15:00;DECISION;setup LONG score=0.70 entry=5013.49 inv=4985.55 tgt=0.00 [CHoCH long lvl=5007.95|RelVol=0.54|VPnear|VWAPside|CycleTurn w=0.05<--0.90]
2026.02.20 03:15:00;VETO;risk veto: max positions
2026.02.20 05:30:00;DECISION;setup SHORT score=0.65 entry=4992.20 inv=5014.96 tgt=0.00 [CHoCH short lvl=4992.84|RelVol=0.29|VPnode d=0.40|VWAPside]
2026.02.20 05:30:00;VETO;risk veto: max positions
2026.02.20 08:15:00;VETO;signal rejected: score 0.40 < 0.45 [CHoCH long lvl=5014.96|RelVol=0.64|VWAPside]
2026.02.20 11:15:00;DECISION;setup LONG score=0.70 entry=5039.32 inv=5004.99 tgt=0.00 [BOS long lvl=5030.09|RelVol=0.85|VWAPside|CycleTurn w=0.36<--0.70|ADX=38]
2026.02.20 11:15:00;VETO;risk veto: max positions
2026.02.20 14:00:00;DECISION;setup SHORT score=0.55 entry=5017.37 inv=5038.47 tgt=0.00 [CHoCH short lvl=5019.64|RelVol=1.07|VPnode d=6.83]
2026.02.20 14:00:00;VETO;risk veto: max positions
2026.02.20 16:00:00;DECISION;setup LONG score=0.85 entry=5043.64 inv=5006.95 tgt=0.00 [CHoCH long lvl=5038.47|RelVol=0.94|VPnode d=4.84|VWAPside|CycleTurn w=-0.57<--0.91]
2026.02.20 16:00:00;VETO;risk veto: max positions
2026.02.20 16:45:40;MANAGE;#130 SL 4906.40 -> 4981.93 breakeven
2026.02.20 16:45:59;MANAGE;#130 SL 4981.93 -> 5036.63 trail
2026.02.20 16:46:40;MANAGE;#130 SL 5036.63 -> 5038.18 trail
2026.02.20 16:54:40;MANAGE;#130 SL 5038.18 -> 5038.50 trail
2026.02.20 17:01:40;MANAGE;#130 SL 5038.50 -> 5041.56 trail
2026.02.20 17:02:40;RISK;deal closed pnl=59.16 streak=0 lock=0
2026.02.20 19:00:00;DECISION;setup LONG score=0.75 entry=5066.71 inv=4989.40 tgt=0.00 [BOS long lvl=5064.24|RelVol=0.77|VPnode d=11.91|VWAPside|ADX=32]
2026.02.20 19:00:00;ORDER;filled BUY 0.01 lots sl=4989.40 tp=5221.45 [WT|BOS|0.75]
2026.02.20 19:00:00;RISK;sizing: vol_ratio=1.85 scalar=1.00 gap_buf=0.00000 eff_stop=77.35000
2026.02.20 19:00:00;ORDER;entry fill deal #132 BUY 0.01 @ 5066.75000
2026.02.20 22:00:00;DECISION;setup LONG score=0.70 entry=5079.52 inv=5054.04 tgt=0.00 [BOS long lvl=5076.42|RelVol=0.64|VPnear|VWAPside|CycleTurn w=-0.90<--1.00]
2026.02.20 22:00:00;VETO;authorization denied: outside session window (server hour 22, window 03-20)
2026.02.20 22:15:00;VETO;authorization denied: outside session window (server hour 22, window 03-20)
2026.02.20 22:30:00;VETO;authorization denied: outside session window (server hour 22, window 03-20)
2026.02.20 22:45:00;VETO;authorization denied: outside session window (server hour 22, window 03-20)
2026.02.23 01:14:40;MANAGE;#132 SL 4989.40 -> 5066.79 breakeven
2026.02.23 01:14:59;MANAGE;#132 SL 5066.79 -> 5130.92 trail
2026.02.23 01:16:20;MANAGE;#132 SL 5130.92 -> 5131.14 trail
2026.02.23 01:28:20;MANAGE;#132 SL 5131.14 -> 5132.75 trail
2026.02.23 01:40:40;MANAGE;#132 SL 5132.75 -> 5136.24 trail
2026.02.23 01:41:20;MANAGE;#132 SL 5136.24 -> 5136.50 trail
2026.02.23 01:43:40;MANAGE;#132 SL 5136.50 -> 5137.29 trail
2026.02.23 01:44:40;MANAGE;#132 SL 5137.29 -> 5139.54 trail
2026.02.23 01:50:40;MANAGE;#132 SL 5139.54 -> 5140.51 trail
2026.02.23 01:51:40;MANAGE;#132 SL 5140.51 -> 5144.47 trail
2026.02.23 01:53:20;MANAGE;#132 SL 5144.47 -> 5146.68 trail
2026.02.23 01:57:40;MANAGE;#132 SL 5146.68 -> 5148.36 trail
2026.02.23 01:58:20;MANAGE;#132 SL 5148.36 -> 5150.82 trail
2026.02.23 02:00:40;RISK;deal closed pnl=83.94 streak=0 lock=0
2026.02.23 04:45:00;DECISION;setup LONG score=0.75 entry=5174.50 inv=5129.58 tgt=0.00 [BOS long lvl=5171.88|RelVol=0.71|VPnode d=7.10|VWAPside|ADX=65]
2026.02.23 04:45:00;ORDER;filled BUY 0.02 lots sl=5129.58 tp=5264.46 [WT|BOS|0.75]
2026.02.23 04:45:00;RISK;sizing: vol_ratio=1.34 scalar=1.00 gap_buf=0.00000 eff_stop=44.96000
2026.02.23 04:45:00;ORDER;entry fill deal #134 BUY 0.02 @ 5174.54000
2026.02.23 08:45:00;DECISION;setup SHORT score=0.65 entry=5148.39 inv=5176.81 tgt=0.00 [CHoCH short lvl=5152.23|RelVol=0.74|VPnode d=3.19|VWAPside]
2026.02.23 08:45:00;VETO;risk veto: max positions
2026.02.23 09:26:40;RISK;deal closed pnl=-89.92 streak=1 lock=0
2026.02.23 13:00:00;DECISION;setup LONG score=0.65 entry=5162.93 inv=5122.33 tgt=0.00 [CHoCH long lvl=5161.71|RelVol=0.91|VPnode d=1.87|VWAPside]
2026.02.23 13:00:00;ORDER;filled BUY 0.02 lots sl=5122.33 tp=5244.25 [WT|CHOCH|0.65]
2026.02.23 13:00:00;RISK;sizing: vol_ratio=0.77 scalar=1.00 gap_buf=0.00000 eff_stop=40.64000
2026.02.23 13:00:00;ORDER;entry fill deal #136 BUY 0.02 @ 5162.97000
2026.02.23 14:45:00;DECISION;setup LONG score=0.65 entry=5164.49 inv=5122.33 tgt=0.00 [BOS long lvl=5163.65|RelVol=0.87|VPnode d=0.31|VWAPside]
2026.02.23 14:45:00;VETO;risk veto: max positions
2026.02.23 16:45:00;DECISION;setup LONG score=0.60 entry=5190.87 inv=5145.54 tgt=0.00 [BOS long lvl=5165.52|RelVol=0.88|VWAPside|CycleTurn w=0.00<--0.95]
2026.02.23 16:45:00;VETO;risk veto: max positions
2026.02.23 17:20:40;MANAGE;#136 SL 5122.33 -> 5163.01 breakeven
2026.02.23 17:20:59;MANAGE;#136 SL 5163.01 -> 5179.91 trail
2026.02.23 17:21:20;MANAGE;#136 SL 5179.91 -> 5180.14 trail
2026.02.23 18:04:40;RISK;deal closed pnl=34.34 streak=0 lock=0
2026.02.23 21:45:00;DECISION;setup LONG score=0.60 entry=5217.04 inv=5191.00 tgt=0.00 [BOS long lvl=5215.89|RelVol=0.73|VWAPside|CycleTurn w=-1.00<--1.00]
2026.02.23 21:45:00;VETO;authorization denied: outside session window (server hour 21, window 03-20)
2026.02.23 22:00:00;VETO;authorization denied: outside session window (server hour 22, window 03-20)
2026.02.23 22:15:00;VETO;authorization denied: outside session window (server hour 22, window 03-20)
2026.02.23 22:30:00;VETO;authorization denied: outside session window (server hour 22, window 03-20)
2026.02.24 01:15:00;DECISION;setup LONG score=0.75 entry=5244.52 inv=5191.00 tgt=0.00 [BOS long lvl=5237.96|RelVol=0.82|VPnode d=1.82|VWAPside|ADX=45]
2026.02.24 01:15:00;VETO;authorization denied: outside session window (server hour 01, window 03-20)
2026.02.24 01:30:00;VETO;authorization denied: outside session window (server hour 01, window 03-20)
2026.02.24 01:45:00;VETO;authorization denied: outside session window (server hour 01, window 03-20)
2026.02.24 02:00:00;VETO;authorization denied: outside session window (server hour 02, window 03-20)
2026.02.24 03:15:00;VETO;signal rejected: score 0.40 < 0.45 [CHoCH short lvl=5218.17|RelVol=1.57|VWAPside]
2026.02.24 14:30:00;DECISION;setup SHORT score=0.85 entry=5161.62 inv=5181.47 tgt=0.00 [BOS short lvl=5163.25|RelVol=1.21|VPnode d=2.98|VWAPside|CycleTurn w=0.85<-0.99]
2026.02.24 14:30:00;ORDER;filled SELL 0.05 lots sl=5181.47 tp=5121.92 [WT|BOS|0.85]
2026.02.24 14:30:00;RISK;sizing: vol_ratio=0.73 scalar=1.00 gap_buf=0.00000 eff_stop=19.85000
2026.02.24 14:30:00;ORDER;entry fill deal #138 SELL 0.05 @ 5161.62000
2026.02.24 15:39:40;MANAGE;#138 SL 5181.47 -> 5161.58 breakeven
2026.02.24 15:39:59;MANAGE;#138 SL 5161.58 -> 5156.89 trail
2026.02.24 15:40:20;MANAGE;#138 SL 5156.89 -> 5155.17 trail
2026.02.24 15:48:40;MANAGE;#138 SL 5155.17 -> 5149.55 trail
2026.02.24 15:49:40;MANAGE;#138 SL 5149.55 -> 5146.61 trail
2026.02.24 15:50:40;MANAGE;#138 SL 5146.61 -> 5143.95 trail
2026.02.24 15:59:40;RISK;deal closed pnl=198.50 streak=0 lock=0
2026.02.24 19:15:00;VETO;signal rejected: score 0.40 < 0.45 [CHoCH long lvl=5155.37|RelVol=0.68|VPnear]
2026.02.24 22:45:00;DECISION;setup LONG score=0.85 entry=5172.12 inv=5146.44 tgt=0.00 [BOS long lvl=5170.21|RelVol=0.67|VPnode d=1.42|VWAPside|CycleTurn w=0.40<--0.55]
2026.02.24 22:45:00;VETO;authorization denied: outside session window (server hour 22, window 03-20)
2026.02.24 23:00:00;VETO;authorization denied: outside session window (server hour 23, window 03-20)
2026.02.24 23:15:00;VETO;authorization denied: outside session window (server hour 23, window 03-20)
2026.02.24 23:30:00;VETO;authorization denied: outside session window (server hour 23, window 03-20)
2026.02.25 01:00:00;DECISION;setup SHORT score=0.50 entry=5142.82 inv=5173.30 tgt=0.00 [CHoCH short lvl=5146.44|RelVol=0.68|CycleTurn w=0.33<-0.89]
2026.02.25 01:00:00;VETO;authorization denied: outside session window (server hour 01, window 03-20)
2026.02.25 01:15:00;VETO;authorization denied: outside session window (server hour 01, window 03-20)
2026.02.25 01:30:00;VETO;authorization denied: outside session window (server hour 01, window 03-20)
2026.02.25 01:45:00;VETO;authorization denied: outside session window (server hour 01, window 03-20)
2026.02.25 03:15:00;DECISION;setup LONG score=0.70 entry=5174.56 inv=5120.04 tgt=0.00 [CHoCH long lvl=5173.30|RelVol=1.14|VPnear|VWAPside|CycleTurn w=-0.02<--0.87]
2026.02.25 03:15:00;ORDER;filled BUY 0.02 lots sl=5120.04 tp=5283.60 [WT|CHOCH|0.70]
2026.02.25 03:15:00;RISK;sizing: vol_ratio=1.13 scalar=1.00 gap_buf=0.00000 eff_stop=54.52000
2026.02.25 03:15:00;ORDER;entry fill deal #140 BUY 0.02 @ 5174.56000
2026.02.25 07:30:00;DECISION;setup LONG score=0.85 entry=5195.58 inv=5172.67 tgt=0.00 [BOS long lvl=5193.97|RelVol=0.78|VPnode d=0.22|VWAPside|CycleTurn w=-0.91<--1.00]
2026.02.25 07:30:00;VETO;risk veto: max positions
2026.02.25 12:30:00;DECISION;setup SHORT score=0.65 entry=5175.41 inv=5197.41 tgt=0.00 [CHoCH short lvl=5176.61|RelVol=1.38|VPnode d=2.19|VWAPside]
2026.02.25 12:30:00;VETO;risk veto: max positions
2026.02.25 17:15:00;DECISION;setup LONG score=0.65 entry=5193.18 inv=5155.27 tgt=0.00 [CHoCH long lvl=5191.52|RelVol=0.88|VPnode d=1.62|VWAPside]
2026.02.25 17:15:00;VETO;risk veto: max positions
2026.02.25 18:30:00;DECISION;setup LONG score=0.65 entry=5203.05 inv=5172.54 tgt=0.00 [BOS long lvl=5202.43|RelVol=0.63|VPnode d=6.85|VWAPside]
2026.02.25 18:30:00;VETO;risk veto: max positions
2026.02.25 21:00:00;DECISION;setup SHORT score=0.75 entry=5202.09 inv=5217.80 tgt=0.00 [CHoCH short lvl=5203.66|RelVol=0.47|VPnode d=3.89|CycleTurn w=0.19<-0.80]
2026.02.25 21:00:00;VETO;authorization denied: outside session window (server hour 21, window 03-20)
2026.02.25 21:15:00;VETO;authorization denied: outside session window (server hour 21, window 03-20)
2026.02.25 21:30:00;VETO;authorization denied: outside session window (server hour 21, window 03-20)
2026.02.25 21:45:00;VETO;authorization denied: outside session window (server hour 21, window 03-20)
2026.02.25 22:30:00;DECISION;setup SHORT score=0.65 entry=5186.10 inv=5217.80 tgt=0.00 [BOS short lvl=5191.80|RelVol=0.97|VPnode d=1.40|ADX=41]
2026.02.25 22:30:00;VETO;authorization denied: outside session window (server hour 22, window 03-20)
2026.02.25 22:45:00;VETO;authorization denied: outside session window (server hour 22, window 03-20)
2026.02.25 23:00:00;VETO;authorization denied: outside session window (server hour 23, window 03-20)
2026.02.25 23:15:00;VETO;authorization denied: outside session window (server hour 23, window 03-20)
2026.02.26 02:30:00;DECISION;setup LONG score=0.85 entry=5185.52 inv=5158.68 tgt=0.00 [CHoCH long lvl=5182.16|RelVol=0.74|VPnode d=10.32|VWAPside|CycleTurn w=-0.86<--0.96]
2026.02.26 02:30:00;VETO;authorization denied: outside session window (server hour 02, window 03-20)
2026.02.26 02:45:00;VETO;authorization denied: outside session window (server hour 02, window 03-20)
2026.02.26 03:00:00;VETO;risk veto: max positions
2026.02.26 04:45:00;DECISION;setup SHORT score=0.85 entry=5176.49 inv=5198.32 tgt=0.00 [CHoCH short lvl=5178.81|RelVol=1.46|VPnode d=0.91|VWAPside|CycleTurn w=0.94<-0.99]
2026.02.26 04:45:00;VETO;risk veto: max positions
2026.02.26 06:15:00;DECISION;setup LONG score=0.65 entry=5196.84 inv=5174.25 tgt=0.00 [CHoCH long lvl=5195.89|RelVol=0.66|VPnode d=3.04|VWAPside]
2026.02.26 06:15:00;VETO;risk veto: max positions
2026.02.26 07:30:00;DECISION;setup LONG score=0.75 entry=5200.59 inv=5174.25 tgt=0.00 [BOS long lvl=5199.27|RelVol=0.84|VPnode d=5.39|VWAPside|ADX=35]
2026.02.26 07:30:00;VETO;risk veto: max positions
2026.02.26 09:15:00;DECISION;setup SHORT score=0.75 entry=5187.54 inv=5205.65 tgt=0.00 [CHoCH short lvl=5189.94|RelVol=0.74|VPnode d=1.36|CycleTurn w=-0.39<-0.65]
2026.02.26 09:15:00;VETO;risk veto: max positions
2026.02.26 14:00:00;DECISION;setup SHORT score=0.50 entry=5164.67 inv=5190.20 tgt=0.00 [BOS short lvl=5165.97|RelVol=0.92|VWAPside|ADX=38]
2026.02.26 14:00:00;VETO;risk veto: max positions
2026.02.26 17:30:00;DECISION;setup SHORT score=0.50 entry=5141.77 inv=5187.95 tgt=0.00 [BOS short lvl=5157.78|RelVol=1.36|VWAPside|ADX=38]
2026.02.26 17:30:00;VETO;risk veto: max positions
2026.02.27 03:17:00;VETO;signal rejected: score 0.30 < 0.45 [CHoCH long lvl=5190.45|RelVol=0.14]
2026.02.27 07:30:00;DECISION;setup LONG score=0.85 entry=5194.74 inv=5173.74 tgt=0.00 [BOS long lvl=5190.66|RelVol=0.69|VPnode d=0.54|VWAPside|CycleTurn w=-0.92<--0.93]
2026.02.27 07:30:00;VETO;risk veto: max positions
2026.02.27 09:30:00;DECISION;setup SHORT score=0.85 entry=5178.70 inv=5200.37 tgt=0.00 [CHoCH short lvl=5180.97|RelVol=0.91|VPnode d=2.30|VWAPside|CycleTurn w=-0.61<-0.36]
2026.02.27 09:30:00;VETO;risk veto: max positions
2026.02.27 12:30:00;DECISION;setup SHORT score=0.75 entry=5173.65 inv=5200.37 tgt=0.00 [BOS short lvl=5174.34|RelVol=0.82|VPnode d=0.55|VWAPside|ADX=36]
2026.02.27 12:30:00;VETO;risk veto: max positions
2026.02.27 14:00:00;DECISION;setup LONG score=0.85 entry=5185.74 inv=5168.70 tgt=0.00 [CHoCH long lvl=5182.67|RelVol=0.74|VPnode d=3.26|VWAPside|CycleTurn w=0.02<--0.86]
2026.02.27 14:00:00;VETO;risk veto: max positions
2026.02.27 15:15:00;VETO;signal rejected: score 0.40 < 0.45 [BOS long lvl=5190.84|RelVol=1.47|VWAPside]
2026.02.27 15:22:40;MANAGE;#140 SL 5120.04 -> 5174.60 breakeven
2026.02.27 15:22:59;MANAGE;#140 SL 5174.60 -> 5213.88 trail
2026.02.27 15:23:40;MANAGE;#140 SL 5213.88 -> 5219.03 trail
2026.02.27 15:24:40;MANAGE;#140 SL 5219.03 -> 5221.67 trail
2026.02.27 15:25:40;MANAGE;#140 SL 5221.67 -> 5222.35 trail
2026.02.27 15:26:40;MANAGE;#140 SL 5222.35 -> 5224.68 trail
2026.02.27 15:27:20;MANAGE;#140 SL 5224.68 -> 5225.00 trail
2026.02.27 15:30:40;RISK;deal closed pnl=99.87 streak=0 lock=0
2026.02.27 18:15:00;DECISION;setup LONG score=0.50 entry=5253.85 inv=5183.06 tgt=0.00 [BOS long lvl=5240.60|RelVol=1.05|VWAPside|ADX=45]
2026.02.27 18:15:00;ORDER;filled BUY 0.01 lots sl=5183.06 tp=5395.52 [WT|BOS|0.50]
2026.02.27 18:15:00;RISK;sizing: vol_ratio=1.74 scalar=1.00 gap_buf=0.00000 eff_stop=70.82000
2026.02.27 18:15:00;ORDER;entry fill deal #142 BUY 0.01 @ 5253.88000
2026.02.27 22:45:00;DECISION;setup LONG score=0.50 entry=5259.99 inv=5220.81 tgt=0.00 [BOS long lvl=5257.98|RelVol=0.91|VWAPside|ADX=38]
2026.02.27 22:45:00;VETO;authorization denied: outside session window (server hour 22, window 03-20)
2026.02.27 23:00:00;VETO;authorization denied: outside session window (server hour 23, window 03-20)
2026.02.27 23:15:00;VETO;authorization denied: outside session window (server hour 23, window 03-20)
2026.02.27 23:30:00;VETO;authorization denied: outside session window (server hour 23, window 03-20)
2026.03.02 01:00:00;MANAGE;#142 SL 5183.06 -> 5254.03 breakeven
2026.03.02 01:00:20;MANAGE;#142 SL 5254.03 -> 5346.05 trail
2026.03.02 01:00:40;RISK;deal closed pnl=92.04 streak=0 lock=0
2026.03.02 08:15:00;DECISION;setup LONG score=0.70 entry=5375.11 inv=5340.62 tgt=0.00 [BOS long lvl=5367.23|RelVol=0.88|VPnear|VWAPside|CycleTurn w=-0.98<--1.00]
2026.03.02 08:15:00;ORDER;filled BUY 0.03 lots sl=5340.62 tp=5444.72 [WT|BOS|0.70]
2026.03.02 08:15:00;RISK;sizing: vol_ratio=0.89 scalar=1.00 gap_buf=0.00000 eff_stop=34.70000
2026.03.02 08:15:00;ORDER;entry fill deal #144 BUY 0.03 @ 5375.32000
2026.03.02 09:16:40;MANAGE;#144 SL 5340.62 -> 5375.36 breakeven
2026.03.02 09:16:59;MANAGE;#144 SL 5375.36 -> 5386.93 trail
2026.03.02 09:17:40;MANAGE;#144 SL 5386.93 -> 5391.82 trail
2026.03.02 09:18:40;MANAGE;#144 SL 5391.82 -> 5394.30 trail
2026.03.02 09:20:20;MANAGE;#144 SL 5394.30 -> 5394.83 trail
2026.03.02 10:55:40;RISK;deal closed pnl=58.53 streak=0 lock=0
2026.03.02 15:30:00;DECISION;setup LONG score=0.65 entry=5401.66 inv=5375.51 tgt=0.00 [BOS long lvl=5400.87|RelVol=1.44|VPnode d=7.16|VWAPside]
2026.03.02 15:30:00;ORDER;filled BUY 0.04 lots sl=5375.51 tp=5454.32 [WT|BOS|0.65]
2026.03.02 15:30:00;RISK;sizing: vol_ratio=1.00 scalar=1.00 gap_buf=0.00000 eff_stop=26.27000
2026.03.02 15:30:00;ORDER;entry fill deal #146 BUY 0.04 @ 5401.78000
2026.03.02 16:05:20;RISK;deal closed pnl=-105.08 streak=1 lock=0
2026.03.02 16:15:00;VETO;signal rejected: score 0.40 < 0.45 [CHoCH short lvl=5382.07|RelVol=1.34|StopFloored|VPnear]
2026.03.02 18:15:00;DECISION;setup SHORT score=0.60 entry=5300.65 inv=5416.72 tgt=0.00 [BOS short lvl=5306.94|RelVol=1.74|VPnear|VWAPside|ADX=33]
2026.03.02 18:15:00;VETO;risk veto: size 0.00 < broker min 0.01 (risk too small for stop)
2026.03.02 21:15:00;DECISION;setup LONG score=0.55 entry=5330.52 inv=5289.61 tgt=0.00 [CHoCH long lvl=5320.64|RelVol=1.10|VPnode d=1.92]
2026.03.02 21:15:00;VETO;authorization denied: outside session window (server hour 21, window 03-20)
2026.03.02 21:30:00;VETO;authorization denied: outside session window (server hour 21, window 03-20)
2026.03.02 21:45:00;VETO;authorization denied: outside session window (server hour 21, window 03-20)
2026.03.02 22:00:00;VETO;authorization denied: outside session window (server hour 22, window 03-20)
2026.03.03 02:15:00;DECISION;setup LONG score=0.65 entry=5348.53 inv=5320.72 tgt=0.00 [BOS long lvl=5347.17|RelVol=0.52|VPnode d=6.13|VWAPside]
2026.03.03 02:15:00;VETO;authorization denied: outside session window (server hour 02, window 03-20)
2026.03.03 02:30:00;VETO;authorization denied: outside session window (server hour 02, window 03-20)
2026.03.03 02:45:00;VETO;authorization denied: outside session window (server hour 02, window 03-20)
2026.03.03 03:00:00;ORDER;filled BUY 0.03 lots sl=5320.72 tp=5409.64 [WT|BOS|0.65]
2026.03.03 03:00:00;RISK;sizing: vol_ratio=0.65 scalar=1.00 gap_buf=0.00000 eff_stop=29.64000
2026.03.03 03:00:00;ORDER;entry fill deal #148 BUY 0.03 @ 5350.36000
2026.03.03 07:30:00;DECISION;setup SHORT score=0.55 entry=5358.86 inv=5375.60 tgt=0.00 [CHoCH short lvl=5359.18|RelVol=1.30|VPnode d=8.24]
2026.03.03 07:30:00;VETO;risk veto: max positions
2026.03.03 07:52:40;RISK;deal closed pnl=-88.92 streak=1 lock=0
2026.03.03 11:30:00;DECISION;setup SHORT score=0.50 entry=5242.24 inv=5335.93 tgt=0.00 [BOS short lvl=5278.99|RelVol=2.73|VWAPside|ADX=36]
2026.03.03 11:30:00;ORDER;filled SELL 0.01 lots sl=5335.93 tp=5055.16 [WT|BOS|0.50]
2026.03.03 11:30:00;RISK;sizing: vol_ratio=1.31 scalar=1.00 gap_buf=0.00000 eff_stop=93.59000
2026.03.03 11:30:00;ORDER;entry fill deal #150 SELL 0.01 @ 5242.34000
2026.03.03 13:15:00;DECISION;setup SHORT score=0.50 entry=5198.42 inv=5335.93 tgt=0.00 [BOS short lvl=5226.29|RelVol=3.28|VWAPside|ADX=38]
2026.03.03 13:15:00;VETO;risk veto: max positions
2026.03.03 13:29:40;MANAGE;#150 SL 5335.93 -> 5242.30 breakeven
2026.03.03 13:29:59;MANAGE;#150 SL 5242.30 -> 5186.38 trail
2026.03.03 13:31:40;MANAGE;#150 SL 5186.38 -> 5150.04 trail
2026.03.03 13:32:40;MANAGE;#150 SL 5150.04 -> 5149.03 trail
2026.03.03 13:33:20;MANAGE;#150 SL 5149.03 -> 5147.58 trail
2026.03.03 13:48:40;RISK;deal closed pnl=94.76 streak=0 lock=0
2026.03.03 16:45:00;DECISION;setup SHORT score=0.60 entry=5071.63 inv=5226.77 tgt=0.00 [BOS short lvl=5075.28|RelVol=1.22|VWAPside|CycleTurn w=-0.72<--0.19]
2026.03.03 16:45:00;VETO;risk veto: size 0.00 < broker min 0.01 (risk too small for stop)
2026.03.03 21:00:00;DECISION;setup LONG score=0.55 entry=5136.06 inv=5065.32 tgt=0.00 [CHoCH long lvl=5134.82|RelVol=1.51|VPnode d=13.26]
2026.03.03 21:00:00;VETO;authorization denied: outside session window (server hour 21, window 03-20)
2026.03.03 21:15:00;VETO;authorization denied: outside session window (server hour 21, window 03-20)
2026.03.03 21:30:00;VETO;authorization denied: outside session window (server hour 21, window 03-20)
2026.03.03 21:45:00;VETO;authorization denied: outside session window (server hour 21, window 03-20)
2026.03.03 23:00:00;DECISION;setup SHORT score=0.70 entry=5097.25 inv=5149.04 tgt=0.00 [CHoCH short lvl=5099.42|RelVol=1.46|VPnear|VWAPside|CycleTurn w=0.99<-1.00]
2026.03.03 23:00:00;VETO;authorization denied: outside session window (server hour 23, window 03-20)
2026.03.03 23:15:00;VETO;authorization denied: outside session window (server hour 23, window 03-20)
2026.03.03 23:30:00;VETO;authorization denied: outside session window (server hour 23, window 03-20)
2026.03.03 23:45:00;VETO;authorization denied: outside session window (server hour 23, window 03-20)
2026.03.04 02:45:00;DECISION;setup LONG score=0.65 entry=5132.35 inv=5082.96 tgt=0.00 [CHoCH long lvl=5130.41|RelVol=0.97|VPnode d=4.55|VWAPside]
2026.03.04 02:45:00;VETO;authorization denied: outside session window (server hour 02, window 03-20)
2026.03.04 03:00:00;ORDER;filled BUY 0.02 lots sl=5082.96 tp=5250.30 [WT|CHOCH|0.65]
2026.03.04 03:00:00;RISK;sizing: vol_ratio=0.66 scalar=1.00 gap_buf=0.00000 eff_stop=55.78000
2026.03.04 03:00:00;ORDER;entry fill deal #152 BUY 0.02 @ 5138.74000
2026.03.04 08:15:00;DECISION;setup SHORT score=0.65 entry=5142.09 inv=5181.03 tgt=0.00 [CHoCH short lvl=5152.13|RelVol=1.62|VPnode d=3.71|VWAPside]
2026.03.04 08:15:00;VETO;risk veto: max positions
2026.03.04 09:45:00;DECISION;setup LONG score=0.85 entry=5169.59 inv=5122.39 tgt=0.00 [CHoCH long lvl=5168.32|RelVol=1.16|VPnode d=8.21|VWAPside|CycleTurn w=-0.63<--0.88]
2026.03.04 09:45:00;VETO;risk veto: max positions
2026.03.04 11:45:00;DECISION;setup LONG score=0.65 entry=5182.56 inv=5147.91 tgt=0.00 [BOS long lvl=5175.98|RelVol=0.95|VPnode d=4.76|VWAPside]
2026.03.04 11:45:00;VETO;risk veto: max positions
2026.03.04 12:09:40;MANAGE;#152 SL 5082.96 -> 5138.78 breakeven
2026.03.04 12:09:59;MANAGE;#152 SL 5138.78 -> 5165.06 trail
2026.03.04 12:10:20;MANAGE;#152 SL 5165.06 -> 5167.56 trail
2026.03.04 12:11:40;MANAGE;#152 SL 5167.56 -> 5168.33 trail
2026.03.04 12:15:00;MANAGE;#152 SL 5168.33 -> 5169.82 trail
2026.03.04 12:15:20;MANAGE;#152 SL 5169.82 -> 5170.69 trail
2026.03.04 12:16:40;MANAGE;#152 SL 5170.69 -> 5170.87 trail
2026.03.04 12:17:40;MANAGE;#152 SL 5170.87 -> 5174.01 trail
2026.03.04 14:02:40;MANAGE;#152 SL 5174.01 -> 5174.75 trail
2026.03.04 14:03:40;MANAGE;#152 SL 5174.75 -> 5180.25 trail
2026.03.04 14:04:20;MANAGE;#152 SL 5180.25 -> 5181.62 trail
2026.03.04 14:19:20;RISK;deal closed pnl=85.76 streak=0 lock=0
2026.03.04 17:00:00;DECISION;setup SHORT score=0.65 entry=5146.48 inv=5206.14 tgt=0.00 [CHoCH short lvl=5156.27|RelVol=1.40|VPnode d=2.52|VWAPside]
2026.03.04 17:00:00;ORDER;filled SELL 0.01 lots sl=5206.14 tp=5024.16 [WT|CHOCH|0.65]
2026.03.04 17:00:00;RISK;sizing: vol_ratio=0.87 scalar=1.00 gap_buf=0.00000 eff_stop=60.66000
2026.03.04 17:00:00;ORDER;entry fill deal #154 SELL 0.01 @ 5145.48000
2026.03.04 20:15:00;DECISION;setup SHORT score=0.65 entry=5124.73 inv=5206.14 tgt=0.00 [BOS short lvl=5131.30|RelVol=1.58|VPnode d=14.07|VWAPside]
2026.03.04 20:15:00;VETO;authorization denied: outside session window (server hour 20, window 03-20)
2026.03.04 20:30:00;VETO;authorization denied: outside session window (server hour 20, window 03-20)
2026.03.04 20:45:00;VETO;authorization denied: outside session window (server hour 20, window 03-20)
2026.03.04 21:00:00;VETO;authorization denied: outside session window (server hour 21, window 03-20)
2026.03.05 01:15:00;DECISION;setup LONG score=0.55 entry=5146.99 inv=5123.37 tgt=0.00 [CHoCH long lvl=5146.78|RelVol=0.53|VPnode d=0.61]
2026.03.05 01:15:00;VETO;authorization denied: outside session window (server hour 01, window 03-20)
2026.03.05 01:30:00;VETO;authorization denied: outside session window (server hour 01, window 03-20)
2026.03.05 01:45:00;VETO;authorization denied: outside session window (server hour 01, window 03-20)
2026.03.05 02:00:00;VETO;authorization denied: outside session window (server hour 02, window 03-20)
2026.03.05 05:00:00;DECISION;setup LONG score=0.60 entry=5192.05 inv=5129.52 tgt=0.00 [BOS long lvl=5186.54|RelVol=0.92|VPnear|VWAPside|ADX=42]
2026.03.05 05:00:00;VETO;risk veto: max positions
2026.03.05 11:15:00;DECISION;setup LONG score=0.85 entry=5179.54 inv=5137.79 tgt=0.00 [BOS long lvl=5172.78|RelVol=1.98|VPnode d=2.24|VWAPside|CycleTurn w=-0.61<--0.98]
2026.03.05 11:15:00;VETO;risk veto: max positions
2026.03.05 14:15:00;DECISION;setup LONG score=0.65 entry=5168.59 inv=5146.35 tgt=0.00 [BOS long lvl=5168.02|RelVol=0.70|VPnode d=3.09|VWAPside]
2026.03.05 14:15:00;VETO;risk veto: max positions
2026.03.05 15:23:40;MANAGE;#154 SL 5206.14 -> 5145.44 breakeven
2026.03.05 15:23:59;MANAGE;#154 SL 5145.44 -> 5104.99 trail
2026.03.05 15:24:20;MANAGE;#154 SL 5104.99 -> 5104.81 trail
2026.03.05 15:24:40;RISK;deal closed pnl=40.53 streak=0 lock=0
2026.03.05 15:30:00;DECISION;setup SHORT score=0.60 entry=5122.30 inv=5171.53 tgt=0.00 [CHoCH short lvl=5146.35|RelVol=2.08|VWAPside|CycleTurn w=-0.38<-0.83]
2026.03.05 15:30:00;ORDER;filled SELL 0.02 lots sl=5171.53 tp=5023.81 [WT|CHOCH|0.60]
2026.03.05 15:30:00;RISK;sizing: vol_ratio=0.96 scalar=1.00 gap_buf=0.00000 eff_stop=49.24000
2026.03.05 15:30:00;ORDER;entry fill deal #156 SELL 0.02 @ 5122.29000
2026.03.05 17:08:40;MANAGE;#156 SL 5171.53 -> 5122.25 breakeven
2026.03.05 17:08:59;MANAGE;#156 SL 5122.25 -> 5099.51 trail
2026.03.05 17:45:00;DECISION;setup SHORT score=0.50 entry=5080.53 inv=5171.53 tgt=0.00 [BOS short lvl=5083.30|RelVol=1.28|VWAPside|ADX=53]
2026.03.05 17:45:00;VETO;risk veto: max positions
2026.03.05 17:59:40;RISK;deal closed pnl=45.56 streak=0 lock=0
2026.03.06 01:45:00;DECISION;setup LONG score=0.65 entry=5101.01 inv=5071.93 tgt=0.00 [CHoCH long lvl=5094.80|RelVol=0.47|VPnode d=4.01|VWAPside]
2026.03.06 01:45:00;VETO;authorization denied: outside session window (server hour 01, window 03-20)
2026.03.06 02:00:00;VETO;authorization denied: outside session window (server hour 02, window 03-20)
2026.03.06 02:15:00;VETO;authorization denied: outside session window (server hour 02, window 03-20)
2026.03.06 02:30:00;VETO;authorization denied: outside session window (server hour 02, window 03-20)
2026.03.06 03:45:00;VETO;signal rejected: score 0.40 < 0.45 [BOS long lvl=5102.01|RelVol=1.05|VWAPside]
2026.03.06 10:30:00;DECISION;setup SHORT score=0.65 entry=5100.63 inv=5141.53 tgt=0.00 [CHoCH short lvl=5105.86|RelVol=1.03|VPnode d=2.43|VWAPside]
2026.03.06 10:30:00;ORDER;filled SELL 0.02 lots sl=5141.53 tp=5018.74 [WT|CHOCH|0.65]
2026.03.06 10:30:00;RISK;sizing: vol_ratio=0.68 scalar=1.00 gap_buf=0.00000 eff_stop=40.93000
2026.03.06 10:30:00;ORDER;entry fill deal #158 SELL 0.02 @ 5100.60000
2026.03.06 15:45:00;DECISION;setup LONG score=0.65 entry=5121.88 inv=5062.82 tgt=0.00 [CHoCH long lvl=5099.82|RelVol=1.53|VPnode d=3.48|VWAPside]
2026.03.06 15:45:00;VETO;risk veto: max positions
2026.03.06 17:01:40;RISK;deal closed pnl=-81.86 streak=1 lock=0
2026.03.06 17:15:00;DECISION;setup LONG score=0.50 entry=5149.22 inv=5065.61 tgt=0.00 [BOS long lvl=5131.07|RelVol=1.36|VPnear|VWAPside]
2026.03.06 17:15:00;ORDER;filled BUY 0.01 lots sl=5065.61 tp=5316.56 [WT|BOS|0.50]
2026.03.06 17:15:00;RISK;sizing: vol_ratio=1.53 scalar=1.00 gap_buf=0.00000 eff_stop=83.65000
2026.03.06 17:15:00;ORDER;entry fill deal #160 BUY 0.01 @ 5149.26000
2026.03.06 20:45:00;DECISION;setup LONG score=0.60 entry=5165.20 inv=5126.04 tgt=0.00 [BOS long lvl=5152.53|RelVol=0.91|VWAPside|CycleTurn w=-0.22<--0.96]
2026.03.06 20:45:00;VETO;authorization denied: outside session window (server hour 20, window 03-20)
2026.03.06 21:00:00;VETO;authorization denied: outside session window (server hour 21, window 03-20)
2026.03.06 21:15:00;VETO;authorization denied: outside session window (server hour 21, window 03-20)
2026.03.06 21:30:00;VETO;authorization denied: outside session window (server hour 21, window 03-20)
2026.03.09 01:15:00;DECISION;setup SHORT score=0.65 entry=5101.85 inv=5174.64 tgt=0.00 [CHoCH short lvl=5149.45|RelVol=1.56|VPnode d=3.55|VWAPside]
2026.03.09 01:15:00;VETO;authorization denied: outside session window (server hour 01, window 03-20)
2026.03.09 01:30:00;VETO;authorization denied: outside session window (server hour 01, window 03-20)
2026.03.09 01:42:40;RISK;deal closed pnl=-83.78 streak=1 lock=0
2026.03.09 01:45:00;VETO;authorization denied: outside session window (server hour 01, window 03-20)
2026.03.09 02:00:00;VETO;authorization denied: outside session window (server hour 02, window 03-20)
2026.03.09 07:45:00;DECISION;setup LONG score=0.50 entry=5120.85 inv=5081.73 tgt=0.00 [CHoCH long lvl=5102.45|RelVol=1.62|VPnear|VWAPside]
2026.03.09 07:45:00;ORDER;filled BUY 0.02 lots sl=5081.73 tp=5199.21 [WT|CHOCH|0.50]
2026.03.09 07:45:00;RISK;sizing: vol_ratio=0.85 scalar=1.00 gap_buf=0.00000 eff_stop=39.16000
2026.03.09 07:45:00;ORDER;entry fill deal #162 BUY 0.02 @ 5120.89000
2026.03.09 11:15:00;DECISION;setup LONG score=0.85 entry=5112.78 inv=5088.63 tgt=0.00 [BOS long lvl=5110.88|RelVol=1.15|VPnode d=0.98|VWAPside|CycleTurn w=-0.98<--0.99]
2026.03.09 11:15:00;VETO;risk veto: max positions
2026.03.09 13:20:40;RISK;deal closed pnl=-78.32 streak=2 lock=0
2026.03.09 13:30:00;DECISION;setup SHORT score=0.65 entry=5085.85 inv=5132.61 tgt=0.00 [CHoCH short lvl=5087.10|RelVol=1.28|VPnode d=5.45|VWAPside]
2026.03.09 13:30:00;ORDER;filled SELL 0.02 lots sl=5132.61 tp=4992.33 [WT|CHOCH|0.65]
2026.03.09 13:30:00;RISK;sizing: vol_ratio=0.79 scalar=1.00 gap_buf=0.00000 eff_stop=46.76000
2026.03.09 13:30:00;ORDER;entry fill deal #164 SELL 0.02 @ 5085.85000
2026.03.09 15:45:00;DECISION;setup SHORT score=0.85 entry=5076.09 inv=5112.14 tgt=0.00 [BOS short lvl=5079.84|RelVol=1.44|VPnode d=1.09|VWAPside|CycleTurn w=0.59<-0.95]
2026.03.09 15:45:00;VETO;risk veto: max positions
2026.03.09 16:45:00;DECISION;setup LONG score=0.65 entry=5112.49 inv=5079.84 tgt=0.00 [CHoCH long lvl=5111.31|RelVol=0.80|VPnode d=2.69|VWAPside]
2026.03.09 16:45:00;VETO;risk veto: max positions
2026.03.09 20:45:00;DECISION;setup LONG score=0.70 entry=5118.12 inv=5089.13 tgt=0.00 [BOS long lvl=5110.73|RelVol=0.76|VPnear|VWAPside|CycleTurn w=-0.25<--0.97]
2026.03.09 20:45:00;VETO;authorization denied: outside session window (server hour 20, window 03-20)
2026.03.09 21:00:00;VETO;authorization denied: outside session window (server hour 21, window 03-20)
2026.03.09 21:15:00;VETO;authorization denied: outside session window (server hour 21, window 03-20)
2026.03.09 21:19:40;RISK;deal closed pnl=-93.52 streak=3 lock=2
2026.03.09 21:30:00;VETO;authorization denied: global lock (LOSS_STREAK)
2026.03.10 02:30:00;DECISION;setup SHORT score=0.85 entry=5130.48 inv=5156.09 tgt=0.00 [CHoCH short lvl=5133.82|RelVol=0.79|VPnode d=5.12|VWAPside|CycleTurn w=-0.73<-0.12]
2026.03.10 02:30:00;VETO;authorization denied: outside session window (server hour 02, window 03-20)
2026.03.10 02:45:00;VETO;authorization denied: outside session window (server hour 02, window 03-20)
2026.03.10 03:00:00;ORDER;filled SELL 0.04 lots sl=5156.09 tp=5081.00 [WT|CHOCH|0.85]
2026.03.10 03:00:00;RISK;sizing: vol_ratio=0.61 scalar=1.00 gap_buf=0.00000 eff_stop=25.03000
2026.03.10 03:00:00;ORDER;entry fill deal #166 SELL 0.04 @ 5131.06000
2026.03.10 03:20:40;RISK;deal closed pnl=-100.12 streak=1 lock=0
2026.03.10 03:30:00;DECISION;setup LONG score=0.70 entry=5157.94 inv=5133.82 tgt=0.00 [CHoCH long lvl=5156.09|RelVol=1.15|VPnear|VWAPside|CycleTurn w=-0.96<--1.00]
2026.03.10 03:30:00;ORDER;filled BUY 0.04 lots sl=5133.82 tp=5206.27 [WT|CHOCH|0.70]
2026.03.10 03:30:00;RISK;sizing: vol_ratio=0.72 scalar=1.00 gap_buf=0.00000 eff_stop=24.15000
2026.03.10 03:30:00;ORDER;entry fill deal #168 BUY 0.04 @ 5157.97000
2026.03.10 03:58:20;MANAGE;#168 SL 5133.82 -> 5158.01 breakeven
2026.03.10 03:59:40;MANAGE;#168 SL 5158.01 -> 5161.14 trail
2026.03.10 05:35:40;RISK;deal closed pnl=12.68 streak=0 lock=0
2026.03.10 10:00:00;DECISION;setup LONG score=0.65 entry=5181.05 inv=5154.37 tgt=0.00 [BOS long lvl=5180.94|RelVol=1.05|VPnode d=0.15|VWAPside]
2026.03.10 10:00:00;ORDER;filled BUY 0.04 lots sl=5154.37 tp=5234.53 [WT|BOS|0.65]
2026.03.10 10:00:00;RISK;sizing: vol_ratio=0.62 scalar=1.00 gap_buf=0.00000 eff_stop=26.72000
2026.03.10 10:00:00;ORDER;entry fill deal #170 BUY 0.04 @ 5181.09000
2026.03.10 15:15:00;DECISION;setup LONG score=0.70 entry=5200.67 inv=5162.44 tgt=0.00 [BOS long lvl=5191.94|RelVol=1.03|VPnear|VWAPside|CycleTurn w=-0.53<--0.92]
2026.03.10 15:15:00;VETO;risk veto: max positions
2026.03.10 15:18:40;MANAGE;#170 SL 5154.37 -> 5181.13 breakeven
2026.03.10 15:18:59;MANAGE;#170 SL 5181.13 -> 5192.05 trail
2026.03.10 15:19:20;MANAGE;#170 SL 5192.05 -> 5192.79 trail
2026.03.10 15:20:20;MANAGE;#170 SL 5192.79 -> 5192.90 trail
2026.03.10 15:21:40;MANAGE;#170 SL 5192.90 -> 5194.96 trail
2026.03.10 15:22:40;MANAGE;#170 SL 5194.96 -> 5198.47 trail
2026.03.10 15:24:40;MANAGE;#170 SL 5198.47 -> 5200.27 trail
2026.03.10 15:25:40;MANAGE;#170 SL 5200.27 -> 5201.71 trail
2026.03.10 15:26:40;MANAGE;#170 SL 5201.71 -> 5204.62 trail
2026.03.10 15:27:40;MANAGE;#170 SL 5204.62 -> 5205.86 trail
2026.03.10 15:45:40;RISK;deal closed pnl=99.08 streak=0 lock=0
2026.03.10 17:45:00;VETO;signal rejected: score 0.40 < 0.45 [BOS long lvl=5228.68|RelVol=0.67|VWAPside]
2026.03.11 09:45:00;DECISION;setup SHORT score=0.65 entry=5191.54 inv=5210.82 tgt=0.00 [CHoCH short lvl=5191.59|RelVol=1.18|VPnode d=0.86|VWAPside]
2026.03.11 09:45:00;ORDER;filled SELL 0.05 lots sl=5210.82 tp=5152.98 [WT|CHOCH|0.65]
2026.03.11 09:45:00;RISK;sizing: vol_ratio=0.74 scalar=1.00 gap_buf=0.00000 eff_stop=19.28000
2026.03.11 09:45:00;ORDER;entry fill deal #172 SELL 0.05 @ 5191.54000
2026.03.11 14:47:40;MANAGE;#172 SL 5210.82 -> 5191.50 breakeven
2026.03.11 14:59:40;MANAGE;#172 SL 5191.50 -> 5189.29 trail
2026.03.11 15:00:00;DECISION;setup SHORT score=0.50 entry=5167.57 inv=5197.26 tgt=0.00 [BOS short lvl=5177.21|RelVol=1.52|VPnear|VWAPside]
2026.03.11 15:00:00;VETO;risk veto: max positions
2026.03.11 15:00:40;MANAGE;#172 SL 5189.29 -> 5187.75 trail
2026.03.11 15:01:20;MANAGE;#172 SL 5187.75 -> 5185.79 trail
2026.03.11 15:49:40;MANAGE;#172 SL 5185.79 -> 5184.32 trail
2026.03.11 15:51:40;RISK;deal closed pnl=192.80 streak=0 lock=0
2026.03.11 19:45:00;DECISION;setup SHORT score=0.65 entry=5163.20 inv=5196.28 tgt=0.00 [BOS short lvl=5163.61|RelVol=0.97|VPnode d=3.60|VWAPside]
2026.03.11 19:45:00;ORDER;filled SELL 0.03 lots sl=5196.28 tp=5097.04 [WT|BOS|0.65]
2026.03.11 19:45:00;RISK;sizing: vol_ratio=1.04 scalar=1.00 gap_buf=0.00000 eff_stop=33.08000
2026.03.11 19:45:00;ORDER;entry fill deal #174 SELL 0.03 @ 5163.20000
2026.03.11 21:45:00;DECISION;setup LONG score=0.55 entry=5179.67 inv=5154.94 tgt=0.00 [CHoCH long lvl=5178.47|RelVol=0.51|VPnode d=1.97]
2026.03.11 21:45:00;VETO;authorization denied: outside session window (server hour 21, window 03-20)
2026.03.11 22:00:00;VETO;authorization denied: outside session window (server hour 22, window 03-20)
2026.03.11 22:15:00;VETO;authorization denied: outside session window (server hour 22, window 03-20)
2026.03.11 22:30:00;VETO;authorization denied: outside session window (server hour 22, window 03-20)
2026.03.12 00:45:00;DECISION;setup SHORT score=0.70 entry=5158.85 inv=5183.58 tgt=0.00 [CHoCH short lvl=5169.25|VPnear|VWAPside|CycleTurn w=-0.03<-0.85]
2026.03.12 00:45:00;VETO;authorization denied: outside session window (server hour 00, window 03-20)
2026.03.12 01:00:00;VETO;authorization denied: outside session window (server hour 01, window 03-20)
2026.03.12 01:15:00;VETO;authorization denied: outside session window (server hour 01, window 03-20)
2026.03.12 01:30:00;VETO;authorization denied: outside session window (server hour 01, window 03-20)
2026.03.12 02:00:40;MANAGE;#174 SL 5196.28 -> 5163.16 breakeven
2026.03.12 02:00:59;MANAGE;#174 SL 5163.16 -> 5151.18 trail
2026.03.12 02:01:40;MANAGE;#174 SL 5151.18 -> 5148.81 trail
2026.03.12 02:07:40;MANAGE;#174 SL 5148.81 -> 5148.65 trail
2026.03.12 02:24:40;RISK;deal closed pnl=43.24 streak=0 lock=0
2026.03.12 06:45:00;DECISION;setup SHORT score=0.65 entry=5143.91 inv=5175.17 tgt=0.00 [BOS short lvl=5145.76|RelVol=0.77|VPnode d=4.31|VWAPside]
2026.03.12 06:45:00;ORDER;filled SELL 0.03 lots sl=5175.17 tp=5081.39 [WT|BOS|0.65]
2026.03.12 06:45:00;RISK;sizing: vol_ratio=0.81 scalar=1.00 gap_buf=0.00000 eff_stop=31.26000
2026.03.12 06:45:00;ORDER;entry fill deal #176 SELL 0.03 @ 5143.91000
2026.03.12 09:42:40;RISK;deal closed pnl=-93.78 streak=1 lock=0
2026.03.12 09:45:00;VETO;signal rejected: score 0.40 < 0.45 [CHoCH long lvl=5175.17|RelVol=0.69|VWAPside]
2026.03.12 14:15:00;VETO;signal rejected: score 0.40 < 0.45 [CHoCH short lvl=5174.40|RelVol=1.00|VPnear]
2026.03.12 15:45:00;DECISION;setup SHORT score=0.65 entry=5159.24 inv=5191.70 tgt=0.00 [BOS short lvl=5163.85|RelVol=1.23|VPnode d=6.14|VWAPside]
2026.03.12 15:45:00;ORDER;filled SELL 0.03 lots sl=5191.70 tp=5094.32 [WT|BOS|0.65]
2026.03.12 15:45:00;RISK;sizing: vol_ratio=0.93 scalar=1.00 gap_buf=0.00000 eff_stop=32.46000
2026.03.12 15:45:00;ORDER;entry fill deal #178 SELL 0.03 @ 5159.24000
2026.03.12 17:11:40;MANAGE;#178 SL 5191.70 -> 5159.20 breakeven
2026.03.12 17:11:59;MANAGE;#178 SL 5159.20 -> 5142.92 trail
2026.03.12 17:12:00;MANAGE;#178 SL 5142.92 -> 5142.75 trail
2026.03.12 17:12:40;MANAGE;#178 SL 5142.75 -> 5139.13 trail
2026.03.12 19:38:40;MANAGE;#178 SL 5139.13 -> 5137.90 trail
2026.03.12 19:41:40;MANAGE;#178 SL 5137.90 -> 5133.82 trail
2026.03.12 19:55:20;MANAGE;#178 SL 5133.82 -> 5132.84 trail
2026.03.12 19:58:40;MANAGE;#178 SL 5132.84 -> 5131.37 trail
2026.03.12 20:00:00;DECISION;setup SHORT score=0.50 entry=5105.37 inv=5138.07 tgt=0.00 [BOS short lvl=5109.91|RelVol=0.96|VWAPside|ADX=52]
2026.03.12 20:00:00;VETO;authorization denied: outside session window (server hour 20, window 03-20)
2026.03.12 20:15:00;VETO;authorization denied: outside session window (server hour 20, window 03-20)
2026.03.12 20:21:40;MANAGE;#178 SL 5131.37 -> 5128.53 trail
2026.03.12 20:30:00;VETO;authorization denied: outside session window (server hour 20, window 03-20)
2026.03.12 20:31:40;MANAGE;#178 SL 5128.53 -> 5128.10 trail
2026.03.12 20:32:40;MANAGE;#178 SL 5128.10 -> 5127.91 trail
2026.03.12 20:34:40;MANAGE;#178 SL 5127.91 -> 5126.43 trail
2026.03.12 20:35:40;MANAGE;#178 SL 5126.43 -> 5125.63 trail
2026.03.12 20:41:40;MANAGE;#178 SL 5125.63 -> 5125.40 trail
2026.03.12 20:42:20;MANAGE;#178 SL 5125.40 -> 5125.27 trail
2026.03.12 20:45:00;MANAGE;#178 SL 5125.27 -> 5121.16 trail
2026.03.12 20:45:00;VETO;authorization denied: outside session window (server hour 20, window 03-20)
2026.03.12 20:45:40;MANAGE;#178 SL 5121.16 -> 5118.03 trail
2026.03.12 20:47:40;MANAGE;#178 SL 5118.03 -> 5117.65 trail
2026.03.12 20:49:40;RISK;deal closed pnl=194.76 streak=0 lock=0
2026.03.12 22:30:00;DECISION;setup SHORT score=0.50 entry=5071.87 inv=5138.07 tgt=0.00 [BOS short lvl=5079.62|RelVol=0.86|VWAPside|ADX=74]
2026.03.12 22:30:00;VETO;authorization denied: outside session window (server hour 22, window 03-20)
2026.03.12 22:45:00;VETO;authorization denied: outside session window (server hour 22, window 03-20)
2026.03.13 00:00:00;VETO;authorization denied: outside session window (server hour 00, window 03-20)
2026.03.13 00:15:00;VETO;authorization denied: outside session window (server hour 00, window 03-20)
2026.03.13 06:30:00;DECISION;setup SHORT score=0.65 entry=5105.51 inv=5128.53 tgt=0.00 [BOS short lvl=5108.86|RelVol=0.82|VPnode d=0.71|VWAPside]
2026.03.13 06:30:00;ORDER;filled SELL 0.04 lots sl=5128.53 tp=5059.47 [WT|BOS|0.65]
2026.03.13 06:30:00;RISK;sizing: vol_ratio=0.81 scalar=1.00 gap_buf=0.00000 eff_stop=23.02000
2026.03.13 06:30:00;ORDER;entry fill deal #180 SELL 0.04 @ 5105.51000
2026.03.13 09:17:20;MANAGE;#180 SL 5128.53 -> 5105.47 breakeven
2026.03.13 09:17:40;MANAGE;#180 SL 5105.47 -> 5100.87 trail
2026.03.13 09:17:59;MANAGE;#180 SL 5100.87 -> 5100.29 trail
2026.03.13 09:18:40;MANAGE;#180 SL 5100.29 -> 5094.73 trail
2026.03.13 09:19:40;MANAGE;#180 SL 5094.73 -> 5091.43 trail
2026.03.13 09:20:40;MANAGE;#180 SL 5091.43 -> 5091.02 trail
2026.03.13 09:21:40;MANAGE;#180 SL 5091.02 -> 5089.30 trail
2026.03.13 09:22:40;MANAGE;#180 SL 5089.30 -> 5088.54 trail
2026.03.13 09:23:40;MANAGE;#180 SL 5088.54 -> 5087.84 trail
2026.03.13 09:32:40;RISK;deal closed pnl=70.68 streak=0 lock=0
2026.03.13 14:00:00;DECISION;setup LONG score=0.65 entry=5107.65 inv=5079.88 tgt=0.00 [CHoCH long lvl=5098.42|RelVol=0.91|VPnode d=4.95|VWAPside]
2026.03.13 14:00:00;ORDER;filled BUY 0.04 lots sl=5079.88 tp=5162.95 [WT|CHOCH|0.65]
2026.03.13 14:00:00;RISK;sizing: vol_ratio=1.00 scalar=1.00 gap_buf=0.00000 eff_stop=27.69000
2026.03.13 14:00:00;ORDER;entry fill deal #182 BUY 0.04 @ 5107.57000
2026.03.13 16:40:40;RISK;deal closed pnl=-110.76 streak=1 lock=0
2026.03.13 16:45:00;DECISION;setup SHORT score=0.85 entry=5079.43 inv=5121.84 tgt=0.00 [CHoCH short lvl=5079.88|RelVol=0.68|VPnode d=2.77|VWAPside|CycleTurn w=-0.79<--0.07]
2026.03.13 16:45:00;ORDER;filled SELL 0.02 lots sl=5121.84 tp=4994.61 [WT|CHOCH|0.85]
2026.03.13 16:45:00;RISK;sizing: vol_ratio=1.11 scalar=1.00 gap_buf=0.00000 eff_stop=42.41000
2026.03.13 16:45:00;ORDER;entry fill deal #184 SELL 0.02 @ 5079.43000
2026.03.13 16:57:20;MANAGE;#184 SL 5121.84 -> 5079.39 breakeven
2026.03.13 16:57:40;MANAGE;#184 SL 5079.39 -> 5069.86 trail
2026.03.13 16:57:59;MANAGE;#184 SL 5069.86 -> 5067.28 trail
2026.03.13 16:58:20;MANAGE;#184 SL 5067.28 -> 5067.15 trail
2026.03.13 16:59:40;MANAGE;#184 SL 5067.15 -> 5065.54 trail
2026.03.13 17:10:20;RISK;deal closed pnl=27.78 streak=0 lock=0
2026.03.13 18:00:00;DECISION;setup SHORT score=0.50 entry=5034.73 inv=5121.84 tgt=0.00 [BOS short lvl=5035.97|RelVol=1.10|VWAPside|ADX=44]
2026.03.13 18:00:00;ORDER;filled SELL 0.01 lots sl=5121.84 tp=4860.51 [WT|BOS|0.50]
2026.03.13 18:00:00;RISK;sizing: vol_ratio=1.61 scalar=1.00 gap_buf=0.00000 eff_stop=87.11000
2026.03.13 18:00:00;ORDER;entry fill deal #186 SELL 0.01 @ 5034.73000
2026.03.13 22:00:00;DECISION;setup SHORT score=0.70 entry=5016.44 inv=5049.81 tgt=0.00 [BOS short lvl=5019.04|RelVol=1.30|VWAPside|CycleTurn w=-0.44<-0.63|ADX=34]
2026.03.13 22:00:00;VETO;authorization denied: outside session window (server hour 22, window 03-20)
2026.03.13 22:15:00;VETO;authorization denied: outside session window (server hour 22, window 03-20)
2026.03.13 22:30:00;VETO;authorization denied: outside session window (server hour 22, window 03-20)
2026.03.13 22:45:00;VETO;authorization denied: outside session window (server hour 22, window 03-20)
2026.03.16 01:30:00;DECISION;setup SHORT score=0.95 entry=4989.67 inv=5030.27 tgt=0.00 [BOS short lvl=5000.88|RelVol=1.86|VPnode d=8.93|VWAPside|CycleTurn w=0.73<-0.85|ADX=43]
2026.03.16 01:30:00;VETO;authorization denied: outside session window (server hour 01, window 03-20)
2026.03.16 01:45:00;VETO;authorization denied: outside session window (server hour 01, window 03-20)
2026.03.16 02:00:00;VETO;authorization denied: outside session window (server hour 02, window 03-20)
2026.03.16 02:15:00;VETO;authorization denied: outside session window (server hour 02, window 03-20)
2026.03.16 02:45:00;DECISION;setup LONG score=0.85 entry=5027.70 inv=4967.62 tgt=0.00 [CHoCH long lvl=5026.13|RelVol=1.11|VPnode d=3.10|VWAPside|CycleTurn w=0.40<--0.61]
2026.03.16 02:45:00;VETO;authorization denied: outside session window (server hour 02, window 03-20)
2026.03.16 03:00:00;VETO;risk veto: max positions
2026.03.16 06:00:00;DECISION;setup LONG score=0.65 entry=5019.14 inv=4997.64 tgt=0.00 [BOS long lvl=5018.89|RelVol=0.82|StopFloored|VPnode d=6.24|VWAPside]
2026.03.16 06:00:00;VETO;risk veto: max positions
2026.03.16 08:15:00;DECISION;setup LONG score=0.65 entry=5027.29 inv=4997.92 tgt=0.00 [BOS long lvl=5026.29|RelVol=0.81|VPnode d=1.29|VWAPside]
2026.03.16 08:15:00;VETO;risk veto: max positions
2026.03.16 09:30:00;DECISION;setup SHORT score=0.85 entry=5002.43 inv=5036.17 tgt=0.00 [CHoCH short lvl=5003.28|RelVol=1.18|VPnode d=1.23|VWAPside|CycleTurn w=0.70<-0.95]
2026.03.16 09:30:00;VETO;risk veto: max positions
2026.03.16 14:30:00;DECISION;setup LONG score=0.65 entry=5023.01 inv=4970.11 tgt=0.00 [CHoCH long lvl=5022.63|RelVol=1.05|VPnode d=2.79|VWAPside]
2026.03.16 14:30:00;VETO;risk veto: max positions
2026.03.16 17:30:00;DECISION;setup SHORT score=0.65 entry=4991.88 inv=5038.06 tgt=0.00 [CHoCH short lvl=4992.84|RelVol=0.56|VPnode d=3.32|VWAPside]
2026.03.16 17:30:00;VETO;risk veto: max positions
2026.03.16 20:30:00;DECISION;setup LONG score=0.70 entry=5006.31 inv=4974.03 tgt=0.00 [CHoCH long lvl=5003.88|RelVol=0.60|VPnear|VWAPside|CycleTurn w=0.33<--0.84]
2026.03.16 20:30:00;VETO;authorization denied: outside session window (server hour 20, window 03-20)
2026.03.16 20:45:00;VETO;authorization denied: outside session window (server hour 20, window 03-20)
2026.03.16 21:00:00;VETO;authorization denied: outside session window (server hour 21, window 03-20)
2026.03.16 21:15:00;VETO;authorization denied: outside session window (server hour 21, window 03-20)
2026.03.17 03:45:00;DECISION;setup LONG score=0.70 entry=5017.92 inv=4998.66 tgt=0.00 [BOS long lvl=5015.51|RelVol=0.64|VPnear|VWAPside|CycleTurn w=-0.11<--0.90]
2026.03.17 03:45:00;VETO;risk veto: max positions
2026.03.17 05:30:00;DECISION;setup LONG score=0.60 entry=5032.56 inv=4994.71 tgt=0.00 [BOS long lvl=5029.68|RelVol=0.59|VPnear|VWAPside|ADX=41]
2026.03.17 05:30:00;VETO;risk veto: max positions
2026.03.17 06:45:00;DECISION;setup LONG score=0.75 entry=5039.74 inv=4994.71 tgt=0.00 [BOS long lvl=5033.67|RelVol=0.74|VPnode d=5.14|VWAPside|ADX=46]
2026.03.17 06:45:00;VETO;risk veto: max positions
2026.03.17 12:15:00;DECISION;setup SHORT score=0.65 entry=5004.05 inv=5029.65 tgt=0.00 [CHoCH short lvl=5005.34|RelVol=0.73|VPnode d=4.15|VWAPside]
2026.03.17 12:15:00;VETO;risk veto: max positions
2026.03.17 15:45:00;DECISION;setup LONG score=0.65 entry=5027.01 inv=4999.41 tgt=0.00 [CHoCH long lvl=5023.85|RelVol=0.69|VPnode d=2.81|VWAPside]
2026.03.17 15:45:00;VETO;risk veto: max positions
2026.03.17 17:30:00;DECISION;setup SHORT score=0.65 entry=4994.76 inv=5031.46 tgt=0.00 [CHoCH short lvl=4999.41|RelVol=0.53|VPnode d=7.64|VWAPside]
2026.03.17 17:30:00;VETO;risk veto: max positions
2026.03.18 00:45:00;DECISION;setup SHORT score=0.85 entry=4996.33 inv=5006.37 tgt=0.00 [BOS short lvl=4996.42|VPnode d=2.47|VWAPside|CycleTurn w=0.94<-1.00]
2026.03.18 00:45:00;VETO;authorization denied: outside session window (server hour 00, window 03-20)
2026.03.18 01:00:00;VETO;authorization denied: outside session window (server hour 01, window 03-20)
2026.03.18 01:15:00;VETO;authorization denied: outside session window (server hour 01, window 03-20)
2026.03.18 01:30:00;VETO;authorization denied: outside session window (server hour 01, window 03-20)
2026.03.18 02:15:00;DECISION;setup LONG score=0.70 entry=5009.92 inv=4993.32 tgt=0.00 [CHoCH long lvl=5006.37|RelVol=0.45|VPnear|VWAPside|CycleTurn w=0.56<--0.47]
2026.03.18 02:15:00;VETO;authorization denied: outside session window (server hour 02, window 03-20)
2026.03.18 02:30:00;VETO;authorization denied: outside session window (server hour 02, window 03-20)
2026.03.18 02:45:00;VETO;authorization denied: outside session window (server hour 02, window 03-20)
2026.03.18 03:00:00;VETO;risk veto: max positions
2026.03.18 06:45:00;DECISION;setup SHORT score=0.50 entry=4984.41 inv=5015.99 tgt=0.00 [CHoCH short lvl=4986.04|RelVol=0.86|VPnear|VWAPside]
2026.03.18 06:45:00;VETO;risk veto: max positions
2026.03.18 13:00:00;DECISION;setup SHORT score=0.50 entry=4967.86 inv=4995.58 tgt=0.00 [BOS short lvl=4977.17|RelVol=0.86|VWAPside|ADX=42]
2026.03.18 13:00:00;VETO;risk veto: max positions
2026.03.18 13:27:40;MANAGE;#186 SL 5121.84 -> 5034.69 breakeven
2026.03.18 13:27:59;MANAGE;#186 SL 5034.69 -> 4970.79 trail
2026.03.18 13:28:40;MANAGE;#186 SL 4970.79 -> 4969.53 trail
2026.03.18 13:29:20;MANAGE;#186 SL 4969.53 -> 4969.26 trail
2026.03.18 13:40:40;MANAGE;#186 SL 4969.26 -> 4966.94 trail
2026.03.18 13:41:20;MANAGE;#186 SL 4966.94 -> 4966.41 trail
2026.03.18 13:42:40;MANAGE;#186 SL 4966.41 -> 4966.24 trail
2026.03.18 13:43:40;MANAGE;#186 SL 4966.24 -> 4963.99 trail
2026.03.18 13:44:40;MANAGE;#186 SL 4963.99 -> 4959.88 trail
2026.03.18 13:48:20;MANAGE;#186 SL 4959.88 -> 4957.49 trail
2026.03.18 13:56:20;MANAGE;#186 SL 4957.49 -> 4956.89 trail
2026.03.18 13:58:40;MANAGE;#186 SL 4956.89 -> 4952.76 trail
2026.03.18 14:01:40;MANAGE;#186 SL 4952.76 -> 4950.74 trail
2026.03.18 14:02:20;MANAGE;#186 SL 4950.74 -> 4950.38 trail
2026.03.18 14:07:40;MANAGE;#186 SL 4950.38 -> 4943.37 trail
2026.03.18 14:09:40;MANAGE;#186 SL 4943.37 -> 4941.64 trail
2026.03.18 14:10:40;MANAGE;#186 SL 4941.64 -> 4938.04 trail
2026.03.18 14:12:40;MANAGE;#186 SL 4938.04 -> 4937.41 trail
2026.03.18 14:13:40;MANAGE;#186 SL 4937.41 -> 4934.51 trail
2026.03.18 14:14:20;MANAGE;#186 SL 4934.51 -> 4934.23 trail
2026.03.18 14:16:40;MANAGE;#186 SL 4934.23 -> 4933.65 trail
2026.03.18 14:17:40;MANAGE;#186 SL 4933.65 -> 4931.70 trail
2026.03.18 14:18:40;MANAGE;#186 SL 4931.70 -> 4929.95 trail
2026.03.18 14:22:20;MANAGE;#186 SL 4929.95 -> 4928.94 trail
2026.03.18 14:26:40;MANAGE;#186 SL 4928.94 -> 4927.04 trail
2026.03.18 14:30:40;MANAGE;#186 SL 4927.04 -> 4923.11 trail
2026.03.18 14:32:40;MANAGE;#186 SL 4923.11 -> 4917.88 trail
2026.03.18 14:34:20;MANAGE;#186 SL 4917.88 -> 4916.81 trail
2026.03.18 14:37:40;MANAGE;#186 SL 4916.81 -> 4913.79 trail
2026.03.18 14:38:20;MANAGE;#186 SL 4913.79 -> 4910.58 trail
2026.03.18 14:43:40;MANAGE;#186 SL 4910.58 -> 4906.96 trail
2026.03.18 14:44:20;MANAGE;#186 SL 4906.96 -> 4906.14 trail
2026.03.18 15:00:40;RISK;deal closed pnl=174.07 streak=0 lock=0
2026.03.18 18:30:00;DECISION;setup LONG score=0.55 entry=4882.31 inv=4854.98 tgt=0.00 [CHoCH long lvl=4880.07|RelVol=0.51|StopFloored|VPnode d=5.51]
2026.03.18 18:30:00;ORDER;filled BUY 0.04 lots sl=4854.98 tp=4937.09 [WT|CHOCH|0.55]
2026.03.18 18:30:00;RISK;sizing: vol_ratio=1.69 scalar=1.00 gap_buf=0.00000 eff_stop=27.37000
2026.03.18 18:30:00;ORDER;entry fill deal #188 BUY 0.04 @ 4882.35000
2026.03.18 20:59:40;RISK;deal closed pnl=-109.48 streak=1 lock=0
2026.03.18 21:00:00;DECISION;setup SHORT score=0.60 entry=4853.03 inv=4899.12 tgt=0.00 [CHoCH short lvl=4860.86|RelVol=1.28|VWAPside|CycleTurn w=0.96<-0.99]
2026.03.18 21:00:00;VETO;authorization denied: outside session window (server hour 21, window 03-20)
2026.03.18 21:15:00;VETO;authorization denied: outside session window (server hour 21, window 03-20)
2026.03.18 21:30:00;VETO;authorization denied: outside session window (server hour 21, window 03-20)
2026.03.18 21:45:00;VETO;authorization denied: outside session window (server hour 21, window 03-20)
2026.03.19 08:00:00;DECISION;setup SHORT score=0.65 entry=4827.52 inv=4865.93 tgt=0.00 [BOS short lvl=4832.74|RelVol=0.82|VPnode d=3.88|VWAPside]
2026.03.19 08:00:00;ORDER;filled SELL 0.02 lots sl=4865.93 tp=4750.55 [WT|BOS|0.65]
2026.03.19 08:00:00;RISK;sizing: vol_ratio=0.60 scalar=1.00 gap_buf=0.00000 eff_stop=38.46000
2026.03.19 08:00:00;ORDER;entry fill deal #190 SELL 0.02 @ 4827.47000
2026.03.19 08:41:40;MANAGE;#190 SL 4865.93 -> 4827.43 breakeven
2026.03.19 08:41:59;MANAGE;#190 SL 4827.43 -> 4807.77 trail
2026.03.19 08:42:40;MANAGE;#190 SL 4807.77 -> 4798.48 trail
2026.03.19 08:46:40;MANAGE;#190 SL 4798.48 -> 4794.11 trail
2026.03.19 08:47:40;MANAGE;#190 SL 4794.11 -> 4785.08 trail
2026.03.19 08:48:40;MANAGE;#190 SL 4785.08 -> 4784.24 trail
2026.03.19 08:49:20;MANAGE;#190 SL 4784.24 -> 4782.05 trail
2026.03.19 08:50:40;MANAGE;#190 SL 4782.05 -> 4774.71 trail
2026.03.19 08:51:20;MANAGE;#190 SL 4774.71 -> 4774.30 trail
2026.03.19 08:52:20;MANAGE;#190 SL 4774.30 -> 4773.91 trail
2026.03.19 08:53:40;RISK;deal closed pnl=153.84 streak=0 lock=0
2026.03.19 12:30:00;DECISION;setup SHORT score=0.50 entry=4683.56 inv=4726.74 tgt=0.00 [BOS short lvl=4686.85|RelVol=1.47|StopFloored|VWAPside|ADX=69]
2026.03.19 12:30:00;ORDER;filled SELL 0.02 lots sl=4726.74 tp=4597.19 [WT|BOS|0.50]
2026.03.19 12:30:00;RISK;sizing: vol_ratio=1.71 scalar=1.00 gap_buf=0.00000 eff_stop=43.18393
2026.03.19 12:30:00;ORDER;entry fill deal #192 SELL 0.02 @ 4683.56000
2026.03.19 14:01:40;MANAGE;#192 SL 4726.74 -> 4683.52 breakeven
2026.03.19 14:03:40;MANAGE;#192 SL 4683.52 -> 4680.20 trail
2026.03.19 14:04:20;MANAGE;#192 SL 4680.20 -> 4679.12 trail
2026.03.19 14:09:40;MANAGE;#192 SL 4679.12 -> 4676.49 trail
2026.03.19 14:10:40;MANAGE;#192 SL 4676.49 -> 4671.42 trail
2026.03.19 14:11:40;MANAGE;#192 SL 4671.42 -> 4666.80 trail
2026.03.19 14:14:20;MANAGE;#192 SL 4666.80 -> 4662.76 trail
2026.03.19 14:24:40;MANAGE;#192 SL 4662.76 -> 4658.28 trail
2026.03.19 14:25:40;MANAGE;#192 SL 4658.28 -> 4656.79 trail
2026.03.19 14:30:20;MANAGE;#192 SL 4656.79 -> 4653.89 trail
2026.03.19 14:34:20;MANAGE;#192 SL 4653.89 -> 4653.10 trail
2026.03.19 14:40:40;MANAGE;#192 SL 4653.10 -> 4651.25 trail
2026.03.19 14:42:40;RISK;deal closed pnl=172.74 streak=0 lock=0
2026.03.19 21:15:00;VETO;signal rejected: score 0.30 < 0.45 [CHoCH long lvl=4629.88|RelVol=1.80]
2026.03.20 00:15:00;DECISION;setup LONG score=0.75 entry=4671.09 inv=4596.40 tgt=0.00 [BOS long lvl=4663.38|RelVol=0.99|VPnode d=0.91|VWAPside|ADX=35]
2026.03.20 00:15:00;VETO;authorization denied: outside session window (server hour 00, window 03-20)
2026.03.20 00:30:00;VETO;authorization denied: outside session window (server hour 00, window 03-20)
2026.03.20 00:45:00;VETO;authorization denied: outside session window (server hour 00, window 03-20)
2026.03.20 01:00:00;VETO;authorization denied: outside session window (server hour 01, window 03-20)
2026.03.20 03:45:00;DECISION;setup LONG score=0.60 entry=4686.68 inv=4634.19 tgt=0.00 [BOS long lvl=4677.23|RelVol=0.88|VPnear|VWAPside|ADX=34]
2026.03.20 03:45:00;ORDER;filled BUY 0.02 lots sl=4634.19 tp=4791.78 [WT|BOS|0.60]
2026.03.20 03:45:00;RISK;sizing: vol_ratio=0.75 scalar=1.00 gap_buf=0.00000 eff_stop=52.53000
2026.03.20 03:45:00;ORDER;entry fill deal #194 BUY 0.02 @ 4686.72000
2026.03.20 05:15:00;DECISION;setup LONG score=0.50 entry=4717.44 inv=4639.42 tgt=0.00 [BOS long lvl=4699.22|RelVol=1.05|VWAPside|ADX=51]
2026.03.20 05:15:00;VETO;risk veto: max positions
2026.03.20 12:30:00;DECISION;setup SHORT score=0.50 entry=4658.14 inv=4734.87 tgt=0.00 [CHoCH short lvl=4661.50|RelVol=1.23|VPnear|VWAPside]
2026.03.20 12:30:00;VETO;risk veto: max positions
2026.03.20 15:51:40;RISK;deal closed pnl=-105.06 streak=1 lock=0
2026.03.20 16:00:00;DECISION;setup SHORT score=0.70 entry=4616.45 inv=4695.44 tgt=0.00 [BOS short lvl=4637.22|RelVol=1.12|VPnear|VWAPside|CycleTurn w=-0.61<-0.44]
2026.03.20 16:00:00;ORDER;filled SELL 0.01 lots sl=4695.44 tp=4458.35 [WT|BOS|0.70]
2026.03.20 16:00:00;RISK;sizing: vol_ratio=0.95 scalar=1.00 gap_buf=0.00000 eff_stop=79.03000
2026.03.20 16:00:00;ORDER;entry fill deal #196 SELL 0.01 @ 4616.41000
2026.03.20 20:22:40;MANAGE;#196 SL 4695.44 -> 4616.37 breakeven
2026.03.20 20:22:59;MANAGE;#196 SL 4616.37 -> 4586.41 trail
2026.03.20 20:23:20;MANAGE;#196 SL 4586.41 -> 4584.55 trail
2026.03.20 20:42:40;MANAGE;#196 SL 4584.55 -> 4579.01 trail
2026.03.20 20:43:40;MANAGE;#196 SL 4579.01 -> 4573.45 trail
2026.03.20 20:44:40;MANAGE;#196 SL 4573.45 -> 4571.48 trail
2026.03.20 20:45:00;DECISION;setup SHORT score=0.70 entry=4526.15 inv=4613.58 tgt=0.00 [BOS short lvl=4540.53|RelVol=1.38|VWAPside|CycleTurn w=0.79<-0.98|ADX=39]
2026.03.20 20:45:00;VETO;authorization denied: outside session window (server hour 20, window 03-20)
2026.03.20 20:46:40;MANAGE;#196 SL 4571.48 -> 4571.34 trail
2026.03.20 20:47:40;MANAGE;#196 SL 4571.34 -> 4562.72 trail
2026.03.20 20:48:40;MANAGE;#196 SL 4562.72 -> 4559.64 trail
2026.03.20 20:49:40;MANAGE;#196 SL 4559.64 -> 4559.19 trail
2026.03.20 20:50:40;MANAGE;#196 SL 4559.19 -> 4549.64 trail
2026.03.20 20:55:40;MANAGE;#196 SL 4549.64 -> 4531.22 trail
2026.03.20 20:56:40;MANAGE;#196 SL 4531.22 -> 4529.68 trail
2026.03.20 20:57:20;MANAGE;#196 SL 4529.68 -> 4526.02 trail
2026.03.20 21:00:00;VETO;authorization denied: outside session window (server hour 21, window 03-20)
2026.03.20 21:15:00;VETO;authorization denied: outside session window (server hour 21, window 03-20)
2026.03.20 21:30:00;VETO;authorization denied: outside session window (server hour 21, window 03-20)
2026.03.23 00:01:40;MANAGE;#196 SL 4526.02 -> 4521.01 trail
2026.03.23 00:02:40;MANAGE;#196 SL 4521.01 -> 4507.82 trail
2026.03.23 00:03:40;RISK;deal closed pnl=158.01 streak=0 lock=0
2026.03.23 02:15:00;DECISION;setup SHORT score=0.80 entry=4436.74 inv=4536.29 tgt=0.00 [BOS short lvl=4449.59|RelVol=1.41|VPnear|VWAPside|CycleTurn w=0.29<-0.91|ADX=49]
2026.03.23 02:15:00;VETO;authorization denied: outside session window (server hour 02, window 03-20)
2026.03.23 02:30:00;VETO;authorization denied: outside session window (server hour 02, window 03-20)
2026.03.23 02:45:00;VETO;authorization denied: outside session window (server hour 02, window 03-20)
2026.03.23 03:00:00;VETO;risk veto: size 0.00 < broker min 0.01 (risk too small for stop)
2026.03.23 07:45:00;DECISION;setup SHORT score=0.95 entry=4322.16 inv=4381.65 tgt=0.00 [BOS short lvl=4335.18|RelVol=1.49|VPnode d=1.76|VWAPside|CycleTurn w=0.99<-1.00|ADX=34]
2026.03.23 07:45:00;ORDER;filled SELL 0.01 lots sl=4381.65 tp=4203.18 [WT|BOS|0.95]
2026.03.23 07:45:00;RISK;sizing: vol_ratio=0.95 scalar=1.00 gap_buf=0.00000 eff_stop=59.49000
2026.03.23 07:45:00;ORDER;entry fill deal #198 SELL 0.01 @ 4322.16000
2026.03.23 08:28:40;MANAGE;#198 SL 4381.65 -> 4322.12 breakeven
2026.03.23 08:28:59;MANAGE;#198 SL 4322.12 -> 4300.50 trail
2026.03.23 08:29:40;MANAGE;#198 SL 4300.50 -> 4288.41 trail
2026.03.23 08:31:20;MANAGE;#198 SL 4288.41 -> 4284.74 trail
2026.03.23 08:32:40;MANAGE;#198 SL 4284.74 -> 4280.70 trail
2026.03.23 08:33:20;MANAGE;#198 SL 4280.70 -> 4278.12 trail
2026.03.23 08:34:20;MANAGE;#198 SL 4278.12 -> 4277.12 trail
2026.03.23 08:36:40;MANAGE;#198 SL 4277.12 -> 4271.52 trail
2026.03.23 08:37:40;MANAGE;#198 SL 4271.52 -> 4270.29 trail
2026.03.23 08:42:40;MANAGE;#198 SL 4270.29 -> 4270.04 trail
2026.03.23 08:43:40;RISK;deal closed pnl=118.98 streak=0 lock=0
2026.03.23 13:15:00;DECISION;setup LONG score=0.65 entry=4456.90 inv=4223.64 tgt=0.00 [CHoCH long lvl=4308.28|RelVol=2.26|VPnode d=13.50|VWAPside]
2026.03.23 13:15:00;VETO;risk veto: size 0.00 < broker min 0.01 (risk too small for stop)
2026.03.23 15:00:00;DECISION;setup LONG score=0.65 entry=4478.25 inv=4336.87 tgt=0.00 [BOS long lvl=4462.75|RelVol=1.68|VPnode d=33.35|VWAPside]
2026.03.23 15:00:00;VETO;risk veto: size 0.00 < broker min 0.01 (risk too small for stop)
2026.03.23 18:00:00;DECISION;setup SHORT score=0.75 entry=4363.78 inv=4512.81 tgt=0.00 [CHoCH short lvl=4401.63|RelVol=1.31|VPnode d=4.52|CycleTurn w=-0.51<-0.54]
2026.03.23 18:00:00;VETO;risk veto: size 0.00 < broker min 0.01 (risk too small for stop)
2026.03.23 20:45:00;DECISION;setup LONG score=0.70 entry=4461.73 inv=4350.99 tgt=0.00 [CHoCH long lvl=4438.86|RelVol=1.36|VPnear|VWAPside|CycleTurn w=0.51<--0.57]
2026.03.23 20:45:00;VETO;authorization denied: outside session window (server hour 20, window 03-20)
2026.03.23 21:00:00;VETO;authorization denied: outside session window (server hour 21, window 03-20)
2026.03.23 21:15:00;VETO;authorization denied: outside session window (server hour 21, window 03-20)
2026.03.23 21:30:00;VETO;authorization denied: outside session window (server hour 21, window 03-20)
2026.03.24 02:45:00;DECISION;setup SHORT score=0.60 entry=4344.32 inv=4448.36 tgt=0.00 [CHoCH short lvl=4361.27|RelVol=1.81|VWAPside|CycleTurn w=-0.30<-0.77]
2026.03.24 02:45:00;VETO;authorization denied: outside session window (server hour 02, window 03-20)
2026.03.24 03:00:00;ORDER;filled SELL 0.01 lots sl=4448.36 tp=4197.11 [WT|CHOCH|0.60]
2026.03.24 03:00:00;RISK;sizing: vol_ratio=0.72 scalar=1.00 gap_buf=0.00000 eff_stop=83.75000
2026.03.24 03:00:00;ORDER;entry fill deal #200 SELL 0.01 @ 4364.61000
2026.03.24 08:30:00;DECISION;setup LONG score=0.65 entry=4386.81 inv=4319.88 tgt=0.00 [CHoCH long lvl=4379.28|RelVol=1.23|VPnode d=13.01|VWAPside]
2026.03.24 08:30:00;VETO;risk veto: max positions
2026.03.24 13:00:00;DECISION;setup LONG score=0.75 entry=4438.77 inv=4391.11 tgt=0.00 [BOS long lvl=4432.68|RelVol=1.12|VPnode d=3.23|VWAPside|ADX=41]
2026.03.24 13:00:00;VETO;risk veto: max positions
2026.03.24 14:45:00;DECISION;setup SHORT score=0.65 entry=4369.83 inv=4442.08 tgt=0.00 [CHoCH short lvl=4374.64|RelVol=1.43|VPnode d=14.83|VWAPside]
2026.03.24 14:45:00;VETO;risk veto: max positions
2026.03.24 19:15:00;DECISION;setup SHORT score=0.75 entry=4397.53 inv=4430.93 tgt=0.00 [BOS short lvl=4402.47|RelVol=1.26|VPnode d=13.97|CycleTurn w=0.96<-1.00]
2026.03.24 19:15:00;VETO;risk veto: max positions
2026.03.24 22:24:40;RISK;deal closed pnl=-83.75 streak=1 lock=0
2026.03.24 22:30:00;DECISION;setup LONG score=0.50 entry=4455.64 inv=4372.15 tgt=0.00 [CHoCH long lvl=4423.40|RelVol=1.90|VPnear|VWAPside]
2026.03.24 22:30:00;VETO;authorization denied: outside session window (server hour 22, window 03-20)
2026.03.24 22:45:00;VETO;authorization denied: outside session window (server hour 22, window 03-20)
2026.03.25 00:00:00;VETO;authorization denied: outside session window (server hour 00, window 03-20)
2026.03.25 00:15:00;VETO;authorization denied: outside session window (server hour 00, window 03-20)
2026.03.25 01:30:00;DECISION;setup LONG score=0.50 entry=4509.99 inv=4455.97 tgt=0.00 [BOS long lvl=4485.76|RelVol=1.22|VPnear|VWAPside]
2026.03.25 01:30:00;VETO;authorization denied: outside session window (server hour 01, window 03-20)
2026.03.25 01:45:00;VETO;authorization denied: outside session window (server hour 01, window 03-20)
2026.03.25 02:00:00;VETO;authorization denied: outside session window (server hour 02, window 03-20)
2026.03.25 02:15:00;VETO;authorization denied: outside session window (server hour 02, window 03-20)
2026.03.25 07:30:00;DECISION;setup SHORT score=0.65 entry=4554.91 inv=4602.46 tgt=0.00 [CHoCH short lvl=4565.76|RelVol=0.96|VPnode d=3.71|VWAPside]
2026.03.25 07:30:00;ORDER;filled SELL 0.02 lots sl=4602.46 tp=4459.81 [WT|CHOCH|0.65]
2026.03.25 07:30:00;RISK;sizing: vol_ratio=0.51 scalar=1.00 gap_buf=0.00000 eff_stop=47.55000
2026.03.25 07:30:00;ORDER;entry fill deal #202 SELL 0.02 @ 4554.91000
2026.03.25 10:30:00;DECISION;setup LONG score=0.85 entry=4565.59 inv=4533.26 tgt=0.00 [CHoCH long lvl=4563.29|RelVol=1.12|VPnode d=8.11|VWAPside|CycleTurn w=-0.99<--1.00]
2026.03.25 10:30:00;VETO;risk veto: max positions
2026.03.25 13:30:00;DECISION;setup LONG score=0.85 entry=4579.89 inv=4527.80 tgt=0.00 [BOS long lvl=4567.86|RelVol=1.03|VPnode d=2.29|VWAPside|CycleTurn w=-0.63<--0.96]
2026.03.25 13:30:00;VETO;risk veto: max positions
2026.03.25 21:00:00;DECISION;setup SHORT score=0.65 entry=4538.26 inv=4568.94 tgt=0.00 [CHoCH short lvl=4542.56|RelVol=0.96|VPnode d=4.54|VWAPside]
2026.03.25 21:00:00;VETO;authorization denied: outside session window (server hour 21, window 03-20)
2026.03.25 21:09:40;MANAGE;#202 SL 4602.46 -> 4554.87 breakeven
2026.03.25 21:09:59;MANAGE;#202 SL 4554.87 -> 4531.31 trail
2026.03.25 21:10:40;MANAGE;#202 SL 4531.31 -> 4524.94 trail
2026.03.25 21:11:40;MANAGE;#202 SL 4524.94 -> 4514.46 trail
2026.03.25 21:15:00;VETO;authorization denied: outside session window (server hour 21, window 03-20)
2026.03.25 21:16:40;RISK;deal closed pnl=80.90 streak=0 lock=0
2026.03.25 21:30:00;VETO;authorization denied: outside session window (server hour 21, window 03-20)
2026.03.25 21:45:00;VETO;authorization denied: outside session window (server hour 21, window 03-20)
2026.03.26 03:00:00;DECISION;setup LONG score=0.65 entry=4535.65 inv=4489.03 tgt=0.00 [CHoCH long lvl=4534.75|RelVol=0.91|VPnode d=1.75|VWAPside]
2026.03.26 03:00:00;ORDER;filled BUY 0.02 lots sl=4489.03 tp=4629.01 [WT|CHOCH|0.65]
2026.03.26 03:00:00;RISK;sizing: vol_ratio=1.10 scalar=1.00 gap_buf=0.00000 eff_stop=46.66000
2026.03.26 03:00:00;ORDER;entry fill deal #204 BUY 0.02 @ 4535.69000
2026.03.26 07:30:00;DECISION;setup SHORT score=0.60 entry=4493.63 inv=4544.42 tgt=0.00 [CHoCH short lvl=4499.96|RelVol=1.23|VWAPside|CycleTurn w=0.61<-0.98]
2026.03.26 07:30:00;VETO;risk veto: max positions
2026.03.26 07:30:40;RISK;deal closed pnl=-93.32 streak=1 lock=0
2026.03.26 16:30:00;VETO;signal rejected: score 0.40 < 0.45 [CHoCH long lvl=4456.64|RelVol=1.02|VPnear]
2026.03.26 18:30:00;DECISION;setup SHORT score=0.85 entry=4396.64 inv=4479.38 tgt=0.00 [CHoCH short lvl=4420.23|RelVol=1.16|VPnode d=15.76|VWAPside|CycleTurn w=-0.46<-0.61]
2026.03.26 18:30:00;ORDER;filled SELL 0.01 lots sl=4479.38 tp=4231.16 [WT|CHOCH|0.85]
2026.03.26 18:30:00;RISK;sizing: vol_ratio=1.27 scalar=1.00 gap_buf=0.00000 eff_stop=82.74000
2026.03.26 18:30:00;ORDER;entry fill deal #206 SELL 0.01 @ 4396.64000
2026.03.26 22:00:00;DECISION;setup SHORT score=0.70 entry=4364.03 inv=4399.41 tgt=0.00 [BOS short lvl=4367.79|RelVol=1.10|VWAPside|CycleTurn w=0.73<-0.88|ADX=43]
2026.03.26 22:00:00;VETO;authorization denied: outside session window (server hour 22, window 03-20)
2026.03.26 22:15:00;VETO;authorization denied: outside session window (server hour 22, window 03-20)
2026.03.26 22:30:00;DECISION;setup LONG score=0.60 entry=4404.51 inv=4367.79 tgt=0.00 [CHoCH long lvl=4399.41|RelVol=1.77|VPnear|CycleTurn w=0.49<-0.33]
2026.03.26 22:30:00;VETO;authorization denied: outside session window (server hour 22, window 03-20)
2026.03.26 22:45:00;VETO;authorization denied: outside session window (server hour 22, window 03-20)
2026.03.27 00:00:00;VETO;authorization denied: outside session window (server hour 00, window 03-20)
2026.03.27 00:15:00;VETO;authorization denied: outside session window (server hour 00, window 03-20)
2026.03.27 03:00:00;DECISION;setup SHORT score=0.85 entry=4378.45 inv=4411.10 tgt=0.00 [CHoCH short lvl=4390.17|RelVol=0.94|VPnode d=10.95|VWAPside|CycleTurn w=0.83<-0.96]
2026.03.27 03:00:00;VETO;risk veto: max positions
2026.03.27 03:45:00;DECISION;setup LONG score=0.85 entry=4419.28 inv=4375.38 tgt=0.00 [CHoCH long lvl=4411.10|RelVol=0.72|VPnode d=10.68|VWAPside|CycleTurn w=0.26<--0.51]
2026.03.27 03:45:00;VETO;risk veto: max positions
2026.03.27 07:00:00;DECISION;setup LONG score=0.75 entry=4446.13 inv=4421.10 tgt=0.00 [BOS long lvl=4446.01|RelVol=1.01|VPnode d=3.47|VWAPside|ADX=40]
2026.03.27 07:00:00;VETO;risk veto: max positions
2026.03.27 12:45:00;DECISION;setup SHORT score=0.65 entry=4415.91 inv=4475.17 tgt=0.00 [CHoCH short lvl=4420.66|RelVol=0.88|VPnode d=7.49|VWAPside]
2026.03.27 12:45:00;VETO;risk veto: max positions
2026.03.27 16:15:00;DECISION;setup LONG score=0.65 entry=4459.94 inv=4404.09 tgt=0.00 [CHoCH long lvl=4445.29|RelVol=0.82|VPnode d=7.74|VWAPside]
2026.03.27 16:15:00;VETO;risk veto: max positions
2026.03.27 16:50:40;RISK;deal closed pnl=-82.79 streak=1 lock=0
2026.03.30 01:00:00;VETO;signal rejected: score 0.30 < 0.45 [CHoCH short lvl=4500.89|RelVol=0.62]
2026.03.30 02:45:00;DECISION;setup SHORT score=0.60 entry=4452.17 inv=4513.98 tgt=0.00 [BOS short lvl=4468.39|RelVol=1.23|VPnear|VWAPside|ADX=49]
2026.03.30 02:45:00;VETO;authorization denied: outside session window (server hour 02, window 03-20)
2026.03.30 03:00:00;ORDER;filled SELL 0.01 lots sl=4513.98 tp=4318.23 [WT|BOS|0.60]
2026.03.30 03:00:00;RISK;sizing: vol_ratio=1.28 scalar=1.00 gap_buf=0.00000 eff_stop=65.25000
2026.03.30 03:00:00;ORDER;entry fill deal #208 SELL 0.01 @ 4448.73000
2026.03.30 05:45:00;DECISION;setup LONG score=0.65 entry=4494.71 inv=4419.53 tgt=0.00 [CHoCH long lvl=4475.62|RelVol=1.42|VPnode d=15.11|VWAPside]
2026.03.30 05:45:00;VETO;risk veto: max positions
2026.03.30 06:23:40;RISK;deal closed pnl=-65.25 streak=1 lock=0
2026.03.30 09:00:00;DECISION;setup LONG score=0.75 entry=4522.48 inv=4486.21 tgt=0.00 [BOS long lvl=4517.26|RelVol=0.96|VPnode d=7.88|VWAPside|ADX=32]
2026.03.30 09:00:00;ORDER;filled BUY 0.03 lots sl=4486.21 tp=4595.08 [WT|BOS|0.75]
2026.03.30 09:00:00;RISK;sizing: vol_ratio=0.92 scalar=1.00 gap_buf=0.00000 eff_stop=36.29000
2026.03.30 09:00:00;ORDER;entry fill deal #210 BUY 0.03 @ 4522.50000
2026.03.30 14:30:00;DECISION;setup LONG score=0.95 entry=4543.47 inv=4523.60 tgt=0.00 [BOS long lvl=4540.78|RelVol=0.90|VPnode d=4.53|VWAPside|CycleTurn w=-0.98<--1.00|ADX=35]
2026.03.30 14:30:00;VETO;risk veto: max positions
2026.03.30 14:44:40;MANAGE;#210 SL 4486.21 -> 4522.54 breakeven
2026.03.30 14:44:59;MANAGE;#210 SL 4522.54 -> 4544.48 trail
2026.03.30 14:45:40;MANAGE;#210 SL 4544.48 -> 4547.16 trail
2026.03.30 14:47:40;MANAGE;#210 SL 4547.16 -> 4549.94 trail
2026.03.30 14:50:40;MANAGE;#210 SL 4549.94 -> 4552.61 trail
2026.03.30 14:51:40;MANAGE;#210 SL 4552.61 -> 4557.01 trail
2026.03.30 14:58:40;RISK;deal closed pnl=103.53 streak=0 lock=0
2026.03.30 17:00:00;DECISION;setup SHORT score=0.75 entry=4523.17 inv=4578.73 tgt=0.00 [CHoCH short lvl=4525.44|RelVol=0.98|VPnode d=9.33|CycleTurn w=-0.11<-0.84]
2026.03.30 17:00:00;ORDER;filled SELL 0.02 lots sl=4578.73 tp=4412.05 [WT|CHOCH|0.75]
2026.03.30 17:00:00;RISK;sizing: vol_ratio=0.97 scalar=1.00 gap_buf=0.00000 eff_stop=55.56000
2026.03.30 17:00:00;ORDER;entry fill deal #212 SELL 0.02 @ 4523.17000
2026.03.30 22:00:00;DECISION;setup SHORT score=0.60 entry=4498.97 inv=4556.82 tgt=0.00 [BOS short lvl=4511.25|RelVol=0.80|VPnear|VWAPside|ADX=43]
2026.03.30 22:00:00;VETO;authorization denied: outside session window (server hour 22, window 03-20)
2026.03.30 22:15:00;VETO;authorization denied: outside session window (server hour 22, window 03-20)
2026.03.30 22:30:00;VETO;authorization denied: outside session window (server hour 22, window 03-20)
2026.03.30 22:45:00;VETO;authorization denied: outside session window (server hour 22, window 03-20)
2026.03.31 03:45:00;DECISION;setup LONG score=0.50 entry=4536.72 inv=4492.32 tgt=0.00 [CHoCH long lvl=4523.00|RelVol=0.93|VPnear|VWAPside]
2026.03.31 03:45:00;VETO;risk veto: max positions
2026.03.31 04:24:40;RISK;deal closed pnl=-111.21 streak=1 lock=0
2026.03.31 13:45:00;DECISION;setup SHORT score=0.65 entry=4541.09 inv=4575.21 tgt=0.00 [CHoCH short lvl=4550.19|RelVol=1.26|VPnode d=5.11|VWAPside]
2026.03.31 13:45:00;ORDER;filled SELL 0.03 lots sl=4575.21 tp=4472.91 [WT|CHOCH|0.65]
2026.03.31 13:45:00;RISK;sizing: vol_ratio=0.74 scalar=1.00 gap_buf=0.00000 eff_stop=34.10000
2026.03.31 13:45:00;ORDER;entry fill deal #214 SELL 0.03 @ 4541.11000
2026.03.31 14:21:40;RISK;deal closed pnl=-102.30 streak=2 lock=0
2026.03.31 14:30:00;DECISION;setup LONG score=0.85 entry=4575.31 inv=4529.49 tgt=0.00 [CHoCH long lvl=4575.21|RelVol=1.24|VPnode d=9.69|VWAPside|CycleTurn w=-0.98<--1.00]
2026.03.31 14:30:00;ORDER;filled BUY 0.02 lots sl=4529.49 tp=4667.07 [WT|CHOCH|0.85]
2026.03.31 14:30:00;RISK;sizing: vol_ratio=0.90 scalar=1.00 gap_buf=0.00000 eff_stop=45.86000
2026.03.31 14:30:00;ORDER;entry fill deal #216 BUY 0.02 @ 4575.35000
2026.03.31 17:00:00;DECISION;setup LONG score=0.50 entry=4607.11 inv=4567.84 tgt=0.00 [BOS long lvl=4597.56|RelVol=0.76|VPnear|VWAPside]
2026.03.31 17:00:00;VETO;risk veto: max positions
2026.03.31 17:02:40;MANAGE;#216 SL 4529.49 -> 4575.39 breakeven
2026.03.31 17:02:59;MANAGE;#216 SL 4575.39 -> 4582.49 trail
2026.03.31 17:03:20;MANAGE;#216 SL 4582.49 -> 4585.87 trail
2026.03.31 17:33:40;MANAGE;#216 SL 4585.87 -> 4588.30 trail
2026.03.31 17:34:20;MANAGE;#216 SL 4588.30 -> 4591.50 trail
2026.03.31 19:39:40;MANAGE;#216 SL 4591.50 -> 4597.57 trail
2026.03.31 19:40:40;MANAGE;#216 SL 4597.57 -> 4605.52 trail
2026.03.31 19:41:40;MANAGE;#216 SL 4605.52 -> 4612.43 trail
2026.03.31 19:42:20;MANAGE;#216 SL 4612.43 -> 4613.93 trail
2026.03.31 19:43:20;MANAGE;#216 SL 4613.93 -> 4615.73 trail
2026.03.31 19:45:00;DECISION;setup LONG score=0.50 entry=4641.69 inv=4594.99 tgt=0.00 [BOS long lvl=4630.13|RelVol=1.13|VWAPside|ADX=36]
2026.03.31 19:45:00;VETO;risk veto: max positions
2026.03.31 20:04:20;MANAGE;#216 SL 4615.73 -> 4616.22 trail
2026.03.31 20:23:20;MANAGE;#216 SL 4616.22 -> 4618.82 trail
2026.03.31 20:32:20;MANAGE;#216 SL 4618.82 -> 4619.16 trail
2026.03.31 20:34:40;MANAGE;#216 SL 4619.16 -> 4620.61 trail
2026.03.31 20:35:40;MANAGE;#216 SL 4620.61 -> 4622.75 trail
2026.03.31 20:42:40;MANAGE;#216 SL 4622.75 -> 4625.38 trail
2026.03.31 20:46:40;MANAGE;#216 SL 4625.38 -> 4625.59 trail
2026.03.31 20:47:40;MANAGE;#216 SL 4625.59 -> 4628.51 trail
2026.03.31 20:51:20;RISK;deal closed pnl=183.44 streak=0 lock=0
2026.04.01 03:15:00;DECISION;setup LONG score=0.80 entry=4703.36 inv=4661.63 tgt=0.00 [BOS long lvl=4696.44|RelVol=0.67|VPnear|VWAPside|CycleTurn w=-0.88<--0.98|ADX=52]
2026.04.01 03:15:00;ORDER;filled BUY 0.02 lots sl=4661.63 tp=4786.94 [WT|BOS|0.80]
2026.04.01 03:15:00;RISK;sizing: vol_ratio=0.92 scalar=1.00 gap_buf=0.00000 eff_stop=41.77000
2026.04.01 03:15:00;ORDER;entry fill deal #218 BUY 0.02 @ 4703.40000
2026.04.01 07:15:00;DECISION;setup SHORT score=0.65 entry=4673.91 inv=4695.02 tgt=0.00 [CHoCH short lvl=4678.28|RelVol=0.83|StopFloored|VPnode d=0.29|VWAPside]
2026.04.01 07:15:00;VETO;risk veto: max positions
2026.04.01 08:45:00;DECISION;setup LONG score=0.85 entry=4702.18 inv=4667.06 tgt=0.00 [CHoCH long lvl=4694.22|RelVol=0.82|VPnode d=2.78|VWAPside|CycleTurn w=-0.93<--0.98]
2026.04.01 08:45:00;VETO;risk veto: max positions
2026.04.01 10:37:40;MANAGE;#218 SL 4661.63 -> 4703.44 breakeven
2026.04.01 10:37:59;MANAGE;#218 SL 4703.44 -> 4716.10 trail
2026.04.01 10:38:40;MANAGE;#218 SL 4716.10 -> 4720.70 trail
2026.04.01 10:49:40;RISK;deal closed pnl=34.60 streak=0 lock=0
2026.04.01 14:30:00;DECISION;setup LONG score=0.70 entry=4745.13 inv=4713.26 tgt=0.00 [BOS long lvl=4740.55|RelVol=0.59|VWAPside|CycleTurn w=0.35<--0.66|ADX=32]
2026.04.01 14:30:00;ORDER;filled BUY 0.03 lots sl=4713.26 tp=4808.99 [WT|BOS|0.70]
2026.04.01 14:30:00;RISK;sizing: vol_ratio=0.76 scalar=1.00 gap_buf=0.00000 eff_stop=31.91000
2026.04.01 14:30:00;ORDER;entry fill deal #220 BUY 0.03 @ 4745.17000
2026.04.01 17:45:00;DECISION;setup LONG score=0.85 entry=4754.13 inv=4716.20 tgt=0.00 [BOS long lvl=4753.71|RelVol=0.84|VPnode d=4.73|VWAPside|CycleTurn w=-0.93<--0.97]
2026.04.01 17:45:00;VETO;risk veto: max positions
2026.04.01 18:31:40;MANAGE;#220 SL 4713.26 -> 4745.21 breakeven
2026.04.01 18:36:40;MANAGE;#220 SL 4745.21 -> 4746.08 trail
2026.04.01 18:44:40;MANAGE;#220 SL 4746.08 -> 4749.05 trail
2026.04.01 18:45:20;MANAGE;#220 SL 4749.05 -> 4749.20 trail
2026.04.01 18:50:40;MANAGE;#220 SL 4749.20 -> 4750.18 trail
2026.04.01 19:00:00;MANAGE;#220 SL 4750.18 -> 4750.66 trail
2026.04.01 19:00:40;MANAGE;#220 SL 4750.66 -> 4752.53 trail
2026.04.01 19:01:40;MANAGE;#220 SL 4752.53 -> 4753.34 trail
2026.04.01 19:02:20;MANAGE;#220 SL 4753.34 -> 4754.78 trail
2026.04.01 19:58:40;MANAGE;#220 SL 4754.78 -> 4755.84 trail
2026.04.01 19:59:40;MANAGE;#220 SL 4755.84 -> 4757.46 trail
2026.04.01 20:00:40;MANAGE;#220 SL 4757.46 -> 4758.17 trail
2026.04.01 20:01:40;MANAGE;#220 SL 4758.17 -> 4759.17 trail
2026.04.01 20:02:40;MANAGE;#220 SL 4759.17 -> 4761.19 trail
2026.04.01 20:03:20;MANAGE;#220 SL 4761.19 -> 4761.50 trail
2026.04.01 20:06:40;MANAGE;#220 SL 4761.50 -> 4762.64 trail
2026.04.01 21:03:40;RISK;deal closed pnl=52.41 streak=0 lock=0
2026.04.02 02:15:00;DECISION;setup LONG score=0.85 entry=4791.28 inv=4748.72 tgt=0.00 [BOS long lvl=4778.27|RelVol=0.61|VPnode d=2.68|VWAPside|CycleTurn w=-0.30<--0.86]
2026.04.02 02:15:00;VETO;authorization denied: outside session window (server hour 02, window 03-20)
2026.04.02 02:30:00;VETO;authorization denied: outside session window (server hour 02, window 03-20)
2026.04.02 02:45:00;VETO;authorization denied: outside session window (server hour 02, window 03-20)
2026.04.02 03:00:00;ORDER;filled BUY 0.03 lots sl=4748.72 tp=4854.98 [WT|BOS|0.85]
2026.04.02 03:00:00;RISK;sizing: vol_ratio=0.94 scalar=1.00 gap_buf=0.00000 eff_stop=35.42000
2026.04.02 03:00:00;ORDER;entry fill deal #222 BUY 0.03 @ 4784.14000
2026.04.02 04:03:40;RISK;deal closed pnl=-106.26 streak=1 lock=0
2026.04.02 04:15:00;DECISION;setup SHORT score=0.70 entry=4750.86 inv=4800.45 tgt=0.00 [CHoCH short lvl=4775.11|RelVol=1.54|VPnear|VWAPside|CycleTurn w=-0.06<-0.87]
2026.04.02 04:15:00;ORDER;filled SELL 0.02 lots sl=4800.45 tp=4651.77 [WT|CHOCH|0.70]
2026.04.02 04:15:00;RISK;sizing: vol_ratio=1.11 scalar=1.00 gap_buf=0.00000 eff_stop=49.56000
2026.04.02 04:15:00;ORDER;entry fill deal #224 SELL 0.02 @ 4750.89000
2026.04.02 04:25:40;MANAGE;#224 SL 4800.45 -> 4750.85 breakeven
2026.04.02 04:25:59;MANAGE;#224 SL 4750.85 -> 4734.29 trail
2026.04.02 04:26:40;MANAGE;#224 SL 4734.29 -> 4719.96 trail
2026.04.02 04:31:40;MANAGE;#224 SL 4719.96 -> 4712.67 trail
2026.04.02 04:32:40;RISK;deal closed pnl=198.24 streak=0 lock=0
2026.04.02 08:45:00;DECISION;setup SHORT score=0.60 entry=4634.05 inv=4699.25 tgt=0.00 [BOS short lvl=4655.53|RelVol=1.50|VPnear|VWAPside|ADX=38]
2026.04.02 08:45:00;ORDER;filled SELL 0.01 lots sl=4699.25 tp=4503.65 [WT|BOS|0.60]
2026.04.02 08:45:00;RISK;sizing: vol_ratio=1.07 scalar=1.00 gap_buf=0.00000 eff_stop=65.20000
2026.04.02 08:45:00;ORDER;entry fill deal #226 SELL 0.01 @ 4634.05000
2026.04.02 09:08:40;MANAGE;#226 SL 4699.25 -> 4634.01 breakeven
2026.04.02 09:08:59;MANAGE;#226 SL 4634.01 -> 4606.08 trail
2026.04.02 09:09:20;MANAGE;#226 SL 4606.08 -> 4603.71 trail
2026.04.02 09:10:40;MANAGE;#226 SL 4603.71 -> 4596.38 trail
2026.04.02 09:11:20;MANAGE;#226 SL 4596.38 -> 4592.68 trail
2026.04.02 09:20:40;RISK;deal closed pnl=41.37 streak=0 lock=0
2026.04.02 14:45:00;DECISION;setup SHORT score=0.70 entry=4600.05 inv=4634.98 tgt=0.00 [BOS short lvl=4604.12|RelVol=0.82|VPnear|VWAPside|CycleTurn w=0.99<-1.00]
2026.04.02 14:45:00;ORDER;filled SELL 0.03 lots sl=4634.98 tp=4530.19 [WT|BOS|0.70]
2026.04.02 14:45:00;RISK;sizing: vol_ratio=0.89 scalar=1.00 gap_buf=0.00000 eff_stop=34.93000
2026.04.02 14:45:00;ORDER;entry fill deal #228 SELL 0.03 @ 4600.05000
2026.04.02 16:15:00;VETO;signal rejected: score 0.40 < 0.45 [BOS short lvl=4592.93|RelVol=0.93|VWAPside]
2026.04.02 16:49:40;RISK;deal closed pnl=-104.79 streak=1 lock=0
2026.04.02 17:00:00;VETO;signal rejected: score 0.40 < 0.45 [CHoCH long lvl=4630.27|RelVol=0.95|VPnear]
2026.04.02 22:15:00;DECISION;setup LONG score=0.70 entry=4674.52 inv=4645.77 tgt=0.00 [BOS long lvl=4670.46|RelVol=0.97|VPnear|VWAPside|CycleTurn w=-0.60<--0.94]
2026.04.02 22:15:00;VETO;authorization denied: outside session window (server hour 22, window 03-20)
2026.04.02 22:30:00;VETO;authorization denied: outside session window (server hour 22, window 03-20)
2026.04.02 22:45:00;VETO;authorization denied: outside session window (server hour 22, window 03-20)
2026.04.06 01:00:00;VETO;authorization denied: outside session window (server hour 01, window 03-20)
2026.04.06 01:15:00;DECISION;setup SHORT score=0.85 entry=4629.83 inv=4681.85 tgt=0.00 [CHoCH short lvl=4645.77|RelVol=1.64|VPnode d=4.27|VWAPside|CycleTurn w=0.66<-1.00]
2026.04.06 01:15:00;VETO;authorization denied: outside session window (server hour 01, window 03-20)
2026.04.06 01:30:00;VETO;authorization denied: outside session window (server hour 01, window 03-20)
2026.04.06 01:45:00;VETO;authorization denied: outside session window (server hour 01, window 03-20)
2026.04.06 02:00:00;VETO;authorization denied: outside session window (server hour 02, window 03-20)
2026.04.06 05:30:00;DECISION;setup LONG score=0.50 entry=4661.13 inv=4600.76 tgt=0.00 [CHoCH long lvl=4643.13|RelVol=1.23|VPnear|VWAPside]
2026.04.06 05:30:00;ORDER;filled BUY 0.01 lots sl=4600.76 tp=4781.99 [WT|CHOCH|0.50]
2026.04.06 05:30:00;RISK;sizing: vol_ratio=0.96 scalar=1.00 gap_buf=0.00000 eff_stop=60.41000
2026.04.06 05:30:00;ORDER;entry fill deal #230 BUY 0.01 @ 4661.17000
2026.04.06 08:15:00;DECISION;setup LONG score=0.50 entry=4673.73 inv=4625.30 tgt=0.00 [BOS long lvl=4671.95|RelVol=0.68|VWAPside|ADX=38]
2026.04.06 08:15:00;VETO;risk veto: max positions
2026.04.06 11:00:00;DECISION;setup LONG score=0.70 entry=4684.85 inv=4643.15 tgt=0.00 [BOS long lvl=4667.86|RelVol=1.00|VPnear|VWAPside|CycleTurn w=-0.55<--0.67]
2026.04.06 11:00:00;VETO;risk veto: max positions
2026.04.06 15:00:00;VETO;signal rejected: score 0.30 < 0.45 [CHoCH short lvl=4684.79|RelVol=0.54]
2026.04.07 04:15:00;DECISION;setup SHORT score=0.70 entry=4640.58 inv=4667.86 tgt=0.00 [BOS short lvl=4649.12|RelVol=1.45|VPnear|VWAPside|CycleTurn w=0.88<-0.99]
2026.04.07 04:15:00;VETO;risk veto: max positions
2026.04.07 07:45:00;DECISION;setup LONG score=0.65 entry=4662.38 inv=4616.23 tgt=0.00 [CHoCH long lvl=4654.14|RelVol=0.62|VPnode d=0.58|VWAPside]
2026.04.07 07:45:00;VETO;risk veto: max positions
2026.04.07 11:15:00;DECISION;setup LONG score=0.65 entry=4663.41 inv=4623.10 tgt=0.00 [BOS long lvl=4657.15|RelVol=1.32|VPnode d=1.21|VWAPside]
2026.04.07 11:15:00;VETO;risk veto: max positions
2026.04.07 14:15:00;DECISION;setup SHORT score=0.65 entry=4635.71 inv=4694.49 tgt=0.00 [CHoCH short lvl=4636.56|RelVol=0.95|VPnode d=0.71|VWAPside]
2026.04.07 14:15:00;VETO;risk veto: max positions
2026.04.07 17:15:00;DECISION;setup SHORT score=0.50 entry=4622.05 inv=4671.04 tgt=0.00 [BOS short lvl=4628.95|RelVol=1.23|VPnear|VWAPside]
2026.04.07 17:15:00;VETO;risk veto: max positions
2026.04.07 19:30:00;DECISION;setup LONG score=0.65 entry=4662.95 inv=4607.28 tgt=0.00 [CHoCH long lvl=4661.43|RelVol=1.01|VPnode d=0.25|VWAPside]
2026.04.07 19:30:00;VETO;risk veto: max positions
2026.04.07 20:45:00;DECISION;setup LONG score=0.75 entry=4672.28 inv=4607.28 tgt=0.00 [BOS long lvl=4668.42|RelVol=1.38|VPnode d=8.68|VWAPside|ADX=33]
2026.04.07 20:45:00;VETO;authorization denied: outside session window (server hour 20, window 03-20)
2026.04.07 21:00:00;VETO;authorization denied: outside session window (server hour 21, window 03-20)
2026.04.07 21:15:00;VETO;authorization denied: outside session window (server hour 21, window 03-20)
2026.04.07 21:30:00;VETO;authorization denied: outside session window (server hour 21, window 03-20)
2026.04.07 22:30:00;DECISION;setup LONG score=0.60 entry=4687.54 inv=4653.90 tgt=0.00 [BOS long lvl=4686.61|RelVol=2.50|VPnear|VWAPside|ADX=37]
2026.04.07 22:30:00;VETO;authorization denied: outside session window (server hour 22, window 03-20)
2026.04.07 22:45:00;VETO;authorization denied: outside session window (server hour 22, window 03-20)
2026.04.08 01:00:00;VETO;authorization denied: outside session window (server hour 01, window 03-20)
2026.04.08 01:00:40;MANAGE;#230 SL 4600.76 -> 4661.81 breakeven
2026.04.08 01:00:59;MANAGE;#230 SL 4661.81 -> 4715.87 trail
2026.04.08 01:05:40;MANAGE;#230 SL 4715.87 -> 4718.92 trail
2026.04.08 01:06:40;MANAGE;#230 SL 4718.92 -> 4721.06 trail
2026.04.08 01:15:00;VETO;authorization denied: outside session window (server hour 01, window 03-20)
2026.04.08 01:32:20;MANAGE;#230 SL 4721.06 -> 4721.99 trail
2026.04.08 01:32:40;RISK;deal closed pnl=60.56 streak=0 lock=0
2026.04.08 09:00:00;DECISION;setup LONG score=0.85 entry=4827.53 inv=4790.20 tgt=0.00 [BOS long lvl=4825.27|RelVol=1.04|VPnode d=4.73|VWAPside|CycleTurn w=-0.94<--0.97]
2026.04.08 09:00:00;ORDER;filled BUY 0.03 lots sl=4790.20 tp=4902.19 [WT|BOS|0.85]
2026.04.08 09:00:00;RISK;sizing: vol_ratio=0.64 scalar=1.00 gap_buf=0.00000 eff_stop=37.33000
2026.04.08 09:00:00;ORDER;entry fill deal #232 BUY 0.03 @ 4827.53000
2026.04.08 12:43:40;RISK;deal closed pnl=-111.99 streak=1 lock=0
2026.04.08 12:45:00;DECISION;setup SHORT score=0.50 entry=4782.56 inv=4843.82 tgt=0.00 [CHoCH short lvl=4790.53|RelVol=1.05|VPnear|VWAPside]
2026.04.08 12:45:00;ORDER;filled SELL 0.01 lots sl=4843.82 tp=4660.04 [WT|CHOCH|0.50]
2026.04.08 12:45:00;RISK;sizing: vol_ratio=0.84 scalar=1.00 gap_buf=0.00000 eff_stop=61.26000
2026.04.08 12:45:00;ORDER;entry fill deal #234 SELL 0.01 @ 4782.56000
2026.04.08 17:30:00;DECISION;setup SHORT score=0.65 entry=4768.06 inv=4806.70 tgt=0.00 [BOS short lvl=4768.79|RelVol=1.02|VPnode d=6.54|VWAPside]
2026.04.08 17:30:00;VETO;risk veto: max positions
2026.04.08 20:45:00;VETO;signal rejected: score 0.40 < 0.45 [BOS short lvl=4745.40|RelVol=1.21|VWAPside]
2026.04.08 21:18:40;MANAGE;#234 SL 4843.82 -> 4782.52 breakeven
2026.04.08 21:18:59;MANAGE;#234 SL 4782.52 -> 4752.82 trail
2026.04.08 21:19:00;MANAGE;#234 SL 4752.82 -> 4752.43 trail
2026.04.08 21:19:20;MANAGE;#234 SL 4752.43 -> 4748.49 trail
2026.04.08 21:25:40;MANAGE;#234 SL 4748.49 -> 4745.36 trail
2026.04.08 21:36:40;MANAGE;#234 SL 4745.36 -> 4745.18 trail
2026.04.08 21:37:40;MANAGE;#234 SL 4745.18 -> 4743.93 trail
2026.04.08 21:38:40;MANAGE;#234 SL 4743.93 -> 4740.88 trail
2026.04.08 21:39:40;MANAGE;#234 SL 4740.88 -> 4740.00 trail
2026.04.08 21:41:40;MANAGE;#234 SL 4740.00 -> 4739.60 trail
2026.04.08 21:42:20;MANAGE;#234 SL 4739.60 -> 4737.83 trail
2026.04.08 21:43:40;MANAGE;#234 SL 4737.83 -> 4734.81 trail
2026.04.08 21:50:40;MANAGE;#234 SL 4734.81 -> 4733.17 trail
2026.04.08 21:51:40;MANAGE;#234 SL 4733.17 -> 4731.00 trail
2026.04.08 21:56:20;MANAGE;#234 SL 4731.00 -> 4730.39 trail
2026.04.08 22:00:40;MANAGE;#234 SL 4730.39 -> 4727.92 trail
2026.04.08 22:05:40;MANAGE;#234 SL 4727.92 -> 4726.28 trail
2026.04.08 22:48:40;RISK;deal closed pnl=56.28 streak=0 lock=0
2026.04.09 03:15:00;DECISION;setup SHORT score=0.65 entry=4702.41 inv=4732.42 tgt=0.00 [BOS short lvl=4704.63|RelVol=0.70|VPnode d=4.99|VWAPside]
2026.04.09 03:15:00;ORDER;filled SELL 0.03 lots sl=4732.42 tp=4642.39 [WT|BOS|0.65]
2026.04.09 03:15:00;RISK;sizing: vol_ratio=0.81 scalar=1.00 gap_buf=0.00000 eff_stop=30.01000
2026.04.09 03:15:00;ORDER;entry fill deal #236 SELL 0.03 @ 4702.41000
2026.04.09 04:15:00;DECISION;setup LONG score=0.65 entry=4720.59 inv=4698.62 tgt=0.00 [CHoCH long lvl=4720.00|RelVol=1.04|VPnode d=2.79|VWAPside]
2026.04.09 04:15:00;VETO;risk veto: max positions
2026.04.09 05:39:20;RISK;deal closed pnl=-90.03 streak=1 lock=0
2026.04.09 13:30:00;DECISION;setup LONG score=0.50 entry=4738.14 inv=4703.52 tgt=0.00 [BOS long lvl=4733.38|RelVol=0.87|VPnear|VWAPside]
2026.04.09 13:30:00;ORDER;filled BUY 0.03 lots sl=4703.52 tp=4807.56 [WT|BOS|0.50]
2026.04.09 13:30:00;RISK;sizing: vol_ratio=0.87 scalar=1.00 gap_buf=0.00000 eff_stop=34.68000
2026.04.09 13:30:00;ORDER;entry fill deal #238 BUY 0.03 @ 4738.20000
2026.04.09 16:40:40;MANAGE;#238 SL 4703.52 -> 4738.24 breakeven
2026.04.09 16:40:59;MANAGE;#238 SL 4738.24 -> 4753.87 trail
2026.04.09 16:41:20;MANAGE;#238 SL 4753.87 -> 4754.83 trail
2026.04.09 16:42:40;MANAGE;#238 SL 4754.83 -> 4755.52 trail
2026.04.09 16:43:40;MANAGE;#238 SL 4755.52 -> 4757.06 trail
2026.04.09 16:45:00;DECISION;setup LONG score=0.70 entry=4775.73 inv=4734.80 tgt=0.00 [BOS long lvl=4759.68|RelVol=0.87|VWAPside|CycleTurn w=0.76<-0.72|ADX=34]
2026.04.09 16:45:00;VETO;risk veto: max positions
2026.04.09 17:33:40;RISK;deal closed pnl=56.58 streak=0 lock=0
2026.04.09 18:30:00;DECISION;setup LONG score=0.50 entry=4778.85 inv=4747.26 tgt=0.00 [BOS long lvl=4777.22|RelVol=0.98|VWAPside|ADX=32]
2026.04.09 18:30:00;ORDER;filled BUY 0.03 lots sl=4747.26 tp=4842.63 [WT|BOS|0.50]
2026.04.09 18:30:00;RISK;sizing: vol_ratio=1.15 scalar=1.00 gap_buf=0.00000 eff_stop=31.79000
2026.04.09 18:30:00;ORDER;entry fill deal #240 BUY 0.03 @ 4779.05000
2026.04.09 21:15:00;DECISION;setup SHORT score=0.50 entry=4783.89 inv=4801.19 tgt=0.00 [CHoCH short lvl=4784.49|RelVol=1.05|StopFloored|CycleTurn w=-0.05<-0.85]
2026.04.09 21:15:00;VETO;authorization denied: outside session window (server hour 21, window 03-20)
2026.04.09 21:30:00;VETO;authorization denied: outside session window (server hour 21, window 03-20)
2026.04.09 21:45:00;VETO;authorization denied: outside session window (server hour 21, window 03-20)
2026.04.09 22:00:00;VETO;authorization denied: outside session window (server hour 22, window 03-20)
2026.04.10 01:30:00;DECISION;setup SHORT score=0.65 entry=4764.47 inv=4801.22 tgt=0.00 [BOS short lvl=4768.07|RelVol=0.44|VPnode d=2.13|VWAPside]
2026.04.10 01:30:00;VETO;authorization denied: outside session window (server hour 01, window 03-20)
2026.04.10 01:45:00;VETO;authorization denied: outside session window (server hour 01, window 03-20)
2026.04.10 02:00:00;VETO;authorization denied: outside session window (server hour 02, window 03-20)
2026.04.10 02:15:00;VETO;authorization denied: outside session window (server hour 02, window 03-20)
2026.04.10 05:19:40;RISK;deal closed pnl=-95.75 streak=1 lock=0
2026.04.10 05:30:00;DECISION;setup SHORT score=0.70 entry=4744.50 inv=4777.16 tgt=0.00 [BOS short lvl=4750.74|RelVol=0.97|VPnear|VWAPside|CycleTurn w=0.62<-0.90]
2026.04.10 05:30:00;ORDER;filled SELL 0.03 lots sl=4777.16 tp=4679.18 [WT|BOS|0.70]
2026.04.10 05:30:00;RISK;sizing: vol_ratio=0.86 scalar=1.00 gap_buf=0.00000 eff_stop=32.66000
2026.04.10 05:30:00;ORDER;entry fill deal #242 SELL 0.03 @ 4744.50000
2026.04.10 09:15:00;DECISION;setup SHORT score=0.85 entry=4756.30 inv=4770.79 tgt=0.00 [BOS short lvl=4757.44|RelVol=0.74|VPnode d=0.70|VWAPside|CycleTurn w=0.97<-0.97]
2026.04.10 09:15:00;VETO;risk veto: max positions
2026.04.10 12:00:00;DECISION;setup SHORT score=0.60 entry=4740.77 inv=4757.61 tgt=0.00 [BOS short lvl=4741.30|RelVol=1.22|VPnear|VWAPside|ADX=37]
2026.04.10 12:00:00;VETO;risk veto: max positions
2026.04.10 14:30:00;DECISION;setup LONG score=0.65 entry=4761.72 inv=4742.31 tgt=0.00 [CHoCH long lvl=4760.73|RelVol=0.60|VPnode d=2.02|VWAPside]
2026.04.10 14:30:00;VETO;risk veto: max positions
2026.04.10 15:30:40;RISK;deal closed pnl=-97.98 streak=2 lock=0
2026.04.10 17:30:00;DECISION;setup LONG score=0.50 entry=4790.67 inv=4742.31 tgt=0.00 [BOS long lvl=4782.30|RelVol=0.85|VWAPside|ADX=45]
2026.04.10 17:30:00;ORDER;filled BUY 0.02 lots sl=4742.31 tp=4887.54 [WT|BOS|0.50]
2026.04.10 17:30:00;RISK;sizing: vol_ratio=1.09 scalar=1.00 gap_buf=0.00000 eff_stop=48.41000
2026.04.10 17:30:00;ORDER;entry fill deal #244 BUY 0.02 @ 4790.72000
2026.04.13 01:00:00;RISK;deal closed pnl=-97.07 streak=1 lock=0
2026.04.13 01:15:00;DECISION;setup SHORT score=0.75 entry=4676.08 inv=4773.16 tgt=0.00 [CHoCH short lvl=4751.00|RelVol=1.73|VPnode d=0.02|CycleTurn w=-0.61<-0.07]
2026.04.13 01:15:00;VETO;authorization denied: outside session window (server hour 01, window 03-20)
2026.04.13 01:30:00;VETO;authorization denied: outside session window (server hour 01, window 03-20)
2026.04.13 01:45:00;VETO;authorization denied: outside session window (server hour 01, window 03-20)
2026.04.13 02:00:00;VETO;authorization denied: outside session window (server hour 02, window 03-20)
2026.04.13 09:00:00;DECISION;setup LONG score=0.65 entry=4729.46 inv=4708.74 tgt=0.00 [CHoCH long lvl=4723.97|RelVol=0.80|VPnode d=1.34|VWAPside]
2026.04.13 09:00:00;ORDER;filled BUY 0.05 lots sl=4708.74 tp=4771.02 [WT|CHOCH|0.65]
2026.04.13 09:00:00;RISK;sizing: vol_ratio=0.72 scalar=1.00 gap_buf=0.00000 eff_stop=20.76000
2026.04.13 09:00:00;ORDER;entry fill deal #246 BUY 0.05 @ 4729.50000
2026.04.13 12:15:00;DECISION;setup SHORT score=0.75 entry=4719.18 inv=4740.03 tgt=0.00 [CHoCH short lvl=4720.73|RelVol=1.01|VPnode d=1.72|CycleTurn w=-0.47<-0.54]
2026.04.13 12:15:00;VETO;risk veto: max positions
2026.04.13 13:25:40;RISK;deal closed pnl=-103.80 streak=2 lock=0
2026.04.13 14:45:00;DECISION;setup SHORT score=0.65 entry=4707.73 inv=4740.03 tgt=0.00 [BOS short lvl=4708.32|RelVol=0.76|VPnode d=3.07|VWAPside]
2026.04.13 14:45:00;ORDER;filled SELL 0.03 lots sl=4740.03 tp=4643.13 [WT|BOS|0.65]
2026.04.13 14:45:00;RISK;sizing: vol_ratio=0.75 scalar=1.00 gap_buf=0.00000 eff_stop=32.30000
2026.04.13 14:45:00;ORDER;entry fill deal #248 SELL 0.03 @ 4707.73000
2026.04.13 16:15:00;DECISION;setup LONG score=0.85 entry=4734.33 inv=4703.63 tgt=0.00 [CHoCH long lvl=4729.12|RelVol=0.82|VPnode d=0.27|VWAPside|CycleTurn w=-0.28<--0.93]
2026.04.13 16:15:00;VETO;risk veto: max positions
2026.04.13 16:49:40;RISK;deal closed pnl=-96.90 streak=3 lock=2
2026.04.14 01:45:00;DECISION;setup LONG score=0.75 entry=4750.41 inv=4723.26 tgt=0.00 [BOS long lvl=4750.12|RelVol=0.58|VPnode d=0.61|VWAPside|ADX=33]
2026.04.14 01:45:00;VETO;authorization denied: outside session window (server hour 01, window 03-20)
2026.04.14 02:00:00;VETO;authorization denied: outside session window (server hour 02, window 03-20)
2026.04.14 02:15:00;VETO;authorization denied: outside session window (server hour 02, window 03-20)
2026.04.14 02:30:00;VETO;authorization denied: outside session window (server hour 02, window 03-20)
2026.04.14 03:45:00;DECISION;setup LONG score=0.75 entry=4770.47 inv=4723.26 tgt=0.00 [BOS long lvl=4765.93|RelVol=0.77|VPnode d=2.87|VWAPside|ADX=43]
2026.04.14 03:45:00;ORDER;filled BUY 0.02 lots sl=4723.26 tp=4864.71 [WT|BOS|0.75]
2026.04.14 03:45:00;RISK;sizing: vol_ratio=0.69 scalar=1.00 gap_buf=0.00000 eff_stop=47.15000
2026.04.14 03:45:00;ORDER;entry fill deal #250 BUY 0.02 @ 4770.41000
2026.04.14 08:15:00;DECISION;setup SHORT score=0.65 entry=4765.55 inv=4777.03 tgt=0.00 [CHoCH short lvl=4765.78|RelVol=0.65|VPnode d=2.15|VWAPside]
2026.04.14 08:15:00;VETO;risk veto: max positions
2026.04.14 10:00:00;DECISION;setup LONG score=0.70 entry=4782.23 inv=4758.00 tgt=0.00 [CHoCH long lvl=4777.03|RelVol=1.14|VPnear|VWAPside|CycleTurn w=-0.93<--0.99]
2026.04.14 10:00:00;VETO;risk veto: max positions
2026.04.14 13:45:00;DECISION;setup SHORT score=0.65 entry=4767.47 inv=4789.98 tgt=0.00 [CHoCH short lvl=4771.64|RelVol=1.25|VPnode d=0.63|VWAPside]
2026.04.14 13:45:00;VETO;risk veto: max positions
2026.04.14 16:45:00;DECISION;setup LONG score=0.70 entry=4793.15 inv=4762.31 tgt=0.00 [CHoCH long lvl=4788.02|RelVol=1.11|VPnear|VWAPside|CycleTurn w=-0.23<--0.87]
2026.04.14 16:45:00;VETO;risk veto: max positions
2026.04.14 17:35:20;MANAGE;#250 SL 4723.26 -> 4770.45 breakeven
2026.04.14 17:35:40;MANAGE;#250 SL 4770.45 -> 4790.56 trail
2026.04.14 17:35:59;MANAGE;#250 SL 4790.56 -> 4791.33 trail
2026.04.14 17:36:20;MANAGE;#250 SL 4791.33 -> 4791.77 trail
2026.04.14 18:10:40;RISK;deal closed pnl=42.72 streak=0 lock=0
2026.04.14 20:15:00;DECISION;setup LONG score=0.50 entry=4827.27 inv=4791.11 tgt=0.00 [BOS long lvl=4818.00|RelVol=1.09|VWAPside|ADX=43]
2026.04.14 20:15:00;VETO;authorization denied: outside session window (server hour 20, window 03-20)
2026.04.14 20:30:00;VETO;authorization denied: outside session window (server hour 20, window 03-20)
2026.04.14 20:45:00;VETO;authorization denied: outside session window (server hour 20, window 03-20)
2026.04.14 21:00:00;VETO;authorization denied: outside session window (server hour 21, window 03-20)
2026.04.15 01:00:00;VETO;signal rejected: score 0.40 < 0.45 [BOS long lvl=4843.38|RelVol=1.52|ADX=45]
2026.04.15 03:45:00;DECISION;setup SHORT score=0.65 entry=4830.06 inv=4850.64 tgt=0.00 [CHoCH short lvl=4833.40|RelVol=0.62|VPnode d=2.94|VWAPside]
2026.04.15 03:45:00;ORDER;filled SELL 0.05 lots sl=4850.64 tp=4788.90 [WT|CHOCH|0.65]
2026.04.15 03:45:00;RISK;sizing: vol_ratio=0.82 scalar=1.00 gap_buf=0.00000 eff_stop=20.58000
2026.04.15 03:45:00;ORDER;entry fill deal #252 SELL 0.05 @ 4830.06000
2026.04.15 04:11:40;RISK;deal closed pnl=-102.90 streak=1 lock=0
2026.04.15 04:30:00;DECISION;setup LONG score=0.85 entry=4850.84 inv=4827.02 tgt=0.00 [CHoCH long lvl=4850.64|RelVol=1.53|VPnode d=8.04|VWAPside|CycleTurn w=-0.93<--0.99]
2026.04.15 04:30:00;ORDER;filled BUY 0.04 lots sl=4827.02 tp=4898.60 [WT|CHOCH|0.85]
2026.04.15 04:30:00;RISK;sizing: vol_ratio=1.14 scalar=1.00 gap_buf=0.00000 eff_stop=23.86000
2026.04.15 04:30:00;ORDER;entry fill deal #254 BUY 0.04 @ 4850.88000
2026.04.15 05:34:40;RISK;deal closed pnl=-95.44 streak=2 lock=0
2026.04.15 06:00:00;DECISION;setup SHORT score=0.65 entry=4823.95 inv=4871.42 tgt=0.00 [CHoCH short lvl=4827.02|RelVol=1.30|VPnode d=8.45|VWAPside]
2026.04.15 06:00:00;ORDER;filled SELL 0.02 lots sl=4871.42 tp=4729.01 [WT|CHOCH|0.65]
2026.04.15 06:00:00;RISK;sizing: vol_ratio=1.20 scalar=1.00 gap_buf=0.00000 eff_stop=47.47000
2026.04.15 06:00:00;ORDER;entry fill deal #256 SELL 0.02 @ 4823.95000
2026.04.15 08:45:00;DECISION;setup SHORT score=0.65 entry=4816.81 inv=4829.58 tgt=0.00 [BOS short lvl=4820.52|RelVol=1.23|VPnode d=1.39|VWAPside]
2026.04.15 08:45:00;VETO;risk veto: max positions
2026.04.15 10:00:00;DECISION;setup SHORT score=0.65 entry=4811.67 inv=4830.39 tgt=0.00 [BOS short lvl=4812.63|RelVol=1.06|VPnode d=1.93|VWAPside]
2026.04.15 10:00:00;VETO;risk veto: max positions
2026.04.15 12:30:00;DECISION;setup SHORT score=0.65 entry=4798.00 inv=4830.39 tgt=0.00 [BOS short lvl=4804.61|RelVol=1.23|VPnode d=6.80|VWAPside]
2026.04.15 12:30:00;VETO;risk veto: max positions
2026.04.15 16:30:00;DECISION;setup LONG score=0.50 entry=4821.75 inv=4786.33 tgt=0.00 [CHoCH long lvl=4821.33|RelVol=0.82|VPnear|VWAPside]
2026.04.15 16:30:00;VETO;risk veto: max positions
2026.04.16 02:00:00;DECISION;setup LONG score=0.65 entry=4807.56 inv=4789.01 tgt=0.00 [BOS long lvl=4803.46|RelVol=0.63|VPnode d=4.96|VWAPside]
2026.04.16 02:00:00;VETO;authorization denied: outside session window (server hour 02, window 03-20)
2026.04.16 02:15:00;VETO;authorization denied: outside session window (server hour 02, window 03-20)
2026.04.16 02:30:00;VETO;authorization denied: outside session window (server hour 02, window 03-20)
2026.04.16 02:45:00;VETO;authorization denied: outside session window (server hour 02, window 03-20)
2026.04.16 04:45:00;DECISION;setup SHORT score=0.85 entry=4816.00 inv=4837.59 tgt=0.00 [CHoCH short lvl=4820.74|RelVol=0.81|VPnode d=0.40|VWAPside|CycleTurn w=0.94<-0.99]
2026.04.16 04:45:00;VETO;risk veto: max positions
2026.04.16 07:45:00;DECISION;setup LONG score=0.85 entry=4830.52 inv=4812.49 tgt=0.00 [CHoCH long lvl=4827.10|RelVol=0.49|VPnode d=0.68|VWAPside|CycleTurn w=0.19<--0.75]
2026.04.16 07:45:00;VETO;risk veto: max positions
2026.04.16 11:15:00;DECISION;setup SHORT score=0.50 entry=4811.71 inv=4830.97 tgt=0.00 [CHoCH short lvl=4814.50|RelVol=1.00|VPnear|VWAPside]
2026.04.16 11:15:00;VETO;risk veto: max positions
2026.04.16 15:00:00;DECISION;setup LONG score=0.65 entry=4822.15 inv=4805.02 tgt=0.00 [CHoCH long lvl=4818.09|RelVol=0.68|VPnode d=1.95|VWAPside]
2026.04.16 15:00:00;VETO;risk veto: max positions
2026.04.16 17:00:00;DECISION;setup SHORT score=0.60 entry=4794.84 inv=4823.36 tgt=0.00 [CHoCH short lvl=4811.53|RelVol=1.24|VWAPside|CycleTurn w=0.07<-0.97]
2026.04.16 17:00:00;VETO;risk veto: max positions
2026.04.16 17:40:40;MANAGE;#256 SL 4871.42 -> 4823.91 breakeven
2026.04.16 17:40:59;MANAGE;#256 SL 4823.91 -> 4798.25 trail
2026.04.16 18:03:40;RISK;deal closed pnl=51.12 streak=0 lock=0
2026.04.16 22:45:00;DECISION;setup LONG score=0.55 entry=4797.64 inv=4781.49 tgt=0.00 [CHoCH long lvl=4794.30|RelVol=0.81|VPnode d=0.84]
2026.04.16 22:45:00;VETO;authorization denied: outside session window (server hour 22, window 03-20)
2026.04.17 01:00:00;VETO;authorization denied: outside session window (server hour 01, window 03-20)
2026.04.17 01:15:00;VETO;authorization denied: outside session window (server hour 01, window 03-20)
2026.04.17 01:30:00;VETO;authorization denied: outside session window (server hour 01, window 03-20)
2026.04.17 03:45:00;DECISION;setup LONG score=0.65 entry=4798.59 inv=4788.73 tgt=0.00 [BOS long lvl=4797.78|RelVol=0.61|VPnode d=1.39|VWAPside]
2026.04.17 03:45:00;ORDER;filled BUY 0.11 lots sl=4788.73 tp=4818.43 [WT|BOS|0.65]
2026.04.17 03:45:00;RISK;sizing: vol_ratio=0.64 scalar=1.00 gap_buf=0.00000 eff_stop=9.90000
2026.04.17 03:45:00;ORDER;entry fill deal #258 BUY 0.11 @ 4798.63000
2026.04.17 04:04:20;RISK;deal closed pnl=-108.90 streak=1 lock=0
2026.04.17 04:15:00;DECISION;setup SHORT score=0.60 entry=4778.77 inv=4797.78 tgt=0.00 [CHoCH short lvl=4785.78|RelVol=0.99|VWAPside|CycleTurn w=0.96<-0.96]
2026.04.17 04:15:00;ORDER;filled SELL 0.05 lots sl=4797.78 tp=4740.75 [WT|CHOCH|0.60]
2026.04.17 04:15:00;RISK;sizing: vol_ratio=0.83 scalar=1.00 gap_buf=0.00000 eff_stop=19.01000
2026.04.17 04:15:00;ORDER;entry fill deal #260 SELL 0.05 @ 4778.77000
2026.04.17 06:06:40;RISK;deal closed pnl=-95.05 streak=2 lock=0
2026.04.17 07:45:00;DECISION;setup LONG score=0.65 entry=4800.98 inv=4784.40 tgt=0.00 [CHoCH long lvl=4798.07|RelVol=0.44|VPnode d=3.58|VWAPside]
2026.04.17 07:45:00;ORDER;filled BUY 0.06 lots sl=4784.40 tp=4834.26 [WT|CHOCH|0.65]
2026.04.17 07:45:00;RISK;sizing: vol_ratio=0.94 scalar=1.00 gap_buf=0.00000 eff_stop=16.62000
2026.04.17 07:45:00;ORDER;entry fill deal #262 BUY 0.06 @ 4801.02000
2026.04.17 09:21:40;RISK;deal closed pnl=-99.72 streak=3 lock=2
2026.04.17 09:30:00;DECISION;setup SHORT score=0.85 entry=4783.90 inv=4806.28 tgt=0.00 [CHoCH short lvl=4784.40|RelVol=0.80|VPnode d=1.90|VWAPside|CycleTurn w=0.04<-0.81]
2026.04.17 09:30:00;VETO;authorization denied: global lock (LOSS_STREAK)
2026.04.17 09:45:00;VETO;authorization denied: global lock (LOSS_STREAK)
2026.04.17 10:00:00;VETO;authorization denied: global lock (LOSS_STREAK)
2026.04.17 10:15:00;VETO;authorization denied: global lock (LOSS_STREAK)
2026.04.17 11:45:00;DECISION;setup LONG score=0.85 entry=4796.85 inv=4778.71 tgt=0.00 [CHoCH long lvl=4794.76|RelVol=0.69|VPnode d=0.05|VWAPside|CycleTurn w=-0.96<--1.00]
2026.04.17 11:45:00;VETO;authorization denied: global lock (LOSS_STREAK)
2026.04.17 12:00:00;VETO;authorization denied: global lock (LOSS_STREAK)
2026.04.17 12:15:00;VETO;authorization denied: global lock (LOSS_STREAK)
2026.04.17 12:30:00;VETO;authorization denied: global lock (LOSS_STREAK)
2026.04.17 15:15:00;DECISION;setup LONG score=0.70 entry=4803.89 inv=4782.27 tgt=0.00 [BOS long lvl=4800.90|RelVol=0.68|VPnear|VWAPside|CycleTurn w=0.79<-0.12]
2026.04.17 15:15:00;VETO;authorization denied: global lock (LOSS_STREAK)
2026.04.17 15:30:00;VETO;authorization denied: global lock (LOSS_STREAK)
2026.04.17 15:45:00;VETO;authorization denied: global lock (LOSS_STREAK)
2026.04.17 16:00:00;VETO;authorization denied: global lock (LOSS_STREAK)
2026.04.20 01:15:00;DECISION;setup SHORT score=0.55 entry=4790.29 inv=4868.10 tgt=0.00 [CHoCH short lvl=4853.68|RelVol=2.08|VPnode d=0.59]
2026.04.20 01:15:00;VETO;authorization denied: outside session window (server hour 01, window 03-20)
2026.04.20 01:30:00;VETO;authorization denied: outside session window (server hour 01, window 03-20)
2026.04.20 01:45:00;VETO;authorization denied: outside session window (server hour 01, window 03-20)
2026.04.20 02:00:00;VETO;authorization denied: outside session window (server hour 02, window 03-20)
2026.04.20 02:45:00;DECISION;setup SHORT score=0.60 entry=4751.68 inv=4868.10 tgt=0.00 [BOS short lvl=4757.97|RelVol=1.34|VPnear|VWAPside|ADX=51]
2026.04.20 02:45:00;VETO;authorization denied: outside session window (server hour 02, window 03-20)
2026.04.20 03:00:00;VETO;risk veto: size 0.00 < broker min 0.01 (risk too small for stop)
2026.04.20 07:45:00;DECISION;setup SHORT score=0.55 entry=4787.29 inv=4814.44 tgt=0.00 [BOS short lvl=4788.74|RelVol=0.62|VPnode d=4.61]
2026.04.20 07:45:00;ORDER;filled SELL 0.04 lots sl=4814.44 tp=4732.99 [WT|BOS|0.55]
2026.04.20 07:45:00;RISK;sizing: vol_ratio=0.67 scalar=1.00 gap_buf=0.00000 eff_stop=27.15000
2026.04.20 07:45:00;ORDER;entry fill deal #264 SELL 0.04 @ 4787.29000
2026.04.20 10:15:00;DECISION;setup LONG score=0.65 entry=4797.42 inv=4779.64 tgt=0.00 [CHoCH long lvl=4796.05|RelVol=0.96|VPnode d=5.72|VWAPside]
2026.04.20 10:15:00;VETO;risk veto: max positions
2026.04.20 13:30:00;DECISION;setup LONG score=0.65 entry=4798.22 inv=4783.52 tgt=0.00 [BOS long lvl=4797.87|RelVol=0.65|VPnode d=5.18|VWAPside]
2026.04.20 13:30:00;VETO;risk veto: max positions
2026.04.20 15:00:00;DECISION;setup LONG score=0.50 entry=4810.49 inv=4783.52 tgt=0.00 [BOS long lvl=4800.99|RelVol=1.06|VPnear|VWAPside]
2026.04.20 15:00:00;VETO;risk veto: max positions
2026.04.20 15:18:40;RISK;deal closed pnl=-108.60 streak=1 lock=0
2026.04.20 16:30:00;VETO;signal rejected: score 0.40 < 0.45 [BOS long lvl=4822.08|RelVol=0.88|VWAPside]
2026.04.21 01:15:00;DECISION;setup LONG score=0.65 entry=4829.18 inv=4792.84 tgt=0.00 [BOS long lvl=4821.38|RelVol=0.96|VPnode d=0.88|VWAPside]
2026.04.21 01:15:00;VETO;authorization denied: outside session window (server hour 01, window 03-20)
2026.04.21 01:30:00;VETO;authorization denied: outside session window (server hour 01, window 03-20)
2026.04.21 01:45:00;VETO;authorization denied: outside session window (server hour 01, window 03-20)
2026.04.21 02:00:00;VETO;authorization denied: outside session window (server hour 02, window 03-20)
2026.04.21 05:00:00;DECISION;setup SHORT score=0.65 entry=4810.22 inv=4830.75 tgt=0.00 [CHoCH short lvl=4810.58|RelVol=0.68|VPnode d=4.38|VWAPside]
2026.04.21 05:00:00;ORDER;filled SELL 0.05 lots sl=4830.75 tp=4769.13 [WT|CHOCH|0.65]
2026.04.21 05:00:00;RISK;sizing: vol_ratio=0.80 scalar=1.00 gap_buf=0.00000 eff_stop=20.54000
2026.04.21 05:00:00;ORDER;entry fill deal #266 SELL 0.05 @ 4810.21000
2026.04.21 07:31:20;MANAGE;#266 SL 4830.75 -> 4810.17 breakeven
2026.04.21 07:31:40;MANAGE;#266 SL 4810.17 -> 4803.96 trail
2026.04.21 07:31:59;MANAGE;#266 SL 4803.96 -> 4803.70 trail
2026.04.21 07:32:20;MANAGE;#266 SL 4803.70 -> 4803.50 trail
2026.04.21 07:48:40;MANAGE;#266 SL 4803.50 -> 4801.73 trail
2026.04.21 07:50:20;MANAGE;#266 SL 4801.73 -> 4801.29 trail
2026.04.21 07:55:40;MANAGE;#266 SL 4801.29 -> 4800.81 trail
2026.04.21 08:00:40;MANAGE;#266 SL 4800.81 -> 4799.02 trail
2026.04.21 08:01:40;MANAGE;#266 SL 4799.02 -> 4798.30 trail
2026.04.21 08:03:40;MANAGE;#266 SL 4798.30 -> 4798.11 trail
2026.04.21 08:28:40;MANAGE;#266 SL 4798.11 -> 4797.96 trail
2026.04.21 08:29:20;MANAGE;#266 SL 4797.96 -> 4797.81 trail
2026.04.21 08:52:40;MANAGE;#266 SL 4797.81 -> 4795.48 trail
2026.04.21 09:00:40;MANAGE;#266 SL 4795.48 -> 4791.13 trail
2026.04.21 09:02:40;MANAGE;#266 SL 4791.13 -> 4789.38 trail
2026.04.21 09:03:20;MANAGE;#266 SL 4789.38 -> 4788.84 trail
2026.04.21 09:10:40;RISK;deal closed pnl=106.85 streak=0 lock=0
2026.04.21 14:00:00;DECISION;setup LONG score=0.55 entry=4789.79 inv=4779.30 tgt=0.00 [CHoCH long lvl=4789.65|RelVol=0.61|StopFloored|VPnode d=4.69]
2026.04.21 14:00:00;ORDER;filled BUY 0.10 lots sl=4779.30 tp=4810.89 [WT|CHOCH|0.55]
2026.04.21 14:00:00;RISK;sizing: vol_ratio=0.89 scalar=1.00 gap_buf=0.00000 eff_stop=10.53143
2026.04.21 14:00:00;ORDER;entry fill deal #268 BUY 0.10 @ 4789.83000
2026.04.21 14:09:40;RISK;deal closed pnl=-105.30 streak=1 lock=0
2026.04.21 16:15:00;DECISION;setup SHORT score=0.85 entry=4765.25 inv=4797.95 tgt=0.00 [CHoCH short lvl=4775.39|RelVol=1.01|VPnode d=0.35|VWAPside|CycleTurn w=-0.12<-0.76]
2026.04.21 16:15:00;ORDER;filled SELL 0.03 lots sl=4797.95 tp=4699.85 [WT|CHOCH|0.85]
2026.04.21 16:15:00;RISK;sizing: vol_ratio=1.11 scalar=1.00 gap_buf=0.00000 eff_stop=32.70000
2026.04.21 16:15:00;ORDER;entry fill deal #270 SELL 0.03 @ 4765.25000
2026.04.21 16:15:40;RISK;FLATTEN ALL: total drawdown hard stop
2026.04.21 16:15:40;RISK;TOTAL DD LOCK - manual clear of global variables required to resume
2026.04.21 16:15:40;RISK;deal closed pnl=-12.96 streak=2 lock=3
