time;tag;message
2025.07.01 00:00:00;RECOVER;init: v2.30 test_case=A2_tuned lock=0 streak=0 positions=0 equity=10000.00 day_eq=10000.00 peak_eq=10000.00
2025.07.01 00:00:00;VETO;signal rejected: score 0.40 < 0.55 [BOS long lvl=1.18|RelVol=1.19|Retest@1.18|ADX=62]
2025.07.01 03:15:00;VETO;signal rejected: volume: relVol 0.76 < 1.00
2025.07.01 05:00:00;VETO;signal rejected: volume: relVol 0.84 < 1.00
2025.07.01 10:15:00;VETO;outlier bar masked, z=3.7
2025.07.01 11:30:00;VETO;signal rejected: score 0.40 < 0.55 [CHoCH long lvl=1.18|RelVol=1.13|Retest@1.18|VWAPside]
2025.07.01 12:00:00;VETO;outlier bar masked, z=6.7
2025.07.01 15:45:00;VETO;signal rejected: volume: relVol 0.66 < 1.00
2025.07.01 17:00:00;VETO;outlier bar masked, z=3.9
2025.07.01 17:15:00;VETO;outlier bar masked, z=3.7
2025.07.01 17:45:00;VETO;outlier bar masked, z=3.6
2025.07.01 22:15:00;VETO;signal rejected: score 0.30 < 0.55 [CHoCH long lvl=1.18|RelVol=1.17|Retest@1.18]
2025.07.02 04:00:00;VETO;signal rejected: volume: relVol 0.59 < 1.00
2025.07.02 05:00:00;VETO;outlier bar masked, z=3.7
2025.07.02 09:00:00;VETO;signal rejected: volume: relVol 0.98 < 1.00
2025.07.02 12:30:00;VETO;signal rejected: volume: relVol 0.89 < 1.00
2025.07.02 14:30:00;VETO;signal rejected: volume: relVol 0.71 < 1.00
2025.07.02 15:30:00;VETO;outlier bar masked, z=9.8
2025.07.02 15:45:00;VETO;outlier bar masked, z=5.3
2025.07.02 16:15:00;VETO;outlier bar masked, z=5.1
2025.07.02 19:00:00;VETO;signal rejected: score 0.40 < 0.55 [CHoCH long lvl=1.18|RelVol=1.05|Retest@1.18|VWAPside]
2025.07.02 20:15:00;VETO;signal rejected: score 0.50 < 0.55 [BOS long lvl=1.18|RelVol=1.12|VWAPside|ADX=43]
2025.07.02 23:00:00;VETO;signal rejected: volume: relVol 0.60 < 1.00
2025.07.03 00:15:00;VETO;signal rejected: volume: relVol 0.67 < 1.00
2025.07.03 00:45:01;VETO;signal rejected: score 0.40 < 0.55 [BOS short lvl=1.18|RelVol=1.26|VWAPside]
2025.07.03 10:30:00;VETO;signal rejected: volume: relVol 0.74 < 1.00
2025.07.03 12:15:00;VETO;signal rejected: volume: relVol 0.58 < 1.00
2025.07.03 15:00:00;VETO;signal rejected: volume: relVol 0.95 < 1.00
2025.07.03 15:45:00;VETO;outlier bar masked, z=17.0
2025.07.03 16:00:00;VETO;outlier bar masked, z=3.9
2025.07.03 17:15:00;VETO;outlier bar masked, z=5.3
2025.07.03 19:30:00;VETO;signal rejected: volume: relVol 0.84 < 1.00
2025.07.04 02:15:00;VETO;signal rejected: volume: relVol 0.59 < 1.00
2025.07.04 10:30:00;VETO;signal rejected: volume: relVol 0.10 < 1.00
2025.07.04 12:45:00;VETO;signal rejected: volume: relVol 0.76 < 1.00
2025.07.04 17:15:00;VETO;signal rejected: volume: relVol 0.46 < 1.00
2025.07.04 20:00:00;VETO;signal rejected: volume: relVol 0.33 < 1.00
2025.07.04 22:00:00;VETO;signal rejected: volume: relVol 0.57 < 1.00
2025.07.07 00:01:40;VETO;outlier bar masked, z=3.5
2025.07.07 00:15:00;VETO;outlier bar masked, z=4.4
2025.07.07 03:15:00;VETO;signal rejected: volume: relVol 0.77 < 1.00
2025.07.07 04:45:00;VETO;signal rejected: volume: relVol 0.66 < 1.00
2025.07.07 08:30:00;VETO;signal rejected: volume: relVol 0.96 < 1.00
2025.07.07 09:30:00;VETO;signal rejected: volume: relVol 0.76 < 1.00
2025.07.07 15:30:00;VETO;signal rejected: volume: relVol 0.76 < 1.00
2025.07.07 16:30:00;VETO;signal rejected: volume: relVol 0.89 < 1.00
2025.07.07 19:30:00;VETO;outlier bar masked, z=7.9
2025.07.07 19:45:00;VETO;outlier bar masked, z=3.7
2025.07.07 20:00:00;VETO;outlier bar masked, z=5.7
2025.07.07 20:45:00;VETO;outlier bar masked, z=4.2
2025.07.08 01:45:00;VETO;signal rejected: score 0.40 < 0.55 [CHoCH long lvl=1.17|RelVol=1.00|Retest@1.17|VWAPside]
2025.07.08 08:45:00;VETO;signal rejected: volume: relVol 0.80 < 1.00
2025.07.08 10:15:00;VETO;signal rejected: volume: relVol 0.97 < 1.00
2025.07.08 13:30:00;VETO;signal rejected: volume: relVol 0.73 < 1.00
2025.07.08 15:00:00;VETO;signal rejected: score 0.50 < 0.55 [BOS short lvl=1.17|RelVol=1.01|VWAPside|ADX=42]
2025.07.08 16:15:00;VETO;signal rejected: volume: relVol 0.71 < 1.00
2025.07.09 00:30:00;VETO;signal rejected: volume: relVol 0.58 < 1.00
2025.07.09 05:45:00;VETO;signal rejected: score 0.40 < 0.55 [BOS short lvl=1.17|RelVol=1.05|Retest@1.17|VWAPside]
2025.07.09 10:00:00;VETO;signal rejected: volume: relVol 0.91 < 1.00
2025.07.09 10:45:00;VETO;outlier bar masked, z=4.0
2025.07.09 13:45:00;VETO;signal rejected: volume: relVol 0.96 < 1.00
2025.07.09 15:00:00;VETO;outlier bar masked, z=3.5
2025.07.09 19:30:00;VETO;signal rejected: volume: relVol 0.66 < 1.00
2025.07.09 21:15:00;VETO;signal rejected: volume: relVol 0.90 < 1.00
2025.07.09 22:30:00;VETO;signal rejected: volume: relVol 0.83 < 1.00
2025.07.10 01:30:00;VETO;signal rejected: volume: relVol 0.57 < 1.00
2025.07.10 02:30:00;VETO;signal rejected: volume: relVol 0.60 < 1.00
2025.07.10 06:15:00;VETO;signal rejected: volume: relVol 0.61 < 1.00
2025.07.10 10:45:00;VETO;signal rejected: volume: relVol 0.72 < 1.00
2025.07.10 14:15:00;VETO;signal rejected: volume: relVol 0.81 < 1.00
2025.07.10 17:30:00;VETO;outlier bar masked, z=9.4
2025.07.10 21:15:00;VETO;signal rejected: volume: relVol 0.63 < 1.00
2025.07.10 22:45:00;VETO;signal rejected: volume: relVol 0.66 < 1.00
2025.07.11 03:15:00;VETO;outlier bar masked, z=4.6
2025.07.11 03:30:00;VETO;outlier bar masked, z=7.3
2025.07.11 03:45:00;VETO;outlier bar masked, z=3.9
2025.07.11 04:00:00;VETO;outlier bar masked, z=4.6
2025.07.11 10:15:00;VETO;outlier bar masked, z=4.0
2025.07.11 16:45:00;VETO;outlier bar masked, z=5.1
2025.07.11 17:30:00;VETO;signal rejected: volume: relVol 0.89 < 1.00
2025.07.11 23:30:00;VETO;signal rejected: volume: relVol 0.85 < 1.00
2025.07.14 00:15:00;VETO;outlier bar masked, z=7.2
2025.07.14 01:15:00;VETO;outlier bar masked, z=4.5
2025.07.14 03:15:00;VETO;signal rejected: volume: relVol 0.93 < 1.00
2025.07.14 08:45:00;VETO;signal rejected: score 0.40 < 0.55 [CHoCH short lvl=1.17|RelVol=1.02|Retest@1.17|VWAPside]
2025.07.14 11:00:00;DECISION;setup LONG score=0.60 entry=1.17 inv=1.17 tgt=0.00 AWAIT-RETEST [CHoCH long lvl=1.17|RelVol=1.02|Retest@1.17|VWAPside|CycleTurn w=0.75<--0.07]
2025.07.14 11:15:00;VETO;authorization denied: outside session window (server hour 11, window 12-20)
2025.07.14 11:30:00;VETO;authorization denied: outside session window (server hour 11, window 12-20)
2025.07.14 11:45:00;VETO;authorization denied: outside session window (server hour 11, window 12-20)
2025.07.14 12:00:00;DECISION;TP capped 0.00590 -> 0.00443 (3.0xATR)
2025.07.14 12:00:00;ORDER;filled BUY 0.30 lots sl=1.17 tp=1.17 [WT|CHOCH|0.60]
2025.07.14 12:00:00;RISK;sizing: vol_ratio=0.99 scalar=1.00 gap_buf=0.00037 eff_stop=0.00332
2025.07.14 12:00:00;ORDER;entry fill deal #2 BUY 0.30 @ 1.16833
2025.07.14 13:00:00;VETO;signal rejected: volume: relVol 0.81 < 1.00
2025.07.14 14:30:00;VETO;signal rejected: volume: relVol 0.90 < 1.00
2025.07.14 15:30:00;VETO;signal rejected: volume: relVol 0.69 < 1.00
2025.07.14 19:00:00;VETO;outlier bar masked, z=7.1
2025.07.14 20:45:00;VETO;signal rejected: volume: relVol 0.59 < 1.00
2025.07.15 03:15:00;VETO;signal rejected: volume: relVol 0.82 < 1.00
2025.07.15 06:30:00;VETO;signal rejected: volume: relVol 0.56 < 1.00
2025.07.15 08:15:00;VETO;signal rejected: volume: relVol 0.63 < 1.00
2025.07.15 10:30:00;VETO;outlier bar masked, z=4.0
2025.07.15 10:45:00;VETO;signal rejected: volume: relVol 0.83 < 1.00
2025.07.15 13:30:00;VETO;signal rejected: volume: relVol 0.84 < 1.00
2025.07.15 15:45:00;VETO;outlier bar masked, z=13.0
2025.07.15 16:00:00;VETO;outlier bar masked, z=8.0
2025.07.15 16:15:00;VETO;outlier bar masked, z=5.2
2025.07.15 16:34:19;RISK;deal closed pnl=-89.01 streak=1 lock=0
2025.07.15 16:45:00;VETO;outlier bar masked, z=10.2
2025.07.15 17:15:00;VETO;outlier bar masked, z=5.3
2025.07.15 17:30:00;VETO;outlier bar masked, z=4.9
2025.07.15 19:15:00;VETO;outlier bar masked, z=4.0
2025.07.15 19:45:00;VETO;signal rejected: score 0.50 < 0.55 [BOS short lvl=1.16|RelVol=1.09|VWAPside|ADX=60]
2025.07.16 00:15:00;VETO;signal rejected: volume: relVol 0.38 < 1.00
2025.07.16 02:00:00;VETO;signal rejected: volume: relVol 0.54 < 1.00
2025.07.16 08:00:00;VETO;signal rejected: volume: relVol 0.91 < 1.00
2025.07.16 09:00:00;VETO;signal rejected: volume: relVol 0.62 < 1.00
2025.07.16 15:00:00;VETO;signal rejected: score 0.40 < 0.55 [CHoCH short lvl=1.16|RelVol=1.09|Retest@1.16|VWAPside]
2025.07.16 15:45:00;VETO;outlier bar masked, z=6.0
2025.07.16 16:00:00;VETO;outlier bar masked, z=5.6
2025.07.16 16:30:00;VETO;outlier bar masked, z=4.4
2025.07.16 17:00:00;VETO;outlier bar masked, z=4.3
2025.07.16 18:00:00;VETO;outlier bar masked, z=14.6
2025.07.16 18:15:00;VETO;outlier bar masked, z=11.3
2025.07.16 18:30:00;VETO;outlier bar masked, z=29.3
2025.07.16 18:45:00;VETO;outlier bar masked, z=14.7
2025.07.16 19:00:00;VETO;outlier bar masked, z=31.7
2025.07.16 19:15:00;VETO;outlier bar masked, z=14.7
2025.07.16 19:30:00;VETO;outlier bar masked, z=4.3
2025.07.16 20:00:00;VETO;outlier bar masked, z=4.9
2025.07.16 20:15:00;VETO;outlier bar masked, z=5.1
2025.07.16 21:00:00;VETO;outlier bar masked, z=6.8
2025.07.17 03:30:00;VETO;signal rejected: volume: relVol 0.52 < 1.00
2025.07.17 09:15:00;DECISION;setup SHORT score=0.70 entry=1.16 inv=1.16 tgt=0.00 AWAIT-RETEST [BOS short lvl=1.16|RelVol=1.07|Retest@1.16|VWAPside|CycleTurn w=0.88<-0.99|ADX=31]
2025.07.17 09:30:00;VETO;outlier bar masked, z=6.4
2025.07.17 14:30:00;VETO;signal rejected: volume: relVol 0.74 < 1.00
2025.07.17 15:45:00;VETO;outlier bar masked, z=5.1
2025.07.17 19:30:00;VETO;signal rejected: volume: relVol 0.76 < 1.00
2025.07.18 01:15:00;VETO;signal rejected: volume: relVol 0.49 < 1.00
2025.07.18 01:45:00;VETO;outlier bar masked, z=3.7
2025.07.18 05:00:00;VETO;signal rejected: volume: relVol 0.89 < 1.00
2025.07.18 07:30:00;VETO;signal rejected: volume: relVol 0.79 < 1.00
2025.07.18 11:15:00;VETO;signal rejected: volume: relVol 0.75 < 1.00
2025.07.18 14:45:00;VETO;signal rejected: volume: relVol 0.86 < 1.00
2025.07.18 15:15:00;VETO;outlier bar masked, z=4.0
2025.07.18 16:30:00;VETO;outlier bar masked, z=4.0
2025.07.18 17:15:00;VETO;outlier bar masked, z=4.6
2025.07.18 19:15:00;VETO;signal rejected: volume: relVol 0.74 < 1.00
2025.07.18 19:30:00;VETO;outlier bar masked, z=4.0
2025.07.21 00:15:00;VETO;signal rejected: score 0.40 < 0.55 [CHoCH long lvl=1.16|RelVol=3.52|Retest@1.16|VWAPside]
2025.07.21 04:00:00;VETO;signal rejected: volume: relVol 0.63 < 1.00
2025.07.21 09:45:00;VETO;signal rejected: volume: relVol 0.90 < 1.00
2025.07.21 11:45:01;VETO;signal rejected: score 0.50 < 0.55 [BOS long lvl=1.16|RelVol=1.02|VWAPside|ADX=43]
2025.07.21 14:15:02;VETO;signal rejected: volume: relVol 0.93 < 1.00
2025.07.21 17:15:00;VETO;outlier bar masked, z=5.4
2025.07.22 03:15:00;VETO;signal rejected: volume: relVol 0.57 < 1.00
2025.07.22 11:45:00;VETO;signal rejected: volume: relVol 0.96 < 1.00
2025.07.22 13:00:00;VETO;signal rejected: volume: relVol 0.65 < 1.00
2025.07.22 15:30:00;VETO;signal rejected: volume: relVol 0.62 < 1.00
2025.07.22 16:15:00;VETO;outlier bar masked, z=4.7
2025.07.22 16:45:00;VETO;outlier bar masked, z=3.9
2025.07.22 17:45:00;VETO;signal rejected: volume: relVol 0.81 < 1.00
2025.07.22 18:00:00;VETO;outlier bar masked, z=6.0
2025.07.22 18:15:00;VETO;outlier bar masked, z=4.2
2025.07.23 00:00:00;VETO;signal rejected: score 0.30 < 0.55 [BOS long lvl=1.18|RelVol=1.13]
2025.07.23 02:15:00;DECISION;setup LONG score=0.60 entry=1.18 inv=1.17 tgt=0.00 [BOS long lvl=1.18|RelVol=1.16|VWAPside|CycleTurn w=-0.99<--1.00]
2025.07.23 02:15:00;VETO;authorization denied: outside session window (server hour 02, window 12-20)
2025.07.23 02:30:01;VETO;signal rejected: score 0.40 < 0.55 [CHoCH short lvl=1.17|RelVol=2.00|Retest@1.17|VWAPside]
2025.07.23 08:45:02;VETO;signal rejected: score 0.40 < 0.55 [BOS short lvl=1.17|RelVol=1.09|Retest@1.17|VWAPside]
2025.07.23 10:15:00;VETO;signal rejected: volume: relVol 0.86 < 1.00
2025.07.23 14:00:00;VETO;signal rejected: score 0.40 < 0.55 [CHoCH short lvl=1.17|RelVol=1.01|Retest@1.17|VWAPside]
2025.07.23 15:45:00;VETO;signal rejected: volume: relVol 0.43 < 1.00
2025.07.23 17:45:00;VETO;signal rejected: volume: relVol 0.84 < 1.00
2025.07.23 19:00:00;VETO;outlier bar masked, z=8.9
2025.07.23 19:15:00;VETO;outlier bar masked, z=3.7
2025.07.23 21:15:00;VETO;signal rejected: score 0.40 < 0.55 [BOS long lvl=1.18|RelVol=1.14|VWAPside]
2025.07.24 00:00:00;VETO;signal rejected: score 0.50 < 0.55 [CHoCH short lvl=1.18|RelVol=2.13|Retest@1.18|StopFloored|CycleTurn w=-0.45<-0.63]
2025.07.24 02:30:00;VETO;signal rejected: volume: relVol 0.85 < 1.00
2025.07.24 06:15:00;VETO;signal rejected: volume: relVol 0.90 < 1.00
2025.07.24 09:00:00;VETO;signal rejected: volume: relVol 0.70 < 1.00
2025.07.24 12:15:00;VETO;signal rejected: volume: relVol 0.95 < 1.00
2025.07.24 15:45:00;VETO;outlier bar masked, z=4.4
2025.07.24 16:15:00;VETO;outlier bar masked, z=8.7
2025.07.24 16:30:00;VETO;outlier bar masked, z=5.4
2025.07.24 17:00:00;VETO;outlier bar masked, z=4.2
2025.07.24 17:30:00;VETO;outlier bar masked, z=5.3
2025.07.24 18:00:00;VETO;outlier bar masked, z=3.9
2025.07.24 18:30:00;VETO;outlier bar masked, z=4.9
2025.07.24 23:00:00;VETO;signal rejected: score 0.40 < 0.55 [CHoCH short lvl=1.18|RelVol=1.06|Retest@1.18|VWAPside]
2025.07.25 00:15:00;VETO;outlier bar masked, z=3.6
2025.07.25 04:15:00;DECISION;setup SHORT score=0.60 entry=1.17 inv=1.18 tgt=0.00 [BOS short lvl=1.17|RelVol=1.01|VWAPside|CycleTurn w=0.99<-1.00]
2025.07.25 04:15:00;VETO;authorization denied: outside session window (server hour 04, window 12-20)
2025.07.25 04:30:00;VETO;authorization denied: outside session window (server hour 04, window 12-20)
2025.07.25 04:45:00;VETO;authorization denied: outside session window (server hour 04, window 12-20)
2025.07.25 05:00:01;VETO;authorization denied: outside session window (server hour 05, window 12-20)
2025.07.25 09:00:00;VETO;signal rejected: score 0.40 < 0.55 [CHoCH long lvl=1.17|RelVol=1.27|Retest@1.17|VWAPside]
2025.07.25 14:00:00;VETO;signal rejected: score 0.40 < 0.55 [CHoCH short lvl=1.17|RelVol=1.10|Retest@1.17|VWAPside]
2025.07.25 16:15:00;VETO;outlier bar masked, z=4.4
2025.07.25 16:30:00;VETO;outlier bar masked, z=4.1
2025.07.25 16:45:00;VETO;signal rejected: score 0.50 < 0.55 [BOS short lvl=1.17|RelVol=1.16|VWAPside|ADX=41]
2025.07.25 17:30:00;VETO;signal rejected: volume: relVol 0.66 < 1.00
2025.07.25 18:30:00;VETO;signal rejected: volume: relVol 0.82 < 1.00
2025.07.25 21:15:02;VETO;signal rejected: volume: relVol 0.85 < 1.00
2025.07.28 00:15:00;VETO;outlier bar masked, z=5.1
2025.07.28 01:15:00;VETO;outlier bar masked, z=4.4
2025.07.28 05:15:01;VETO;signal rejected: score 0.40 < 0.55 [CHoCH short lvl=1.18|RelVol=1.02|Retest@1.17|VWAPside]
2025.07.28 07:45:00;VETO;signal rejected: volume: relVol 0.99 < 1.00
2025.07.28 09:30:00;VETO;outlier bar masked, z=7.8
2025.07.28 10:30:00;VETO;signal rejected: score 0.50 < 0.55 [BOS short lvl=1.17|RelVol=1.21|VWAPside|ADX=40]
2025.07.28 10:45:00;VETO;outlier bar masked, z=3.8
2025.07.28 11:00:00;VETO;outlier bar masked, z=4.9
2025.07.28 12:45:00;VETO;signal rejected: score 0.50 < 0.55 [BOS short lvl=1.17|RelVol=1.50|VWAPside|ADX=43]
2025.07.28 16:30:00;VETO;signal rejected: score 0.50 < 0.55 [BOS short lvl=1.16|RelVol=1.16|VWAPside|ADX=42]
2025.07.28 18:30:01;DECISION;setup SHORT score=0.70 entry=1.16 inv=1.17 tgt=0.00 [BOS short lvl=1.16|RelVol=1.10|VWAPside|CycleTurn w=0.97<-0.97|ADX=40]
2025.07.28 18:30:01;DECISION;TP capped 0.00860 -> 0.00645 (3.0xATR)
2025.07.28 18:30:01;ORDER;filled SELL 0.20 lots sl=1.17 tp=1.16 [WT|BOS|0.70]
2025.07.28 18:30:01;RISK;sizing: vol_ratio=1.37 scalar=1.00 gap_buf=0.00056 eff_stop=0.00485
2025.07.28 18:30:01;ORDER;entry fill deal #4 SELL 0.20 @ 1.16215
2025.07.29 00:00:00;VETO;signal rejected: score 0.40 < 0.55 [BOS short lvl=1.16|RelVol=1.19|ADX=38]
2025.07.29 02:15:00;VETO;signal rejected: volume: relVol 0.48 < 1.00
2025.07.29 04:00:00;VETO;signal rejected: volume: relVol 0.86 < 1.00
2025.07.29 05:30:00;VETO;signal rejected: volume: relVol 0.77 < 1.00
2025.07.29 06:45:00;DECISION;setup SHORT score=0.60 entry=1.16 inv=1.16 tgt=0.00 AWAIT-RETEST [CHoCH short lvl=1.16|RelVol=1.25|Retest@1.16|VWAPside|CycleTurn w=0.91<-0.98]
2025.07.29 07:00:00;VETO;authorization denied: outside session window (server hour 07, window 12-20)
2025.07.29 07:15:00;VETO;authorization denied: outside session window (server hour 07, window 12-20)
2025.07.29 07:17:18;MANAGE;#4 SL 1.17 -> 1.16 breakeven
2025.07.29 07:17:18;MANAGE;#4 partial close 0.10 of 0.20 lots
2025.07.29 07:17:18;RISK;deal closed pnl=43.00 streak=0 lock=0
2025.07.29 07:17:18;MANAGE;#4 SL 1.16 -> 1.16 trail
2025.07.29 07:17:38;MANAGE;#4 SL 1.16 -> 1.16 trail
2025.07.29 07:18:35;MANAGE;#4 SL 1.16 -> 1.16 trail
2025.07.29 07:18:40;MANAGE;#4 SL 1.16 -> 1.16 trail
2025.07.29 07:30:00;VETO;authorization denied: outside session window (server hour 07, window 12-20)
2025.07.29 07:45:00;VETO;authorization denied: outside session window (server hour 07, window 12-20)
2025.07.29 07:56:36;RISK;deal closed pnl=34.30 streak=0 lock=0
2025.07.29 09:30:00;VETO;signal rejected: volume: relVol 0.86 < 1.00
2025.07.29 10:00:00;VETO;outlier bar masked, z=6.9
2025.07.29 14:45:00;VETO;outlier bar masked, z=4.8
2025.07.29 16:00:00;VETO;signal rejected: volume: relVol 0.91 < 1.00
2025.07.29 17:15:00;VETO;outlier bar masked, z=3.9
2025.07.29 17:30:00;VETO;outlier bar masked, z=3.6
2025.07.29 20:30:00;VETO;signal rejected: score 0.30 < 0.55 [CHoCH long lvl=1.15|RelVol=1.43|Retest@1.16]
2025.07.30 03:30:00;VETO;signal rejected: volume: relVol 0.78 < 1.00
2025.07.30 07:15:00;VETO;signal rejected: score 0.40 < 0.55 [CHoCH short lvl=1.16|RelVol=1.11|Retest@1.16|VWAPside]
2025.07.30 10:15:00;VETO;signal rejected: volume: relVol 0.91 < 1.00
2025.07.30 13:30:00;VETO;signal rejected: score 0.40 < 0.55 [CHoCH short lvl=1.15|RelVol=1.04|Retest@1.15|VWAPside]
2025.07.30 15:45:00;VETO;outlier bar masked, z=6.7
2025.07.30 16:00:00;VETO;outlier bar masked, z=5.0
2025.07.30 16:15:00;VETO;outlier bar masked, z=4.7
2025.07.30 21:15:00;VETO;outlier bar masked, z=5.0
2025.07.30 21:45:01;VETO;outlier bar masked, z=14.0
2025.07.30 22:00:00;VETO;outlier bar masked, z=11.1
2025.07.30 22:15:00;VETO;outlier bar masked, z=4.8
2025.07.30 22:30:00;VETO;outlier bar masked, z=4.3
2025.07.30 23:30:00;VETO;signal rejected: score 0.50 < 0.55 [BOS short lvl=1.14|RelVol=2.25|Retest@1.14|VWAPside|ADX=31]
2025.07.31 04:45:00;VETO;signal rejected: score 0.40 < 0.55 [CHoCH long lvl=1.14|RelVol=1.07|Retest@1.14|VWAPside]
2025.07.31 08:00:00;VETO;signal rejected: score 0.40 < 0.55 [BOS long lvl=1.14|RelVol=1.40|VWAPside]
2025.07.31 09:30:00;VETO;signal rejected: score 0.50 < 0.55 [BOS long lvl=1.14|RelVol=1.24|Retest@1.14|VWAPside|ADX=34]
2025.07.31 13:00:00;VETO;signal rejected: score 0.40 < 0.55 [CHoCH short lvl=1.14|RelVol=1.09|Retest@1.14|VWAPside]
2025.07.31 16:15:00;DECISION;setup SHORT score=0.60 entry=1.14 inv=1.15 tgt=0.00 [BOS short lvl=1.14|RelVol=1.05|VWAPside|CycleTurn w=-0.73<-0.04]
2025.07.31 16:15:00;DECISION;TP capped 0.00674 -> 0.00506 (3.0xATR)
2025.07.31 16:15:00;ORDER;filled SELL 0.25 lots sl=1.15 tp=1.14 [WT|BOS|0.60]
2025.07.31 16:15:00;RISK;sizing: vol_ratio=1.03 scalar=1.00 gap_buf=0.00052 eff_stop=0.00389
2025.07.31 16:15:00;ORDER;entry fill deal #7 SELL 0.25 @ 1.14167
2025.07.31 17:54:01;RISK;deal closed pnl=-84.25 streak=1 lock=0
2025.07.31 23:00:00;DECISION;setup SHORT score=0.60 entry=1.14 inv=1.14 tgt=0.00 [BOS short lvl=1.14|RelVol=1.97|VWAPside|CycleTurn w=0.97<-1.00]
2025.07.31 23:00:00;VETO;authorization denied: outside session window (server hour 23, window 12-20)
2025.07.31 23:15:00;VETO;authorization denied: outside session window (server hour 23, window 12-20)
2025.07.31 23:30:00;VETO;authorization denied: outside session window (server hour 23, window 12-20)
2025.07.31 23:45:00;VETO;authorization denied: outside session window (server hour 23, window 12-20)
2025.08.01 05:00:00;DECISION;setup SHORT score=0.60 entry=1.14 inv=1.14 tgt=0.00 [BOS short lvl=1.14|RelVol=1.74|VWAPside|CycleTurn w=0.51<-0.95]
2025.08.01 05:00:00;VETO;authorization denied: outside session window (server hour 05, window 12-20)
2025.08.01 05:15:00;VETO;authorization denied: outside session window (server hour 05, window 12-20)
2025.08.01 05:30:00;VETO;authorization denied: outside session window (server hour 05, window 12-20)
2025.08.01 05:45:00;VETO;authorization denied: outside session window (server hour 05, window 12-20)
2025.08.01 08:45:00;VETO;signal rejected: score 0.40 < 0.55 [CHoCH long lvl=1.14|RelVol=1.06|Retest@1.14|StopFloored|VWAPside]
2025.08.01 11:15:00;VETO;signal rejected: volume: relVol 0.75 < 1.00
2025.08.01 15:45:00;VETO;outlier bar masked, z=44.4
2025.08.01 16:00:00;VETO;outlier bar masked, z=8.4
2025.08.01 16:15:00;VETO;outlier bar masked, z=7.4
2025.08.01 16:30:00;VETO;outlier bar masked, z=6.1
2025.08.01 16:45:00;VETO;outlier bar masked, z=3.6
2025.08.01 17:00:00;VETO;outlier bar masked, z=4.9
2025.08.01 17:15:00;VETO;outlier bar masked, z=8.5
2025.08.01 17:30:00;VETO;outlier bar masked, z=5.8
2025.08.01 18:00:00;VETO;outlier bar masked, z=3.6
2025.08.01 18:30:00;VETO;outlier bar masked, z=3.7
2025.08.01 19:30:00;VETO;outlier bar masked, z=4.3
2025.08.01 20:15:04;VETO;signal rejected: score 0.30 < 0.55 [CHoCH short lvl=1.15|RelVol=1.42|Retest@1.15]
2025.08.01 22:00:00;VETO;outlier bar masked, z=3.8
2025.08.01 22:45:00;VETO;outlier bar masked, z=7.4
2025.08.04 03:15:00;VETO;signal rejected: score 0.40 < 0.55 [CHoCH short lvl=1.16|RelVol=1.11|Retest@1.16|VWAPside]
2025.08.04 14:15:00;VETO;signal rejected: score 0.40 < 0.55 [CHoCH long lvl=1.16|RelVol=1.44|Retest@1.16|VWAPside]
2025.08.04 16:15:00;VETO;signal rejected: volume: relVol 0.91 < 1.00
2025.08.05 01:30:00;VETO;signal rejected: volume: relVol 0.56 < 1.00
2025.08.05 04:15:02;VETO;signal rejected: volume: relVol 0.82 < 1.00
2025.08.05 05:45:01;VETO;signal rejected: volume: relVol 0.76 < 1.00
2025.08.05 08:30:00;VETO;signal rejected: score 0.40 < 0.55 [BOS short lvl=1.16|RelVol=1.02|VWAPside]
2025.08.05 11:00:00;VETO;outlier bar masked, z=4.6
2025.08.05 14:45:00;VETO;signal rejected: score 0.40 < 0.55 [BOS short lvl=1.15|RelVol=1.31|VWAPside]
2025.08.05 16:30:00;VETO;signal rejected: volume: relVol 0.85 < 1.00
2025.08.05 17:15:00;VETO;outlier bar masked, z=4.3
2025.08.05 17:45:00;VETO;outlier bar masked, z=3.7
2025.08.06 00:01:28;VETO;signal rejected: volume: relVol 0.36 < 1.00
2025.08.06 02:45:01;VETO;signal rejected: volume: relVol 0.64 < 1.00
2025.08.06 04:30:03;VETO;signal rejected: volume: relVol 0.66 < 1.00
2025.08.06 10:30:00;VETO;signal rejected: volume: relVol 0.77 < 1.00
2025.08.06 13:00:00;VETO;signal rejected: volume: relVol 0.98 < 1.00
2025.08.06 13:15:00;VETO;outlier bar masked, z=5.4
2025.08.06 14:30:00;VETO;signal rejected: volume: relVol 0.95 < 1.00
2025.08.06 16:00:00;VETO;outlier bar masked, z=4.9
2025.08.06 18:45:00;VETO;outlier bar masked, z=4.0
2025.08.06 20:45:00;DECISION;setup LONG score=0.60 entry=1.17 inv=1.16 tgt=0.00 [BOS long lvl=1.16|RelVol=1.16|VWAPside|CycleTurn w=-0.95<--0.97]
2025.08.06 20:45:00;VETO;authorization denied: outside session window (server hour 20, window 12-20)
2025.08.06 21:00:00;VETO;authorization denied: outside session window (server hour 21, window 12-20)
2025.08.06 21:15:01;VETO;authorization denied: outside session window (server hour 21, window 12-20)
2025.08.06 21:30:04;VETO;authorization denied: outside session window (server hour 21, window 12-20)
2025.08.07 01:15:00;VETO;signal rejected: volume: relVol 0.81 < 1.00
2025.08.07 03:15:00;VETO;signal rejected: volume: relVol 0.98 < 1.00
2025.08.07 05:15:00;VETO;signal rejected: volume: relVol 0.94 < 1.00
2025.08.07 07:15:01;DECISION;setup LONG score=0.60 entry=1.17 inv=1.17 tgt=0.00 AWAIT-RETEST [BOS long lvl=1.17|RelVol=1.02|Retest@1.17|VWAPside|CycleTurn w=-0.26<--0.94]
2025.08.07 10:30:00;VETO;signal rejected: volume: relVol 0.82 < 1.00
2025.08.07 13:15:00;VETO;signal rejected: score 0.40 < 0.55 [CHoCH short lvl=1.17|RelVol=1.21|Retest@1.17|VWAPside]
2025.08.07 14:15:00;VETO;outlier bar masked, z=5.3
2025.08.07 14:45:00;VETO;outlier bar masked, z=4.0
2025.08.07 17:15:00;VETO;outlier bar masked, z=5.7
2025.08.07 17:30:00;DECISION;setup SHORT score=0.70 entry=1.16 inv=1.17 tgt=0.00 AWAIT-RETEST [BOS short lvl=1.16|RelVol=1.48|Retest@1.16|VWAPside|CycleTurn w=-0.71<--0.62|ADX=31]
2025.08.07 17:30:00;DECISION;TP capped 0.00538 -> 0.00403 (3.0xATR)
2025.08.07 17:30:00;ORDER;limit SELL 0.28 @ 1.16 sl=1.17 tp=1.16 rc=10009 [WT|BOS|0.70|RL]
2025.08.07 17:30:00;RISK;sizing: vol_ratio=1.85 scalar=1.00 gap_buf=0.00075 eff_stop=0.00344
2025.08.07 18:20:31;ORDER;entry fill deal #9 SELL 0.28 @ 1.16313
2025.08.07 21:30:01;VETO;signal rejected: volume: relVol 0.94 < 1.00
2025.08.07 22:45:00;VETO;outlier bar masked, z=7.7
2025.08.07 23:02:32;RISK;deal closed pnl=-77.84 streak=1 lock=0
2025.08.08 01:45:00;VETO;signal rejected: score 0.50 < 0.55 [BOS long lvl=1.17|RelVol=1.03|VWAPside|ADX=33]
2025.08.08 04:45:00;VETO;signal rejected: score 0.40 < 0.55 [CHoCH short lvl=1.17|RelVol=1.15|Retest@1.17|VWAPside]
2025.08.08 08:15:00;VETO;signal rejected: volume: relVol 0.80 < 1.00
2025.08.08 12:00:00;DECISION;setup SHORT score=0.60 entry=1.16 inv=1.17 tgt=0.00 [BOS short lvl=1.16|RelVol=1.28|VWAPside|CycleTurn w=0.75<-0.97]
2025.08.08 12:00:00;DECISION;TP capped 0.00550 -> 0.00412 (3.0xATR)
2025.08.08 12:00:00;ORDER;filled SELL 0.31 lots sl=1.17 tp=1.16 [WT|BOS|0.60]
2025.08.08 12:00:00;RISK;sizing: vol_ratio=0.88 scalar=1.00 gap_buf=0.00036 eff_stop=0.00311
2025.08.08 12:00:00;ORDER;entry fill deal #11 SELL 0.31 @ 1.16365
2025.08.08 15:30:00;VETO;signal rejected: volume: relVol 0.89 < 1.00
2025.08.08 18:17:24;RISK;deal closed pnl=-85.25 streak=1 lock=0
2025.08.08 18:30:00;VETO;signal rejected: volume: relVol 0.62 < 1.00
2025.08.08 22:30:00;VETO;outlier bar masked, z=4.0
2025.08.11 04:45:00;VETO;signal rejected: volume: relVol 0.78 < 1.00
2025.08.11 12:30:00;VETO;signal rejected: score 0.40 < 0.55 [CHoCH short lvl=1.16|RelVol=1.11|Retest@1.16|VWAPside]
2025.08.11 14:30:00;VETO;signal rejected: volume: relVol 0.97 < 1.00
2025.08.11 17:15:00;VETO;outlier bar masked, z=4.0
2025.08.11 21:30:00;VETO;signal rejected: volume: relVol 0.73 < 1.00
2025.08.11 23:30:00;VETO;signal rejected: volume: relVol 0.77 < 1.00
2025.08.12 04:45:00;VETO;signal rejected: score 0.50 < 0.55 [BOS long lvl=1.16|RelVol=1.08|Retest@1.16|VWAPside|ADX=41]
2025.08.12 08:00:00;DECISION;setup LONG score=0.70 entry=1.16 inv=1.16 tgt=0.00 [BOS long lvl=1.16|RelVol=1.11|VWAPside|CycleTurn w=-0.88<--0.90|ADX=35]
2025.08.12 08:00:00;VETO;authorization denied: outside session window (server hour 08, window 12-20)
2025.08.12 08:15:00;VETO;authorization denied: outside session window (server hour 08, window 12-20)
2025.08.12 08:30:00;VETO;authorization denied: outside session window (server hour 08, window 12-20)
2025.08.12 08:45:00;DECISION;setup SHORT score=0.60 entry=1.16 inv=1.16 tgt=0.00 AWAIT-RETEST [CHoCH short lvl=1.16|RelVol=1.22|Retest@1.16|VWAPside|CycleTurn w=0.64<-0.75]
2025.08.12 09:00:00;VETO;authorization denied: outside session window (server hour 09, window 12-20)
2025.08.12 09:15:00;VETO;authorization denied: outside session window (server hour 09, window 12-20)
2025.08.12 09:30:00;VETO;authorization denied: outside session window (server hour 09, window 12-20)
2025.08.12 09:45:00;VETO;authorization denied: outside session window (server hour 09, window 12-20)
2025.08.12 12:30:00;VETO;signal rejected: volume: relVol 0.89 < 1.00
2025.08.12 15:45:00;VETO;outlier bar masked, z=18.2
2025.08.12 16:00:00;VETO;outlier bar masked, z=5.3
2025.08.12 16:15:00;VETO;outlier bar masked, z=5.5
2025.08.12 16:30:00;VETO;outlier bar masked, z=5.7
2025.08.12 16:45:00;VETO;outlier bar masked, z=14.1
2025.08.12 17:00:00;VETO;outlier bar masked, z=8.4
2025.08.12 18:30:00;VETO;outlier bar masked, z=6.6
2025.08.12 18:45:00;VETO;outlier bar masked, z=5.8
2025.08.12 19:00:00;VETO;outlier bar masked, z=6.4
2025.08.13 02:15:00;VETO;signal rejected: volume: relVol 0.67 < 1.00
2025.08.13 06:45:00;VETO;signal rejected: volume: relVol 1.00 < 1.00
2025.08.13 09:45:00;DECISION;setup LONG score=0.60 entry=1.17 inv=1.17 tgt=0.00 AWAIT-RETEST [BOS long lvl=1.17|RelVol=1.08|Retest@1.17|VWAPside|CycleTurn w=-0.94<--1.00]
2025.08.13 10:15:00;VETO;outlier bar masked, z=4.1
2025.08.13 15:45:00;VETO;signal rejected: volume: relVol 0.66 < 1.00
2025.08.13 20:00:00;VETO;signal rejected: volume: relVol 0.75 < 1.00
2025.08.13 23:30:00;DECISION;setup LONG score=0.60 entry=1.17 inv=1.17 tgt=0.00 AWAIT-RETEST [CHoCH long lvl=1.17|RelVol=1.59|Retest@1.17|VWAPside|CycleTurn w=-0.89<--0.97]
2025.08.13 23:45:00;VETO;authorization denied: outside session window (server hour 23, window 12-20)
2025.08.14 00:01:28;VETO;authorization denied: outside session window (server hour 00, window 12-20)
2025.08.14 00:15:00;VETO;authorization denied: outside session window (server hour 00, window 12-20)
2025.08.14 00:30:00;VETO;authorization denied: outside session window (server hour 00, window 12-20)
2025.08.14 01:45:01;VETO;signal rejected: volume: relVol 0.42 < 1.00
2025.08.14 05:30:00;DECISION;setup SHORT score=0.60 entry=1.17 inv=1.17 tgt=0.00 AWAIT-RETEST [CHoCH short lvl=1.17|RelVol=1.11|Retest@1.17|VWAPside|CycleTurn w=0.47<-0.94]
2025.08.14 09:45:00;VETO;signal rejected: score 0.40 < 0.55 [BOS short lvl=1.17|RelVol=1.10|VWAPside]
2025.08.14 12:15:00;VETO;outlier bar masked, z=4.0
2025.08.14 15:30:00;VETO;signal rejected: volume: relVol 0.87 < 1.00
2025.08.14 15:45:00;VETO;outlier bar masked, z=9.3
2025.08.14 16:00:00;VETO;outlier bar masked, z=6.4
2025.08.14 16:30:00;VETO;outlier bar masked, z=4.2
2025.08.14 19:15:00;VETO;signal rejected: score 0.50 < 0.55 [BOS short lvl=1.16|RelVol=1.09|VWAPside|ADX=37]
2025.08.14 22:15:01;VETO;signal rejected: score 0.30 < 0.55 [CHoCH long lvl=1.16|RelVol=1.03|Retest@1.16]
2025.08.15 01:15:00;VETO;signal rejected: volume: relVol 0.80 < 1.00
2025.08.15 04:30:00;VETO;signal rejected: volume: relVol 0.78 < 1.00
2025.08.15 06:15:01;VETO;signal rejected: volume: relVol 1.00 < 1.00
2025.08.15 09:00:00;VETO;signal rejected: volume: relVol 0.83 < 1.00
2025.08.15 12:15:00;VETO;signal rejected: volume: relVol 0.83 < 1.00
2025.08.15 15:45:00;VETO;outlier bar masked, z=7.6
2025.08.15 19:30:00;VETO;signal rejected: volume: relVol 0.66 < 1.00
2025.08.15 23:15:04;VETO;signal rejected: volume: relVol 0.58 < 1.00
2025.08.18 00:15:00;VETO;signal rejected: volume: relVol 0.31 < 1.00
2025.08.18 04:15:00;VETO;signal rejected: volume: relVol 0.86 < 1.00
2025.08.18 07:45:00;VETO;signal rejected: score 0.40 < 0.55 [CHoCH long lvl=1.17|RelVol=1.08|Retest@1.17|VWAPside]
2025.08.18 11:00:00;VETO;outlier bar masked, z=6.9
2025.08.18 11:30:00;VETO;outlier bar masked, z=3.5
2025.08.18 15:00:00;VETO;outlier bar masked, z=3.7
2025.08.18 15:45:00;VETO;signal rejected: volume: relVol 0.66 < 1.00
2025.08.18 18:00:00;VETO;signal rejected: volume: relVol 0.86 < 1.00
2025.08.18 20:00:00;VETO;signal rejected: volume: relVol 0.78 < 1.00
2025.08.18 22:30:00;VETO;signal rejected: volume: relVol 0.82 < 1.00
2025.08.19 01:15:00;VETO;outlier bar masked, z=4.9
2025.08.19 03:45:01;VETO;signal rejected: volume: relVol 0.81 < 1.00
2025.08.19 04:30:00;VETO;outlier bar masked, z=4.4
2025.08.19 06:30:00;VETO;signal rejected: score 0.50 < 0.55 [CHoCH long lvl=1.17|RelVol=1.04|Retest@1.17|CycleTurn w=-0.42<--0.85]
2025.08.19 10:00:00;VETO;signal rejected: volume: relVol 0.86 < 1.00
2025.08.19 13:30:00;VETO;signal rejected: volume: relVol 0.87 < 1.00
2025.08.19 17:45:00;VETO;signal rejected: volume: relVol 0.59 < 1.00
2025.08.19 21:15:03;VETO;signal rejected: volume: relVol 0.69 < 1.00
2025.08.20 03:15:00;VETO;signal rejected: volume: relVol 0.96 < 1.00
2025.08.20 04:30:00;VETO;signal rejected: score 0.50 < 0.55 [BOS short lvl=1.16|RelVol=1.09|VWAPside|ADX=57]
2025.08.20 09:00:00;VETO;signal rejected: volume: relVol 0.78 < 1.00
2025.08.20 09:15:00;VETO;outlier bar masked, z=5.2
2025.08.20 10:30:00;VETO;signal rejected: volume: relVol 0.85 < 1.00
2025.08.20 13:15:00;VETO;signal rejected: volume: relVol 0.81 < 1.00
2025.08.20 15:45:00;VETO;outlier bar masked, z=4.0
2025.08.20 19:00:00;VETO;signal rejected: volume: relVol 0.98 < 1.00
2025.08.20 21:00:00;VETO;signal rejected: volume: relVol 0.97 < 1.00
2025.08.20 23:15:00;VETO;signal rejected: volume: relVol 0.85 < 1.00
2025.08.21 03:30:00;VETO;signal rejected: volume: relVol 0.80 < 1.00
2025.08.21 09:00:00;VETO;signal rejected: volume: relVol 0.84 < 1.00
2025.08.21 09:30:00;VETO;signal rejected: volume: relVol 0.96 < 1.00
2025.08.21 10:45:00;VETO;outlier bar masked, z=3.6
2025.08.21 15:45:00;VETO;outlier bar masked, z=4.3
2025.08.21 16:45:00;VETO;signal rejected: volume: relVol 0.95 < 1.00
2025.08.21 17:00:00;VETO;outlier bar masked, z=5.5
2025.08.21 17:45:00;VETO;outlier bar masked, z=3.6
2025.08.21 18:15:01;VETO;outlier bar masked, z=3.8
2025.08.21 18:30:00;VETO;outlier bar masked, z=7.4
2025.08.22 03:30:00;VETO;signal rejected: volume: relVol 0.91 < 1.00
2025.08.22 05:00:00;VETO;signal rejected: volume: relVol 0.88 < 1.00
2025.08.22 06:30:00;VETO;signal rejected: volume: relVol 0.77 < 1.00
2025.08.22 12:00:00;VETO;signal rejected: volume: relVol 0.82 < 1.00
2025.08.22 14:45:00;VETO;signal rejected: volume: relVol 0.70 < 1.00
2025.08.22 17:15:00;VETO;outlier bar masked, z=39.1
2025.08.22 17:30:00;VETO;outlier bar masked, z=9.5
2025.08.22 17:45:00;VETO;outlier bar masked, z=6.4
2025.08.22 18:00:00;VETO;outlier bar masked, z=7.4
2025.08.22 18:15:00;VETO;outlier bar masked, z=4.0
2025.08.22 18:30:00;VETO;outlier bar masked, z=5.3
2025.08.22 18:45:00;VETO;outlier bar masked, z=4.3
2025.08.22 20:15:00;VETO;signal rejected: score 0.50 < 0.55 [BOS long lvl=1.17|RelVol=1.23|VWAPside|ADX=44]
2025.08.25 01:45:00;VETO;signal rejected: score 0.40 < 0.55 [CHoCH short lvl=1.17|RelVol=6.07|Retest@1.17|VWAPside]
2025.08.25 06:15:01;VETO;signal rejected: volume: relVol 0.81 < 1.00
2025.08.25 09:15:00;VETO;signal rejected: volume: relVol 0.85 < 1.00
2025.08.25 11:00:00;VETO;outlier bar masked, z=3.9
2025.08.25 13:00:00;VETO;signal rejected: volume: relVol 0.70 < 1.00
2025.08.25 16:45:00;VETO;signal rejected: volume: relVol 0.71 < 1.00
2025.08.25 18:15:00;VETO;signal rejected: volume: relVol 0.94 < 1.00
2025.08.25 22:15:00;VETO;outlier bar masked, z=4.6
2025.08.26 03:15:00;VETO;outlier bar masked, z=12.1
2025.08.26 03:45:00;VETO;outlier bar masked, z=4.0
2025.08.26 05:45:00;DECISION;setup SHORT score=0.60 entry=1.16 inv=1.17 tgt=0.00 AWAIT-RETEST [CHoCH short lvl=1.16|RelVol=1.31|Retest@1.16|VWAPside|CycleTurn w=0.98<-0.98]
2025.08.26 06:00:00;VETO;authorization denied: outside session window (server hour 06, window 12-20)
2025.08.26 06:15:00;VETO;authorization denied: outside session window (server hour 06, window 12-20)
2025.08.26 06:30:00;VETO;authorization denied: outside session window (server hour 06, window 12-20)
2025.08.26 06:45:00;VETO;authorization denied: outside session window (server hour 06, window 12-20)
2025.08.26 09:30:00;VETO;outlier bar masked, z=3.9
2025.08.26 10:00:00;DECISION;setup SHORT score=0.60 entry=1.16 inv=1.16 tgt=0.00 [BOS short lvl=1.16|RelVol=1.31|VWAPside|CycleTurn w=0.19<-0.83]
2025.08.26 10:00:00;VETO;authorization denied: outside session window (server hour 10, window 12-20)
2025.08.26 10:15:00;VETO;outlier bar masked, z=5.4
2025.08.26 10:30:00;VETO;outlier bar masked, z=3.6
2025.08.26 10:45:00;VETO;authorization denied: outside session window (server hour 10, window 12-20)
2025.08.26 11:00:00;VETO;authorization denied: outside session window (server hour 11, window 12-20)
2025.08.26 11:15:00;VETO;authorization denied: outside session window (server hour 11, window 12-20)
2025.08.26 11:30:00;VETO;outlier bar masked, z=3.7
2025.08.26 14:00:00;VETO;signal rejected: volume: relVol 0.91 < 1.00
2025.08.26 20:45:00;VETO;signal rejected: volume: relVol 0.81 < 1.00
2025.08.27 05:15:01;VETO;signal rejected: volume: relVol 0.82 < 1.00
2025.08.27 07:15:00;VETO;signal rejected: volume: relVol 0.80 < 1.00
2025.08.27 10:15:00;VETO;signal rejected: volume: relVol 0.74 < 1.00
2025.08.27 14:15:00;VETO;outlier bar masked, z=3.6
2025.08.27 16:15:00;VETO;signal rejected: volume: relVol 0.84 < 1.00
2025.08.27 17:00:00;VETO;outlier bar masked, z=4.8
2025.08.27 18:15:00;VETO;outlier bar masked, z=4.0
2025.08.27 20:00:00;VETO;outlier bar masked, z=3.6
2025.08.28 01:15:00;DECISION;setup LONG score=0.70 entry=1.16 inv=1.16 tgt=0.00 [BOS long lvl=1.16|RelVol=1.16|VWAPside|CycleTurn w=-1.00<--1.00|ADX=31]
2025.08.28 01:15:00;VETO;authorization denied: outside session window (server hour 01, window 12-20)
2025.08.28 01:30:00;VETO;authorization denied: outside session window (server hour 01, window 12-20)
2025.08.28 01:45:00;VETO;authorization denied: outside session window (server hour 01, window 12-20)
2025.08.28 02:00:00;VETO;authorization denied: outside session window (server hour 02, window 12-20)
2025.08.28 04:15:00;VETO;signal rejected: volume: relVol 0.81 < 1.00
2025.08.28 07:15:04;VETO;signal rejected: score 0.40 < 0.55 [CHoCH short lvl=1.16|RelVol=1.04|Retest@1.16|VWAPside]
2025.08.28 11:30:00;VETO;signal rejected: score 0.40 < 0.55 [BOS short lvl=1.16|RelVol=1.08|VWAPside]
2025.08.28 12:15:00;VETO;signal rejected: volume: relVol 0.87 < 1.00
2025.08.28 15:45:00;VETO;outlier bar masked, z=5.4
2025.08.28 16:00:00;VETO;outlier bar masked, z=4.2
2025.08.28 17:15:00;VETO;outlier bar masked, z=4.0
2025.08.28 20:00:01;VETO;signal rejected: volume: relVol 0.76 < 1.00
2025.08.28 22:45:00;VETO;signal rejected: volume: relVol 0.62 < 1.00
2025.08.29 01:45:00;VETO;signal rejected: volume: relVol 0.65 < 1.00
2025.08.29 02:45:00;VETO;signal rejected: volume: relVol 0.88 < 1.00
2025.08.29 04:30:00;VETO;signal rejected: score 0.40 < 0.55 [CHoCH short lvl=1.17|RelVol=1.33|Retest@1.17|VWAPside]
2025.08.29 09:00:00;VETO;signal rejected: volume: relVol 0.90 < 1.00
2025.08.29 11:00:00;VETO;signal rejected: volume: relVol 0.89 < 1.00
2025.08.29 15:15:00;VETO;signal rejected: volume: relVol 0.91 < 1.00
2025.08.29 17:45:00;VETO;signal rejected: score 0.40 < 0.55 [CHoCH long lvl=1.17|RelVol=1.24|Retest@1.17|VWAPside]
2025.08.29 18:00:00;VETO;outlier bar masked, z=4.7
2025.08.29 21:30:00;VETO;signal rejected: volume: relVol 0.59 < 1.00
2025.08.29 23:45:00;VETO;signal rejected: volume: relVol 0.83 < 1.00
2025.09.01 03:15:01;VETO;signal rejected: volume: relVol 0.65 < 1.00
2025.09.01 05:15:00;VETO;signal rejected: score 0.40 < 0.55 [BOS long lvl=1.17|RelVol=1.29|VWAPside]
2025.09.01 09:00:00;VETO;signal rejected: volume: relVol 0.89 < 1.00
2025.09.01 12:00:00;VETO;signal rejected: volume: relVol 0.97 < 1.00
2025.09.01 15:00:00;VETO;signal rejected: volume: relVol 0.81 < 1.00
2025.09.01 18:30:00;VETO;signal rejected: volume: relVol 0.42 < 1.00
2025.09.01 21:30:00;VETO;signal rejected: volume: relVol 0.28 < 1.00
2025.09.02 02:45:00;VETO;signal rejected: volume: relVol 0.73 < 1.00
2025.09.02 04:00:00;VETO;signal rejected: score 0.40 < 0.55 [CHoCH short lvl=1.17|RelVol=1.09|Retest@1.17|VWAPside]
2025.09.02 07:15:00;VETO;signal rejected: score 0.50 < 0.55 [BOS short lvl=1.17|RelVol=1.06|VWAPside|ADX=37]
2025.09.02 08:30:00;VETO;signal rejected: volume: relVol 0.84 < 1.00
2025.09.02 09:15:00;VETO;signal rejected: score 0.50 < 0.55 [CHoCH long lvl=1.17|RelVol=1.02|Retest@1.17|CycleTurn w=0.44<--0.62]
2025.09.02 10:15:00;VETO;outlier bar masked, z=7.0
2025.09.02 10:30:00;VETO;outlier bar masked, z=4.6
2025.09.02 11:00:00;VETO;outlier bar masked, z=11.3
2025.09.02 11:15:00;VETO;outlier bar masked, z=4.0
2025.09.02 11:30:00;VETO;outlier bar masked, z=4.9
2025.09.02 11:45:00;VETO;outlier bar masked, z=5.6
2025.09.02 12:15:00;VETO;outlier bar masked, z=3.6
2025.09.02 12:30:00;VETO;outlier bar masked, z=3.8
2025.09.02 13:30:00;VETO;outlier bar masked, z=3.8
2025.09.02 15:00:00;VETO;signal rejected: score 0.30 < 0.55 [CHoCH long lvl=1.16|RelVol=1.40|Retest@1.16]
2025.09.02 15:45:00;DECISION;setup SHORT score=0.60 entry=1.16 inv=1.16 tgt=0.00 AWAIT-RETEST [CHoCH short lvl=1.16|RelVol=1.07|Retest@1.16|VWAPside|CycleTurn w=0.98<-0.99]
2025.09.02 15:45:00;DECISION;TP capped 0.00415 -> 0.00340 (3.0xATR)
2025.09.02 15:45:00;ORDER;limit SELL 0.36 @ 1.16 sl=1.16 tp=1.16 rc=10009 [WT|CHOCH|0.60|RL]
2025.09.02 15:45:00;RISK;sizing: vol_ratio=1.80 scalar=1.00 gap_buf=0.00057 eff_stop=0.00264
2025.09.02 16:02:47;ORDER;entry fill deal #13 SELL 0.36 @ 1.16206
2025.09.02 16:15:00;VETO;outlier bar masked, z=5.6
2025.09.02 16:17:06;RISK;deal closed pnl=-75.60 streak=1 lock=0
2025.09.02 17:15:00;VETO;outlier bar masked, z=6.4
2025.09.03 03:00:00;VETO;signal rejected: volume: relVol 1.00 < 1.00
2025.09.03 07:00:00;VETO;signal rejected: volume: relVol 0.69 < 1.00
2025.09.03 09:30:00;VETO;signal rejected: volume: relVol 0.73 < 1.00
2025.09.03 10:30:00;VETO;outlier bar masked, z=4.6
2025.09.03 11:15:00;VETO;signal rejected: score 0.40 < 0.55 [CHoCH long lvl=1.16|RelVol=1.32|Retest@1.16|VWAPside]
2025.09.03 17:15:00;VETO;outlier bar masked, z=7.6
2025.09.03 18:15:00;VETO;outlier bar masked, z=4.1
2025.09.03 21:00:00;VETO;signal rejected: score 0.30 < 0.55 [CHoCH short lvl=1.17|RelVol=1.14|Retest@1.17]
2025.09.03 23:00:00;VETO;signal rejected: volume: relVol 0.79 < 1.00
2025.09.04 04:15:00;VETO;signal rejected: score 0.40 < 0.55 [BOS short lvl=1.17|RelVol=1.19|VWAPside]
2025.09.04 06:15:00;VETO;signal rejected: score 0.50 < 0.55 [BOS short lvl=1.17|RelVol=1.07|VWAPside|ADX=30]
2025.09.04 12:30:01;DECISION;setup SHORT score=0.60 entry=1.16 inv=1.17 tgt=0.00 [BOS short lvl=1.16|RelVol=1.16|VWAPside|CycleTurn w=0.77<-0.83]
2025.09.04 12:30:01;DECISION;TP capped 0.00386 -> 0.00289 (3.0xATR)
2025.09.04 12:30:01;ORDER;filled SELL 0.41 lots sl=1.17 tp=1.16 [WT|BOS|0.60]
2025.09.04 12:30:01;RISK;sizing: vol_ratio=1.23 scalar=1.00 gap_buf=0.00040 eff_stop=0.00233
2025.09.04 12:30:01;ORDER;entry fill deal #15 SELL 0.41 @ 1.16415
2025.09.04 13:15:00;VETO;outlier bar masked, z=3.5
2025.09.04 15:30:00;VETO;outlier bar masked, z=3.8
2025.09.04 15:45:00;VETO;outlier bar masked, z=7.0
2025.09.04 16:00:00;VETO;outlier bar masked, z=4.5
2025.09.04 16:30:00;VETO;outlier bar masked, z=3.8
2025.09.04 22:15:00;VETO;signal rejected: volume: relVol 0.71 < 1.00
2025.09.05 02:45:15;DECISION;setup LONG score=0.60 entry=1.17 inv=1.16 tgt=0.00 AWAIT-RETEST [BOS long lvl=1.17|RelVol=1.32|Retest@1.17|VWAPside|CycleTurn w=0.60<-0.44]
2025.09.05 03:30:03;VETO;authorization denied: outside session window (server hour 03, window 12-20)
2025.09.05 03:45:03;VETO;authorization denied: outside session window (server hour 03, window 12-20)
2025.09.05 03:58:31;RISK;deal closed pnl=-79.95 streak=1 lock=0
2025.09.05 04:00:00;VETO;authorization denied: outside session window (server hour 04, window 12-20)
2025.09.05 04:15:00;VETO;authorization denied: outside session window (server hour 04, window 12-20)
2025.09.05 09:00:00;VETO;signal rejected: volume: relVol 0.99 < 1.00
2025.09.05 11:00:00;VETO;signal rejected: volume: relVol 0.69 < 1.00
2025.09.05 13:30:00;VETO;signal rejected: score 0.50 < 0.55 [BOS long lvl=1.17|RelVol=1.09|VWAPside|ADX=39]
2025.09.05 15:15:00;VETO;outlier bar masked, z=4.8
2025.09.05 15:45:00;VETO;outlier bar masked, z=18.1
2025.09.05 16:00:00;VETO;outlier bar masked, z=4.9
2025.09.05 16:30:00;VETO;outlier bar masked, z=5.3
2025.09.05 16:45:00;VETO;outlier bar masked, z=6.4
2025.09.05 17:00:00;VETO;outlier bar masked, z=3.8
2025.09.05 17:15:00;VETO;outlier bar masked, z=4.8
2025.09.05 17:30:00;VETO;outlier bar masked, z=3.7
2025.09.05 17:45:00;VETO;outlier bar masked, z=3.7
2025.09.05 21:15:00;VETO;signal rejected: volume: relVol 0.93 < 1.00
2025.09.08 01:45:00;VETO;signal rejected: score 0.50 < 0.55 [BOS short lvl=1.17|RelVol=1.08|VWAPside|ADX=31]
2025.09.08 07:15:00;VETO;signal rejected: volume: relVol 0.99 < 1.00
2025.09.08 08:15:04;VETO;signal rejected: volume: relVol 0.88 < 1.00
2025.09.08 16:15:00;VETO;outlier bar masked, z=3.8
2025.09.08 19:45:00;VETO;signal rejected: score 0.30 < 0.55 [CHoCH short lvl=1.17|RelVol=1.35|Retest@1.17]
2025.09.08 21:30:02;DECISION;setup LONG score=0.60 entry=1.18 inv=1.17 tgt=0.00 AWAIT-RETEST [CHoCH long lvl=1.18|RelVol=1.04|Retest@1.18|VWAPside|CycleTurn w=-0.94<--0.99]
2025.09.08 21:45:00;VETO;authorization denied: outside session window (server hour 21, window 12-20)
2025.09.08 22:00:00;VETO;authorization denied: outside session window (server hour 22, window 12-20)
2025.09.08 22:15:00;VETO;authorization denied: outside session window (server hour 22, window 12-20)
2025.09.08 22:30:00;VETO;authorization denied: outside session window (server hour 22, window 12-20)
2025.09.09 02:15:00;VETO;signal rejected: volume: relVol 0.98 < 1.00
2025.09.09 05:00:00;VETO;signal rejected: volume: relVol 0.76 < 1.00
2025.09.09 07:00:00;VETO;signal rejected: volume: relVol 0.82 < 1.00
2025.09.09 09:00:00;VETO;signal rejected: score 0.40 < 0.55 [CHoCH long lvl=1.18|RelVol=1.10|Retest@1.18|VWAPside]
2025.09.09 09:45:00;DECISION;setup SHORT score=0.60 entry=1.18 inv=1.18 tgt=0.00 AWAIT-RETEST [CHoCH short lvl=1.18|RelVol=1.11|Retest@1.18|VWAPside|CycleTurn w=0.19<-0.93]
2025.09.09 10:00:00;VETO;authorization denied: outside session window (server hour 10, window 12-20)
2025.09.09 10:15:00;VETO;authorization denied: outside session window (server hour 10, window 12-20)
2025.09.09 10:30:00;VETO;authorization denied: outside session window (server hour 10, window 12-20)
2025.09.09 10:45:00;VETO;authorization denied: outside session window (server hour 10, window 12-20)
2025.09.09 15:00:00;VETO;signal rejected: score 0.50 < 0.55 [BOS short lvl=1.17|RelVol=1.06|VWAPside|ADX=34]
2025.09.09 17:15:00;VETO;outlier bar masked, z=10.5
2025.09.09 18:15:00;DECISION;setup SHORT score=0.60 entry=1.17 inv=1.18 tgt=0.00 [BOS short lvl=1.17|RelVol=1.12|VWAPside|CycleTurn w=-0.78<--0.34]
2025.09.09 18:15:00;DECISION;TP capped 0.00798 -> 0.00599 (3.0xATR)
2025.09.09 18:15:00;ORDER;filled SELL 0.20 lots sl=1.18 tp=1.17 [WT|BOS|0.60]
2025.09.09 18:15:00;RISK;sizing: vol_ratio=1.74 scalar=1.00 gap_buf=0.00058 eff_stop=0.00457
2025.09.09 18:15:00;ORDER;entry fill deal #17 SELL 0.20 @ 1.17223
2025.09.09 20:45:00;VETO;signal rejected: score 0.50 < 0.55 [BOS short lvl=1.17|RelVol=1.30|VWAPside|ADX=36]
2025.09.10 00:01:29;VETO;signal rejected: volume: relVol 0.75 < 1.00
2025.09.10 01:45:05;VETO;signal rejected: volume: relVol 0.42 < 1.00
2025.09.10 02:30:00;DECISION;setup SHORT score=0.60 entry=1.17 inv=1.17 tgt=0.00 AWAIT-RETEST [CHoCH short lvl=1.17|RelVol=2.01|Retest@1.17|VWAPside|CycleTurn w=0.99<-1.00]
2025.09.10 03:00:00;VETO;authorization denied: outside session window (server hour 03, window 12-20)
2025.09.10 03:15:00;VETO;authorization denied: outside session window (server hour 03, window 12-20)
2025.09.10 03:30:06;VETO;authorization denied: outside session window (server hour 03, window 12-20)
2025.09.10 03:45:03;VETO;authorization denied: outside session window (server hour 03, window 12-20)
2025.09.10 04:30:00;VETO;signal rejected: volume: relVol 0.77 < 1.00
2025.09.10 08:00:00;VETO;signal rejected: score 0.40 < 0.55 [CHoCH long lvl=1.17|RelVol=1.18|Retest@1.17|VWAPside]
2025.09.10 10:00:00;VETO;outlier bar masked, z=5.7
2025.09.10 12:45:00;DECISION;setup LONG score=0.60 entry=1.17 inv=1.17 tgt=0.00 AWAIT-RETEST [CHoCH long lvl=1.17|RelVol=1.14|Retest@1.17|VWAPside|CycleTurn w=-0.55<--0.92]
2025.09.10 12:45:00;VETO;retest limit risk veto: max positions
2025.09.10 13:15:00;DECISION;TP capped 0.00350 -> 0.00263 (3.0xATR)
2025.09.10 13:15:00;VETO;risk veto: max positions
2025.09.10 15:15:00;VETO;outlier bar masked, z=3.8
2025.09.10 15:45:00;VETO;outlier bar masked, z=9.0
2025.09.10 16:00:00;VETO;outlier bar masked, z=3.8
2025.09.10 22:15:01;VETO;signal rejected: volume: relVol 0.75 < 1.00
2025.09.11 09:00:00;DECISION;setup SHORT score=0.60 entry=1.17 inv=1.17 tgt=0.00 AWAIT-RETEST [BOS short lvl=1.17|RelVol=1.25|Retest@1.17|VWAPside|CycleTurn w=-0.29<-0.78]
2025.09.11 09:15:00;VETO;authorization denied: outside session window (server hour 09, window 12-20)
2025.09.11 09:30:00;VETO;authorization denied: outside session window (server hour 09, window 12-20)
2025.09.11 09:45:00;VETO;authorization denied: outside session window (server hour 09, window 12-20)
2025.09.11 10:00:00;VETO;authorization denied: outside session window (server hour 10, window 12-20)
2025.09.11 12:40:39;MANAGE;#17 SL 1.18 -> 1.17 breakeven
2025.09.11 12:40:39;MANAGE;#17 partial close 0.10 of 0.20 lots
2025.09.11 12:40:39;RISK;deal closed pnl=39.80 streak=0 lock=0
2025.09.11 12:40:39;MANAGE;#17 SL 1.17 -> 1.17 trail
2025.09.11 12:45:00;DECISION;setup SHORT score=0.70 entry=1.17 inv=1.17 tgt=0.00 [BOS short lvl=1.17|RelVol=1.25|VWAPside|CycleTurn w=-0.34<-0.71|ADX=37]
2025.09.11 12:45:00;DECISION;TP capped 0.00270 -> 0.00203 (3.0xATR)
2025.09.11 12:45:00;VETO;risk veto: max positions
2025.09.11 12:45:10;MANAGE;#17 SL 1.17 -> 1.17 trail
2025.09.11 12:45:11;MANAGE;#17 SL 1.17 -> 1.17 trail
2025.09.11 12:45:11;MANAGE;#17 SL 1.17 -> 1.17 trail
2025.09.11 14:10:57;RISK;deal closed pnl=30.70 streak=0 lock=0
2025.09.11 15:30:00;VETO;outlier bar masked, z=8.0
2025.09.11 15:45:00;VETO;outlier bar masked, z=22.8
2025.09.11 16:00:00;VETO;outlier bar masked, z=8.7
2025.09.11 16:15:00;VETO;outlier bar masked, z=7.6
2025.09.11 16:30:00;VETO;outlier bar masked, z=4.4
2025.09.11 16:45:00;VETO;outlier bar masked, z=4.8
2025.09.11 17:00:00;VETO;outlier bar masked, z=4.5
2025.09.11 17:30:00;VETO;outlier bar masked, z=4.0
2025.09.12 04:15:00;VETO;signal rejected: volume: relVol 0.95 < 1.00
2025.09.12 07:15:00;VETO;signal rejected: volume: relVol 0.91 < 1.00
2025.09.12 10:00:00;VETO;signal rejected: score 0.40 < 0.55 [CHoCH long lvl=1.17|RelVol=1.11|Retest@1.17|VWAPside]
2025.09.12 11:45:03;VETO;signal rejected: volume: relVol 0.95 < 1.00
2025.09.12 15:45:00;VETO;signal rejected: volume: relVol 0.88 < 1.00
2025.09.12 19:45:03;VETO;signal rejected: score 0.40 < 0.55 [CHoCH long lvl=1.17|RelVol=1.04|Retest@1.17|VWAPside]
2025.09.15 02:30:09;VETO;signal rejected: volume: relVol 0.45 < 1.00
2025.09.15 03:30:02;VETO;signal rejected: volume: relVol 0.63 < 1.00
2025.09.15 06:30:00;VETO;signal rejected: volume: relVol 0.89 < 1.00
2025.09.15 09:30:00;VETO;signal rejected: score 0.40 < 0.55 [CHoCH short lvl=1.17|RelVol=1.06|Retest@1.17|VWAPside]
2025.09.15 10:30:00;VETO;signal rejected: volume: relVol 0.93 < 1.00
2025.09.15 12:30:00;VETO;signal rejected: score 0.40 < 0.55 [BOS long lvl=1.17|RelVol=1.00|VWAPside]
2025.09.15 13:30:00;VETO;outlier bar masked, z=3.7
2025.09.15 15:15:00;VETO;signal rejected: score 0.50 < 0.55 [BOS long lvl=1.18|RelVol=1.02|VWAPside|ADX=42]
2025.09.15 23:00:00;VETO;signal rejected: score 0.50 < 0.55 [CHoCH short lvl=1.18|RelVol=1.44|Retest@1.18|CycleTurn w=-0.46<-0.66]
2025.09.16 03:45:00;VETO;signal rejected: volume: relVol 0.75 < 1.00
2025.09.16 05:00:03;VETO;signal rejected: volume: relVol 0.93 < 1.00
2025.09.16 10:00:00;VETO;signal rejected: score 0.40 < 0.55 [BOS long lvl=1.18|RelVol=1.17|VWAPside]
2025.09.16 15:30:00;VETO;signal rejected: score 0.30 < 0.55 [CHoCH short lvl=1.18|RelVol=1.02|Retest@1.18]
2025.09.16 15:45:00;VETO;outlier bar masked, z=4.5
2025.09.16 16:30:00;VETO;outlier bar masked, z=3.6
2025.09.16 17:00:00;DECISION;setup LONG score=0.60 entry=1.18 inv=1.18 tgt=0.00 AWAIT-RETEST [CHoCH long lvl=1.18|RelVol=1.10|Retest@1.18|VWAPside|CycleTurn w=0.07<--0.74]
2025.09.16 17:00:00;DECISION;TP capped 0.00692 -> 0.00519 (3.0xATR)
2025.09.16 17:00:00;ERROR;limit BUY 0.24 @ 1.18 sl=1.18 tp=1.19 rc=10015 [WT|CHOCH|0.60|RL]
2025.09.16 17:15:00;VETO;outlier bar masked, z=4.0
2025.09.16 19:15:00;VETO;signal rejected: score 0.50 < 0.55 [BOS long lvl=1.19|RelVol=1.11|VWAPside|ADX=40]
2025.09.17 02:15:18;VETO;signal rejected: volume: relVol 0.68 < 1.00
2025.09.17 08:15:00;VETO;signal rejected: volume: relVol 0.96 < 1.00
2025.09.17 10:15:00;DECISION;setup SHORT score=0.60 entry=1.18 inv=1.19 tgt=0.00 AWAIT-RETEST [CHoCH short lvl=1.19|RelVol=1.14|Retest@1.18|VWAPside|CycleTurn w=-0.75<-0.09]
2025.09.17 12:00:00;DECISION;TP capped 0.00230 -> 0.00180 (3.0xATR)
2025.09.17 12:00:00;ORDER;filled SELL 0.66 lots sl=1.19 tp=1.18 [WT|CHOCH|0.60]
2025.09.17 12:00:00;RISK;sizing: vol_ratio=0.86 scalar=1.00 gap_buf=0.00030 eff_stop=0.00145
2025.09.17 12:00:00;ORDER;entry fill deal #20 SELL 0.66 @ 1.18485
2025.09.17 13:12:57;MANAGE;#20 SL 1.19 -> 1.18 breakeven
2025.09.17 13:12:57;MANAGE;#20 partial close 0.33 of 0.66 lots
2025.09.17 13:12:57;RISK;deal closed pnl=39.27 streak=0 lock=0
2025.09.17 13:13:02;MANAGE;#20 SL 1.18 -> 1.18 trail
2025.09.17 13:13:03;MANAGE;#20 SL 1.18 -> 1.18 trail
2025.09.17 13:13:25;MANAGE;#20 SL 1.18 -> 1.18 trail
2025.09.17 13:15:00;DECISION;setup SHORT score=0.60 entry=1.18 inv=1.19 tgt=0.00 [BOS short lvl=1.18|RelVol=1.10|VWAPside|CycleTurn w=0.91<-1.00]
2025.09.17 13:15:00;DECISION;TP capped 0.00322 -> 0.00242 (3.0xATR)
2025.09.17 13:15:00;VETO;risk veto: max positions
2025.09.17 14:46:37;RISK;deal closed pnl=10.89 streak=0 lock=0
2025.09.17 16:15:00;VETO;signal rejected: volume: relVol 0.67 < 1.00
2025.09.17 21:15:00;VETO;outlier bar masked, z=34.5
2025.09.17 21:30:00;VETO;outlier bar masked, z=7.8
2025.09.17 21:45:00;VETO;outlier bar masked, z=25.4
2025.09.17 22:00:00;VETO;outlier bar masked, z=17.1
2025.09.17 22:15:00;VETO;outlier bar masked, z=11.2
2025.09.17 22:30:00;VETO;outlier bar masked, z=7.1
2025.09.17 22:45:00;VETO;outlier bar masked, z=6.6
2025.09.17 23:00:00;VETO;outlier bar masked, z=3.6
2025.09.17 23:30:00;VETO;outlier bar masked, z=4.3
2025.09.18 04:45:01;DECISION;setup SHORT score=0.60 entry=1.18 inv=1.18 tgt=0.00 [BOS short lvl=1.18|RelVol=1.58|VWAPside|CycleTurn w=0.91<-0.98]
2025.09.18 04:45:01;VETO;authorization denied: outside session window (server hour 04, window 12-20)
2025.09.18 05:00:00;VETO;authorization denied: outside session window (server hour 05, window 12-20)
2025.09.18 05:15:00;VETO;authorization denied: outside session window (server hour 05, window 12-20)
2025.09.18 05:30:00;VETO;authorization denied: outside session window (server hour 05, window 12-20)
2025.09.18 07:45:00;DECISION;setup SHORT score=0.70 entry=1.18 inv=1.18 tgt=0.00 AWAIT-RETEST [BOS short lvl=1.18|RelVol=1.74|Retest@1.18|VWAPside|CycleTurn w=-0.55<-0.53|ADX=31]
2025.09.18 10:15:00;VETO;outlier bar masked, z=6.3
2025.09.18 10:30:00;DECISION;setup LONG score=0.60 entry=1.18 inv=1.18 tgt=0.00 AWAIT-RETEST [CHoCH long lvl=1.18|RelVol=1.17|Retest@1.18|VWAPside|CycleTurn w=0.57<--0.45]
2025.09.18 10:45:00;VETO;authorization denied: outside session window (server hour 10, window 12-20)
2025.09.18 11:00:00;VETO;authorization denied: outside session window (server hour 11, window 12-20)
2025.09.18 11:15:00;VETO;authorization denied: outside session window (server hour 11, window 12-20)
2025.09.18 11:30:01;VETO;authorization denied: outside session window (server hour 11, window 12-20)
2025.09.18 12:15:00;VETO;signal rejected: score 0.40 < 0.55 [BOS long lvl=1.18|RelVol=1.33|VWAPside]
2025.09.18 15:15:00;VETO;signal rejected: score 0.40 < 0.55 [CHoCH short lvl=1.18|RelVol=1.28|Retest@1.18|VWAPside]
2025.09.18 15:45:00;VETO;outlier bar masked, z=3.9
2025.09.18 16:45:00;VETO;outlier bar masked, z=8.8
2025.09.18 20:15:00;VETO;signal rejected: score 0.30 < 0.55 [CHoCH long lvl=1.18|RelVol=1.15|Retest@1.18]
2025.09.19 02:45:11;VETO;signal rejected: volume: relVol 0.68 < 1.00
2025.09.19 03:15:00;DECISION;setup SHORT score=0.60 entry=1.18 inv=1.18 tgt=0.00 AWAIT-RETEST [CHoCH short lvl=1.18|RelVol=1.03|Retest@1.18|VWAPside|CycleTurn w=0.97<-0.99]
2025.09.19 04:00:00;VETO;authorization denied: outside session window (server hour 04, window 12-20)
2025.09.19 04:15:00;VETO;authorization denied: outside session window (server hour 04, window 12-20)
2025.09.19 04:30:00;VETO;authorization denied: outside session window (server hour 04, window 12-20)
2025.09.19 04:45:00;VETO;authorization denied: outside session window (server hour 04, window 12-20)
2025.09.19 05:15:02;VETO;signal rejected: volume: relVol 0.84 < 1.00
2025.09.19 06:30:00;DECISION;setup LONG score=0.60 entry=1.18 inv=1.18 tgt=0.00 AWAIT-RETEST [CHoCH long lvl=1.18|RelVol=1.45|Retest@1.18|VWAPside|CycleTurn w=0.40<--0.66]
2025.09.19 06:45:01;VETO;authorization denied: outside session window (server hour 06, window 12-20)
2025.09.19 07:00:00;VETO;authorization denied: outside session window (server hour 07, window 12-20)
2025.09.19 07:15:01;VETO;authorization denied: outside session window (server hour 07, window 12-20)
2025.09.19 07:30:01;VETO;authorization denied: outside session window (server hour 07, window 12-20)
2025.09.19 10:00:00;VETO;signal rejected: score 0.40 < 0.55 [CHoCH short lvl=1.18|RelVol=1.45|Retest@1.18|StopFloored|VWAPside]
2025.09.19 11:30:01;VETO;signal rejected: volume: relVol 0.89 < 1.00
2025.09.19 14:15:00;DECISION;setup SHORT score=0.60 entry=1.18 inv=1.18 tgt=0.00 [BOS short lvl=1.18|RelVol=1.16|VWAPside|CycleTurn w=0.99<-0.99]
2025.09.19 14:15:00;DECISION;TP capped 0.00294 -> 0.00241 (3.0xATR)
2025.09.19 14:15:00;ORDER;filled SELL 0.51 lots sl=1.18 tp=1.17 [WT|BOS|0.60]
2025.09.19 14:15:00;RISK;sizing: vol_ratio=1.01 scalar=1.00 gap_buf=0.00040 eff_stop=0.00187
2025.09.19 14:15:00;ORDER;entry fill deal #23 SELL 0.51 @ 1.17544
2025.09.19 14:56:07;MANAGE;#23 SL 1.18 -> 1.18 breakeven
2025.09.19 14:56:07;MANAGE;#23 partial close 0.25 of 0.51 lots
2025.09.19 14:56:07;RISK;deal closed pnl=36.75 streak=0 lock=0
2025.09.19 14:56:18;MANAGE;#23 SL 1.18 -> 1.18 trail
2025.09.19 14:57:16;MANAGE;#23 SL 1.18 -> 1.18 trail
2025.09.19 14:57:26;MANAGE;#23 SL 1.18 -> 1.18 trail
2025.09.19 14:58:40;MANAGE;#23 SL 1.18 -> 1.17 trail
2025.09.19 15:22:10;MANAGE;#23 SL 1.17 -> 1.17 trail
2025.09.19 15:25:23;MANAGE;#23 SL 1.17 -> 1.17 trail
2025.09.19 15:25:23;MANAGE;#23 SL 1.17 -> 1.17 trail
2025.09.19 15:25:36;MANAGE;#23 SL 1.17 -> 1.17 trail
2025.09.19 15:25:37;RISK;deal closed pnl=63.18 streak=0 lock=0
2025.09.22 03:45:05;VETO;signal rejected: volume: relVol 0.62 < 1.00
2025.09.22 07:30:01;VETO;signal rejected: volume: relVol 0.84 < 1.00
2025.09.22 09:00:00;VETO;signal rejected: volume: relVol 0.90 < 1.00
2025.09.22 11:15:01;VETO;outlier bar masked, z=3.6
2025.09.22 17:15:00;VETO;signal rejected: volume: relVol 0.61 < 1.00
2025.09.22 19:30:00;DECISION;setup LONG score=0.60 entry=1.18 inv=1.18 tgt=0.00 AWAIT-RETEST [CHoCH long lvl=1.18|RelVol=1.20|Retest@1.18|VWAPside|CycleTurn w=-0.77<--0.95]
2025.09.22 19:30:00;DECISION;TP capped 0.00554 -> 0.00415 (3.0xATR)
2025.09.22 19:30:00;ERROR;limit BUY 0.25 @ 1.18 sl=1.18 tp=1.18 rc=10015 [WT|CHOCH|0.60|RL]
2025.09.22 19:45:00;DECISION;TP capped 0.00530 -> 0.00398 (3.0xATR)
2025.09.22 19:45:00;ORDER;filled BUY 0.26 lots sl=1.18 tp=1.18 [WT|CHOCH|0.60]
2025.09.22 19:45:00;RISK;sizing: vol_ratio=1.26 scalar=1.00 gap_buf=0.00105 eff_stop=0.00370
2025.09.22 19:45:00;ORDER;entry fill deal #26 BUY 0.26 @ 1.17890
2025.09.22 20:45:02;VETO;signal rejected: score 0.50 < 0.55 [BOS long lvl=1.18|RelVol=1.13|VWAPside|ADX=31]
2025.09.23 00:15:01;VETO;outlier bar masked, z=8.4
2025.09.23 03:45:01;VETO;signal rejected: volume: relVol 0.81 < 1.00
2025.09.23 04:41:12;MANAGE;#26 SL 1.18 -> 1.18 breakeven
2025.09.23 04:41:12;MANAGE;#26 partial close 0.13 of 0.26 lots
2025.09.23 04:41:12;RISK;deal closed pnl=34.49 streak=0 lock=0
2025.09.23 04:41:12;MANAGE;#26 SL 1.18 -> 1.18 trail
2025.09.23 04:41:39;MANAGE;#26 SL 1.18 -> 1.18 trail
2025.09.23 04:50:17;MANAGE;#26 SL 1.18 -> 1.18 trail
2025.09.23 05:07:33;RISK;deal closed pnl=30.33 streak=0 lock=0
2025.09.23 09:15:00;VETO;signal rejected: volume: relVol 0.96 < 1.00
2025.09.23 12:15:00;VETO;signal rejected: volume: relVol 0.75 < 1.00
2025.09.23 15:30:00;VETO;signal rejected: volume: relVol 0.83 < 1.00
2025.09.23 17:00:00;VETO;outlier bar masked, z=4.0
2025.09.23 19:45:00;VETO;outlier bar masked, z=4.2
2025.09.23 20:15:00;VETO;signal rejected: score 0.40 < 0.55 [CHoCH long lvl=1.18|RelVol=1.28|Retest@1.18|VWAPside]
2025.09.24 03:30:00;VETO;signal rejected: score 0.40 < 0.55 [CHoCH short lvl=1.18|RelVol=1.19|Retest@1.18|VWAPside]
2025.09.24 06:00:02;VETO;signal rejected: score 0.50 < 0.55 [BOS short lvl=1.18|RelVol=1.09|VWAPside|ADX=36]
2025.09.24 09:30:00;DECISION;setup SHORT score=0.60 entry=1.18 inv=1.18 tgt=0.00 [BOS short lvl=1.18|RelVol=1.13|VWAPside|CycleTurn w=-0.07<-0.78]
2025.09.24 09:30:00;VETO;authorization denied: outside session window (server hour 09, window 12-20)
2025.09.24 09:45:02;VETO;authorization denied: outside session window (server hour 09, window 12-20)
2025.09.24 10:00:00;VETO;authorization denied: outside session window (server hour 10, window 12-20)
2025.09.24 10:15:00;VETO;authorization denied: outside session window (server hour 10, window 12-20)
2025.09.24 11:15:00;VETO;signal rejected: score 0.40 < 0.55 [BOS short lvl=1.18|RelVol=1.33|Retest@1.18|VWAPside]
2025.09.24 15:45:00;VETO;signal rejected: volume: relVol 0.59 < 1.00
2025.09.25 01:15:00;VETO;signal rejected: volume: relVol 0.69 < 1.00
2025.09.25 04:00:00;VETO;signal rejected: volume: relVol 0.98 < 1.00
2025.09.25 05:45:00;VETO;signal rejected: volume: relVol 0.85 < 1.00
2025.09.25 11:00:00;VETO;signal rejected: score 0.40 < 0.55 [CHoCH short lvl=1.17|RelVol=1.31|Retest@1.17|VWAPside]
2025.09.25 15:45:00;VETO;outlier bar masked, z=10.9
2025.09.25 16:00:00;VETO;outlier bar masked, z=4.1
2025.09.25 17:00:00;VETO;signal rejected: score 0.50 < 0.55 [BOS short lvl=1.17|RelVol=1.22|VWAPside|ADX=32]
2025.09.25 20:30:00;VETO;outlier bar masked, z=4.3
2025.09.25 23:30:00;VETO;signal rejected: score 0.30 < 0.55 [CHoCH long lvl=1.17|RelVol=1.09|Retest@1.17]
2025.09.26 04:00:01;VETO;signal rejected: volume: relVol 0.88 < 1.00
2025.09.26 08:00:00;VETO;signal rejected: volume: relVol 0.97 < 1.00
2025.09.26 11:45:00;DECISION;setup LONG score=0.60 entry=1.17 inv=1.17 tgt=0.00 [BOS long lvl=1.17|RelVol=1.14|VWAPside|CycleTurn w=-0.84<--0.98]
2025.09.26 11:45:00;VETO;authorization denied: outside session window (server hour 11, window 12-20)
2025.09.26 12:00:00;DECISION;TP capped 0.00250 -> 0.00195 (3.0xATR)
2025.09.26 12:00:00;ORDER;filled BUY 0.62 lots sl=1.17 tp=1.17 [WT|BOS|0.60]
2025.09.26 12:00:00;RISK;sizing: vol_ratio=0.92 scalar=1.00 gap_buf=0.00033 eff_stop=0.00158
2025.09.26 12:00:00;ORDER;entry fill deal #29 BUY 0.62 @ 1.16808
2025.09.26 13:30:00;VETO;signal rejected: volume: relVol 0.84 < 1.00
2025.09.26 13:44:11;RISK;deal closed pnl=-77.50 streak=1 lock=0
2025.09.26 16:15:00;VETO;signal rejected: score 0.40 < 0.55 [CHoCH long lvl=1.17|RelVol=1.08|Retest@1.17|VWAPside]
2025.09.26 17:45:00;VETO;signal rejected: volume: relVol 0.96 < 1.00
2025.09.26 22:00:01;VETO;signal rejected: volume: relVol 0.86 < 1.00
2025.09.29 02:30:00;DECISION;setup LONG score=0.60 entry=1.17 inv=1.17 tgt=0.00 [BOS long lvl=1.17|RelVol=1.00|VWAPside|CycleTurn w=-0.71<--0.96]
2025.09.29 02:30:00;VETO;authorization denied: outside session window (server hour 02, window 12-20)
2025.09.29 02:45:01;VETO;authorization denied: outside session window (server hour 02, window 12-20)
2025.09.29 03:00:00;VETO;authorization denied: outside session window (server hour 03, window 12-20)
2025.09.29 03:15:00;VETO;authorization denied: outside session window (server hour 03, window 12-20)
2025.09.29 08:15:00;VETO;signal rejected: score 0.50 < 0.55 [BOS long lvl=1.17|RelVol=1.19|VWAPside|ADX=40]
2025.09.29 10:00:00;VETO;signal rejected: volume: relVol 0.73 < 1.00
2025.09.29 11:30:00;VETO;outlier bar masked, z=5.5
2025.09.29 14:15:00;VETO;signal rejected: volume: relVol 0.75 < 1.00
2025.09.29 15:00:00;VETO;outlier bar masked, z=4.7
2025.09.29 15:45:00;VETO;outlier bar masked, z=5.1
2025.09.29 21:00:00;VETO;signal rejected: volume: relVol 0.80 < 1.00
2025.09.30 08:00:00;VETO;signal rejected: score 0.40 < 0.55 [CHoCH long lvl=1.17|RelVol=1.28|Retest@1.17|VWAPside]
2025.09.30 15:45:00;VETO;signal rejected: volume: relVol 0.51 < 1.00
2025.09.30 16:15:00;VETO;outlier bar masked, z=5.8
2025.09.30 17:15:00;VETO;outlier bar masked, z=8.2
2025.09.30 17:45:00;VETO;signal rejected: volume: relVol 0.94 < 1.00
2025.09.30 18:15:00;VETO;outlier bar masked, z=4.6
2025.09.30 20:00:00;DECISION;setup LONG score=0.60 entry=1.18 inv=1.17 tgt=0.00 [BOS long lvl=1.18|RelVol=1.34|VWAPside|CycleTurn w=0.39<--0.65]
2025.09.30 20:00:00;VETO;authorization denied: outside session window (server hour 20, window 12-20)
2025.09.30 20:15:02;VETO;authorization denied: outside session window (server hour 20, window 12-20)
2025.09.30 20:30:01;VETO;authorization denied: outside session window (server hour 20, window 12-20)
2025.09.30 20:45:01;VETO;authorization denied: outside session window (server hour 20, window 12-20)
2025.09.30 23:15:00;VETO;signal rejected: score 0.40 < 0.55 [CHoCH short lvl=1.17|RelVol=1.33|Retest@1.17|VWAPside]
2025.10.01 02:15:03;DECISION;setup LONG score=0.60 entry=1.17 inv=1.17 tgt=0.00 AWAIT-RETEST [CHoCH long lvl=1.17|RelVol=1.67|Retest@1.17|VWAPside|CycleTurn w=-0.08<--0.97]
2025.10.01 02:30:00;VETO;authorization denied: outside session window (server hour 02, window 12-20)
2025.10.01 02:45:01;VETO;authorization denied: outside session window (server hour 02, window 12-20)
2025.10.01 03:00:00;VETO;authorization denied: outside session window (server hour 03, window 12-20)
2025.10.01 03:15:00;DECISION;setup SHORT score=0.60 entry=1.17 inv=1.17 tgt=0.00 AWAIT-RETEST [CHoCH short lvl=1.17|RelVol=1.07|Retest@1.17|VWAPside|CycleTurn w=0.93<-0.99]
2025.10.01 03:30:00;VETO;authorization denied: outside session window (server hour 03, window 12-20)
2025.10.01 03:45:00;VETO;authorization denied: outside session window (server hour 03, window 12-20)
2025.10.01 04:00:00;VETO;authorization denied: outside session window (server hour 04, window 12-20)
2025.10.01 04:15:00;VETO;authorization denied: outside session window (server hour 04, window 12-20)
2025.10.01 07:15:02;VETO;signal rejected: volume: relVol 0.93 < 1.00
2025.10.01 09:45:00;VETO;outlier bar masked, z=4.8
2025.10.01 10:30:00;VETO;outlier bar masked, z=7.1
2025.10.01 10:45:01;VETO;outlier bar masked, z=3.9
2025.10.01 13:00:00;VETO;signal rejected: score 0.40 < 0.55 [BOS short lvl=1.17|RelVol=1.38|Retest@1.17|VWAPside]
2025.10.01 15:30:00;VETO;outlier bar masked, z=12.0
2025.10.01 15:45:00;VETO;outlier bar masked, z=4.0
2025.10.01 17:15:00;VETO;outlier bar masked, z=4.1
2025.10.01 18:00:00;VETO;outlier bar masked, z=4.8
2025.10.01 19:15:00;VETO;signal rejected: score 0.40 < 0.55 [BOS short lvl=1.17|RelVol=1.49|VWAPside]
2025.10.02 05:00:00;VETO;signal rejected: volume: relVol 0.70 < 1.00
2025.10.02 09:15:00;VETO;signal rejected: volume: relVol 0.83 < 1.00
2025.10.02 10:15:01;VETO;signal rejected: score 0.40 < 0.55 [BOS long lvl=1.17|RelVol=1.17|Retest@1.17|VWAPside]
2025.10.02 15:45:00;VETO;signal rejected: volume: relVol 0.47 < 1.00
2025.10.02 16:45:00;VETO;outlier bar masked, z=4.5
2025.10.02 22:00:01;VETO;signal rejected: volume: relVol 0.62 < 1.00
2025.10.03 02:30:01;VETO;signal rejected: volume: relVol 0.91 < 1.00
2025.10.03 08:00:01;VETO;signal rejected: volume: relVol 0.94 < 1.00
2025.10.03 10:45:00;VETO;signal rejected: volume: relVol 0.77 < 1.00
2025.10.03 14:45:01;VETO;signal rejected: volume: relVol 0.97 < 1.00
2025.10.03 17:15:00;VETO;outlier bar masked, z=6.4
2025.10.03 21:00:00;VETO;signal rejected: score 0.30 < 0.55 [CHoCH short lvl=1.17|RelVol=1.14|Retest@1.17]
2025.10.06 00:15:00;VETO;outlier bar masked, z=9.7
2025.10.06 01:15:00;VETO;outlier bar masked, z=3.8
2025.10.06 02:15:00;VETO;signal rejected: score 0.50 < 0.55 [BOS short lvl=1.17|RelVol=3.55|VWAPside|ADX=37]
2025.10.06 05:00:01;VETO;signal rejected: score 0.40 < 0.55 [CHoCH long lvl=1.17|RelVol=1.15|Retest@1.17|VWAPside]
2025.10.06 09:15:00;VETO;outlier bar masked, z=3.7
2025.10.06 10:45:00;VETO;outlier bar masked, z=12.7
2025.10.06 15:45:00;VETO;signal rejected: volume: relVol 0.58 < 1.00
2025.10.06 22:45:01;VETO;signal rejected: volume: relVol 0.54 < 1.00
2025.10.07 03:15:01;VETO;signal rejected: volume: relVol 0.87 < 1.00
2025.10.07 07:45:00;VETO;signal rejected: volume: relVol 0.80 < 1.00
2025.10.07 10:15:01;VETO;signal rejected: score 0.50 < 0.55 [BOS short lvl=1.17|RelVol=1.21|VWAPside|ADX=37]
2025.10.07 12:00:00;VETO;signal rejected: volume: relVol 0.93 < 1.00
2025.10.07 14:30:00;VETO;signal rejected: score 0.50 < 0.55 [BOS short lvl=1.17|RelVol=1.43|VWAPside|ADX=34]
2025.10.07 18:15:00;VETO;signal rejected: score 0.30 < 0.55 [CHoCH long lvl=1.17|RelVol=1.05|Retest@1.17]
2025.10.07 21:00:00;VETO;signal rejected: volume: relVol 0.96 < 1.00
2025.10.08 03:15:01;DECISION;setup SHORT score=0.60 entry=1.16 inv=1.17 tgt=0.00 [BOS short lvl=1.16|RelVol=1.24|VWAPside|CycleTurn w=0.58<-0.93]
2025.10.08 03:15:01;VETO;authorization denied: outside session window (server hour 03, window 12-20)
2025.10.08 03:30:01;VETO;authorization denied: outside session window (server hour 03, window 12-20)
2025.10.08 03:45:00;VETO;authorization denied: outside session window (server hour 03, window 12-20)
2025.10.08 04:00:00;VETO;authorization denied: outside session window (server hour 04, window 12-20)
2025.10.08 04:30:00;VETO;outlier bar masked, z=4.8
2025.10.08 07:45:00;VETO;signal rejected: score 0.50 < 0.55 [BOS short lvl=1.16|RelVol=1.04|VWAPside|ADX=47]
2025.10.08 09:30:00;VETO;signal rejected: score 0.50 < 0.55 [BOS short lvl=1.16|RelVol=1.57|VWAPside|ADX=46]
2025.10.08 10:45:00;VETO;signal rejected: score 0.30 < 0.55 [CHoCH long lvl=1.16|RelVol=1.26|Retest@1.16]
2025.10.08 16:15:01;VETO;signal rejected: volume: relVol 0.66 < 1.00
2025.10.08 18:00:00;VETO;signal rejected: volume: relVol 0.88 < 1.00
2025.10.08 21:30:00;VETO;outlier bar masked, z=3.9
2025.10.09 01:15:00;VETO;signal rejected: volume: relVol 0.83 < 1.00
2025.10.09 03:30:00;VETO;signal rejected: score 0.40 < 0.55 [BOS long lvl=1.16|RelVol=1.03|VWAPside]
2025.10.09 05:45:00;VETO;signal rejected: volume: relVol 0.92 < 1.00
2025.10.09 09:00:00;VETO;signal rejected: volume: relVol 0.96 < 1.00
2025.10.09 15:15:00;VETO;signal rejected: score 0.50 < 0.55 [BOS short lvl=1.16|RelVol=1.03|VWAPside|ADX=30]
2025.10.09 16:45:00;VETO;outlier bar masked, z=5.6
2025.10.09 17:30:00;VETO;outlier bar masked, z=5.2
2025.10.09 18:15:00;VETO;outlier bar masked, z=4.2
2025.10.09 18:30:00;VETO;outlier bar masked, z=4.2
2025.10.09 22:00:00;DECISION;setup SHORT score=0.60 entry=1.15 inv=1.16 tgt=0.00 [BOS short lvl=1.15|RelVol=1.35|VWAPside|CycleTurn w=0.99<-1.00]
2025.10.09 22:00:00;VETO;authorization denied: outside session window (server hour 22, window 12-20)
2025.10.09 22:15:00;VETO;authorization denied: outside session window (server hour 22, window 12-20)
2025.10.09 22:30:00;VETO;authorization denied: outside session window (server hour 22, window 12-20)
2025.10.09 22:45:00;VETO;authorization denied: outside session window (server hour 22, window 12-20)
2025.10.10 00:15:00;VETO;outlier bar masked, z=4.1
2025.10.10 04:00:00;VETO;signal rejected: volume: relVol 0.88 < 1.00
2025.10.10 05:30:00;VETO;signal rejected: volume: relVol 0.90 < 1.00
2025.10.10 07:00:00;VETO;signal rejected: volume: relVol 0.90 < 1.00
2025.10.10 08:30:00;VETO;signal rejected: volume: relVol 0.84 < 1.00
2025.10.10 11:15:02;DECISION;setup LONG score=0.60 entry=1.16 inv=1.16 tgt=0.00 AWAIT-RETEST [BOS long lvl=1.16|RelVol=1.03|Retest@1.16|VWAPside|CycleTurn w=0.59<--0.39]
2025.10.10 12:00:00;DECISION;TP capped 0.00364 -> 0.00273 (3.0xATR)
2025.10.10 12:00:00;ORDER;filled BUY 0.43 lots sl=1.16 tp=1.16 [WT|BOS|0.60]
2025.10.10 12:00:00;RISK;sizing: vol_ratio=1.10 scalar=1.00 gap_buf=0.00042 eff_stop=0.00224
2025.10.10 12:00:00;ORDER;entry fill deal #31 BUY 0.43 @ 1.15791
2025.10.10 14:30:00;VETO;signal rejected: volume: relVol 0.89 < 1.00
2025.10.10 14:59:40;RISK;deal closed pnl=-78.69 streak=1 lock=0
2025.10.10 18:00:00;DECISION;setup LONG score=0.60 entry=1.16 inv=1.16 tgt=0.00 AWAIT-RETEST [CHoCH long lvl=1.16|RelVol=1.08|Retest@1.16|VWAPside|CycleTurn w=0.38<--0.73]
2025.10.10 18:00:00;DECISION;TP capped 0.00328 -> 0.00261 (3.0xATR)
2025.10.10 18:00:00;ORDER;limit BUY 0.40 @ 1.16 sl=1.16 tp=1.16 rc=10009 [WT|CHOCH|0.60|RL]
2025.10.10 18:00:00;RISK;sizing: vol_ratio=1.21 scalar=1.00 gap_buf=0.00074 eff_stop=0.00238
2025.10.10 18:00:01;ORDER;entry fill deal #33 BUY 0.40 @ 1.15784
2025.10.10 18:04:01;MANAGE;#33 SL 1.16 -> 1.16 breakeven
2025.10.10 18:04:01;MANAGE;#33 partial close 0.20 of 0.40 lots
2025.10.10 18:04:01;RISK;deal closed pnl=32.60 streak=0 lock=0
2025.10.10 18:05:16;MANAGE;#33 SL 1.16 -> 1.16 trail
2025.10.10 18:05:34;MANAGE;#33 SL 1.16 -> 1.16 trail
2025.10.10 18:06:14;MANAGE;#33 SL 1.16 -> 1.16 trail
2025.10.10 18:06:40;MANAGE;#33 SL 1.16 -> 1.16 trail
2025.10.10 18:06:43;MANAGE;#33 SL 1.16 -> 1.16 trail
2025.10.10 18:06:49;MANAGE;#33 SL 1.16 -> 1.16 trail
2025.10.10 18:06:49;MANAGE;#33 SL 1.16 -> 1.16 trail
2025.10.10 18:06:51;RISK;deal closed pnl=52.80 streak=0 lock=0
2025.10.10 18:15:00;VETO;outlier bar masked, z=13.0
2025.10.10 18:30:00;VETO;outlier bar masked, z=5.3
2025.10.13 00:01:00;VETO;outlier bar masked, z=7.3
2025.10.13 01:15:01;VETO;outlier bar masked, z=4.9
2025.10.13 03:45:00;DECISION;setup LONG score=0.60 entry=1.16 inv=1.16 tgt=0.00 AWAIT-RETEST [CHoCH long lvl=1.16|RelVol=1.83|Retest@1.16|VWAPside|CycleTurn w=-0.96<--0.99]
2025.10.13 04:00:00;VETO;authorization denied: outside session window (server hour 04, window 12-20)
2025.10.13 04:15:00;VETO;authorization denied: outside session window (server hour 04, window 12-20)
2025.10.13 04:30:02;VETO;authorization denied: outside session window (server hour 04, window 12-20)
2025.10.13 04:45:00;VETO;authorization denied: outside session window (server hour 04, window 12-20)
2025.10.13 09:00:00;VETO;signal rejected: volume: relVol 0.95 < 1.00
2025.10.13 09:30:00;DECISION;setup LONG score=0.60 entry=1.16 inv=1.16 tgt=0.00 AWAIT-RETEST [CHoCH long lvl=1.16|RelVol=1.13|Retest@1.16|VWAPside|CycleTurn w=-0.97<--0.99]
2025.10.13 09:45:00;VETO;authorization denied: outside session window (server hour 09, window 12-20)
2025.10.13 10:00:00;VETO;outlier bar masked, z=3.8
2025.10.13 10:15:00;DECISION;setup SHORT score=0.60 entry=1.16 inv=1.16 tgt=0.00 AWAIT-RETEST [CHoCH short lvl=1.16|RelVol=1.22|Retest@1.16|VWAPside|CycleTurn w=-0.51<--0.48]
2025.10.13 10:30:00;VETO;authorization denied: outside session window (server hour 10, window 12-20)
2025.10.13 10:45:00;VETO;authorization denied: outside session window (server hour 10, window 12-20)
2025.10.13 11:00:00;VETO;authorization denied: outside session window (server hour 11, window 12-20)
2025.10.13 11:15:01;VETO;authorization denied: outside session window (server hour 11, window 12-20)
2025.10.13 14:45:00;VETO;signal rejected: score 0.50 < 0.55 [BOS short lvl=1.16|RelVol=1.51|Retest@1.16|VWAPside|ADX=31]
2025.10.13 22:00:00;VETO;signal rejected: volume: relVol 0.43 < 1.00
2025.10.14 03:15:01;VETO;signal rejected: score 0.40 < 0.55 [BOS short lvl=1.16|RelVol=1.42|Retest@1.16|VWAPside]
2025.10.14 04:30:00;VETO;signal rejected: volume: relVol 0.97 < 1.00
2025.10.14 06:00:01;VETO;signal rejected: score 0.50 < 0.55 [BOS long lvl=1.16|RelVol=1.03|VWAPside|ADX=38]
2025.10.14 10:45:00;VETO;outlier bar masked, z=4.4
2025.10.14 14:15:00;VETO;signal rejected: score 0.40 < 0.55 [BOS short lvl=1.16|RelVol=1.13|VWAPside]
2025.10.14 16:15:00;VETO;signal rejected: volume: relVol 0.97 < 1.00
2025.10.14 16:30:00;VETO;outlier bar masked, z=4.8
2025.10.14 19:00:00;VETO;signal rejected: score 0.50 < 0.55 [BOS long lvl=1.16|RelVol=1.62|Retest@1.16|VWAPside|ADX=39]
2025.10.14 23:15:35;VETO;signal rejected: score 0.30 < 0.55 [CHoCH short lvl=1.16|RelVol=1.07|Retest@1.16]
2025.10.15 03:45:15;DECISION;setup LONG score=0.60 entry=1.16 inv=1.16 tgt=0.00 AWAIT-RETEST [CHoCH long lvl=1.16|RelVol=1.01|Retest@1.16|VWAPside|CycleTurn w=-0.96<--0.99]
2025.10.15 04:00:00;VETO;authorization denied: outside session window (server hour 04, window 12-20)
2025.10.15 04:15:02;VETO;authorization denied: outside session window (server hour 04, window 12-20)
2025.10.15 04:30:00;VETO;authorization denied: outside session window (server hour 04, window 12-20)
2025.10.15 04:45:00;VETO;authorization denied: outside session window (server hour 04, window 12-20)
2025.10.15 08:30:00;VETO;signal rejected: volume: relVol 0.81 < 1.00
2025.10.15 16:00:00;VETO;signal rejected: score 0.40 < 0.55 [CHoCH short lvl=1.16|RelVol=1.19|Retest@1.16|VWAPside]
2025.10.15 18:30:00;VETO;signal rejected: score 0.40 < 0.55 [CHoCH long lvl=1.16|RelVol=1.10|Retest@1.16|VWAPside]
2025.10.15 23:00:00;VETO;signal rejected: volume: relVol 0.88 < 1.00
2025.10.16 01:45:00;DECISION;setup LONG score=0.70 entry=1.16 inv=1.16 tgt=0.00 [BOS long lvl=1.16|RelVol=1.03|VWAPside|CycleTurn w=0.55<-0.22|ADX=38]
2025.10.16 01:45:00;VETO;authorization denied: outside session window (server hour 01, window 12-20)
2025.10.16 02:00:00;VETO;authorization denied: outside session window (server hour 02, window 12-20)
2025.10.16 02:15:02;VETO;authorization denied: outside session window (server hour 02, window 12-20)
2025.10.16 02:30:00;VETO;authorization denied: outside session window (server hour 02, window 12-20)
2025.10.16 03:30:00;DECISION;setup LONG score=0.70 entry=1.17 inv=1.16 tgt=0.00 AWAIT-RETEST [BOS long lvl=1.17|RelVol=1.41|Retest@1.17|VWAPside|CycleTurn w=-0.79<--0.97|ADX=50]
2025.10.16 10:15:00;VETO;signal rejected: score 0.40 < 0.55 [CHoCH short lvl=1.17|RelVol=1.47|Retest@1.17|VWAPside]
2025.10.16 14:15:03;VETO;signal rejected: volume: relVol 0.83 < 1.00
2025.10.16 17:30:00;VETO;signal rejected: volume: relVol 0.80 < 1.00
2025.10.16 20:15:00;VETO;signal rejected: score 0.40 < 0.55 [BOS long lvl=1.17|RelVol=2.09|Retest@1.17|VWAPside]
2025.10.17 01:45:00;DECISION;setup LONG score=0.60 entry=1.17 inv=1.17 tgt=0.00 [BOS long lvl=1.17|RelVol=1.17|VWAPside|CycleTurn w=-0.94<--0.98]
2025.10.17 01:45:00;VETO;authorization denied: outside session window (server hour 01, window 12-20)
2025.10.17 02:00:00;VETO;authorization denied: outside session window (server hour 02, window 12-20)
2025.10.17 02:15:00;VETO;authorization denied: outside session window (server hour 02, window 12-20)
2025.10.17 02:30:08;VETO;authorization denied: outside session window (server hour 02, window 12-20)
2025.10.17 08:15:00;VETO;signal rejected: score 0.50 < 0.55 [BOS long lvl=1.17|RelVol=1.12|VWAPside|ADX=33]
2025.10.17 10:30:00;VETO;outlier bar masked, z=5.9
2025.10.17 14:00:00;VETO;signal rejected: score 0.40 < 0.55 [BOS short lvl=1.17|RelVol=1.75|VWAPside]
2025.10.17 15:15:00;VETO;signal rejected: score 0.50 < 0.55 [BOS short lvl=1.17|RelVol=1.46|VWAPside|ADX=35]
2025.10.17 17:15:00;VETO;signal rejected: score 0.50 < 0.55 [BOS short lvl=1.17|RelVol=1.13|Retest@1.17|VWAPside|ADX=40]
2025.10.17 23:30:00;DECISION;setup SHORT score=0.60 entry=1.17 inv=1.17 tgt=0.00 [BOS short lvl=1.17|RelVol=1.08|VWAPside|CycleTurn w=0.97<-1.00]
2025.10.17 23:30:00;VETO;authorization denied: outside session window (server hour 23, window 12-20)
2025.10.17 23:45:00;VETO;authorization denied: outside session window (server hour 23, window 12-20)
2025.10.20 00:01:00;VETO;authorization denied: outside session window (server hour 00, window 12-20)
2025.10.20 00:15:23;VETO;authorization denied: outside session window (server hour 00, window 12-20)
2025.10.20 05:15:00;VETO;signal rejected: volume: relVol 0.84 < 1.00
2025.10.20 08:00:00;VETO;signal rejected: volume: relVol 0.93 < 1.00
2025.10.20 13:15:00;VETO;signal rejected: volume: relVol 0.92 < 1.00
2025.10.20 17:45:00;VETO;signal rejected: volume: relVol 0.84 < 1.00
2025.10.20 19:30:00;VETO;signal rejected: volume: relVol 0.85 < 1.00
2025.10.21 03:15:00;VETO;signal rejected: volume: relVol 0.97 < 1.00
2025.10.21 05:45:00;VETO;signal rejected: score 0.40 < 0.55 [CHoCH short lvl=1.16|RelVol=1.70|Retest@1.16|VWAPside]
2025.10.21 08:30:00;VETO;signal rejected: score 0.50 < 0.55 [BOS short lvl=1.16|RelVol=1.26|VWAPside|ADX=41]
2025.10.21 13:45:00;VETO;signal rejected: score 0.50 < 0.55 [BOS short lvl=1.16|RelVol=1.08|VWAPside|ADX=35]
2025.10.21 15:30:00;VETO;signal rejected: volume: relVol 0.98 < 1.00
2025.10.21 17:45:00;VETO;signal rejected: score 0.40 < 0.55 [BOS short lvl=1.16|RelVol=1.16|VWAPside]
2025.10.21 23:00:00;VETO;signal rejected: score 0.40 < 0.55 [BOS short lvl=1.16|RelVol=1.13|VWAPside]
2025.10.22 03:15:00;VETO;signal rejected: score 0.40 < 0.55 [CHoCH long lvl=1.16|RelVol=1.19|Retest@1.16|VWAPside]
2025.10.22 05:45:00;VETO;signal rejected: volume: relVol 0.70 < 1.00
2025.10.22 08:15:00;VETO;signal rejected: volume: relVol 0.85 < 1.00
2025.10.22 10:15:00;VETO;signal rejected: volume: relVol 0.91 < 1.00
2025.10.22 13:30:00;VETO;signal rejected: score 0.50 < 0.55 [BOS short lvl=1.16|RelVol=1.04|VWAPside|ADX=31]
2025.10.22 15:45:00;VETO;signal rejected: volume: relVol 0.69 < 1.00
2025.10.22 16:45:00;VETO;signal rejected: volume: relVol 0.93 < 1.00
2025.10.22 19:45:00;VETO;signal rejected: score 0.50 < 0.55 [BOS long lvl=1.16|RelVol=2.13|VWAPside|ADX=64]
2025.10.22 21:45:00;VETO;signal rejected: volume: relVol 0.91 < 1.00
2025.10.23 03:15:00;VETO;signal rejected: volume: relVol 0.85 < 1.00
2025.10.23 05:45:00;VETO;signal rejected: volume: relVol 0.77 < 1.00
2025.10.23 07:00:00;VETO;signal rejected: volume: relVol 0.94 < 1.00
2025.10.23 08:00:00;VETO;signal rejected: volume: relVol 0.80 < 1.00
2025.10.23 13:30:00;VETO;signal rejected: volume: relVol 0.67 < 1.00
2025.10.23 17:00:00;VETO;signal rejected: volume: relVol 0.76 < 1.00
2025.10.23 21:45:00;VETO;signal rejected: volume: relVol 0.97 < 1.00
2025.10.24 01:15:00;VETO;signal rejected: volume: relVol 0.61 < 1.00
2025.10.24 04:30:00;VETO;signal rejected: volume: relVol 0.74 < 1.00
2025.10.24 08:30:00;VETO;signal rejected: volume: relVol 0.66 < 1.00
2025.10.24 10:00:00;VETO;signal rejected: volume: relVol 0.52 < 1.00
2025.10.24 10:45:00;VETO;outlier bar masked, z=7.3
2025.10.24 15:45:00;VETO;outlier bar masked, z=14.1
2025.10.24 16:00:00;VETO;outlier bar masked, z=4.5
2025.10.24 16:15:00;VETO;outlier bar masked, z=3.9
2025.10.24 17:00:00;VETO;outlier bar masked, z=3.8
2025.10.24 23:15:00;VETO;signal rejected: volume: relVol 0.91 < 1.00
2025.10.24 23:45:00;VETO;signal rejected: score 0.30 < 0.55 [CHoCH short lvl=1.16|RelVol=1.44|Retest@1.16]
2025.10.27 03:15:01;VETO;signal rejected: score 0.40 < 0.55 [CHoCH long lvl=1.16|RelVol=1.09|Retest@1.16|VWAPside]
2025.10.27 06:15:02;VETO;signal rejected: score 0.40 < 0.55 [CHoCH short lvl=1.16|RelVol=1.20|Retest@1.16|VWAPside]
2025.10.27 10:00:00;VETO;signal rejected: volume: relVol 0.53 < 1.00
2025.10.27 11:30:00;VETO;signal rejected: volume: relVol 0.91 < 1.00
2025.10.27 15:45:00;VETO;signal rejected: volume: relVol 0.76 < 1.00
2025.10.27 20:45:02;VETO;signal rejected: volume: relVol 1.00 < 1.00
2025.10.28 01:00:00;VETO;signal rejected: volume: relVol 0.34 < 1.00
2025.10.28 06:45:07;DECISION;setup LONG score=0.70 entry=1.17 inv=1.17 tgt=0.00 [BOS long lvl=1.17|RelVol=1.13|VWAPside|CycleTurn w=0.37<--0.61|ADX=47]
2025.10.28 06:45:07;VETO;authorization denied: outside session window (server hour 06, window 12-20)
2025.10.28 07:00:00;VETO;authorization denied: outside session window (server hour 07, window 12-20)
2025.10.28 07:15:03;VETO;authorization denied: outside session window (server hour 07, window 12-20)
2025.10.28 07:30:00;VETO;authorization denied: outside session window (server hour 07, window 12-20)
2025.10.28 11:00:00;VETO;outlier bar masked, z=4.3
2025.10.28 13:00:00;VETO;signal rejected: volume: relVol 0.88 < 1.00
2025.10.28 14:45:00;VETO;signal rejected: score 0.40 < 0.55 [CHoCH short lvl=1.16|RelVol=1.29|Retest@1.16|VWAPside]
2025.10.28 15:15:00;VETO;outlier bar masked, z=5.1
2025.10.28 16:15:00;VETO;outlier bar masked, z=3.7
2025.10.28 19:00:00;VETO;outlier bar masked, z=5.5
2025.10.28 22:00:00;DECISION;setup SHORT score=0.60 entry=1.17 inv=1.17 tgt=0.00 AWAIT-RETEST [CHoCH short lvl=1.17|RelVol=1.44|Retest@1.17|VWAPside|CycleTurn w=-0.54<--0.52]
2025.10.28 22:15:00;VETO;authorization denied: outside session window (server hour 22, window 12-20)
2025.10.28 22:30:00;VETO;authorization denied: outside session window (server hour 22, window 12-20)
2025.10.28 22:45:03;VETO;authorization denied: outside session window (server hour 22, window 12-20)
2025.10.28 23:01:00;VETO;authorization denied: outside session window (server hour 23, window 12-20)
2025.10.29 02:00:00;DECISION;setup LONG score=0.60 entry=1.17 inv=1.16 tgt=0.00 AWAIT-RETEST [CHoCH long lvl=1.17|RelVol=1.81|Retest@1.17|VWAPside|CycleTurn w=-0.78<--0.99]
2025.10.29 02:30:00;VETO;authorization denied: outside session window (server hour 02, window 12-20)
2025.10.29 02:45:00;VETO;authorization denied: outside session window (server hour 02, window 12-20)
2025.10.29 03:00:00;VETO;authorization denied: outside session window (server hour 03, window 12-20)
2025.10.29 03:15:00;VETO;authorization denied: outside session window (server hour 03, window 12-20)
2025.10.29 03:45:00;DECISION;setup SHORT score=0.60 entry=1.16 inv=1.17 tgt=0.00 AWAIT-RETEST [CHoCH short lvl=1.16|RelVol=1.46|Retest@1.16|VWAPside|CycleTurn w=0.54<-0.92]
2025.10.29 04:00:00;VETO;authorization denied: outside session window (server hour 04, window 12-20)
2025.10.29 04:15:03;VETO;authorization denied: outside session window (server hour 04, window 12-20)
2025.10.29 04:30:00;VETO;authorization denied: outside session window (server hour 04, window 12-20)
2025.10.29 04:45:01;VETO;authorization denied: outside session window (server hour 04, window 12-20)
2025.10.29 05:45:06;VETO;signal rejected: score 0.50 < 0.55 [BOS short lvl=1.16|RelVol=1.24|VWAPside|ADX=35]
2025.10.29 11:00:00;VETO;signal rejected: volume: relVol 0.60 < 1.00
2025.10.29 12:00:00;DECISION;setup LONG score=0.60 entry=1.16 inv=1.16 tgt=0.00 AWAIT-RETEST [CHoCH long lvl=1.16|RelVol=1.05|Retest@1.16|VWAPside|CycleTurn w=0.35<--0.71]
2025.10.29 12:00:00;DECISION;TP capped 0.00424 -> 0.00318 (3.0xATR)
2025.10.29 12:00:00;ORDER;limit BUY 0.39 @ 1.16 sl=1.16 tp=1.17 rc=10009 [WT|CHOCH|0.60|RL]
2025.10.29 12:00:00;RISK;sizing: vol_ratio=1.28 scalar=1.00 gap_buf=0.00036 eff_stop=0.00247
2025.10.29 12:03:29;ORDER;entry fill deal #36 BUY 0.39 @ 1.16398
2025.10.29 14:45:02;DECISION;setup SHORT score=0.60 entry=1.16 inv=1.16 tgt=0.00 AWAIT-RETEST [CHoCH short lvl=1.16|RelVol=1.19|Retest@1.16|VWAPside|CycleTurn w=0.42<-0.89]
2025.10.29 14:45:02;VETO;retest limit risk veto: max positions
2025.10.29 15:00:00;DECISION;TP capped 0.00306 -> 0.00230 (3.0xATR)
2025.10.29 15:00:00;VETO;risk veto: max positions
2025.10.29 17:00:00;VETO;signal rejected: volume: relVol 0.66 < 1.00
2025.10.29 17:50:14;MANAGE;#36 SL 1.16 -> 1.16 breakeven
2025.10.29 17:50:14;MANAGE;#36 partial close 0.19 of 0.39 lots
2025.10.29 17:50:14;RISK;deal closed pnl=40.85 streak=0 lock=0
2025.10.29 17:50:15;MANAGE;#36 SL 1.16 -> 1.16 trail
2025.10.29 17:52:49;MANAGE;#36 SL 1.16 -> 1.16 trail
2025.10.29 17:53:00;MANAGE;#36 SL 1.16 -> 1.16 trail
2025.10.29 17:57:31;MANAGE;#36 SL 1.16 -> 1.16 trail
2025.10.29 18:02:24;MANAGE;#36 SL 1.16 -> 1.17 trail
2025.10.29 19:28:41;RISK;deal closed pnl=22.00 streak=0 lock=0
2025.10.29 20:15:00;VETO;outlier bar masked, z=4.9
2025.10.29 20:45:00;VETO;outlier bar masked, z=21.6
2025.10.29 21:00:00;VETO;outlier bar masked, z=4.6
2025.10.29 21:15:00;VETO;outlier bar masked, z=5.2
2025.10.30 02:30:00;VETO;signal rejected: score 0.40 < 0.55 [CHoCH long lvl=1.16|RelVol=2.10|Retest@1.16|VWAPside]
2025.10.30 04:15:00;VETO;signal rejected: volume: relVol 0.81 < 1.00
2025.10.30 06:30:00;VETO;outlier bar masked, z=3.7
2025.10.30 13:00:00;VETO;signal rejected: volume: relVol 0.95 < 1.00
2025.10.30 14:30:00;VETO;outlier bar masked, z=4.2
2025.10.30 15:30:00;VETO;outlier bar masked, z=3.5
2025.10.31 01:45:01;VETO;signal rejected: volume: relVol 0.93 < 1.00
2025.10.31 09:00:00;VETO;signal rejected: score 0.40 < 0.55 [CHoCH short lvl=1.16|RelVol=1.78|Retest@1.16|VWAPside]
2025.10.31 11:15:00;VETO;signal rejected: volume: relVol 0.57 < 1.00
2025.10.31 13:45:00;DECISION;setup SHORT score=0.60 entry=1.16 inv=1.16 tgt=0.00 AWAIT-RETEST [CHoCH short lvl=1.16|RelVol=1.82|Retest@1.16|VWAPside|CycleTurn w=0.65<-0.95]
2025.10.31 13:45:00;DECISION;TP capped 0.00277 -> 0.00208 (3.0xATR)
2025.10.31 13:45:00;ORDER;limit SELL 0.57 @ 1.16 sl=1.16 tp=1.15 rc=10009 [WT|CHOCH|0.60|RL]
2025.10.31 13:45:00;RISK;sizing: vol_ratio=1.08 scalar=1.00 gap_buf=0.00033 eff_stop=0.00171
2025.10.31 13:47:45;ORDER;entry fill deal #39 SELL 0.57 @ 1.15632
2025.10.31 15:20:09;MANAGE;#39 SL 1.16 -> 1.16 breakeven
2025.10.31 15:20:09;MANAGE;#39 partial close 0.28 of 0.57 lots
2025.10.31 15:20:09;RISK;deal closed pnl=39.48 streak=0 lock=0
2025.10.31 15:20:09;MANAGE;#39 SL 1.16 -> 1.16 trail
2025.10.31 15:30:24;MANAGE;#39 SL 1.16 -> 1.16 trail
2025.10.31 15:30:28;MANAGE;#39 SL 1.16 -> 1.16 trail
2025.10.31 15:34:45;MANAGE;#39 SL 1.16 -> 1.16 trail
2025.10.31 15:37:16;MANAGE;#39 SL 1.16 -> 1.16 trail
2025.10.31 15:39:22;MANAGE;#39 SL 1.16 -> 1.16 trail
2025.10.31 15:40:24;RISK;deal closed pnl=60.32 streak=0 lock=0
2025.10.31 15:45:00;VETO;outlier bar masked, z=5.4
2025.10.31 16:45:00;VETO;outlier bar masked, z=3.7
2025.10.31 18:00:00;VETO;outlier bar masked, z=5.8
2025.11.03 06:15:00;VETO;signal rejected: score 0.40 < 0.55 [CHoCH long lvl=1.15|RelVol=1.40|Retest@1.15|VWAPside]
2025.11.03 08:30:00;VETO;signal rejected: volume: relVol 0.93 < 1.00
2025.11.03 10:45:00;VETO;signal rejected: volume: relVol 0.89 < 1.00
2025.11.03 14:45:00;VETO;signal rejected: volume: relVol 0.70 < 1.00
2025.11.03 15:30:00;DECISION;setup SHORT score=0.60 entry=1.15 inv=1.15 tgt=0.00 AWAIT-RETEST [CHoCH short lvl=1.15|RelVol=1.05|Retest@1.15|VWAPside|CycleTurn w=0.91<-0.99]
2025.11.03 15:30:00;DECISION;TP capped 0.00321 -> 0.00241 (3.0xATR)
2025.11.03 15:30:00;ERROR;limit SELL 0.52 @ 1.15 sl=1.15 tp=1.15 rc=10015 [WT|CHOCH|0.60|RL]
2025.11.03 15:45:08;DECISION;TP capped 0.00254 -> 0.00190 (3.0xATR)
2025.11.03 15:45:08;ORDER;filled SELL 0.64 lots sl=1.15 tp=1.15 [WT|CHOCH|0.60]
2025.11.03 15:45:08;RISK;sizing: vol_ratio=0.93 scalar=1.00 gap_buf=0.00028 eff_stop=0.00155
2025.11.03 15:45:08;ORDER;entry fill deal #42 SELL 0.64 @ 1.15097
2025.11.03 17:57:44;RISK;deal closed pnl=-81.28 streak=1 lock=0
2025.11.03 18:00:00;VETO;signal rejected: volume: relVol 0.95 < 1.00
2025.11.03 19:30:02;VETO;signal rejected: score 0.50 < 0.55 [BOS long lvl=1.15|RelVol=1.02|VWAPside|ADX=38]
2025.11.03 23:30:00;VETO;signal rejected: score 0.40 < 0.55 [CHoCH short lvl=1.15|RelVol=1.23|Retest@1.15|VWAPside]
2025.11.04 02:15:00;DECISION;setup SHORT score=0.70 entry=1.15 inv=1.15 tgt=0.00 AWAIT-RETEST [BOS short lvl=1.15|RelVol=2.02|Retest@1.15|VWAPside|CycleTurn w=-0.12<-0.98|ADX=32]
2025.11.04 08:30:00;DECISION;setup LONG score=0.60 entry=1.15 inv=1.15 tgt=0.00 AWAIT-RETEST [CHoCH long lvl=1.15|RelVol=2.50|Retest@1.15|VWAPside|CycleTurn w=0.77<-0.76]
2025.11.04 12:00:00;VETO;signal rejected: score 0.40 < 0.55 [CHoCH short lvl=1.15|RelVol=1.26|Retest@1.15|VWAPside]
2025.11.04 13:45:00;VETO;signal rejected: score 0.50 < 0.55 [BOS short lvl=1.15|RelVol=1.62|VWAPside|ADX=53]
2025.11.04 21:45:00;VETO;signal rejected: score 0.40 < 0.55 [BOS short lvl=1.15|RelVol=1.24|VWAPside]
2025.11.05 01:30:00;VETO;signal rejected: score 0.40 < 0.55 [CHoCH long lvl=1.15|RelVol=1.64|Retest@1.15|VWAPside]
2025.11.05 03:30:00;VETO;signal rejected: score 0.40 < 0.55 [BOS long lvl=1.15|RelVol=1.90|VWAPside]
2025.11.05 07:45:00;VETO;signal rejected: volume: relVol 0.93 < 1.00
2025.11.05 10:15:00;DECISION;setup LONG score=0.60 entry=1.15 inv=1.15 tgt=0.00 [BOS long lvl=1.15|RelVol=1.05|VWAPside|CycleTurn w=-0.98<--1.00]
2025.11.05 10:15:00;VETO;authorization denied: outside session window (server hour 10, window 12-20)
2025.11.05 10:30:00;VETO;authorization denied: outside session window (server hour 10, window 12-20)
2025.11.05 10:45:00;VETO;authorization denied: outside session window (server hour 10, window 12-20)
2025.11.05 11:00:00;VETO;authorization denied: outside session window (server hour 11, window 12-20)
2025.11.05 12:15:00;VETO;signal rejected: score 0.40 < 0.55 [CHoCH short lvl=1.15|RelVol=1.24|Retest@1.15|VWAPside]
2025.11.05 16:00:00;DECISION;setup SHORT score=0.60 entry=1.15 inv=1.15 tgt=0.00 [BOS short lvl=1.15|RelVol=1.23|VWAPside|CycleTurn w=0.10<-0.88]
2025.11.05 16:00:00;DECISION;TP capped 0.00400 -> 0.00300 (3.0xATR)
2025.11.05 16:00:00;ORDER;filled SELL 0.43 lots sl=1.15 tp=1.14 [WT|BOS|0.60]
2025.11.05 16:00:00;RISK;sizing: vol_ratio=1.14 scalar=1.00 gap_buf=0.00028 eff_stop=0.00228
2025.11.05 16:00:00;ORDER;entry fill deal #44 SELL 0.43 @ 1.14738
2025.11.05 17:15:00;VETO;outlier bar masked, z=6.5
2025.11.05 17:45:02;VETO;outlier bar masked, z=3.6
2025.11.05 21:45:03;VETO;signal rejected: volume: relVol 0.80 < 1.00
2025.11.05 23:24:49;RISK;deal closed pnl=-87.29 streak=1 lock=0
2025.11.05 23:45:00;VETO;signal rejected: volume: relVol 0.65 < 1.00
2025.11.06 01:15:00;VETO;signal rejected: score 0.50 < 0.55 [BOS long lvl=1.15|RelVol=1.58|VWAPside|ADX=35]
2025.11.06 08:00:00;DECISION;setup LONG score=0.70 entry=1.15 inv=1.15 tgt=0.00 [BOS long lvl=1.15|RelVol=1.25|VWAPside|CycleTurn w=-0.99<--1.00|ADX=34]
2025.11.06 08:00:00;VETO;authorization denied: outside session window (server hour 08, window 12-20)
2025.11.06 08:15:00;VETO;authorization denied: outside session window (server hour 08, window 12-20)
2025.11.06 08:30:00;VETO;authorization denied: outside session window (server hour 08, window 12-20)
2025.11.06 08:45:01;VETO;authorization denied: outside session window (server hour 08, window 12-20)
2025.11.06 11:00:00;VETO;outlier bar masked, z=7.0
2025.11.06 14:15:00;VETO;outlier bar masked, z=3.7
2025.11.06 14:45:01;VETO;signal rejected: volume: relVol 0.87 < 1.00
2025.11.06 17:30:00;VETO;outlier bar masked, z=4.0
2025.11.06 17:45:00;VETO;outlier bar masked, z=3.7
2025.11.06 18:00:00;VETO;outlier bar masked, z=4.9
2025.11.06 19:30:00;VETO;outlier bar masked, z=4.3
2025.11.06 20:15:00;VETO;signal rejected: volume: relVol 0.87 < 1.00
2025.11.07 00:15:14;VETO;signal rejected: volume: relVol 0.57 < 1.00
2025.11.07 01:30:00;DECISION;setup LONG score=0.60 entry=1.15 inv=1.15 tgt=0.00 AWAIT-RETEST [CHoCH long lvl=1.15|RelVol=1.24|Retest@1.15|VWAPside|CycleTurn w=-0.98<--1.00]
2025.11.07 01:45:00;VETO;authorization denied: outside session window (server hour 01, window 12-20)
2025.11.07 02:00:00;VETO;authorization denied: outside session window (server hour 02, window 12-20)
2025.11.07 02:15:01;VETO;authorization denied: outside session window (server hour 02, window 12-20)
2025.11.07 02:30:00;VETO;authorization denied: outside session window (server hour 02, window 12-20)
2025.11.07 06:30:00;VETO;signal rejected: score 0.40 < 0.55 [CHoCH short lvl=1.15|RelVol=1.69|Retest@1.15|VWAPside]
2025.11.07 08:30:00;VETO;signal rejected: score 0.40 < 0.55 [BOS short lvl=1.15|RelVol=1.08|VWAPside]
2025.11.07 12:15:00;VETO;signal rejected: volume: relVol 0.95 < 1.00
2025.11.07 15:30:00;VETO;signal rejected: volume: relVol 0.86 < 1.00
2025.11.07 17:15:00;VETO;outlier bar masked, z=5.8
2025.11.07 18:00:00;VETO;outlier bar masked, z=3.7
2025.11.07 21:00:00;VETO;signal rejected: volume: relVol 0.73 < 1.00
2025.11.10 00:45:24;VETO;signal rejected: volume: relVol 0.98 < 1.00
2025.11.10 01:15:00;VETO;outlier bar masked, z=3.9
2025.11.10 02:15:00;VETO;outlier bar masked, z=5.3
2025.11.10 07:00:00;VETO;signal rejected: volume: relVol 0.93 < 1.00
2025.11.10 09:00:00;VETO;signal rejected: score 0.50 < 0.55 [CHoCH short lvl=1.16|RelVol=1.44|Retest@1.16|CycleTurn w=0.88<-0.98]
2025.11.10 09:45:04;VETO;signal rejected: score 0.40 < 0.55 [CHoCH long lvl=1.16|RelVol=1.07|Retest@1.16|VWAPside]
2025.11.10 12:45:00;VETO;signal rejected: score 0.30 < 0.55 [CHoCH short lvl=1.16|RelVol=1.30|Retest@1.16]
2025.11.10 17:45:00;VETO;signal rejected: score 0.40 < 0.55 [BOS short lvl=1.16|RelVol=1.04|VWAPside]
2025.11.10 20:00:00;VETO;signal rejected: volume: relVol 0.96 < 1.00
2025.11.10 23:45:02;DECISION;setup SHORT score=0.60 entry=1.16 inv=1.16 tgt=0.00 AWAIT-RETEST [CHoCH short lvl=1.16|RelVol=1.33|Retest@1.16|VWAPside|CycleTurn w=0.88<-0.98]
2025.11.11 00:01:00;VETO;authorization denied: outside session window (server hour 00, window 12-20)
2025.11.11 00:15:14;VETO;authorization denied: outside session window (server hour 00, window 12-20)
2025.11.11 00:30:01;VETO;authorization denied: outside session window (server hour 00, window 12-20)
2025.11.11 00:45:00;VETO;authorization denied: outside session window (server hour 00, window 12-20)
2025.11.11 05:30:00;VETO;signal rejected: volume: relVol 0.98 < 1.00
2025.11.11 07:15:00;VETO;signal rejected: volume: relVol 0.99 < 1.00
2025.11.11 09:15:03;DECISION;setup SHORT score=0.60 entry=1.16 inv=1.16 tgt=0.00 AWAIT-RETEST [CHoCH short lvl=1.16|RelVol=1.12|Retest@1.16|VWAPside|CycleTurn w=-0.45<-0.57]
2025.11.11 09:30:00;VETO;authorization denied: outside session window (server hour 09, window 12-20)
2025.11.11 09:45:00;VETO;authorization denied: outside session window (server hour 09, window 12-20)
2025.11.11 10:00:00;VETO;authorization denied: outside session window (server hour 10, window 12-20)
2025.11.11 10:15:01;VETO;authorization denied: outside session window (server hour 10, window 12-20)
2025.11.11 12:30:00;VETO;signal rejected: volume: relVol 0.95 < 1.00
2025.11.11 15:30:00;VETO;outlier bar masked, z=10.5
2025.11.11 16:00:00;VETO;outlier bar masked, z=4.3
2025.11.11 16:30:00;VETO;outlier bar masked, z=3.7
2025.11.11 17:15:00;VETO;outlier bar masked, z=3.7
2025.11.11 21:15:06;VETO;signal rejected: volume: relVol 0.70 < 1.00
2025.11.11 23:00:00;VETO;signal rejected: score 0.30 < 0.55 [BOS short lvl=1.16|RelVol=1.17]
2025.11.12 03:00:00;DECISION;setup SHORT score=0.60 entry=1.16 inv=1.16 tgt=0.00 [BOS short lvl=1.16|RelVol=1.11|VWAPside|CycleTurn w=0.75<-0.98]
2025.11.12 03:00:00;VETO;authorization denied: outside session window (server hour 03, window 12-20)
2025.11.12 03:15:01;VETO;authorization denied: outside session window (server hour 03, window 12-20)
2025.11.12 03:30:00;VETO;authorization denied: outside session window (server hour 03, window 12-20)
2025.11.12 03:45:02;VETO;authorization denied: outside session window (server hour 03, window 12-20)
2025.11.12 06:30:00;DECISION;setup SHORT score=0.60 entry=1.16 inv=1.16 tgt=0.00 [BOS short lvl=1.16|RelVol=1.19|VWAPside|CycleTurn w=0.72<-0.98]
2025.11.12 06:30:00;VETO;authorization denied: outside session window (server hour 06, window 12-20)
2025.11.12 06:45:00;VETO;authorization denied: outside session window (server hour 06, window 12-20)
2025.11.12 07:00:00;VETO;authorization denied: outside session window (server hour 07, window 12-20)
2025.11.12 07:15:01;VETO;authorization denied: outside session window (server hour 07, window 12-20)
2025.11.12 09:00:00;VETO;signal rejected: volume: relVol 0.61 < 1.00
2025.11.12 12:30:01;VETO;signal rejected: score 0.40 < 0.55 [CHoCH short lvl=1.16|RelVol=1.25|Retest@1.16|VWAPside]
2025.11.12 16:15:00;VETO;outlier bar masked, z=3.6
2025.11.12 16:30:00;VETO;signal rejected: volume: relVol 0.94 < 1.00
2025.11.12 17:45:00;VETO;signal rejected: volume: relVol 0.85 < 1.00
2025.11.12 18:00:00;VETO;outlier bar masked, z=4.4
2025.11.12 21:15:00;VETO;signal rejected: volume: relVol 0.69 < 1.00
2025.11.13 00:01:00;VETO;signal rejected: score 0.50 < 0.55 [CHoCH long lvl=1.16|RelVol=1.22|Retest@1.16|CycleTurn w=-0.99<--1.00]
2025.11.13 02:15:01;DECISION;setup SHORT score=0.60 entry=1.16 inv=1.16 tgt=0.00 AWAIT-RETEST [CHoCH short lvl=1.16|RelVol=1.12|Retest@1.16|VWAPside|CycleTurn w=0.61<-0.99]
2025.11.13 02:30:00;VETO;authorization denied: outside session window (server hour 02, window 12-20)
2025.11.13 02:45:00;VETO;authorization denied: outside session window (server hour 02, window 12-20)
2025.11.13 03:00:00;VETO;authorization denied: outside session window (server hour 03, window 12-20)
2025.11.13 03:15:00;VETO;authorization denied: outside session window (server hour 03, window 12-20)
2025.11.13 09:30:00;VETO;signal rejected: volume: relVol 0.83 < 1.00
2025.11.13 09:45:00;VETO;outlier bar masked, z=4.1
2025.11.13 11:00:00;VETO;outlier bar masked, z=7.4
2025.11.13 11:15:00;VETO;outlier bar masked, z=3.6
2025.11.13 11:45:00;VETO;outlier bar masked, z=9.5
2025.11.13 14:00:00;VETO;signal rejected: score 0.30 < 0.55 [CHoCH short lvl=1.16|RelVol=1.50|Retest@1.16]
2025.11.13 15:00:00;DECISION;setup LONG score=0.60 entry=1.16 inv=1.16 tgt=0.00 AWAIT-RETEST [CHoCH long lvl=1.16|RelVol=1.11|Retest@1.16|VWAPside|CycleTurn w=-0.96<--0.99]
2025.11.13 15:00:00;DECISION;TP capped 0.00349 -> 0.00262 (3.0xATR)
2025.11.13 15:00:00;ORDER;limit BUY 0.45 @ 1.16 sl=1.16 tp=1.16 rc=10009 [WT|CHOCH|0.60|RL]
2025.11.13 15:00:00;RISK;sizing: vol_ratio=1.44 scalar=1.00 gap_buf=0.00039 eff_stop=0.00213
2025.11.13 15:00:23;ORDER;entry fill deal #46 BUY 0.45 @ 1.16222
2025.11.13 16:45:00;DECISION;setup LONG score=0.70 entry=1.16 inv=1.16 tgt=0.00 [BOS long lvl=1.16|RelVol=1.11|VWAPside|CycleTurn w=-0.97<--1.00|ADX=33]
2025.11.13 16:45:00;DECISION;TP capped 0.00336 -> 0.00252 (3.0xATR)
2025.11.13 16:45:00;VETO;risk veto: max positions
2025.11.13 17:39:24;MANAGE;#46 SL 1.16 -> 1.16 breakeven
2025.11.13 17:39:24;MANAGE;#46 partial close 0.22 of 0.45 lots
2025.11.13 17:39:24;RISK;deal closed pnl=38.94 streak=0 lock=0
2025.11.13 17:39:24;MANAGE;#46 SL 1.16 -> 1.16 trail
2025.11.13 17:40:17;MANAGE;#46 SL 1.16 -> 1.16 trail
2025.11.13 17:40:24;MANAGE;#46 SL 1.16 -> 1.16 trail
2025.11.13 18:32:31;MANAGE;#46 SL 1.16 -> 1.16 trail
2025.11.13 18:33:00;MANAGE;#46 SL 1.16 -> 1.16 trail
2025.11.13 18:35:49;MANAGE;#46 SL 1.16 -> 1.16 trail
2025.11.13 18:59:20;RISK;deal closed pnl=60.26 streak=0 lock=0
2025.11.14 01:15:00;VETO;outlier bar masked, z=3.7
2025.11.14 05:30:00;VETO;signal rejected: score 0.40 < 0.55 [CHoCH long lvl=1.16|RelVol=1.04|Retest@1.16|VWAPside]
2025.11.14 08:00:00;VETO;signal rejected: score 0.50 < 0.55 [BOS long lvl=1.16|RelVol=1.79|VWAPside|ADX=33]
2025.11.14 10:00:00;VETO;signal rejected: score 0.40 < 0.55 [CHoCH short lvl=1.16|RelVol=1.12|Retest@1.16|VWAPside]
2025.11.14 12:30:02;VETO;signal rejected: score 0.50 < 0.55 [BOS short lvl=1.16|RelVol=1.09|Retest@1.16|VWAPside|ADX=35]
2025.11.14 15:00:00;VETO;signal rejected: score 0.40 < 0.55 [CHoCH long lvl=1.16|RelVol=1.30|Retest@1.16|VWAPside]
2025.11.17 02:15:00;DECISION;setup SHORT score=0.60 entry=1.16 inv=1.16 tgt=0.00 AWAIT-RETEST [CHoCH short lvl=1.16|RelVol=2.18|Retest@1.16|VWAPside|CycleTurn w=-0.30<-0.76]
2025.11.17 02:45:00;VETO;authorization denied: outside session window (server hour 02, window 12-20)
2025.11.17 03:00:00;VETO;authorization denied: outside session window (server hour 03, window 12-20)
2025.11.17 03:15:02;VETO;authorization denied: outside session window (server hour 03, window 12-20)
2025.11.17 03:30:00;VETO;authorization denied: outside session window (server hour 03, window 12-20)
2025.11.17 04:15:00;VETO;signal rejected: score 0.50 < 0.55 [BOS short lvl=1.16|RelVol=2.13|VWAPside|ADX=41]
2025.11.17 09:00:00;VETO;signal rejected: score 0.30 < 0.55 [CHoCH long lvl=1.16|RelVol=1.97|Retest@1.16]
2025.11.17 13:00:00;VETO;signal rejected: score 0.40 < 0.55 [CHoCH short lvl=1.16|RelVol=1.39|Retest@1.16|VWAPside]
2025.11.17 15:45:00;VETO;signal rejected: volume: relVol 0.79 < 1.00
2025.11.17 16:45:00;VETO;outlier bar masked, z=3.5
2025.11.17 18:00:00;VETO;outlier bar masked, z=3.7
2025.11.17 21:45:02;VETO;outlier bar masked, z=3.6
2025.11.18 04:45:00;VETO;signal rejected: score 0.40 < 0.55 [CHoCH long lvl=1.16|RelVol=1.18|Retest@1.16|VWAPside]
2025.11.18 06:30:01;VETO;outlier bar masked, z=7.0
2025.11.18 10:00:00;VETO;signal rejected: volume: relVol 0.77 < 1.00
2025.11.18 10:15:03;VETO;outlier bar masked, z=7.0
2025.11.18 12:00:00;VETO;signal rejected: volume: relVol 0.73 < 1.00
2025.11.18 15:30:00;VETO;outlier bar masked, z=3.9
2025.11.18 17:30:00;VETO;signal rejected: score 0.40 < 0.55 [CHoCH long lvl=1.16|RelVol=1.05|Retest@1.16|VWAPside]
2025.11.18 18:00:00;VETO;outlier bar masked, z=7.9
2025.11.18 18:15:00;VETO;outlier bar masked, z=4.1
2025.11.18 19:45:00;VETO;signal rejected: volume: relVol 0.95 < 1.00
2025.11.18 20:30:00;VETO;signal rejected: volume: relVol 0.97 < 1.00
2025.11.19 02:45:00;VETO;signal rejected: score 0.40 < 0.55 [BOS long lvl=1.16|RelVol=1.06|VWAPside]
2025.11.19 06:00:00;DECISION;setup LONG score=0.60 entry=1.16 inv=1.16 tgt=0.00 [BOS long lvl=1.16|RelVol=1.18|VWAPside|CycleTurn w=0.75<-0.11]
2025.11.19 06:00:00;VETO;authorization denied: outside session window (server hour 06, window 12-20)
2025.11.19 06:15:00;VETO;authorization denied: outside session window (server hour 06, window 12-20)
2025.11.19 06:30:00;VETO;authorization denied: outside session window (server hour 06, window 12-20)
2025.11.19 06:45:03;VETO;authorization denied: outside session window (server hour 06, window 12-20)
2025.11.19 07:45:00;VETO;signal rejected: score 0.40 < 0.55 [BOS long lvl=1.16|RelVol=1.13|Retest@1.16|VWAPside]
2025.11.19 09:45:00;VETO;signal rejected: score 0.40 < 0.55 [BOS long lvl=1.16|RelVol=1.11|Retest@1.16|VWAPside]
2025.11.19 10:00:00;VETO;outlier bar masked, z=9.0
2025.11.19 10:45:00;VETO;signal rejected: volume: relVol 0.81 < 1.00
2025.11.19 16:15:00;VETO;signal rejected: volume: relVol 0.75 < 1.00
2025.11.19 19:30:00;VETO;signal rejected: score 0.50 < 0.55 [BOS short lvl=1.15|RelVol=1.64|VWAPside|ADX=60]
2025.11.19 21:15:00;VETO;signal rejected: score 0.50 < 0.55 [BOS short lvl=1.15|RelVol=2.15|VWAPside|ADX=44]
2025.11.19 23:45:03;VETO;signal rejected: score 0.30 < 0.55 [CHoCH long lvl=1.15|RelVol=1.81|Retest@1.15]
2025.11.20 04:15:00;VETO;signal rejected: score 0.40 < 0.55 [CHoCH short lvl=1.15|RelVol=1.27|Retest@1.15|VWAPside]
2025.11.20 05:45:00;VETO;signal rejected: score 0.50 < 0.55 [BOS short lvl=1.15|RelVol=1.32|VWAPside|ADX=33]
2025.11.20 08:15:03;VETO;signal rejected: score 0.30 < 0.55 [CHoCH long lvl=1.15|RelVol=1.22|Retest@1.15]
2025.11.20 10:15:00;VETO;signal rejected: volume: relVol 0.98 < 1.00
2025.11.20 11:30:00;VETO;signal rejected: volume: relVol 0.92 < 1.00
2025.11.20 15:45:00;VETO;outlier bar masked, z=15.3
2025.11.20 16:00:00;VETO;outlier bar masked, z=3.6
2025.11.20 16:15:00;VETO;outlier bar masked, z=4.6
2025.11.20 16:30:00;VETO;outlier bar masked, z=4.4
2025.11.20 23:15:05;VETO;signal rejected: score 0.40 < 0.55 [CHoCH short lvl=1.15|RelVol=1.53|Retest@1.15|VWAPside]
2025.11.21 00:15:22;VETO;outlier bar masked, z=3.6
2025.11.21 01:45:01;VETO;signal rejected: score 0.40 < 0.55 [CHoCH long lvl=1.15|RelVol=1.11|Retest@1.15|VWAPside]
2025.11.21 03:00:00;VETO;signal rejected: volume: relVol 0.96 < 1.00
2025.11.21 06:15:00;DECISION;setup LONG score=0.60 entry=1.15 inv=1.15 tgt=0.00 [BOS long lvl=1.15|RelVol=1.03|VWAPside|CycleTurn w=0.78<-0.78]
2025.11.21 06:15:00;VETO;authorization denied: outside session window (server hour 06, window 12-20)
2025.11.21 06:30:00;VETO;authorization denied: outside session window (server hour 06, window 12-20)
2025.11.21 06:45:01;VETO;authorization denied: outside session window (server hour 06, window 12-20)
2025.11.21 07:00:00;VETO;authorization denied: outside session window (server hour 07, window 12-20)
2025.11.21 08:15:00;VETO;signal rejected: score 0.40 < 0.55 [BOS long lvl=1.15|RelVol=1.07|VWAPside]
2025.11.21 11:45:00;VETO;signal rejected: score 0.40 < 0.55 [CHoCH short lvl=1.15|RelVol=1.11|Retest@1.15|VWAPside]
2025.11.21 12:15:00;VETO;outlier bar masked, z=3.7
2025.11.21 14:00:00;VETO;signal rejected: score 0.50 < 0.55 [BOS short lvl=1.15|RelVol=1.30|VWAPside|ADX=45]
2025.11.21 14:45:00;VETO;outlier bar masked, z=5.5
2025.11.21 15:00:00;VETO;signal rejected: score 0.50 < 0.55 [CHoCH long lvl=1.15|RelVol=1.37|Retest@1.15|CycleTurn w=-0.95<--1.00]
2025.11.21 17:45:01;VETO;signal rejected: score 0.40 < 0.55 [CHoCH short lvl=1.15|RelVol=1.10|Retest@1.15|VWAPside]
2025.11.21 21:45:00;VETO;signal rejected: score 0.30 < 0.55 [CHoCH long lvl=1.15|RelVol=1.10|Retest@1.15]
2025.11.21 23:15:00;VETO;signal rejected: score 0.30 < 0.55 [BOS long lvl=1.15|RelVol=1.21]
2025.11.24 01:30:00;VETO;signal rejected: score 0.40 < 0.55 [CHoCH short lvl=1.15|RelVol=1.46|Retest@1.15|VWAPside]
2025.11.24 04:45:00;VETO;signal rejected: score 0.40 < 0.55 [CHoCH long lvl=1.15|RelVol=1.39|Retest@1.15|VWAPside]
2025.11.24 10:00:00;VETO;signal rejected: score 0.40 < 0.55 [CHoCH short lvl=1.15|RelVol=1.02|Retest@1.15|VWAPside]
2025.11.24 10:15:01;VETO;outlier bar masked, z=4.4
2025.11.24 10:30:00;DECISION;setup LONG score=0.60 entry=1.15 inv=1.15 tgt=0.00 AWAIT-RETEST [CHoCH long lvl=1.15|RelVol=1.03|Retest@1.15|VWAPside|CycleTurn w=-0.92<--0.99]
2025.11.24 11:00:00;VETO;authorization denied: outside session window (server hour 11, window 12-20)
2025.11.24 11:15:00;VETO;authorization denied: outside session window (server hour 11, window 12-20)
2025.11.24 11:30:00;VETO;authorization denied: outside session window (server hour 11, window 12-20)
2025.11.24 11:45:00;VETO;authorization denied: outside session window (server hour 11, window 12-20)
2025.11.24 12:15:02;VETO;signal rejected: score 0.40 < 0.55 [BOS long lvl=1.15|RelVol=1.21|VWAPside]
2025.11.24 17:15:00;VETO;signal rejected: volume: relVol 0.86 < 1.00
2025.11.24 19:15:00;VETO;signal rejected: score 0.50 < 0.55 [BOS short lvl=1.15|RelVol=1.00|VWAPside|ADX=41]
2025.11.25 03:30:00;VETO;signal rejected: volume: relVol 0.84 < 1.00
2025.11.25 06:00:02;DECISION;setup SHORT score=0.60 entry=1.15 inv=1.15 tgt=0.00 AWAIT-RETEST [CHoCH short lvl=1.15|RelVol=1.04|Retest@1.15|VWAPside|CycleTurn w=-0.36<-0.66]
2025.11.25 06:15:02;VETO;authorization denied: outside session window (server hour 06, window 12-20)
2025.11.25 06:30:07;VETO;authorization denied: outside session window (server hour 06, window 12-20)
2025.11.25 06:45:01;VETO;authorization denied: outside session window (server hour 06, window 12-20)
2025.11.25 07:00:00;VETO;authorization denied: outside session window (server hour 07, window 12-20)
2025.11.25 07:30:01;VETO;signal rejected: volume: relVol 0.90 < 1.00
2025.11.25 11:15:00;VETO;signal rejected: volume: relVol 0.91 < 1.00
2025.11.25 14:45:00;VETO;outlier bar masked, z=12.3
2025.11.25 15:30:00;VETO;outlier bar masked, z=4.0
2025.11.25 15:45:01;VETO;outlier bar masked, z=7.3
2025.11.25 16:00:00;VETO;outlier bar masked, z=3.8
2025.11.25 16:45:00;VETO;outlier bar masked, z=3.6
2025.11.25 19:15:00;VETO;outlier bar masked, z=8.6
2025.11.25 19:30:00;VETO;outlier bar masked, z=5.7
2025.11.25 22:30:00;VETO;signal rejected: score 0.30 < 0.55 [CHoCH short lvl=1.16|RelVol=1.67|Retest@1.16]
2025.11.26 01:45:00;VETO;signal rejected: volume: relVol 0.97 < 1.00
2025.11.26 03:45:00;DECISION;setup LONG score=0.60 entry=1.16 inv=1.16 tgt=0.00 AWAIT-RETEST [CHoCH long lvl=1.16|RelVol=1.91|Retest@1.16|VWAPside|CycleTurn w=-0.66<--0.98]
2025.11.26 04:15:02;VETO;authorization denied: outside session window (server hour 04, window 12-20)
2025.11.26 04:30:00;VETO;authorization denied: outside session window (server hour 04, window 12-20)
2025.11.26 04:45:00;VETO;authorization denied: outside session window (server hour 04, window 12-20)
2025.11.26 05:00:00;VETO;authorization denied: outside session window (server hour 05, window 12-20)
2025.11.26 05:45:00;VETO;signal rejected: score 0.50 < 0.55 [BOS long lvl=1.16|RelVol=1.43|VWAPside|ADX=32]
2025.11.26 08:15:01;DECISION;setup LONG score=0.60 entry=1.16 inv=1.16 tgt=0.00 [BOS long lvl=1.16|RelVol=1.19|VWAPside|CycleTurn w=-0.82<--0.98]
2025.11.26 08:15:01;VETO;authorization denied: outside session window (server hour 08, window 12-20)
2025.11.26 08:30:01;VETO;authorization denied: outside session window (server hour 08, window 12-20)
2025.11.26 08:45:00;VETO;authorization denied: outside session window (server hour 08, window 12-20)
2025.11.26 09:00:00;VETO;authorization denied: outside session window (server hour 09, window 12-20)
2025.11.26 09:30:00;VETO;signal rejected: volume: relVol 0.92 < 1.00
2025.11.26 15:30:00;VETO;signal rejected: score 0.40 < 0.55 [CHoCH long lvl=1.16|RelVol=1.12|Retest@1.16|VWAPside]
2025.11.26 15:45:00;VETO;outlier bar masked, z=5.6
2025.11.26 16:45:00;VETO;outlier bar masked, z=3.8
2025.11.26 17:15:00;DECISION;setup LONG score=0.60 entry=1.16 inv=1.15 tgt=0.00 AWAIT-RETEST [CHoCH long lvl=1.16|RelVol=1.03|Retest@1.16|VWAPside|CycleTurn w=-0.38<--0.91]
2025.11.26 17:15:00;DECISION;TP capped 0.00792 -> 0.00594 (3.0xATR)
2025.11.26 17:15:00;ORDER;limit BUY 0.21 @ 1.16 sl=1.15 tp=1.16 rc=10009 [WT|CHOCH|0.60|RL]
2025.11.26 17:15:00;RISK;sizing: vol_ratio=1.51 scalar=1.00 gap_buf=0.00055 eff_stop=0.00451
2025.11.26 17:30:55;ORDER;entry fill deal #49 BUY 0.21 @ 1.15863
2025.11.26 22:45:00;VETO;signal rejected: volume: relVol 0.86 < 1.00
2025.11.27 00:15:00;VETO;outlier bar masked, z=3.6
2025.11.27 01:15:00;DECISION;setup LONG score=0.60 entry=1.16 inv=1.16 tgt=0.00 [BOS long lvl=1.16|RelVol=1.34|VWAPside|CycleTurn w=-1.00<--1.00]
2025.11.27 01:15:00;VETO;authorization denied: outside session window (server hour 01, window 12-20)
2025.11.27 01:30:01;VETO;authorization denied: outside session window (server hour 01, window 12-20)
2025.11.27 01:45:01;VETO;authorization denied: outside session window (server hour 01, window 12-20)
2025.11.27 02:00:00;VETO;authorization denied: outside session window (server hour 02, window 12-20)
2025.11.27 03:15:00;VETO;signal rejected: volume: relVol 0.84 < 1.00
2025.11.27 08:30:00;VETO;signal rejected: score 0.40 < 0.55 [CHoCH short lvl=1.16|RelVol=1.43|Retest@1.16|VWAPside]
2025.11.27 11:15:00;VETO;signal rejected: score 0.40 < 0.55 [BOS short lvl=1.16|RelVol=1.12|VWAPside]
2025.11.27 15:15:00;VETO;signal rejected: volume: relVol 0.66 < 1.00
2025.11.27 16:00:02;VETO;signal rejected: volume: relVol 0.67 < 1.00
2025.11.27 17:15:01;VETO;signal rejected: volume: relVol 0.34 < 1.00
2025.11.27 18:30:00;VETO;signal rejected: volume: relVol 0.32 < 1.00
2025.11.28 01:15:00;VETO;signal rejected: volume: relVol 0.44 < 1.00
2025.11.28 02:15:00;VETO;signal rejected: volume: relVol 0.52 < 1.00
2025.11.28 03:45:01;VETO;signal rejected: volume: relVol 0.80 < 1.00
2025.11.28 10:00:00;VETO;signal rejected: score 0.40 < 0.55 [BOS short lvl=1.16|RelVol=2.32|VWAPside]
2025.11.28 12:30:00;VETO;signal rejected: score 0.50 < 0.55 [BOS short lvl=1.16|RelVol=1.99|VWAPside|ADX=46]
2025.11.28 16:00:00;VETO;signal rejected: score 0.30 < 0.55 [CHoCH long lvl=1.16|RelVol=1.10|Retest@1.16]
2025.11.28 18:00:00;VETO;outlier bar masked, z=4.6
2025.11.28 22:00:00;RISK;FLATTEN ALL: Friday flatten: weekend gap protection
2025.11.28 22:00:00;RISK;deal closed pnl=32.38 streak=0 lock=0
2025.11.28 23:45:00;VETO;signal rejected: score 0.30 < 0.55 [CHoCH short lvl=1.16|RelVol=1.48|Retest@1.16|StopFloored]
2025.12.01 01:15:00;DECISION;setup LONG score=0.60 entry=1.16 inv=1.16 tgt=0.00 AWAIT-RETEST [CHoCH long lvl=1.16|RelVol=2.15|Retest@1.16|VWAPside|CycleTurn w=-0.98<--1.00]
2025.12.01 01:30:02;VETO;authorization denied: outside session window (server hour 01, window 12-20)
2025.12.01 01:45:01;VETO;authorization denied: outside session window (server hour 01, window 12-20)
2025.12.01 02:00:00;VETO;authorization denied: outside session window (server hour 02, window 12-20)
2025.12.01 02:15:00;VETO;authorization denied: outside session window (server hour 02, window 12-20)
2025.12.01 03:15:03;VETO;outlier bar masked, z=3.9
2025.12.01 09:30:00;VETO;signal rejected: volume: relVol 0.84 < 1.00
2025.12.01 12:00:00;VETO;signal rejected: score 0.50 < 0.55 [BOS long lvl=1.16|RelVol=1.17|VWAPside|ADX=42]
2025.12.01 14:30:00;VETO;signal rejected: score 0.50 < 0.55 [BOS long lvl=1.16|RelVol=1.08|VWAPside|ADX=48]
2025.12.01 17:45:00;VETO;signal rejected: score 0.30 < 0.55 [CHoCH short lvl=1.16|RelVol=1.11|Retest@1.16]
2025.12.02 05:00:04;VETO;signal rejected: volume: relVol 0.58 < 1.00
2025.12.02 07:15:06;VETO;signal rejected: volume: relVol 0.58 < 1.00
2025.12.02 09:15:01;VETO;signal rejected: volume: relVol 0.72 < 1.00
2025.12.02 12:30:00;VETO;signal rejected: score 0.40 < 0.55 [CHoCH short lvl=1.16|RelVol=1.30|Retest@1.16|VWAPside]
2025.12.02 14:45:00;VETO;signal rejected: volume: relVol 0.69 < 1.00
2025.12.02 17:15:00;VETO;outlier bar masked, z=6.9
2025.12.02 17:30:00;VETO;outlier bar masked, z=5.5
2025.12.02 17:45:00;VETO;outlier bar masked, z=6.9
2025.12.02 18:00:00;VETO;outlier bar masked, z=4.4
2025.12.02 19:00:00;VETO;outlier bar masked, z=4.4
2025.12.02 22:00:00;VETO;outlier bar masked, z=3.9
2025.12.03 01:30:08;DECISION;setup LONG score=0.60 entry=1.16 inv=1.16 tgt=0.00 AWAIT-RETEST [CHoCH long lvl=1.16|RelVol=1.03|Retest@1.16|VWAPside|CycleTurn w=0.15<--0.84]
2025.12.03 01:45:03;VETO;authorization denied: outside session window (server hour 01, window 12-20)
2025.12.03 02:00:00;VETO;authorization denied: outside session window (server hour 02, window 12-20)
2025.12.03 02:15:06;VETO;authorization denied: outside session window (server hour 02, window 12-20)
2025.12.03 02:30:00;VETO;authorization denied: outside session window (server hour 02, window 12-20)
2025.12.03 05:00:00;VETO;signal rejected: volume: relVol 0.62 < 1.00
2025.12.03 06:45:00;VETO;signal rejected: volume: relVol 0.95 < 1.00
2025.12.03 08:15:00;VETO;signal rejected: volume: relVol 0.77 < 1.00
2025.12.03 12:15:00;DECISION;setup LONG score=0.60 entry=1.17 inv=1.16 tgt=0.00 [BOS long lvl=1.17|RelVol=1.09|VWAPside|CycleTurn w=-0.69<--0.95]
2025.12.03 12:15:00;DECISION;TP capped 0.00394 -> 0.00295 (3.0xATR)
2025.12.03 12:15:00;ORDER;filled BUY 0.43 lots sl=1.16 tp=1.17 [WT|BOS|0.60]
2025.12.03 12:15:00;RISK;sizing: vol_ratio=1.21 scalar=1.00 gap_buf=0.00031 eff_stop=0.00228
2025.12.03 12:15:00;ORDER;entry fill deal #51 BUY 0.43 @ 1.16552
2025.12.03 15:15:00;MANAGE;#51 SL 1.16 -> 1.17 breakeven
2025.12.03 15:15:00;MANAGE;#51 partial close 0.21 of 0.43 lots
2025.12.03 15:15:00;RISK;deal closed pnl=42.42 streak=0 lock=0
2025.12.03 15:15:00;MANAGE;#51 SL 1.17 -> 1.17 trail
2025.12.03 16:02:51;RISK;deal closed pnl=19.36 streak=0 lock=0
2025.12.03 16:30:00;VETO;signal rejected: score 0.50 < 0.55 [CHoCH short lvl=1.17|RelVol=1.16|Retest@1.17|CycleTurn w=-0.40<-0.68]
2025.12.03 20:15:00;DECISION;setup LONG score=0.60 entry=1.17 inv=1.17 tgt=0.00 AWAIT-RETEST [CHoCH long lvl=1.17|RelVol=1.01|Retest@1.17|VWAPside|CycleTurn w=-0.26<--0.88]
2025.12.03 20:30:00;VETO;authorization denied: outside session window (server hour 20, window 12-20)
2025.12.03 20:45:00;VETO;authorization denied: outside session window (server hour 20, window 12-20)
2025.12.03 21:00:00;VETO;authorization denied: outside session window (server hour 21, window 12-20)
2025.12.03 21:15:01;VETO;authorization denied: outside session window (server hour 21, window 12-20)
2025.12.04 02:15:02;VETO;signal rejected: score 0.40 < 0.55 [CHoCH short lvl=1.17|RelVol=1.28|Retest@1.17|VWAPside]
2025.12.04 10:00:01;VETO;signal rejected: volume: relVol 0.99 < 1.00
2025.12.04 10:30:00;VETO;outlier bar masked, z=3.9
2025.12.04 15:45:00;VETO;outlier bar masked, z=5.5
2025.12.04 16:45:00;VETO;outlier bar masked, z=3.5
2025.12.04 17:15:00;VETO;outlier bar masked, z=3.6
2025.12.04 18:45:00;DECISION;setup SHORT score=0.60 entry=1.17 inv=1.17 tgt=0.00 [BOS short lvl=1.17|RelVol=1.10|VWAPside|CycleTurn w=-0.64<--0.00]
2025.12.04 18:45:00;DECISION;TP capped 0.00392 -> 0.00294 (3.0xATR)
2025.12.04 18:45:00;ORDER;filled SELL 0.41 lots sl=1.17 tp=1.16 [WT|BOS|0.60]
2025.12.04 18:45:00;RISK;sizing: vol_ratio=1.64 scalar=1.00 gap_buf=0.00042 eff_stop=0.00238
2025.12.04 18:45:00;ORDER;entry fill deal #54 SELL 0.41 @ 1.16553
2025.12.04 21:15:00;VETO;signal rejected: volume: relVol 0.98 < 1.00
2025.12.04 22:30:01;VETO;signal rejected: score 0.50 < 0.55 [BOS short lvl=1.17|RelVol=1.18|VWAPside|ADX=31]
2025.12.05 02:15:00;VETO;signal rejected: volume: relVol 0.65 < 1.00
2025.12.05 07:30:00;VETO;signal rejected: volume: relVol 0.72 < 1.00
2025.12.05 11:00:00;DECISION;setup SHORT score=0.60 entry=1.17 inv=1.17 tgt=0.00 AWAIT-RETEST [CHoCH short lvl=1.17|RelVol=1.05|Retest@1.17|VWAPside|CycleTurn w=-0.47<-0.56]
2025.12.05 11:15:00;VETO;authorization denied: outside session window (server hour 11, window 12-20)
2025.12.05 11:30:00;VETO;authorization denied: outside session window (server hour 11, window 12-20)
2025.12.05 11:45:00;VETO;authorization denied: outside session window (server hour 11, window 12-20)
2025.12.05 12:00:00;DECISION;TP capped 0.00348 -> 0.00261 (3.0xATR)
2025.12.05 12:00:00;VETO;risk veto: max positions
2025.12.05 16:45:00;VETO;outlier bar masked, z=4.5
2025.12.05 18:11:07;MANAGE;#54 SL 1.17 -> 1.17 breakeven
2025.12.05 18:11:07;MANAGE;#54 partial close 0.20 of 0.41 lots
2025.12.05 18:11:07;RISK;deal closed pnl=39.20 streak=0 lock=0
2025.12.05 18:11:07;MANAGE;#54 SL 1.17 -> 1.17 trail
2025.12.05 18:12:14;MANAGE;#54 SL 1.17 -> 1.16 trail
2025.12.05 18:12:29;MANAGE;#54 SL 1.16 -> 1.16 trail
2025.12.05 18:14:57;MANAGE;#54 SL 1.16 -> 1.16 trail
2025.12.05 18:15:00;VETO;outlier bar masked, z=7.0
2025.12.05 18:20:31;MANAGE;#54 SL 1.16 -> 1.16 trail
2025.12.05 18:21:02;MANAGE;#54 SL 1.16 -> 1.16 trail
2025.12.05 20:01:59;RISK;deal closed pnl=21.84 streak=0 lock=0
2025.12.08 00:15:15;VETO;signal rejected: volume: relVol 0.94 < 1.00
2025.12.08 02:30:01;VETO;signal rejected: score 0.40 < 0.55 [CHoCH long lvl=1.16|RelVol=1.12|Retest@1.16|VWAPside]
2025.12.08 07:45:11;VETO;signal rejected: volume: relVol 0.82 < 1.00
2025.12.08 08:15:00;VETO;outlier bar masked, z=6.5
2025.12.08 10:30:00;VETO;signal rejected: volume: relVol 0.99 < 1.00
2025.12.08 15:15:00;VETO;signal rejected: volume: relVol 0.86 < 1.00
2025.12.08 17:00:00;VETO;outlier bar masked, z=4.0
2025.12.08 19:45:01;VETO;signal rejected: score 0.50 < 0.55 [CHoCH long lvl=1.16|RelVol=1.54|Retest@1.16|CycleTurn w=-0.93<--0.97]
2025.12.09 02:15:03;VETO;signal rejected: volume: relVol 0.64 < 1.00
2025.12.09 04:00:00;VETO;signal rejected: volume: relVol 0.82 < 1.00
2025.12.09 07:30:01;VETO;signal rejected: volume: relVol 0.55 < 1.00
2025.12.09 08:15:01;VETO;signal rejected: volume: relVol 0.94 < 1.00
2025.12.09 09:15:02;VETO;signal rejected: volume: relVol 0.66 < 1.00
2025.12.09 11:45:02;VETO;signal rejected: score 0.40 < 0.55 [CHoCH long lvl=1.17|RelVol=1.22|Retest@1.17|VWAPside]
2025.12.09 14:15:05;VETO;signal rejected: score 0.40 < 0.55 [CHoCH short lvl=1.16|RelVol=1.02|Retest@1.16|VWAPside]
2025.12.09 17:15:00;VETO;outlier bar masked, z=7.6
2025.12.09 17:30:00;VETO;outlier bar masked, z=4.8
2025.12.10 03:30:00;VETO;signal rejected: volume: relVol 0.75 < 1.00
2025.12.10 07:45:03;VETO;signal rejected: volume: relVol 0.70 < 1.00
2025.12.10 10:00:00;VETO;outlier bar masked, z=3.8
2025.12.10 14:45:00;VETO;signal rejected: volume: relVol 0.83 < 1.00
2025.12.10 17:00:00;DECISION;setup LONG score=0.60 entry=1.16 inv=1.16 tgt=0.00 [BOS long lvl=1.16|RelVol=1.21|VWAPside|CycleTurn w=0.48<--0.63]
2025.12.10 17:00:00;DECISION;TP capped 0.00316 -> 0.00237 (3.0xATR)
2025.12.10 17:00:00;ORDER;filled BUY 0.52 lots sl=1.16 tp=1.17 [WT|BOS|0.60]
2025.12.10 17:00:00;RISK;sizing: vol_ratio=1.26 scalar=1.00 gap_buf=0.00033 eff_stop=0.00191
2025.12.10 17:00:00;ORDER;entry fill deal #57 BUY 0.52 @ 1.16437
2025.12.10 19:30:00;VETO;signal rejected: volume: relVol 0.97 < 1.00
2025.12.10 19:52:35;MANAGE;#57 SL 1.16 -> 1.16 breakeven
2025.12.10 19:52:35;MANAGE;#57 partial close 0.26 of 0.52 lots
2025.12.10 19:52:35;RISK;deal closed pnl=41.08 streak=0 lock=0
2025.12.10 19:52:35;MANAGE;#57 SL 1.16 -> 1.16 trail
2025.12.10 20:30:00;MANAGE;#57 SL 1.16 -> 1.16 trail
2025.12.10 20:31:44;MANAGE;#57 SL 1.16 -> 1.16 trail
2025.12.10 21:00:00;RISK;deal closed pnl=3.64 streak=0 lock=0
2025.12.10 21:15:00;VETO;outlier bar masked, z=11.6
2025.12.10 21:30:00;VETO;outlier bar masked, z=3.8
2025.12.10 21:45:00;VETO;outlier bar masked, z=12.6
2025.12.10 22:00:00;VETO;outlier bar masked, z=11.5
2025.12.10 22:15:00;VETO;outlier bar masked, z=8.7
2025.12.11 00:15:18;VETO;outlier bar masked, z=4.1
2025.12.11 01:15:02;VETO;signal rejected: volume: relVol 0.80 < 1.00
2025.12.11 03:15:01;VETO;signal rejected: score 0.50 < 0.55 [BOS long lvl=1.17|RelVol=1.17|VWAPside|ADX=47]
2025.12.11 05:00:00;VETO;signal rejected: score 0.40 < 0.55 [CHoCH short lvl=1.17|RelVol=1.08|Retest@1.17|VWAPside]
2025.12.11 08:15:00;VETO;signal rejected: volume: relVol 0.79 < 1.00
2025.12.11 09:30:00;VETO;signal rejected: volume: relVol 0.97 < 1.00
2025.12.11 13:00:01;VETO;signal rejected: score 0.50 < 0.55 [BOS long lvl=1.17|RelVol=1.16|VWAPside|ADX=33]
2025.12.11 15:30:00;VETO;signal rejected: volume: relVol 0.95 < 1.00
2025.12.11 15:45:00;VETO;outlier bar masked, z=3.7
2025.12.11 17:15:00;VETO;outlier bar masked, z=4.1
2025.12.11 21:45:03;VETO;signal rejected: volume: relVol 0.92 < 1.00
2025.12.12 02:15:00;VETO;signal rejected: volume: relVol 0.86 < 1.00
2025.12.12 04:00:00;VETO;signal rejected: volume: relVol 0.96 < 1.00
2025.12.12 06:15:01;VETO;signal rejected: volume: relVol 0.73 < 1.00
2025.12.12 11:00:00;DECISION;setup SHORT score=0.60 entry=1.17 inv=1.17 tgt=0.00 AWAIT-RETEST [BOS short lvl=1.17|RelVol=1.13|Retest@1.17|VWAPside|CycleTurn w=0.29<-0.95]
2025.12.12 12:00:00;DECISION;TP capped 0.00212 -> 0.00162 (3.0xATR)
2025.12.12 12:00:00;ORDER;filled SELL 0.75 lots sl=1.17 tp=1.17 [WT|BOS|0.60]
2025.12.12 12:00:00;RISK;sizing: vol_ratio=0.97 scalar=1.00 gap_buf=0.00027 eff_stop=0.00133
2025.12.12 12:00:00;ORDER;entry fill deal #60 SELL 0.75 @ 1.17328
2025.12.12 12:30:00;VETO;signal rejected: volume: relVol 0.99 < 1.00
2025.12.12 14:13:10;MANAGE;#60 SL 1.17 -> 1.17 breakeven
2025.12.12 14:13:10;MANAGE;#60 partial close 0.37 of 0.75 lots
2025.12.12 14:13:10;RISK;deal closed pnl=39.22 streak=0 lock=0
2025.12.12 14:13:10;MANAGE;#60 SL 1.17 -> 1.17 trail
2025.12.12 14:44:31;MANAGE;#60 SL 1.17 -> 1.17 trail
2025.12.12 14:44:31;MANAGE;#60 SL 1.17 -> 1.17 trail
2025.12.12 14:50:09;MANAGE;#60 SL 1.17 -> 1.17 trail
2025.12.12 15:03:46;RISK;deal closed pnl=18.24 streak=0 lock=0
2025.12.12 15:15:00;VETO;signal rejected: score 0.50 < 0.55 [CHoCH long lvl=1.17|RelVol=1.27|Retest@1.17|StopFloored|CycleTurn w=-0.86<--1.00]
2025.12.12 16:45:00;VETO;signal rejected: score 0.40 < 0.55 [BOS long lvl=1.17|RelVol=1.29|VWAPside]
2025.12.12 18:45:00;DECISION;setup SHORT score=0.60 entry=1.17 inv=1.17 tgt=0.00 AWAIT-RETEST [CHoCH short lvl=1.17|RelVol=1.42|Retest@1.17|VWAPside|CycleTurn w=0.94<-0.99]
2025.12.12 18:45:00;DECISION;TP capped 0.00342 -> 0.00257 (3.0xATR)
2025.12.12 18:45:00;ERROR;limit SELL 0.49 @ 1.17 sl=1.17 tp=1.17 rc=10015 [WT|CHOCH|0.60|RL]
2025.12.12 19:00:00;DECISION;TP capped 0.00278 -> 0.00209 (3.0xATR)
2025.12.12 19:00:00;ORDER;filled SELL 0.58 lots sl=1.17 tp=1.17 [WT|CHOCH|0.60]
2025.12.12 19:00:00;RISK;sizing: vol_ratio=1.34 scalar=1.00 gap_buf=0.00034 eff_stop=0.00173
2025.12.12 19:00:00;ORDER;entry fill deal #63 SELL 0.58 @ 1.17310
2025.12.12 19:38:45;RISK;deal closed pnl=-80.62 streak=1 lock=0
2025.12.12 19:45:00;DECISION;setup LONG score=0.60 entry=1.17 inv=1.17 tgt=0.00 AWAIT-RETEST [CHoCH long lvl=1.17|RelVol=1.15|Retest@1.17|VWAPside|CycleTurn w=-0.20<--0.92]
2025.12.12 19:45:00;DECISION;TP capped 0.00377 -> 0.00283 (3.0xATR)
2025.12.12 19:45:00;ORDER;limit BUY 0.45 @ 1.17 sl=1.17 tp=1.18 rc=10009 [WT|CHOCH|0.60|RL]
2025.12.12 19:45:00;RISK;sizing: vol_ratio=1.40 scalar=1.00 gap_buf=0.00035 eff_stop=0.00224
2025.12.12 19:52:28;ORDER;entry fill deal #65 BUY 0.45 @ 1.17450
2025.12.12 22:00:00;RISK;FLATTEN ALL: Friday flatten: weekend gap protection
2025.12.12 22:00:00;RISK;deal closed pnl=-22.50 streak=2 lock=0
2025.12.15 00:16:00;VETO;outlier bar masked, z=6.6
2025.12.15 04:00:00;DECISION;setup LONG score=0.60 entry=1.17 inv=1.17 tgt=0.00 AWAIT-RETEST [CHoCH long lvl=1.17|RelVol=1.00|Retest@1.17|VWAPside|CycleTurn w=-0.57<--0.94]
2025.12.15 04:15:00;VETO;authorization denied: outside session window (server hour 04, window 12-20)
2025.12.15 04:30:00;VETO;authorization denied: outside session window (server hour 04, window 12-20)
2025.12.15 04:45:00;VETO;authorization denied: outside session window (server hour 04, window 12-20)
2025.12.15 05:00:00;VETO;authorization denied: outside session window (server hour 05, window 12-20)
2025.12.15 10:00:00;VETO;signal rejected: volume: relVol 0.75 < 1.00
2025.12.15 11:15:00;VETO;outlier bar masked, z=4.0
2025.12.15 13:30:00;VETO;signal rejected: volume: relVol 0.73 < 1.00
2025.12.15 16:00:00;VETO;outlier bar masked, z=3.6
2025.12.15 17:00:00;DECISION;setup LONG score=0.70 entry=1.18 inv=1.17 tgt=0.00 AWAIT-RETEST [BOS long lvl=1.18|RelVol=1.25|Retest@1.18|VWAPside|CycleTurn w=-0.88<--0.93|ADX=49]
2025.12.15 17:00:00;DECISION;TP capped 0.00338 -> 0.00254 (3.0xATR)
2025.12.15 17:00:00;ORDER;limit BUY 0.51 @ 1.18 sl=1.17 tp=1.18 rc=10009 [WT|BOS|0.70|RL]
2025.12.15 17:00:00;RISK;sizing: vol_ratio=1.09 scalar=1.00 gap_buf=0.00027 eff_stop=0.00196
2025.12.15 17:19:57;ORDER;entry fill deal #67 BUY 0.51 @ 1.17609
2025.12.15 17:30:00;VETO;outlier bar masked, z=4.6
2025.12.15 18:45:00;VETO;signal rejected: score 0.50 < 0.55 [CHoCH short lvl=1.18|RelVol=1.30|Retest@1.18|CycleTurn w=0.57<-0.94]
2025.12.15 20:16:01;RISK;deal closed pnl=-86.19 streak=1 lock=0
2025.12.16 01:15:00;VETO;signal rejected: volume: relVol 0.00 < 1.00
2025.12.16 08:15:00;VETO;signal rejected: volume: relVol 0.61 < 1.00
2025.12.16 10:15:00;VETO;signal rejected: volume: relVol 0.90 < 1.00
2025.12.16 10:45:00;VETO;outlier bar masked, z=3.7
2025.12.16 11:45:00;VETO;outlier bar masked, z=3.6
2025.12.16 14:00:00;VETO;signal rejected: volume: relVol 0.71 < 1.00
2025.12.16 15:00:00;VETO;outlier bar masked, z=4.0
2025.12.16 15:45:00;VETO;outlier bar masked, z=15.0
2025.12.16 16:00:00;VETO;outlier bar masked, z=7.5
2025.12.16 16:30:00;VETO;outlier bar masked, z=5.2
2025.12.16 17:00:00;VETO;outlier bar masked, z=5.5
2025.12.16 17:15:00;VETO;outlier bar masked, z=6.3
2025.12.16 20:00:00;VETO;outlier bar masked, z=4.0
2025.12.16 20:15:00;VETO;signal rejected: score 0.40 < 0.55 [CHoCH short lvl=1.18|RelVol=2.00|Retest@1.18|VWAPside]
2025.12.16 21:30:00;VETO;outlier bar masked, z=4.6
2025.12.16 21:45:00;VETO;outlier bar masked, z=3.6
2025.12.17 04:15:00;DECISION;setup SHORT score=0.60 entry=1.17 inv=1.18 tgt=0.00 AWAIT-RETEST [BOS short lvl=1.17|RelVol=1.39|Retest@1.17|VWAPside|CycleTurn w=0.94<-0.99]
2025.12.17 06:15:08;VETO;signal rejected: volume: relVol 0.73 < 1.00
2025.12.17 09:00:00;VETO;outlier bar masked, z=3.9
2025.12.17 13:00:00;VETO;signal rejected: score 0.30 < 0.55 [CHoCH long lvl=1.17|RelVol=1.40|Retest@1.17]
2025.12.17 13:45:01;DECISION;setup SHORT score=0.60 entry=1.17 inv=1.17 tgt=0.00 AWAIT-RETEST [CHoCH short lvl=1.17|RelVol=1.21|Retest@1.17|StopFloored|VWAPside|CycleTurn w=0.99<-1.00]
2025.12.17 13:45:01;DECISION;TP capped 0.00202 -> 0.00202 (3.0xATR)
2025.12.17 13:45:01;ORDER;limit SELL 0.73 @ 1.17 sl=1.17 tp=1.17 rc=10009 [WT|CHOCH|0.60|RL]
2025.12.17 13:45:01;RISK;sizing: vol_ratio=1.02 scalar=1.00 gap_buf=0.00034 eff_stop=0.00135
2025.12.17 13:48:02;ORDER;entry fill deal #69 SELL 0.73 @ 1.17110
2025.12.17 14:57:32;RISK;deal closed pnl=-73.73 streak=1 lock=0
2025.12.17 16:00:00;VETO;signal rejected: score 0.40 < 0.55 [CHoCH long lvl=1.17|RelVol=1.00|Retest@1.17|VWAPside]
2025.12.17 20:45:00;VETO;signal rejected: score 0.30 < 0.55 [CHoCH short lvl=1.17|RelVol=1.36|Retest@1.17]
2025.12.18 03:00:00;VETO;signal rejected: volume: relVol 0.90 < 1.00
2025.12.18 03:45:00;DECISION;setup SHORT score=0.60 entry=1.17 inv=1.17 tgt=0.00 AWAIT-RETEST [CHoCH short lvl=1.17|RelVol=1.07|Retest@1.17|VWAPside|CycleTurn w=-0.36<-0.56]
2025.12.18 04:00:00;VETO;authorization denied: outside session window (server hour 04, window 12-20)
2025.12.18 04:15:00;VETO;authorization denied: outside session window (server hour 04, window 12-20)
2025.12.18 04:30:00;VETO;authorization denied: outside session window (server hour 04, window 12-20)
2025.12.18 04:45:00;VETO;authorization denied: outside session window (server hour 04, window 12-20)
2025.12.18 07:00:00;VETO;signal rejected: volume: relVol 0.64 < 1.00
2025.12.18 10:00:00;DECISION;setup SHORT score=0.60 entry=1.17 inv=1.17 tgt=0.00 AWAIT-RETEST [CHoCH short lvl=1.17|RelVol=1.44|Retest@1.17|VWAPside|CycleTurn w=0.17<-0.96]
2025.12.18 14:45:00;DECISION;setup SHORT score=0.60 entry=1.17 inv=1.17 tgt=0.00 [BOS short lvl=1.17|RelVol=1.25|VWAPside|CycleTurn w=-0.73<-0.04]
2025.12.18 14:45:00;DECISION;TP capped 0.00268 -> 0.00201 (3.0xATR)
2025.12.18 14:45:00;ORDER;filled SELL 0.61 lots sl=1.17 tp=1.17 [WT|BOS|0.60]
2025.12.18 14:45:00;RISK;sizing: vol_ratio=1.13 scalar=1.00 gap_buf=0.00028 eff_stop=0.00162
2025.12.18 14:45:00;ORDER;entry fill deal #71 SELL 0.61 @ 1.17139
2025.12.18 15:15:43;RISK;deal closed pnl=-81.74 streak=1 lock=0
2025.12.18 15:30:00;VETO;outlier bar masked, z=4.8
2025.12.18 15:45:00;VETO;outlier bar masked, z=9.2
2025.12.18 16:00:00;VETO;outlier bar masked, z=7.8
2025.12.18 16:15:00;VETO;outlier bar masked, z=3.9
2025.12.18 17:30:00;VETO;outlier bar masked, z=4.0
2025.12.18 17:45:00;VETO;outlier bar masked, z=4.4
2025.12.18 18:15:00;VETO;outlier bar masked, z=5.2
2025.12.19 01:30:00;VETO;signal rejected: volume: relVol 0.59 < 1.00
2025.12.19 03:00:00;VETO;signal rejected: volume: relVol 0.95 < 1.00
2025.12.19 05:45:00;VETO;signal rejected: volume: relVol 0.98 < 1.00
2025.12.19 08:45:00;VETO;signal rejected: score 0.40 < 0.55 [BOS short lvl=1.17|RelVol=1.95|Retest@1.17|VWAPside]
2025.12.19 16:00:00;VETO;signal rejected: volume: relVol 0.80 < 1.00
2025.12.19 20:15:00;VETO;signal rejected: volume: relVol 0.89 < 1.00
2025.12.19 23:00:00;VETO;outlier bar masked, z=3.6
2025.12.22 03:00:00;DECISION;setup LONG score=0.60 entry=1.17 inv=1.17 tgt=0.00 AWAIT-RETEST [CHoCH long lvl=1.17|RelVol=1.12|Retest@1.17|VWAPside|CycleTurn w=0.69<--0.22]
2025.12.22 03:15:00;VETO;authorization denied: outside session window (server hour 03, window 12-20)
2025.12.22 03:30:00;VETO;authorization denied: outside session window (server hour 03, window 12-20)
2025.12.22 03:45:00;VETO;authorization denied: outside session window (server hour 03, window 12-20)
2025.12.22 04:00:00;VETO;authorization denied: outside session window (server hour 04, window 12-20)
2025.12.22 06:45:00;VETO;signal rejected: volume: relVol 0.66 < 1.00
2025.12.22 09:45:00;VETO;signal rejected: volume: relVol 0.76 < 1.00
2025.12.22 14:45:00;DECISION;setup LONG score=0.60 entry=1.17 inv=1.17 tgt=0.00 [BOS long lvl=1.17|RelVol=1.02|VWAPside|CycleTurn w=-0.80<--0.97]
2025.12.22 14:45:00;DECISION;TP capped 0.00214 -> 0.00165 (3.0xATR)
2025.12.22 14:45:00;ORDER;filled BUY 0.72 lots sl=1.17 tp=1.18 [WT|BOS|0.60]
2025.12.22 14:45:00;RISK;sizing: vol_ratio=1.14 scalar=1.00 gap_buf=0.00027 eff_stop=0.00134
2025.12.22 14:45:00;ORDER;entry fill deal #73 BUY 0.72 @ 1.17393
2025.12.22 15:12:24;MANAGE;#73 SL 1.17 -> 1.17 breakeven
2025.12.22 15:12:24;MANAGE;#73 partial close 0.36 of 0.72 lots
2025.12.22 15:12:24;RISK;deal closed pnl=38.52 streak=0 lock=0
2025.12.22 15:34:27;MANAGE;#73 SL 1.17 -> 1.17 trail
2025.12.22 15:44:35;MANAGE;#73 SL 1.17 -> 1.17 trail
2025.12.22 15:44:50;MANAGE;#73 SL 1.17 -> 1.17 trail
2025.12.22 16:28:04;RISK;deal closed pnl=59.40 streak=0 lock=0
2025.12.23 01:15:00;VETO;signal rejected: volume: relVol 0.00 < 1.00
2025.12.23 08:30:00;VETO;signal rejected: volume: relVol 0.42 < 1.00
2025.12.23 10:15:00;DECISION;setup LONG score=0.60 entry=1.18 inv=1.18 tgt=0.00 AWAIT-RETEST [CHoCH long lvl=1.18|RelVol=1.31|Retest@1.18|VWAPside|CycleTurn w=-0.86<--0.98]
2025.12.23 10:30:00;VETO;authorization denied: outside session window (server hour 10, window 12-20)
2025.12.23 10:45:00;VETO;authorization denied: outside session window (server hour 10, window 12-20)
2025.12.23 11:00:00;VETO;authorization denied: outside session window (server hour 11, window 12-20)
2025.12.23 11:15:00;VETO;authorization denied: outside session window (server hour 11, window 12-20)
2025.12.23 15:00:00;VETO;signal rejected: score 0.50 < 0.55 [CHoCH short lvl=1.18|RelVol=1.12|Retest@1.18|CycleTurn w=-0.69<-0.02]
2025.12.23 21:00:00;DECISION;setup LONG score=0.60 entry=1.18 inv=1.18 tgt=0.00 AWAIT-RETEST [CHoCH long lvl=1.18|RelVol=1.80|Retest@1.18|VWAPside|CycleTurn w=0.71<-0.07]
2025.12.23 23:45:00;VETO;signal rejected: score 0.50 < 0.55 [BOS long lvl=1.18|RelVol=1.01|VWAPside|ADX=50]
2025.12.24 00:15:00;VETO;outlier bar masked, z=4.6
2025.12.24 03:00:00;VETO;signal rejected: volume: relVol 0.90 < 1.00
2025.12.24 05:45:00;VETO;signal rejected: score 0.40 < 0.55 [CHoCH short lvl=1.18|RelVol=1.10|Retest@1.18|VWAPside]
2025.12.24 10:15:00;VETO;signal rejected: score 0.50 < 0.55 [BOS short lvl=1.18|RelVol=1.46|VWAPside|ADX=31]
2025.12.24 14:30:00;VETO;signal rejected: score 0.50 < 0.55 [BOS short lvl=1.18|RelVol=1.03|VWAPside|ADX=34]
2025.12.26 02:30:02;VETO;outlier bar masked, z=3.7
2025.12.26 04:45:01;VETO;signal rejected: score 0.40 < 0.55 [BOS long lvl=1.18|RelVol=1.76|VWAPside]
2025.12.26 06:15:06;DECISION;setup SHORT score=0.60 entry=1.18 inv=1.18 tgt=0.00 AWAIT-RETEST [CHoCH short lvl=1.18|RelVol=1.21|Retest@1.18|VWAPside|CycleTurn w=-0.30<-0.69]
2025.12.26 06:30:00;VETO;authorization denied: outside session window (server hour 06, window 12-20)
2025.12.26 06:45:10;VETO;authorization denied: outside session window (server hour 06, window 12-20)
2025.12.26 07:00:02;VETO;authorization denied: outside session window (server hour 07, window 12-20)
2025.12.26 07:15:00;VETO;authorization denied: outside session window (server hour 07, window 12-20)
2025.12.26 08:45:00;VETO;outlier bar masked, z=4.6
2025.12.26 10:15:00;VETO;signal rejected: score 0.40 < 0.55 [BOS short lvl=1.18|RelVol=1.03|Retest@1.18|VWAPside]
2025.12.26 15:15:00;VETO;outlier bar masked, z=4.0
2025.12.26 18:00:00;VETO;outlier bar masked, z=4.2
2025.12.26 23:45:00;DECISION;setup SHORT score=0.60 entry=1.18 inv=1.18 tgt=0.00 [BOS short lvl=1.18|RelVol=1.22|VWAPside|CycleTurn w=0.83<-0.95]
2025.12.26 23:45:00;VETO;authorization denied: outside session window (server hour 23, window 12-20)
2025.12.29 00:06:17;VETO;authorization denied: outside session window (server hour 00, window 12-20)
2025.12.29 00:21:51;VETO;authorization denied: outside session window (server hour 00, window 12-20)
2025.12.29 00:34:30;VETO;authorization denied: outside session window (server hour 00, window 12-20)
2025.12.29 02:30:00;VETO;signal rejected: score 0.40 < 0.55 [CHoCH long lvl=1.18|RelVol=1.19|Retest@1.18|VWAPside]
2025.12.29 06:45:00;VETO;signal rejected: volume: relVol 0.86 < 1.00
2025.12.29 11:00:00;VETO;signal rejected: score 0.40 < 0.55 [CHoCH long lvl=1.18|RelVol=1.63|Retest@1.18|VWAPside]
2025.12.29 11:15:00;VETO;outlier bar masked, z=5.1
2025.12.29 11:45:00;VETO;outlier bar masked, z=3.8
2025.12.29 13:00:00;VETO;outlier bar masked, z=3.9
2025.12.29 14:45:00;VETO;signal rejected: score 0.40 < 0.55 [BOS short lvl=1.18|RelVol=1.26|VWAPside]
2025.12.29 16:15:00;DECISION;setup LONG score=0.60 entry=1.18 inv=1.18 tgt=0.00 AWAIT-RETEST [CHoCH long lvl=1.18|RelVol=1.11|Retest@1.18|VWAPside|CycleTurn w=0.63<--0.36]
2025.12.29 16:15:00;DECISION;TP capped 0.00350 -> 0.00263 (3.0xATR)
2025.12.29 16:15:00;ERROR;limit BUY 0.46 @ 1.18 sl=1.18 tp=1.18 rc=10015 [WT|CHOCH|0.60|RL]
2025.12.29 16:30:00;DECISION;TP capped 0.00450 -> 0.00337 (3.0xATR)
2025.12.29 16:30:00;ORDER;filled BUY 0.38 lots sl=1.18 tp=1.18 [WT|CHOCH|0.60]
2025.12.29 16:30:00;RISK;sizing: vol_ratio=1.24 scalar=1.00 gap_buf=0.00034 eff_stop=0.00259
2025.12.29 16:30:00;ORDER;entry fill deal #76 BUY 0.38 @ 1.17779
2025.12.29 18:00:00;VETO;outlier bar masked, z=6.0
2025.12.29 18:31:32;RISK;deal closed pnl=-85.50 streak=1 lock=0
2025.12.29 19:15:00;VETO;signal rejected: score 0.40 < 0.55 [CHoCH short lvl=1.18|RelVol=1.41|Retest@1.18|VWAPside]
2025.12.30 03:30:00;VETO;signal rejected: volume: relVol 0.81 < 1.00
2025.12.30 06:45:00;VETO;signal rejected: volume: relVol 0.78 < 1.00
2025.12.30 08:45:01;VETO;signal rejected: volume: relVol 0.94 < 1.00
2025.12.30 09:30:00;VETO;signal rejected: volume: relVol 0.93 < 1.00
2025.12.30 14:45:00;VETO;signal rejected: score 0.50 < 0.55 [BOS short lvl=1.18|RelVol=1.01|VWAPside|ADX=31]
2025.12.30 17:30:00;VETO;signal rejected: score 0.40 < 0.55 [BOS short lvl=1.18|RelVol=1.28|Retest@1.18|VWAPside]
2025.12.30 18:00:00;VETO;outlier bar masked, z=4.2
2025.12.30 23:00:00;VETO;signal rejected: volume: relVol 0.99 < 1.00
