time;tag;message
2026.01.01 00:00:00;RECOVER;init: v2.44 test_case=T1_momentum_m15 lock=0 streak=0 positions=0 equity=10000.00 day_eq=10000.00 peak_eq=10000.00
2026.01.01 00:00:00;RECOVER;symbol overrides [XAUUSD]: XAUUSD: EA defaults are already tuned for this symbol
2026.01.02 01:15:00;DECISION;setup LONG score=0.90 entry=4326.41 inv=4304.62 tgt=0.00 AWAIT-RETEST [BOS long lvl=4324.38|RelVol=3.76|Retest@4326.41|VPnode d=2.59|CycleTurn w=-0.09<--0.95|RSI=59]
2026.01.02 05:00:00;VETO;signal rejected: volume: relVol 0.94 < 1.00
2026.01.02 07:30:00;DECISION;setup LONG score=0.75 entry=4378.45 inv=4345.03 tgt=0.00 [BOS long lvl=4378.41|RelVol=1.03|VPnear|VWAPside|ADX=58|RSI=75]
2026.01.02 07:30:00;VETO;authorization denied: outside session window (server hour 07, window 12-20)
2026.01.02 07:45:00;VETO;authorization denied: outside session window (server hour 07, window 12-20)
2026.01.02 08:00:00;VETO;authorization denied: outside session window (server hour 08, window 12-20)
2026.01.02 08:15:00;VETO;authorization denied: outside session window (server hour 08, window 12-20)
2026.01.02 10:00:00;DECISION;setup LONG score=0.90 entry=4382.82 inv=4371.13 tgt=0.00 [BOS long lvl=4381.74|RelVol=1.52|VPnode d=0.58|VWAPside|ADX=35|RSI=67]
2026.01.02 10:00:00;VETO;authorization denied: outside session window (server hour 10, window 12-20)
2026.01.02 10:15:00;VETO;authorization denied: outside session window (server hour 10, window 12-20)
2026.01.02 10:30:00;VETO;authorization denied: outside session window (server hour 10, window 12-20)
2026.01.02 10:45:00;VETO;authorization denied: outside session window (server hour 10, window 12-20)
2026.01.02 15:15:00;VETO;signal rejected: volume: relVol 0.79 < 1.00
2026.01.02 15:30:00;VETO;outlier bar masked, z=7.0
2026.01.02 16:45:00;VETO;outlier bar masked, z=4.4
2026.01.02 17:15:00;VETO;outlier bar masked, z=4.5
2026.01.02 20:15:00;DECISION;setup SHORT score=0.65 entry=4314.53 inv=4333.47 tgt=0.00 [BOS short lvl=4315.03|RelVol=1.35|VWAPside|ADX=40|RSI=26]
2026.01.02 20:15:00;VETO;authorization denied: outside session window (server hour 20, window 12-20)
2026.01.02 20:30:00;VETO;authorization denied: outside session window (server hour 20, window 12-20)
2026.01.02 20:45:00;VETO;authorization denied: outside session window (server hour 20, window 12-20)
2026.01.02 21:00:00;VETO;authorization denied: outside session window (server hour 21, window 12-20)
2026.01.05 01:15:00;VETO;outlier bar masked, z=10.0
2026.01.05 03:15:00;VETO;outlier bar masked, z=5.5
2026.01.05 08:15:00;DECISION;setup LONG score=1.00 entry=4418.34 inv=4397.33 tgt=0.00 [BOS long lvl=4414.01|RelVol=1.48|VPnode d=5.34|VWAPside|CycleTurn w=-0.99<--1.00|ADX=41|RSI=66]
2026.01.05 08:15:00;VETO;authorization denied: outside session window (server hour 08, window 12-20)
2026.01.05 08:30:00;VETO;authorization denied: outside session window (server hour 08, window 12-20)
2026.01.05 08:45:00;VETO;authorization denied: outside session window (server hour 08, window 12-20)
2026.01.05 09:00:00;VETO;authorization denied: outside session window (server hour 09, window 12-20)
2026.01.05 10:30:00;DECISION;setup LONG score=0.75 entry=4426.57 inv=4401.07 tgt=0.00 [BOS long lvl=4426.41|RelVol=1.13|VPnear|VWAPside|ADX=58|RSI=67]
2026.01.05 10:30:00;VETO;authorization denied: outside session window (server hour 10, window 12-20)
2026.01.05 10:45:00;VETO;authorization denied: outside session window (server hour 10, window 12-20)
2026.01.05 11:00:00;VETO;authorization denied: outside session window (server hour 11, window 12-20)
2026.01.05 11:15:00;VETO;authorization denied: outside session window (server hour 11, window 12-20)
2026.01.05 13:30:00;VETO;outlier bar masked, z=3.8
2026.01.05 14:45:00;DECISION;setup SHORT score=0.55 entry=4409.49 inv=4439.88 tgt=0.00 AWAIT-RETEST [CHoCH short lvl=4411.07|RelVol=1.39|Retest@4409.49|VWAPside|RSI=40]
2026.01.05 14:45:00;DECISION;TP capped 60.77714 -> 45.58286 (3.0xATR)
2026.01.05 14:45:00;ERROR;limit SELL 0.02 @ 4409.49 sl=4439.88 tp=4363.91 rc=10015 [WT|CHOCH|0.55|RL]
2026.01.05 15:00:00;DECISION;TP capped 60.48000 -> 45.36000 (3.0xATR)
2026.01.05 15:00:00;ORDER;filled SELL 0.02 lots sl=4439.88 tp=4364.28 [WT|CHOCH|0.55]
2026.01.05 15:00:00;RISK;sizing: vol_ratio=0.83 scalar=1.00 gap_buf=3.83036 eff_stop=34.07036
2026.01.05 15:00:00;ORDER;entry fill deal #2 SELL 0.02 @ 4409.64000
2026.01.05 16:15:00;DECISION;setup LONG score=1.00 entry=4421.51 inv=4406.14 tgt=0.00 AWAIT-RETEST [CHoCH long lvl=4418.95|RelVol=1.34|Retest@4421.51|StopFloored|VPnode d=4.69|VWAPside|CycleTurn w=-0.95<--0.99|RSI=57]
2026.01.05 16:15:00;VETO;retest limit risk veto: max positions
2026.01.05 16:30:00;VETO;risk veto: max positions
2026.01.05 16:55:40;RISK;deal closed pnl=-60.48 streak=1 lock=0
2026.01.06 01:15:00;DECISION;setup LONG score=0.90 entry=4451.55 inv=4438.04 tgt=0.00 [BOS long lvl=4449.42|RelVol=3.16|VPnode d=0.65|CycleTurn w=-0.57<--0.92|RSI=60]
2026.01.06 01:15:00;VETO;authorization denied: outside session window (server hour 01, window 12-20)
2026.01.06 01:30:00;VETO;authorization denied: outside session window (server hour 01, window 12-20)
2026.01.06 01:45:00;VETO;authorization denied: outside session window (server hour 01, window 12-20)
2026.01.06 02:00:00;VETO;authorization denied: outside session window (server hour 02, window 12-20)
2026.01.06 02:45:00;DECISION;setup SHORT score=0.80 entry=4436.41 inv=4460.12 tgt=0.00 AWAIT-RETEST [CHoCH short lvl=4438.04|RelVol=1.36|Retest@4436.41|VPnode d=3.81|VWAPside|RSI=44]
2026.01.06 03:00:00;VETO;authorization denied: outside session window (server hour 03, window 12-20)
2026.01.06 03:15:00;VETO;authorization denied: outside session window (server hour 03, window 12-20)
2026.01.06 03:30:00;VETO;authorization denied: outside session window (server hour 03, window 12-20)
2026.01.06 03:45:00;VETO;authorization denied: outside session window (server hour 03, window 12-20)
2026.01.06 04:00:00;DECISION;setup LONG score=1.00 entry=4446.84 inv=4427.96 tgt=0.00 AWAIT-RETEST [CHoCH long lvl=4444.75|RelVol=1.43|Retest@4446.84|VPnode d=4.24|VWAPside|CycleTurn w=-0.97<--1.00|RSI=59]
2026.01.06 07:30:00;VETO;signal rejected: volume: relVol 0.94 < 1.00
2026.01.06 08:00:00;DECISION;setup SHORT score=0.60 entry=4460.16 inv=4470.44 tgt=0.00 AWAIT-RETEST [CHoCH short lvl=4461.87|RelVol=1.34|Retest@4460.16|StopFloored|VPnear|CycleTurn w=0.11<-0.96]
2026.01.06 08:30:00;VETO;authorization denied: outside session window (server hour 08, window 12-20)
2026.01.06 08:45:00;VETO;authorization denied: outside session window (server hour 08, window 12-20)
2026.01.06 09:00:00;VETO;authorization denied: outside session window (server hour 09, window 12-20)
2026.01.06 09:15:00;VETO;authorization denied: outside session window (server hour 09, window 12-20)
2026.01.06 10:30:00;DECISION;setup LONG score=0.80 entry=4472.31 inv=4449.51 tgt=0.00 AWAIT-RETEST [CHoCH long lvl=4470.41|RelVol=1.10|Retest@4472.31|VPnode d=1.91|VWAPside|RSI=60]
2026.01.06 10:45:00;VETO;authorization denied: outside session window (server hour 10, window 12-20)
2026.01.06 11:00:00;VETO;authorization denied: outside session window (server hour 11, window 12-20)
2026.01.06 11:15:00;VETO;authorization denied: outside session window (server hour 11, window 12-20)
2026.01.06 11:30:00;DECISION;setup SHORT score=0.65 entry=4455.30 inv=4475.71 tgt=0.00 AWAIT-RETEST [CHoCH short lvl=4457.19|RelVol=1.32|Retest@4455.30|VPnode d=4.30|VWAPside]
2026.01.06 11:45:00;VETO;authorization denied: outside session window (server hour 11, window 12-20)
2026.01.06 12:00:00;DECISION;TP capped 58.64000 -> 43.98000 (3.0xATR)
2026.01.06 12:00:00;ORDER;filled SELL 0.02 lots sl=4475.71 tp=4402.41 [WT|CHOCH|0.65]
2026.01.06 12:00:00;RISK;sizing: vol_ratio=0.96 scalar=1.00 gap_buf=3.84500 eff_stop=33.16500
2026.01.06 12:00:00;ORDER;entry fill deal #4 SELL 0.02 @ 4446.39000
2026.01.06 16:33:40;RISK;deal closed pnl=-58.64 streak=1 lock=0
2026.01.06 16:45:00;VETO;signal rejected: volume: relVol 0.97 < 1.00
2026.01.06 20:15:00;DECISION;setup LONG score=0.75 entry=4491.11 inv=4463.08 tgt=0.00 [BOS long lvl=4490.93|RelVol=1.17|VPnear|VWAPside|ADX=32|RSI=65]
2026.01.06 20:15:00;VETO;authorization denied: outside session window (server hour 20, window 12-20)
2026.01.06 20:30:00;VETO;authorization denied: outside session window (server hour 20, window 12-20)
2026.01.06 20:45:00;VETO;authorization denied: outside session window (server hour 20, window 12-20)
2026.01.06 21:00:00;VETO;authorization denied: outside session window (server hour 21, window 12-20)
2026.01.06 21:30:00;DECISION;setup SHORT score=0.55 entry=4479.95 inv=4494.11 tgt=0.00 AWAIT-RETEST [CHoCH short lvl=4481.67|RelVol=1.22|Retest@4479.95|VPnode d=3.85]
2026.01.06 21:45:00;VETO;authorization denied: outside session window (server hour 21, window 12-20)
2026.01.06 22:00:00;VETO;authorization denied: outside session window (server hour 22, window 12-20)
2026.01.06 22:15:00;VETO;authorization denied: outside session window (server hour 22, window 12-20)
2026.01.06 22:30:00;VETO;authorization denied: outside session window (server hour 22, window 12-20)
2026.01.07 01:15:00;DECISION;setup LONG score=0.80 entry=4498.14 inv=4477.44 tgt=0.00 AWAIT-RETEST [CHoCH long lvl=4496.89|RelVol=2.53|Retest@4498.14|VPnode d=0.14|VWAPside|RSI=66]
2026.01.07 01:30:00;VETO;authorization denied: outside session window (server hour 01, window 12-20)
2026.01.07 01:45:00;VETO;authorization denied: outside session window (server hour 01, window 12-20)
2026.01.07 02:00:00;VETO;authorization denied: outside session window (server hour 02, window 12-20)
2026.01.07 02:15:00;VETO;authorization denied: outside session window (server hour 02, window 12-20)
2026.01.07 03:15:00;VETO;outlier bar masked, z=6.2
2026.01.07 07:45:00;VETO;outlier bar masked, z=4.9
2026.01.07 13:45:00;VETO;signal rejected: volume: relVol 0.29 < 1.00
2026.01.07 15:15:00;VETO;outlier bar masked, z=5.4
2026.01.07 15:30:00;VETO;outlier bar masked, z=3.7
2026.01.07 17:15:00;VETO;outlier bar masked, z=3.9
2026.01.07 17:30:00;VETO;outlier bar masked, z=3.9
2026.01.07 18:30:00;VETO;signal rejected: volume: relVol 0.94 < 1.00
2026.01.08 01:30:00;DECISION;setup LONG score=1.00 entry=4461.97 inv=4449.74 tgt=0.00 [BOS long lvl=4461.55|RelVol=1.58|VPnode d=0.27|VWAPside|CycleTurn w=0.22<--0.80|RSI=59]
2026.01.08 01:30:00;VETO;authorization denied: outside session window (server hour 01, window 12-20)
2026.01.08 01:45:00;VETO;authorization denied: outside session window (server hour 01, window 12-20)
2026.01.08 02:00:00;VETO;authorization denied: outside session window (server hour 02, window 12-20)
2026.01.08 02:15:00;VETO;authorization denied: outside session window (server hour 02, window 12-20)
2026.01.08 03:45:00;DECISION;setup SHORT score=0.80 entry=4448.12 inv=4466.37 tgt=0.00 AWAIT-RETEST [CHoCH short lvl=4449.74|RelVol=1.12|Retest@4448.12|VPnode d=0.68|VWAPside|RSI=42]
2026.01.08 04:00:00;VETO;authorization denied: outside session window (server hour 04, window 12-20)
2026.01.08 04:15:00;VETO;authorization denied: outside session window (server hour 04, window 12-20)
2026.01.08 04:30:00;VETO;authorization denied: outside session window (server hour 04, window 12-20)
2026.01.08 04:45:00;VETO;authorization denied: outside session window (server hour 04, window 12-20)
2026.01.08 06:45:00;DECISION;setup SHORT score=0.90 entry=4432.05 inv=4446.48 tgt=0.00 [BOS short lvl=4433.46|RelVol=1.05|VPnode d=4.75|VWAPside|ADX=40|RSI=30]
2026.01.08 06:45:00;VETO;authorization denied: outside session window (server hour 06, window 12-20)
2026.01.08 07:00:00;VETO;authorization denied: outside session window (server hour 07, window 12-20)
2026.01.08 07:15:00;VETO;authorization denied: outside session window (server hour 07, window 12-20)
2026.01.08 07:30:00;VETO;authorization denied: outside session window (server hour 07, window 12-20)
2026.01.08 14:00:00;VETO;signal rejected: volume: relVol 0.97 < 1.00
2026.01.08 17:15:00;VETO;outlier bar masked, z=4.3
2026.01.08 22:30:00;DECISION;setup LONG score=0.75 entry=4469.97 inv=4444.65 tgt=0.00 [BOS long lvl=4465.39|RelVol=1.19|VWAPside|CycleTurn w=-0.88<--0.98|RSI=68]
2026.01.08 22:30:00;VETO;authorization denied: outside session window (server hour 22, window 12-20)
2026.01.08 22:45:00;VETO;authorization denied: outside session window (server hour 22, window 12-20)
2026.01.08 23:00:00;VETO;authorization denied: outside session window (server hour 23, window 12-20)
2026.01.08 23:15:00;VETO;authorization denied: outside session window (server hour 23, window 12-20)
2026.01.09 14:45:00;VETO;signal rejected: volume: relVol 0.92 < 1.00
2026.01.09 15:45:00;VETO;outlier bar masked, z=9.6
2026.01.09 20:00:00;VETO;outlier bar masked, z=5.8
2026.01.09 22:15:00;VETO;signal rejected: volume: relVol 0.87 < 1.00
2026.01.12 01:15:00;VETO;outlier bar masked, z=6.0
2026.01.12 02:15:00;VETO;outlier bar masked, z=4.4
2026.01.12 02:45:00;VETO;outlier bar masked, z=9.2
2026.01.12 03:15:00;VETO;outlier bar masked, z=3.5
2026.01.12 10:00:00;VETO;signal rejected: volume: relVol 0.91 < 1.00
2026.01.12 11:00:00;DECISION;setup LONG score=0.90 entry=4591.59 inv=4569.79 tgt=0.00 AWAIT-RETEST [BOS long lvl=4589.64|RelVol=1.30|Retest@4591.59|VPnode d=3.99|VWAPside|ADX=31|RSI=71]
2026.01.12 12:00:00;DECISION;TP capped 38.64000 -> 28.98000 (3.0xATR)
2026.01.12 12:00:00;ORDER;filled BUY 0.04 lots sl=4569.79 tp=4618.09 [WT|BOS|0.90]
2026.01.12 12:00:00;RISK;sizing: vol_ratio=0.80 scalar=1.00 gap_buf=3.40714 eff_stop=22.72714
2026.01.12 12:00:00;ORDER;entry fill deal #6 BUY 0.04 @ 4589.11000
2026.01.12 13:30:00;VETO;signal rejected: score 0.40 < 0.55 [CHoCH short lvl=4586.06|RelVol=1.07|Retest@4584.37|VPnear]
2026.01.12 15:13:40;MANAGE;#6 SL 4569.79 -> 4589.15 breakeven
2026.01.12 15:13:40;MANAGE;#6 partial close 0.02 of 0.04 lots
2026.01.12 15:13:40;RISK;deal closed pnl=40.62 streak=0 lock=0
2026.01.12 15:13:59;MANAGE;#6 SL 4589.15 -> 4594.88 trail
2026.01.12 15:14:20;MANAGE;#6 SL 4594.88 -> 4595.15 trail
2026.01.12 15:15:00;VETO;outlier bar masked, z=3.9
2026.01.12 15:23:40;MANAGE;#6 SL 4595.15 -> 4595.47 trail
2026.01.12 15:24:20;MANAGE;#6 SL 4595.47 -> 4595.66 trail
2026.01.12 15:40:40;MANAGE;#6 SL 4595.66 -> 4597.98 trail
2026.01.12 15:48:20;MANAGE;#6 SL 4597.98 -> 4599.05 trail
2026.01.12 15:49:40;MANAGE;#6 SL 4599.05 -> 4599.72 trail
2026.01.12 15:50:40;MANAGE;#6 SL 4599.72 -> 4600.91 trail
2026.01.12 15:51:40;RISK;deal closed pnl=57.96 streak=0 lock=0
2026.01.12 16:15:00;VETO;outlier bar masked, z=4.8
2026.01.12 16:45:00;VETO;outlier bar masked, z=5.1
2026.01.12 17:45:00;VETO;signal rejected: volume: relVol 0.86 < 1.00
2026.01.12 20:30:00;DECISION;setup SHORT score=0.55 entry=4605.52 inv=4630.13 tgt=0.00 AWAIT-RETEST [CHoCH short lvl=4607.89|RelVol=1.09|Retest@4605.52|VPnode d=1.48]
2026.01.12 20:45:00;VETO;authorization denied: outside session window (server hour 20, window 12-20)
2026.01.12 21:00:00;VETO;authorization denied: outside session window (server hour 21, window 12-20)
2026.01.12 21:15:00;VETO;authorization denied: outside session window (server hour 21, window 12-20)
2026.01.12 21:30:00;VETO;authorization denied: outside session window (server hour 21, window 12-20)
2026.01.12 22:45:00;DECISION;setup SHORT score=0.55 entry=4598.67 inv=4618.99 tgt=0.00 AWAIT-RETEST [BOS short lvl=4600.55|RelVol=1.08|Retest@4598.67|VPnear|RSI=38]
2026.01.12 23:00:00;VETO;authorization denied: outside session window (server hour 23, window 12-20)
2026.01.12 23:15:00;VETO;authorization denied: outside session window (server hour 23, window 12-20)
2026.01.12 23:30:00;VETO;authorization denied: outside session window (server hour 23, window 12-20)
2026.01.12 23:45:00;VETO;authorization denied: outside session window (server hour 23, window 12-20)
2026.01.13 01:15:00;VETO;outlier bar masked, z=6.7
2026.01.13 04:00:00;DECISION;setup SHORT score=0.90 entry=4577.90 inv=4607.74 tgt=0.00 [BOS short lvl=4578.11|RelVol=1.22|VPnode d=2.30|VWAPside|ADX=31|RSI=39]
2026.01.13 04:00:00;VETO;authorization denied: outside session window (server hour 04, window 12-20)
2026.01.13 04:15:00;VETO;authorization denied: outside session window (server hour 04, window 12-20)
2026.01.13 04:30:00;VETO;authorization denied: outside session window (server hour 04, window 12-20)
2026.01.13 04:45:00;VETO;authorization denied: outside session window (server hour 04, window 12-20)
2026.01.13 07:30:00;VETO;signal rejected: volume: relVol 0.68 < 1.00
2026.01.13 08:00:00;VETO;signal rejected: volume: relVol 0.76 < 1.00
2026.01.13 15:00:00;DECISION;setup LONG score=0.80 entry=4593.49 inv=4580.42 tgt=0.00 AWAIT-RETEST [CHoCH long lvl=4592.01|RelVol=1.14|Retest@4593.49|VPnode d=0.09|VWAPside|RSI=56]
2026.01.13 15:00:00;DECISION;TP capped 26.13321 -> 19.59991 (3.0xATR)
2026.01.13 15:00:00;ERROR;limit BUY 0.06 @ 4593.49 sl=4580.42 tp=4613.09 rc=10015 [WT|CHOCH|0.80|RL]
2026.01.13 15:15:00;DECISION;TP capped 44.76000 -> 33.57000 (3.0xATR)
2026.01.13 15:15:00;ORDER;filled BUY 0.03 lots sl=4580.42 tp=4636.37 [WT|CHOCH|0.80]
2026.01.13 15:15:00;RISK;sizing: vol_ratio=0.79 scalar=1.00 gap_buf=3.32071 eff_stop=25.70071
2026.01.13 15:15:00;ORDER;entry fill deal #9 BUY 0.03 @ 4602.80000
2026.01.13 15:45:00;VETO;outlier bar masked, z=4.8
2026.01.13 16:44:40;MANAGE;#9 SL 4580.42 -> 4602.84 breakeven
2026.01.13 16:44:40;MANAGE;#9 partial close 0.01 of 0.03 lots
2026.01.13 16:44:40;RISK;deal closed pnl=23.21 streak=0 lock=0
2026.01.13 16:44:59;MANAGE;#9 SL 4602.84 -> 4607.80 trail
2026.01.13 16:45:40;MANAGE;#9 SL 4607.80 -> 4608.56 trail
2026.01.13 16:46:40;MANAGE;#9 SL 4608.56 -> 4609.98 trail
2026.01.13 16:47:40;MANAGE;#9 SL 4609.98 -> 4613.95 trail
2026.01.13 16:48:20;MANAGE;#9 SL 4613.95 -> 4614.37 trail
2026.01.13 16:49:40;MANAGE;#9 SL 4614.37 -> 4614.77 trail
2026.01.13 16:50:20;MANAGE;#9 SL 4614.77 -> 4615.11 trail
2026.01.13 17:04:20;RISK;deal closed pnl=24.62 streak=0 lock=0
2026.01.13 17:30:00;VETO;outlier bar masked, z=4.5
2026.01.13 18:30:00;VETO;outlier bar masked, z=3.5
2026.01.13 20:00:00;VETO;outlier bar masked, z=4.4
2026.01.13 22:45:00;VETO;outlier bar masked, z=3.6
2026.01.14 02:15:00;DECISION;setup LONG score=0.80 entry=4600.63 inv=4569.58 tgt=0.00 AWAIT-RETEST [CHoCH long lvl=4598.99|RelVol=1.45|Retest@4600.63|VPnode d=0.83|VWAPside|RSI=58]
2026.01.14 08:00:00;VETO;outlier bar masked, z=4.8
2026.01.14 15:00:00;DECISION;setup LONG score=1.00 entry=4638.71 inv=4626.08 tgt=0.00 [BOS long lvl=4638.21|RelVol=1.21|VPnode d=0.29|VWAPside|CycleTurn w=-0.88<--0.94|RSI=58]
2026.01.14 15:00:00;DECISION;TP capped 25.34000 -> 19.00500 (3.0xATR)
2026.01.14 15:00:00;ORDER;filled BUY 0.06 lots sl=4626.08 tp=4657.76 [WT|BOS|1.00]
2026.01.14 15:00:00;RISK;sizing: vol_ratio=0.75 scalar=1.00 gap_buf=3.10714 eff_stop=15.77714
2026.01.14 15:00:00;ORDER;entry fill deal #12 BUY 0.06 @ 4638.75000
2026.01.14 15:30:40;RISK;deal closed pnl=-76.02 streak=1 lock=0
2026.01.14 16:45:00;VETO;outlier bar masked, z=4.0
2026.01.14 20:30:00;DECISION;setup LONG score=1.00 entry=4627.39 inv=4601.18 tgt=0.00 AWAIT-RETEST [CHoCH long lvl=4624.79|RelVol=1.36|Retest@4627.39|VPnode d=7.51|VWAPside|CycleTurn w=-0.55<--0.97|RSI=56]
2026.01.14 22:15:00;VETO;authorization denied: outside session window (server hour 22, window 12-20)
2026.01.14 22:30:00;VETO;authorization denied: outside session window (server hour 22, window 12-20)
2026.01.14 22:45:00;VETO;authorization denied: outside session window (server hour 22, window 12-20)
2026.01.14 23:00:00;VETO;authorization denied: outside session window (server hour 23, window 12-20)
2026.01.15 01:15:00;VETO;outlier bar masked, z=5.2
2026.01.15 03:30:00;DECISION;setup SHORT score=0.65 entry=4600.77 inv=4618.13 tgt=0.00 AWAIT-RETEST [CHoCH short lvl=4602.82|RelVol=1.47|Retest@4600.77|VPnear|VWAPside|RSI=34]
2026.01.15 03:45:00;VETO;outlier bar masked, z=4.0
2026.01.15 04:00:00;VETO;authorization denied: outside session window (server hour 04, window 12-20)
2026.01.15 04:15:00;VETO;authorization denied: outside session window (server hour 04, window 12-20)
2026.01.15 04:30:00;VETO;authorization denied: outside session window (server hour 04, window 12-20)
2026.01.15 04:45:00;VETO;authorization denied: outside session window (server hour 04, window 12-20)
2026.01.15 11:45:00;DECISION;setup LONG score=0.65 entry=4608.77 inv=4597.81 tgt=0.00 AWAIT-RETEST [CHoCH long lvl=4607.18|RelVol=1.40|Retest@4608.77|VPnear|VWAPside|RSI=56]
2026.01.15 12:00:00;DECISION;TP capped 29.76000 -> 22.32000 (3.0xATR)
2026.01.15 12:00:00;ORDER;filled BUY 0.05 lots sl=4597.81 tp=4635.01 [WT|CHOCH|0.65]
2026.01.15 12:00:00;RISK;sizing: vol_ratio=0.72 scalar=1.00 gap_buf=3.15071 eff_stop=18.03071
2026.01.15 12:00:00;ORDER;entry fill deal #14 BUY 0.05 @ 4612.69000
2026.01.15 15:31:40;RISK;deal closed pnl=-74.40 streak=1 lock=0
2026.01.15 15:45:00;DECISION;setup SHORT score=0.80 entry=4596.32 inv=4622.94 tgt=0.00 AWAIT-RETEST [CHoCH short lvl=4597.81|RelVol=1.20|Retest@4596.32|VPnode d=1.28|VWAPside|RSI=29]
2026.01.15 15:45:00;DECISION;TP capped 53.23143 -> 39.92357 (3.0xATR)
2026.01.15 15:45:00;ORDER;limit SELL 0.03 @ 4596.32 sl=4622.94 tp=4556.40 rc=10009 [WT|CHOCH|0.80|RL]
2026.01.15 15:45:00;RISK;sizing: vol_ratio=0.68 scalar=1.00 gap_buf=2.97143 eff_stop=29.58714
2026.01.15 16:09:40;ORDER;entry fill deal #16 SELL 0.03 @ 4596.32000
2026.01.15 18:11:40;RISK;deal closed pnl=-79.86 streak=2 lock=0
2026.01.15 22:15:00;DECISION;setup SHORT score=0.90 entry=4612.21 inv=4621.59 tgt=0.00 AWAIT-RETEST [BOS short lvl=4613.52|RelVol=1.06|Retest@4612.21|VPnode d=3.49|CycleTurn w=0.41<-0.94|RSI=42]
2026.01.15 23:30:00;VETO;authorization denied: outside session window (server hour 23, window 12-20)
2026.01.15 23:45:00;VETO;authorization denied: outside session window (server hour 23, window 12-20)
2026.01.16 01:00:00;VETO;authorization denied: outside session window (server hour 01, window 12-20)
2026.01.16 01:15:00;VETO;authorization denied: outside session window (server hour 01, window 12-20)
2026.01.16 03:00:00;VETO;signal rejected: volume: relVol 0.97 < 1.00
2026.01.16 08:00:00;VETO;signal rejected: volume: relVol 0.90 < 1.00
2026.01.16 09:15:00;VETO;outlier bar masked, z=3.5
2026.01.16 13:30:00;VETO;signal rejected: volume: relVol 0.86 < 1.00
2026.01.16 15:15:00;DECISION;setup SHORT score=1.00 entry=4597.04 inv=4616.11 tgt=0.00 AWAIT-RETEST [CHoCH short lvl=4598.58|RelVol=1.25|Retest@4597.04|VPnode d=1.04|VWAPside|CycleTurn w=-0.52<-0.52|RSI=41]
2026.01.16 15:15:00;DECISION;TP capped 38.13500 -> 28.60125 (3.0xATR)
2026.01.16 15:15:00;ORDER;limit SELL 0.04 @ 4597.04 sl=4616.11 tp=4568.44 rc=10009 [WT|CHOCH|1.00|RL]
2026.01.16 15:15:00;RISK;sizing: vol_ratio=0.91 scalar=1.00 gap_buf=3.07500 eff_stop=22.14250
2026.01.16 15:15:20;ORDER;entry fill deal #18 SELL 0.04 @ 4597.04000
2026.01.16 15:30:00;VETO;outlier bar masked, z=3.6
2026.01.16 15:45:00;VETO;outlier bar masked, z=3.8
2026.01.16 17:05:40;RISK;deal closed pnl=-76.28 streak=1 lock=0
2026.01.16 17:30:00;VETO;outlier bar masked, z=16.7
2026.01.16 17:45:00;VETO;outlier bar masked, z=9.8
2026.01.16 18:00:00;VETO;outlier bar masked, z=4.9
2026.01.16 18:15:00;VETO;outlier bar masked, z=6.8
2026.01.19 01:00:00;VETO;signal rejected: volume: relVol 0.95 < 1.00
2026.01.19 01:15:00;VETO;outlier bar masked, z=17.7
2026.01.19 01:30:00;VETO;outlier bar masked, z=7.1
2026.01.19 01:45:00;VETO;outlier bar masked, z=5.6
2026.01.19 04:00:00;DECISION;setup SHORT score=0.85 entry=4658.73 inv=4682.03 tgt=0.00 AWAIT-RETEST [CHoCH short lvl=4661.18|RelVol=1.15|Retest@4658.73|VPnode d=2.87|VWAPside|CycleTurn w=0.63<-0.87]
2026.01.19 04:15:00;VETO;authorization denied: outside session window (server hour 04, window 12-20)
2026.01.19 04:30:00;VETO;authorization denied: outside session window (server hour 04, window 12-20)
2026.01.19 04:45:00;VETO;authorization denied: outside session window (server hour 04, window 12-20)
2026.01.19 05:00:00;VETO;authorization denied: outside session window (server hour 05, window 12-20)
2026.01.19 08:00:00;VETO;signal rejected: volume: relVol 0.69 < 1.00
2026.01.19 09:00:00;VETO;signal rejected: volume: relVol 0.77 < 1.00
2026.01.19 12:45:00;VETO;signal rejected: volume: relVol 0.78 < 1.00
2026.01.19 14:00:00;DECISION;setup SHORT score=0.65 entry=4660.68 inv=4671.21 tgt=0.00 [BOS short lvl=4661.27|RelVol=1.25|VPnode d=1.48|VWAPside]
2026.01.19 14:00:00;DECISION;TP capped 21.06000 -> 17.16429 (3.0xATR)
2026.01.19 14:00:00;ORDER;filled SELL 0.07 lots sl=4671.21 tp=4643.52 [WT|BOS|0.65]
2026.01.19 14:00:00;RISK;sizing: vol_ratio=0.59 scalar=1.00 gap_buf=2.86071 eff_stop=13.39071
2026.01.19 14:00:00;ORDER;entry fill deal #20 SELL 0.07 @ 4660.68000
2026.01.19 14:17:40;RISK;deal closed pnl=-73.71 streak=1 lock=0
2026.01.19 14:45:00;VETO;signal rejected: volume: relVol 0.63 < 1.00
2026.01.19 18:00:00;VETO;signal rejected: volume: relVol 0.42 < 1.00
2026.01.19 19:45:00;VETO;signal rejected: volume: relVol 0.38 < 1.00
2026.01.20 01:30:00;VETO;signal rejected: volume: relVol 0.62 < 1.00
2026.01.20 05:45:00;VETO;signal rejected: volume: relVol 0.74 < 1.00
2026.01.20 09:30:00;DECISION;setup LONG score=0.65 entry=4718.20 inv=4665.52 tgt=0.00 [BOS long lvl=4717.01|RelVol=1.06|VWAPside|ADX=68|RSI=77]
2026.01.20 09:30:00;VETO;authorization denied: outside session window (server hour 09, window 12-20)
2026.01.20 09:45:00;VETO;authorization denied: outside session window (server hour 09, window 12-20)
2026.01.20 10:00:00;VETO;authorization denied: outside session window (server hour 10, window 12-20)
2026.01.20 10:15:00;VETO;authorization denied: outside session window (server hour 10, window 12-20)
2026.01.20 15:30:00;VETO;signal rejected: volume: relVol 0.89 < 1.00
2026.01.20 15:45:00;VETO;outlier bar masked, z=5.2
2026.01.20 16:00:00;DECISION;setup LONG score=1.00 entry=4736.72 inv=4721.65 tgt=0.00 AWAIT-RETEST [CHoCH long lvl=4735.25|RelVol=1.14|Retest@4736.72|VPnode d=1.68|VWAPside|CycleTurn w=-0.99<--1.00|RSI=64]
2026.01.20 16:00:00;DECISION;TP capped 30.13143 -> 22.59857 (3.0xATR)
2026.01.20 16:00:00;ORDER;limit BUY 0.05 @ 4736.72 sl=4721.65 tp=4759.31 rc=10009 [WT|CHOCH|1.00|RL]
2026.01.20 16:00:00;RISK;sizing: vol_ratio=1.09 scalar=1.00 gap_buf=3.27643 eff_stop=18.34214
2026.01.20 16:00:20;ORDER;entry fill deal #22 BUY 0.05 @ 4736.72000
2026.01.20 16:15:00;VETO;outlier bar masked, z=5.7
2026.01.20 16:45:00;VETO;outlier bar masked, z=9.0
2026.01.20 17:30:00;VETO;outlier bar masked, z=7.4
2026.01.20 18:15:00;VETO;outlier bar masked, z=3.8
2026.01.20 18:55:40;MANAGE;#22 SL 4721.65 -> 4736.76 breakeven
2026.01.20 18:55:40;MANAGE;#22 partial close 0.02 of 0.05 lots
2026.01.20 18:55:40;RISK;deal closed pnl=33.12 streak=0 lock=0
2026.01.20 19:00:00;DECISION;setup LONG score=1.00 entry=4753.64 inv=4722.41 tgt=0.00 [BOS long lvl=4751.14|RelVol=1.04|VPnode d=5.04|VWAPside|CycleTurn w=-0.60<--0.93|RSI=64]
2026.01.20 19:00:00;DECISION;TP capped 62.54000 -> 46.90500 (3.0xATR)
2026.01.20 19:00:00;VETO;risk veto: max positions
2026.01.20 19:55:40;RISK;deal closed pnl=67.77 streak=0 lock=0
2026.01.20 22:30:00;VETO;signal rejected: score 0.40 < 0.55 [CHoCH short lvl=4752.87|RelVol=1.22|Retest@4751.11|VPnear]
2026.01.21 01:45:00;VETO;signal rejected: volume: relVol 0.68 < 1.00
2026.01.21 03:15:00;VETO;outlier bar masked, z=6.9
2026.01.21 03:30:00;VETO;outlier bar masked, z=5.6
2026.01.21 03:45:00;VETO;outlier bar masked, z=5.0
2026.01.21 04:00:00;VETO;outlier bar masked, z=6.2
2026.01.21 04:15:00;VETO;outlier bar masked, z=4.1
2026.01.21 06:30:00;DECISION;setup LONG score=0.90 entry=4849.85 inv=4747.47 tgt=0.00 [BOS long lvl=4849.75|RelVol=1.57|VPnode d=2.75|VWAPside|ADX=56|RSI=79]
2026.01.21 06:30:00;VETO;authorization denied: outside session window (server hour 06, window 12-20)
2026.01.21 06:45:00;VETO;authorization denied: outside session window (server hour 06, window 12-20)
2026.01.21 07:00:00;VETO;authorization denied: outside session window (server hour 07, window 12-20)
2026.01.21 07:15:00;VETO;authorization denied: outside session window (server hour 07, window 12-20)
2026.01.21 08:45:00;VETO;outlier bar masked, z=5.2
2026.01.21 15:45:00;VETO;signal rejected: volume: relVol 0.73 < 1.00
2026.01.21 16:15:00;VETO;outlier bar masked, z=6.9
2026.01.21 17:30:00;VETO;outlier bar masked, z=8.1
2026.01.21 19:45:00;DECISION;setup SHORT score=0.65 entry=4809.95 inv=4880.95 tgt=0.00 [BOS short lvl=4812.84|RelVol=1.94|VPnear|VWAPside|RSI=32]
2026.01.21 19:45:00;DECISION;TP capped 142.00000 -> 106.50000 (3.0xATR)
2026.01.21 19:45:00;ORDER;filled SELL 0.01 lots sl=4880.95 tp=4703.45 [WT|BOS|0.65]
2026.01.21 19:45:00;RISK;sizing: vol_ratio=1.70 scalar=1.00 gap_buf=10.23607 eff_stop=81.23607
2026.01.21 19:45:00;ORDER;entry fill deal #25 SELL 0.01 @ 4809.95000
2026.01.21 21:30:00;VETO;outlier bar masked, z=6.6
2026.01.21 21:45:00;VETO;outlier bar masked, z=7.6
2026.01.22 07:45:00;VETO;signal rejected: volume: relVol 0.77 < 1.00
2026.01.22 11:45:00;DECISION;setup SHORT score=0.75 entry=4820.36 inv=4839.00 tgt=0.00 AWAIT-RETEST [CHoCH short lvl=4822.32|RelVol=1.38|Retest@4820.36|VPnode d=0.24|CycleTurn w=-0.33<-0.84]
2026.01.22 12:00:00;DECISION;TP capped 31.72000 -> 23.79000 (3.0xATR)
2026.01.22 12:00:00;VETO;risk veto: max positions
2026.01.22 15:45:00;VETO;signal rejected: volume: relVol 0.86 < 1.00
2026.01.22 16:45:00;VETO;signal rejected: volume: relVol 0.90 < 1.00
2026.01.22 18:37:40;RISK;deal closed pnl=-71.14 streak=1 lock=0
2026.01.22 22:15:00;VETO;signal rejected: volume: relVol 0.80 < 1.00
2026.01.22 23:45:00;DECISION;setup LONG score=0.65 entry=4930.77 inv=4906.01 tgt=0.00 AWAIT-RETEST [BOS long lvl=4928.50|RelVol=1.66|Retest@4930.77|VWAPside|ADX=36|RSI=76]
2026.01.23 01:45:00;VETO;authorization denied: outside session window (server hour 01, window 12-20)
2026.01.23 02:00:00;VETO;authorization denied: outside session window (server hour 02, window 12-20)
2026.01.23 02:15:00;VETO;authorization denied: outside session window (server hour 02, window 12-20)
2026.01.23 02:30:00;VETO;authorization denied: outside session window (server hour 02, window 12-20)
2026.01.23 03:15:00;VETO;outlier bar masked, z=4.6
2026.01.23 10:00:00;DECISION;setup SHORT score=0.80 entry=4943.83 inv=4967.30 tgt=0.00 AWAIT-RETEST [CHoCH short lvl=4945.59|RelVol=1.07|Retest@4943.83|VPnode d=3.97|VWAPside|RSI=44]
2026.01.23 10:15:00;VETO;authorization denied: outside session window (server hour 10, window 12-20)
2026.01.23 10:30:00;VETO;outlier bar masked, z=8.3
2026.01.23 10:45:00;VETO;authorization denied: outside session window (server hour 10, window 12-20)
2026.01.23 11:00:00;VETO;authorization denied: outside session window (server hour 11, window 12-20)
2026.01.23 11:15:00;VETO;authorization denied: outside session window (server hour 11, window 12-20)
2026.01.23 14:15:00;DECISION;setup LONG score=0.55 entry=4935.02 inv=4912.21 tgt=0.00 AWAIT-RETEST [CHoCH long lvl=4932.45|RelVol=1.09|Retest@4935.02|VPnode d=5.62]
2026.01.23 14:15:00;DECISION;TP capped 45.61571 -> 34.21179 (3.0xATR)
2026.01.23 14:15:00;ERROR;limit BUY 0.03 @ 4935.02 sl=4912.21 tp=4969.23 rc=10015 [WT|CHOCH|0.55|RL]
2026.01.23 14:30:00;DECISION;TP capped 44.00000 -> 33.00000 (3.0xATR)
2026.01.23 14:30:00;ORDER;filled BUY 0.03 lots sl=4912.21 tp=4967.21 [WT|CHOCH|0.55]
2026.01.23 14:30:00;RISK;sizing: vol_ratio=0.94 scalar=1.00 gap_buf=4.77964 eff_stop=26.77964
2026.01.23 14:30:00;ORDER;entry fill deal #27 BUY 0.03 @ 4934.21000
2026.01.23 16:52:20;MANAGE;#27 SL 4912.21 -> 4934.25 breakeven
2026.01.23 16:52:20;MANAGE;#27 partial close 0.01 of 0.03 lots
2026.01.23 16:52:20;RISK;deal closed pnl=22.23 streak=0 lock=0
2026.01.23 16:53:20;MANAGE;#27 SL 4934.25 -> 4934.47 trail
2026.01.23 17:15:00;VETO;signal rejected: volume: relVol 0.79 < 1.00
2026.01.23 17:42:40;MANAGE;#27 SL 4934.47 -> 4935.31 trail
2026.01.23 17:43:20;MANAGE;#27 SL 4935.31 -> 4936.93 trail
2026.01.23 17:47:40;MANAGE;#27 SL 4936.93 -> 4939.10 trail
2026.01.23 18:02:40;MANAGE;#27 SL 4939.10 -> 4940.66 trail
2026.01.23 18:04:40;MANAGE;#27 SL 4940.66 -> 4941.37 trail
2026.01.23 18:09:40;RISK;deal closed pnl=66.00 streak=0 lock=0
2026.01.26 01:15:00;VETO;outlier bar masked, z=6.3
2026.01.26 03:15:00;VETO;outlier bar masked, z=3.6
2026.01.26 09:00:00;VETO;outlier bar masked, z=3.5
2026.01.26 09:30:00;DECISION;setup LONG score=1.00 entry=5095.38 inv=5052.39 tgt=0.00 [BOS long lvl=5093.05|RelVol=1.01|VPnode d=1.38|VWAPside|CycleTurn w=-0.76<--0.90|ADX=32|RSI=64]
2026.01.26 09:30:00;VETO;authorization denied: outside session window (server hour 09, window 12-20)
2026.01.26 09:45:00;VETO;authorization denied: outside session window (server hour 09, window 12-20)
2026.01.26 10:00:00;VETO;authorization denied: outside session window (server hour 10, window 12-20)
2026.01.26 10:15:00;VETO;authorization denied: outside session window (server hour 10, window 12-20)
2026.01.26 15:30:00;DECISION;setup SHORT score=0.55 entry=5076.26 inv=5097.01 tgt=0.00 AWAIT-RETEST [CHoCH short lvl=5078.55|RelVol=1.03|Retest@5076.26|VPnear|RSI=41]
2026.01.26 15:30:00;DECISION;TP capped 41.50786 -> 31.13089 (3.0xATR)
2026.01.26 15:30:00;ORDER;limit SELL 0.03 @ 5076.26 sl=5097.01 tp=5045.13 rc=10009 [WT|CHOCH|0.55|RL]
2026.01.26 15:30:00;RISK;sizing: vol_ratio=0.77 scalar=1.00 gap_buf=4.58786 eff_stop=25.34179
2026.01.26 16:21:40;ORDER;entry fill deal #30 SELL 0.03 @ 5076.26000
2026.01.26 16:58:40;RISK;deal closed pnl=-62.25 streak=1 lock=0
2026.01.26 18:15:00;DECISION;setup LONG score=0.80 entry=5101.10 inv=5054.59 tgt=0.00 AWAIT-RETEST [CHoCH long lvl=5097.34|RelVol=1.08|Retest@5101.10|VPnode d=5.70|VWAPside|RSI=61]
2026.01.26 18:15:00;DECISION;TP capped 93.02714 -> 69.77036 (3.0xATR)
2026.01.26 18:15:00;ORDER;limit BUY 0.01 @ 5101.10 sl=5054.59 tp=5170.87 rc=10009 [WT|CHOCH|0.80|RL]
2026.01.26 18:15:00;RISK;sizing: vol_ratio=1.21 scalar=1.00 gap_buf=7.52714 eff_stop=54.04071
2026.01.26 18:15:40;ORDER;entry fill deal #32 BUY 0.01 @ 5101.10000
2026.01.26 18:30:00;VETO;outlier bar masked, z=3.6
2026.01.26 20:45:00;DECISION;setup SHORT score=1.00 entry=5061.18 inv=5105.05 tgt=0.00 AWAIT-RETEST [CHoCH short lvl=5065.35|RelVol=2.58|Retest@5061.18|VPnode d=8.62|VWAPside|CycleTurn w=0.12<-0.89|RSI=41]
2026.01.26 21:00:00;VETO;authorization denied: outside session window (server hour 21, window 12-20)
2026.01.26 21:02:40;RISK;deal closed pnl=-46.51 streak=2 lock=0
2026.01.26 21:15:00;VETO;outlier bar masked, z=3.6
2026.01.26 21:30:00;VETO;outlier bar masked, z=4.8
2026.01.26 21:45:00;VETO;authorization denied: outside session window (server hour 21, window 12-20)
2026.01.26 22:00:00;VETO;authorization denied: outside session window (server hour 22, window 12-20)
2026.01.26 22:15:00;VETO;authorization denied: outside session window (server hour 22, window 12-20)
2026.01.26 23:45:00;DECISION;setup SHORT score=0.65 entry=5005.03 inv=5062.24 tgt=0.00 [BOS short lvl=5008.51|RelVol=3.96|VWAPside|ADX=34|RSI=32]
2026.01.26 23:45:00;VETO;authorization denied: outside session window (server hour 23, window 12-20)
2026.01.27 01:00:00;VETO;authorization denied: outside session window (server hour 01, window 12-20)
2026.01.27 01:15:00;VETO;authorization denied: outside session window (server hour 01, window 12-20)
2026.01.27 01:30:00;VETO;authorization denied: outside session window (server hour 01, window 12-20)
2026.01.27 03:15:00;VETO;outlier bar masked, z=6.5
2026.01.27 04:45:00;VETO;signal rejected: volume: relVol 0.84 < 1.00
2026.01.27 08:00:00;DECISION;setup LONG score=1.00 entry=5082.99 inv=5057.34 tgt=0.00 [BOS long lvl=5079.17|RelVol=1.00|VPnode d=2.39|VWAPside|CycleTurn w=-0.82<--0.86|RSI=59]
2026.01.27 08:00:00;VETO;authorization denied: outside session window (server hour 08, window 12-20)
2026.01.27 08:15:00;VETO;authorization denied: outside session window (server hour 08, window 12-20)
2026.01.27 08:30:00;VETO;authorization denied: outside session window (server hour 08, window 12-20)
2026.01.27 08:45:00;VETO;authorization denied: outside session window (server hour 08, window 12-20)
2026.01.27 14:00:00;DECISION;setup SHORT score=0.55 entry=5079.74 inv=5099.53 tgt=0.00 AWAIT-RETEST [CHoCH short lvl=5081.90|RelVol=1.63|Retest@5079.74|VPnode d=6.36]
2026.01.27 14:00:00;DECISION;TP capped 39.58071 -> 29.68554 (3.0xATR)
2026.01.27 14:00:00;ORDER;limit SELL 0.04 @ 5079.74 sl=5099.53 tp=5050.05 rc=10009 [WT|CHOCH|0.55|RL]
2026.01.27 14:00:00;RISK;sizing: vol_ratio=0.59 scalar=1.00 gap_buf=4.32071 eff_stop=24.11107
2026.01.27 14:00:40;ORDER;entry fill deal #34 SELL 0.04 @ 5079.74000
2026.01.27 16:05:40;MANAGE;#34 SL 5099.53 -> 5079.70 breakeven
2026.01.27 16:05:40;MANAGE;#34 partial close 0.02 of 0.04 lots
2026.01.27 16:05:40;RISK;deal closed pnl=40.68 streak=0 lock=0
2026.01.27 16:06:20;MANAGE;#34 SL 5079.70 -> 5079.49 trail
2026.01.27 16:13:40;MANAGE;#34 SL 5079.49 -> 5075.63 trail
2026.01.27 16:15:00;DECISION;setup SHORT score=0.80 entry=5060.11 inv=5092.92 tgt=0.00 [BOS short lvl=5066.97|RelVol=1.36|VPnode d=4.09|VWAPside|RSI=37]
2026.01.27 16:15:00;DECISION;TP capped 65.62000 -> 49.21500 (3.0xATR)
2026.01.27 16:15:00;VETO;risk veto: max positions
2026.01.27 16:16:40;RISK;deal closed pnl=59.38 streak=0 lock=0
2026.01.27 18:00:00;DECISION;setup LONG score=1.00 entry=5086.67 inv=5046.65 tgt=0.00 AWAIT-RETEST [CHoCH long lvl=5082.29|RelVol=1.29|Retest@5086.67|VPnode d=0.57|VWAPside|CycleTurn w=-0.77<--0.97|RSI=56]
2026.01.27 18:00:00;DECISION;TP capped 80.03679 -> 60.02759 (3.0xATR)
2026.01.27 18:00:00;ORDER;limit BUY 0.02 @ 5086.67 sl=5046.65 tp=5146.70 rc=10009 [WT|CHOCH|1.00|RL]
2026.01.27 18:00:00;RISK;sizing: vol_ratio=1.12 scalar=1.00 gap_buf=8.75679 eff_stop=48.77518
2026.01.27 18:04:40;ORDER;entry fill deal #37 BUY 0.02 @ 5086.67000
2026.01.27 22:00:00;DECISION;setup LONG score=0.80 entry=5098.94 inv=5076.37 tgt=0.00 [BOS long lvl=5095.54|RelVol=1.02|VPnode d=6.14|VWAPside|RSI=61]
2026.01.27 22:00:00;VETO;authorization denied: outside session window (server hour 22, window 12-20)
2026.01.27 22:09:40;MANAGE;#37 SL 5046.65 -> 5086.71 breakeven
2026.01.27 22:09:40;MANAGE;#37 partial close 0.01 of 0.02 lots
2026.01.27 22:09:40;RISK;deal closed pnl=40.18 streak=0 lock=0
2026.01.27 22:09:59;MANAGE;#37 SL 5086.71 -> 5106.57 trail
2026.01.27 22:10:40;MANAGE;#37 SL 5106.57 -> 5116.87 trail
2026.01.27 22:11:20;MANAGE;#37 SL 5116.87 -> 5121.03 trail
2026.01.27 22:14:40;MANAGE;#37 SL 5121.03 -> 5124.32 trail
2026.01.27 22:15:00;VETO;outlier bar masked, z=5.5
2026.01.27 22:20:40;RISK;deal closed pnl=60.03 streak=0 lock=0
2026.01.27 22:30:00;VETO;authorization denied: outside session window (server hour 22, window 12-20)
2026.01.27 22:45:00;VETO;authorization denied: outside session window (server hour 22, window 12-20)
2026.01.27 23:00:00;VETO;outlier bar masked, z=4.7
2026.01.27 23:15:00;VETO;authorization denied: outside session window (server hour 23, window 12-20)
2026.01.28 03:15:00;VETO;outlier bar masked, z=4.4
2026.01.28 07:15:00;DECISION;setup LONG score=0.90 entry=5253.91 inv=5157.31 tgt=0.00 [BOS long lvl=5247.63|RelVol=1.68|VPnode d=4.91|VWAPside|ADX=55|RSI=79]
2026.01.28 07:15:00;VETO;authorization denied: outside session window (server hour 07, window 12-20)
2026.01.28 07:30:00;VETO;authorization denied: outside session window (server hour 07, window 12-20)
2026.01.28 07:45:00;VETO;authorization denied: outside session window (server hour 07, window 12-20)
2026.01.28 08:00:00;VETO;authorization denied: outside session window (server hour 08, window 12-20)
2026.01.28 09:00:00;DECISION;setup LONG score=0.65 entry=5269.82 inv=5157.31 tgt=0.00 [BOS long lvl=5266.49|RelVol=1.10|VWAPside|ADX=56|RSI=77]
2026.01.28 09:00:00;VETO;authorization denied: outside session window (server hour 09, window 12-20)
2026.01.28 09:15:00;VETO;authorization denied: outside session window (server hour 09, window 12-20)
2026.01.28 09:30:00;VETO;authorization denied: outside session window (server hour 09, window 12-20)
2026.01.28 09:45:00;VETO;authorization denied: outside session window (server hour 09, window 12-20)
2026.01.28 13:15:00;VETO;outlier bar masked, z=3.8
2026.01.28 16:45:00;VETO;outlier bar masked, z=4.8
2026.01.28 17:15:00;VETO;outlier bar masked, z=11.3
2026.01.28 19:00:00;DECISION;setup LONG score=0.80 entry=5302.31 inv=5235.23 tgt=0.00 AWAIT-RETEST [CHoCH long lvl=5298.29|RelVol=1.28|Retest@5302.31|VPnode d=2.71|VWAPside|RSI=62]
2026.01.28 19:00:00;DECISION;TP capped 134.16643 -> 100.62482 (3.0xATR)
2026.01.28 19:00:00;ERROR;limit BUY 0.01 @ 5302.31 sl=5235.23 tp=5402.94 rc=10015 [WT|CHOCH|0.80|RL]
2026.01.28 19:15:00;DECISION;TP capped 120.92000 -> 90.69000 (3.0xATR)
2026.01.28 19:15:00;ORDER;filled BUY 0.01 lots sl=5235.23 tp=5386.38 [WT|CHOCH|0.80]
2026.01.28 19:15:00;RISK;sizing: vol_ratio=1.39 scalar=1.00 gap_buf=10.47214 eff_stop=70.93214
2026.01.28 19:15:00;ORDER;entry fill deal #40 BUY 0.01 @ 5295.69000
2026.01.28 20:45:00;VETO;outlier bar masked, z=6.1
2026.01.28 21:45:00;VETO;outlier bar masked, z=3.9
2026.01.28 22:15:00;DECISION;setup LONG score=0.95 entry=5326.60 inv=5268.78 tgt=0.00 [BOS long lvl=5326.02|RelVol=1.65|VPnear|VWAPside|CycleTurn w=0.40<--0.61|ADX=34|RSI=63]
2026.01.28 22:15:00;VETO;authorization denied: outside session window (server hour 22, window 12-20)
2026.01.28 22:30:00;VETO;outlier bar masked, z=4.2
2026.01.28 22:30:40;MANAGE;#40 SL 5235.23 -> 5295.73 breakeven
2026.01.28 22:30:59;MANAGE;#40 SL 5295.73 -> 5313.65 trail
2026.01.28 22:31:20;MANAGE;#40 SL 5313.65 -> 5317.48 trail
2026.01.28 22:34:20;MANAGE;#40 SL 5317.48 -> 5318.44 trail
2026.01.28 22:35:40;MANAGE;#40 SL 5318.44 -> 5320.54 trail
2026.01.28 22:36:40;MANAGE;#40 SL 5320.54 -> 5324.81 trail
2026.01.28 22:37:40;MANAGE;#40 SL 5324.81 -> 5328.30 trail
2026.01.28 22:38:40;MANAGE;#40 SL 5328.30 -> 5332.01 trail
2026.01.28 22:39:20;MANAGE;#40 SL 5332.01 -> 5332.53 trail
2026.01.28 22:40:20;MANAGE;#40 SL 5332.53 -> 5335.39 trail
2026.01.28 22:41:40;MANAGE;#40 SL 5335.39 -> 5338.85 trail
2026.01.28 22:42:40;RISK;deal closed pnl=90.69 streak=0 lock=0
2026.01.28 22:45:00;VETO;outlier bar masked, z=5.0
2026.01.28 23:00:00;VETO;authorization denied: outside session window (server hour 23, window 12-20)
2026.01.28 23:15:00;VETO;authorization denied: outside session window (server hour 23, window 12-20)
2026.01.28 23:30:00;VETO;authorization denied: outside session window (server hour 23, window 12-20)
2026.01.29 01:00:00;VETO;outlier bar masked, z=4.3
2026.01.29 01:15:00;VETO;outlier bar masked, z=8.7
2026.01.29 01:45:00;VETO;outlier bar masked, z=18.4
2026.01.29 02:00:00;VETO;outlier bar masked, z=8.5
2026.01.29 02:15:00;VETO;outlier bar masked, z=8.7
2026.01.29 02:30:00;VETO;outlier bar masked, z=4.4
2026.01.29 02:45:00;VETO;outlier bar masked, z=3.6
2026.01.29 03:15:00;VETO;outlier bar masked, z=11.2
2026.01.29 03:45:00;VETO;outlier bar masked, z=4.8
2026.01.29 04:15:00;VETO;outlier bar masked, z=4.1
2026.01.29 05:15:00;VETO;outlier bar masked, z=3.7
2026.01.29 06:45:00;DECISION;setup LONG score=1.00 entry=5557.40 inv=5508.32 tgt=0.00 [BOS long lvl=5550.19|RelVol=1.73|VPnode d=7.20|VWAPside|CycleTurn w=-1.00<--1.00|ADX=43|RSI=68]
2026.01.29 06:45:00;VETO;authorization denied: outside session window (server hour 06, window 12-20)
2026.01.29 07:00:00;VETO;authorization denied: outside session window (server hour 07, window 12-20)
2026.01.29 07:15:00;VETO;authorization denied: outside session window (server hour 07, window 12-20)
2026.01.29 07:30:00;VETO;outlier bar masked, z=3.8
2026.01.29 07:45:00;VETO;authorization denied: outside session window (server hour 07, window 12-20)
2026.01.29 08:15:00;DECISION;setup LONG score=0.90 entry=5569.62 inv=5516.27 tgt=0.00 AWAIT-RETEST [BOS long lvl=5564.55|RelVol=1.48|Retest@5569.62|VPnode d=9.22|VWAPside|ADX=36|RSI=70]
2026.01.29 09:00:00;VETO;authorization denied: outside session window (server hour 09, window 12-20)
2026.01.29 09:15:00;VETO;authorization denied: outside session window (server hour 09, window 12-20)
2026.01.29 09:30:00;VETO;authorization denied: outside session window (server hour 09, window 12-20)
2026.01.29 09:45:00;VETO;authorization denied: outside session window (server hour 09, window 12-20)
2026.01.29 10:45:00;VETO;outlier bar masked, z=4.1
2026.01.29 14:15:00;DECISION;setup LONG score=0.70 entry=5534.76 inv=5470.82 tgt=0.00 AWAIT-RETEST [CHoCH long lvl=5529.64|RelVol=1.45|Retest@5534.76|VPnear|VWAPside|CycleTurn w=-0.78<--0.94]
2026.01.29 14:15:00;DECISION;TP capped 127.87107 -> 95.90330 (3.0xATR)
2026.01.29 14:15:00;ORDER;limit BUY 0.01 @ 5534.76 sl=5470.82 tp=5630.66 rc=10009 [WT|CHOCH|0.70|RL]
2026.01.29 14:15:00;RISK;sizing: vol_ratio=0.84 scalar=1.00 gap_buf=10.23107 eff_stop=74.16661
2026.01.29 14:15:20;ORDER;entry fill deal #42 BUY 0.01 @ 5534.76000
2026.01.29 16:30:00;DECISION;setup LONG score=0.80 entry=5543.92 inv=5500.19 tgt=0.00 [BOS long lvl=5542.99|RelVol=1.51|VPnode d=7.88|VWAPside|RSI=57]
2026.01.29 16:30:00;DECISION;TP capped 87.54000 -> 65.65500 (3.0xATR)
2026.01.29 16:30:00;VETO;risk veto: max positions
2026.01.29 17:00:00;DECISION;setup SHORT score=0.80 entry=5494.39 inv=5542.99 tgt=0.00 AWAIT-RETEST [CHoCH short lvl=5500.19|RelVol=1.60|Retest@5494.39|VPnode d=7.81|VWAPside|RSI=43]
2026.01.29 17:00:00;VETO;retest limit risk veto: max positions
2026.01.29 17:01:40;RISK;deal closed pnl=-63.94 streak=1 lock=0
2026.01.29 17:15:00;VETO;outlier bar masked, z=10.4
2026.01.29 17:30:00;VETO;outlier bar masked, z=24.9
2026.01.29 17:45:00;VETO;outlier bar masked, z=12.7
2026.01.29 18:00:00;VETO;outlier bar masked, z=6.7
2026.01.29 18:15:00;VETO;outlier bar masked, z=7.9
2026.01.29 18:30:00;VETO;outlier bar masked, z=3.7
2026.01.29 18:45:00;VETO;outlier bar masked, z=4.1
2026.01.29 19:30:00;VETO;outlier bar masked, z=4.4
2026.01.29 23:00:00;DECISION;setup LONG score=0.70 entry=5371.57 inv=5282.73 tgt=0.00 AWAIT-RETEST [CHoCH long lvl=5362.06|RelVol=1.71|Retest@5371.57|VPnode d=21.03|RSI=56]
2026.01.30 01:00:00;VETO;authorization denied: outside session window (server hour 01, window 12-20)
2026.01.30 01:15:00;VETO;authorization denied: outside session window (server hour 01, window 12-20)
2026.01.30 01:30:00;VETO;authorization denied: outside session window (server hour 01, window 12-20)
2026.01.30 01:45:00;VETO;authorization denied: outside session window (server hour 01, window 12-20)
2026.01.30 03:15:00;VETO;outlier bar masked, z=5.1
2026.01.30 04:15:00;VETO;outlier bar masked, z=5.5
2026.01.30 04:30:00;VETO;outlier bar masked, z=4.6
2026.01.30 04:45:00;VETO;outlier bar masked, z=3.8
2026.01.30 07:45:00;VETO;signal rejected: score 0.40 < 0.55 [CHoCH long lvl=5230.78|RelVol=1.13|Retest@5239.97|VPnear]
2026.01.30 09:45:00;DECISION;setup SHORT score=0.65 entry=5143.07 inv=5241.39 tgt=0.00 AWAIT-RETEST [CHoCH short lvl=5151.34|RelVol=2.26|Retest@5143.07|VPnear|VWAPside|RSI=36]
2026.01.30 10:00:00;VETO;authorization denied: outside session window (server hour 10, window 12-20)
2026.01.30 10:15:00;VETO;authorization denied: outside session window (server hour 10, window 12-20)
2026.01.30 10:30:00;VETO;authorization denied: outside session window (server hour 10, window 12-20)
2026.01.30 10:45:00;VETO;outlier bar masked, z=3.7
2026.01.30 11:00:00;VETO;authorization denied: outside session window (server hour 11, window 12-20)
2026.01.30 11:15:00;VETO;outlier bar masked, z=4.8
2026.01.30 15:00:00;DECISION;setup SHORT score=1.00 entry=5064.54 inv=5145.74 tgt=0.00 [BOS short lvl=5090.11|RelVol=1.56|VPnode d=13.14|VWAPside|CycleTurn w=0.98<-0.99|RSI=40]
2026.01.30 15:00:00;DECISION;TP capped 162.40000 -> 138.08143 (3.0xATR)
2026.01.30 15:00:00;VETO;risk veto: size 0.00 < broker min 0.01 (risk too small for stop)
2026.01.30 19:15:00;DECISION;setup SHORT score=0.75 entry=4967.16 inv=5073.84 tgt=0.00 AWAIT-RETEST [BOS short lvl=4980.60|RelVol=1.62|Retest@4967.16|VPnear|VWAPside|ADX=31|RSI=29]
2026.01.30 19:15:00;VETO;retest limit risk veto: size 0.00 < broker min 0.01 (risk too small for stop)
2026.01.30 20:30:00;VETO;outlier bar masked, z=4.3
2026.01.30 21:00:00;VETO;outlier bar masked, z=4.1
2026.02.02 01:15:00;VETO;outlier bar masked, z=7.2
2026.02.02 03:15:00;VETO;outlier bar masked, z=7.0
2026.02.02 07:45:00;DECISION;setup SHORT score=0.85 entry=4575.94 inv=4713.46 tgt=0.00 [BOS short lvl=4603.84|RelVol=1.98|VPnear|VWAPside|CycleTurn w=0.95<-0.97|RSI=31]
2026.02.02 07:45:00;VETO;authorization denied: outside session window (server hour 07, window 12-20)
2026.02.02 08:00:00;VETO;authorization denied: outside session window (server hour 08, window 12-20)
2026.02.02 08:15:00;VETO;authorization denied: outside session window (server hour 08, window 12-20)
2026.02.02 08:30:00;VETO;authorization denied: outside session window (server hour 08, window 12-20)
2026.02.02 12:00:00;DECISION;setup LONG score=0.80 entry=4727.88 inv=4402.14 tgt=0.00 AWAIT-RETEST [CHoCH long lvl=4713.46|RelVol=1.71|Retest@4727.88|VPnode d=10.18|VWAPside|RSI=62]
2026.02.02 12:00:00;VETO;retest limit risk veto: size 0.00 < broker min 0.01 (risk too small for stop)
2026.02.02 12:15:00;DECISION;TP capped 656.54000 -> 492.40500 (3.0xATR)
2026.02.02 12:15:00;VETO;risk veto: size 0.00 < broker min 0.01 (risk too small for stop)
2026.02.02 13:15:00;DECISION;setup LONG score=0.80 entry=4749.18 inv=4402.14 tgt=0.00 [BOS long lvl=4734.09|RelVol=1.56|VPnode d=22.02|VWAPside|RSI=63]
2026.02.02 13:15:00;DECISION;TP capped 694.16000 -> 520.62000 (3.0xATR)
2026.02.02 13:15:00;VETO;risk veto: size 0.00 < broker min 0.01 (risk too small for stop)
2026.02.02 18:00:00;DECISION;setup SHORT score=0.80 entry=4655.37 inv=4794.23 tgt=0.00 AWAIT-RETEST [CHoCH short lvl=4669.45|RelVol=1.33|Retest@4655.37|VPnode d=13.37|VWAPside|RSI=36]
2026.02.02 18:00:00;VETO;retest limit risk veto: size 0.00 < broker min 0.01 (risk too small for stop)
2026.02.02 18:15:00;DECISION;TP capped 194.12000 -> 186.23571 (3.0xATR)
2026.02.02 18:15:00;VETO;risk veto: size 0.00 < broker min 0.01 (risk too small for stop)
2026.02.03 01:15:00;DECISION;setup LONG score=0.80 entry=4721.50 inv=4643.83 tgt=0.00 AWAIT-RETEST [CHoCH long lvl=4712.85|RelVol=1.48|Retest@4721.50|VPnode d=0.90|VWAPside|RSI=57]
2026.02.03 01:30:00;VETO;authorization denied: outside session window (server hour 01, window 12-20)
2026.02.03 01:45:00;VETO;authorization denied: outside session window (server hour 01, window 12-20)
2026.02.03 02:00:00;VETO;authorization denied: outside session window (server hour 02, window 12-20)
2026.02.03 02:15:00;VETO;authorization denied: outside session window (server hour 02, window 12-20)
2026.02.03 04:45:00;DECISION;setup SHORT score=0.85 entry=4756.78 inv=4856.59 tgt=0.00 AWAIT-RETEST [CHoCH short lvl=4766.57|RelVol=1.62|Retest@4756.78|VPnode d=17.82|VWAPside|CycleTurn w=0.54<-0.91]
2026.02.03 05:00:00;VETO;authorization denied: outside session window (server hour 05, window 12-20)
2026.02.03 05:15:00;VETO;authorization denied: outside session window (server hour 05, window 12-20)
2026.02.03 05:30:00;VETO;authorization denied: outside session window (server hour 05, window 12-20)
2026.02.03 05:45:00;VETO;authorization denied: outside session window (server hour 05, window 12-20)
2026.02.03 08:30:00;DECISION;setup LONG score=0.85 entry=4862.81 inv=4745.49 tgt=0.00 AWAIT-RETEST [CHoCH long lvl=4856.59|RelVol=1.68|Retest@4862.81|VPnear|VWAPside|CycleTurn w=0.35<--0.84|RSI=66]
2026.02.03 15:45:00;DECISION;setup LONG score=1.00 entry=4941.67 inv=4892.40 tgt=0.00 [BOS long lvl=4936.29|RelVol=1.31|VPnode d=3.13|VWAPside|CycleTurn w=-0.92<--0.98|RSI=63]
2026.02.03 15:45:00;DECISION;TP capped 98.62000 -> 73.96500 (3.0xATR)
2026.02.03 15:45:00;ORDER;filled BUY 0.01 lots sl=4892.40 tp=5015.68 [WT|BOS|1.00]
2026.02.03 15:45:00;RISK;sizing: vol_ratio=0.59 scalar=1.00 gap_buf=10.11893 eff_stop=59.42893
2026.02.03 15:45:00;ORDER;entry fill deal #44 BUY 0.01 @ 4941.71000
2026.02.03 18:30:00;DECISION;setup LONG score=1.00 entry=4955.14 inv=4893.75 tgt=0.00 AWAIT-RETEST [BOS long lvl=4948.56|RelVol=1.39|Retest@4955.14|VPnode d=4.14|VWAPside|CycleTurn w=-0.74<--0.97|ADX=31|RSI=69]
2026.02.03 18:30:00;VETO;retest limit risk veto: max positions
2026.02.03 18:38:40;MANAGE;#44 SL 4892.40 -> 4941.75 breakeven
2026.02.03 19:00:00;DECISION;TP capped 123.64000 -> 92.73000 (3.0xATR)
2026.02.03 19:00:00;VETO;risk veto: max positions
2026.02.03 19:08:40;RISK;deal closed pnl=0.04 streak=0 lock=0
2026.02.03 22:45:00;DECISION;setup LONG score=0.85 entry=4951.73 inv=4880.86 tgt=0.00 [BOS long lvl=4948.85|RelVol=1.07|VPnear|VWAPside|CycleTurn w=-0.58<--0.93|RSI=57]
2026.02.03 22:45:00;VETO;authorization denied: outside session window (server hour 22, window 12-20)
2026.02.03 23:00:00;VETO;authorization denied: outside session window (server hour 23, window 12-20)
2026.02.03 23:15:00;VETO;authorization denied: outside session window (server hour 23, window 12-20)
2026.02.03 23:30:00;VETO;authorization denied: outside session window (server hour 23, window 12-20)
2026.02.04 02:15:00;DECISION;setup LONG score=0.85 entry=4986.97 inv=4910.22 tgt=0.00 [BOS long lvl=4972.25|RelVol=1.57|VPnear|VWAPside|CycleTurn w=-0.64<--0.98|RSI=64]
2026.02.04 02:15:00;VETO;authorization denied: outside session window (server hour 02, window 12-20)
2026.02.04 02:30:00;VETO;authorization denied: outside session window (server hour 02, window 12-20)
2026.02.04 02:45:00;VETO;authorization denied: outside session window (server hour 02, window 12-20)
2026.02.04 03:00:00;VETO;authorization denied: outside session window (server hour 03, window 12-20)
2026.02.04 03:15:00;VETO;outlier bar masked, z=3.9
2026.02.04 06:00:00;VETO;signal rejected: volume: relVol 0.82 < 1.00
2026.02.04 12:30:00;DECISION;setup SHORT score=0.70 entry=5046.72 inv=5091.94 tgt=0.00 AWAIT-RETEST [CHoCH short lvl=5051.10|RelVol=1.33|Retest@5046.72|VPnode d=8.92|RSI=42]
2026.02.04 12:30:00;DECISION;TP capped 90.43179 -> 67.82384 (3.0xATR)
2026.02.04 12:30:00;ORDER;limit SELL 0.01 @ 5046.72 sl=5091.94 tp=4978.90 rc=10009 [WT|CHOCH|0.70|RL]
2026.02.04 12:30:00;RISK;sizing: vol_ratio=0.75 scalar=1.00 gap_buf=8.75179 eff_stop=53.96768
2026.02.04 12:30:40;ORDER;entry fill deal #46 SELL 0.01 @ 5046.72000
2026.02.04 13:30:00;DECISION;setup SHORT score=0.90 entry=5037.50 inv=5091.94 tgt=0.00 AWAIT-RETEST [BOS short lvl=5041.77|RelVol=1.87|Retest@5037.50|VPnode d=0.10|VWAPside|ADX=48|RSI=37]
2026.02.04 13:30:00;VETO;retest limit risk veto: max positions
2026.02.04 13:45:00;DECISION;TP capped 119.08000 -> 89.31000 (3.0xATR)
2026.02.04 13:45:00;VETO;risk veto: max positions
2026.02.04 16:37:40;MANAGE;#46 SL 5091.94 -> 5046.68 breakeven
2026.02.04 16:37:59;MANAGE;#46 SL 5046.68 -> 5040.30 trail
2026.02.04 16:38:40;RISK;deal closed pnl=67.82 streak=0 lock=0
2026.02.04 16:45:00;VETO;outlier bar masked, z=5.8
2026.02.04 17:45:00;VETO;outlier bar masked, z=5.6
2026.02.04 23:30:00;VETO;signal rejected: volume: relVol 0.42 < 1.00
2026.02.05 03:15:00;DECISION;setup SHORT score=0.85 entry=4992.12 inv=5023.80 tgt=0.00 AWAIT-RETEST [CHoCH short lvl=4997.13|RelVol=1.28|Retest@4992.12|VPnode d=11.68|VWAPside|CycleTurn w=0.96<-0.99]
2026.02.05 04:15:00;VETO;outlier bar masked, z=4.2
2026.02.05 05:00:00;VETO;outlier bar masked, z=7.9
2026.02.05 05:15:00;VETO;outlier bar masked, z=5.2
2026.02.05 05:30:00;VETO;outlier bar masked, z=3.6
2026.02.05 07:45:00;VETO;outlier bar masked, z=3.8
2026.02.05 08:00:00;DECISION;setup LONG score=0.60 entry=4899.53 inv=4788.86 tgt=0.00 AWAIT-RETEST [CHoCH long lvl=4891.14|RelVol=1.68|Retest@4899.53|VPnear|CycleTurn w=0.33<--0.75]
2026.02.05 08:15:00;VETO;authorization denied: outside session window (server hour 08, window 12-20)
2026.02.05 08:30:00;VETO;authorization denied: outside session window (server hour 08, window 12-20)
2026.02.05 08:45:00;VETO;authorization denied: outside session window (server hour 08, window 12-20)
2026.02.05 09:00:00;VETO;authorization denied: outside session window (server hour 09, window 12-20)
2026.02.05 11:15:00;DECISION;setup SHORT score=0.85 entry=4889.14 inv=4943.62 tgt=0.00 AWAIT-RETEST [CHoCH short lvl=4895.99|RelVol=1.97|Retest@4889.14|VPnear|VWAPside|CycleTurn w=0.87<-0.99|RSI=39]
2026.02.05 11:45:00;VETO;authorization denied: outside session window (server hour 11, window 12-20)
2026.02.05 12:00:00;DECISION;TP capped 177.32000 -> 132.99000 (3.0xATR)
2026.02.05 12:00:00;VETO;risk veto: size 0.00 < broker min 0.01 (risk too small for stop)
2026.02.05 14:15:00;DECISION;setup SHORT score=1.00 entry=4840.19 inv=4894.57 tgt=0.00 [BOS short lvl=4847.78|RelVol=1.56|VPnode d=6.19|VWAPside|CycleTurn w=0.66<-0.93|RSI=38]
2026.02.05 14:15:00;DECISION;TP capped 108.82000 -> 82.24500 (3.0xATR)
2026.02.05 14:15:00;ORDER;filled SELL 0.01 lots sl=4894.57 tp=4757.91 [WT|BOS|1.00]
2026.02.05 14:15:00;RISK;sizing: vol_ratio=0.92 scalar=1.00 gap_buf=13.70750 eff_stop=68.11750
2026.02.05 14:15:00;ORDER;entry fill deal #48 SELL 0.01 @ 4840.16000
2026.02.05 18:45:00;DECISION;setup LONG score=0.90 entry=4878.97 inv=4800.53 tgt=0.00 AWAIT-RETEST [CHoCH long lvl=4869.99|RelVol=1.42|Retest@4878.97|VPnode d=21.87|CycleTurn w=0.37<--0.78|RSI=57]
2026.02.05 18:45:00;VETO;retest limit risk veto: max positions
2026.02.05 18:50:40;RISK;deal closed pnl=-54.41 streak=1 lock=0
2026.02.05 19:00:00;DECISION;TP capped 176.92000 -> 132.69000 (3.0xATR)
2026.02.05 19:00:00;VETO;risk veto: size 0.00 < broker min 0.01 (risk too small for stop)
2026.02.05 23:45:00;DECISION;setup SHORT score=0.80 entry=4794.55 inv=4906.91 tgt=0.00 AWAIT-RETEST [CHoCH short lvl=4800.53|RelVol=2.08|Retest@4794.55|VPnode d=10.25|VWAPside|RSI=25]
2026.02.06 02:30:00;VETO;outlier bar masked, z=4.9
2026.02.06 03:15:00;VETO;outlier bar masked, z=4.0
2026.02.06 04:00:00;DECISION;setup LONG score=0.65 entry=4773.27 inv=4655.27 tgt=0.00 AWAIT-RETEST [CHoCH long lvl=4764.68|RelVol=1.48|Retest@4773.27|VPnode d=12.07|VWAPside]
2026.02.06 04:15:00;VETO;authorization denied: outside session window (server hour 04, window 12-20)
2026.02.06 04:30:00;VETO;authorization denied: outside session window (server hour 04, window 12-20)
2026.02.06 04:45:00;VETO;authorization denied: outside session window (server hour 04, window 12-20)
2026.02.06 05:00:00;VETO;authorization denied: outside session window (server hour 05, window 12-20)
2026.02.06 07:30:00;DECISION;setup LONG score=0.80 entry=4852.14 inv=4801.20 tgt=0.00 [BOS long lvl=4846.61|RelVol=1.26|VPnode d=3.74|VWAPside|RSI=63]
2026.02.06 07:30:00;VETO;authorization denied: outside session window (server hour 07, window 12-20)
2026.02.06 07:45:00;VETO;authorization denied: outside session window (server hour 07, window 12-20)
2026.02.06 08:00:00;VETO;authorization denied: outside session window (server hour 08, window 12-20)
2026.02.06 08:15:00;VETO;authorization denied: outside session window (server hour 08, window 12-20)
2026.02.06 13:15:00;DECISION;setup LONG score=0.85 entry=4884.47 inv=4851.76 tgt=0.00 [BOS long lvl=4882.36|RelVol=1.11|VPnear|VWAPside|CycleTurn w=-0.02<--0.86|RSI=60]
2026.02.06 13:15:00;DECISION;TP capped 65.50000 -> 61.91786 (3.0xATR)
2026.02.06 13:15:00;ORDER;filled BUY 0.02 lots sl=4851.76 tp=4946.43 [WT|BOS|0.85]
2026.02.06 13:15:00;RISK;sizing: vol_ratio=0.72 scalar=1.00 gap_buf=10.31964 eff_stop=43.06964
2026.02.06 13:15:00;ORDER;entry fill deal #50 BUY 0.02 @ 4884.51000
2026.02.06 15:01:40;MANAGE;#50 SL 4851.76 -> 4884.55 breakeven
2026.02.06 15:01:40;MANAGE;#50 partial close 0.01 of 0.02 lots
2026.02.06 15:01:40;RISK;deal closed pnl=40.63 streak=0 lock=0
2026.02.06 15:01:59;MANAGE;#50 SL 4884.55 -> 4889.34 trail
2026.02.06 15:04:40;MANAGE;#50 SL 4889.34 -> 4891.47 trail
2026.02.06 15:05:20;MANAGE;#50 SL 4891.47 -> 4892.60 trail
2026.02.06 15:15:00;DECISION;setup LONG score=0.80 entry=4909.63 inv=4871.88 tgt=0.00 [BOS long lvl=4903.49|RelVol=1.42|VPnode d=6.03|VWAPside|RSI=64]
2026.02.06 15:15:00;DECISION;TP capped 75.58000 -> 56.68500 (3.0xATR)
2026.02.06 15:15:00;VETO;risk veto: max positions
2026.02.06 15:38:40;MANAGE;#50 SL 4892.60 -> 4899.07 trail
2026.02.06 15:39:20;MANAGE;#50 SL 4899.07 -> 4900.08 trail
2026.02.06 15:42:40;MANAGE;#50 SL 4900.08 -> 4900.61 trail
2026.02.06 16:25:40;RISK;deal closed pnl=16.10 streak=0 lock=0
2026.02.06 17:00:00;DECISION;setup LONG score=0.90 entry=4948.12 inv=4871.88 tgt=0.00 [BOS long lvl=4938.44|RelVol=1.04|VPnode d=1.88|VWAPside|ADX=32|RSI=68]
2026.02.06 17:00:00;DECISION;TP capped 152.52000 -> 114.39000 (3.0xATR)
2026.02.06 17:00:00;ORDER;filled BUY 0.01 lots sl=4871.88 tp=5062.53 [WT|BOS|0.90]
2026.02.06 17:00:00;RISK;sizing: vol_ratio=0.82 scalar=1.00 gap_buf=11.48071 eff_stop=87.74071
2026.02.06 17:00:00;ORDER;entry fill deal #53 BUY 0.01 @ 4948.14000
2026.02.06 20:15:00;VETO;signal rejected: volume: relVol 0.98 < 1.00
2026.02.06 22:00:00;RISK;FLATTEN ALL: Friday flatten: weekend gap protection
2026.02.06 22:00:00;RISK;deal closed pnl=9.06 streak=0 lock=0
2026.02.09 01:15:00;DECISION;setup LONG score=1.00 entry=4979.93 inv=4936.61 tgt=0.00 [BOS long lvl=4971.48|RelVol=1.06|VPnode d=5.27|VWAPside|CycleTurn w=-0.90<--0.97|RSI=67]
2026.02.09 01:15:00;VETO;authorization denied: outside session window (server hour 01, window 12-20)
2026.02.09 01:30:00;VETO;authorization denied: outside session window (server hour 01, window 12-20)
2026.02.09 01:45:00;VETO;authorization denied: outside session window (server hour 01, window 12-20)
2026.02.09 02:00:00;VETO;authorization denied: outside session window (server hour 02, window 12-20)
2026.02.09 07:45:00;DECISION;setup LONG score=1.00 entry=5034.42 inv=5007.56 tgt=0.00 [BOS long lvl=5031.53|RelVol=1.07|VPnode d=8.78|VWAPside|CycleTurn w=-0.96<--1.00|RSI=64]
2026.02.09 07:45:00;VETO;authorization denied: outside session window (server hour 07, window 12-20)
2026.02.09 08:00:00;VETO;authorization denied: outside session window (server hour 08, window 12-20)
2026.02.09 08:15:00;VETO;authorization denied: outside session window (server hour 08, window 12-20)
2026.02.09 08:30:00;VETO;authorization denied: outside session window (server hour 08, window 12-20)
2026.02.09 10:00:00;VETO;signal rejected: volume: relVol 0.96 < 1.00
2026.02.09 12:30:00;DECISION;setup SHORT score=0.65 entry=4991.09 inv=5041.01 tgt=0.00 [BOS short lvl=4997.68|RelVol=1.21|VPnear|VWAPside|RSI=37]
2026.02.09 12:30:00;DECISION;TP capped 99.84000 -> 74.88000 (3.0xATR)
2026.02.09 12:30:00;ORDER;filled SELL 0.01 lots sl=5041.01 tp=4916.21 [WT|BOS|0.65]
2026.02.09 12:30:00;RISK;sizing: vol_ratio=0.85 scalar=1.00 gap_buf=7.72571 eff_stop=57.64571
2026.02.09 12:30:00;ORDER;entry fill deal #55 SELL 0.01 @ 4991.09000
2026.02.09 16:45:00;DECISION;setup LONG score=1.00 entry=5028.47 inv=4995.11 tgt=0.00 AWAIT-RETEST [CHoCH long lvl=5024.84|RelVol=1.04|Retest@5028.47|VPnode d=7.93|VWAPside|CycleTurn w=0.33<--0.76|RSI=63]
2026.02.09 16:45:00;VETO;retest limit risk veto: max positions
2026.02.09 17:01:40;RISK;deal closed pnl=-49.92 streak=1 lock=0
2026.02.09 17:30:00;DECISION;TP capped 76.52000 -> 57.39000 (3.0xATR)
2026.02.09 17:30:00;ORDER;filled BUY 0.02 lots sl=4995.11 tp=5090.76 [WT|CHOCH|1.00]
2026.02.09 17:30:00;RISK;sizing: vol_ratio=0.84 scalar=1.00 gap_buf=7.20893 eff_stop=45.46893
2026.02.09 17:30:00;ORDER;entry fill deal #57 BUY 0.02 @ 5033.37000
2026.02.09 18:22:40;MANAGE;#57 SL 4995.11 -> 5033.41 breakeven
2026.02.09 18:22:40;MANAGE;#57 partial close 0.01 of 0.02 lots
2026.02.09 18:22:40;RISK;deal closed pnl=40.93 streak=0 lock=0
2026.02.09 18:22:59;MANAGE;#57 SL 5033.41 -> 5043.39 trail
2026.02.09 18:23:40;MANAGE;#57 SL 5043.39 -> 5044.16 trail
2026.02.09 18:25:40;MANAGE;#57 SL 5044.16 -> 5048.82 trail
2026.02.09 18:26:20;MANAGE;#57 SL 5048.82 -> 5049.22 trail
2026.02.09 18:45:40;MANAGE;#57 SL 5049.22 -> 5050.18 trail
2026.02.09 19:51:40;RISK;deal closed pnl=16.81 streak=0 lock=0
2026.02.10 01:15:00;VETO;outlier bar masked, z=15.1
2026.02.10 04:45:00;VETO;signal rejected: volume: relVol 0.70 < 1.00
2026.02.10 10:45:00;VETO;signal rejected: volume: relVol 0.73 < 1.00
2026.02.10 14:45:00;VETO;signal rejected: volume: relVol 0.85 < 1.00
2026.02.10 16:30:00;VETO;signal rejected: volume: relVol 0.96 < 1.00
2026.02.10 17:00:00;VETO;outlier bar masked, z=4.7
2026.02.10 17:45:00;VETO;outlier bar masked, z=5.4
2026.02.11 01:30:00;VETO;signal rejected: volume: relVol 0.82 < 1.00
2026.02.11 04:00:00;VETO;signal rejected: volume: relVol 0.66 < 1.00
2026.02.11 07:45:00;VETO;signal rejected: volume: relVol 0.61 < 1.00
2026.02.11 09:00:00;VETO;signal rejected: volume: relVol 0.78 < 1.00
2026.02.11 12:30:00;DECISION;setup LONG score=0.85 entry=5071.38 inv=5045.91 tgt=0.00 [BOS long lvl=5069.39|RelVol=1.06|VPnear|VWAPside|CycleTurn w=0.79<-0.02|RSI=65]
2026.02.11 12:30:00;DECISION;TP capped 51.02000 -> 38.26500 (3.0xATR)
2026.02.11 12:30:00;ORDER;filled BUY 0.03 lots sl=5045.91 tp=5109.69 [WT|BOS|0.85]
2026.02.11 12:30:00;RISK;sizing: vol_ratio=0.73 scalar=1.00 gap_buf=4.32071 eff_stop=29.83071
2026.02.11 12:30:00;ORDER;entry fill deal #60 BUY 0.03 @ 5071.42000
2026.02.11 12:44:40;MANAGE;#60 SL 5045.91 -> 5071.46 breakeven
2026.02.11 12:44:40;MANAGE;#60 partial close 0.01 of 0.03 lots
2026.02.11 12:44:40;RISK;deal closed pnl=29.19 streak=0 lock=0
2026.02.11 12:44:59;MANAGE;#60 SL 5071.46 -> 5082.81 trail
2026.02.11 12:45:00;VETO;outlier bar masked, z=4.5
2026.02.11 13:03:40;RISK;deal closed pnl=22.78 streak=0 lock=0
2026.02.11 14:45:00;VETO;outlier bar masked, z=7.4
2026.02.11 15:45:00;VETO;outlier bar masked, z=10.1
2026.02.11 16:45:00;VETO;outlier bar masked, z=5.2
2026.02.12 01:15:00;VETO;outlier bar masked, z=6.9
2026.02.12 03:15:00;VETO;signal rejected: volume: relVol 0.73 < 1.00
2026.02.12 11:15:00;VETO;signal rejected: volume: relVol 0.74 < 1.00
2026.02.12 15:00:00;VETO;signal rejected: volume: relVol 0.93 < 1.00
2026.02.12 17:00:00;VETO;signal rejected: volume: relVol 0.95 < 1.00
2026.02.12 18:15:00;VETO;outlier bar masked, z=20.6
2026.02.12 18:30:00;VETO;outlier bar masked, z=14.4
2026.02.12 18:45:00;VETO;outlier bar masked, z=12.1
2026.02.12 19:00:00;VETO;outlier bar masked, z=3.9
2026.02.12 20:00:00;VETO;outlier bar masked, z=3.9
2026.02.13 01:15:00;VETO;outlier bar masked, z=6.2
2026.02.13 02:15:00;VETO;outlier bar masked, z=3.9
2026.02.13 03:15:00;VETO;outlier bar masked, z=4.7
2026.02.13 07:45:00;VETO;signal rejected: volume: relVol 0.79 < 1.00
2026.02.13 13:00:00;VETO;signal rejected: volume: relVol 0.86 < 1.00
2026.02.13 15:45:00;DECISION;setup LONG score=0.80 entry=4984.51 inv=4933.76 tgt=0.00 AWAIT-RETEST [CHoCH long lvl=4980.79|RelVol=1.30|Retest@4984.51|VPnode d=3.89|VWAPside|RSI=61]
2026.02.13 15:45:00;DECISION;TP capped 101.50607 -> 76.12955 (3.0xATR)
2026.02.13 15:45:00;ERROR;limit BUY 0.01 @ 4984.51 sl=4933.76 tp=5060.64 rc=10015 [WT|CHOCH|0.80|RL]
2026.02.13 16:00:00;DECISION;TP capped 106.84000 -> 80.13000 (3.0xATR)
2026.02.13 16:00:00;ORDER;filled BUY 0.01 lots sl=4933.76 tp=5067.31 [WT|CHOCH|0.80]
2026.02.13 16:00:00;RISK;sizing: vol_ratio=0.85 scalar=1.00 gap_buf=7.67429 eff_stop=61.09429
2026.02.13 16:00:00;ORDER;entry fill deal #63 BUY 0.01 @ 4987.18000
2026.02.13 16:45:00;VETO;outlier bar masked, z=6.0
2026.02.13 18:00:00;VETO;outlier bar masked, z=3.6
2026.02.13 18:30:00;VETO;outlier bar masked, z=3.7
2026.02.13 21:07:40;MANAGE;#63 SL 4933.76 -> 4987.22 breakeven
2026.02.13 21:07:59;MANAGE;#63 SL 4987.22 -> 5010.91 trail
2026.02.13 21:08:20;MANAGE;#63 SL 5010.91 -> 5011.45 trail
2026.02.13 21:09:40;MANAGE;#63 SL 5011.45 -> 5012.47 trail
2026.02.13 21:10:20;MANAGE;#63 SL 5012.47 -> 5012.73 trail
2026.02.13 21:15:00;VETO;signal rejected: volume: relVol 0.81 < 1.00
2026.02.13 21:30:40;MANAGE;#63 SL 5012.73 -> 5013.52 trail
2026.02.13 22:00:00;RISK;FLATTEN ALL: Friday flatten: weekend gap protection
2026.02.13 22:00:00;RISK;deal closed pnl=36.43 streak=0 lock=0
2026.02.16 01:15:00;VETO;outlier bar masked, z=4.0
2026.02.16 01:45:00;VETO;signal rejected: volume: relVol 0.70 < 1.00
2026.02.16 04:45:00;VETO;signal rejected: volume: relVol 0.56 < 1.00
2026.02.16 10:00:00;VETO;signal rejected: volume: relVol 0.79 < 1.00
2026.02.16 11:30:00;VETO;signal rejected: volume: relVol 0.50 < 1.00
2026.02.16 14:15:00;VETO;signal rejected: volume: relVol 0.46 < 1.00
2026.02.16 16:30:00;VETO;signal rejected: volume: relVol 0.48 < 1.00
2026.02.17 02:15:00;VETO;signal rejected: volume: relVol 0.67 < 1.00
2026.02.17 03:00:00;VETO;outlier bar masked, z=8.1
2026.02.17 03:15:00;VETO;outlier bar masked, z=5.4
2026.02.17 07:15:00;VETO;outlier bar masked, z=5.4
2026.02.17 07:30:00;VETO;outlier bar masked, z=8.8
2026.02.17 07:45:00;VETO;outlier bar masked, z=9.7
2026.02.17 08:00:00;VETO;outlier bar masked, z=4.5
2026.02.17 08:45:00;VETO;outlier bar masked, z=3.9
2026.02.17 12:15:00;VETO;signal rejected: volume: relVol 0.77 < 1.00
2026.02.17 13:00:00;DECISION;setup SHORT score=0.85 entry=4910.61 inv=4939.46 tgt=0.00 AWAIT-RETEST [CHoCH short lvl=4913.41|RelVol=1.11|Retest@4910.61|VPnear|VWAPside|CycleTurn w=0.99<-1.00|RSI=42]
2026.02.17 13:00:00;DECISION;TP capped 57.69393 -> 43.27045 (3.0xATR)
2026.02.17 13:00:00;ERROR;limit SELL 0.02 @ 4910.61 sl=4939.46 tp=4867.34 rc=10015 [WT|CHOCH|0.85|RL]
2026.02.17 13:15:00;ORDER;filled SELL 0.05 lots sl=4939.46 tp=4899.86 [WT|CHOCH|0.85]
2026.02.17 13:15:00;RISK;sizing: vol_ratio=1.06 scalar=1.00 gap_buf=5.47071 eff_stop=18.67071
2026.02.17 13:15:00;ORDER;entry fill deal #65 SELL 0.05 @ 4926.26000
2026.02.17 14:15:40;RISK;deal closed pnl=-66.00 streak=1 lock=0
2026.02.17 14:30:00;VETO;signal rejected: volume: relVol 0.83 < 1.00
2026.02.17 16:00:00;VETO;outlier bar masked, z=11.5
2026.02.17 16:15:00;VETO;outlier bar masked, z=12.5
2026.02.17 16:45:00;VETO;outlier bar masked, z=6.9
2026.02.17 21:00:00;DECISION;setup LONG score=0.55 entry=4897.68 inv=4850.16 tgt=0.00 AWAIT-RETEST [CHoCH long lvl=4893.65|RelVol=1.17|Retest@4897.68|VPnear|RSI=56]
2026.02.17 21:15:00;VETO;authorization denied: outside session window (server hour 21, window 12-20)
2026.02.17 21:30:00;VETO;authorization denied: outside session window (server hour 21, window 12-20)
2026.02.17 21:45:00;VETO;authorization denied: outside session window (server hour 21, window 12-20)
2026.02.17 22:00:00;VETO;authorization denied: outside session window (server hour 22, window 12-20)
2026.02.18 02:00:00;VETO;signal rejected: volume: relVol 0.92 < 1.00
2026.02.18 03:15:00;VETO;signal rejected: volume: relVol 0.56 < 1.00
2026.02.18 10:45:00;VETO;signal rejected: volume: relVol 0.51 < 1.00
2026.02.18 12:45:00;VETO;signal rejected: volume: relVol 0.94 < 1.00
2026.02.18 14:45:00;VETO;signal rejected: volume: relVol 0.84 < 1.00
2026.02.18 16:45:00;VETO;outlier bar masked, z=4.2
2026.02.18 20:30:00;VETO;signal rejected: volume: relVol 0.65 < 1.00
2026.02.19 01:15:00;VETO;outlier bar masked, z=4.8
2026.02.19 06:00:00;VETO;signal rejected: volume: relVol 0.62 < 1.00
2026.02.19 11:30:00;VETO;outlier bar masked, z=5.1
2026.02.19 15:45:00;VETO;outlier bar masked, z=4.7
2026.02.19 16:15:00;VETO;outlier bar masked, z=4.5
2026.02.19 16:45:00;VETO;outlier bar masked, z=6.3
2026.02.19 17:00:00;VETO;outlier bar masked, z=4.0
2026.02.20 02:00:00;VETO;signal rejected: volume: relVol 0.55 < 1.00
2026.02.20 03:15:00;VETO;signal rejected: volume: relVol 0.54 < 1.00
2026.02.20 05:30:00;VETO;signal rejected: volume: relVol 0.29 < 1.00
2026.02.20 08:15:00;VETO;signal rejected: volume: relVol 0.64 < 1.00
2026.02.20 11:15:00;VETO;signal rejected: volume: relVol 0.85 < 1.00
2026.02.20 14:00:00;VETO;signal rejected: score 0.40 < 0.55 [CHoCH short lvl=5019.64|RelVol=1.07|Retest@5017.36|VPnear]
2026.02.20 16:00:00;VETO;signal rejected: volume: relVol 0.94 < 1.00
2026.02.20 17:15:00;VETO;outlier bar masked, z=17.4
2026.02.20 17:30:00;VETO;outlier bar masked, z=6.3
2026.02.20 17:45:00;VETO;outlier bar masked, z=5.2
2026.02.20 19:00:00;VETO;signal rejected: volume: relVol 0.77 < 1.00
2026.02.20 22:00:00;VETO;signal rejected: volume: relVol 0.64 < 1.00
2026.02.23 01:15:00;VETO;outlier bar masked, z=9.5
2026.02.23 02:15:00;VETO;outlier bar masked, z=6.1
2026.02.23 02:30:00;VETO;outlier bar masked, z=3.6
2026.02.23 04:45:00;VETO;signal rejected: volume: relVol 0.71 < 1.00
2026.02.23 08:45:00;VETO;signal rejected: volume: relVol 0.74 < 1.00
2026.02.23 13:00:00;VETO;signal rejected: volume: relVol 0.91 < 1.00
2026.02.23 14:45:00;VETO;signal rejected: volume: relVol 0.87 < 1.00
2026.02.23 16:45:00;VETO;signal rejected: volume: relVol 0.88 < 1.00
2026.02.23 18:15:00;VETO;outlier bar masked, z=3.5
2026.02.23 21:45:00;VETO;signal rejected: volume: relVol 0.73 < 1.00
2026.02.24 01:15:00;VETO;outlier bar masked, z=3.5
2026.02.24 03:15:00;VETO;outlier bar masked, z=5.7
2026.02.24 03:30:00;VETO;outlier bar masked, z=6.4
2026.02.24 14:30:00;DECISION;setup SHORT score=1.00 entry=5161.62 inv=5181.47 tgt=0.00 [BOS short lvl=5163.25|RelVol=1.21|VPnode d=2.98|VWAPside|CycleTurn w=0.85<-0.99|RSI=38]
2026.02.24 14:30:00;DECISION;TP capped 39.70000 -> 29.77500 (3.0xATR)
2026.02.24 14:30:00;ORDER;filled SELL 0.04 lots sl=5181.47 tp=5131.84 [WT|BOS|1.00]
2026.02.24 14:30:00;RISK;sizing: vol_ratio=0.73 scalar=1.00 gap_buf=4.11571 eff_stop=23.96571
2026.02.24 14:30:00;ORDER;entry fill deal #67 SELL 0.04 @ 5161.62000
2026.02.24 15:39:40;MANAGE;#67 SL 5181.47 -> 5161.58 breakeven
2026.02.24 15:39:40;MANAGE;#67 partial close 0.02 of 0.04 lots
2026.02.24 15:39:40;RISK;deal closed pnl=56.42 streak=0 lock=0
2026.02.24 15:39:59;MANAGE;#67 SL 5161.58 -> 5156.89 trail
2026.02.24 15:40:20;MANAGE;#67 SL 5156.89 -> 5155.17 trail
2026.02.24 15:45:00;VETO;outlier bar masked, z=3.8
2026.02.24 15:48:40;RISK;deal closed pnl=59.54 streak=0 lock=0
2026.02.24 16:00:00;VETO;outlier bar masked, z=6.3
2026.02.24 16:15:00;VETO;outlier bar masked, z=5.8
2026.02.24 16:45:00;VETO;outlier bar masked, z=4.1
2026.02.24 19:15:00;VETO;signal rejected: volume: relVol 0.68 < 1.00
2026.02.24 22:45:00;VETO;signal rejected: volume: relVol 0.67 < 1.00
2026.02.25 01:00:00;VETO;signal rejected: volume: relVol 0.68 < 1.00
2026.02.25 01:15:00;VETO;outlier bar masked, z=3.8
2026.02.25 03:15:00;VETO;outlier bar masked, z=5.2
2026.02.25 07:30:00;VETO;signal rejected: volume: relVol 0.78 < 1.00
2026.02.25 12:30:00;DECISION;setup SHORT score=0.80 entry=5174.56 inv=5197.41 tgt=0.00 AWAIT-RETEST [CHoCH short lvl=5176.61|RelVol=1.38|Retest@5174.56|VPnode d=3.04|VWAPside|RSI=41]
2026.02.25 12:30:00;DECISION;TP capped 45.70571 -> 34.27929 (3.0xATR)
2026.02.25 12:30:00;ERROR;limit SELL 0.03 @ 5174.56 sl=5197.41 tp=5140.28 rc=10015 [WT|CHOCH|0.80|RL]
2026.02.25 12:45:00;DECISION;TP capped 40.54000 -> 30.40500 (3.0xATR)
2026.02.25 12:45:00;ORDER;filled SELL 0.04 lots sl=5197.41 tp=5146.74 [WT|CHOCH|0.80]
2026.02.25 12:45:00;RISK;sizing: vol_ratio=0.76 scalar=1.00 gap_buf=4.22750 eff_stop=24.49750
2026.02.25 12:45:00;ORDER;entry fill deal #70 SELL 0.04 @ 5177.14000
2026.02.25 13:16:40;MANAGE;#70 SL 5197.41 -> 5177.10 breakeven
2026.02.25 13:16:40;MANAGE;#70 partial close 0.02 of 0.04 lots
2026.02.25 13:16:40;RISK;deal closed pnl=41.46 streak=0 lock=0
2026.02.25 13:16:59;MANAGE;#70 SL 5177.10 -> 5174.89 trail
2026.02.25 13:17:20;MANAGE;#70 SL 5174.89 -> 5172.98 trail
2026.02.25 13:42:40;RISK;deal closed pnl=8.32 streak=0 lock=0
2026.02.25 16:45:00;VETO;outlier bar masked, z=3.6
2026.02.25 17:15:00;VETO;signal rejected: volume: relVol 0.88 < 1.00
2026.02.25 18:30:00;VETO;signal rejected: volume: relVol 0.63 < 1.00
2026.02.25 21:00:00;VETO;signal rejected: volume: relVol 0.47 < 1.00
2026.02.25 22:30:00;VETO;signal rejected: volume: relVol 0.97 < 1.00
2026.02.25 23:00:00;VETO;outlier bar masked, z=7.5
2026.02.26 01:15:00;VETO;outlier bar masked, z=3.9
2026.02.26 02:30:00;VETO;signal rejected: volume: relVol 0.74 < 1.00
2026.02.26 04:45:00;DECISION;setup SHORT score=0.85 entry=5175.59 inv=5198.32 tgt=0.00 AWAIT-RETEST [CHoCH short lvl=5178.81|RelVol=1.46|Retest@5175.59|VPnode d=1.81|VWAPside|CycleTurn w=0.94<-0.99]
2026.02.26 05:00:00;VETO;authorization denied: outside session window (server hour 05, window 12-20)
2026.02.26 05:15:00;VETO;authorization denied: outside session window (server hour 05, window 12-20)
2026.02.26 05:30:00;VETO;authorization denied: outside session window (server hour 05, window 12-20)
2026.02.26 05:45:00;VETO;authorization denied: outside session window (server hour 05, window 12-20)
2026.02.26 06:15:00;VETO;signal rejected: volume: relVol 0.66 < 1.00
2026.02.26 07:30:00;VETO;signal rejected: volume: relVol 0.84 < 1.00
2026.02.26 09:15:00;VETO;signal rejected: volume: relVol 0.74 < 1.00
2026.02.26 14:00:00;VETO;signal rejected: volume: relVol 0.92 < 1.00
2026.02.26 16:45:00;VETO;outlier bar masked, z=6.5
2026.02.26 17:30:00;VETO;outlier bar masked, z=5.2
2026.02.26 17:45:00;VETO;outlier bar masked, z=5.9
2026.02.27 03:17:00;VETO;signal rejected: volume: relVol 0.14 < 1.00
2026.02.27 07:30:00;VETO;signal rejected: volume: relVol 0.69 < 1.00
2026.02.27 09:30:00;VETO;signal rejected: volume: relVol 0.91 < 1.00
2026.02.27 12:30:00;VETO;signal rejected: volume: relVol 0.82 < 1.00
2026.02.27 14:00:00;VETO;signal rejected: volume: relVol 0.74 < 1.00
2026.02.27 15:15:00;VETO;outlier bar masked, z=6.1
2026.02.27 15:30:00;VETO;outlier bar masked, z=5.8
2026.02.27 15:45:00;VETO;outlier bar masked, z=5.9
2026.02.27 17:30:00;VETO;outlier bar masked, z=4.6
2026.02.27 18:15:00;DECISION;setup LONG score=0.65 entry=5243.63 inv=5183.06 tgt=0.00 AWAIT-RETEST [BOS long lvl=5240.60|RelVol=1.05|Retest@5243.63|VWAPside|ADX=45|RSI=73]
2026.02.27 18:15:00;DECISION;TP capped 121.14893 -> 90.86170 (3.0xATR)
2026.02.27 18:15:00;ORDER;limit BUY 0.01 @ 5243.63 sl=5183.06 tp=5334.50 rc=10009 [WT|BOS|0.65|RL]
2026.02.27 18:15:00;RISK;sizing: vol_ratio=1.74 scalar=1.00 gap_buf=9.18500 eff_stop=69.75946
2026.02.27 18:21:40;ORDER;entry fill deal #73 BUY 0.01 @ 5243.63000
2026.02.27 18:30:00;VETO;outlier bar masked, z=6.5
2026.02.27 22:00:00;RISK;FLATTEN ALL: Friday flatten: weekend gap protection
2026.02.27 22:00:00;RISK;deal closed pnl=6.42 streak=0 lock=0
2026.02.27 22:45:00;VETO;signal rejected: volume: relVol 0.91 < 1.00
2026.03.02 01:15:00;VETO;outlier bar masked, z=25.5
2026.03.02 01:45:00;VETO;outlier bar masked, z=9.0
2026.03.02 02:15:00;VETO;outlier bar masked, z=4.3
2026.03.02 02:30:00;VETO;outlier bar masked, z=5.1
2026.03.02 03:00:00;VETO;outlier bar masked, z=4.6
2026.03.02 03:15:00;VETO;outlier bar masked, z=5.9
2026.03.02 03:30:00;VETO;outlier bar masked, z=8.9
2026.03.02 03:45:00;VETO;outlier bar masked, z=6.4
2026.03.02 08:15:00;VETO;signal rejected: volume: relVol 0.88 < 1.00
2026.03.02 15:30:00;DECISION;setup LONG score=0.80 entry=5401.66 inv=5375.51 tgt=0.00 [BOS long lvl=5400.87|RelVol=1.44|VPnode d=7.16|VWAPside|RSI=59]
2026.03.02 15:30:00;DECISION;TP capped 52.54000 -> 45.67929 (3.0xATR)
2026.03.02 15:30:00;ORDER;filled BUY 0.02 lots sl=5375.51 tp=5447.46 [WT|BOS|0.80]
2026.03.02 15:30:00;RISK;sizing: vol_ratio=1.00 scalar=1.00 gap_buf=7.61321 eff_stop=33.88321
2026.03.02 15:30:00;ORDER;entry fill deal #75 BUY 0.02 @ 5401.78000
2026.03.02 16:05:20;RISK;deal closed pnl=-52.54 streak=1 lock=0
2026.03.02 16:15:00;DECISION;setup SHORT score=0.55 entry=5377.78 inv=5403.52 tgt=0.00 AWAIT-RETEST [CHoCH short lvl=5382.07|RelVol=1.34|Retest@5377.78|StopFloored|VPnear|RSI=43]
2026.03.02 16:15:00;DECISION;TP capped 51.48643 -> 51.48643 (3.0xATR)
2026.03.02 16:15:00;ORDER;limit SELL 0.02 @ 5377.78 sl=5403.52 tp=5326.29 rc=10009 [WT|CHOCH|0.55|RL]
2026.03.02 16:15:00;RISK;sizing: vol_ratio=1.09 scalar=1.00 gap_buf=8.58107 eff_stop=34.32429
2026.03.02 16:30:00;VETO;outlier bar masked, z=9.3
2026.03.02 16:45:00;VETO;outlier bar masked, z=5.9
2026.03.02 18:00:00;VETO;outlier bar masked, z=3.6
2026.03.02 18:15:00;VETO;outlier bar masked, z=6.2
2026.03.02 19:30:00;ORDER;cancelled 1 pending: setup expired/invalidated
2026.03.02 21:15:00;DECISION;setup LONG score=0.55 entry=5325.72 inv=5289.61 tgt=0.00 AWAIT-RETEST [CHoCH long lvl=5320.64|RelVol=1.10|Retest@5325.72|VPnode d=2.88]
2026.03.02 21:30:00;VETO;authorization denied: outside session window (server hour 21, window 12-20)
2026.03.02 21:45:00;VETO;authorization denied: outside session window (server hour 21, window 12-20)
2026.03.02 22:00:00;VETO;authorization denied: outside session window (server hour 22, window 12-20)
2026.03.02 22:15:00;VETO;authorization denied: outside session window (server hour 22, window 12-20)
2026.03.03 02:15:00;VETO;signal rejected: volume: relVol 0.52 < 1.00
2026.03.03 07:30:00;DECISION;setup SHORT score=0.65 entry=5356.41 inv=5375.60 tgt=0.00 AWAIT-RETEST [CHoCH short lvl=5359.18|RelVol=1.30|Retest@5356.41|VPnode d=6.61|VWAPside]
2026.03.03 07:45:00;VETO;authorization denied: outside session window (server hour 07, window 12-20)
2026.03.03 08:00:00;VETO;outlier bar masked, z=4.7
2026.03.03 08:15:00;VETO;outlier bar masked, z=4.8
2026.03.03 08:30:00;VETO;authorization denied: outside session window (server hour 08, window 12-20)
2026.03.03 08:45:00;VETO;authorization denied: outside session window (server hour 08, window 12-20)
2026.03.03 09:00:00;VETO;authorization denied: outside session window (server hour 09, window 12-20)
2026.03.03 11:30:00;VETO;outlier bar masked, z=8.9
2026.03.03 13:15:00;VETO;outlier bar masked, z=11.5
2026.03.03 13:30:00;VETO;outlier bar masked, z=9.9
2026.03.03 13:45:00;VETO;outlier bar masked, z=6.3
2026.03.03 14:15:00;VETO;outlier bar masked, z=4.4
2026.03.03 15:15:00;VETO;outlier bar masked, z=6.0
2026.03.03 16:45:00;VETO;outlier bar masked, z=5.9
2026.03.03 17:00:00;VETO;outlier bar masked, z=3.6
2026.03.03 21:00:00;DECISION;setup LONG score=0.55 entry=5141.27 inv=5065.32 tgt=0.00 AWAIT-RETEST [CHoCH long lvl=5134.82|RelVol=1.51|Retest@5141.27|VPnode d=18.47]
2026.03.03 21:15:00;VETO;authorization denied: outside session window (server hour 21, window 12-20)
2026.03.03 21:30:00;VETO;authorization denied: outside session window (server hour 21, window 12-20)
2026.03.03 21:45:00;VETO;authorization denied: outside session window (server hour 21, window 12-20)
2026.03.03 22:00:00;VETO;authorization denied: outside session window (server hour 22, window 12-20)
2026.03.03 23:00:00;DECISION;setup SHORT score=0.85 entry=5093.91 inv=5149.04 tgt=0.00 AWAIT-RETEST [CHoCH short lvl=5099.42|RelVol=1.46|Retest@5093.91|VPnear|VWAPside|CycleTurn w=0.99<-1.00|RSI=42]
2026.03.03 23:15:00;VETO;authorization denied: outside session window (server hour 23, window 12-20)
2026.03.03 23:30:00;VETO;authorization denied: outside session window (server hour 23, window 12-20)
2026.03.03 23:45:00;VETO;authorization denied: outside session window (server hour 23, window 12-20)
2026.03.04 01:00:00;VETO;authorization denied: outside session window (server hour 01, window 12-20)
2026.03.04 02:45:00;VETO;signal rejected: volume: relVol 0.97 < 1.00
2026.03.04 08:15:00;DECISION;setup SHORT score=0.80 entry=5147.92 inv=5181.03 tgt=0.00 AWAIT-RETEST [CHoCH short lvl=5152.13|RelVol=1.62|Retest@5147.92|VPnode d=2.12|VWAPside|RSI=45]
2026.03.04 08:30:00;VETO;authorization denied: outside session window (server hour 08, window 12-20)
2026.03.04 08:45:00;VETO;authorization denied: outside session window (server hour 08, window 12-20)
2026.03.04 09:00:00;VETO;authorization denied: outside session window (server hour 09, window 12-20)
2026.03.04 09:15:00;VETO;authorization denied: outside session window (server hour 09, window 12-20)
2026.03.04 09:45:00;DECISION;setup LONG score=1.00 entry=5172.41 inv=5122.39 tgt=0.00 AWAIT-RETEST [CHoCH long lvl=5168.32|RelVol=1.16|Retest@5172.41|VPnode d=5.39|VWAPside|CycleTurn w=-0.63<--0.88|RSI=57]
2026.03.04 10:00:00;VETO;authorization denied: outside session window (server hour 10, window 12-20)
2026.03.04 10:15:00;VETO;authorization denied: outside session window (server hour 10, window 12-20)
2026.03.04 10:30:00;VETO;authorization denied: outside session window (server hour 10, window 12-20)
2026.03.04 10:45:00;VETO;authorization denied: outside session window (server hour 10, window 12-20)
2026.03.04 11:45:00;VETO;signal rejected: volume: relVol 0.95 < 1.00
2026.03.04 17:00:00;DECISION;setup SHORT score=0.80 entry=5151.59 inv=5206.14 tgt=0.00 AWAIT-RETEST [CHoCH short lvl=5156.27|RelVol=1.40|Retest@5151.59|VPnode d=2.59|VWAPside|RSI=37]
2026.03.04 17:00:00;DECISION;TP capped 109.10429 -> 81.82821 (3.0xATR)
2026.03.04 17:00:00;ORDER;limit SELL 0.01 @ 5151.59 sl=5206.14 tp=5069.76 rc=10009 [WT|CHOCH|0.80|RL]
2026.03.04 17:00:00;RISK;sizing: vol_ratio=0.87 scalar=1.00 gap_buf=9.36429 eff_stop=63.91643
2026.03.04 17:00:40;ORDER;entry fill deal #77 SELL 0.01 @ 5151.59000
2026.03.04 20:15:00;DECISION;setup SHORT score=0.80 entry=5124.73 inv=5206.14 tgt=0.00 [BOS short lvl=5131.30|RelVol=1.58|VPnode d=14.07|VWAPside|RSI=36]
2026.03.04 20:15:00;VETO;authorization denied: outside session window (server hour 20, window 12-20)
2026.03.04 20:30:00;VETO;authorization denied: outside session window (server hour 20, window 12-20)
2026.03.04 20:45:00;VETO;authorization denied: outside session window (server hour 20, window 12-20)
2026.03.04 21:00:00;VETO;authorization denied: outside session window (server hour 21, window 12-20)
2026.03.05 01:15:00;VETO;signal rejected: volume: relVol 0.53 < 1.00
2026.03.05 05:00:00;VETO;signal rejected: volume: relVol 0.92 < 1.00
2026.03.05 08:15:00;VETO;outlier bar masked, z=4.8
2026.03.05 11:15:00;DECISION;setup LONG score=1.00 entry=5179.54 inv=5137.79 tgt=0.00 [BOS long lvl=5172.78|RelVol=1.98|VPnode d=2.24|VWAPside|CycleTurn w=-0.61<--0.98|RSI=58]
2026.03.05 11:15:00;VETO;authorization denied: outside session window (server hour 11, window 12-20)
2026.03.05 11:30:00;VETO;authorization denied: outside session window (server hour 11, window 12-20)
2026.03.05 11:45:00;VETO;authorization denied: outside session window (server hour 11, window 12-20)
2026.03.05 12:00:00;DECISION;TP capped 46.42000 -> 40.19786 (3.0xATR)
2026.03.05 12:00:00;VETO;risk veto: max positions
2026.03.05 14:15:00;VETO;signal rejected: volume: relVol 0.70 < 1.00
2026.03.05 15:22:40;MANAGE;#78 SL 5206.14 -> 5151.55 breakeven
2026.03.05 15:22:59;MANAGE;#78 SL 5151.55 -> 5114.44 trail
2026.03.05 15:23:40;MANAGE;#78 SL 5114.44 -> 5101.03 trail
2026.03.05 15:24:40;RISK;deal closed pnl=50.42 streak=0 lock=0
2026.03.05 15:30:00;VETO;outlier bar masked, z=12.5
2026.03.05 16:45:00;VETO;outlier bar masked, z=3.8
2026.03.05 17:15:00;VETO;outlier bar masked, z=8.1
2026.03.05 17:45:00;DECISION;setup SHORT score=0.65 entry=5080.53 inv=5171.53 tgt=0.00 [BOS short lvl=5083.30|RelVol=1.28|VWAPside|ADX=53|RSI=26]
2026.03.05 17:45:00;DECISION;TP capped 182.00000 -> 136.50000 (3.0xATR)
2026.03.05 17:45:00;VETO;risk veto: size 0.00 < broker min 0.01 (risk too small for stop)
2026.03.06 01:45:00;VETO;signal rejected: volume: relVol 0.47 < 1.00
2026.03.06 03:45:00;DECISION;setup LONG score=0.65 entry=5105.91 inv=5074.20 tgt=0.00 AWAIT-RETEST [BOS long lvl=5102.01|RelVol=1.05|Retest@5105.91|VPnear|VWAPside|RSI=64]
2026.03.06 10:30:00;DECISION;setup SHORT score=0.80 entry=5103.41 inv=5141.53 tgt=0.00 AWAIT-RETEST [CHoCH short lvl=5105.86|RelVol=1.03|Retest@5103.41|VPnode d=5.21|VWAPside|RSI=39]
2026.03.06 10:45:00;VETO;authorization denied: outside session window (server hour 10, window 12-20)
2026.03.06 11:00:00;VETO;authorization denied: outside session window (server hour 11, window 12-20)
2026.03.06 11:15:00;VETO;authorization denied: outside session window (server hour 11, window 12-20)
2026.03.06 11:30:00;VETO;authorization denied: outside session window (server hour 11, window 12-20)
2026.03.06 15:45:00;VETO;outlier bar masked, z=5.6
2026.03.06 16:00:00;VETO;outlier bar masked, z=5.6
2026.03.06 17:00:00;VETO;outlier bar masked, z=4.8
2026.03.06 17:15:00;DECISION;setup LONG score=0.65 entry=5135.68 inv=5065.61 tgt=0.00 AWAIT-RETEST [BOS long lvl=5131.07|RelVol=1.36|Retest@5135.68|VPnear|VWAPside|RSI=63]
2026.03.06 17:15:00;DECISION;TP capped 140.14071 -> 105.10554 (3.0xATR)
2026.03.06 17:15:00;ORDER;limit BUY 0.01 @ 5135.68 sl=5065.61 tp=5240.79 rc=10009 [WT|BOS|0.65|RL]
2026.03.06 17:15:00;RISK;sizing: vol_ratio=1.53 scalar=1.00 gap_buf=12.75071 eff_stop=82.82107
2026.03.06 17:53:20;ORDER;entry fill deal #79 BUY 0.01 @ 5135.68000
2026.03.06 20:45:00;VETO;signal rejected: volume: relVol 0.91 < 1.00
2026.03.06 22:00:00;RISK;FLATTEN ALL: Friday flatten: weekend gap protection
2026.03.06 22:00:00;RISK;deal closed pnl=24.12 streak=0 lock=0
2026.03.09 01:15:00;VETO;outlier bar masked, z=11.7
2026.03.09 01:45:00;VETO;outlier bar masked, z=8.8
2026.03.09 02:15:00;VETO;outlier bar masked, z=7.0
2026.03.09 03:15:00;VETO;outlier bar masked, z=7.9
2026.03.09 04:15:00;VETO;outlier bar masked, z=4.4
2026.03.09 07:45:00;DECISION;setup LONG score=0.80 entry=5106.04 inv=5081.73 tgt=0.00 AWAIT-RETEST [CHoCH long lvl=5102.45|RelVol=1.62|Retest@5106.04|VPnode d=2.44|VWAPside|RSI=61]
2026.03.09 08:45:00;VETO;authorization denied: outside session window (server hour 08, window 12-20)
2026.03.09 09:00:00;VETO;authorization denied: outside session window (server hour 09, window 12-20)
2026.03.09 09:15:00;VETO;authorization denied: outside session window (server hour 09, window 12-20)
2026.03.09 09:30:00;VETO;authorization denied: outside session window (server hour 09, window 12-20)
2026.03.09 11:15:00;DECISION;setup LONG score=1.00 entry=5112.78 inv=5088.63 tgt=0.00 [BOS long lvl=5110.88|RelVol=1.15|VPnode d=0.98|VWAPside|CycleTurn w=-0.98<--0.99|RSI=56]
2026.03.09 11:15:00;VETO;authorization denied: outside session window (server hour 11, window 12-20)
2026.03.09 11:30:00;VETO;authorization denied: outside session window (server hour 11, window 12-20)
2026.03.09 11:45:00;VETO;authorization denied: outside session window (server hour 11, window 12-20)
2026.03.09 12:00:00;ORDER;filled BUY 0.04 lots sl=5088.63 tp=5138.76 [WT|BOS|1.00]
2026.03.09 12:00:00;RISK;sizing: vol_ratio=0.84 scalar=1.00 gap_buf=7.50964 eff_stop=24.21964
2026.03.09 12:00:00;ORDER;entry fill deal #81 BUY 0.04 @ 5105.34000
2026.03.09 12:50:40;RISK;deal closed pnl=-66.84 streak=1 lock=0
2026.03.09 13:30:00;DECISION;setup SHORT score=0.80 entry=5083.59 inv=5132.61 tgt=0.00 AWAIT-RETEST [CHoCH short lvl=5087.10|RelVol=1.28|Retest@5083.59|VPnode d=7.71|VWAPside|RSI=43]
2026.03.09 13:30:00;DECISION;TP capped 98.04643 -> 73.53482 (3.0xATR)
2026.03.09 13:30:00;ERROR;limit SELL 0.01 @ 5083.59 sl=5132.61 tp=5010.05 rc=10015 [WT|CHOCH|0.80|RL]
2026.03.09 13:45:00;DECISION;TP capped 93.56000 -> 70.17000 (3.0xATR)
2026.03.09 13:45:00;ORDER;filled SELL 0.01 lots sl=5132.61 tp=5015.66 [WT|CHOCH|0.80]
2026.03.09 13:45:00;RISK;sizing: vol_ratio=0.79 scalar=1.00 gap_buf=6.99286 eff_stop=53.77286
2026.03.09 13:45:00;ORDER;entry fill deal #83 SELL 0.01 @ 5085.83000
2026.03.09 15:45:00;VETO;outlier bar masked, z=3.6
2026.03.09 16:45:00;VETO;signal rejected: volume: relVol 0.80 < 1.00
2026.03.09 20:45:00;VETO;signal rejected: volume: relVol 0.76 < 1.00
2026.03.09 21:19:40;RISK;deal closed pnl=-46.78 streak=2 lock=0
2026.03.10 02:30:00;VETO;signal rejected: volume: relVol 0.79 < 1.00
2026.03.10 03:30:00;DECISION;setup LONG score=0.85 entry=5159.05 inv=5133.82 tgt=0.00 AWAIT-RETEST [CHoCH long lvl=5156.09|RelVol=1.15|Retest@5159.05|VPnear|VWAPside|CycleTurn w=-0.96<--1.00|RSI=67]
2026.03.10 03:45:00;VETO;authorization denied: outside session window (server hour 03, window 12-20)
2026.03.10 04:00:00;VETO;authorization denied: outside session window (server hour 04, window 12-20)
2026.03.10 04:15:00;VETO;authorization denied: outside session window (server hour 04, window 12-20)
2026.03.10 04:30:00;VETO;authorization denied: outside session window (server hour 04, window 12-20)
2026.03.10 10:00:00;DECISION;setup LONG score=0.80 entry=5181.05 inv=5154.37 tgt=0.00 [BOS long lvl=5180.94|RelVol=1.05|VPnode d=0.15|VWAPside|RSI=63]
2026.03.10 10:00:00;VETO;authorization denied: outside session window (server hour 10, window 12-20)
2026.03.10 10:15:00;VETO;authorization denied: outside session window (server hour 10, window 12-20)
2026.03.10 10:30:00;VETO;authorization denied: outside session window (server hour 10, window 12-20)
2026.03.10 10:45:00;VETO;authorization denied: outside session window (server hour 10, window 12-20)
2026.03.10 15:15:00;DECISION;setup LONG score=1.00 entry=5194.79 inv=5162.44 tgt=0.00 AWAIT-RETEST [BOS long lvl=5191.94|RelVol=1.03|Retest@5194.79|VPnode d=7.59|VWAPside|CycleTurn w=-0.53<--0.92|RSI=65]
2026.03.10 15:15:00;DECISION;TP capped 64.70607 -> 48.52955 (3.0xATR)
2026.03.10 15:15:00;ORDER;limit BUY 0.02 @ 5194.79 sl=5162.44 tp=5243.32 rc=10009 [WT|BOS|1.00|RL]
2026.03.10 15:15:00;RISK;sizing: vol_ratio=0.95 scalar=1.00 gap_buf=5.70607 eff_stop=38.05911
2026.03.10 15:30:00;VETO;outlier bar masked, z=4.6
2026.03.10 16:07:40;ORDER;entry fill deal #85 BUY 0.02 @ 5194.79000
2026.03.10 17:20:40;MANAGE;#86 SL 5162.44 -> 5194.83 breakeven
2026.03.10 17:20:40;MANAGE;#86 partial close 0.01 of 0.02 lots
2026.03.10 17:20:40;RISK;deal closed pnl=33.87 streak=0 lock=0
2026.03.10 17:20:59;MANAGE;#86 SL 5194.83 -> 5196.11 trail
2026.03.10 17:23:40;MANAGE;#86 SL 5196.11 -> 5197.42 trail
2026.03.10 17:31:40;MANAGE;#86 SL 5197.42 -> 5199.12 trail
2026.03.10 17:33:40;MANAGE;#86 SL 5199.12 -> 5203.11 trail
2026.03.10 17:34:20;MANAGE;#86 SL 5203.11 -> 5205.47 trail
2026.03.10 17:45:00;VETO;signal rejected: volume: relVol 0.67 < 1.00
2026.03.10 17:45:40;MANAGE;#86 SL 5205.47 -> 5207.86 trail
2026.03.10 19:12:40;MANAGE;#86 SL 5207.86 -> 5209.29 trail
2026.03.10 19:30:20;MANAGE;#86 SL 5209.29 -> 5210.75 trail
2026.03.10 19:52:40;MANAGE;#86 SL 5210.75 -> 5211.12 trail
2026.03.10 20:16:40;RISK;deal closed pnl=16.33 streak=0 lock=0
2026.03.10 20:30:00;VETO;outlier bar masked, z=12.2
2026.03.11 09:45:00;DECISION;setup SHORT score=0.80 entry=5189.58 inv=5210.82 tgt=0.00 AWAIT-RETEST [CHoCH short lvl=5191.59|RelVol=1.18|Retest@5189.58|VPnode d=2.82|VWAPside|RSI=40]
2026.03.11 10:00:00;VETO;authorization denied: outside session window (server hour 10, window 12-20)
2026.03.11 10:15:00;VETO;authorization denied: outside session window (server hour 10, window 12-20)
2026.03.11 10:30:00;VETO;authorization denied: outside session window (server hour 10, window 12-20)
2026.03.11 10:45:00;VETO;authorization denied: outside session window (server hour 10, window 12-20)
2026.03.11 15:00:00;DECISION;setup SHORT score=0.80 entry=5174.27 inv=5197.26 tgt=0.00 AWAIT-RETEST [BOS short lvl=5177.21|RelVol=1.52|Retest@5174.27|VPnode d=8.13|VWAPside|RSI=36]
2026.03.11 15:00:00;DECISION;TP capped 45.98893 -> 35.33357 (3.0xATR)
2026.03.11 15:00:00;ORDER;limit SELL 0.03 @ 5174.27 sl=5197.26 tp=5138.93 rc=10009 [WT|BOS|0.80|RL]
2026.03.11 15:00:00;RISK;sizing: vol_ratio=1.04 scalar=1.00 gap_buf=5.88893 eff_stop=28.88339
2026.03.11 15:03:40;ORDER;entry fill deal #88 SELL 0.03 @ 5174.27000
2026.03.11 15:51:40;MANAGE;#89 SL 5197.26 -> 5174.23 breakeven
2026.03.11 15:51:40;MANAGE;#89 partial close 0.01 of 0.03 lots
2026.03.11 15:51:40;RISK;deal closed pnl=24.44 streak=0 lock=0
2026.03.11 15:57:40;RISK;deal closed pnl=0.08 streak=0 lock=0
2026.03.11 16:00:00;VETO;outlier bar masked, z=4.1
2026.03.11 19:45:00;VETO;signal rejected: volume: relVol 0.97 < 1.00
2026.03.11 21:45:00;VETO;signal rejected: volume: relVol 0.51 < 1.00
2026.03.12 00:45:00;DECISION;setup SHORT score=1.00 entry=5167.51 inv=5183.58 tgt=0.00 AWAIT-RETEST [CHoCH short lvl=5169.25|Retest@5167.51|VPnode d=2.11|VWAPside|CycleTurn w=-0.03<-0.85|RSI=35]
2026.03.12 01:00:00;VETO;outlier bar masked, z=7.2
2026.03.12 06:45:00;VETO;signal rejected: volume: relVol 0.77 < 1.00
2026.03.12 09:45:00;VETO;signal rejected: volume: relVol 0.69 < 1.00
2026.03.12 14:15:00;DECISION;setup SHORT score=0.70 entry=5172.71 inv=5191.70 tgt=0.00 AWAIT-RETEST [CHoCH short lvl=5174.40|RelVol=1.00|Retest@5172.71|VPnode d=4.69|RSI=44]
2026.03.12 14:15:00;DECISION;TP capped 37.97536 -> 28.48152 (3.0xATR)
2026.03.12 14:15:00;ORDER;limit SELL 0.04 @ 5172.71 sl=5191.70 tp=5144.23 rc=10009 [WT|CHOCH|0.70|RL]
2026.03.12 14:15:00;RISK;sizing: vol_ratio=0.67 scalar=1.00 gap_buf=3.37536 eff_stop=22.36304
2026.03.12 14:29:40;ORDER;entry fill deal #91 SELL 0.04 @ 5172.71000
2026.03.12 15:30:00;VETO;outlier bar masked, z=4.2
2026.03.12 15:45:00;DECISION;setup SHORT score=0.65 entry=5159.24 inv=5191.70 tgt=0.00 [BOS short lvl=5163.85|RelVol=1.23|VPnear|VWAPside|RSI=39]
2026.03.12 15:45:00;DECISION;TP capped 64.92000 -> 48.69000 (3.0xATR)
2026.03.12 15:45:00;VETO;risk veto: max positions
2026.03.12 15:45:40;MANAGE;#92 SL 5191.70 -> 5172.67 breakeven
2026.03.12 15:45:40;MANAGE;#92 partial close 0.02 of 0.04 lots
2026.03.12 15:45:40;RISK;deal closed pnl=38.72 streak=0 lock=0
2026.03.12 15:46:20;MANAGE;#92 SL 5172.67 -> 5172.02 trail
2026.03.12 15:48:40;MANAGE;#92 SL 5172.02 -> 5171.08 trail
2026.03.12 15:49:40;MANAGE;#92 SL 5171.08 -> 5170.51 trail
2026.03.12 15:53:40;MANAGE;#92 SL 5170.51 -> 5168.14 trail
2026.03.12 15:54:20;MANAGE;#92 SL 5168.14 -> 5166.50 trail
2026.03.12 15:55:40;MANAGE;#92 SL 5166.50 -> 5166.23 trail
2026.03.12 15:56:20;MANAGE;#92 SL 5166.23 -> 5164.91 trail
2026.03.12 16:33:40;RISK;deal closed pnl=56.96 streak=0 lock=0
2026.03.12 17:15:00;VETO;outlier bar masked, z=6.1
2026.03.12 20:00:00;VETO;signal rejected: volume: relVol 0.96 < 1.00
2026.03.12 22:30:00;VETO;signal rejected: volume: relVol 0.86 < 1.00
2026.03.13 06:30:00;VETO;signal rejected: volume: relVol 0.82 < 1.00
2026.03.13 14:00:00;VETO;signal rejected: volume: relVol 0.91 < 1.00
2026.03.13 16:45:00;VETO;signal rejected: volume: relVol 0.68 < 1.00
2026.03.13 17:00:00;VETO;outlier bar masked, z=7.3
2026.03.13 17:15:00;VETO;outlier bar masked, z=4.9
2026.03.13 18:00:00;DECISION;setup SHORT score=0.65 entry=5034.73 inv=5121.84 tgt=0.00 [BOS short lvl=5035.97|RelVol=1.10|VWAPside|ADX=44|RSI=30]
2026.03.13 18:00:00;DECISION;TP capped 174.22000 -> 130.66500 (3.0xATR)
2026.03.13 18:00:00;ORDER;filled SELL 0.01 lots sl=5121.84 tp=4904.06 [WT|BOS|0.65]
2026.03.13 18:00:00;RISK;sizing: vol_ratio=1.61 scalar=1.00 gap_buf=9.31857 eff_stop=96.42857
2026.03.13 18:00:00;ORDER;entry fill deal #94 SELL 0.01 @ 5034.73000
2026.03.13 22:00:00;DECISION;setup SHORT score=0.85 entry=5016.44 inv=5049.81 tgt=0.00 [BOS short lvl=5019.04|RelVol=1.30|VWAPside|CycleTurn w=-0.44<-0.63|ADX=34|RSI=28]
2026.03.13 22:00:00;VETO;authorization denied: outside session window (server hour 22, window 12-20)
2026.03.13 22:00:00;RISK;FLATTEN ALL: Friday flatten: weekend gap protection
2026.03.13 22:00:00;RISK;deal closed pnl=18.08 streak=0 lock=0
2026.03.13 22:15:00;VETO;authorization denied: outside session window (server hour 22, window 12-20)
2026.03.13 22:30:00;VETO;authorization denied: outside session window (server hour 22, window 12-20)
2026.03.13 22:45:00;VETO;authorization denied: outside session window (server hour 22, window 12-20)
2026.03.16 01:30:00;VETO;outlier bar masked, z=6.6
2026.03.16 02:00:00;VETO;outlier bar masked, z=3.5
2026.03.16 02:15:00;VETO;outlier bar masked, z=4.5
2026.03.16 02:45:00;DECISION;setup LONG score=0.85 entry=5029.71 inv=4967.62 tgt=0.00 AWAIT-RETEST [CHoCH long lvl=5026.13|RelVol=1.11|Retest@5029.71|VPnode d=1.09|VWAPside|CycleTurn w=0.40<--0.61]
2026.03.16 03:00:00;VETO;authorization denied: outside session window (server hour 03, window 12-20)
2026.03.16 03:15:00;VETO;outlier bar masked, z=6.3
2026.03.16 03:30:00;VETO;authorization denied: outside session window (server hour 03, window 12-20)
2026.03.16 03:45:00;VETO;authorization denied: outside session window (server hour 03, window 12-20)
2026.03.16 04:00:00;VETO;authorization denied: outside session window (server hour 04, window 12-20)
2026.03.16 06:00:00;VETO;signal rejected: volume: relVol 0.82 < 1.00
2026.03.16 08:15:00;VETO;signal rejected: volume: relVol 0.81 < 1.00
2026.03.16 09:30:00;DECISION;setup SHORT score=1.00 entry=5001.03 inv=5036.17 tgt=0.00 AWAIT-RETEST [CHoCH short lvl=5003.28|RelVol=1.18|Retest@5001.03|VPnode d=0.17|VWAPside|CycleTurn w=0.70<-0.95|RSI=41]
2026.03.16 09:45:00;VETO;authorization denied: outside session window (server hour 09, window 12-20)
2026.03.16 10:00:00;VETO;authorization denied: outside session window (server hour 10, window 12-20)
2026.03.16 10:15:00;VETO;authorization denied: outside session window (server hour 10, window 12-20)
2026.03.16 10:30:00;VETO;authorization denied: outside session window (server hour 10, window 12-20)
2026.03.16 14:30:00;DECISION;setup LONG score=0.80 entry=5025.95 inv=4970.11 tgt=0.00 AWAIT-RETEST [CHoCH long lvl=5022.63|RelVol=1.05|Retest@5025.95|VPnode d=0.15|VWAPside|RSI=60]
2026.03.16 14:30:00;DECISION;TP capped 111.68143 -> 83.76107 (3.0xATR)
2026.03.16 14:30:00;ERROR;limit BUY 0.01 @ 5025.95 sl=4970.11 tp=5109.71 rc=10015 [WT|CHOCH|0.80|RL]
2026.03.16 14:45:00;DECISION;TP capped 103.58000 -> 77.68500 (3.0xATR)
2026.03.16 14:45:00;ORDER;filled BUY 0.01 lots sl=4970.11 tp=5099.58 [WT|CHOCH|0.80]
2026.03.16 14:45:00;RISK;sizing: vol_ratio=0.94 scalar=1.00 gap_buf=6.45214 eff_stop=58.24214
2026.03.16 14:45:00;ORDER;entry fill deal #96 BUY 0.01 @ 5021.90000
2026.03.16 17:30:00;VETO;signal rejected: volume: relVol 0.56 < 1.00
2026.03.16 20:30:00;VETO;signal rejected: volume: relVol 0.60 < 1.00
2026.03.17 03:45:00;VETO;signal rejected: volume: relVol 0.64 < 1.00
2026.03.17 05:30:00;VETO;signal rejected: volume: relVol 0.59 < 1.00
2026.03.17 06:45:00;VETO;signal rejected: volume: relVol 0.74 < 1.00
2026.03.17 12:15:00;VETO;signal rejected: volume: relVol 0.73 < 1.00
2026.03.17 15:45:00;VETO;signal rejected: volume: relVol 0.69 < 1.00
2026.03.17 16:00:00;VETO;outlier bar masked, z=3.7
2026.03.17 17:30:00;VETO;signal rejected: volume: relVol 0.53 < 1.00
2026.03.17 17:45:00;VETO;outlier bar masked, z=4.9
2026.03.18 00:45:00;DECISION;setup SHORT score=1.00 entry=4996.33 inv=5006.37 tgt=0.00 [BOS short lvl=4996.42|VPnode d=2.47|VWAPside|CycleTurn w=0.94<-1.00|RSI=41]
2026.03.18 00:45:00;VETO;authorization denied: outside session window (server hour 00, window 12-20)
2026.03.18 01:00:00;VETO;authorization denied: outside session window (server hour 01, window 12-20)
2026.03.18 01:15:00;VETO;authorization denied: outside session window (server hour 01, window 12-20)
2026.03.18 01:30:00;VETO;authorization denied: outside session window (server hour 01, window 12-20)
2026.03.18 02:15:00;VETO;signal rejected: volume: relVol 0.45 < 1.00
2026.03.18 06:45:00;VETO;signal rejected: volume: relVol 0.86 < 1.00
2026.03.18 12:35:40;RISK;deal closed pnl=-52.05 streak=1 lock=0
2026.03.18 12:45:00;VETO;outlier bar masked, z=5.1
2026.03.18 13:00:00;VETO;outlier bar masked, z=3.6
2026.03.18 13:30:00;VETO;outlier bar masked, z=5.1
2026.03.18 13:45:00;VETO;outlier bar masked, z=4.7
2026.03.18 14:15:00;VETO;outlier bar masked, z=4.3
2026.03.18 14:45:00;VETO;outlier bar masked, z=4.3
2026.03.18 15:15:00;VETO;outlier bar masked, z=5.2
2026.03.18 15:30:00;VETO;outlier bar masked, z=5.2
2026.03.18 15:45:00;VETO;outlier bar masked, z=5.7
2026.03.18 18:30:00;VETO;signal rejected: volume: relVol 0.51 < 1.00
2026.03.18 21:00:00;VETO;outlier bar masked, z=3.8
2026.03.19 08:00:00;VETO;signal rejected: volume: relVol 0.82 < 1.00
2026.03.19 08:45:00;VETO;outlier bar masked, z=4.2
2026.03.19 09:00:00;VETO;outlier bar masked, z=4.2
2026.03.19 12:30:00;DECISION;setup SHORT score=0.65 entry=4683.56 inv=4726.74 tgt=0.00 [BOS short lvl=4686.85|RelVol=1.47|StopFloored|VWAPside|ADX=69|RSI=27]
2026.03.19 12:30:00;DECISION;TP capped 86.36786 -> 86.36786 (3.0xATR)
2026.03.19 12:30:00;ORDER;filled SELL 0.01 lots sl=4726.74 tp=4597.19 [WT|BOS|0.65]
2026.03.19 12:30:00;RISK;sizing: vol_ratio=1.71 scalar=1.00 gap_buf=14.39464 eff_stop=57.57857
2026.03.19 12:30:00;ORDER;entry fill deal #98 SELL 0.01 @ 4683.56000
2026.03.19 14:01:40;MANAGE;#99 SL 4726.74 -> 4683.52 breakeven
2026.03.19 14:03:40;MANAGE;#99 SL 4683.52 -> 4680.20 trail
2026.03.19 14:04:20;MANAGE;#99 SL 4680.20 -> 4679.12 trail
2026.03.19 14:09:40;MANAGE;#99 SL 4679.12 -> 4676.49 trail
2026.03.19 14:10:40;MANAGE;#99 SL 4676.49 -> 4671.42 trail
2026.03.19 14:11:40;MANAGE;#99 SL 4671.42 -> 4666.80 trail
2026.03.19 14:14:20;MANAGE;#99 SL 4666.80 -> 4662.76 trail
2026.03.19 14:24:40;MANAGE;#99 SL 4662.76 -> 4658.28 trail
2026.03.19 14:25:40;MANAGE;#99 SL 4658.28 -> 4656.79 trail
2026.03.19 14:30:20;MANAGE;#99 SL 4656.79 -> 4653.89 trail
2026.03.19 14:34:20;MANAGE;#99 SL 4653.89 -> 4653.10 trail
2026.03.19 14:40:40;MANAGE;#99 SL 4653.10 -> 4651.25 trail
2026.03.19 14:42:40;RISK;deal closed pnl=86.37 streak=0 lock=0
2026.03.19 14:45:00;VETO;outlier bar masked, z=3.7
2026.03.19 15:15:00;VETO;outlier bar masked, z=5.0
2026.03.19 15:30:00;VETO;outlier bar masked, z=3.7
2026.03.19 16:00:00;VETO;outlier bar masked, z=6.0
2026.03.19 21:15:00;DECISION;setup LONG score=0.55 entry=4636.27 inv=4574.04 tgt=0.00 AWAIT-RETEST [CHoCH long lvl=4629.88|RelVol=1.80|Retest@4636.27|VPnear|RSI=59]
2026.03.19 21:30:00;VETO;authorization denied: outside session window (server hour 21, window 12-20)
2026.03.19 21:45:00;VETO;authorization denied: outside session window (server hour 21, window 12-20)
2026.03.19 22:00:00;VETO;authorization denied: outside session window (server hour 22, window 12-20)
2026.03.19 22:15:00;VETO;authorization denied: outside session window (server hour 22, window 12-20)
2026.03.20 00:15:00;VETO;signal rejected: volume: relVol 0.99 < 1.00
2026.03.20 03:45:00;VETO;signal rejected: volume: relVol 0.88 < 1.00
2026.03.20 05:15:00;DECISION;setup LONG score=0.75 entry=4704.22 inv=4639.42 tgt=0.00 AWAIT-RETEST [BOS long lvl=4699.22|RelVol=1.05|Retest@4704.22|VPnear|VWAPside|ADX=51|RSI=70]
2026.03.20 12:30:00;DECISION;setup SHORT score=0.65 entry=4657.12 inv=4734.87 tgt=0.00 AWAIT-RETEST [CHoCH short lvl=4661.50|RelVol=1.23|Retest@4657.12|VPnear|VWAPside|RSI=36]
2026.03.20 12:30:00;DECISION;TP capped 155.49179 -> 116.61884 (3.0xATR)
2026.03.20 12:30:00;ERROR;limit SELL 0.01 @ 4657.12 sl=4734.87 tp=4540.51 rc=10015 [WT|CHOCH|0.65|RL]
2026.03.20 12:45:00;DECISION;TP capped 150.16000 -> 112.62000 (3.0xATR)
2026.03.20 12:45:00;ORDER;filled SELL 0.01 lots sl=4734.87 tp=4547.17 [WT|CHOCH|0.65]
2026.03.20 12:45:00;RISK;sizing: vol_ratio=0.76 scalar=1.00 gap_buf=8.91429 eff_stop=83.99429
2026.03.20 12:45:00;ORDER;entry fill deal #100 SELL 0.01 @ 4659.79000
2026.03.20 16:00:00;VETO;outlier bar masked, z=3.8
2026.03.20 16:15:40;MANAGE;#101 SL 4734.87 -> 4659.75 breakeven
2026.03.20 16:15:59;MANAGE;#101 SL 4659.75 -> 4624.79 trail
2026.03.20 16:16:20;MANAGE;#101 SL 4624.79 -> 4619.82 trail
2026.03.20 16:17:40;MANAGE;#101 SL 4619.82 -> 4617.09 trail
2026.03.20 16:18:40;MANAGE;#101 SL 4617.09 -> 4609.33 trail
2026.03.20 16:19:00;MANAGE;#101 SL 4609.33 -> 4609.21 trail
2026.03.20 16:19:20;MANAGE;#101 SL 4609.21 -> 4608.93 trail
2026.03.20 16:24:40;MANAGE;#101 SL 4608.93 -> 4606.45 trail
2026.03.20 16:25:40;MANAGE;#101 SL 4606.45 -> 4600.86 trail
2026.03.20 16:27:40;MANAGE;#101 SL 4600.86 -> 4600.09 trail
2026.03.20 16:28:40;MANAGE;#101 SL 4600.09 -> 4597.39 trail
2026.03.20 16:55:20;MANAGE;#101 SL 4597.39 -> 4595.73 trail
2026.03.20 17:25:40;RISK;deal closed pnl=112.62 streak=0 lock=0
2026.03.20 20:45:00;DECISION;setup SHORT score=0.85 entry=4526.15 inv=4613.58 tgt=0.00 [BOS short lvl=4540.53|RelVol=1.38|VWAPside|CycleTurn w=0.79<-0.98|ADX=39|RSI=28]
2026.03.20 20:45:00;VETO;authorization denied: outside session window (server hour 20, window 12-20)
2026.03.20 21:00:00;VETO;outlier bar masked, z=4.6
2026.03.20 21:15:00;VETO;authorization denied: outside session window (server hour 21, window 12-20)
2026.03.20 21:30:00;VETO;authorization denied: outside session window (server hour 21, window 12-20)
2026.03.20 21:45:00;VETO;authorization denied: outside session window (server hour 21, window 12-20)
2026.03.23 00:15:00;VETO;outlier bar masked, z=6.3
2026.03.23 02:15:00;DECISION;setup SHORT score=0.95 entry=4436.74 inv=4536.29 tgt=0.00 [BOS short lvl=4449.59|RelVol=1.41|VPnear|VWAPside|CycleTurn w=0.29<-0.91|ADX=49|RSI=24]
2026.03.23 02:15:00;VETO;authorization denied: outside session window (server hour 02, window 12-20)
2026.03.23 02:30:00;VETO;authorization denied: outside session window (server hour 02, window 12-20)
2026.03.23 02:45:00;VETO;outlier bar masked, z=10.1
2026.03.23 03:00:00;VETO;outlier bar masked, z=3.6
2026.03.23 03:15:00;VETO;outlier bar masked, z=7.9
2026.03.23 03:30:00;VETO;authorization denied: outside session window (server hour 03, window 12-20)
2026.03.23 03:45:00;VETO;authorization denied: outside session window (server hour 03, window 12-20)
2026.03.23 04:00:00;VETO;outlier bar masked, z=3.6
2026.03.23 07:45:00;DECISION;setup SHORT score=1.00 entry=4322.16 inv=4381.65 tgt=0.00 [BOS short lvl=4335.18|RelVol=1.49|VPnode d=1.76|VWAPside|CycleTurn w=0.99<-1.00|ADX=34|RSI=30]
2026.03.23 07:45:00;VETO;authorization denied: outside session window (server hour 07, window 12-20)
2026.03.23 08:00:00;VETO;authorization denied: outside session window (server hour 08, window 12-20)
2026.03.23 08:15:00;VETO;authorization denied: outside session window (server hour 08, window 12-20)
2026.03.23 08:30:00;VETO;outlier bar masked, z=4.4
2026.03.23 08:45:00;VETO;outlier bar masked, z=4.1
2026.03.23 09:00:00;VETO;outlier bar masked, z=4.0
2026.03.23 09:15:00;VETO;outlier bar masked, z=6.5
2026.03.23 09:30:00;VETO;outlier bar masked, z=3.6
2026.03.23 09:45:00;VETO;outlier bar masked, z=5.9
2026.03.23 10:00:00;VETO;authorization denied: outside session window (server hour 10, window 12-20)
2026.03.23 11:45:00;VETO;outlier bar masked, z=4.7
2026.03.23 13:15:00;VETO;outlier bar masked, z=12.3
2026.03.23 13:30:00;VETO;outlier bar masked, z=5.9
2026.03.23 15:00:00;DECISION;setup LONG score=0.65 entry=4478.25 inv=4336.87 tgt=0.00 [BOS long lvl=4462.75|RelVol=1.68|VPnear|VWAPside|RSI=64]
2026.03.23 15:00:00;DECISION;TP capped 282.82000 -> 212.11500 (3.0xATR)
2026.03.23 15:00:00;VETO;risk veto: size 0.00 < broker min 0.01 (risk too small for stop)
2026.03.23 18:00:00;DECISION;setup SHORT score=0.75 entry=4390.02 inv=4512.81 tgt=0.00 AWAIT-RETEST [CHoCH short lvl=4401.63|RelVol=1.31|Retest@4390.02|VPnode d=21.72|CycleTurn w=-0.51<-0.54]
2026.03.23 18:00:00;VETO;retest limit risk veto: size 0.00 < broker min 0.01 (risk too small for stop)
2026.03.23 18:15:00;DECISION;TP capped 257.84000 -> 193.38000 (3.0xATR)
2026.03.23 18:15:00;VETO;risk veto: size 0.00 < broker min 0.01 (risk too small for stop)
2026.03.23 20:45:00;DECISION;setup LONG score=0.75 entry=4447.55 inv=4350.99 tgt=0.00 AWAIT-RETEST [CHoCH long lvl=4438.86|RelVol=1.36|Retest@4447.55|VWAPside|CycleTurn w=0.51<--0.57|RSI=60]
2026.03.23 21:00:00;VETO;authorization denied: outside session window (server hour 21, window 12-20)
2026.03.23 21:15:00;VETO;authorization denied: outside session window (server hour 21, window 12-20)
2026.03.23 21:30:00;VETO;authorization denied: outside session window (server hour 21, window 12-20)
2026.03.23 21:45:00;VETO;authorization denied: outside session window (server hour 21, window 12-20)
2026.03.24 02:45:00;DECISION;setup SHORT score=0.75 entry=4354.59 inv=4448.36 tgt=0.00 AWAIT-RETEST [CHoCH short lvl=4361.27|RelVol=1.81|Retest@4354.59|VWAPside|CycleTurn w=-0.30<-0.77|RSI=36]
2026.03.24 03:00:00;VETO;authorization denied: outside session window (server hour 03, window 12-20)
2026.03.24 03:15:00;VETO;authorization denied: outside session window (server hour 03, window 12-20)
2026.03.24 03:30:00;VETO;authorization denied: outside session window (server hour 03, window 12-20)
2026.03.24 03:45:00;VETO;authorization denied: outside session window (server hour 03, window 12-20)
2026.03.24 08:30:00;DECISION;setup LONG score=0.80 entry=4385.04 inv=4319.88 tgt=0.00 AWAIT-RETEST [CHoCH long lvl=4379.28|RelVol=1.23|Retest@4385.04|VPnode d=11.24|VWAPside|RSI=57]
2026.03.24 08:45:00;VETO;authorization denied: outside session window (server hour 08, window 12-20)
2026.03.24 09:00:00;VETO;authorization denied: outside session window (server hour 09, window 12-20)
2026.03.24 09:15:00;VETO;authorization denied: outside session window (server hour 09, window 12-20)
2026.03.24 09:30:00;VETO;authorization denied: outside session window (server hour 09, window 12-20)
2026.03.24 13:00:00;DECISION;setup LONG score=0.90 entry=4438.77 inv=4391.11 tgt=0.00 [BOS long lvl=4432.68|RelVol=1.12|VPnode d=3.23|VWAPside|ADX=41|RSI=64]
2026.03.24 13:00:00;DECISION;TP capped 95.40000 -> 71.55000 (3.0xATR)
2026.03.24 13:00:00;ORDER;filled BUY 0.01 lots sl=4391.11 tp=4510.36 [WT|BOS|0.90]
2026.03.24 13:00:00;RISK;sizing: vol_ratio=0.56 scalar=1.00 gap_buf=9.22250 eff_stop=56.92250
2026.03.24 13:00:00;ORDER;entry fill deal #102 BUY 0.01 @ 4438.81000
2026.03.24 13:01:40;RISK;deal closed pnl=-47.70 streak=1 lock=0
2026.03.24 14:45:00;DECISION;setup SHORT score=0.80 entry=4368.35 inv=4442.08 tgt=0.00 AWAIT-RETEST [CHoCH short lvl=4374.64|RelVol=1.43|Retest@4368.35|VPnode d=13.35|VWAPside|RSI=40]
2026.03.24 14:45:00;DECISION;TP capped 147.46500 -> 110.59875 (3.0xATR)
2026.03.24 14:45:00;ERROR;limit SELL 0.01 @ 4368.35 sl=4442.08 tp=4257.75 rc=10015 [WT|CHOCH|0.80|RL]
2026.03.24 15:00:00;DECISION;TP capped 125.86000 -> 94.39500 (3.0xATR)
2026.03.24 15:00:00;ORDER;filled SELL 0.01 lots sl=4442.08 tp=4284.75 [WT|CHOCH|0.80]
2026.03.24 15:00:00;RISK;sizing: vol_ratio=0.77 scalar=1.00 gap_buf=12.66500 eff_stop=75.59500
2026.03.24 15:00:00;ORDER;entry fill deal #104 SELL 0.01 @ 4379.15000
2026.03.24 19:15:00;DECISION;setup SHORT score=0.75 entry=4397.53 inv=4430.93 tgt=0.00 [BOS short lvl=4402.47|RelVol=1.26|VPnode d=13.97|CycleTurn w=0.96<-1.00]
2026.03.24 19:15:00;DECISION;TP capped 66.82000 -> 65.59929 (3.0xATR)
2026.03.24 19:15:00;VETO;risk veto: max positions
2026.03.24 22:24:40;RISK;deal closed pnl=-62.93 streak=2 lock=0
2026.03.24 22:30:00;VETO;outlier bar masked, z=6.5
2026.03.25 01:30:00;DECISION;setup LONG score=0.80 entry=4489.89 inv=4455.97 tgt=0.00 AWAIT-RETEST [BOS long lvl=4485.76|RelVol=1.22|Retest@4489.89|VPnode d=4.69|VWAPside|RSI=74]
2026.03.25 07:30:00;VETO;signal rejected: volume: relVol 0.96 < 1.00
2026.03.25 10:30:00;DECISION;setup LONG score=1.00 entry=4566.92 inv=4533.26 tgt=0.00 AWAIT-RETEST [CHoCH long lvl=4563.29|RelVol=1.12|Retest@4566.92|VPnode d=6.78|VWAPside|CycleTurn w=-0.99<--1.00|RSI=56]
2026.03.25 10:45:00;VETO;authorization denied: outside session window (server hour 10, window 12-20)
2026.03.25 11:00:00;VETO;authorization denied: outside session window (server hour 11, window 12-20)
2026.03.25 11:15:00;VETO;authorization denied: outside session window (server hour 11, window 12-20)
2026.03.25 11:30:00;VETO;authorization denied: outside session window (server hour 11, window 12-20)
2026.03.25 13:30:00;DECISION;setup LONG score=1.00 entry=4571.25 inv=4527.80 tgt=0.00 AWAIT-RETEST [BOS long lvl=4567.86|RelVol=1.03|Retest@4571.25|VPnode d=6.35|VWAPside|CycleTurn w=-0.63<--0.96|RSI=63]
2026.03.25 13:30:00;DECISION;TP capped 86.89464 -> 65.17098 (3.0xATR)
2026.03.25 13:30:00;ORDER;limit BUY 0.02 @ 4571.25 sl=4527.80 tp=4636.42 rc=10009 [WT|BOS|1.00|RL]
2026.03.25 13:30:00;RISK;sizing: vol_ratio=0.73 scalar=1.00 gap_buf=6.77464 eff_stop=50.22196
2026.03.25 14:16:40;ORDER;entry fill deal #106 BUY 0.02 @ 4571.25000
2026.03.25 14:31:40;RISK;deal closed pnl=-86.90 streak=1 lock=0
2026.03.25 21:00:00;VETO;signal rejected: volume: relVol 0.96 < 1.00
2026.03.25 21:15:00;VETO;outlier bar masked, z=5.5
2026.03.26 03:00:00;VETO;signal rejected: volume: relVol 0.91 < 1.00
2026.03.26 07:30:00;DECISION;setup SHORT score=0.85 entry=4497.19 inv=4544.42 tgt=0.00 AWAIT-RETEST [CHoCH short lvl=4499.96|RelVol=1.23|Retest@4497.19|VPnear|VWAPside|CycleTurn w=0.61<-0.98|RSI=35]
2026.03.26 08:00:00;VETO;outlier bar masked, z=4.5
2026.03.26 16:30:00;DECISION;setup LONG score=0.55 entry=4461.45 inv=4420.23 tgt=0.00 AWAIT-RETEST [CHoCH long lvl=4456.64|RelVol=1.02|Retest@4461.45|VPnear|RSI=56]
2026.03.26 16:30:00;DECISION;TP capped 82.43857 -> 61.82893 (3.0xATR)
2026.03.26 16:30:00;ERROR;limit BUY 0.02 @ 4461.45 sl=4420.23 tp=4523.28 rc=10015 [WT|CHOCH|0.55|RL]
2026.03.26 16:45:00;DECISION;TP capped 79.80000 -> 60.43929 (3.0xATR)
2026.03.26 16:45:00;ORDER;filled BUY 0.02 lots sl=4420.23 tp=4520.57 [WT|CHOCH|0.55]
2026.03.26 16:45:00;RISK;sizing: vol_ratio=1.16 scalar=1.00 gap_buf=10.07321 eff_stop=49.97321
2026.03.26 16:45:00;ORDER;entry fill deal #108 BUY 0.02 @ 4460.13000
2026.03.26 18:20:40;RISK;deal closed pnl=-79.80 streak=1 lock=0
2026.03.26 18:30:00;VETO;outlier bar masked, z=6.1
2026.03.26 22:00:00;DECISION;setup SHORT score=0.85 entry=4364.03 inv=4399.41 tgt=0.00 [BOS short lvl=4367.79|RelVol=1.10|VWAPside|CycleTurn w=0.73<-0.88|ADX=43|RSI=32]
2026.03.26 22:00:00;VETO;authorization denied: outside session window (server hour 22, window 12-20)
2026.03.26 22:15:00;VETO;outlier bar masked, z=6.5
2026.03.26 22:30:00;DECISION;setup LONG score=0.60 entry=4403.69 inv=4367.79 tgt=0.00 AWAIT-RETEST [CHoCH long lvl=4399.41|RelVol=1.77|Retest@4403.69|VPnear|CycleTurn w=0.49<-0.33]
2026.03.26 22:45:00;VETO;authorization denied: outside session window (server hour 22, window 12-20)
2026.03.27 00:00:00;VETO;authorization denied: outside session window (server hour 00, window 12-20)
2026.03.27 00:15:00;VETO;authorization denied: outside session window (server hour 00, window 12-20)
2026.03.27 00:30:00;VETO;authorization denied: outside session window (server hour 00, window 12-20)
2026.03.27 03:00:00;VETO;signal rejected: volume: relVol 0.94 < 1.00
2026.03.27 03:45:00;VETO;signal rejected: volume: relVol 0.72 < 1.00
2026.03.27 07:00:00;DECISION;setup LONG score=0.90 entry=4446.13 inv=4421.10 tgt=0.00 [BOS long lvl=4446.01|RelVol=1.01|VPnode d=3.47|VWAPside|ADX=40|RSI=65]
2026.03.27 07:00:00;VETO;authorization denied: outside session window (server hour 07, window 12-20)
2026.03.27 07:15:00;VETO;authorization denied: outside session window (server hour 07, window 12-20)
2026.03.27 07:30:00;VETO;authorization denied: outside session window (server hour 07, window 12-20)
2026.03.27 07:45:00;VETO;authorization denied: outside session window (server hour 07, window 12-20)
2026.03.27 12:45:00;VETO;signal rejected: volume: relVol 0.88 < 1.00
2026.03.27 16:15:00;VETO;signal rejected: volume: relVol 0.82 < 1.00
2026.03.27 17:00:00;VETO;outlier bar masked, z=4.5
2026.03.30 01:00:00;VETO;signal rejected: volume: relVol 0.62 < 1.00
2026.03.30 01:15:00;VETO;outlier bar masked, z=4.7
2026.03.30 02:45:00;DECISION;setup SHORT score=0.75 entry=4463.98 inv=4513.98 tgt=0.00 AWAIT-RETEST [BOS short lvl=4468.39|RelVol=1.23|Retest@4463.98|VPnear|VWAPside|ADX=49|RSI=34]
2026.03.30 03:30:00;VETO;outlier bar masked, z=4.5
2026.03.30 04:30:00;VETO;authorization denied: outside session window (server hour 04, window 12-20)
2026.03.30 04:45:00;VETO;authorization denied: outside session window (server hour 04, window 12-20)
2026.03.30 05:00:00;VETO;authorization denied: outside session window (server hour 05, window 12-20)
2026.03.30 05:15:00;VETO;authorization denied: outside session window (server hour 05, window 12-20)
2026.03.30 05:45:00;VETO;outlier bar masked, z=3.5
2026.03.30 09:00:00;VETO;signal rejected: volume: relVol 0.96 < 1.00
2026.03.30 14:30:00;VETO;signal rejected: volume: relVol 0.90 < 1.00
2026.03.30 17:00:00;VETO;signal rejected: volume: relVol 0.98 < 1.00
2026.03.30 22:00:00;VETO;signal rejected: volume: relVol 0.80 < 1.00
2026.03.31 03:30:00;VETO;outlier bar masked, z=4.9
2026.03.31 03:45:00;VETO;outlier bar masked, z=3.6
2026.03.31 04:30:00;VETO;outlier bar masked, z=6.0
2026.03.31 04:45:00;VETO;outlier bar masked, z=5.8
2026.03.31 13:45:00;VETO;outlier bar masked, z=4.1
2026.03.31 14:30:00;VETO;outlier bar masked, z=4.3
2026.03.31 17:00:00;VETO;signal rejected: volume: relVol 0.76 < 1.00
2026.03.31 19:45:00;VETO;outlier bar masked, z=3.9
2026.04.01 03:15:00;VETO;signal rejected: volume: relVol 0.67 < 1.00
2026.04.01 07:15:00;VETO;signal rejected: volume: relVol 0.83 < 1.00
2026.04.01 08:45:00;VETO;signal rejected: volume: relVol 0.82 < 1.00
2026.04.01 14:30:00;VETO;signal rejected: volume: relVol 0.59 < 1.00
2026.04.01 17:45:00;VETO;signal rejected: volume: relVol 0.84 < 1.00
2026.04.02 02:15:00;VETO;signal rejected: volume: relVol 0.61 < 1.00
2026.04.02 04:15:00;VETO;outlier bar masked, z=8.7
2026.04.02 04:30:00;VETO;outlier bar masked, z=9.3
2026.04.02 04:45:00;VETO;outlier bar masked, z=8.0
2026.04.02 08:45:00;VETO;outlier bar masked, z=7.2
2026.04.02 09:00:00;VETO;outlier bar masked, z=6.3
2026.04.02 09:15:00;VETO;outlier bar masked, z=4.6
2026.04.02 14:45:00;VETO;signal rejected: volume: relVol 0.82 < 1.00
2026.04.02 16:15:00;VETO;signal rejected: volume: relVol 0.93 < 1.00
2026.04.02 17:00:00;VETO;outlier bar masked, z=4.8
2026.04.02 22:15:00;VETO;signal rejected: volume: relVol 0.97 < 1.00
2026.04.06 01:15:00;VETO;outlier bar masked, z=7.2
2026.04.06 02:00:00;VETO;outlier bar masked, z=5.4
2026.04.06 05:30:00;DECISION;setup LONG score=0.80 entry=4647.97 inv=4600.76 tgt=0.00 AWAIT-RETEST [CHoCH long lvl=4643.13|RelVol=1.23|Retest@4647.97|VPnode d=5.77|VWAPside|RSI=58]
2026.04.06 05:45:00;VETO;authorization denied: outside session window (server hour 05, window 12-20)
2026.04.06 06:00:00;VETO;authorization denied: outside session window (server hour 06, window 12-20)
2026.04.06 06:15:00;VETO;authorization denied: outside session window (server hour 06, window 12-20)
2026.04.06 06:30:00;VETO;authorization denied: outside session window (server hour 06, window 12-20)
2026.04.06 08:15:00;VETO;signal rejected: volume: relVol 0.68 < 1.00
2026.04.06 11:00:00;VETO;signal rejected: volume: relVol 1.00 < 1.00
2026.04.06 15:00:00;VETO;signal rejected: volume: relVol 0.54 < 1.00
2026.04.07 04:15:00;VETO;outlier bar masked, z=4.0
2026.04.07 04:45:00;VETO;outlier bar masked, z=3.6
2026.04.07 07:45:00;VETO;signal rejected: volume: relVol 0.62 < 1.00
2026.04.07 11:15:00;DECISION;setup LONG score=0.80 entry=4663.41 inv=4623.10 tgt=0.00 [BOS long lvl=4657.15|RelVol=1.32|VPnode d=1.21|VWAPside|RSI=58]
2026.04.07 11:15:00;VETO;authorization denied: outside session window (server hour 11, window 12-20)
2026.04.07 11:30:00;VETO;outlier bar masked, z=4.3
2026.04.07 11:45:00;VETO;authorization denied: outside session window (server hour 11, window 12-20)
2026.04.07 12:00:00;DECISION;TP capped 119.60000 -> 89.70000 (3.0xATR)
2026.04.07 12:00:00;ORDER;filled BUY 0.01 lots sl=4623.10 tp=4772.60 [WT|BOS|0.80]
2026.04.07 12:00:00;RISK;sizing: vol_ratio=1.13 scalar=1.00 gap_buf=6.87750 eff_stop=66.67750
2026.04.07 12:00:00;ORDER;entry fill deal #110 BUY 0.01 @ 4682.90000
2026.04.07 14:15:00;VETO;signal rejected: volume: relVol 0.95 < 1.00
2026.04.07 17:04:40;RISK;deal closed pnl=-59.80 streak=1 lock=0
2026.04.07 17:15:00;VETO;outlier bar masked, z=3.9
2026.04.07 17:30:00;VETO;outlier bar masked, z=4.0
2026.04.07 19:30:00;DECISION;setup LONG score=0.65 entry=4665.57 inv=4607.28 tgt=0.00 AWAIT-RETEST [CHoCH long lvl=4661.43|RelVol=1.01|Retest@4665.57|VPnode d=2.37|VWAPside]
2026.04.07 19:30:00;DECISION;TP capped 116.57250 -> 87.42938 (3.0xATR)
2026.04.07 19:30:00;ERROR;limit BUY 0.01 @ 4665.57 sl=4607.28 tp=4753.00 rc=10015 [WT|CHOCH|0.65|RL]
2026.04.07 19:45:00;DECISION;TP capped 107.64000 -> 80.73000 (3.0xATR)
2026.04.07 19:45:00;ORDER;filled BUY 0.01 lots sl=4607.28 tp=4741.83 [WT|CHOCH|0.65]
2026.04.07 19:45:00;RISK;sizing: vol_ratio=1.41 scalar=1.00 gap_buf=9.95143 eff_stop=63.77143
2026.04.07 19:45:00;ORDER;entry fill deal #112 BUY 0.01 @ 4661.10000
2026.04.07 20:45:00;DECISION;setup LONG score=0.90 entry=4672.28 inv=4607.28 tgt=0.00 [BOS long lvl=4668.42|RelVol=1.38|VPnode d=8.68|VWAPside|ADX=33|RSI=57]
2026.04.07 20:45:00;VETO;authorization denied: outside session window (server hour 20, window 12-20)
2026.04.07 21:00:00;VETO;authorization denied: outside session window (server hour 21, window 12-20)
2026.04.07 21:15:00;VETO;authorization denied: outside session window (server hour 21, window 12-20)
2026.04.07 21:30:00;VETO;authorization denied: outside session window (server hour 21, window 12-20)
2026.04.07 22:30:00;VETO;outlier bar masked, z=3.5
2026.04.07 22:48:20;MANAGE;#113 SL 4607.28 -> 4661.14 breakeven
2026.04.07 22:48:40;MANAGE;#113 SL 4661.14 -> 4680.61 trail
2026.04.07 22:48:59;MANAGE;#113 SL 4680.61 -> 4682.66 trail
2026.04.07 22:49:20;MANAGE;#113 SL 4682.66 -> 4690.39 trail
2026.04.08 01:00:40;RISK;deal closed pnl=80.60 streak=0 lock=0
2026.04.08 01:15:00;VETO;outlier bar masked, z=5.7
2026.04.08 01:45:00;VETO;outlier bar masked, z=7.9
2026.04.08 02:00:00;VETO;outlier bar masked, z=6.6
2026.04.08 09:00:00;DECISION;setup LONG score=1.00 entry=4827.53 inv=4790.20 tgt=0.00 [BOS long lvl=4825.27|RelVol=1.04|VPnode d=4.73|VWAPside|CycleTurn w=-0.94<--0.97|RSI=70]
2026.04.08 09:00:00;VETO;authorization denied: outside session window (server hour 09, window 12-20)
2026.04.08 09:15:00;VETO;authorization denied: outside session window (server hour 09, window 12-20)
2026.04.08 09:30:00;VETO;authorization denied: outside session window (server hour 09, window 12-20)
2026.04.08 09:45:00;VETO;authorization denied: outside session window (server hour 09, window 12-20)
2026.04.08 12:45:00;DECISION;setup SHORT score=0.80 entry=4786.95 inv=4843.82 tgt=0.00 AWAIT-RETEST [CHoCH short lvl=4790.53|RelVol=1.05|Retest@4786.95|VPnode d=7.45|VWAPside|RSI=38]
2026.04.08 12:45:00;DECISION;TP capped 113.74000 -> 85.30500 (3.0xATR)
2026.04.08 12:45:00;ORDER;limit SELL 0.01 @ 4786.95 sl=4843.82 tp=4701.65 rc=10009 [WT|CHOCH|0.80|RL]
2026.04.08 12:45:00;RISK;sizing: vol_ratio=0.84 scalar=1.00 gap_buf=7.16000 eff_stop=64.03000
2026.04.08 12:50:40;ORDER;entry fill deal #114 SELL 0.01 @ 4786.95000
2026.04.08 15:30:00;VETO;outlier bar masked, z=4.0
2026.04.08 17:30:00;DECISION;setup SHORT score=0.80 entry=4768.06 inv=4806.70 tgt=0.00 [BOS short lvl=4768.79|RelVol=1.02|VPnode d=6.54|VWAPside|RSI=38]
2026.04.08 17:30:00;DECISION;TP capped 77.28000 -> 57.96000 (3.0xATR)
2026.04.08 17:30:00;VETO;risk veto: max positions
2026.04.08 20:45:00;DECISION;setup SHORT score=0.55 entry=4740.49 inv=4765.62 tgt=0.00 [BOS short lvl=4745.40|RelVol=1.21|VWAPside|RSI=35]
2026.04.08 20:45:00;VETO;authorization denied: outside session window (server hour 20, window 12-20)
2026.04.08 21:00:00;VETO;authorization denied: outside session window (server hour 21, window 12-20)
2026.04.08 21:00:20;MANAGE;#115 SL 4843.82 -> 4786.91 breakeven
2026.04.08 21:00:40;MANAGE;#115 SL 4786.91 -> 4763.09 trail
2026.04.08 21:00:59;MANAGE;#115 SL 4763.09 -> 4762.76 trail
2026.04.08 21:01:20;MANAGE;#115 SL 4762.76 -> 4761.34 trail
2026.04.08 21:15:00;VETO;authorization denied: outside session window (server hour 21, window 12-20)
2026.04.08 21:18:40;MANAGE;#115 SL 4761.34 -> 4744.69 trail
2026.04.08 21:30:00;VETO;authorization denied: outside session window (server hour 21, window 12-20)
2026.04.08 21:37:40;MANAGE;#115 SL 4744.69 -> 4743.93 trail
2026.04.08 21:38:40;MANAGE;#115 SL 4743.93 -> 4740.88 trail
2026.04.08 21:39:40;MANAGE;#115 SL 4740.88 -> 4740.00 trail
2026.04.08 21:41:40;MANAGE;#115 SL 4740.00 -> 4739.60 trail
2026.04.08 21:42:20;MANAGE;#115 SL 4739.60 -> 4737.83 trail
2026.04.08 21:43:40;MANAGE;#115 SL 4737.83 -> 4734.81 trail
2026.04.08 21:50:40;MANAGE;#115 SL 4734.81 -> 4733.17 trail
2026.04.08 21:51:40;MANAGE;#115 SL 4733.17 -> 4731.00 trail
2026.04.08 21:56:20;MANAGE;#115 SL 4731.00 -> 4730.39 trail
2026.04.08 22:00:40;RISK;deal closed pnl=85.30 streak=0 lock=0
2026.04.09 03:15:00;VETO;signal rejected: volume: relVol 0.70 < 1.00
2026.04.09 04:15:00;DECISION;setup LONG score=0.65 entry=4723.27 inv=4698.62 tgt=0.00 AWAIT-RETEST [CHoCH long lvl=4720.00|RelVol=1.04|Retest@4723.27|VPnode d=5.47|VWAPside]
2026.04.09 04:30:00;VETO;authorization denied: outside session window (server hour 04, window 12-20)
2026.04.09 04:45:00;VETO;authorization denied: outside session window (server hour 04, window 12-20)
2026.04.09 05:00:00;VETO;authorization denied: outside session window (server hour 05, window 12-20)
2026.04.09 05:15:00;VETO;authorization denied: outside session window (server hour 05, window 12-20)
2026.04.09 13:30:00;VETO;signal rejected: volume: relVol 0.87 < 1.00
2026.04.09 16:45:00;VETO;signal rejected: volume: relVol 0.87 < 1.00
2026.04.09 18:30:00;VETO;signal rejected: volume: relVol 0.98 < 1.00
2026.04.09 21:15:00;VETO;signal rejected: score 0.50 < 0.55 [CHoCH short lvl=4784.49|RelVol=1.05|Retest@4781.61|CycleTurn w=-0.05<-0.85]
2026.04.10 01:30:00;VETO;signal rejected: volume: relVol 0.44 < 1.00
2026.04.10 05:30:00;VETO;signal rejected: volume: relVol 0.97 < 1.00
2026.04.10 09:15:00;VETO;signal rejected: volume: relVol 0.74 < 1.00
2026.04.10 12:00:00;DECISION;setup SHORT score=0.75 entry=4740.77 inv=4757.61 tgt=0.00 [BOS short lvl=4741.30|RelVol=1.22|VPnear|VWAPside|ADX=37|RSI=35]
2026.04.10 12:00:00;DECISION;TP capped 33.68000 -> 26.28643 (3.0xATR)
2026.04.10 12:00:00;ORDER;filled SELL 0.04 lots sl=4757.61 tp=4714.48 [WT|BOS|0.75]
2026.04.10 12:00:00;RISK;sizing: vol_ratio=0.86 scalar=1.00 gap_buf=4.38107 eff_stop=21.22107
2026.04.10 12:00:00;ORDER;entry fill deal #116 SELL 0.04 @ 4740.77000
2026.04.10 12:19:40;RISK;deal closed pnl=-67.36 streak=1 lock=0
2026.04.10 14:30:00;VETO;signal rejected: volume: relVol 0.60 < 1.00
2026.04.10 17:30:00;VETO;signal rejected: volume: relVol 0.85 < 1.00
2026.04.13 01:15:00;VETO;outlier bar masked, z=44.0
2026.04.13 01:30:00;VETO;outlier bar masked, z=7.9
2026.04.13 04:15:00;VETO;outlier bar masked, z=4.1
2026.04.13 09:00:00;VETO;signal rejected: volume: relVol 0.80 < 1.00
2026.04.13 12:15:00;DECISION;setup SHORT score=0.75 entry=4718.54 inv=4740.03 tgt=0.00 AWAIT-RETEST [CHoCH short lvl=4720.73|RelVol=1.01|Retest@4718.54|VPnode d=2.36|CycleTurn w=-0.47<-0.54]
2026.04.13 12:15:00;DECISION;TP capped 42.98536 -> 32.23902 (3.0xATR)
2026.04.13 12:15:00;ERROR;limit SELL 0.03 @ 4718.54 sl=4740.03 tp=4686.30 rc=10015 [WT|CHOCH|0.75|RL]
2026.04.13 12:30:00;DECISION;TP capped 49.52000 -> 37.14000 (3.0xATR)
2026.04.13 12:30:00;ORDER;filled SELL 0.03 lots sl=4740.03 tp=4678.13 [WT|CHOCH|0.75]
2026.04.13 12:30:00;RISK;sizing: vol_ratio=0.72 scalar=1.00 gap_buf=4.27214 eff_stop=29.03214
2026.04.13 12:30:00;ORDER;entry fill deal #118 SELL 0.03 @ 4715.27000
2026.04.13 14:45:00;VETO;signal rejected: volume: relVol 0.76 < 1.00
2026.04.13 16:15:00;VETO;signal rejected: volume: relVol 0.82 < 1.00
2026.04.13 16:49:40;RISK;deal closed pnl=-74.28 streak=1 lock=0
2026.04.14 01:45:00;VETO;signal rejected: volume: relVol 0.58 < 1.00
2026.04.14 03:45:00;VETO;signal rejected: volume: relVol 0.77 < 1.00
2026.04.14 08:15:00;VETO;signal rejected: volume: relVol 0.65 < 1.00
2026.04.14 10:00:00;DECISION;setup LONG score=1.00 entry=4778.77 inv=4758.00 tgt=0.00 AWAIT-RETEST [CHoCH long lvl=4777.03|RelVol=1.14|Retest@4778.77|VPnode d=3.57|VWAPside|CycleTurn w=-0.93<--0.99|RSI=66]
2026.04.14 10:30:00;VETO;outlier bar masked, z=3.9
2026.04.14 10:45:00;VETO;authorization denied: outside session window (server hour 10, window 12-20)
2026.04.14 11:00:00;VETO;authorization denied: outside session window (server hour 11, window 12-20)
2026.04.14 11:15:00;VETO;authorization denied: outside session window (server hour 11, window 12-20)
2026.04.14 11:30:00;VETO;authorization denied: outside session window (server hour 11, window 12-20)
2026.04.14 13:45:00;VETO;outlier bar masked, z=6.4
2026.04.14 16:45:00;VETO;outlier bar masked, z=4.0
2026.04.14 20:15:00;VETO;outlier bar masked, z=4.2
2026.04.15 01:00:00;DECISION;setup LONG score=0.55 entry=4844.90 inv=4830.95 tgt=0.00 [BOS long lvl=4843.38|RelVol=1.52|ADX=45|RSI=73]
2026.04.15 01:00:00;VETO;authorization denied: outside session window (server hour 01, window 12-20)
2026.04.15 01:15:00;VETO;authorization denied: outside session window (server hour 01, window 12-20)
2026.04.15 01:30:00;VETO;authorization denied: outside session window (server hour 01, window 12-20)
2026.04.15 01:45:00;VETO;authorization denied: outside session window (server hour 01, window 12-20)
2026.04.15 03:45:00;VETO;signal rejected: volume: relVol 0.62 < 1.00
2026.04.15 04:15:00;VETO;outlier bar masked, z=4.5
2026.04.15 04:30:00;VETO;outlier bar masked, z=5.9
2026.04.15 06:00:00;DECISION;setup SHORT score=0.65 entry=4824.78 inv=4871.42 tgt=0.00 AWAIT-RETEST [CHoCH short lvl=4827.02|RelVol=1.30|Retest@4824.78|VPnear|VWAPside|RSI=42]
2026.04.15 06:15:00;VETO;authorization denied: outside session window (server hour 06, window 12-20)
2026.04.15 06:30:00;VETO;authorization denied: outside session window (server hour 06, window 12-20)
2026.04.15 06:45:00;VETO;authorization denied: outside session window (server hour 06, window 12-20)
2026.04.15 07:00:00;VETO;authorization denied: outside session window (server hour 07, window 12-20)
2026.04.15 08:45:00;DECISION;setup SHORT score=0.80 entry=4816.81 inv=4829.58 tgt=0.00 [BOS short lvl=4820.52|RelVol=1.23|VPnode d=1.39|VWAPside|RSI=38]
2026.04.15 08:45:00;VETO;authorization denied: outside session window (server hour 08, window 12-20)
2026.04.15 09:00:00;VETO;authorization denied: outside session window (server hour 09, window 12-20)
2026.04.15 09:15:00;VETO;authorization denied: outside session window (server hour 09, window 12-20)
2026.04.15 09:30:00;VETO;authorization denied: outside session window (server hour 09, window 12-20)
2026.04.15 10:00:00;DECISION;setup SHORT score=0.80 entry=4811.67 inv=4830.39 tgt=0.00 [BOS short lvl=4812.63|RelVol=1.06|VPnode d=1.93|VWAPside|RSI=36]
2026.04.15 10:00:00;VETO;authorization denied: outside session window (server hour 10, window 12-20)
2026.04.15 10:15:00;VETO;authorization denied: outside session window (server hour 10, window 12-20)
2026.04.15 10:30:00;VETO;authorization denied: outside session window (server hour 10, window 12-20)
2026.04.15 10:45:00;VETO;authorization denied: outside session window (server hour 10, window 12-20)
2026.04.15 12:15:00;VETO;outlier bar masked, z=5.4
2026.04.15 12:30:00;DECISION;setup SHORT score=0.65 entry=4798.00 inv=4830.39 tgt=0.00 [BOS short lvl=4804.61|RelVol=1.23|VPnear|VWAPside|RSI=32]
2026.04.15 12:30:00;DECISION;TP capped 65.02000 -> 48.76500 (3.0xATR)
2026.04.15 12:30:00;ORDER;filled SELL 0.02 lots sl=4830.39 tp=4749.11 [WT|BOS|0.65]
2026.04.15 12:30:00;RISK;sizing: vol_ratio=1.01 scalar=1.00 gap_buf=5.05000 eff_stop=37.56000
2026.04.15 12:30:00;ORDER;entry fill deal #120 SELL 0.02 @ 4797.88000
2026.04.15 16:30:00;VETO;signal rejected: volume: relVol 0.82 < 1.00
2026.04.15 17:17:20;RISK;deal closed pnl=-65.02 streak=1 lock=0
2026.04.16 02:00:00;VETO;signal rejected: volume: relVol 0.63 < 1.00
2026.04.16 04:45:00;VETO;signal rejected: volume: relVol 0.81 < 1.00
2026.04.16 07:45:00;VETO;signal rejected: volume: relVol 0.49 < 1.00
2026.04.16 11:15:00;VETO;signal rejected: volume: relVol 1.00 < 1.00
2026.04.16 15:00:00;VETO;signal rejected: volume: relVol 0.68 < 1.00
2026.04.16 17:00:00;VETO;outlier bar masked, z=10.4
2026.04.16 17:15:00;VETO;outlier bar masked, z=4.7
2026.04.16 17:45:00;VETO;outlier bar masked, z=6.8
2026.04.16 18:15:00;VETO;outlier bar masked, z=5.5
2026.04.16 22:45:00;VETO;signal rejected: volume: relVol 0.81 < 1.00
2026.04.17 03:45:00;VETO;signal rejected: volume: relVol 0.61 < 1.00
2026.04.17 04:15:00;VETO;outlier bar masked, z=7.3
2026.04.17 04:30:00;VETO;outlier bar masked, z=3.9
2026.04.17 07:45:00;VETO;signal rejected: volume: relVol 0.44 < 1.00
2026.04.17 09:30:00;VETO;signal rejected: volume: relVol 0.80 < 1.00
2026.04.17 11:45:00;VETO;signal rejected: volume: relVol 0.69 < 1.00
2026.04.17 15:15:00;VETO;signal rejected: volume: relVol 0.68 < 1.00
2026.04.17 15:30:00;VETO;outlier bar masked, z=3.6
2026.04.17 16:00:00;VETO;outlier bar masked, z=6.9
2026.04.17 16:15:00;VETO;outlier bar masked, z=16.6
2026.04.17 16:30:00;VETO;outlier bar masked, z=9.1
2026.04.17 16:45:00;VETO;outlier bar masked, z=5.8
2026.04.17 17:00:00;VETO;outlier bar masked, z=7.5
2026.04.17 17:15:00;VETO;outlier bar masked, z=5.7
2026.04.20 01:15:00;VETO;outlier bar masked, z=29.0
2026.04.20 02:45:00;VETO;outlier bar masked, z=6.2
2026.04.20 04:15:00;VETO;outlier bar masked, z=4.1
2026.04.20 07:45:00;VETO;signal rejected: volume: relVol 0.62 < 1.00
2026.04.20 10:15:00;VETO;signal rejected: volume: relVol 0.96 < 1.00
2026.04.20 13:30:00;VETO;signal rejected: volume: relVol 0.65 < 1.00
2026.04.20 15:00:00;DECISION;setup LONG score=0.80 entry=4802.69 inv=4783.52 tgt=0.00 AWAIT-RETEST [BOS long lvl=4800.99|RelVol=1.06|Retest@4802.69|VPnode d=0.31|VWAPside|RSI=65]
2026.04.20 15:00:00;DECISION;TP capped 38.34643 -> 28.75982 (3.0xATR)
2026.04.20 15:00:00;ORDER;limit BUY 0.04 @ 4802.69 sl=4783.52 tp=4831.45 rc=10009 [WT|BOS|0.80|RL]
2026.04.20 15:00:00;RISK;sizing: vol_ratio=0.61 scalar=1.00 gap_buf=3.40643 eff_stop=22.57964
2026.04.20 15:35:40;ORDER;entry fill deal #122 BUY 0.04 @ 4802.69000
2026.04.20 16:29:40;MANAGE;#123 SL 4783.52 -> 4802.73 breakeven
2026.04.20 16:29:40;MANAGE;#123 partial close 0.02 of 0.04 lots
2026.04.20 16:29:40;RISK;deal closed pnl=46.28 streak=0 lock=0
2026.04.20 16:29:59;MANAGE;#123 SL 4802.73 -> 4805.71 trail
2026.04.20 16:30:00;VETO;signal rejected: volume: relVol 0.88 < 1.00
2026.04.20 16:30:20;MANAGE;#123 SL 4805.71 -> 4806.74 trail
2026.04.20 17:51:40;RISK;deal closed pnl=8.10 streak=0 lock=0
2026.04.21 01:15:00;VETO;signal rejected: volume: relVol 0.96 < 1.00
2026.04.21 05:00:00;VETO;signal rejected: volume: relVol 0.68 < 1.00
2026.04.21 14:00:00;VETO;signal rejected: volume: relVol 0.61 < 1.00
2026.04.21 15:45:00;VETO;outlier bar masked, z=4.7
2026.04.21 16:15:00;DECISION;setup SHORT score=0.85 entry=4773.40 inv=4797.95 tgt=0.00 AWAIT-RETEST [CHoCH short lvl=4775.39|RelVol=1.01|Retest@4773.40|VPnear|VWAPside|CycleTurn w=-0.12<-0.76|RSI=33]
2026.04.21 16:15:00;DECISION;TP capped 49.09643 -> 36.82232 (3.0xATR)
2026.04.21 16:15:00;ORDER;limit SELL 0.03 @ 4773.40 sl=4797.95 tp=4736.58 rc=10009 [WT|CHOCH|0.85|RL]
2026.04.21 16:15:00;RISK;sizing: vol_ratio=1.11 scalar=1.00 gap_buf=4.63000 eff_stop=29.17821
2026.04.21 16:28:40;ORDER;entry fill deal #125 SELL 0.03 @ 4773.40000
2026.04.21 16:45:00;VETO;outlier bar masked, z=4.2
2026.04.21 17:44:40;MANAGE;#126 SL 4797.95 -> 4773.36 breakeven
2026.04.21 17:44:40;MANAGE;#126 partial close 0.01 of 0.03 lots
2026.04.21 17:44:40;RISK;deal closed pnl=29.79 streak=0 lock=0
2026.04.21 17:44:59;MANAGE;#126 SL 4773.36 -> 4770.70 trail
2026.04.21 17:45:00;VETO;outlier bar masked, z=6.3
2026.04.21 17:45:40;MANAGE;#126 SL 4770.70 -> 4769.57 trail
2026.04.21 17:46:40;RISK;deal closed pnl=73.64 streak=0 lock=0
2026.04.21 18:00:00;VETO;outlier bar masked, z=3.7
2026.04.21 18:15:00;VETO;outlier bar masked, z=4.0
2026.04.21 19:30:00;DECISION;setup SHORT score=0.65 entry=4720.80 inv=4794.39 tgt=0.00 [BOS short lvl=4723.72|RelVol=1.32|VWAPside|ADX=35|RSI=27]
2026.04.21 19:30:00;DECISION;TP capped 147.18000 -> 110.38500 (3.0xATR)
2026.04.21 19:30:00;ORDER;filled SELL 0.01 lots sl=4794.39 tp=4610.41 [WT|BOS|0.65]
2026.04.21 19:30:00;RISK;sizing: vol_ratio=1.86 scalar=1.00 gap_buf=8.65964 eff_stop=82.24964
2026.04.21 19:30:00;ORDER;entry fill deal #128 SELL 0.01 @ 4720.80000
2026.04.21 20:45:00;VETO;outlier bar masked, z=4.4
2026.04.21 22:45:00;VETO;outlier bar masked, z=9.3
2026.04.22 01:15:00;VETO;outlier bar masked, z=9.1
2026.04.22 02:30:00;VETO;signal rejected: volume: relVol 0.76 < 1.00
2026.04.22 04:45:00;VETO;signal rejected: volume: relVol 0.82 < 1.00
2026.04.22 08:30:00;DECISION;setup LONG score=0.90 entry=4766.14 inv=4735.93 tgt=0.00 [BOS long lvl=4765.05|RelVol=1.44|VPnode d=4.34|VWAPside|ADX=32|RSI=66]
2026.04.22 08:30:00;VETO;authorization denied: outside session window (server hour 08, window 12-20)
2026.04.22 08:45:00;VETO;authorization denied: outside session window (server hour 08, window 12-20)
2026.04.22 09:00:00;VETO;authorization denied: outside session window (server hour 09, window 12-20)
2026.04.22 09:15:00;VETO;authorization denied: outside session window (server hour 09, window 12-20)
2026.04.22 13:15:00;DECISION;setup SHORT score=0.80 entry=4750.32 inv=4772.35 tgt=0.00 AWAIT-RETEST [CHoCH short lvl=4751.81|RelVol=1.13|Retest@4750.32|VPnode d=1.32|VWAPside|RSI=41]
2026.04.22 13:15:00;VETO;retest limit risk veto: max positions
2026.04.22 13:30:00;DECISION;TP capped 35.24000 -> 26.43000 (3.0xATR)
2026.04.22 13:30:00;VETO;risk veto: max positions
2026.04.22 16:00:00;VETO;signal rejected: volume: relVol 0.73 < 1.00
2026.04.22 17:45:00;DECISION;setup SHORT score=0.65 entry=4733.18 inv=4760.98 tgt=0.00 [BOS short lvl=4736.28|RelVol=1.06|VPnear|VWAPside|RSI=34]
2026.04.22 17:45:00;DECISION;TP capped 55.72000 -> 41.79000 (3.0xATR)
2026.04.22 17:45:00;VETO;risk veto: max positions
2026.04.22 18:45:00;VETO;signal rejected: volume: relVol 0.81 < 1.00
2026.04.22 22:00:00;VETO;signal rejected: volume: relVol 0.80 < 1.00
2026.04.23 01:45:00;VETO;signal rejected: volume: relVol 0.59 < 1.00
2026.04.23 03:15:00;VETO;outlier bar masked, z=8.9
2026.04.23 03:30:00;VETO;outlier bar masked, z=16.2
2026.04.23 04:00:00;DECISION;setup LONG score=1.00 entry=4747.34 inv=4723.41 tgt=0.00 AWAIT-RETEST [CHoCH long lvl=4745.71|RelVol=1.25|Retest@4747.34|VPnode d=0.74|VWAPside|CycleTurn w=-0.04<--0.85|RSI=57]
2026.04.23 04:15:00;VETO;authorization denied: outside session window (server hour 04, window 12-20)
2026.04.23 04:30:00;VETO;authorization denied: outside session window (server hour 04, window 12-20)
2026.04.23 04:45:00;VETO;authorization denied: outside session window (server hour 04, window 12-20)
2026.04.23 05:00:00;VETO;authorization denied: outside session window (server hour 05, window 12-20)
2026.04.23 05:15:00;VETO;outlier bar masked, z=4.0
2026.04.23 12:15:00;DECISION;setup SHORT score=1.00 entry=4700.79 inv=4724.78 tgt=0.00 AWAIT-RETEST [CHoCH short lvl=4702.99|RelVol=1.22|Retest@4700.79|VPnode d=2.79|VWAPside|CycleTurn w=0.54<-0.91|RSI=38]
2026.04.23 12:15:00;VETO;retest limit risk veto: max positions
2026.04.23 12:30:00;DECISION;TP capped 47.56000 -> 35.67000 (3.0xATR)
2026.04.23 12:30:00;VETO;risk veto: max positions
2026.04.23 15:15:00;VETO;outlier bar masked, z=3.6
2026.04.23 20:15:00;VETO;outlier bar masked, z=6.1
2026.04.23 20:30:00;DECISION;setup SHORT score=0.65 entry=4713.03 inv=4740.89 tgt=0.00 AWAIT-RETEST [CHoCH short lvl=4715.56|RelVol=1.79|Retest@4713.03|VPnear|VWAPside|RSI=40]
2026.04.23 20:45:00;VETO;outlier bar masked, z=9.0
2026.04.23 21:00:00;VETO;outlier bar masked, z=10.6
2026.04.23 21:15:00;VETO;authorization denied: outside session window (server hour 21, window 12-20)
2026.04.23 21:30:00;VETO;authorization denied: outside session window (server hour 21, window 12-20)
2026.04.23 21:45:00;VETO;authorization denied: outside session window (server hour 21, window 12-20)
2026.04.23 22:00:00;VETO;authorization denied: outside session window (server hour 22, window 12-20)
2026.04.24 05:30:00;DECISION;setup SHORT score=1.00 entry=4683.65 inv=4711.05 tgt=0.00 [BOS short lvl=4686.73|RelVol=1.20|VPnode d=6.95|VWAPside|CycleTurn w=0.36<-0.85|RSI=40]
2026.04.24 05:30:00;VETO;authorization denied: outside session window (server hour 05, window 12-20)
2026.04.24 05:45:00;VETO;authorization denied: outside session window (server hour 05, window 12-20)
2026.04.24 06:00:00;VETO;authorization denied: outside session window (server hour 06, window 12-20)
2026.04.24 06:15:00;VETO;authorization denied: outside session window (server hour 06, window 12-20)
2026.04.24 07:30:00;DECISION;setup SHORT score=0.65 entry=4666.12 inv=4711.05 tgt=0.00 AWAIT-RETEST [BOS short lvl=4668.67|RelVol=1.50|Retest@4666.12|VWAPside|ADX=52|RSI=30]
2026.04.24 07:45:00;VETO;authorization denied: outside session window (server hour 07, window 12-20)
2026.04.24 08:00:00;VETO;authorization denied: outside session window (server hour 08, window 12-20)
2026.04.24 08:15:00;VETO;authorization denied: outside session window (server hour 08, window 12-20)
2026.04.24 08:30:00;VETO;authorization denied: outside session window (server hour 08, window 12-20)
2026.04.24 11:00:00;VETO;signal rejected: volume: relVol 0.81 < 1.00
2026.04.24 13:45:00;DECISION;setup SHORT score=0.85 entry=4677.42 inv=4696.75 tgt=0.00 AWAIT-RETEST [CHoCH short lvl=4679.28|RelVol=1.06|Retest@4677.42|VPnode d=0.62|VWAPside|CycleTurn w=-0.72<-0.32]
2026.04.24 13:45:00;VETO;retest limit risk veto: max positions
2026.04.24 14:00:00;DECISION;TP capped 37.94000 -> 28.45500 (3.0xATR)
2026.04.24 14:00:00;VETO;risk veto: max positions
2026.04.24 14:15:00;VETO;outlier bar masked, z=4.9
2026.04.24 14:30:00;VETO;outlier bar masked, z=4.6
2026.04.24 17:15:00;VETO;outlier bar masked, z=6.3
2026.04.24 22:00:00;RISK;FLATTEN ALL: Friday flatten: weekend gap protection
2026.04.24 22:00:00;RISK;deal closed pnl=-2.18 streak=1 lock=0
2026.04.27 01:00:00;VETO;signal rejected: volume: relVol 0.92 < 1.00
2026.04.27 01:15:00;VETO;outlier bar masked, z=7.8
2026.04.27 02:30:00;VETO;signal rejected: volume: relVol 0.74 < 1.00
2026.04.27 05:45:00;VETO;signal rejected: volume: relVol 0.93 < 1.00
2026.04.27 12:00:00;VETO;signal rejected: volume: relVol 0.90 < 1.00
2026.04.27 15:45:00;VETO;signal rejected: volume: relVol 0.86 < 1.00
2026.04.28 01:15:00;VETO;signal rejected: volume: relVol 0.65 < 1.00
2026.04.28 02:45:00;VETO;signal rejected: volume: relVol 0.58 < 1.00
2026.04.28 05:00:00;VETO;outlier bar masked, z=4.5
2026.04.28 08:15:00;VETO;outlier bar masked, z=5.1
2026.04.28 08:45:00;VETO;outlier bar masked, z=10.9
2026.04.28 09:15:00;VETO;outlier bar masked, z=4.4
2026.04.28 09:30:00;VETO;outlier bar masked, z=4.5
2026.04.28 11:15:00;VETO;outlier bar masked, z=4.2
2026.04.28 12:45:00;DECISION;setup SHORT score=1.00 entry=4613.73 inv=4635.49 tgt=0.00 [BOS short lvl=4614.73|RelVol=1.29|VPnode d=5.73|VWAPside|CycleTurn w=0.95<-0.97|ADX=32|RSI=31]
2026.04.28 12:45:00;DECISION;TP capped 43.52000 -> 32.64000 (3.0xATR)
2026.04.28 12:45:00;ORDER;filled SELL 0.03 lots sl=4635.49 tp=4581.09 [WT|BOS|1.00]
2026.04.28 12:45:00;RISK;sizing: vol_ratio=1.44 scalar=1.00 gap_buf=5.39893 eff_stop=27.15893
2026.04.28 12:45:00;ORDER;entry fill deal #130 SELL 0.03 @ 4613.73000
2026.04.28 14:33:40;MANAGE;#131 SL 4635.49 -> 4613.69 breakeven
2026.04.28 14:33:40;MANAGE;#131 partial close 0.01 of 0.03 lots
2026.04.28 14:33:40;RISK;deal closed pnl=22.64 streak=0 lock=0
2026.04.28 14:33:59;MANAGE;#131 SL 4613.69 -> 4611.39 trail
2026.04.28 14:34:40;MANAGE;#131 SL 4611.39 -> 4608.62 trail
2026.04.28 14:35:40;MANAGE;#131 SL 4608.62 -> 4607.44 trail
2026.04.28 14:36:40;RISK;deal closed pnl=65.28 streak=0 lock=0
2026.04.28 14:45:00;VETO;outlier bar masked, z=6.6
2026.04.28 15:15:00;VETO;outlier bar masked, z=5.0
2026.04.28 15:30:00;VETO;outlier bar masked, z=4.2
2026.04.29 03:15:00;DECISION;setup LONG score=1.00 entry=4601.28 inv=4557.29 tgt=0.00 AWAIT-RETEST [CHoCH long lvl=4599.93|RelVol=1.02|Retest@4601.28|VPnode d=3.08|VWAPside|CycleTurn w=-0.56<--0.96|RSI=64]
2026.04.29 03:30:00;VETO;authorization denied: outside session window (server hour 03, window 12-20)
2026.04.29 03:45:00;VETO;authorization denied: outside session window (server hour 03, window 12-20)
2026.04.29 04:00:00;VETO;authorization denied: outside session window (server hour 04, window 12-20)
2026.04.29 04:15:00;DECISION;setup SHORT score=1.00 entry=4586.05 inv=4610.25 tgt=0.00 AWAIT-RETEST [CHoCH short lvl=4587.90|RelVol=1.08|Retest@4586.05|VPnode d=2.15|VWAPside|CycleTurn w=0.96<-0.99|RSI=40]
2026.04.29 04:30:00;VETO;authorization denied: outside session window (server hour 04, window 12-20)
2026.04.29 04:45:00;VETO;authorization denied: outside session window (server hour 04, window 12-20)
2026.04.29 05:00:00;VETO;authorization denied: outside session window (server hour 05, window 12-20)
2026.04.29 05:15:00;VETO;authorization denied: outside session window (server hour 05, window 12-20)
2026.04.29 08:00:00;VETO;signal rejected: volume: relVol 0.88 < 1.00
2026.04.29 09:00:00;VETO;signal rejected: volume: relVol 0.85 < 1.00
2026.04.29 13:00:00;DECISION;setup SHORT score=0.65 entry=4555.67 inv=4607.73 tgt=0.00 [BOS short lvl=4557.19|RelVol=1.39|VWAPside|ADX=41|RSI=27]
2026.04.29 13:00:00;DECISION;TP capped 104.12000 -> 78.09000 (3.0xATR)
2026.04.29 13:00:00;ORDER;filled SELL 0.01 lots sl=4607.73 tp=4477.58 [WT|BOS|0.65]
2026.04.29 13:00:00;RISK;sizing: vol_ratio=0.92 scalar=1.00 gap_buf=4.57286 eff_stop=56.63286
2026.04.29 13:00:00;ORDER;entry fill deal #133 SELL 0.01 @ 4555.67000
2026.04.29 16:00:00;DECISION;setup SHORT score=0.75 entry=4544.91 inv=4576.60 tgt=0.00 [BOS short lvl=4551.51|RelVol=1.04|VWAPside|CycleTurn w=-0.15<-0.83|RSI=30]
2026.04.29 16:00:00;DECISION;TP capped 63.38000 -> 47.53500 (3.0xATR)
2026.04.29 16:00:00;VETO;risk veto: max positions
2026.04.29 16:45:00;VETO;outlier bar masked, z=4.4
2026.04.29 21:15:00;VETO;outlier bar masked, z=5.5
2026.04.29 22:00:00;VETO;outlier bar masked, z=4.1
2026.04.30 02:00:00;VETO;signal rejected: volume: relVol 0.94 < 1.00
2026.04.30 10:00:00;DECISION;setup LONG score=0.75 entry=4584.76 inv=4540.93 tgt=0.00 AWAIT-RETEST [BOS long lvl=4582.57|RelVol=1.11|Retest@4584.76|VPnear|VWAPside|ADX=33|RSI=70]
2026.04.30 11:03:40;RISK;deal closed pnl=-52.20 streak=1 lock=0
2026.04.30 11:15:00;VETO;outlier bar masked, z=7.1
2026.04.30 13:30:00;DECISION;setup LONG score=0.75 entry=4632.07 inv=4540.93 tgt=0.00 AWAIT-RETEST [BOS long lvl=4629.56|RelVol=1.48|Retest@4632.07|VPnear|VWAPside|ADX=70|RSI=81]
2026.04.30 13:30:00;DECISION;TP capped 182.28714 -> 136.71536 (3.0xATR)
2026.04.30 13:30:00;ORDER;limit BUY 0.01 @ 4632.07 sl=4540.93 tp=4768.79 rc=10009 [WT|BOS|0.75|RL]
2026.04.30 13:30:00;RISK;sizing: vol_ratio=1.10 scalar=1.00 gap_buf=5.57857 eff_stop=96.72214
2026.04.30 14:27:40;ORDER;entry fill deal #135 BUY 0.01 @ 4632.07000
2026.04.30 15:45:00;DECISION;setup SHORT score=0.55 entry=4624.21 inv=4646.89 tgt=0.00 AWAIT-RETEST [CHoCH short lvl=4626.82|RelVol=1.42|Retest@4624.21|VPnode d=6.09]
2026.04.30 15:45:00;VETO;retest limit risk veto: max positions
2026.04.30 16:00:00;VETO;risk veto: max positions
2026.04.30 19:30:00;DECISION;setup SHORT score=0.65 entry=4607.99 inv=4625.47 tgt=0.00 [BOS short lvl=4609.41|RelVol=1.13|VPnear|ADX=44|RSI=42]
2026.04.30 19:30:00;DECISION;TP capped 34.98000 -> 31.40357 (3.0xATR)
2026.04.30 19:30:00;VETO;risk veto: max positions
2026.05.01 01:15:00;VETO;signal rejected: volume: relVol 0.58 < 1.00
2026.05.01 07:45:00;DECISION;setup SHORT score=0.85 entry=4614.90 inv=4631.93 tgt=0.00 AWAIT-RETEST [CHoCH short lvl=4616.54|RelVol=1.06|Retest@4614.90|VPnear|VWAPside|CycleTurn w=-0.63<--0.07|RSI=40]
2026.05.01 08:30:00;VETO;authorization denied: outside session window (server hour 08, window 12-20)
2026.05.01 08:45:00;VETO;authorization denied: outside session window (server hour 08, window 12-20)
2026.05.01 09:00:00;VETO;authorization denied: outside session window (server hour 09, window 12-20)
2026.05.01 09:15:00;VETO;authorization denied: outside session window (server hour 09, window 12-20)
2026.05.01 14:45:00;VETO;signal rejected: volume: relVol 0.70 < 1.00
2026.05.01 15:30:00;VETO;outlier bar masked, z=6.2
2026.05.01 16:45:00;VETO;outlier bar masked, z=5.7
2026.05.01 17:00:00;VETO;outlier bar masked, z=8.6
2026.05.01 17:15:00;VETO;outlier bar masked, z=10.1
2026.05.01 18:15:00;VETO;outlier bar masked, z=3.5
2026.05.01 21:15:00;VETO;signal rejected: volume: relVol 0.86 < 1.00
2026.05.01 22:00:00;RISK;FLATTEN ALL: Friday flatten: weekend gap protection
2026.05.01 22:00:00;RISK;deal closed pnl=-7.87 streak=1 lock=0
2026.05.01 22:45:00;VETO;signal rejected: volume: relVol 0.90 < 1.00
2026.05.04 01:15:00;VETO;outlier bar masked, z=4.7
2026.05.04 03:30:00;DECISION;setup SHORT score=0.80 entry=4605.87 inv=4629.40 tgt=0.00 [BOS short lvl=4611.30|RelVol=1.08|VPnode d=3.53|VWAPside|RSI=40]
2026.05.04 03:30:00;VETO;authorization denied: outside session window (server hour 03, window 12-20)
2026.05.04 03:45:00;VETO;authorization denied: outside session window (server hour 03, window 12-20)
2026.05.04 04:00:00;VETO;authorization denied: outside session window (server hour 04, window 12-20)
2026.05.04 04:15:00;VETO;outlier bar masked, z=3.8
2026.05.04 04:30:00;VETO;authorization denied: outside session window (server hour 04, window 12-20)
2026.05.04 08:30:00;DECISION;setup SHORT score=1.00 entry=4596.51 inv=4617.19 tgt=0.00 [BOS short lvl=4598.47|RelVol=1.53|VPnode d=4.09|VWAPside|CycleTurn w=0.67<-0.94|RSI=41]
2026.05.04 08:30:00;VETO;authorization denied: outside session window (server hour 08, window 12-20)
2026.05.04 08:45:00;VETO;authorization denied: outside session window (server hour 08, window 12-20)
2026.05.04 09:00:00;VETO;authorization denied: outside session window (server hour 09, window 12-20)
2026.05.04 09:15:00;VETO;authorization denied: outside session window (server hour 09, window 12-20)
2026.05.04 13:15:00;VETO;outlier bar masked, z=8.3
2026.05.04 18:15:00;DECISION;setup SHORT score=1.00 entry=4548.36 inv=4579.32 tgt=0.00 [BOS short lvl=4553.58|RelVol=1.02|VPnode d=6.04|VWAPside|CycleTurn w=0.98<-0.98|RSI=37]
2026.05.04 18:15:00;DECISION;TP capped 61.92000 -> 46.44000 (3.0xATR)
2026.05.04 18:15:00;ORDER;filled SELL 0.02 lots sl=4579.32 tp=4501.92 [WT|BOS|1.00]
2026.05.04 18:15:00;RISK;sizing: vol_ratio=1.19 scalar=1.00 gap_buf=6.61500 eff_stop=37.57500
2026.05.04 18:15:00;ORDER;entry fill deal #137 SELL 0.02 @ 4548.36000
2026.05.04 18:21:40;MANAGE;#138 SL 4579.32 -> 4548.32 breakeven
2026.05.04 18:21:40;MANAGE;#138 partial close 0.01 of 0.02 lots
2026.05.04 18:21:40;RISK;deal closed pnl=33.04 streak=0 lock=0
2026.05.04 18:21:59;MANAGE;#138 SL 4548.32 -> 4541.93 trail
2026.05.04 18:22:20;MANAGE;#138 SL 4541.93 -> 4540.98 trail
2026.05.04 18:23:20;MANAGE;#138 SL 4540.98 -> 4540.79 trail
2026.05.04 18:30:00;VETO;outlier bar masked, z=6.6
2026.05.04 18:38:20;RISK;deal closed pnl=7.57 streak=0 lock=0
2026.05.05 03:15:00;VETO;signal rejected: volume: relVol 0.80 < 1.00
2026.05.05 10:15:00;VETO;signal rejected: volume: relVol 0.86 < 1.00
2026.05.05 12:00:00;DECISION;setup LONG score=0.80 entry=4558.54 inv=4543.32 tgt=0.00 [BOS long lvl=4558.31|RelVol=1.05|VPnode d=4.74|VWAPside|RSI=64]
2026.05.05 12:00:00;DECISION;TP capped 30.52000 -> 25.78071 (3.0xATR)
2026.05.05 12:00:00;ORDER;filled BUY 0.05 lots sl=4543.32 tp=4584.36 [WT|BOS|0.80]
2026.05.05 12:00:00;RISK;sizing: vol_ratio=0.89 scalar=1.00 gap_buf=4.29679 eff_stop=19.55679
2026.05.05 12:00:00;ORDER;entry fill deal #140 BUY 0.05 @ 4558.58000
2026.05.05 13:51:40;RISK;deal closed pnl=-76.30 streak=1 lock=0
2026.05.05 14:45:00;VETO;signal rejected: volume: relVol 0.99 < 1.00
2026.05.05 19:30:00;VETO;signal rejected: volume: relVol 0.85 < 1.00
2026.05.06 01:15:00;VETO;signal rejected: volume: relVol 0.55 < 1.00
2026.05.06 02:00:00;VETO;outlier bar masked, z=9.0
2026.05.06 02:15:00;VETO;outlier bar masked, z=5.4
2026.05.06 12:00:00;VETO;outlier bar masked, z=6.3
2026.05.06 12:15:00;VETO;outlier bar masked, z=4.0
2026.05.06 13:45:00;DECISION;setup LONG score=0.65 entry=4714.15 inv=4657.46 tgt=0.00 [BOS long lvl=4708.52|RelVol=1.46|VWAPside|ADX=47|RSI=75]
2026.05.06 13:45:00;DECISION;TP capped 113.46000 -> 85.09500 (3.0xATR)
2026.05.06 13:45:00;ORDER;filled BUY 0.01 lots sl=4657.46 tp=4799.28 [WT|BOS|0.65]
2026.05.06 13:45:00;RISK;sizing: vol_ratio=1.25 scalar=1.00 gap_buf=5.64036 eff_stop=62.37036
2026.05.06 13:45:00;ORDER;entry fill deal #142 BUY 0.01 @ 4714.19000
2026.05.06 15:15:00;VETO;outlier bar masked, z=4.7
2026.05.06 15:30:00;VETO;outlier bar masked, z=6.6
2026.05.06 16:15:00;VETO;outlier bar masked, z=5.2
2026.05.07 04:15:00;VETO;outlier bar masked, z=4.3
2026.05.07 07:00:00;VETO;signal rejected: volume: relVol 0.96 < 1.00
2026.05.07 09:30:00;DECISION;setup LONG score=1.00 entry=4711.50 inv=4692.40 tgt=0.00 AWAIT-RETEST [CHoCH long lvl=4709.98|RelVol=1.15|Retest@4711.50|VPnode d=4.10|VWAPside|CycleTurn w=0.16<--0.79|RSI=65]
2026.05.07 09:45:00;VETO;outlier bar masked, z=8.1
2026.05.07 15:00:00;DECISION;setup LONG score=0.85 entry=4742.78 inv=4721.81 tgt=0.00 [BOS long lvl=4739.78|RelVol=1.06|VPnear|VWAPside|CycleTurn w=-0.99<--1.00|RSI=61]
2026.05.07 15:00:00;DECISION;TP capped 42.02000 -> 31.51500 (3.0xATR)
2026.05.07 15:00:00;VETO;risk veto: max positions
2026.05.07 19:00:00;DECISION;setup SHORT score=1.00 entry=4727.84 inv=4764.81 tgt=0.00 AWAIT-RETEST [CHoCH short lvl=4731.21|RelVol=1.13|Retest@4727.84|VPnode d=7.86|VWAPside|CycleTurn w=-0.66<-0.21|RSI=43]
2026.05.07 19:00:00;VETO;retest limit risk veto: max positions
2026.05.07 19:15:00;DECISION;TP capped 98.84000 -> 74.13000 (3.0xATR)
2026.05.07 19:15:00;VETO;risk veto: max positions
2026.05.07 20:30:00;VETO;outlier bar masked, z=6.1
2026.05.08 01:15:00;VETO;outlier bar masked, z=3.9
2026.05.08 04:15:00;DECISION;setup LONG score=0.65 entry=4711.92 inv=4693.94 tgt=0.00 AWAIT-RETEST [CHoCH long lvl=4709.61|RelVol=1.03|Retest@4711.92|VPnode d=3.92|VWAPside]
2026.05.08 04:30:00;VETO;authorization denied: outside session window (server hour 04, window 12-20)
2026.05.08 04:45:00;VETO;authorization denied: outside session window (server hour 04, window 12-20)
2026.05.08 05:00:00;VETO;authorization denied: outside session window (server hour 05, window 12-20)
2026.05.08 05:15:00;VETO;authorization denied: outside session window (server hour 05, window 12-20)
2026.05.08 09:30:00;DECISION;setup LONG score=0.80 entry=4733.65 inv=4709.10 tgt=0.00 [BOS long lvl=4731.10|RelVol=1.38|VPnode d=3.45|VWAPside|RSI=63]
2026.05.08 09:30:00;VETO;authorization denied: outside session window (server hour 09, window 12-20)
2026.05.08 09:45:00;VETO;authorization denied: outside session window (server hour 09, window 12-20)
2026.05.08 10:00:00;VETO;authorization denied: outside session window (server hour 10, window 12-20)
2026.05.08 10:15:00;VETO;authorization denied: outside session window (server hour 10, window 12-20)
2026.05.08 10:30:00;DECISION;setup SHORT score=1.00 entry=4706.57 inv=4734.71 tgt=0.00 AWAIT-RETEST [CHoCH short lvl=4709.10|RelVol=1.48|Retest@4706.57|VPnode d=1.03|VWAPside|CycleTurn w=0.66<-0.97|RSI=43]
2026.05.08 10:45:00;VETO;authorization denied: outside session window (server hour 10, window 12-20)
2026.05.08 11:00:00;VETO;authorization denied: outside session window (server hour 11, window 12-20)
2026.05.08 11:15:00;VETO;authorization denied: outside session window (server hour 11, window 12-20)
2026.05.08 11:30:00;VETO;authorization denied: outside session window (server hour 11, window 12-20)
2026.05.08 13:45:00;VETO;signal rejected: volume: relVol 0.88 < 1.00
2026.05.08 15:15:00;DECISION;setup SHORT score=1.00 entry=4705.53 inv=4727.89 tgt=0.00 AWAIT-RETEST [CHoCH short lvl=4707.44|RelVol=1.09|Retest@4705.53|VPnode d=2.67|VWAPside|CycleTurn w=0.60<-0.98|RSI=39]
2026.05.08 15:15:00;VETO;retest limit risk veto: max positions
2026.05.08 15:30:00;DECISION;TP capped 35.62000 -> 26.71500 (3.0xATR)
2026.05.08 15:30:00;VETO;risk veto: max positions
2026.05.08 15:45:00;VETO;outlier bar masked, z=5.6
2026.05.08 16:45:00;DECISION;setup LONG score=1.00 entry=4730.27 inv=4702.79 tgt=0.00 AWAIT-RETEST [CHoCH long lvl=4727.89|RelVol=1.10|Retest@4730.27|VPnode d=3.07|VWAPside|CycleTurn w=0.79<-0.06|RSI=63]
2026.05.08 16:45:00;VETO;retest limit risk veto: max positions
2026.05.08 17:15:00;VETO;outlier bar masked, z=5.9
2026.05.08 17:30:00;VETO;risk veto: max positions
2026.05.08 22:00:00;RISK;FLATTEN ALL: Friday flatten: weekend gap protection
2026.05.08 22:00:00;RISK;deal closed pnl=7.21 streak=0 lock=0
2026.05.11 01:15:00;VETO;outlier bar masked, z=11.2
2026.05.11 04:00:00;VETO;outlier bar masked, z=4.3
2026.05.11 04:15:00;VETO;outlier bar masked, z=4.8
2026.05.11 04:30:00;DECISION;setup LONG score=0.85 entry=4700.55 inv=4678.03 tgt=0.00 AWAIT-RETEST [CHoCH long lvl=4698.54|RelVol=1.24|Retest@4700.55|VPnode d=2.55|VWAPside|CycleTurn w=-0.84<--0.98]
2026.05.11 04:45:00;VETO;authorization denied: outside session window (server hour 04, window 12-20)
2026.05.11 05:00:00;VETO;authorization denied: outside session window (server hour 05, window 12-20)
2026.05.11 05:15:00;VETO;authorization denied: outside session window (server hour 05, window 12-20)
2026.05.11 05:30:00;VETO;authorization denied: outside session window (server hour 05, window 12-20)
2026.05.11 07:30:00;DECISION;setup SHORT score=0.85 entry=4672.28 inv=4700.29 tgt=0.00 AWAIT-RETEST [CHoCH short lvl=4675.09|RelVol=1.23|Retest@4672.28|VPnear|VWAPside|CycleTurn w=0.27<-0.91|RSI=34]
2026.05.11 07:45:00;VETO;authorization denied: outside session window (server hour 07, window 12-20)
2026.05.11 08:00:00;VETO;authorization denied: outside session window (server hour 08, window 12-20)
2026.05.11 08:15:00;VETO;authorization denied: outside session window (server hour 08, window 12-20)
2026.05.11 08:30:00;VETO;authorization denied: outside session window (server hour 08, window 12-20)
2026.05.11 08:45:00;DECISION;setup SHORT score=0.65 entry=4663.75 inv=4700.29 tgt=0.00 [BOS short lvl=4668.45|RelVol=1.18|VWAPside|ADX=37|RSI=31]
2026.05.11 08:45:00;VETO;authorization denied: outside session window (server hour 08, window 12-20)
2026.05.11 09:00:00;VETO;authorization denied: outside session window (server hour 09, window 12-20)
2026.05.11 09:15:00;VETO;authorization denied: outside session window (server hour 09, window 12-20)
2026.05.11 09:30:00;VETO;authorization denied: outside session window (server hour 09, window 12-20)
2026.05.11 12:30:00;VETO;signal rejected: volume: relVol 0.95 < 1.00
2026.05.11 15:30:00;VETO;outlier bar masked, z=4.9
2026.05.11 16:15:00;VETO;outlier bar masked, z=3.7
2026.05.11 19:45:00;VETO;signal rejected: volume: relVol 0.95 < 1.00
2026.05.12 01:00:00;VETO;signal rejected: volume: relVol 0.72 < 1.00
2026.05.12 07:00:00;DECISION;setup SHORT score=0.80 entry=4719.88 inv=4773.42 tgt=0.00 AWAIT-RETEST [CHoCH short lvl=4722.27|RelVol=1.28|Retest@4719.88|VPnode d=0.88|VWAPside|RSI=37]
2026.05.12 07:15:00;VETO;authorization denied: outside session window (server hour 07, window 12-20)
2026.05.12 07:30:00;VETO;authorization denied: outside session window (server hour 07, window 12-20)
2026.05.12 07:45:00;VETO;authorization denied: outside session window (server hour 07, window 12-20)
2026.05.12 08:00:00;DECISION;setup SHORT score=0.90 entry=4714.20 inv=4773.42 tgt=0.00 [BOS short lvl=4718.13|RelVol=1.52|VPnode d=4.00|VWAPside|ADX=32|RSI=35]
2026.05.12 08:00:00;VETO;authorization denied: outside session window (server hour 08, window 12-20)
2026.05.12 08:15:00;VETO;authorization denied: outside session window (server hour 08, window 12-20)
2026.05.12 08:30:00;VETO;authorization denied: outside session window (server hour 08, window 12-20)
2026.05.12 08:45:00;VETO;authorization denied: outside session window (server hour 08, window 12-20)
2026.05.12 09:15:00;DECISION;setup SHORT score=0.90 entry=4705.16 inv=4730.40 tgt=0.00 [BOS short lvl=4708.63|RelVol=1.31|VPnode d=1.76|VWAPside|ADX=31|RSI=30]
2026.05.12 09:15:00;VETO;authorization denied: outside session window (server hour 09, window 12-20)
2026.05.12 09:30:00;VETO;authorization denied: outside session window (server hour 09, window 12-20)
2026.05.12 09:45:00;VETO;authorization denied: outside session window (server hour 09, window 12-20)
2026.05.12 10:00:00;VETO;authorization denied: outside session window (server hour 10, window 12-20)
2026.05.12 15:45:00;VETO;outlier bar masked, z=3.5
2026.05.12 16:15:00;VETO;outlier bar masked, z=4.0
2026.05.12 17:00:00;VETO;outlier bar masked, z=4.4
2026.05.12 18:30:00;VETO;outlier bar masked, z=4.6
2026.05.13 01:00:00;VETO;signal rejected: score 0.45 < 0.55 [CHoCH long lvl=4711.85|RelVol=1.01|Retest@4713.56|RSI=70]
2026.05.13 09:15:00;VETO;signal rejected: volume: relVol 0.97 < 1.00
2026.05.13 11:45:00;VETO;signal rejected: volume: relVol 0.76 < 1.00
2026.05.13 15:30:00;DECISION;setup SHORT score=1.00 entry=4689.61 inv=4710.45 tgt=0.00 AWAIT-RETEST [BOS short lvl=4691.54|RelVol=1.24|Retest@4689.61|VPnode d=1.59|VWAPside|CycleTurn w=0.42<-0.97|RSI=38]
2026.05.13 15:30:00;DECISION;TP capped 41.68536 -> 31.26402 (3.0xATR)
2026.05.13 15:30:00;ORDER;limit SELL 0.04 @ 4689.61 sl=4710.45 tp=4658.34 rc=10009 [WT|BOS|1.00|RL]
2026.05.13 15:30:00;RISK;sizing: vol_ratio=0.87 scalar=1.00 gap_buf=3.86536 eff_stop=24.70804
2026.05.13 16:01:20;ORDER;entry fill deal #144 SELL 0.04 @ 4689.61000
2026.05.13 16:45:00;VETO;outlier bar masked, z=3.7
2026.05.13 18:45:00;VETO;signal rejected: volume: relVol 0.95 < 1.00
2026.05.14 04:00:00;DECISION;setup LONG score=0.80 entry=4705.00 inv=4689.46 tgt=0.00 [BOS long lvl=4702.11|RelVol=1.01|VPnode d=2.20|VWAPside|RSI=62]
2026.05.14 04:00:00;VETO;authorization denied: outside session window (server hour 04, window 12-20)
2026.05.14 04:15:00;VETO;outlier bar masked, z=5.4
2026.05.14 04:30:00;VETO;authorization denied: outside session window (server hour 04, window 12-20)
2026.05.14 06:15:00;DECISION;setup SHORT score=0.80 entry=4682.94 inv=4707.01 tgt=0.00 [BOS short lvl=4683.55|RelVol=1.32|VPnode d=2.26|VWAPside|RSI=40]
2026.05.14 06:15:00;VETO;authorization denied: outside session window (server hour 06, window 12-20)
2026.05.14 06:30:00;VETO;authorization denied: outside session window (server hour 06, window 12-20)
2026.05.14 06:45:00;VETO;authorization denied: outside session window (server hour 06, window 12-20)
2026.05.14 07:00:00;VETO;authorization denied: outside session window (server hour 07, window 12-20)
2026.05.14 07:00:40;MANAGE;#145 SL 4710.45 -> 4689.57 breakeven
2026.05.14 07:00:40;MANAGE;#145 partial close 0.02 of 0.04 lots
2026.05.14 07:00:40;RISK;deal closed pnl=42.10 streak=0 lock=0
2026.05.14 07:24:40;RISK;deal closed pnl=-0.19 streak=1 lock=0
2026.05.14 07:30:00;VETO;outlier bar masked, z=5.8
2026.05.14 11:00:00;VETO;outlier bar masked, z=3.5
2026.05.14 16:30:00;VETO;signal rejected: volume: relVol 0.99 < 1.00
2026.05.14 16:45:00;VETO;outlier bar masked, z=4.4
2026.05.14 19:45:00;VETO;signal rejected: volume: relVol 0.94 < 1.00
2026.05.14 21:45:00;VETO;signal rejected: volume: relVol 0.65 < 1.00
2026.05.15 03:30:00;VETO;outlier bar masked, z=5.1
2026.05.15 04:15:00;VETO;outlier bar masked, z=3.8
2026.05.15 07:45:00;DECISION;setup SHORT score=0.90 entry=4605.73 inv=4623.44 tgt=0.00 [BOS short lvl=4607.10|RelVol=1.25|VPnode d=2.67|VWAPside|ADX=41|RSI=33]
2026.05.15 07:45:00;VETO;authorization denied: outside session window (server hour 07, window 12-20)
2026.05.15 08:00:00;VETO;authorization denied: outside session window (server hour 08, window 12-20)
2026.05.15 08:15:00;VETO;authorization denied: outside session window (server hour 08, window 12-20)
2026.05.15 08:30:00;VETO;authorization denied: outside session window (server hour 08, window 12-20)
2026.05.15 08:45:00;VETO;outlier bar masked, z=4.2
2026.05.15 12:00:00;DECISION;setup SHORT score=0.95 entry=4554.42 inv=4588.63 tgt=0.00 [BOS short lvl=4556.34|RelVol=1.35|VPnear|VWAPside|CycleTurn w=0.63<-0.86|ADX=49|RSI=31]
2026.05.15 12:00:00;DECISION;TP capped 68.42000 -> 51.31500 (3.0xATR)
2026.05.15 12:00:00;ORDER;filled SELL 0.02 lots sl=4588.63 tp=4503.10 [WT|BOS|0.95]
2026.05.15 12:00:00;RISK;sizing: vol_ratio=1.31 scalar=1.00 gap_buf=6.73893 eff_stop=40.94893
2026.05.15 12:00:00;ORDER;entry fill deal #147 SELL 0.02 @ 4554.42000
2026.05.15 16:44:40;MANAGE;#148 SL 4588.63 -> 4554.38 breakeven
2026.05.15 16:44:40;MANAGE;#148 partial close 0.01 of 0.02 lots
2026.05.15 16:44:40;RISK;deal closed pnl=34.47 streak=0 lock=0
2026.05.15 16:44:59;MANAGE;#148 SL 4554.38 -> 4544.73 trail
2026.05.15 16:45:00;VETO;outlier bar masked, z=4.2
2026.05.15 16:45:40;MANAGE;#148 SL 4544.73 -> 4538.27 trail
2026.05.15 16:55:40;RISK;deal closed pnl=16.15 streak=0 lock=0
2026.05.15 17:00:00;VETO;outlier bar masked, z=4.1
2026.05.15 18:00:00;DECISION;setup LONG score=0.55 entry=4561.07 inv=4511.76 tgt=0.00 AWAIT-RETEST [CHoCH long lvl=4557.61|RelVol=1.22|Retest@4561.07|VPnode d=7.97]
2026.05.15 18:00:00;DECISION;TP capped 98.61643 -> 73.96232 (3.0xATR)
2026.05.15 18:00:00;ORDER;limit BUY 0.01 @ 4561.07 sl=4511.76 tp=4635.03 rc=10009 [WT|CHOCH|0.55|RL]
2026.05.15 18:00:00;RISK;sizing: vol_ratio=1.41 scalar=1.00 gap_buf=8.43036 eff_stop=57.73857
2026.05.15 18:00:40;ORDER;entry fill deal #150 BUY 0.01 @ 4561.07000
2026.05.15 22:00:00;RISK;FLATTEN ALL: Friday flatten: weekend gap protection
2026.05.15 22:00:00;RISK;deal closed pnl=-1.76 streak=1 lock=0
2026.05.18 01:15:00;VETO;outlier bar masked, z=8.0
2026.05.18 03:45:00;VETO;outlier bar masked, z=5.9
2026.05.18 04:00:00;VETO;outlier bar masked, z=5.1
2026.05.18 14:45:00;VETO;outlier bar masked, z=5.7
2026.05.18 15:45:00;DECISION;setup LONG score=0.55 entry=4569.86 inv=4529.85 tgt=0.00 [BOS long lvl=4567.20|RelVol=1.18|VWAPside|RSI=65]
2026.05.18 15:45:00;DECISION;TP capped 80.10000 -> 60.07500 (3.0xATR)
2026.05.18 15:45:00;ORDER;filled BUY 0.02 lots sl=4529.85 tp=4629.97 [WT|BOS|0.55]
2026.05.18 15:45:00;RISK;sizing: vol_ratio=0.85 scalar=1.00 gap_buf=5.61071 eff_stop=45.66071
2026.05.18 15:45:00;ORDER;entry fill deal #152 BUY 0.02 @ 4569.90000
2026.05.18 22:15:00;VETO;outlier bar masked, z=5.2
2026.05.19 01:15:00;VETO;signal rejected: volume: relVol 0.53 < 1.00
2026.05.19 07:15:00;DECISION;setup SHORT score=0.80 entry=4541.03 inv=4589.24 tgt=0.00 AWAIT-RETEST [CHoCH short lvl=4543.59|RelVol=1.34|Retest@4541.03|VPnode d=6.97|VWAPside|RSI=37]
2026.05.19 07:30:00;VETO;authorization denied: outside session window (server hour 07, window 12-20)
2026.05.19 07:45:00;VETO;authorization denied: outside session window (server hour 07, window 12-20)
2026.05.19 08:00:00;VETO;authorization denied: outside session window (server hour 08, window 12-20)
2026.05.19 08:15:00;VETO;authorization denied: outside session window (server hour 08, window 12-20)
2026.05.19 09:30:00;DECISION;setup LONG score=0.60 entry=4548.69 inv=4530.89 tgt=0.00 AWAIT-RETEST [CHoCH long lvl=4546.61|RelVol=1.34|Retest@4548.69|VPnear|CycleTurn w=-0.82<--0.97]
2026.05.19 09:45:00;VETO;authorization denied: outside session window (server hour 09, window 12-20)
2026.05.19 10:00:00;VETO;authorization denied: outside session window (server hour 10, window 12-20)
2026.05.19 10:15:00;VETO;authorization denied: outside session window (server hour 10, window 12-20)
2026.05.19 10:30:00;VETO;authorization denied: outside session window (server hour 10, window 12-20)
2026.05.19 13:43:40;RISK;deal closed pnl=-80.35 streak=1 lock=0
2026.05.19 13:45:00;DECISION;setup SHORT score=1.00 entry=4533.98 inv=4559.28 tgt=0.00 AWAIT-RETEST [CHoCH short lvl=4536.40|RelVol=1.19|Retest@4533.98|VPnode d=2.02|VWAPside|CycleTurn w=-0.77<--0.74|RSI=36]
2026.05.19 13:45:00;DECISION;TP capped 50.59929 -> 37.94946 (3.0xATR)
2026.05.19 13:45:00;ORDER;limit SELL 0.03 @ 4533.98 sl=4559.28 tp=4496.03 rc=10009 [WT|CHOCH|1.00|RL]
2026.05.19 13:45:00;RISK;sizing: vol_ratio=0.93 scalar=1.00 gap_buf=4.83929 eff_stop=30.13893
2026.05.19 13:47:40;ORDER;entry fill deal #154 SELL 0.03 @ 4533.98000
2026.05.19 16:15:00;DECISION;setup SHORT score=0.85 entry=4524.49 inv=4548.00 tgt=0.00 [BOS short lvl=4527.40|RelVol=1.08|VPnear|VWAPside|CycleTurn w=0.83<-0.99|RSI=39]
2026.05.19 16:15:00;DECISION;TP capped 47.02000 -> 35.26500 (3.0xATR)
2026.05.19 16:15:00;VETO;risk veto: max positions
2026.05.19 16:23:40;MANAGE;#155 SL 4559.28 -> 4533.94 breakeven
2026.05.19 16:23:40;MANAGE;#155 partial close 0.01 of 0.03 lots
2026.05.19 16:23:40;RISK;deal closed pnl=28.97 streak=0 lock=0
2026.05.19 16:23:59;MANAGE;#155 SL 4533.94 -> 4527.23 trail
2026.05.19 16:24:40;MANAGE;#155 SL 4527.23 -> 4525.67 trail
2026.05.19 16:25:40;MANAGE;#155 SL 4525.67 -> 4522.86 trail
2026.05.19 16:26:40;MANAGE;#155 SL 4522.86 -> 4521.19 trail
2026.05.19 16:28:40;MANAGE;#155 SL 4521.19 -> 4519.91 trail
2026.05.19 16:29:40;RISK;deal closed pnl=75.90 streak=0 lock=0
2026.05.19 16:30:00;VETO;outlier bar masked, z=5.0
2026.05.19 16:45:00;VETO;outlier bar masked, z=4.1
2026.05.19 17:00:00;VETO;outlier bar masked, z=5.3
2026.05.20 04:30:00;VETO;outlier bar masked, z=3.7
2026.05.20 10:15:00;DECISION;setup LONG score=0.80 entry=4481.63 inv=4456.64 tgt=0.00 AWAIT-RETEST [CHoCH long lvl=4479.21|RelVol=1.19|Retest@4481.63|VPnode d=1.77|VWAPside|RSI=56]
2026.05.20 10:30:00;VETO;authorization denied: outside session window (server hour 10, window 12-20)
2026.05.20 10:45:00;VETO;authorization denied: outside session window (server hour 10, window 12-20)
2026.05.20 11:00:00;VETO;authorization denied: outside session window (server hour 11, window 12-20)
2026.05.20 11:15:00;VETO;authorization denied: outside session window (server hour 11, window 12-20)
2026.05.20 13:45:00;VETO;signal rejected: volume: relVol 0.93 < 1.00
2026.05.20 16:30:00;VETO;signal rejected: volume: relVol 0.95 < 1.00
2026.05.20 17:30:00;VETO;outlier bar masked, z=6.5
2026.05.20 18:30:00;VETO;outlier bar masked, z=4.3
2026.05.20 22:00:00;VETO;signal rejected: volume: relVol 0.99 < 1.00
2026.05.21 04:15:00;VETO;signal rejected: volume: relVol 0.97 < 1.00
2026.05.21 05:45:00;DECISION;setup SHORT score=1.00 entry=4534.78 inv=4570.94 tgt=0.00 AWAIT-RETEST [CHoCH short lvl=4537.29|RelVol=1.15|Retest@4534.78|VPnode d=0.58|VWAPside|CycleTurn w=-0.02<-0.83|RSI=44]
2026.05.21 06:00:00;VETO;authorization denied: outside session window (server hour 06, window 12-20)
2026.05.21 06:15:00;VETO;authorization denied: outside session window (server hour 06, window 12-20)
2026.05.21 06:30:00;VETO;authorization denied: outside session window (server hour 06, window 12-20)
2026.05.21 06:45:00;VETO;authorization denied: outside session window (server hour 06, window 12-20)
2026.05.21 07:00:00;DECISION;setup SHORT score=0.80 entry=4528.26 inv=4570.94 tgt=0.00 [BOS short lvl=4531.50|RelVol=1.06|VPnode d=3.54|VWAPside|RSI=39]
2026.05.21 07:00:00;VETO;authorization denied: outside session window (server hour 07, window 12-20)
2026.05.21 07:15:00;VETO;authorization denied: outside session window (server hour 07, window 12-20)
2026.05.21 07:30:00;VETO;authorization denied: outside session window (server hour 07, window 12-20)
2026.05.21 07:45:00;VETO;authorization denied: outside session window (server hour 07, window 12-20)
2026.05.21 08:30:00;DECISION;setup SHORT score=0.65 entry=4522.83 inv=4540.51 tgt=0.00 [BOS short lvl=4527.27|RelVol=1.17|VPnear|VWAPside|RSI=38]
2026.05.21 08:30:00;VETO;authorization denied: outside session window (server hour 08, window 12-20)
2026.05.21 08:45:00;VETO;authorization denied: outside session window (server hour 08, window 12-20)
2026.05.21 09:00:00;VETO;authorization denied: outside session window (server hour 09, window 12-20)
2026.05.21 09:15:00;VETO;authorization denied: outside session window (server hour 09, window 12-20)
2026.05.21 10:30:00;VETO;signal rejected: volume: relVol 0.99 < 1.00
2026.05.21 13:30:00;VETO;outlier bar masked, z=4.5
2026.05.21 14:00:00;DECISION;setup SHORT score=0.85 entry=4511.49 inv=4542.96 tgt=0.00 [BOS short lvl=4511.83|RelVol=1.57|VPnear|VWAPside|CycleTurn w=-0.58<-0.41|RSI=36]
2026.05.21 14:00:00;DECISION;TP capped 62.94000 -> 47.20500 (3.0xATR)
2026.05.21 14:00:00;ORDER;filled SELL 0.02 lots sl=4542.96 tp=4464.28 [WT|BOS|0.85]
2026.05.21 14:00:00;RISK;sizing: vol_ratio=1.06 scalar=1.00 gap_buf=4.96607 eff_stop=36.43607
2026.05.21 14:00:00;ORDER;entry fill deal #157 SELL 0.02 @ 4511.49000
2026.05.21 16:00:00;DECISION;setup SHORT score=0.65 entry=4504.08 inv=4521.31 tgt=0.00 [BOS short lvl=4505.02|RelVol=1.02|VPnear|VWAPside|RSI=37]
2026.05.21 16:00:00;DECISION;TP capped 34.46000 -> 27.43500 (3.0xATR)
2026.05.21 16:00:00;VETO;risk veto: max positions
2026.05.21 17:00:00;VETO;outlier bar masked, z=4.3
2026.05.21 19:15:00;VETO;signal rejected: score 0.40 < 0.55 [CHoCH long lvl=4515.33|RelVol=1.16|Retest@4518.13|VPnear]
2026.05.21 20:15:00;DECISION;setup LONG score=0.75 entry=4526.36 inv=4496.69 tgt=0.00 [BOS long lvl=4520.84|RelVol=1.21|VPnear|VWAPside|ADX=34|RSI=61]
2026.05.21 20:15:00;VETO;authorization denied: outside session window (server hour 20, window 12-20)
2026.05.21 20:20:40;RISK;deal closed pnl=-62.94 streak=1 lock=0
2026.05.21 20:30:00;VETO;authorization denied: outside session window (server hour 20, window 12-20)
2026.05.21 20:45:00;VETO;authorization denied: outside session window (server hour 20, window 12-20)
2026.05.21 21:00:00;VETO;authorization denied: outside session window (server hour 21, window 12-20)
2026.05.22 04:00:00;VETO;signal rejected: volume: relVol 0.82 < 1.00
2026.05.22 08:45:00;VETO;signal rejected: volume: relVol 0.85 < 1.00
2026.05.22 09:00:00;VETO;outlier bar masked, z=6.7
2026.05.22 13:00:00;VETO;signal rejected: volume: relVol 0.85 < 1.00
2026.05.22 13:45:00;DECISION;setup SHORT score=0.80 entry=4512.79 inv=4531.23 tgt=0.00 AWAIT-RETEST [CHoCH short lvl=4514.88|RelVol=1.01|Retest@4512.79|VPnode d=5.61|VWAPside|RSI=40]
2026.05.22 13:45:00;DECISION;TP capped 36.87036 -> 27.65277 (3.0xATR)
2026.05.22 13:45:00;ORDER;limit SELL 0.04 @ 4512.79 sl=4531.23 tp=4485.14 rc=10009 [WT|CHOCH|0.80|RL]
2026.05.22 13:45:00;RISK;sizing: vol_ratio=0.94 scalar=1.00 gap_buf=4.17036 eff_stop=22.60554
2026.05.22 13:45:40;ORDER;entry fill deal #159 SELL 0.04 @ 4512.79000
2026.05.22 15:19:40;RISK;deal closed pnl=-73.76 streak=1 lock=0
2026.05.22 17:00:00;VETO;signal rejected: volume: relVol 1.00 < 1.00
2026.05.22 22:15:00;DECISION;setup SHORT score=0.65 entry=4507.31 inv=4527.90 tgt=0.00 [BOS short lvl=4511.96|RelVol=1.07|VPnear|VWAPside|RSI=41]
2026.05.22 22:15:00;VETO;authorization denied: outside session window (server hour 22, window 12-20)
2026.05.22 22:30:00;VETO;authorization denied: outside session window (server hour 22, window 12-20)
2026.05.22 22:45:00;VETO;authorization denied: outside session window (server hour 22, window 12-20)
2026.05.25 01:00:00;VETO;authorization denied: outside session window (server hour 01, window 12-20)
2026.05.25 01:15:00;VETO;outlier bar masked, z=13.3
2026.05.25 06:45:00;VETO;signal rejected: volume: relVol 0.83 < 1.00
2026.05.25 08:30:00;VETO;signal rejected: volume: relVol 0.69 < 1.00
2026.05.25 12:45:00;VETO;signal rejected: volume: relVol 0.68 < 1.00
2026.05.25 14:45:00;VETO;signal rejected: volume: relVol 0.56 < 1.00
2026.05.25 15:15:00;VETO;signal rejected: volume: relVol 0.77 < 1.00
2026.05.25 18:30:00;VETO;signal rejected: volume: relVol 0.54 < 1.00
2026.05.25 20:45:00;VETO;signal rejected: volume: relVol 0.30 < 1.00
2026.05.26 02:15:00;VETO;signal rejected: volume: relVol 0.98 < 1.00
2026.05.26 02:45:00;DECISION;setup SHORT score=0.85 entry=4561.91 inv=4577.98 tgt=0.00 AWAIT-RETEST [CHoCH short lvl=4563.29|RelVol=1.64|Retest@4561.91|VPnear|VWAPside|CycleTurn w=0.56<-0.98|RSI=36]
2026.05.26 03:00:00;VETO;authorization denied: outside session window (server hour 03, window 12-20)
2026.05.26 03:15:00;VETO;authorization denied: outside session window (server hour 03, window 12-20)
2026.05.26 03:30:00;VETO;authorization denied: outside session window (server hour 03, window 12-20)
2026.05.26 03:45:00;VETO;authorization denied: outside session window (server hour 03, window 12-20)
2026.05.26 04:45:00;VETO;outlier bar masked, z=4.0
2026.05.26 07:45:00;VETO;signal rejected: volume: relVol 0.84 < 1.00
2026.05.26 11:00:00;VETO;signal rejected: volume: relVol 0.98 < 1.00
2026.05.26 11:30:00;VETO;signal rejected: volume: relVol 0.79 < 1.00
2026.05.26 14:45:00;VETO;outlier bar masked, z=4.8
2026.05.26 18:30:00;VETO;signal rejected: volume: relVol 0.79 < 1.00
2026.05.26 20:45:00;DECISION;setup SHORT score=0.75 entry=4498.56 inv=4511.26 tgt=0.00 [BOS short lvl=4499.78|RelVol=1.01|VPnear|VWAPside|ADX=32|RSI=37]
2026.05.26 20:45:00;VETO;authorization denied: outside session window (server hour 20, window 12-20)
2026.05.26 21:00:00;VETO;authorization denied: outside session window (server hour 21, window 12-20)
2026.05.26 21:15:00;VETO;authorization denied: outside session window (server hour 21, window 12-20)
2026.05.26 21:30:00;VETO;authorization denied: outside session window (server hour 21, window 12-20)
2026.05.27 01:15:00;VETO;outlier bar masked, z=8.5
2026.05.27 07:00:00;VETO;signal rejected: volume: relVol 0.66 < 1.00
2026.05.27 08:45:00;DECISION;setup SHORT score=0.80 entry=4493.48 inv=4517.29 tgt=0.00 [BOS short lvl=4495.82|RelVol=1.22|VPnode d=4.92|VWAPside|RSI=39]
2026.05.27 08:45:00;VETO;authorization denied: outside session window (server hour 08, window 12-20)
2026.05.27 09:00:00;VETO;authorization denied: outside session window (server hour 09, window 12-20)
2026.05.27 09:15:00;VETO;authorization denied: outside session window (server hour 09, window 12-20)
2026.05.27 09:30:00;VETO;authorization denied: outside session window (server hour 09, window 12-20)
2026.05.27 13:45:00;DECISION;setup SHORT score=0.85 entry=4473.71 inv=4498.76 tgt=0.00 AWAIT-RETEST [BOS short lvl=4475.72|RelVol=1.24|Retest@4473.71|VPnear|VWAPside|CycleTurn w=-0.17<-0.81|RSI=29]
2026.05.27 13:45:00;DECISION;TP capped 50.09107 -> 37.56830 (3.0xATR)
2026.05.27 13:45:00;ORDER;limit SELL 0.03 @ 4473.71 sl=4498.76 tp=4436.15 rc=10009 [WT|BOS|0.85|RL]
2026.05.27 13:45:00;RISK;sizing: vol_ratio=0.93 scalar=1.00 gap_buf=4.01107 eff_stop=29.05661
2026.05.27 14:00:00;VETO;outlier bar masked, z=5.4
2026.05.27 15:00:00;VETO;outlier bar masked, z=3.8
2026.05.27 15:30:00;VETO;outlier bar masked, z=10.1
2026.05.27 16:15:00;VETO;outlier bar masked, z=6.2
2026.05.27 16:30:00;VETO;outlier bar masked, z=3.7
2026.05.27 16:45:00;VETO;outlier bar masked, z=4.1
2026.05.27 17:15:00;VETO;outlier bar masked, z=6.2
2026.05.27 17:45:00;ORDER;cancelled 1 pending: setup expired/invalidated
2026.05.27 21:30:00;VETO;signal rejected: volume: relVol 0.73 < 1.00
2026.05.28 01:30:00;VETO;signal rejected: volume: relVol 0.70 < 1.00
2026.05.28 03:00:00;VETO;signal rejected: volume: relVol 0.91 < 1.00
2026.05.28 04:15:00;VETO;outlier bar masked, z=4.0
2026.05.28 04:30:00;VETO;outlier bar masked, z=4.7
2026.05.28 12:30:00;VETO;signal rejected: volume: relVol 0.91 < 1.00
2026.05.28 14:00:00;DECISION;setup SHORT score=0.85 entry=4383.66 inv=4404.14 tgt=0.00 AWAIT-RETEST [CHoCH short lvl=4385.88|RelVol=1.13|Retest@4383.66|VPnear|VWAPside|CycleTurn w=0.98<-1.00|RSI=42]
2026.05.28 14:00:00;DECISION;TP capped 40.95607 -> 30.71705 (3.0xATR)
2026.05.28 14:00:00;ORDER;limit SELL 0.04 @ 4383.66 sl=4404.14 tp=4352.94 rc=10009 [WT|CHOCH|0.85|RL]
2026.05.28 14:00:00;RISK;sizing: vol_ratio=0.86 scalar=1.00 gap_buf=4.43607 eff_stop=24.91411
2026.05.28 14:00:20;ORDER;entry fill deal #161 SELL 0.04 @ 4383.66000
2026.05.28 15:46:40;RISK;deal closed pnl=-81.92 streak=1 lock=0
2026.05.28 16:00:00;VETO;outlier bar masked, z=5.9
2026.05.28 17:15:00;VETO;outlier bar masked, z=8.9
2026.05.29 01:00:00;VETO;signal rejected: volume: relVol 0.69 < 1.00
2026.05.29 04:15:00;VETO;outlier bar masked, z=3.7
2026.05.29 10:00:00;VETO;signal rejected: volume: relVol 0.88 < 1.00
2026.05.29 12:15:00;DECISION;setup LONG score=0.65 entry=4529.03 inv=4510.75 tgt=0.00 [BOS long lvl=4526.21|RelVol=1.03|VPnear|VWAPside|RSI=64]
2026.05.29 12:15:00;DECISION;TP capped 36.76000 -> 27.57000 (3.0xATR)
2026.05.29 12:15:00;ORDER;filled BUY 0.04 lots sl=4510.75 tp=4556.70 [WT|BOS|0.65]
2026.05.29 12:15:00;RISK;sizing: vol_ratio=1.00 scalar=1.00 gap_buf=4.57321 eff_stop=22.95321
2026.05.29 12:15:00;ORDER;entry fill deal #163 BUY 0.04 @ 4529.13000
2026.05.29 17:02:40;MANAGE;#165 SL 4510.75 -> 4529.17 breakeven
2026.05.29 17:02:40;MANAGE;#165 partial close 0.02 of 0.04 lots
2026.05.29 17:02:40;RISK;deal closed pnl=40.34 streak=0 lock=0
2026.05.29 17:05:20;MANAGE;#165 SL 4529.17 -> 4529.40 trail
2026.05.29 17:06:40;MANAGE;#165 SL 4529.40 -> 4530.28 trail
2026.05.29 17:07:20;MANAGE;#165 SL 4530.28 -> 4530.60 trail
2026.05.29 17:08:40;MANAGE;#165 SL 4530.60 -> 4530.74 trail
2026.05.29 17:09:40;MANAGE;#165 SL 4530.74 -> 4532.51 trail
2026.05.29 17:15:00;VETO;signal rejected: volume: relVol 0.97 < 1.00
2026.05.29 17:24:40;RISK;deal closed pnl=6.76 streak=0 lock=0
2026.05.29 18:00:00;VETO;outlier bar masked, z=6.3
2026.05.29 18:15:00;VETO;outlier bar masked, z=5.4
2026.05.29 20:45:00;VETO;signal rejected: volume: relVol 0.96 < 1.00
2026.06.01 01:00:00;VETO;signal rejected: volume: relVol 1.00 < 1.00
2026.06.01 01:15:00;VETO;outlier bar masked, z=8.1
2026.06.01 09:45:00;VETO;signal rejected: volume: relVol 0.84 < 1.00
2026.06.01 14:30:00;VETO;signal rejected: volume: relVol 0.77 < 1.00
2026.06.01 16:15:00;VETO;outlier bar masked, z=7.3
2026.06.01 16:30:00;VETO;outlier bar masked, z=5.7
2026.06.01 17:00:00;VETO;outlier bar masked, z=3.7
2026.06.01 20:00:00;VETO;signal rejected: volume: relVol 0.98 < 1.00
2026.06.02 02:30:00;VETO;signal rejected: volume: relVol 0.42 < 1.00
2026.06.02 03:30:00;VETO;signal rejected: volume: relVol 0.84 < 1.00
2026.06.02 05:00:00;DECISION;setup SHORT score=1.00 entry=4474.27 inv=4497.22 tgt=0.00 AWAIT-RETEST [CHoCH short lvl=4476.60|RelVol=1.08|Retest@4474.27|VPnode d=6.33|VWAPside|CycleTurn w=-0.07<-0.91|RSI=42]
2026.06.02 05:15:00;VETO;authorization denied: outside session window (server hour 05, window 12-20)
2026.06.02 05:30:00;VETO;authorization denied: outside session window (server hour 05, window 12-20)
2026.06.02 05:45:00;VETO;authorization denied: outside session window (server hour 05, window 12-20)
2026.06.02 06:00:00;VETO;authorization denied: outside session window (server hour 06, window 12-20)
2026.06.02 07:00:00;VETO;signal rejected: volume: relVol 0.70 < 1.00
2026.06.02 12:00:00;VETO;signal rejected: volume: relVol 0.72 < 1.00
2026.06.02 16:00:00;VETO;signal rejected: volume: relVol 0.78 < 1.00
2026.06.02 19:45:00;VETO;signal rejected: volume: relVol 0.81 < 1.00
2026.06.02 20:45:00;VETO;signal rejected: volume: relVol 0.89 < 1.00
2026.06.02 21:45:00;VETO;signal rejected: volume: relVol 1.00 < 1.00
2026.06.03 02:15:00;DECISION;setup SHORT score=0.95 entry=4477.43 inv=4493.12 tgt=0.00 [BOS short lvl=4480.04|RelVol=1.43|VPnear|VWAPside|CycleTurn w=0.97<-1.00|ADX=56|RSI=31]
2026.06.03 02:15:00;VETO;authorization denied: outside session window (server hour 02, window 12-20)
2026.06.03 02:30:00;VETO;authorization denied: outside session window (server hour 02, window 12-20)
2026.06.03 02:45:00;VETO;authorization denied: outside session window (server hour 02, window 12-20)
2026.06.03 03:00:00;VETO;authorization denied: outside session window (server hour 03, window 12-20)
2026.06.03 03:45:00;VETO;signal rejected: volume: relVol 0.77 < 1.00
2026.06.03 04:15:00;VETO;outlier bar masked, z=4.2
2026.06.03 08:45:00;VETO;signal rejected: volume: relVol 0.87 < 1.00
2026.06.03 10:30:00;VETO;signal rejected: volume: relVol 0.94 < 1.00
2026.06.03 13:15:00;VETO;outlier bar masked, z=5.1
2026.06.03 16:45:00;VETO;outlier bar masked, z=4.7
2026.06.03 17:00:00;VETO;outlier bar masked, z=4.3
2026.06.03 22:15:00;VETO;signal rejected: score 0.30 < 0.55 [CHoCH long lvl=4448.40|RelVol=1.25|Retest@4449.87]
2026.06.04 01:15:00;DECISION;setup SHORT score=1.00 entry=4433.80 inv=4452.24 tgt=0.00 AWAIT-RETEST [CHoCH short lvl=4435.30|RelVol=1.05|Retest@4433.80|VPnode d=1.30|VWAPside|CycleTurn w=0.98<-1.00|RSI=38]
2026.06.04 01:30:00;VETO;authorization denied: outside session window (server hour 01, window 12-20)
2026.06.04 01:45:00;VETO;authorization denied: outside session window (server hour 01, window 12-20)
2026.06.04 02:00:00;VETO;authorization denied: outside session window (server hour 02, window 12-20)
2026.06.04 02:15:00;VETO;authorization denied: outside session window (server hour 02, window 12-20)
2026.06.04 02:45:00;DECISION;setup LONG score=0.80 entry=4454.06 inv=4424.02 tgt=0.00 AWAIT-RETEST [CHoCH long lvl=4452.24|RelVol=1.08|Retest@4454.06|VPnode d=0.14|VWAPside|RSI=58]
2026.06.04 03:00:00;VETO;authorization denied: outside session window (server hour 03, window 12-20)
2026.06.04 03:15:00;VETO;authorization denied: outside session window (server hour 03, window 12-20)
2026.06.04 03:30:00;VETO;authorization denied: outside session window (server hour 03, window 12-20)
2026.06.04 03:45:00;VETO;authorization denied: outside session window (server hour 03, window 12-20)
2026.06.04 04:15:00;VETO;outlier bar masked, z=4.3
2026.06.04 04:30:00;VETO;signal rejected: volume: relVol 0.91 < 1.00
2026.06.04 06:00:00;DECISION;setup LONG score=0.80 entry=4475.03 inv=4455.57 tgt=0.00 [BOS long lvl=4473.47|RelVol=1.04|VPnode d=6.03|VWAPside|RSI=66]
2026.06.04 06:00:00;VETO;authorization denied: outside session window (server hour 06, window 12-20)
2026.06.04 06:15:00;VETO;authorization denied: outside session window (server hour 06, window 12-20)
2026.06.04 06:30:00;VETO;authorization denied: outside session window (server hour 06, window 12-20)
2026.06.04 06:45:00;VETO;authorization denied: outside session window (server hour 06, window 12-20)
2026.06.04 07:45:00;DECISION;setup LONG score=0.65 entry=4482.85 inv=4458.23 tgt=0.00 [BOS long lvl=4477.27|RelVol=1.18|VPnear|VWAPside|RSI=66]
2026.06.04 07:45:00;VETO;authorization denied: outside session window (server hour 07, window 12-20)
2026.06.04 08:00:00;VETO;authorization denied: outside session window (server hour 08, window 12-20)
2026.06.04 08:15:00;VETO;authorization denied: outside session window (server hour 08, window 12-20)
2026.06.04 08:30:00;VETO;authorization denied: outside session window (server hour 08, window 12-20)
2026.06.04 13:00:00;DECISION;setup LONG score=1.00 entry=4470.43 inv=4458.56 tgt=0.00 [BOS long lvl=4469.48|RelVol=1.02|VPnode d=4.97|VWAPside|CycleTurn w=-0.84<--0.96|RSI=57]
2026.06.04 13:00:00;DECISION;TP capped 23.82000 -> 21.99429 (3.0xATR)
2026.06.04 13:00:00;ORDER;filled BUY 0.06 lots sl=4458.56 tp=4492.46 [WT|BOS|1.00]
2026.06.04 13:00:00;RISK;sizing: vol_ratio=0.79 scalar=1.00 gap_buf=3.66571 eff_stop=15.57571
2026.06.04 13:00:00;ORDER;entry fill deal #166 BUY 0.06 @ 4470.47000
2026.06.04 14:26:40;MANAGE;#168 SL 4458.56 -> 4470.51 breakeven
2026.06.04 14:26:40;MANAGE;#168 partial close 0.03 of 0.06 lots
2026.06.04 14:26:40;RISK;deal closed pnl=51.18 streak=0 lock=0
2026.06.04 14:26:59;MANAGE;#168 SL 4470.51 -> 4472.54 trail
2026.06.04 14:27:40;MANAGE;#168 SL 4472.54 -> 4477.94 trail
2026.06.04 14:30:00;DECISION;setup LONG score=0.90 entry=4477.67 inv=4458.56 tgt=0.00 AWAIT-RETEST [BOS long lvl=4475.69|RelVol=1.28|Retest@4477.67|VPnode d=2.47|VWAPside|ADX=36|RSI=73]
2026.06.04 14:30:00;VETO;retest limit risk veto: max positions
2026.06.04 14:45:40;RISK;deal closed pnl=65.97 streak=0 lock=0
2026.06.04 15:00:00;VETO;outlier bar masked, z=5.1
2026.06.04 15:15:00;VETO;outlier bar masked, z=4.8
2026.06.04 17:00:00;VETO;outlier bar masked, z=4.0
2026.06.05 02:45:00;VETO;signal rejected: volume: relVol 0.81 < 1.00
2026.06.05 04:45:00;VETO;signal rejected: volume: relVol 0.91 < 1.00
2026.06.05 09:15:00;VETO;signal rejected: volume: relVol 0.99 < 1.00
2026.06.05 09:30:00;VETO;outlier bar masked, z=3.6
2026.06.05 10:00:00;VETO;signal rejected: volume: relVol 0.91 < 1.00
2026.06.05 15:00:00;VETO;signal rejected: volume: relVol 0.98 < 1.00
2026.06.05 15:45:00;VETO;outlier bar masked, z=6.1
2026.06.05 16:00:00;VETO;outlier bar masked, z=11.6
2026.06.05 16:15:00;VETO;outlier bar masked, z=4.1
2026.06.05 16:45:00;VETO;outlier bar masked, z=4.6
2026.06.05 17:00:00;VETO;outlier bar masked, z=5.2
2026.06.05 18:00:00;VETO;outlier bar masked, z=4.0
2026.06.05 18:45:00;DECISION;setup SHORT score=0.65 entry=4338.72 inv=4475.77 tgt=0.00 [BOS short lvl=4344.56|RelVol=1.46|VWAPside|ADX=50|RSI=23]
2026.06.05 18:45:00;DECISION;TP capped 274.10000 -> 205.57500 (3.0xATR)
2026.06.05 18:45:00;VETO;risk veto: size 0.00 < broker min 0.01 (risk too small for stop)
2026.06.05 20:00:00;VETO;outlier bar masked, z=3.5
2026.06.05 21:15:00;VETO;outlier bar masked, z=3.6
2026.06.08 01:15:00;VETO;outlier bar masked, z=5.9
2026.06.08 02:45:00;VETO;signal rejected: score 0.50 < 0.55 [CHoCH long lvl=4337.34|RelVol=1.27|Retest@4340.16|VPnear|VWAPside]
2026.06.08 04:45:00;VETO;outlier bar masked, z=5.3
2026.06.08 08:45:00;VETO;outlier bar masked, z=9.2
2026.06.08 14:15:00;DECISION;setup LONG score=0.80 entry=4319.85 inv=4273.03 tgt=0.00 AWAIT-RETEST [CHoCH long lvl=4317.12|RelVol=1.31|Retest@4319.85|VPnode d=0.45|VWAPside|RSI=61]
2026.06.08 14:15:00;DECISION;TP capped 93.63036 -> 70.22277 (3.0xATR)
2026.06.08 14:15:00;ERROR;limit BUY 0.01 @ 4319.85 sl=4273.03 tp=4390.07 rc=10015 [WT|CHOCH|0.80|RL]
2026.06.08 14:30:00;DECISION;TP capped 104.60000 -> 78.45000 (3.0xATR)
2026.06.08 14:30:00;ORDER;filled BUY 0.01 lots sl=4273.03 tp=4403.78 [WT|CHOCH|0.80]
2026.06.08 14:30:00;RISK;sizing: vol_ratio=0.95 scalar=1.00 gap_buf=5.81179 eff_stop=58.11179
2026.06.08 14:30:00;ORDER;entry fill deal #169 BUY 0.01 @ 4325.33000
2026.06.08 17:15:00;DECISION;setup SHORT score=0.75 entry=4316.89 inv=4339.46 tgt=0.00 AWAIT-RETEST [CHoCH short lvl=4320.21|RelVol=1.17|Retest@4316.89|VPnode d=8.81|CycleTurn w=0.94<-0.98]
2026.06.08 17:15:00;VETO;retest limit risk veto: max positions
2026.06.08 17:30:00;VETO;risk veto: max positions
2026.06.08 22:15:00;VETO;signal rejected: volume: relVol 0.98 < 1.00
2026.06.09 02:30:00;VETO;signal rejected: volume: relVol 0.81 < 1.00
2026.06.09 04:30:00;DECISION;setup LONG score=0.85 entry=4333.83 inv=4312.79 tgt=0.00 AWAIT-RETEST [CHoCH long lvl=4332.09|RelVol=1.17|Retest@4333.83|VPnear|VWAPside|CycleTurn w=-0.81<--0.98|RSI=60]
2026.06.09 04:45:00;VETO;authorization denied: outside session window (server hour 04, window 12-20)
2026.06.09 05:00:00;VETO;authorization denied: outside session window (server hour 05, window 12-20)
2026.06.09 05:15:00;VETO;authorization denied: outside session window (server hour 05, window 12-20)
2026.06.09 05:30:00;VETO;authorization denied: outside session window (server hour 05, window 12-20)
2026.06.09 08:45:00;DECISION;setup LONG score=1.00 entry=4344.12 inv=4324.19 tgt=0.00 AWAIT-RETEST [BOS long lvl=4342.22|RelVol=1.18|Retest@4344.12|VPnode d=3.52|VWAPside|CycleTurn w=-0.88<--1.00|RSI=67]
2026.06.09 09:00:00;VETO;authorization denied: outside session window (server hour 09, window 12-20)
2026.06.09 09:15:00;VETO;authorization denied: outside session window (server hour 09, window 12-20)
2026.06.09 09:30:00;VETO;authorization denied: outside session window (server hour 09, window 12-20)
2026.06.09 09:45:00;VETO;authorization denied: outside session window (server hour 09, window 12-20)
2026.06.09 14:00:00;VETO;signal rejected: volume: relVol 0.88 < 1.00
2026.06.09 15:15:00;VETO;signal rejected: volume: relVol 0.84 < 1.00
2026.06.09 17:00:00;VETO;outlier bar masked, z=10.6
2026.06.09 17:15:00;DECISION;setup SHORT score=0.80 entry=4322.25 inv=4340.74 tgt=0.00 AWAIT-RETEST [CHoCH short lvl=4324.15|RelVol=1.27|Retest@4322.25|VPnode d=3.55|VWAPside|RSI=35]
2026.06.09 17:15:00;VETO;retest limit risk veto: max positions
2026.06.09 17:30:00;VETO;outlier bar masked, z=3.6
2026.06.09 17:45:00;VETO;outlier bar masked, z=10.1
2026.06.09 18:00:00;VETO;outlier bar masked, z=5.2
2026.06.09 18:30:00;VETO;outlier bar masked, z=4.3
2026.06.09 18:31:40;RISK;deal closed pnl=-52.43 streak=1 lock=0
2026.06.09 18:45:00;VETO;outlier bar masked, z=4.0
2026.06.09 19:15:00;VETO;outlier bar masked, z=5.3
2026.06.09 19:45:00;VETO;outlier bar masked, z=8.3
2026.06.10 02:15:00;DECISION;setup SHORT score=1.00 entry=4236.04 inv=4274.27 tgt=0.00 [BOS short lvl=4236.55|RelVol=1.56|VPnode d=4.76|VWAPside|CycleTurn w=0.64<-0.97|ADX=51|RSI=29]
2026.06.10 02:15:00;VETO;authorization denied: outside session window (server hour 02, window 12-20)
2026.06.10 02:30:00;VETO;authorization denied: outside session window (server hour 02, window 12-20)
2026.06.10 02:45:00;VETO;authorization denied: outside session window (server hour 02, window 12-20)
2026.06.10 03:00:00;VETO;authorization denied: outside session window (server hour 03, window 12-20)
2026.06.10 03:45:00;VETO;outlier bar masked, z=3.7
2026.06.10 04:00:00;VETO;outlier bar masked, z=3.6
2026.06.10 04:15:00;VETO;outlier bar masked, z=6.0
2026.06.10 08:45:00;VETO;signal rejected: score 0.30 < 0.55 [CHoCH long lvl=4187.27|RelVol=1.47|Retest@4189.65]
2026.06.10 11:15:00;VETO;outlier bar masked, z=3.5
2026.06.10 13:15:00;DECISION;setup SHORT score=0.90 entry=4161.06 inv=4221.87 tgt=0.00 [BOS short lvl=4161.35|RelVol=1.40|VPnode d=4.14|VWAPside|ADX=39|RSI=33]
2026.06.10 13:15:00;DECISION;TP capped 121.62000 -> 91.21500 (3.0xATR)
2026.06.10 13:15:00;ORDER;filled SELL 0.01 lots sl=4221.87 tp=4069.85 [WT|BOS|0.90]
2026.06.10 13:15:00;RISK;sizing: vol_ratio=1.03 scalar=1.00 gap_buf=6.16893 eff_stop=66.97893
2026.06.10 13:15:00;ORDER;entry fill deal #171 SELL 0.01 @ 4161.06000
2026.06.10 14:45:00;DECISION;setup SHORT score=0.80 entry=4154.49 inv=4178.68 tgt=0.00 [BOS short lvl=4155.70|RelVol=1.74|VPnode d=5.31|VWAPside|RSI=34]
2026.06.10 14:45:00;DECISION;TP capped 48.38000 -> 37.47429 (3.0xATR)
2026.06.10 14:45:00;VETO;risk veto: max positions
2026.06.10 15:45:00;VETO;outlier bar masked, z=4.6
2026.06.10 16:45:00;VETO;outlier bar masked, z=4.4
2026.06.10 18:00:00;VETO;outlier bar masked, z=4.1
2026.06.10 20:45:00;DECISION;setup SHORT score=0.65 entry=4102.35 inv=4135.08 tgt=0.00 [BOS short lvl=4106.82|RelVol=1.48|VWAPside|ADX=43|RSI=27]
2026.06.10 20:45:00;VETO;authorization denied: outside session window (server hour 20, window 12-20)
2026.06.10 21:00:00;VETO;authorization denied: outside session window (server hour 21, window 12-20)
2026.06.10 21:15:00;VETO;authorization denied: outside session window (server hour 21, window 12-20)
2026.06.10 21:30:00;VETO;authorization denied: outside session window (server hour 21, window 12-20)
2026.06.10 21:50:40;MANAGE;#173 SL 4221.87 -> 4161.02 breakeven
2026.06.10 21:50:59;MANAGE;#173 SL 4161.02 -> 4122.73 trail
2026.06.10 22:01:20;MANAGE;#173 SL 4122.73 -> 4122.41 trail
2026.06.10 22:02:40;MANAGE;#173 SL 4122.41 -> 4121.50 trail
2026.06.10 22:04:40;MANAGE;#173 SL 4121.50 -> 4119.11 trail
2026.06.10 22:05:20;MANAGE;#173 SL 4119.11 -> 4118.66 trail
2026.06.10 22:09:40;MANAGE;#173 SL 4118.66 -> 4118.07 trail
2026.06.10 22:10:40;MANAGE;#173 SL 4118.07 -> 4115.86 trail
2026.06.10 22:11:40;MANAGE;#173 SL 4115.86 -> 4112.86 trail
2026.06.10 22:12:40;MANAGE;#173 SL 4112.86 -> 4111.76 trail
2026.06.10 22:13:20;MANAGE;#173 SL 4111.76 -> 4110.79 trail
2026.06.10 22:14:40;MANAGE;#173 SL 4110.79 -> 4110.45 trail
2026.06.10 22:15:00;DECISION;setup SHORT score=0.65 entry=4097.82 inv=4120.58 tgt=0.00 AWAIT-RETEST [BOS short lvl=4100.82|RelVol=1.75|Retest@4097.82|VWAPside|ADX=43|RSI=27]
2026.06.10 22:23:40;MANAGE;#173 SL 4110.45 -> 4106.59 trail
2026.06.10 22:25:40;MANAGE;#173 SL 4106.59 -> 4106.30 trail
2026.06.10 22:26:20;MANAGE;#173 SL 4106.30 -> 4106.12 trail
2026.06.10 22:27:20;MANAGE;#173 SL 4106.12 -> 4105.66 trail
2026.06.10 22:35:40;MANAGE;#173 SL 4105.66 -> 4105.13 trail
2026.06.10 22:36:40;MANAGE;#173 SL 4105.13 -> 4104.30 trail
2026.06.10 22:58:20;MANAGE;#173 SL 4104.30 -> 4103.61 trail
2026.06.11 01:00:00;RISK;deal closed pnl=91.07 streak=0 lock=0
2026.06.11 01:15:00;VETO;outlier bar masked, z=5.8
2026.06.11 02:15:00;VETO;outlier bar masked, z=4.1
2026.06.11 02:30:00;VETO;outlier bar masked, z=6.3
2026.06.11 10:30:00;DECISION;setup LONG score=0.65 entry=4109.11 inv=4072.53 tgt=0.00 AWAIT-RETEST [CHoCH long lvl=4106.28|RelVol=1.47|Retest@4109.11|VPnear|VWAPside|RSI=61]
2026.06.11 10:45:00;VETO;authorization denied: outside session window (server hour 10, window 12-20)
2026.06.11 11:00:00;VETO;authorization denied: outside session window (server hour 11, window 12-20)
2026.06.11 11:15:00;VETO;authorization denied: outside session window (server hour 11, window 12-20)
2026.06.11 11:30:00;VETO;authorization denied: outside session window (server hour 11, window 12-20)
2026.06.11 15:15:00;DECISION;setup SHORT score=0.55 entry=4075.18 inv=4096.48 tgt=0.00 AWAIT-RETEST [CHoCH short lvl=4077.37|RelVol=1.20|Retest@4075.18|VWAPside|RSI=41]
2026.06.11 15:15:00;DECISION;TP capped 42.60571 -> 31.95429 (3.0xATR)
2026.06.11 15:15:00;ERROR;limit SELL 0.04 @ 4075.18 sl=4096.48 tp=4043.22 rc=10015 [WT|CHOCH|0.55|RL]
2026.06.11 15:30:00;DECISION;TP capped 55.14000 -> 41.35500 (3.0xATR)
2026.06.11 15:30:00;ORDER;filled SELL 0.03 lots sl=4096.48 tp=4027.56 [WT|CHOCH|0.55]
2026.06.11 15:30:00;RISK;sizing: vol_ratio=0.66 scalar=1.00 gap_buf=4.84964 eff_stop=32.41964
2026.06.11 15:30:00;ORDER;entry fill deal #173 SELL 0.03 @ 4068.91000
2026.06.11 19:11:40;RISK;deal closed pnl=-82.71 streak=1 lock=0
2026.06.11 19:15:00;DECISION;setup LONG score=0.80 entry=4096.65 inv=4052.88 tgt=0.00 AWAIT-RETEST [CHoCH long lvl=4092.57|RelVol=1.71|Retest@4096.65|VPnode d=0.35|VWAPside|RSI=62]
2026.06.11 19:15:00;DECISION;TP capped 87.53036 -> 65.64777 (3.0xATR)
2026.06.11 19:15:00;ORDER;limit BUY 0.01 @ 4096.65 sl=4052.88 tp=4162.29 rc=10009 [WT|CHOCH|0.80|RL]
2026.06.11 19:15:00;RISK;sizing: vol_ratio=1.11 scalar=1.00 gap_buf=8.15036 eff_stop=51.91554
2026.06.11 19:18:40;ORDER;entry fill deal #175 BUY 0.01 @ 4096.65000
2026.06.11 20:33:40;MANAGE;#177 SL 4052.88 -> 4096.69 breakeven
2026.06.11 20:33:59;MANAGE;#177 SL 4096.69 -> 4105.25 trail
2026.06.11 20:34:40;MANAGE;#177 SL 4105.25 -> 4116.11 trail
2026.06.11 20:36:20;MANAGE;#177 SL 4116.11 -> 4119.42 trail
2026.06.11 20:39:40;MANAGE;#177 SL 4119.42 -> 4121.13 trail
2026.06.11 20:40:40;MANAGE;#177 SL 4121.13 -> 4121.89 trail
2026.06.11 20:41:40;RISK;deal closed pnl=65.64 streak=0 lock=0
2026.06.11 20:45:00;VETO;outlier bar masked, z=9.5
2026.06.11 22:15:00;DECISION;setup LONG score=0.65 entry=4174.21 inv=4071.98 tgt=0.00 AWAIT-RETEST [BOS long lvl=4169.99|RelVol=2.11|Retest@4174.21|VWAPside|ADX=31|RSI=74]
2026.06.12 01:45:00;DECISION;setup LONG score=0.90 entry=4225.81 inv=4071.98 tgt=0.00 [BOS long lvl=4219.93|RelVol=1.58|VPnode d=11.41|VWAPside|ADX=50|RSI=79]
2026.06.12 01:45:00;VETO;authorization denied: outside session window (server hour 01, window 12-20)
2026.06.12 02:00:00;VETO;authorization denied: outside session window (server hour 02, window 12-20)
2026.06.12 02:15:00;VETO;authorization denied: outside session window (server hour 02, window 12-20)
2026.06.12 02:30:00;VETO;authorization denied: outside session window (server hour 02, window 12-20)
2026.06.12 06:30:00;DECISION;setup LONG score=0.75 entry=4203.44 inv=4171.42 tgt=0.00 [BOS long lvl=4200.07|RelVol=1.41|VPnear|CycleTurn w=-0.99<--0.99|RSI=58]
2026.06.12 06:30:00;VETO;authorization denied: outside session window (server hour 06, window 12-20)
2026.06.12 06:45:00;VETO;authorization denied: outside session window (server hour 06, window 12-20)
2026.06.12 07:00:00;VETO;authorization denied: outside session window (server hour 07, window 12-20)
2026.06.12 07:15:00;VETO;authorization denied: outside session window (server hour 07, window 12-20)
2026.06.12 11:30:00;DECISION;setup LONG score=1.00 entry=4213.06 inv=4170.16 tgt=0.00 [BOS long lvl=4204.95|RelVol=1.80|VPnode d=8.66|VWAPside|CycleTurn w=0.40<--0.63|ADX=31|RSI=64]
2026.06.12 11:30:00;VETO;authorization denied: outside session window (server hour 11, window 12-20)
2026.06.12 11:45:00;VETO;authorization denied: outside session window (server hour 11, window 12-20)
2026.06.12 12:00:00;DECISION;TP capped 99.04000 -> 74.28000 (3.0xATR)
2026.06.12 12:00:00;ORDER;filled BUY 0.01 lots sl=4170.16 tp=4293.96 [WT|BOS|1.00]
2026.06.12 12:00:00;RISK;sizing: vol_ratio=0.89 scalar=1.00 gap_buf=6.04464 eff_stop=55.56464
2026.06.12 12:00:00;ORDER;entry fill deal #177 BUY 0.01 @ 4219.68000
2026.06.12 14:30:00;VETO;signal rejected: score 0.50 < 0.55 [CHoCH short lvl=4202.79|RelVol=1.07|Retest@4200.12|VPnear|VWAPside]
2026.06.12 15:45:00;VETO;signal rejected: volume: relVol 0.94 < 1.00
2026.06.12 18:00:00;VETO;outlier bar masked, z=3.7
2026.06.12 18:15:00;DECISION;setup LONG score=1.00 entry=4213.61 inv=4193.21 tgt=0.00 AWAIT-RETEST [CHoCH long lvl=4210.21|RelVol=1.13|Retest@4213.61|StopFloored|VPnode d=2.61|VWAPside|CycleTurn w=-0.89<--0.99|RSI=57]
2026.06.12 18:15:00;VETO;retest limit risk veto: max positions
2026.06.12 18:30:00;DECISION;TP capped 65.25643 -> 48.94232 (3.0xATR)
2026.06.12 18:30:00;VETO;risk veto: max positions
2026.06.12 22:00:00;RISK;FLATTEN ALL: Friday flatten: weekend gap protection
2026.06.12 22:00:00;RISK;deal closed pnl=-4.05 streak=1 lock=0
2026.06.15 01:15:00;VETO;outlier bar masked, z=16.9
2026.06.15 04:45:00;DECISION;setup LONG score=0.80 entry=4310.77 inv=4201.86 tgt=0.00 AWAIT-RETEST [BOS long lvl=4308.14|RelVol=1.03|Retest@4310.77|VPnode d=4.17|VWAPside|RSI=75]
2026.06.15 08:45:00;VETO;signal rejected: volume: relVol 0.88 < 1.00
2026.06.15 11:45:00;DECISION;setup LONG score=1.00 entry=4335.28 inv=4300.80 tgt=0.00 AWAIT-RETEST [CHoCH long lvl=4332.99|RelVol=1.15|Retest@4335.28|VPnode d=1.88|VWAPside|CycleTurn w=-0.27<--0.82|RSI=73]
2026.06.15 12:00:00;DECISION;TP capped 67.56000 -> 50.67000 (3.0xATR)
2026.06.15 12:00:00;ORDER;filled BUY 0.02 lots sl=4300.80 tp=4385.25 [WT|CHOCH|1.00]
2026.06.15 12:00:00;RISK;sizing: vol_ratio=0.81 scalar=1.00 gap_buf=4.64857 eff_stop=38.42857
2026.06.15 12:00:00;ORDER;entry fill deal #179 BUY 0.02 @ 4334.58000
2026.06.15 16:00:00;VETO;signal rejected: volume: relVol 0.78 < 1.00
2026.06.15 16:41:40;MANAGE;#181 SL 4300.80 -> 4334.61 breakeven
2026.06.15 16:41:40;MANAGE;#181 partial close 0.01 of 0.02 lots
2026.06.15 16:41:40;RISK;deal closed pnl=34.09 streak=0 lock=0
2026.06.15 16:41:59;MANAGE;#181 SL 4334.61 -> 4353.65 trail
2026.06.15 16:42:20;MANAGE;#181 SL 4353.65 -> 4353.88 trail
2026.06.15 18:01:40;RISK;deal closed pnl=19.30 streak=0 lock=0
2026.06.15 19:30:00;DECISION;setup SHORT score=0.55 entry=4346.98 inv=4369.40 tgt=0.00 AWAIT-RETEST [CHoCH short lvl=4349.55|RelVol=1.09|Retest@4346.98|VPnode d=2.62]
2026.06.15 19:30:00;DECISION;TP capped 44.84429 -> 33.63321 (3.0xATR)
2026.06.15 19:30:00;ORDER;limit SELL 0.03 @ 4346.98 sl=4369.40 tp=4313.34 rc=10009 [WT|CHOCH|0.55|RL]
2026.06.15 19:30:00;RISK;sizing: vol_ratio=0.97 scalar=1.00 gap_buf=5.14429 eff_stop=27.56643
2026.06.15 21:45:00;ORDER;cancelled 1 pending: setup expired/invalidated
2026.06.16 01:15:00;VETO;signal rejected: volume: relVol 0.63 < 1.00
2026.06.16 04:15:00;VETO;signal rejected: volume: relVol 0.90 < 1.00
2026.06.16 06:45:00;DECISION;setup LONG score=0.65 entry=4327.88 inv=4307.61 tgt=0.00 AWAIT-RETEST [BOS long lvl=4325.90|RelVol=1.07|Retest@4327.88|VPnear|VWAPside|RSI=64]
2026.06.16 07:15:00;VETO;authorization denied: outside session window (server hour 07, window 12-20)
2026.06.16 07:30:00;VETO;authorization denied: outside session window (server hour 07, window 12-20)
2026.06.16 07:45:00;VETO;authorization denied: outside session window (server hour 07, window 12-20)
2026.06.16 08:00:00;VETO;authorization denied: outside session window (server hour 08, window 12-20)
2026.06.16 11:00:00;DECISION;setup LONG score=0.65 entry=4335.12 inv=4313.33 tgt=0.00 [BOS long lvl=4330.89|RelVol=1.02|VWAPside|ADX=31|RSI=64]
2026.06.16 11:00:00;VETO;authorization denied: outside session window (server hour 11, window 12-20)
2026.06.16 11:15:00;VETO;authorization denied: outside session window (server hour 11, window 12-20)
2026.06.16 11:30:00;VETO;authorization denied: outside session window (server hour 11, window 12-20)
2026.06.16 11:45:00;VETO;authorization denied: outside session window (server hour 11, window 12-20)
2026.06.16 14:00:00;VETO;signal rejected: volume: relVol 0.80 < 1.00
2026.06.16 15:45:00;VETO;signal rejected: volume: relVol 0.84 < 1.00
2026.06.16 17:00:00;VETO;signal rejected: volume: relVol 0.97 < 1.00
2026.06.16 17:30:00;VETO;outlier bar masked, z=4.3
2026.06.16 19:00:00;VETO;outlier bar masked, z=5.7
2026.06.17 01:00:00;VETO;signal rejected: score 0.50 < 0.55 [BOS short lvl=4336.16|RelVol=1.13|CycleTurn w=-0.43<-0.70]
2026.06.17 04:15:00;VETO;outlier bar masked, z=3.9
2026.06.17 07:30:00;VETO;signal rejected: volume: relVol 0.99 < 1.00
2026.06.17 11:45:00;VETO;signal rejected: volume: relVol 0.93 < 1.00
2026.06.17 16:30:00;VETO;signal rejected: volume: relVol 0.81 < 1.00
2026.06.17 17:30:00;VETO;outlier bar masked, z=6.5
2026.06.17 17:45:00;VETO;outlier bar masked, z=4.6
2026.06.17 18:00:00;VETO;outlier bar masked, z=7.8
2026.06.17 19:30:00;VETO;signal rejected: volume: relVol 0.85 < 1.00
2026.06.17 20:45:00;VETO;outlier bar masked, z=7.2
2026.06.17 21:15:00;VETO;outlier bar masked, z=42.7
2026.06.17 21:30:00;VETO;outlier bar masked, z=8.2
2026.06.17 21:45:00;VETO;outlier bar masked, z=21.6
2026.06.17 22:00:00;VETO;outlier bar masked, z=19.4
2026.06.17 22:15:00;VETO;outlier bar masked, z=11.8
2026.06.17 22:30:00;VETO;outlier bar masked, z=13.5
2026.06.17 22:45:00;VETO;outlier bar masked, z=4.3
2026.06.18 01:00:00;VETO;outlier bar masked, z=4.3
2026.06.18 01:15:00;VETO;outlier bar masked, z=9.8
2026.06.18 02:15:00;VETO;outlier bar masked, z=4.4
2026.06.18 03:15:00;VETO;outlier bar masked, z=5.6
2026.06.18 04:15:00;VETO;outlier bar masked, z=5.0
2026.06.18 09:00:00;DECISION;setup SHORT score=0.75 entry=4308.11 inv=4324.00 tgt=0.00 [BOS short lvl=4309.09|RelVol=1.32|VPnode d=4.11|CycleTurn w=-0.28<--0.14]
2026.06.18 09:00:00;VETO;authorization denied: outside session window (server hour 09, window 12-20)
2026.06.18 09:15:00;VETO;authorization denied: outside session window (server hour 09, window 12-20)
2026.06.18 09:30:00;VETO;authorization denied: outside session window (server hour 09, window 12-20)
2026.06.18 09:45:00;VETO;authorization denied: outside session window (server hour 09, window 12-20)
2026.06.18 11:00:00;DECISION;setup SHORT score=0.80 entry=4293.93 inv=4324.75 tgt=0.00 AWAIT-RETEST [BOS short lvl=4296.26|RelVol=1.20|Retest@4293.93|VPnode d=5.47|VWAPside|RSI=38]
2026.06.18 14:00:00;DECISION;setup SHORT score=0.65 entry=4255.58 inv=4273.33 tgt=0.00 [BOS short lvl=4259.56|RelVol=1.35|VWAPside|ADX=38|RSI=25]
2026.06.18 14:00:00;DECISION;TP capped 35.56000 -> 28.07571 (3.0xATR)
2026.06.18 14:00:00;ORDER;filled SELL 0.04 lots sl=4273.33 tp=4227.47 [WT|BOS|0.65]
2026.06.18 14:00:00;RISK;sizing: vol_ratio=0.80 scalar=1.00 gap_buf=4.67929 eff_stop=22.45929
2026.06.18 14:00:00;ORDER;entry fill deal #182 SELL 0.04 @ 4255.55000
2026.06.18 16:31:40;RISK;deal closed pnl=-71.12 streak=1 lock=0
2026.06.18 18:30:00;DECISION;setup SHORT score=0.80 entry=4235.76 inv=4276.73 tgt=0.00 [BOS short lvl=4237.19|RelVol=1.12|VPnode d=3.64|VWAPside|RSI=36]
2026.06.18 18:30:00;DECISION;TP capped 81.94000 -> 61.45500 (3.0xATR)
2026.06.18 18:30:00;ORDER;filled SELL 0.02 lots sl=4276.73 tp=4174.31 [WT|BOS|0.80]
2026.06.18 18:30:00;RISK;sizing: vol_ratio=1.08 scalar=1.00 gap_buf=7.04821 eff_stop=48.01821
2026.06.18 18:30:00;ORDER;entry fill deal #184 SELL 0.02 @ 4235.76000
2026.06.18 22:15:00;DECISION;setup SHORT score=0.85 entry=4211.97 inv=4233.19 tgt=0.00 AWAIT-RETEST [BOS short lvl=4214.00|RelVol=1.34|Retest@4211.97|VWAPside|CycleTurn w=0.91<-0.99|ADX=30|RSI=27]
2026.06.18 22:45:00;VETO;authorization denied: outside session window (server hour 22, window 12-20)
2026.06.19 01:00:00;VETO;authorization denied: outside session window (server hour 01, window 12-20)
2026.06.19 01:15:00;VETO;authorization denied: outside session window (server hour 01, window 12-20)
2026.06.19 01:30:00;VETO;authorization denied: outside session window (server hour 01, window 12-20)
2026.06.19 02:14:40;MANAGE;#187 SL 4276.73 -> 4235.75 breakeven
2026.06.19 02:14:40;MANAGE;#187 partial close 0.01 of 0.02 lots
2026.06.19 02:14:40;RISK;deal closed pnl=41.78 streak=0 lock=0
2026.06.19 02:14:59;MANAGE;#187 SL 4235.75 -> 4211.37 trail
2026.06.19 02:15:00;DECISION;setup SHORT score=0.65 entry=4195.64 inv=4233.19 tgt=0.00 [BOS short lvl=4200.90|RelVol=1.19|VPnear|VWAPside|RSI=29]
2026.06.19 02:15:00;VETO;authorization denied: outside session window (server hour 02, window 12-20)
2026.06.19 02:17:20;MANAGE;#187 SL 4211.37 -> 4210.79 trail
2026.06.19 02:25:40;MANAGE;#187 SL 4210.79 -> 4210.50 trail
2026.06.19 02:30:00;VETO;authorization denied: outside session window (server hour 02, window 12-20)
2026.06.19 02:45:00;VETO;authorization denied: outside session window (server hour 02, window 12-20)
2026.06.19 02:45:40;MANAGE;#187 SL 4210.50 -> 4204.68 trail
2026.06.19 02:49:20;MANAGE;#187 SL 4204.68 -> 4204.47 trail
2026.06.19 02:56:40;MANAGE;#187 SL 4204.47 -> 4203.95 trail
2026.06.19 02:57:20;MANAGE;#187 SL 4203.95 -> 4203.38 trail
2026.06.19 03:00:00;VETO;authorization denied: outside session window (server hour 03, window 12-20)
2026.06.19 03:06:40;MANAGE;#187 SL 4203.38 -> 4202.31 trail
2026.06.19 03:07:40;MANAGE;#187 SL 4202.31 -> 4201.45 trail
2026.06.19 04:05:40;MANAGE;#187 SL 4201.45 -> 4200.77 trail
2026.06.19 04:17:40;MANAGE;#187 SL 4200.77 -> 4200.53 trail
2026.06.19 04:18:20;MANAGE;#187 SL 4200.53 -> 4200.17 trail
2026.06.19 04:20:40;MANAGE;#187 SL 4200.17 -> 4199.97 trail
2026.06.19 04:45:40;MANAGE;#187 SL 4199.97 -> 4199.61 trail
2026.06.19 04:46:20;MANAGE;#187 SL 4199.61 -> 4199.16 trail
2026.06.19 04:51:20;MANAGE;#187 SL 4199.16 -> 4198.96 trail
2026.06.19 05:02:40;MANAGE;#187 SL 4198.96 -> 4198.62 trail
2026.06.19 05:06:20;MANAGE;#187 SL 4198.62 -> 4196.77 trail
2026.06.19 05:07:40;MANAGE;#187 SL 4196.77 -> 4194.36 trail
2026.06.19 05:08:40;MANAGE;#187 SL 4194.36 -> 4193.55 trail
2026.06.19 05:14:40;MANAGE;#187 SL 4193.55 -> 4192.61 trail
2026.06.19 05:15:00;VETO;signal rejected: volume: relVol 0.82 < 1.00
2026.06.19 05:15:40;MANAGE;#187 SL 4192.61 -> 4190.80 trail
2026.06.19 05:16:20;MANAGE;#187 SL 4190.80 -> 4190.52 trail
2026.06.19 05:17:40;MANAGE;#187 SL 4190.52 -> 4190.09 trail
2026.06.19 05:46:40;MANAGE;#187 SL 4190.09 -> 4189.69 trail
2026.06.19 05:47:20;MANAGE;#187 SL 4189.69 -> 4189.41 trail
2026.06.19 05:50:40;MANAGE;#187 SL 4189.41 -> 4188.02 trail
2026.06.19 05:51:40;RISK;deal closed pnl=61.41 streak=0 lock=0
2026.06.19 16:00:00;VETO;outlier bar masked, z=6.8
2026.06.19 17:45:00;VETO;signal rejected: volume: relVol 0.66 < 1.00
2026.06.19 20:00:00;VETO;signal rejected: volume: relVol 0.57 < 1.00
2026.06.22 01:15:00;VETO;outlier bar masked, z=5.5
2026.06.22 03:15:00;VETO;outlier bar masked, z=4.8
2026.06.22 03:30:00;DECISION;setup LONG score=0.65 entry=4167.51 inv=4133.63 tgt=0.00 [BOS long lvl=4164.74|RelVol=1.19|VPnear|VWAPside|RSI=60]
2026.06.22 03:30:00;VETO;authorization denied: outside session window (server hour 03, window 12-20)
2026.06.22 03:45:00;VETO;authorization denied: outside session window (server hour 03, window 12-20)
2026.06.22 04:00:00;VETO;outlier bar masked, z=5.3
2026.06.22 04:15:00;VETO;outlier bar masked, z=3.7
2026.06.22 04:30:00;VETO;authorization denied: outside session window (server hour 04, window 12-20)
2026.06.22 04:45:00;VETO;authorization denied: outside session window (server hour 04, window 12-20)
2026.06.22 13:00:00;VETO;signal rejected: volume: relVol 0.97 < 1.00
2026.06.22 16:30:00;DECISION;setup SHORT score=0.80 entry=4186.81 inv=4211.76 tgt=0.00 AWAIT-RETEST [CHoCH short lvl=4188.65|RelVol=1.17|Retest@4186.81|VPnode d=0.21|VWAPside|RSI=37]
2026.06.22 16:30:00;DECISION;TP capped 49.89536 -> 37.42152 (3.0xATR)
2026.06.22 16:30:00;ERROR;limit SELL 0.03 @ 4186.81 sl=4211.76 tp=4149.39 rc=10015 [WT|CHOCH|0.80|RL]
2026.06.22 16:45:00;DECISION;TP capped 41.40000 -> 31.05000 (3.0xATR)
2026.06.22 16:45:00;ORDER;filled SELL 0.04 lots sl=4211.76 tp=4160.01 [WT|CHOCH|0.80]
2026.06.22 16:45:00;RISK;sizing: vol_ratio=0.90 scalar=1.00 gap_buf=3.86893 eff_stop=24.56893
2026.06.22 16:45:00;ORDER;entry fill deal #187 SELL 0.04 @ 4191.06000
2026.06.22 17:00:00;VETO;outlier bar masked, z=4.5
2026.06.22 17:15:00;VETO;outlier bar masked, z=3.9
2026.06.22 18:45:00;DECISION;setup SHORT score=0.80 entry=4180.99 inv=4210.74 tgt=0.00 [BOS short lvl=4186.51|RelVol=1.16|VPnode d=5.81|VWAPside|RSI=38]
2026.06.22 18:45:00;DECISION;TP capped 59.50000 -> 44.62500 (3.0xATR)
2026.06.22 18:45:00;VETO;risk veto: max positions
2026.06.22 18:49:40;MANAGE;#190 SL 4211.76 -> 4191.00 breakeven
2026.06.22 18:49:40;MANAGE;#190 partial close 0.02 of 0.04 lots
2026.06.22 18:49:40;RISK;deal closed pnl=42.16 streak=0 lock=0
2026.06.22 19:58:40;RISK;deal closed pnl=0.12 streak=0 lock=0
2026.06.23 02:45:00;VETO;signal rejected: volume: relVol 0.53 < 1.00
2026.06.23 03:15:00;VETO;signal rejected: volume: relVol 0.96 < 1.00
2026.06.23 04:30:00;DECISION;setup SHORT score=0.65 entry=4178.24 inv=4195.31 tgt=0.00 [BOS short lvl=4178.34|RelVol=1.04|VPnear|VWAPside|RSI=41]
2026.06.23 04:30:00;VETO;authorization denied: outside session window (server hour 04, window 12-20)
2026.06.23 04:45:00;VETO;outlier bar masked, z=5.0
2026.06.23 05:00:00;VETO;authorization denied: outside session window (server hour 05, window 12-20)
2026.06.23 05:15:00;VETO;authorization denied: outside session window (server hour 05, window 12-20)
2026.06.23 05:30:00;VETO;authorization denied: outside session window (server hour 05, window 12-20)
2026.06.23 08:00:00;VETO;outlier bar masked, z=5.2
2026.06.23 08:15:00;VETO;outlier bar masked, z=4.2
2026.06.23 09:45:00;DECISION;setup SHORT score=0.65 entry=4113.42 inv=4146.97 tgt=0.00 [BOS short lvl=4114.75|RelVol=1.30|VWAPside|ADX=61|RSI=29]
2026.06.23 09:45:00;VETO;authorization denied: outside session window (server hour 09, window 12-20)
2026.06.23 10:00:00;VETO;authorization denied: outside session window (server hour 10, window 12-20)
2026.06.23 10:15:00;VETO;authorization denied: outside session window (server hour 10, window 12-20)
2026.06.23 10:30:00;VETO;authorization denied: outside session window (server hour 10, window 12-20)
2026.06.23 15:15:00;DECISION;setup SHORT score=1.00 entry=4114.08 inv=4133.31 tgt=0.00 [BOS short lvl=4117.34|RelVol=1.01|VPnode d=3.22|VWAPside|CycleTurn w=0.97<-0.99|RSI=43]
2026.06.23 15:15:00;DECISION;TP capped 38.46000 -> 28.84500 (3.0xATR)
2026.06.23 15:15:00;ORDER;filled SELL 0.04 lots sl=4133.31 tp=4085.23 [WT|BOS|1.00]
2026.06.23 15:15:00;RISK;sizing: vol_ratio=0.96 scalar=1.00 gap_buf=4.47179 eff_stop=23.70179
2026.06.23 15:15:00;ORDER;entry fill deal #190 SELL 0.04 @ 4114.08000
2026.06.23 16:48:40;RISK;deal closed pnl=-76.92 streak=1 lock=0
2026.06.23 17:00:00;DECISION;setup LONG score=0.85 entry=4136.06 inv=4117.34 tgt=0.00 AWAIT-RETEST [CHoCH long lvl=4133.31|RelVol=1.09|Retest@4136.06|VPnear|VWAPside|CycleTurn w=0.66<-0.25|RSI=60]
2026.06.23 17:00:00;DECISION;TP capped 37.43321 -> 32.95929 (3.0xATR)
2026.06.23 17:00:00;ERROR;limit BUY 0.04 @ 4136.06 sl=4117.34 tp=4169.02 rc=10015 [WT|CHOCH|0.85|RL]
2026.06.23 17:15:00;DECISION;TP capped 40.62000 -> 33.76071 (3.0xATR)
2026.06.23 17:15:00;ORDER;filled BUY 0.03 lots sl=4117.34 tp=4171.41 [WT|CHOCH|0.85]
2026.06.23 17:15:00;RISK;sizing: vol_ratio=1.16 scalar=1.00 gap_buf=5.62679 eff_stop=25.93679
2026.06.23 17:15:00;ORDER;entry fill deal #192 BUY 0.03 @ 4137.65000
2026.06.23 19:45:00;VETO;signal rejected: volume: relVol 0.86 < 1.00
2026.06.23 21:30:00;VETO;signal rejected: volume: relVol 0.87 < 1.00
2026.06.23 21:42:40;RISK;deal closed pnl=-60.93 streak=2 lock=0
2026.06.24 01:00:00;VETO;signal rejected: score 0.45 < 0.55 [BOS short lvl=4112.84|RelVol=1.20|RSI=37]
2026.06.24 04:15:00;VETO;outlier bar masked, z=4.8
2026.06.24 05:45:00;VETO;outlier bar masked, z=3.6
2026.06.24 08:30:00;DECISION;setup LONG score=0.55 entry=4073.23 inv=4055.05 tgt=0.00 AWAIT-RETEST [CHoCH long lvl=4070.67|RelVol=1.25|Retest@4073.23|VPnode d=7.23]
2026.06.24 08:45:00;VETO;authorization denied: outside session window (server hour 08, window 12-20)
2026.06.24 09:00:00;VETO;authorization denied: outside session window (server hour 09, window 12-20)
2026.06.24 09:15:00;VETO;authorization denied: outside session window (server hour 09, window 12-20)
2026.06.24 09:30:00;VETO;authorization denied: outside session window (server hour 09, window 12-20)
2026.06.24 12:30:00;DECISION;setup SHORT score=1.00 entry=4070.64 inv=4087.65 tgt=0.00 AWAIT-RETEST [CHoCH short lvl=4073.06|RelVol=1.13|Retest@4070.64|VPnode d=0.84|VWAPside|CycleTurn w=0.72<-0.99|RSI=41]
2026.06.24 12:30:00;DECISION;TP capped 34.02500 -> 29.07000 (3.0xATR)
2026.06.24 12:30:00;ORDER;limit SELL 0.04 @ 4070.64 sl=4087.65 tp=4041.57 rc=10009 [WT|CHOCH|1.00|RL]
2026.06.24 12:30:00;RISK;sizing: vol_ratio=0.95 scalar=1.00 gap_buf=4.84500 eff_stop=21.85750
2026.06.24 12:30:40;ORDER;entry fill deal #194 SELL 0.04 @ 4070.64000
2026.06.24 14:04:40;MANAGE;#197 SL 4087.65 -> 4070.61 breakeven
2026.06.24 14:04:40;MANAGE;#197 partial close 0.02 of 0.04 lots
2026.06.24 14:04:40;RISK;deal closed pnl=39.52 streak=0 lock=0
2026.06.24 14:04:59;MANAGE;#197 SL 4070.61 -> 4069.09 trail
2026.06.24 14:05:40;MANAGE;#197 SL 4069.09 -> 4068.43 trail
2026.06.24 14:06:40;MANAGE;#197 SL 4068.43 -> 4065.21 trail
2026.06.24 14:13:40;MANAGE;#197 SL 4065.21 -> 4064.69 trail
2026.06.24 14:14:40;MANAGE;#197 SL 4064.69 -> 4061.72 trail
2026.06.24 14:15:40;RISK;deal closed pnl=58.14 streak=0 lock=0
2026.06.24 15:30:00;VETO;outlier bar masked, z=7.1
2026.06.24 16:00:00;VETO;outlier bar masked, z=5.2
2026.06.24 16:15:00;VETO;outlier bar masked, z=4.7
2026.06.24 16:45:00;VETO;outlier bar masked, z=8.2
2026.06.24 17:00:00;VETO;outlier bar masked, z=5.4
2026.06.24 20:30:00;DECISION;setup SHORT score=0.75 entry=3990.59 inv=4022.24 tgt=0.00 [BOS short lvl=3995.59|RelVol=1.52|VWAPside|CycleTurn w=0.99<-1.00|RSI=37]
2026.06.24 20:30:00;VETO;authorization denied: outside session window (server hour 20, window 12-20)
2026.06.24 20:45:00;VETO;authorization denied: outside session window (server hour 20, window 12-20)
2026.06.24 21:00:00;VETO;authorization denied: outside session window (server hour 21, window 12-20)
2026.06.24 21:15:00;VETO;outlier bar masked, z=4.3
2026.06.24 21:30:00;VETO;authorization denied: outside session window (server hour 21, window 12-20)
2026.06.25 01:15:00;VETO;signal rejected: volume: relVol 0.75 < 1.00
2026.06.25 02:45:00;DECISION;setup LONG score=0.65 entry=4014.41 inv=3973.48 tgt=0.00 [BOS long lvl=4008.44|RelVol=1.21|VPnear|VWAPside|RSI=58]
2026.06.25 02:45:00;VETO;authorization denied: outside session window (server hour 02, window 12-20)
2026.06.25 03:00:00;VETO;authorization denied: outside session window (server hour 03, window 12-20)
2026.06.25 03:15:00;VETO;authorization denied: outside session window (server hour 03, window 12-20)
2026.06.25 03:30:00;VETO;authorization denied: outside session window (server hour 03, window 12-20)
2026.06.25 03:45:00;DECISION;setup SHORT score=1.00 entry=3988.12 inv=4018.63 tgt=0.00 AWAIT-RETEST [CHoCH short lvl=3990.80|RelVol=1.24|Retest@3988.12|VPnode d=5.32|VWAPside|CycleTurn w=0.97<-1.00|RSI=42]
2026.06.25 04:00:00;VETO;authorization denied: outside session window (server hour 04, window 12-20)
2026.06.25 04:15:00;VETO;authorization denied: outside session window (server hour 04, window 12-20)
2026.06.25 04:30:00;VETO;authorization denied: outside session window (server hour 04, window 12-20)
2026.06.25 04:45:00;VETO;authorization denied: outside session window (server hour 04, window 12-20)
2026.06.25 15:45:00;DECISION;setup LONG score=0.85 entry=4004.12 inv=3973.64 tgt=0.00 AWAIT-RETEST [CHoCH long lvl=4002.03|RelVol=1.67|Retest@4004.12|VPnear|VWAPside|CycleTurn w=-0.58<--0.98|RSI=62]
2026.06.25 15:45:00;DECISION;TP capped 60.96357 -> 45.72268 (3.0xATR)
2026.06.25 15:45:00;ORDER;limit BUY 0.02 @ 4004.12 sl=3973.64 tp=4049.84 rc=10009 [WT|CHOCH|0.85|RL]
2026.06.25 15:45:00;RISK;sizing: vol_ratio=0.63 scalar=1.00 gap_buf=4.18357 eff_stop=34.66536
2026.06.25 15:45:20;ORDER;entry fill deal #197 BUY 0.02 @ 4004.12000
2026.06.25 18:22:40;MANAGE;#200 SL 3973.64 -> 4004.14 breakeven
2026.06.25 18:22:40;MANAGE;#200 partial close 0.01 of 0.02 lots
2026.06.25 18:22:40;RISK;deal closed pnl=36.51 streak=0 lock=0
2026.06.25 18:23:20;MANAGE;#200 SL 4004.14 -> 4008.02 trail
2026.06.25 18:24:40;MANAGE;#200 SL 4008.02 -> 4009.38 trail
2026.06.25 19:00:00;DECISION;setup LONG score=0.55 entry=4041.09 inv=4005.03 tgt=0.00 [BOS long lvl=4034.11|RelVol=1.40|VWAPside|RSI=65]
2026.06.25 19:00:00;DECISION;TP capped 72.16000 -> 54.12000 (3.0xATR)
2026.06.25 19:00:00;VETO;risk veto: max positions
2026.06.25 19:17:40;MANAGE;#200 SL 4009.38 -> 4011.12 trail
2026.06.25 20:55:40;MANAGE;#200 SL 4011.12 -> 4011.28 trail
2026.06.25 20:56:40;MANAGE;#200 SL 4011.28 -> 4011.86 trail
2026.06.25 20:57:40;MANAGE;#200 SL 4011.86 -> 4013.00 trail
2026.06.25 21:16:40;MANAGE;#200 SL 4013.00 -> 4015.99 trail
2026.06.25 21:18:40;MANAGE;#200 SL 4015.99 -> 4017.01 trail
2026.06.25 21:19:20;MANAGE;#200 SL 4017.01 -> 4018.30 trail
2026.06.25 21:25:40;MANAGE;#200 SL 4018.30 -> 4019.44 trail
2026.06.25 21:26:40;MANAGE;#200 SL 4019.44 -> 4020.73 trail
2026.06.25 21:29:40;MANAGE;#200 SL 4020.73 -> 4022.08 trail
2026.06.25 21:30:00;DECISION;setup LONG score=0.55 entry=4044.12 inv=4023.87 tgt=0.00 [BOS long lvl=4044.08|RelVol=1.15|VWAPside|RSI=64]
2026.06.25 21:30:00;VETO;authorization denied: outside session window (server hour 21, window 12-20)
2026.06.25 21:45:00;VETO;authorization denied: outside session window (server hour 21, window 12-20)
2026.06.25 22:00:00;VETO;authorization denied: outside session window (server hour 22, window 12-20)
2026.06.25 22:11:40;MANAGE;#200 SL 4022.08 -> 4022.40 trail
2026.06.25 22:12:20;MANAGE;#200 SL 4022.40 -> 4022.50 trail
2026.06.25 22:15:00;VETO;authorization denied: outside session window (server hour 22, window 12-20)
2026.06.25 22:15:40;MANAGE;#200 SL 4022.50 -> 4023.58 trail
2026.06.25 22:16:40;MANAGE;#200 SL 4023.58 -> 4025.91 trail
2026.06.25 22:50:40;RISK;deal closed pnl=21.79 streak=0 lock=0
2026.06.26 01:15:00;VETO;outlier bar masked, z=6.0
2026.06.26 05:30:00;DECISION;setup SHORT score=0.80 entry=4007.47 inv=4029.54 tgt=0.00 [BOS short lvl=4011.43|RelVol=1.17|VPnode d=6.73|VWAPside|RSI=38]
2026.06.26 05:30:00;VETO;authorization denied: outside session window (server hour 05, window 12-20)
2026.06.26 05:45:00;VETO;authorization denied: outside session window (server hour 05, window 12-20)
2026.06.26 06:00:00;VETO;authorization denied: outside session window (server hour 06, window 12-20)
2026.06.26 06:15:00;VETO;authorization denied: outside session window (server hour 06, window 12-20)
2026.06.26 10:00:00;DECISION;setup LONG score=0.80 entry=4031.77 inv=4005.72 tgt=0.00 AWAIT-RETEST [CHoCH long lvl=4029.54|RelVol=1.41|Retest@4031.77|VPnode d=5.17|VWAPside|RSI=65]
2026.06.26 10:15:00;VETO;authorization denied: outside session window (server hour 10, window 12-20)
2026.06.26 10:30:00;VETO;authorization denied: outside session window (server hour 10, window 12-20)
2026.06.26 10:45:00;VETO;authorization denied: outside session window (server hour 10, window 12-20)
2026.06.26 11:00:00;VETO;authorization denied: outside session window (server hour 11, window 12-20)
2026.06.26 12:30:00;DECISION;setup LONG score=0.65 entry=4042.07 inv=4025.82 tgt=0.00 AWAIT-RETEST [BOS long lvl=4039.83|RelVol=1.40|Retest@4042.07|VPnear|VWAPside|RSI=68]
2026.06.26 12:30:00;DECISION;TP capped 32.49464 -> 26.84786 (3.0xATR)
2026.06.26 12:30:00;ORDER;limit BUY 0.05 @ 4042.07 sl=4025.82 tp=4068.92 rc=10009 [WT|BOS|0.65|RL]
2026.06.26 12:30:00;RISK;sizing: vol_ratio=0.84 scalar=1.00 gap_buf=4.47464 eff_stop=20.72196
2026.06.26 14:00:00;DECISION;setup LONG score=0.65 entry=4054.78 inv=4029.62 tgt=0.00 [BOS long lvl=4054.14|RelVol=1.02|VWAPside|ADX=33|RSI=70]
2026.06.26 15:00:00;ORDER;cancelled 1 pending: setup expired/invalidated
2026.06.26 15:45:00;VETO;signal rejected: volume: relVol 0.82 < 1.00
2026.06.26 16:00:00;VETO;outlier bar masked, z=4.2
2026.06.26 16:15:00;VETO;outlier bar masked, z=4.3
2026.06.26 18:45:00;VETO;signal rejected: volume: relVol 0.91 < 1.00
2026.06.26 21:00:00;VETO;signal rejected: volume: relVol 0.85 < 1.00
2026.06.29 01:15:00;VETO;outlier bar masked, z=5.2
2026.06.29 03:30:00;DECISION;setup SHORT score=0.80 entry=4048.29 inv=4085.55 tgt=0.00 [BOS short lvl=4053.29|RelVol=1.49|VPnode d=6.31|VWAPside|RSI=35]
2026.06.29 03:30:00;VETO;authorization denied: outside session window (server hour 03, window 12-20)
2026.06.29 03:45:00;VETO;outlier bar masked, z=3.8
2026.06.29 04:00:00;VETO;authorization denied: outside session window (server hour 04, window 12-20)
2026.06.29 04:15:00;VETO;authorization denied: outside session window (server hour 04, window 12-20)
2026.06.29 04:30:00;VETO;authorization denied: outside session window (server hour 04, window 12-20)
2026.06.29 13:00:00;DECISION;setup SHORT score=0.65 entry=4037.15 inv=4068.60 tgt=0.00 AWAIT-RETEST [BOS short lvl=4039.36|RelVol=1.71|Retest@4037.15|VWAPside|ADX=33|RSI=29]
2026.06.29 13:00:00;DECISION;TP capped 62.90464 -> 47.17848 (3.0xATR)
2026.06.29 13:00:00;ORDER;limit SELL 0.02 @ 4037.15 sl=4068.60 tp=3989.97 rc=10009 [WT|BOS|0.65|RL]
2026.06.29 13:00:00;RISK;sizing: vol_ratio=0.91 scalar=1.00 gap_buf=4.42464 eff_stop=35.87696
2026.06.29 13:12:40;ORDER;entry fill deal #200 SELL 0.02 @ 4037.15000
2026.06.29 17:15:00;VETO;outlier bar masked, z=4.3
2026.06.29 17:15:40;MANAGE;#204 SL 4068.60 -> 4037.11 breakeven
2026.06.29 17:15:40;MANAGE;#204 partial close 0.01 of 0.02 lots
2026.06.29 17:15:40;RISK;deal closed pnl=36.81 streak=0 lock=0
2026.06.29 17:15:59;MANAGE;#204 SL 4037.11 -> 4022.85 trail
2026.06.29 17:25:40;RISK;deal closed pnl=14.30 streak=0 lock=0
2026.06.29 17:30:00;VETO;outlier bar masked, z=4.6
2026.06.29 22:00:00;VETO;signal rejected: volume: relVol 0.78 < 1.00
2026.06.30 03:30:00;VETO;signal rejected: volume: relVol 0.88 < 1.00
2026.06.30 04:15:00;VETO;outlier bar masked, z=9.2
2026.06.30 04:30:00;VETO;outlier bar masked, z=5.6
2026.06.30 09:30:00;VETO;outlier bar masked, z=6.0
2026.06.30 09:45:00;VETO;outlier bar masked, z=4.1
2026.06.30 16:00:00;VETO;signal rejected: volume: relVol 0.78 < 1.00
2026.06.30 17:15:00;VETO;outlier bar masked, z=3.9
2026.07.01 01:00:00;VETO;signal rejected: volume: relVol 0.96 < 1.00
2026.07.01 03:45:00;VETO;signal rejected: volume: relVol 0.89 < 1.00
2026.07.01 04:15:00;VETO;outlier bar masked, z=3.7
2026.07.01 09:15:00;DECISION;setup SHORT score=0.80 entry=3965.25 inv=3982.78 tgt=0.00 [BOS short lvl=3969.80|RelVol=1.04|VPnode d=4.35|VWAPside|RSI=27]
2026.07.01 09:15:00;VETO;authorization denied: outside session window (server hour 09, window 12-20)
2026.07.01 09:30:00;VETO;authorization denied: outside session window (server hour 09, window 12-20)
2026.07.01 09:45:00;VETO;authorization denied: outside session window (server hour 09, window 12-20)
2026.07.01 10:00:00;VETO;authorization denied: outside session window (server hour 10, window 12-20)
2026.07.01 13:30:00;VETO;signal rejected: volume: relVol 0.76 < 1.00
2026.07.01 14:15:00;VETO;outlier bar masked, z=4.7
2026.07.01 16:30:00;VETO;outlier bar masked, z=5.3
2026.07.01 16:45:00;VETO;outlier bar masked, z=14.3
2026.07.01 17:00:00;VETO;outlier bar masked, z=4.4
2026.07.01 17:45:00;VETO;outlier bar masked, z=4.3
2026.07.01 19:45:00;VETO;signal rejected: volume: relVol 0.80 < 1.00
2026.07.02 01:00:00;VETO;outlier bar masked, z=3.7
2026.07.02 01:15:00;VETO;outlier bar masked, z=10.2
2026.07.02 03:30:00;VETO;signal rejected: volume: relVol 0.84 < 1.00
2026.07.02 07:00:00;DECISION;setup LONG score=0.90 entry=4069.99 inv=4041.16 tgt=0.00 [BOS long lvl=4068.54|RelVol=1.25|VPnode d=2.19|VWAPside|ADX=34|RSI=63]
2026.07.02 07:00:00;VETO;authorization denied: outside session window (server hour 07, window 12-20)
2026.07.02 07:15:00;VETO;authorization denied: outside session window (server hour 07, window 12-20)
2026.07.02 07:30:00;VETO;authorization denied: outside session window (server hour 07, window 12-20)
2026.07.02 07:45:00;VETO;authorization denied: outside session window (server hour 07, window 12-20)
2026.07.02 09:30:00;VETO;signal rejected: volume: relVol 0.93 < 1.00
2026.07.02 15:45:00;VETO;outlier bar masked, z=20.3
2026.07.02 16:00:00;VETO;outlier bar masked, z=4.0
2026.07.02 16:45:00;VETO;outlier bar masked, z=5.2
2026.07.03 01:15:00;VETO;outlier bar masked, z=7.5
2026.07.03 02:30:00;VETO;signal rejected: volume: relVol 0.70 < 1.00
2026.07.03 04:15:00;VETO;outlier bar masked, z=6.2
2026.07.03 09:00:00;VETO;signal rejected: volume: relVol 0.71 < 1.00
2026.07.03 11:15:00;VETO;signal rejected: volume: relVol 0.70 < 1.00
2026.07.03 16:15:00;VETO;signal rejected: volume: relVol 0.68 < 1.00
2026.07.03 20:00:00;VETO;signal rejected: volume: relVol 0.49 < 1.00
2026.07.06 01:15:00;VETO;outlier bar masked, z=3.7
2026.07.06 03:00:00;VETO;outlier bar masked, z=4.4
2026.07.06 04:15:00;VETO;outlier bar masked, z=4.2
2026.07.06 06:15:00;VETO;signal rejected: volume: relVol 0.94 < 1.00
2026.07.06 10:45:00;VETO;signal rejected: volume: relVol 0.85 < 1.00
2026.07.06 12:30:00;VETO;signal rejected: volume: relVol 0.80 < 1.00
2026.07.06 15:45:00;VETO;signal rejected: volume: relVol 0.83 < 1.00
2026.07.06 17:45:00;VETO;signal rejected: volume: relVol 0.75 < 1.00
2026.07.06 18:30:00;VETO;signal rejected: volume: relVol 0.72 < 1.00
2026.07.06 20:00:00;VETO;signal rejected: volume: relVol 0.85 < 1.00
2026.07.07 03:00:00;VETO;signal rejected: volume: relVol 0.70 < 1.00
2026.07.07 08:15:00;VETO;signal rejected: volume: relVol 0.90 < 1.00
2026.07.07 11:15:00;VETO;signal rejected: volume: relVol 0.91 < 1.00
2026.07.07 14:30:00;VETO;signal rejected: volume: relVol 0.90 < 1.00
2026.07.07 15:15:00;VETO;outlier bar masked, z=3.9
2026.07.07 17:00:00;VETO;outlier bar masked, z=4.8
2026.07.07 22:00:00;DECISION;setup SHORT score=0.80 entry=4138.97 inv=4148.85 tgt=0.00 AWAIT-RETEST [CHoCH short lvl=4140.62|RelVol=1.28|Retest@4138.97|StopFloored|VPnode d=3.13|VWAPside|RSI=35]
2026.07.07 22:15:00;VETO;outlier bar masked, z=5.3
