time;tag;message
2025.07.01 00:00:00;RECOVER;init: v2.43 test_case=E7_session_london lock=0 streak=0 positions=0 equity=10000.00 day_eq=10000.00 peak_eq=10000.00
2025.07.01 00:00:00;RECOVER;symbol overrides [EURUSD]: EURUSD: profile_bin 0.20 -> 0.0002 (2026-07-17 E2 retest, PF 0.85 -> 1.12)
2025.07.01 00:00:00;VETO;signal rejected: score 0.40 < 0.55 [BOS long lvl=1.18|RelVol=1.19|Retest@1.18|ADX=62]
2025.07.01 03:15:00;VETO;signal rejected: volume: relVol 0.76 < 1.00
2025.07.01 05:00:00;VETO;signal rejected: volume: relVol 0.84 < 1.00
2025.07.01 10:15:00;VETO;outlier bar masked, z=3.7
2025.07.01 11:30:00;DECISION;setup LONG score=0.65 entry=1.18 inv=1.18 tgt=0.00 AWAIT-RETEST [CHoCH long lvl=1.18|RelVol=1.13|Retest@1.18|VPnode d=0.00|VWAPside]
2025.07.01 11:30:00;DECISION;TP capped 0.00443 -> 0.00333 (3.0xATR)
2025.07.01 11:30:00;ERROR;limit BUY 0.38 @ 1.18 sl=1.18 tp=1.18 rc=10015 [WT|CHOCH|0.65|RL]
2025.07.01 11:45:00;DECISION;TP capped 0.00520 -> 0.00390 (3.0xATR)
2025.07.01 11:45:00;ORDER;filled BUY 0.32 lots sl=1.18 tp=1.18 [WT|CHOCH|0.65]
2025.07.01 11:45:00;RISK;sizing: vol_ratio=1.14 scalar=1.00 gap_buf=0.00044 eff_stop=0.00304
2025.07.01 11:45:00;ORDER;entry fill deal #2 BUY 0.32 @ 1.17929
2025.07.01 12:00:00;VETO;outlier bar masked, z=6.7
2025.07.01 12:30:40;MANAGE;#2 SL 1.18 -> 1.18 breakeven
2025.07.01 12:30:40;MANAGE;#2 partial close 0.16 of 0.32 lots
2025.07.01 12:30:40;RISK;deal closed pnl=44.96 streak=0 lock=0
2025.07.01 12:30:59;MANAGE;#2 SL 1.18 -> 1.18 trail
2025.07.01 12:31:40;MANAGE;#2 SL 1.18 -> 1.18 trail
2025.07.01 12:34:40;MANAGE;#2 SL 1.18 -> 1.18 trail
2025.07.01 14:16:40;RISK;deal closed pnl=23.04 streak=0 lock=0
2025.07.01 15:45:00;VETO;signal rejected: volume: relVol 0.66 < 1.00
2025.07.01 17:00:00;VETO;outlier bar masked, z=3.9
2025.07.01 17:15:00;VETO;outlier bar masked, z=3.7
2025.07.01 17:45:00;VETO;outlier bar masked, z=3.6
2025.07.01 22:15:00;DECISION;setup LONG score=0.55 entry=1.18 inv=1.18 tgt=0.00 AWAIT-RETEST [CHoCH long lvl=1.18|RelVol=1.17|Retest@1.18|VPnode d=0.00]
2025.07.01 22:30:00;VETO;authorization denied: outside session window (server hour 22, window 07-16)
2025.07.01 22:45:00;VETO;authorization denied: outside session window (server hour 22, window 07-16)
2025.07.01 23:00:00;VETO;authorization denied: outside session window (server hour 23, window 07-16)
2025.07.01 23:15:00;VETO;authorization denied: outside session window (server hour 23, window 07-16)
2025.07.02 04:00:00;VETO;signal rejected: volume: relVol 0.59 < 1.00
2025.07.02 05:00:00;VETO;outlier bar masked, z=3.7
2025.07.02 09:00:00;VETO;signal rejected: volume: relVol 0.98 < 1.00
2025.07.02 12:30:00;VETO;signal rejected: volume: relVol 0.89 < 1.00
2025.07.02 14:30:00;VETO;signal rejected: volume: relVol 0.71 < 1.00
2025.07.02 15:30:00;VETO;outlier bar masked, z=9.8
2025.07.02 15:45:00;VETO;outlier bar masked, z=5.3
2025.07.02 16:15:00;VETO;outlier bar masked, z=5.1
2025.07.02 19:00:00;DECISION;setup LONG score=0.65 entry=1.18 inv=1.18 tgt=0.00 AWAIT-RETEST [CHoCH long lvl=1.18|RelVol=1.05|Retest@1.18|VPnode d=0.00|VWAPside]
2025.07.02 19:15:00;VETO;authorization denied: outside session window (server hour 19, window 07-16)
2025.07.02 19:30:00;VETO;authorization denied: outside session window (server hour 19, window 07-16)
2025.07.02 19:45:00;VETO;authorization denied: outside session window (server hour 19, window 07-16)
2025.07.02 20:00:00;VETO;authorization denied: outside session window (server hour 20, window 07-16)
2025.07.02 20:15:00;DECISION;setup LONG score=0.60 entry=1.18 inv=1.18 tgt=0.00 [BOS long lvl=1.18|RelVol=1.12|VPnear|VWAPside|ADX=43]
2025.07.02 20:15:00;VETO;authorization denied: outside session window (server hour 20, window 07-16)
2025.07.02 20:30:00;VETO;authorization denied: outside session window (server hour 20, window 07-16)
2025.07.02 20:45:00;VETO;authorization denied: outside session window (server hour 20, window 07-16)
2025.07.02 21:00:00;VETO;authorization denied: outside session window (server hour 21, window 07-16)
2025.07.02 23:00:00;VETO;signal rejected: volume: relVol 0.60 < 1.00
2025.07.03 00:15:00;VETO;signal rejected: volume: relVol 0.67 < 1.00
2025.07.03 00:45:00;DECISION;setup SHORT score=0.65 entry=1.18 inv=1.18 tgt=0.00 [BOS short lvl=1.18|RelVol=1.26|VPnode d=0.00|VWAPside]
2025.07.03 00:45:00;VETO;authorization denied: outside session window (server hour 00, window 07-16)
2025.07.03 01:00:00;VETO;authorization denied: outside session window (server hour 01, window 07-16)
2025.07.03 01:15:00;VETO;authorization denied: outside session window (server hour 01, window 07-16)
2025.07.03 01:30:00;VETO;authorization denied: outside session window (server hour 01, window 07-16)
2025.07.03 15:00:00;VETO;signal rejected: volume: relVol 0.95 < 1.00
2025.07.03 15:45:00;VETO;outlier bar masked, z=18.6
2025.07.03 16:00:00;VETO;outlier bar masked, z=4.3
2025.07.03 17:15:00;VETO;outlier bar masked, z=5.2
2025.07.03 19:30:00;VETO;signal rejected: volume: relVol 0.84 < 1.00
2025.07.04 02:15:00;VETO;signal rejected: volume: relVol 0.59 < 1.00
2025.07.04 10:30:00;VETO;signal rejected: volume: relVol 0.10 < 1.00
2025.07.04 12:45:00;VETO;signal rejected: volume: relVol 0.76 < 1.00
2025.07.04 17:15:00;VETO;signal rejected: volume: relVol 0.46 < 1.00
2025.07.04 20:00:00;VETO;signal rejected: volume: relVol 0.33 < 1.00
2025.07.04 22:00:00;VETO;signal rejected: volume: relVol 0.57 < 1.00
2025.07.07 00:01:30;VETO;outlier bar masked, z=3.5
2025.07.07 00:15:00;VETO;outlier bar masked, z=4.4
2025.07.07 03:15:00;VETO;signal rejected: volume: relVol 0.77 < 1.00
2025.07.07 04:45:00;VETO;signal rejected: volume: relVol 0.66 < 1.00
2025.07.07 08:30:00;VETO;signal rejected: volume: relVol 0.96 < 1.00
2025.07.07 09:30:00;VETO;signal rejected: volume: relVol 0.76 < 1.00
2025.07.07 15:30:00;VETO;signal rejected: volume: relVol 0.76 < 1.00
2025.07.07 16:30:00;VETO;signal rejected: volume: relVol 0.89 < 1.00
2025.07.07 19:30:00;VETO;outlier bar masked, z=7.9
2025.07.07 19:45:00;VETO;outlier bar masked, z=3.7
2025.07.07 20:00:00;VETO;outlier bar masked, z=5.7
2025.07.07 20:45:00;VETO;outlier bar masked, z=4.2
2025.07.08 01:45:00;VETO;signal rejected: score 0.50 < 0.55 [CHoCH long lvl=1.17|RelVol=1.00|Retest@1.17|VPnear|VWAPside]
2025.07.08 08:45:00;VETO;signal rejected: volume: relVol 0.80 < 1.00
2025.07.08 10:15:00;VETO;signal rejected: volume: relVol 0.97 < 1.00
2025.07.08 13:30:00;VETO;signal rejected: volume: relVol 0.73 < 1.00
2025.07.08 15:00:00;DECISION;setup SHORT score=0.60 entry=1.17 inv=1.18 tgt=0.00 [BOS short lvl=1.17|RelVol=1.01|VPnear|VWAPside|ADX=42]
2025.07.08 15:00:00;DECISION;TP capped 0.00868 -> 0.00651 (3.0xATR)
2025.07.08 15:00:00;ORDER;filled SELL 0.21 lots sl=1.18 tp=1.17 [WT|BOS|0.60]
2025.07.08 15:00:00;RISK;sizing: vol_ratio=0.82 scalar=1.00 gap_buf=0.00030 eff_stop=0.00464
2025.07.08 15:00:00;ORDER;entry fill deal #5 SELL 0.21 @ 1.17212
2025.07.08 16:15:00;VETO;signal rejected: volume: relVol 0.71 < 1.00
2025.07.09 00:30:00;VETO;signal rejected: volume: relVol 0.58 < 1.00
2025.07.09 05:45:00;DECISION;setup SHORT score=0.65 entry=1.17 inv=1.17 tgt=0.00 AWAIT-RETEST [BOS short lvl=1.17|RelVol=1.05|Retest@1.17|VPnode d=0.00|VWAPside]
2025.07.09 10:00:00;VETO;signal rejected: volume: relVol 0.91 < 1.00
2025.07.09 10:45:00;VETO;outlier bar masked, z=4.0
2025.07.09 13:45:00;VETO;signal rejected: volume: relVol 0.96 < 1.00
2025.07.09 15:00:00;VETO;outlier bar masked, z=3.5
2025.07.09 19:30:00;VETO;signal rejected: volume: relVol 0.66 < 1.00
2025.07.09 21:15:00;VETO;signal rejected: volume: relVol 0.90 < 1.00
2025.07.09 22:30:00;VETO;signal rejected: volume: relVol 0.83 < 1.00
2025.07.10 01:30:00;VETO;signal rejected: volume: relVol 0.57 < 1.00
2025.07.10 02:30:00;VETO;signal rejected: volume: relVol 0.60 < 1.00
2025.07.10 06:15:00;VETO;signal rejected: volume: relVol 0.61 < 1.00
2025.07.10 10:45:00;VETO;signal rejected: volume: relVol 0.72 < 1.00
2025.07.10 14:15:00;VETO;signal rejected: volume: relVol 0.81 < 1.00
2025.07.10 17:23:40;MANAGE;#5 SL 1.18 -> 1.17 breakeven
2025.07.10 17:23:40;MANAGE;#5 partial close 0.10 of 0.21 lots
2025.07.10 17:23:40;RISK;deal closed pnl=48.60 streak=0 lock=0
2025.07.10 17:23:59;MANAGE;#5 SL 1.17 -> 1.17 trail
2025.07.10 17:26:40;MANAGE;#5 SL 1.17 -> 1.17 trail
2025.07.10 17:28:40;MANAGE;#5 SL 1.17 -> 1.17 trail
2025.07.10 17:29:20;MANAGE;#5 SL 1.17 -> 1.17 trail
2025.07.10 17:30:00;VETO;outlier bar masked, z=9.4
2025.07.10 17:48:40;RISK;deal closed pnl=45.21 streak=0 lock=0
2025.07.10 21:15:00;VETO;signal rejected: volume: relVol 0.63 < 1.00
2025.07.10 22:45:00;VETO;signal rejected: volume: relVol 0.66 < 1.00
2025.07.11 03:15:00;VETO;outlier bar masked, z=4.6
2025.07.11 03:30:00;VETO;outlier bar masked, z=7.3
2025.07.11 03:45:00;VETO;outlier bar masked, z=3.9
2025.07.11 04:00:00;VETO;outlier bar masked, z=4.6
2025.07.11 10:15:00;VETO;outlier bar masked, z=4.0
2025.07.11 16:45:00;VETO;outlier bar masked, z=5.1
2025.07.11 17:30:00;VETO;signal rejected: volume: relVol 0.89 < 1.00
2025.07.11 23:30:00;VETO;signal rejected: volume: relVol 0.85 < 1.00
2025.07.14 00:15:00;VETO;outlier bar masked, z=7.2
2025.07.14 01:15:00;VETO;outlier bar masked, z=4.5
2025.07.14 03:15:00;VETO;signal rejected: volume: relVol 0.93 < 1.00
2025.07.14 08:45:00;VETO;signal rejected: score 0.50 < 0.55 [CHoCH short lvl=1.17|RelVol=1.02|Retest@1.17|VPnear|VWAPside]
2025.07.14 11:00:00;DECISION;setup LONG score=0.85 entry=1.17 inv=1.17 tgt=0.00 AWAIT-RETEST [CHoCH long lvl=1.17|RelVol=1.02|Retest@1.17|VPnode d=0.00|VWAPside|CycleTurn w=0.75<--0.07]
2025.07.14 11:00:00;DECISION;TP capped 0.00651 -> 0.00488 (3.0xATR)
2025.07.14 11:00:00;ERROR;limit BUY 0.28 @ 1.17 sl=1.17 tp=1.17 rc=10015 [WT|CHOCH|0.85|RL]
2025.07.14 11:15:00;DECISION;TP capped 0.00602 -> 0.00451 (3.0xATR)
2025.07.14 11:15:00;ORDER;filled BUY 0.30 lots sl=1.17 tp=1.17 [WT|CHOCH|0.85]
2025.07.14 11:15:00;RISK;sizing: vol_ratio=0.99 scalar=1.00 gap_buf=0.00037 eff_stop=0.00338
2025.07.14 11:15:00;ORDER;entry fill deal #8 BUY 0.30 @ 1.16839
2025.07.14 13:00:00;VETO;signal rejected: volume: relVol 0.81 < 1.00
2025.07.14 14:30:00;VETO;signal rejected: volume: relVol 0.90 < 1.00
2025.07.14 15:30:00;VETO;signal rejected: volume: relVol 0.69 < 1.00
2025.07.14 19:00:00;VETO;outlier bar masked, z=7.1
2025.07.14 20:45:00;VETO;signal rejected: volume: relVol 0.59 < 1.00
2025.07.15 03:15:00;VETO;signal rejected: volume: relVol 0.82 < 1.00
2025.07.15 06:30:00;VETO;signal rejected: volume: relVol 0.56 < 1.00
2025.07.15 08:15:00;VETO;signal rejected: volume: relVol 0.63 < 1.00
2025.07.15 10:30:00;VETO;outlier bar masked, z=4.0
2025.07.15 10:45:00;VETO;signal rejected: volume: relVol 0.81 < 1.00
2025.07.15 13:30:00;VETO;signal rejected: volume: relVol 0.84 < 1.00
2025.07.15 15:45:00;VETO;outlier bar masked, z=13.0
2025.07.15 16:00:00;VETO;outlier bar masked, z=8.0
2025.07.15 16:15:00;VETO;outlier bar masked, z=5.2
2025.07.15 16:34:40;RISK;deal closed pnl=-90.51 streak=1 lock=0
2025.07.15 16:45:00;VETO;outlier bar masked, z=10.2
2025.07.15 17:15:00;VETO;outlier bar masked, z=5.3
2025.07.15 17:30:00;VETO;outlier bar masked, z=4.9
2025.07.15 19:15:00;VETO;outlier bar masked, z=4.0
2025.07.15 19:45:00;VETO;signal rejected: score 0.50 < 0.55 [BOS short lvl=1.16|RelVol=1.09|VWAPside|ADX=60]
2025.07.16 00:15:00;VETO;signal rejected: volume: relVol 0.38 < 1.00
2025.07.16 02:00:00;VETO;signal rejected: volume: relVol 0.54 < 1.00
2025.07.16 08:00:00;VETO;signal rejected: volume: relVol 0.91 < 1.00
2025.07.16 09:00:00;VETO;signal rejected: volume: relVol 0.62 < 1.00
2025.07.16 15:00:00;DECISION;setup SHORT score=0.65 entry=1.16 inv=1.16 tgt=0.00 AWAIT-RETEST [CHoCH short lvl=1.16|RelVol=1.09|Retest@1.16|VPnode d=0.00|VWAPside]
2025.07.16 15:00:00;DECISION;TP capped 0.00263 -> 0.00197 (3.0xATR)
2025.07.16 15:00:00;ORDER;limit SELL 0.63 @ 1.16 sl=1.16 tp=1.16 rc=10009 [WT|CHOCH|0.65|RL]
2025.07.16 15:00:00;RISK;sizing: vol_ratio=0.91 scalar=1.00 gap_buf=0.00027 eff_stop=0.00158
2025.07.16 15:30:40;ORDER;entry fill deal #10 SELL 0.63 @ 1.16074
2025.07.16 15:45:00;VETO;outlier bar masked, z=6.0
2025.07.16 16:00:00;VETO;outlier bar masked, z=5.6
2025.07.16 16:12:40;MANAGE;#10 SL 1.16 -> 1.16 breakeven
2025.07.16 16:12:40;MANAGE;#10 partial close 0.31 of 0.63 lots
2025.07.16 16:12:40;RISK;deal closed pnl=51.15 streak=0 lock=0
2025.07.16 16:19:40;RISK;deal closed pnl=63.04 streak=0 lock=0
2025.07.16 16:30:00;VETO;outlier bar masked, z=4.4
2025.07.16 17:00:00;VETO;outlier bar masked, z=4.3
2025.07.16 18:00:00;VETO;outlier bar masked, z=14.6
2025.07.16 18:15:00;VETO;outlier bar masked, z=11.3
2025.07.16 18:30:00;VETO;outlier bar masked, z=29.3
2025.07.16 18:45:00;VETO;outlier bar masked, z=14.7
2025.07.16 19:00:00;VETO;outlier bar masked, z=31.7
2025.07.16 19:15:00;VETO;outlier bar masked, z=14.7
2025.07.16 19:30:00;VETO;outlier bar masked, z=4.3
2025.07.16 20:00:00;VETO;outlier bar masked, z=4.9
2025.07.16 20:15:00;VETO;outlier bar masked, z=5.1
2025.07.16 21:00:00;VETO;outlier bar masked, z=6.8
2025.07.17 03:30:00;VETO;signal rejected: volume: relVol 0.52 < 1.00
2025.07.17 09:15:00;DECISION;setup SHORT score=0.95 entry=1.16 inv=1.16 tgt=0.00 AWAIT-RETEST [BOS short lvl=1.16|RelVol=1.07|Retest@1.16|VPnode d=0.00|VWAPside|CycleTurn w=0.88<-0.99|ADX=31]
2025.07.17 09:15:00;DECISION;TP capped 0.00291 -> 0.00218 (3.0xATR)
2025.07.17 09:15:00;ORDER;limit SELL 0.60 @ 1.16 sl=1.16 tp=1.16 rc=10009 [WT|BOS|0.95|RL]
2025.07.17 09:15:00;RISK;sizing: vol_ratio=0.48 scalar=1.00 gap_buf=0.00023 eff_stop=0.00169
2025.07.17 09:30:00;VETO;outlier bar masked, z=6.4
2025.07.17 11:45:00;ORDER;cancelled 1 pending: setup expired/invalidated
2025.07.17 14:30:00;VETO;signal rejected: volume: relVol 0.74 < 1.00
2025.07.17 15:45:00;VETO;outlier bar masked, z=5.1
2025.07.17 19:30:00;VETO;signal rejected: volume: relVol 0.76 < 1.00
2025.07.18 01:15:00;VETO;signal rejected: volume: relVol 0.49 < 1.00
2025.07.18 01:45:00;VETO;outlier bar masked, z=3.7
2025.07.18 05:00:00;VETO;signal rejected: volume: relVol 0.89 < 1.00
2025.07.18 07:30:00;VETO;signal rejected: volume: relVol 0.79 < 1.00
2025.07.18 11:15:00;VETO;signal rejected: volume: relVol 0.73 < 1.00
2025.07.18 14:45:00;VETO;signal rejected: volume: relVol 0.86 < 1.00
2025.07.18 15:15:00;VETO;outlier bar masked, z=4.0
2025.07.18 16:30:00;VETO;outlier bar masked, z=4.0
2025.07.18 17:15:00;VETO;outlier bar masked, z=4.6
2025.07.18 19:15:00;VETO;signal rejected: volume: relVol 0.74 < 1.00
2025.07.18 19:30:00;VETO;outlier bar masked, z=4.0
2025.07.21 00:15:00;DECISION;setup LONG score=0.65 entry=1.16 inv=1.16 tgt=0.00 AWAIT-RETEST [CHoCH long lvl=1.16|RelVol=3.52|Retest@1.16|VPnode d=0.00|VWAPside]
2025.07.21 00:30:00;VETO;authorization denied: outside session window (server hour 00, window 07-16)
2025.07.21 00:45:00;VETO;authorization denied: outside session window (server hour 00, window 07-16)
2025.07.21 01:00:00;VETO;authorization denied: outside session window (server hour 01, window 07-16)
2025.07.21 01:15:00;VETO;authorization denied: outside session window (server hour 01, window 07-16)
2025.07.21 04:00:00;VETO;signal rejected: volume: relVol 0.63 < 1.00
2025.07.21 09:45:00;VETO;signal rejected: volume: relVol 0.90 < 1.00
2025.07.21 11:45:00;VETO;signal rejected: score 0.50 < 0.55 [BOS long lvl=1.16|RelVol=1.01|VWAPside|ADX=43]
2025.07.21 14:15:00;VETO;signal rejected: volume: relVol 0.93 < 1.00
2025.07.21 17:15:00;VETO;outlier bar masked, z=5.4
2025.07.22 03:15:00;VETO;signal rejected: volume: relVol 0.57 < 1.00
2025.07.22 11:45:00;VETO;signal rejected: volume: relVol 0.95 < 1.00
2025.07.22 13:00:00;VETO;signal rejected: volume: relVol 0.65 < 1.00
2025.07.22 15:30:00;VETO;signal rejected: volume: relVol 0.62 < 1.00
2025.07.22 16:15:00;VETO;outlier bar masked, z=4.7
2025.07.22 16:45:00;VETO;outlier bar masked, z=3.9
2025.07.22 17:45:00;VETO;signal rejected: volume: relVol 0.81 < 1.00
2025.07.22 18:00:00;VETO;outlier bar masked, z=6.0
2025.07.22 18:15:00;VETO;outlier bar masked, z=4.2
2025.07.23 00:00:00;VETO;signal rejected: score 0.30 < 0.55 [BOS long lvl=1.18|RelVol=1.13]
2025.07.23 02:15:00;DECISION;setup LONG score=0.85 entry=1.18 inv=1.17 tgt=0.00 [BOS long lvl=1.18|RelVol=1.16|VPnode d=0.00|VWAPside|CycleTurn w=-0.99<--1.00]
2025.07.23 02:15:00;VETO;authorization denied: outside session window (server hour 02, window 07-16)
2025.07.23 02:30:00;DECISION;setup SHORT score=0.65 entry=1.17 inv=1.18 tgt=0.00 AWAIT-RETEST [CHoCH short lvl=1.17|RelVol=2.00|Retest@1.17|VPnode d=0.00|VWAPside]
2025.07.23 04:00:00;VETO;authorization denied: outside session window (server hour 04, window 07-16)
2025.07.23 04:15:00;VETO;authorization denied: outside session window (server hour 04, window 07-16)
2025.07.23 04:30:00;VETO;authorization denied: outside session window (server hour 04, window 07-16)
2025.07.23 04:45:00;VETO;authorization denied: outside session window (server hour 04, window 07-16)
2025.07.23 08:45:00;DECISION;setup SHORT score=0.65 entry=1.17 inv=1.17 tgt=0.00 AWAIT-RETEST [BOS short lvl=1.17|RelVol=1.09|Retest@1.17|VPnode d=0.00|VWAPside]
2025.07.23 08:45:00;DECISION;TP capped 0.00304 -> 0.00228 (3.0xATR)
2025.07.23 08:45:00;ORDER;limit SELL 0.57 @ 1.17 sl=1.17 tp=1.17 rc=10009 [WT|BOS|0.65|RL]
2025.07.23 08:45:00;RISK;sizing: vol_ratio=0.79 scalar=1.00 gap_buf=0.00026 eff_stop=0.00178
2025.07.23 08:49:40;ORDER;entry fill deal #13 SELL 0.57 @ 1.17304
2025.07.23 10:09:40;RISK;deal closed pnl=-86.64 streak=1 lock=0
2025.07.23 10:15:00;VETO;signal rejected: volume: relVol 0.86 < 1.00
2025.07.23 14:00:00;DECISION;setup SHORT score=0.65 entry=1.17 inv=1.17 tgt=0.00 AWAIT-RETEST [CHoCH short lvl=1.17|RelVol=1.01|Retest@1.17|VPnode d=0.00|VWAPside]
2025.07.23 14:00:00;DECISION;TP capped 0.00277 -> 0.00210 (3.0xATR)
2025.07.23 14:00:00;ERROR;limit SELL 0.58 @ 1.17 sl=1.17 tp=1.17 rc=10015 [WT|CHOCH|0.65|RL]
2025.07.23 14:15:00;DECISION;TP capped 0.00288 -> 0.00216 (3.0xATR)
2025.07.23 14:15:00;ORDER;filled SELL 0.56 lots sl=1.17 tp=1.17 [WT|CHOCH|0.65]
2025.07.23 14:15:00;RISK;sizing: vol_ratio=0.99 scalar=1.00 gap_buf=0.00034 eff_stop=0.00178
2025.07.23 14:15:00;ORDER;entry fill deal #15 SELL 0.56 @ 1.17245
2025.07.23 15:45:00;VETO;signal rejected: volume: relVol 0.43 < 1.00
2025.07.23 17:45:00;VETO;signal rejected: volume: relVol 0.84 < 1.00
2025.07.23 18:13:40;RISK;deal closed pnl=-80.64 streak=2 lock=0
2025.07.23 19:00:00;VETO;outlier bar masked, z=8.9
2025.07.23 19:15:00;VETO;outlier bar masked, z=3.7
2025.07.23 21:15:00;VETO;signal rejected: score 0.40 < 0.55 [BOS long lvl=1.18|RelVol=1.14|VWAPside]
2025.07.24 00:00:00;VETO;signal rejected: score 0.50 < 0.55 [CHoCH short lvl=1.18|RelVol=2.13|Retest@1.18|StopFloored|CycleTurn w=-0.45<-0.63]
2025.07.24 02:30:00;VETO;signal rejected: volume: relVol 0.85 < 1.00
2025.07.24 06:15:00;VETO;signal rejected: volume: relVol 0.90 < 1.00
2025.07.24 09:00:00;VETO;signal rejected: volume: relVol 0.70 < 1.00
2025.07.24 12:15:00;VETO;signal rejected: volume: relVol 0.98 < 1.00
2025.07.24 15:45:00;VETO;outlier bar masked, z=4.4
2025.07.24 16:15:00;VETO;outlier bar masked, z=8.7
2025.07.24 16:30:00;VETO;outlier bar masked, z=5.4
2025.07.24 17:00:00;VETO;outlier bar masked, z=4.2
2025.07.24 17:30:00;VETO;outlier bar masked, z=5.3
2025.07.24 18:00:00;VETO;outlier bar masked, z=3.9
2025.07.24 18:30:00;VETO;outlier bar masked, z=4.9
2025.07.24 23:00:00;DECISION;setup SHORT score=0.65 entry=1.18 inv=1.18 tgt=0.00 AWAIT-RETEST [CHoCH short lvl=1.18|RelVol=1.06|Retest@1.18|VPnode d=0.00|VWAPside]
2025.07.25 00:15:00;VETO;outlier bar masked, z=3.6
2025.07.25 04:15:00;DECISION;setup SHORT score=0.85 entry=1.17 inv=1.18 tgt=0.00 [BOS short lvl=1.17|RelVol=1.01|VPnode d=0.00|VWAPside|CycleTurn w=0.99<-1.00]
2025.07.25 04:15:00;VETO;authorization denied: outside session window (server hour 04, window 07-16)
2025.07.25 04:30:00;VETO;authorization denied: outside session window (server hour 04, window 07-16)
2025.07.25 04:45:00;VETO;authorization denied: outside session window (server hour 04, window 07-16)
2025.07.25 05:00:00;VETO;authorization denied: outside session window (server hour 05, window 07-16)
2025.07.25 09:00:00;DECISION;setup LONG score=0.65 entry=1.17 inv=1.17 tgt=0.00 AWAIT-RETEST [CHoCH long lvl=1.17|RelVol=1.27|Retest@1.17|VPnode d=0.00|VWAPside]
2025.07.25 09:00:00;DECISION;TP capped 0.00261 -> 0.00195 (3.0xATR)
2025.07.25 09:00:00;ERROR;limit BUY 0.64 @ 1.17 sl=1.17 tp=1.18 rc=10015 [WT|CHOCH|0.65|RL]
2025.07.25 09:15:00;DECISION;TP capped 0.00272 -> 0.00204 (3.0xATR)
2025.07.25 09:15:00;ORDER;filled BUY 0.61 lots sl=1.17 tp=1.18 [WT|CHOCH|0.65]
2025.07.25 09:15:00;RISK;sizing: vol_ratio=0.71 scalar=1.00 gap_buf=0.00026 eff_stop=0.00162
2025.07.25 09:15:00;ORDER;entry fill deal #17 BUY 0.61 @ 1.17475
2025.07.25 12:07:40;RISK;deal closed pnl=-82.96 streak=1 lock=0
2025.07.25 14:00:00;VETO;signal rejected: score 0.50 < 0.55 [CHoCH short lvl=1.17|RelVol=1.10|Retest@1.17|VPnear|VWAPside]
2025.07.25 16:15:00;VETO;outlier bar masked, z=4.4
2025.07.25 16:30:00;VETO;outlier bar masked, z=4.1
2025.07.25 16:45:00;VETO;signal rejected: score 0.50 < 0.55 [BOS short lvl=1.17|RelVol=1.16|VWAPside|ADX=41]
2025.07.25 17:30:00;VETO;signal rejected: volume: relVol 0.66 < 1.00
2025.07.25 18:30:00;VETO;signal rejected: volume: relVol 0.82 < 1.00
2025.07.25 21:15:00;VETO;signal rejected: volume: relVol 0.85 < 1.00
2025.07.28 00:15:00;VETO;outlier bar masked, z=5.1
2025.07.28 01:15:00;VETO;outlier bar masked, z=4.4
2025.07.28 05:15:00;DECISION;setup SHORT score=0.65 entry=1.17 inv=1.18 tgt=0.00 AWAIT-RETEST [CHoCH short lvl=1.18|RelVol=1.02|Retest@1.17|VPnode d=0.00|VWAPside]
2025.07.28 05:30:00;VETO;authorization denied: outside session window (server hour 05, window 07-16)
2025.07.28 05:45:00;VETO;authorization denied: outside session window (server hour 05, window 07-16)
2025.07.28 06:00:00;VETO;authorization denied: outside session window (server hour 06, window 07-16)
2025.07.28 06:15:00;VETO;authorization denied: outside session window (server hour 06, window 07-16)
2025.07.28 07:45:00;VETO;signal rejected: volume: relVol 0.99 < 1.00
2025.07.28 09:30:00;VETO;outlier bar masked, z=7.8
2025.07.28 10:30:00;VETO;signal rejected: score 0.50 < 0.55 [BOS short lvl=1.17|RelVol=1.21|VWAPside|ADX=40]
2025.07.28 10:45:00;VETO;outlier bar masked, z=3.8
2025.07.28 11:00:00;VETO;outlier bar masked, z=4.9
2025.07.28 12:45:00;VETO;signal rejected: score 0.50 < 0.55 [BOS short lvl=1.17|RelVol=1.50|VWAPside|ADX=43]
2025.07.28 16:30:00;VETO;signal rejected: score 0.50 < 0.55 [BOS short lvl=1.16|RelVol=1.16|VWAPside|ADX=42]
2025.07.28 18:30:00;DECISION;setup SHORT score=0.70 entry=1.16 inv=1.17 tgt=0.00 [BOS short lvl=1.16|RelVol=1.10|VWAPside|CycleTurn w=0.97<-0.97|ADX=40]
2025.07.28 18:30:00;VETO;authorization denied: outside session window (server hour 18, window 07-16)
2025.07.28 18:45:00;VETO;authorization denied: outside session window (server hour 18, window 07-16)
2025.07.28 19:00:00;VETO;authorization denied: outside session window (server hour 19, window 07-16)
2025.07.28 19:15:00;VETO;authorization denied: outside session window (server hour 19, window 07-16)
2025.07.29 00:00:00;VETO;signal rejected: score 0.40 < 0.55 [BOS short lvl=1.16|RelVol=1.19|ADX=38]
2025.07.29 02:15:00;VETO;signal rejected: volume: relVol 0.48 < 1.00
2025.07.29 04:00:00;VETO;signal rejected: volume: relVol 0.86 < 1.00
2025.07.29 05:30:00;VETO;signal rejected: volume: relVol 0.77 < 1.00
2025.07.29 06:45:00;DECISION;setup SHORT score=0.70 entry=1.16 inv=1.16 tgt=0.00 AWAIT-RETEST [CHoCH short lvl=1.16|RelVol=1.25|Retest@1.16|VPnear|VWAPside|CycleTurn w=0.91<-0.98]
2025.07.29 07:00:00;DECISION;TP capped 0.00328 -> 0.00246 (3.0xATR)
2025.07.29 07:00:00;ORDER;filled SELL 0.51 lots sl=1.16 tp=1.16 [WT|CHOCH|0.70]
2025.07.29 07:00:00;RISK;sizing: vol_ratio=0.78 scalar=1.00 gap_buf=0.00029 eff_stop=0.00193
2025.07.29 07:00:00;ORDER;entry fill deal #19 SELL 0.51 @ 1.15823
2025.07.29 09:30:00;VETO;signal rejected: volume: relVol 0.86 < 1.00
2025.07.29 09:33:40;MANAGE;#20 SL 1.16 -> 1.16 breakeven
2025.07.29 09:33:40;MANAGE;#20 partial close 0.25 of 0.51 lots
2025.07.29 09:33:40;RISK;deal closed pnl=42.75 streak=0 lock=0
2025.07.29 09:33:59;MANAGE;#20 SL 1.16 -> 1.16 trail
2025.07.29 09:34:40;RISK;deal closed pnl=63.96 streak=0 lock=0
2025.07.29 10:00:00;VETO;outlier bar masked, z=6.9
2025.07.29 14:45:00;VETO;outlier bar masked, z=4.8
2025.07.29 16:00:00;VETO;signal rejected: volume: relVol 0.91 < 1.00
2025.07.29 17:15:00;VETO;outlier bar masked, z=3.9
2025.07.29 17:30:00;VETO;outlier bar masked, z=3.6
2025.07.29 20:30:00;VETO;signal rejected: score 0.40 < 0.55 [CHoCH long lvl=1.15|RelVol=1.43|Retest@1.16|VPnear]
2025.07.30 03:30:00;VETO;signal rejected: volume: relVol 0.78 < 1.00
2025.07.30 07:15:00;VETO;signal rejected: score 0.50 < 0.55 [CHoCH short lvl=1.16|RelVol=1.11|Retest@1.16|VPnear|VWAPside]
2025.07.30 10:15:00;VETO;signal rejected: volume: relVol 0.91 < 1.00
2025.07.30 13:30:00;DECISION;setup SHORT score=0.65 entry=1.15 inv=1.16 tgt=0.00 AWAIT-RETEST [CHoCH short lvl=1.15|RelVol=1.04|Retest@1.15|VPnode d=0.00|VWAPside]
2025.07.30 13:30:00;DECISION;TP capped 0.00273 -> 0.00210 (3.0xATR)
2025.07.30 13:30:00;ORDER;limit SELL 0.58 @ 1.15 sl=1.16 tp=1.15 rc=10009 [WT|CHOCH|0.65|RL]
2025.07.30 13:30:00;RISK;sizing: vol_ratio=0.98 scalar=1.00 gap_buf=0.00035 eff_stop=0.00172
2025.07.30 15:45:00;VETO;outlier bar masked, z=6.7
2025.07.30 16:00:00;VETO;outlier bar masked, z=5.0
2025.07.30 16:15:00;VETO;outlier bar masked, z=4.7
2025.07.30 16:30:00;ORDER;cancelled 1 pending: setup expired/invalidated
2025.07.30 21:15:00;VETO;outlier bar masked, z=5.0
2025.07.30 21:45:00;VETO;outlier bar masked, z=14.0
2025.07.30 22:00:00;VETO;outlier bar masked, z=11.1
2025.07.30 22:15:00;VETO;outlier bar masked, z=4.8
2025.07.30 22:30:00;VETO;outlier bar masked, z=4.3
2025.07.30 23:30:00;VETO;signal rejected: score 0.50 < 0.55 [BOS short lvl=1.14|RelVol=2.25|Retest@1.14|VWAPside|ADX=31]
2025.07.31 04:45:00;DECISION;setup LONG score=0.65 entry=1.14 inv=1.14 tgt=0.00 AWAIT-RETEST [CHoCH long lvl=1.14|RelVol=1.07|Retest@1.14|VPnode d=0.00|VWAPside]
2025.07.31 05:00:00;VETO;authorization denied: outside session window (server hour 05, window 07-16)
2025.07.31 05:15:00;VETO;authorization denied: outside session window (server hour 05, window 07-16)
2025.07.31 05:30:00;VETO;authorization denied: outside session window (server hour 05, window 07-16)
2025.07.31 05:45:00;VETO;authorization denied: outside session window (server hour 05, window 07-16)
2025.07.31 08:00:00;DECISION;setup LONG score=0.65 entry=1.14 inv=1.14 tgt=0.00 [BOS long lvl=1.14|RelVol=1.40|VPnode d=0.00|VWAPside]
2025.07.31 08:00:00;DECISION;TP capped 0.00580 -> 0.00435 (3.0xATR)
2025.07.31 08:00:00;ORDER;filled BUY 0.30 lots sl=1.14 tp=1.15 [WT|BOS|0.65]
2025.07.31 08:00:00;RISK;sizing: vol_ratio=0.95 scalar=1.00 gap_buf=0.00043 eff_stop=0.00333
2025.07.31 08:00:00;ORDER;entry fill deal #22 BUY 0.30 @ 1.14362
2025.07.31 09:30:00;DECISION;setup LONG score=0.60 entry=1.14 inv=1.14 tgt=0.00 AWAIT-RETEST [BOS long lvl=1.14|RelVol=1.24|Retest@1.14|VPnear|VWAPside|ADX=34]
2025.07.31 09:30:00;VETO;retest limit risk veto: max positions
2025.07.31 10:30:00;DECISION;TP capped 0.00662 -> 0.00496 (3.0xATR)
2025.07.31 10:30:00;VETO;risk veto: max positions
2025.07.31 13:00:00;DECISION;setup SHORT score=0.65 entry=1.14 inv=1.15 tgt=0.00 AWAIT-RETEST [CHoCH short lvl=1.14|RelVol=1.09|Retest@1.14|VPnode d=0.00|VWAPside]
2025.07.31 13:00:00;VETO;retest limit risk veto: max positions
2025.07.31 13:15:00;DECISION;TP capped 0.00482 -> 0.00362 (3.0xATR)
2025.07.31 13:15:00;VETO;risk veto: max positions
2025.07.31 16:15:00;DECISION;setup SHORT score=0.70 entry=1.14 inv=1.15 tgt=0.00 [BOS short lvl=1.14|RelVol=1.05|VPnear|VWAPside|CycleTurn w=-0.73<-0.04]
2025.07.31 16:15:00;VETO;authorization denied: outside session window (server hour 16, window 07-16)
2025.07.31 16:17:40;RISK;deal closed pnl=-87.00 streak=1 lock=0
2025.07.31 16:30:00;VETO;authorization denied: outside session window (server hour 16, window 07-16)
2025.07.31 16:45:00;VETO;authorization denied: outside session window (server hour 16, window 07-16)
2025.07.31 17:00:00;VETO;authorization denied: outside session window (server hour 17, window 07-16)
2025.07.31 23:00:00;DECISION;setup SHORT score=0.70 entry=1.14 inv=1.14 tgt=0.00 [BOS short lvl=1.14|RelVol=1.97|VPnear|VWAPside|CycleTurn w=0.97<-1.00]
2025.07.31 23:00:00;VETO;authorization denied: outside session window (server hour 23, window 07-16)
2025.07.31 23:15:00;VETO;authorization denied: outside session window (server hour 23, window 07-16)
2025.07.31 23:30:00;VETO;authorization denied: outside session window (server hour 23, window 07-16)
2025.07.31 23:45:00;VETO;authorization denied: outside session window (server hour 23, window 07-16)
2025.08.01 05:00:00;DECISION;setup SHORT score=0.70 entry=1.14 inv=1.14 tgt=0.00 [BOS short lvl=1.14|RelVol=1.74|VPnear|VWAPside|CycleTurn w=0.51<-0.95]
2025.08.01 05:00:00;VETO;authorization denied: outside session window (server hour 05, window 07-16)
2025.08.01 05:15:00;VETO;authorization denied: outside session window (server hour 05, window 07-16)
2025.08.01 05:30:00;VETO;authorization denied: outside session window (server hour 05, window 07-16)
2025.08.01 05:45:00;VETO;authorization denied: outside session window (server hour 05, window 07-16)
2025.08.01 08:45:00;DECISION;setup LONG score=0.65 entry=1.14 inv=1.14 tgt=0.00 AWAIT-RETEST [CHoCH long lvl=1.14|RelVol=1.06|Retest@1.14|StopFloored|VPnode d=0.00|VWAPside]
2025.08.01 08:45:00;DECISION;TP capped 0.00174 -> 0.00174 (3.0xATR)
2025.08.01 08:45:00;ORDER;limit BUY 0.85 @ 1.14 sl=1.14 tp=1.14 rc=10009 [WT|CHOCH|0.65|RL]
2025.08.01 08:45:00;RISK;sizing: vol_ratio=0.71 scalar=1.00 gap_buf=0.00029 eff_stop=0.00116
2025.08.01 10:24:40;ORDER;entry fill deal #24 BUY 0.85 @ 1.14232
2025.08.01 10:52:40;RISK;deal closed pnl=-73.95 streak=1 lock=0
2025.08.01 11:15:00;VETO;signal rejected: volume: relVol 0.75 < 1.00
2025.08.01 15:45:00;VETO;outlier bar masked, z=44.4
2025.08.01 16:00:00;VETO;outlier bar masked, z=8.4
2025.08.01 16:15:00;VETO;outlier bar masked, z=7.4
2025.08.01 16:30:00;VETO;outlier bar masked, z=6.1
2025.08.01 16:45:00;VETO;outlier bar masked, z=3.6
2025.08.01 17:00:00;VETO;outlier bar masked, z=4.9
2025.08.01 17:15:00;VETO;outlier bar masked, z=8.5
2025.08.01 17:30:00;VETO;outlier bar masked, z=5.8
2025.08.01 18:00:00;VETO;outlier bar masked, z=3.6
2025.08.01 18:30:00;VETO;outlier bar masked, z=3.7
2025.08.01 19:30:00;VETO;outlier bar masked, z=4.3
2025.08.01 20:15:00;VETO;signal rejected: score 0.30 < 0.55 [CHoCH short lvl=1.15|RelVol=1.42|Retest@1.15]
2025.08.01 22:00:00;VETO;outlier bar masked, z=3.8
2025.08.01 22:45:00;VETO;outlier bar masked, z=7.4
2025.08.04 03:15:00;DECISION;setup SHORT score=0.65 entry=1.16 inv=1.16 tgt=0.00 AWAIT-RETEST [CHoCH short lvl=1.16|RelVol=1.11|Retest@1.16|VPnode d=0.00|VWAPside]
2025.08.04 14:15:00;DECISION;setup LONG score=0.65 entry=1.16 inv=1.16 tgt=0.00 AWAIT-RETEST [CHoCH long lvl=1.16|RelVol=1.44|Retest@1.16|VPnode d=0.00|VWAPside]
2025.08.04 14:15:00;DECISION;TP capped 0.00504 -> 0.00378 (3.0xATR)
2025.08.04 14:15:00;ORDER;limit BUY 0.32 @ 1.16 sl=1.16 tp=1.16 rc=10009 [WT|CHOCH|0.65|RL]
2025.08.04 14:15:00;RISK;sizing: vol_ratio=0.78 scalar=1.00 gap_buf=0.00050 eff_stop=0.00302
2025.08.04 14:23:40;ORDER;entry fill deal #26 BUY 0.32 @ 1.15800
2025.08.04 16:15:00;VETO;signal rejected: volume: relVol 0.91 < 1.00
2025.08.05 01:30:00;VETO;signal rejected: volume: relVol 0.56 < 1.00
2025.08.05 04:15:00;VETO;signal rejected: volume: relVol 0.82 < 1.00
2025.08.05 05:45:00;VETO;signal rejected: volume: relVol 0.76 < 1.00
2025.08.05 06:22:40;RISK;deal closed pnl=-80.86 streak=1 lock=0
2025.08.05 08:30:00;DECISION;setup SHORT score=0.65 entry=1.16 inv=1.16 tgt=0.00 [BOS short lvl=1.16|RelVol=1.02|VPnode d=0.00|VWAPside]
2025.08.05 08:30:00;DECISION;TP capped 0.00694 -> 0.00520 (3.0xATR)
2025.08.05 08:30:00;ORDER;filled SELL 0.26 lots sl=1.16 tp=1.15 [WT|BOS|0.65]
2025.08.05 08:30:00;RISK;sizing: vol_ratio=0.58 scalar=1.00 gap_buf=0.00025 eff_stop=0.00372
2025.08.05 08:30:00;ORDER;entry fill deal #28 SELL 0.26 @ 1.15534
2025.08.05 11:00:00;VETO;outlier bar masked, z=4.6
2025.08.05 14:45:00;DECISION;setup SHORT score=0.65 entry=1.15 inv=1.15 tgt=0.00 [BOS short lvl=1.15|RelVol=1.31|VPnode d=0.00|VWAPside]
2025.08.05 14:45:00;DECISION;TP capped 0.00286 -> 0.00260 (3.0xATR)
2025.08.05 14:45:00;VETO;risk veto: max positions
2025.08.05 16:30:00;VETO;signal rejected: volume: relVol 0.85 < 1.00
2025.08.05 17:15:00;VETO;outlier bar masked, z=4.3
2025.08.05 17:45:00;VETO;outlier bar masked, z=3.7
2025.08.06 00:01:30;VETO;signal rejected: volume: relVol 0.36 < 1.00
2025.08.06 02:45:00;VETO;signal rejected: volume: relVol 0.64 < 1.00
2025.08.06 04:30:00;VETO;signal rejected: volume: relVol 0.66 < 1.00
2025.08.06 09:36:40;RISK;deal closed pnl=-90.48 streak=1 lock=0
2025.08.06 10:30:00;VETO;signal rejected: volume: relVol 0.77 < 1.00
2025.08.06 13:00:00;VETO;signal rejected: volume: relVol 0.98 < 1.00
2025.08.06 13:15:00;VETO;outlier bar masked, z=5.4
2025.08.06 14:30:00;VETO;signal rejected: volume: relVol 0.95 < 1.00
2025.08.06 16:00:00;VETO;outlier bar masked, z=4.9
2025.08.06 18:45:00;VETO;outlier bar masked, z=4.0
2025.08.06 20:45:00;DECISION;setup LONG score=0.60 entry=1.17 inv=1.16 tgt=0.00 [BOS long lvl=1.16|RelVol=1.16|VWAPside|CycleTurn w=-0.95<--0.97]
2025.08.06 20:45:00;VETO;authorization denied: outside session window (server hour 20, window 07-16)
2025.08.06 21:00:00;VETO;authorization denied: outside session window (server hour 21, window 07-16)
2025.08.06 21:15:00;VETO;authorization denied: outside session window (server hour 21, window 07-16)
2025.08.06 21:30:00;VETO;authorization denied: outside session window (server hour 21, window 07-16)
2025.08.07 01:15:00;VETO;signal rejected: volume: relVol 0.81 < 1.00
2025.08.07 03:15:00;VETO;signal rejected: volume: relVol 0.98 < 1.00
2025.08.07 05:15:00;VETO;signal rejected: volume: relVol 0.94 < 1.00
2025.08.07 07:15:00;DECISION;setup LONG score=0.85 entry=1.17 inv=1.17 tgt=0.00 AWAIT-RETEST [BOS long lvl=1.17|RelVol=1.02|Retest@1.17|VPnode d=0.00|VWAPside|CycleTurn w=-0.26<--0.94]
2025.08.07 07:15:00;DECISION;TP capped 0.00266 -> 0.00200 (3.0xATR)
2025.08.07 07:15:00;ORDER;limit BUY 0.60 @ 1.17 sl=1.17 tp=1.17 rc=10009 [WT|BOS|0.85|RL]
2025.08.07 07:15:00;RISK;sizing: vol_ratio=0.78 scalar=1.00 gap_buf=0.00028 eff_stop=0.00161
2025.08.07 09:30:00;ORDER;cancelled 1 pending: setup expired/invalidated
2025.08.07 10:30:00;VETO;signal rejected: volume: relVol 0.82 < 1.00
2025.08.07 13:15:00;DECISION;setup SHORT score=0.65 entry=1.17 inv=1.17 tgt=0.00 AWAIT-RETEST [CHoCH short lvl=1.17|RelVol=1.21|Retest@1.17|VPnode d=0.00|VWAPside]
2025.08.07 13:15:00;DECISION;TP capped 0.00652 -> 0.00489 (3.0xATR)
2025.08.07 13:15:00;ORDER;limit SELL 0.26 @ 1.17 sl=1.17 tp=1.16 rc=10009 [WT|CHOCH|0.65|RL]
2025.08.07 13:15:00;RISK;sizing: vol_ratio=1.08 scalar=1.00 gap_buf=0.00040 eff_stop=0.00366
2025.08.07 13:19:40;ORDER;entry fill deal #30 SELL 0.26 @ 1.16656
2025.08.07 14:15:00;VETO;outlier bar masked, z=5.3
2025.08.07 14:45:00;VETO;outlier bar masked, z=4.0
2025.08.07 17:08:40;MANAGE;#33 SL 1.17 -> 1.17 breakeven
2025.08.07 17:08:40;MANAGE;#33 partial close 0.13 of 0.26 lots
2025.08.07 17:08:40;RISK;deal closed pnl=53.43 streak=0 lock=0
2025.08.07 17:08:59;MANAGE;#33 SL 1.17 -> 1.17 trail
2025.08.07 17:10:20;MANAGE;#33 SL 1.17 -> 1.16 trail
2025.08.07 17:15:00;VETO;outlier bar masked, z=5.7
2025.08.07 17:30:00;DECISION;setup SHORT score=0.80 entry=1.16 inv=1.17 tgt=0.00 AWAIT-RETEST [BOS short lvl=1.16|RelVol=1.48|Retest@1.16|VPnear|VWAPside|CycleTurn w=-0.71<--0.62|ADX=31]
2025.08.07 17:40:40;RISK;deal closed pnl=63.57 streak=0 lock=0
2025.08.07 18:30:00;VETO;authorization denied: outside session window (server hour 18, window 07-16)
2025.08.07 18:45:00;VETO;authorization denied: outside session window (server hour 18, window 07-16)
2025.08.07 19:00:00;VETO;authorization denied: outside session window (server hour 19, window 07-16)
2025.08.07 19:15:00;VETO;authorization denied: outside session window (server hour 19, window 07-16)
2025.08.07 21:30:00;VETO;signal rejected: volume: relVol 0.94 < 1.00
2025.08.07 22:45:00;VETO;outlier bar masked, z=7.7
2025.08.08 01:45:00;DECISION;setup LONG score=0.60 entry=1.17 inv=1.17 tgt=0.00 [BOS long lvl=1.17|RelVol=1.03|VPnear|VWAPside|ADX=33]
2025.08.08 01:45:00;VETO;authorization denied: outside session window (server hour 01, window 07-16)
2025.08.08 02:00:00;VETO;authorization denied: outside session window (server hour 02, window 07-16)
2025.08.08 02:15:00;VETO;authorization denied: outside session window (server hour 02, window 07-16)
2025.08.08 02:30:00;VETO;authorization denied: outside session window (server hour 02, window 07-16)
2025.08.08 04:45:00;VETO;signal rejected: score 0.50 < 0.55 [CHoCH short lvl=1.17|RelVol=1.15|Retest@1.17|VPnear|VWAPside]
2025.08.08 08:15:00;VETO;signal rejected: volume: relVol 0.80 < 1.00
2025.08.08 12:00:00;DECISION;setup SHORT score=0.85 entry=1.16 inv=1.17 tgt=0.00 [BOS short lvl=1.16|RelVol=1.28|VPnode d=0.00|VWAPside|CycleTurn w=0.75<-0.97]
2025.08.08 12:00:00;DECISION;TP capped 0.00550 -> 0.00412 (3.0xATR)
2025.08.08 12:00:00;ORDER;filled SELL 0.31 lots sl=1.17 tp=1.16 [WT|BOS|0.85]
2025.08.08 12:00:00;RISK;sizing: vol_ratio=0.88 scalar=1.00 gap_buf=0.00036 eff_stop=0.00311
2025.08.08 12:00:00;ORDER;entry fill deal #33 SELL 0.31 @ 1.16365
2025.08.08 15:30:00;VETO;signal rejected: volume: relVol 0.89 < 1.00
2025.08.08 18:17:40;RISK;deal closed pnl=-85.25 streak=1 lock=0
2025.08.08 18:30:00;VETO;signal rejected: volume: relVol 0.62 < 1.00
2025.08.08 22:30:00;VETO;outlier bar masked, z=4.0
2025.08.11 04:45:00;VETO;signal rejected: volume: relVol 0.78 < 1.00
2025.08.11 12:30:00;DECISION;setup SHORT score=0.65 entry=1.16 inv=1.17 tgt=0.00 AWAIT-RETEST [CHoCH short lvl=1.16|RelVol=1.11|Retest@1.16|VPnode d=0.00|VWAPside]
2025.08.11 12:30:00;DECISION;TP capped 0.00358 -> 0.00268 (3.0xATR)
2025.08.11 12:30:00;ERROR;limit SELL 0.46 @ 1.16 sl=1.17 tp=1.16 rc=10015 [WT|CHOCH|0.65|RL]
2025.08.11 12:45:00;DECISION;TP capped 0.00346 -> 0.00260 (3.0xATR)
2025.08.11 12:45:00;ORDER;filled SELL 0.48 lots sl=1.17 tp=1.16 [WT|CHOCH|0.65]
2025.08.11 12:45:00;RISK;sizing: vol_ratio=0.99 scalar=1.00 gap_buf=0.00030 eff_stop=0.00203
2025.08.11 12:45:00;ORDER;entry fill deal #35 SELL 0.48 @ 1.16426
2025.08.11 14:30:00;VETO;signal rejected: volume: relVol 0.97 < 1.00
2025.08.11 14:50:40;MANAGE;#38 SL 1.17 -> 1.16 breakeven
2025.08.11 14:50:40;MANAGE;#38 partial close 0.24 of 0.48 lots
2025.08.11 14:50:40;RISK;deal closed pnl=42.96 streak=0 lock=0
2025.08.11 14:50:59;MANAGE;#38 SL 1.16 -> 1.16 trail
2025.08.11 14:53:40;MANAGE;#38 SL 1.16 -> 1.16 trail
2025.08.11 15:10:20;MANAGE;#38 SL 1.16 -> 1.16 trail
2025.08.11 15:12:40;MANAGE;#38 SL 1.16 -> 1.16 trail
2025.08.11 15:13:40;MANAGE;#38 SL 1.16 -> 1.16 trail
2025.08.11 15:15:40;RISK;deal closed pnl=62.16 streak=0 lock=0
2025.08.11 17:15:00;VETO;outlier bar masked, z=4.0
2025.08.11 21:30:00;VETO;signal rejected: volume: relVol 0.73 < 1.00
2025.08.11 23:30:00;VETO;signal rejected: volume: relVol 0.77 < 1.00
2025.08.12 04:45:00;DECISION;setup LONG score=0.75 entry=1.16 inv=1.16 tgt=0.00 AWAIT-RETEST [BOS long lvl=1.16|RelVol=1.08|Retest@1.16|VPnode d=0.00|VWAPside|ADX=41]
2025.08.12 05:00:00;VETO;authorization denied: outside session window (server hour 05, window 07-16)
2025.08.12 05:15:00;VETO;authorization denied: outside session window (server hour 05, window 07-16)
2025.08.12 05:30:00;VETO;authorization denied: outside session window (server hour 05, window 07-16)
2025.08.12 05:45:00;VETO;authorization denied: outside session window (server hour 05, window 07-16)
2025.08.12 08:00:00;DECISION;setup LONG score=0.80 entry=1.16 inv=1.16 tgt=0.00 [BOS long lvl=1.16|RelVol=1.11|VPnear|VWAPside|CycleTurn w=-0.88<--0.90|ADX=35]
2025.08.12 08:00:00;DECISION;TP capped 0.00338 -> 0.00253 (3.0xATR)
2025.08.12 08:00:00;ORDER;filled BUY 0.51 lots sl=1.16 tp=1.17 [WT|BOS|0.80]
2025.08.12 08:00:00;RISK;sizing: vol_ratio=0.82 scalar=1.00 gap_buf=0.00023 eff_stop=0.00192
2025.08.12 08:00:00;ORDER;entry fill deal #38 BUY 0.51 @ 1.16283
2025.08.12 08:45:00;DECISION;setup SHORT score=0.85 entry=1.16 inv=1.16 tgt=0.00 AWAIT-RETEST [CHoCH short lvl=1.16|RelVol=1.22|Retest@1.16|VPnode d=0.00|VWAPside|CycleTurn w=0.64<-0.75]
2025.08.12 08:45:00;VETO;retest limit risk veto: max positions
2025.08.12 09:00:00;DECISION;TP capped 0.00228 -> 0.00171 (3.0xATR)
2025.08.12 09:00:00;VETO;risk veto: max positions
2025.08.12 09:15:20;RISK;deal closed pnl=-86.19 streak=1 lock=0
2025.08.12 12:30:00;VETO;signal rejected: volume: relVol 0.89 < 1.00
2025.08.12 15:45:00;VETO;outlier bar masked, z=18.2
2025.08.12 16:00:00;VETO;outlier bar masked, z=5.3
2025.08.12 16:15:00;VETO;outlier bar masked, z=5.5
2025.08.12 16:30:00;VETO;outlier bar masked, z=5.7
2025.08.12 16:45:00;VETO;outlier bar masked, z=14.1
2025.08.12 17:00:00;VETO;outlier bar masked, z=8.4
2025.08.12 18:30:00;VETO;outlier bar masked, z=6.6
2025.08.12 18:45:00;VETO;outlier bar masked, z=5.8
2025.08.12 19:00:00;VETO;outlier bar masked, z=6.4
2025.08.13 02:15:00;VETO;signal rejected: volume: relVol 0.67 < 1.00
2025.08.13 06:45:00;VETO;signal rejected: volume: relVol 1.00 < 1.00
2025.08.13 09:45:00;DECISION;setup LONG score=0.85 entry=1.17 inv=1.17 tgt=0.00 AWAIT-RETEST [BOS long lvl=1.17|RelVol=1.08|Retest@1.17|VPnode d=0.00|VWAPside|CycleTurn w=-0.94<--1.00]
2025.08.13 09:45:00;DECISION;TP capped 0.00211 -> 0.00158 (3.0xATR)
2025.08.13 09:45:00;ORDER;limit BUY 0.76 @ 1.17 sl=1.17 tp=1.17 rc=10009 [WT|BOS|0.85|RL]
2025.08.13 09:45:00;RISK;sizing: vol_ratio=0.57 scalar=1.00 gap_buf=0.00023 eff_stop=0.00128
2025.08.13 10:15:00;VETO;outlier bar masked, z=4.1
2025.08.13 12:15:00;ORDER;cancelled 1 pending: setup expired/invalidated
2025.08.13 15:45:00;VETO;signal rejected: volume: relVol 0.66 < 1.00
2025.08.13 20:00:00;VETO;signal rejected: volume: relVol 0.75 < 1.00
2025.08.13 23:30:00;DECISION;setup LONG score=0.60 entry=1.17 inv=1.17 tgt=0.00 AWAIT-RETEST [CHoCH long lvl=1.17|RelVol=1.59|Retest@1.17|VWAPside|CycleTurn w=-0.89<--0.97]
2025.08.13 23:45:00;VETO;authorization denied: outside session window (server hour 23, window 07-16)
2025.08.14 00:01:30;VETO;authorization denied: outside session window (server hour 00, window 07-16)
2025.08.14 00:15:00;VETO;authorization denied: outside session window (server hour 00, window 07-16)
2025.08.14 00:30:00;VETO;authorization denied: outside session window (server hour 00, window 07-16)
2025.08.14 01:45:00;VETO;signal rejected: volume: relVol 0.42 < 1.00
2025.08.14 05:30:00;DECISION;setup SHORT score=0.70 entry=1.17 inv=1.17 tgt=0.00 AWAIT-RETEST [CHoCH short lvl=1.17|RelVol=1.11|Retest@1.17|VPnear|VWAPside|CycleTurn w=0.47<-0.94]
2025.08.14 09:45:00;DECISION;setup SHORT score=0.65 entry=1.17 inv=1.17 tgt=0.00 [BOS short lvl=1.17|RelVol=1.10|VPnode d=0.00|VWAPside]
2025.08.14 09:45:00;DECISION;TP capped 0.00214 -> 0.00161 (3.0xATR)
2025.08.14 09:45:00;ORDER;filled SELL 0.75 lots sl=1.17 tp=1.17 [WT|BOS|0.65]
2025.08.14 09:45:00;RISK;sizing: vol_ratio=0.80 scalar=1.00 gap_buf=0.00023 eff_stop=0.00130
2025.08.14 09:45:00;ORDER;entry fill deal #40 SELL 0.75 @ 1.16953
2025.08.14 10:20:40;MANAGE;#44 SL 1.17 -> 1.17 breakeven
2025.08.14 10:20:40;MANAGE;#44 partial close 0.37 of 0.75 lots
2025.08.14 10:20:40;RISK;deal closed pnl=45.14 streak=0 lock=0
2025.08.14 10:23:40;MANAGE;#44 SL 1.17 -> 1.17 trail
2025.08.14 10:24:40;RISK;deal closed pnl=60.80 streak=0 lock=0
2025.08.14 12:15:00;VETO;outlier bar masked, z=4.0
2025.08.14 15:30:00;VETO;signal rejected: volume: relVol 0.87 < 1.00
2025.08.14 15:45:00;VETO;outlier bar masked, z=9.3
2025.08.14 16:00:00;VETO;outlier bar masked, z=6.4
2025.08.14 16:30:00;VETO;outlier bar masked, z=4.2
2025.08.14 19:15:00;VETO;signal rejected: score 0.50 < 0.55 [BOS short lvl=1.16|RelVol=1.09|VWAPside|ADX=37]
2025.08.14 22:15:00;DECISION;setup LONG score=0.55 entry=1.16 inv=1.16 tgt=0.00 AWAIT-RETEST [CHoCH long lvl=1.16|RelVol=1.03|Retest@1.16|VPnode d=0.00]
2025.08.14 22:30:00;VETO;authorization denied: outside session window (server hour 22, window 07-16)
2025.08.14 22:45:00;VETO;authorization denied: outside session window (server hour 22, window 07-16)
2025.08.14 23:00:00;VETO;authorization denied: outside session window (server hour 23, window 07-16)
2025.08.14 23:15:00;VETO;authorization denied: outside session window (server hour 23, window 07-16)
2025.08.15 01:15:00;VETO;signal rejected: volume: relVol 0.80 < 1.00
2025.08.15 04:30:00;VETO;signal rejected: volume: relVol 0.78 < 1.00
2025.08.15 06:15:00;VETO;signal rejected: volume: relVol 1.00 < 1.00
2025.08.15 09:00:00;VETO;signal rejected: volume: relVol 0.83 < 1.00
2025.08.15 12:15:00;VETO;signal rejected: volume: relVol 0.83 < 1.00
2025.08.15 15:45:00;VETO;outlier bar masked, z=7.6
2025.08.15 19:30:00;VETO;signal rejected: volume: relVol 0.66 < 1.00
2025.08.15 23:15:00;VETO;signal rejected: volume: relVol 0.58 < 1.00
2025.08.18 00:15:00;VETO;signal rejected: volume: relVol 0.31 < 1.00
2025.08.18 04:15:00;VETO;signal rejected: volume: relVol 0.86 < 1.00
2025.08.18 07:45:00;DECISION;setup LONG score=0.65 entry=1.17 inv=1.17 tgt=0.00 AWAIT-RETEST [CHoCH long lvl=1.17|RelVol=1.08|Retest@1.17|VPnode d=0.00|VWAPside]
2025.08.18 07:45:00;DECISION;TP capped 0.00253 -> 0.00190 (3.0xATR)
2025.08.18 07:45:00;ORDER;limit BUY 0.66 @ 1.17 sl=1.17 tp=1.17 rc=10009 [WT|CHOCH|0.65|RL]
2025.08.18 07:45:00;RISK;sizing: vol_ratio=0.76 scalar=1.00 gap_buf=0.00021 eff_stop=0.00148
2025.08.18 08:12:40;ORDER;entry fill deal #43 BUY 0.66 @ 1.17059
2025.08.18 09:57:40;RISK;deal closed pnl=-83.82 streak=1 lock=0
2025.08.18 11:00:00;VETO;outlier bar masked, z=6.9
2025.08.18 11:30:00;VETO;outlier bar masked, z=3.5
2025.08.18 15:00:00;VETO;outlier bar masked, z=3.7
2025.08.18 15:45:00;VETO;signal rejected: volume: relVol 0.66 < 1.00
2025.08.18 18:00:00;VETO;signal rejected: volume: relVol 0.86 < 1.00
2025.08.18 20:00:00;VETO;signal rejected: volume: relVol 0.78 < 1.00
2025.08.18 22:30:00;VETO;signal rejected: volume: relVol 0.82 < 1.00
2025.08.19 01:15:00;VETO;outlier bar masked, z=4.9
2025.08.19 03:45:00;VETO;signal rejected: volume: relVol 0.81 < 1.00
2025.08.19 04:30:00;VETO;outlier bar masked, z=4.4
2025.08.19 06:30:00;DECISION;setup LONG score=0.60 entry=1.17 inv=1.16 tgt=0.00 AWAIT-RETEST [CHoCH long lvl=1.17|RelVol=1.04|Retest@1.17|VPnear|CycleTurn w=-0.42<--0.85]
2025.08.19 06:45:00;VETO;authorization denied: outside session window (server hour 06, window 07-16)
2025.08.19 07:00:00;DECISION;TP capped 0.00326 -> 0.00244 (3.0xATR)
2025.08.19 07:00:00;ORDER;filled BUY 0.51 lots sl=1.16 tp=1.17 [WT|CHOCH|0.60]
2025.08.19 07:00:00;RISK;sizing: vol_ratio=0.98 scalar=1.00 gap_buf=0.00028 eff_stop=0.00191
2025.08.19 07:00:00;ORDER;entry fill deal #45 BUY 0.51 @ 1.16549
2025.08.19 09:47:40;MANAGE;#49 SL 1.16 -> 1.17 breakeven
2025.08.19 09:47:40;MANAGE;#49 partial close 0.25 of 0.51 lots
2025.08.19 09:47:40;RISK;deal closed pnl=41.75 streak=0 lock=0
2025.08.19 09:47:59;MANAGE;#49 SL 1.17 -> 1.17 trail
2025.08.19 09:50:40;MANAGE;#49 SL 1.17 -> 1.17 trail
2025.08.19 10:00:00;VETO;signal rejected: volume: relVol 0.86 < 1.00
2025.08.19 10:02:40;MANAGE;#49 SL 1.17 -> 1.17 trail
2025.08.19 10:06:40;RISK;deal closed pnl=63.70 streak=0 lock=0
2025.08.19 13:30:00;VETO;signal rejected: volume: relVol 0.87 < 1.00
2025.08.19 17:45:00;VETO;signal rejected: volume: relVol 0.59 < 1.00
2025.08.19 21:15:00;VETO;signal rejected: volume: relVol 0.69 < 1.00
2025.08.20 03:15:00;VETO;signal rejected: volume: relVol 0.96 < 1.00
2025.08.20 04:30:00;VETO;signal rejected: score 0.50 < 0.55 [BOS short lvl=1.16|RelVol=1.09|VWAPside|ADX=57]
2025.08.20 09:00:00;VETO;signal rejected: volume: relVol 0.78 < 1.00
2025.08.20 09:15:00;VETO;outlier bar masked, z=5.2
2025.08.20 10:30:00;VETO;signal rejected: volume: relVol 0.85 < 1.00
2025.08.20 13:15:00;VETO;signal rejected: volume: relVol 0.81 < 1.00
2025.08.20 15:45:00;VETO;outlier bar masked, z=4.0
2025.08.20 19:00:00;VETO;signal rejected: volume: relVol 0.98 < 1.00
2025.08.20 21:00:00;VETO;signal rejected: volume: relVol 0.97 < 1.00
2025.08.20 23:15:00;VETO;signal rejected: volume: relVol 0.85 < 1.00
2025.08.21 03:30:00;VETO;signal rejected: volume: relVol 0.80 < 1.00
2025.08.21 09:00:00;VETO;signal rejected: volume: relVol 0.84 < 1.00
2025.08.21 09:30:00;VETO;signal rejected: volume: relVol 0.96 < 1.00
2025.08.21 10:45:00;VETO;outlier bar masked, z=3.6
2025.08.21 15:45:00;VETO;outlier bar masked, z=4.3
2025.08.21 16:45:00;VETO;signal rejected: volume: relVol 0.95 < 1.00
2025.08.21 17:00:00;VETO;outlier bar masked, z=5.5
2025.08.21 17:45:00;VETO;outlier bar masked, z=3.6
2025.08.21 18:15:00;VETO;outlier bar masked, z=3.8
2025.08.21 18:30:00;VETO;outlier bar masked, z=7.4
2025.08.22 03:30:00;VETO;signal rejected: volume: relVol 0.91 < 1.00
2025.08.22 05:00:00;VETO;signal rejected: volume: relVol 0.88 < 1.00
2025.08.22 06:30:00;VETO;signal rejected: volume: relVol 0.77 < 1.00
2025.08.22 12:00:00;VETO;signal rejected: volume: relVol 0.82 < 1.00
2025.08.22 14:45:00;VETO;signal rejected: volume: relVol 0.70 < 1.00
2025.08.22 17:15:00;VETO;outlier bar masked, z=39.1
2025.08.22 17:30:00;VETO;outlier bar masked, z=9.5
2025.08.22 17:45:00;VETO;outlier bar masked, z=6.4
2025.08.22 18:00:00;VETO;outlier bar masked, z=7.4
2025.08.22 18:15:00;VETO;outlier bar masked, z=4.0
2025.08.22 18:30:00;VETO;outlier bar masked, z=5.3
2025.08.22 18:45:00;VETO;outlier bar masked, z=4.3
2025.08.22 20:15:00;VETO;signal rejected: score 0.50 < 0.55 [BOS long lvl=1.17|RelVol=1.23|VWAPside|ADX=44]
2025.08.25 01:45:00;DECISION;setup SHORT score=0.65 entry=1.17 inv=1.17 tgt=0.00 AWAIT-RETEST [CHoCH short lvl=1.17|RelVol=6.07|Retest@1.17|VPnode d=0.00|VWAPside]
2025.08.25 02:00:00;VETO;authorization denied: outside session window (server hour 02, window 07-16)
2025.08.25 02:15:00;VETO;authorization denied: outside session window (server hour 02, window 07-16)
2025.08.25 02:30:00;VETO;authorization denied: outside session window (server hour 02, window 07-16)
2025.08.25 02:45:00;VETO;authorization denied: outside session window (server hour 02, window 07-16)
2025.08.25 06:15:00;VETO;signal rejected: volume: relVol 0.81 < 1.00
2025.08.25 09:15:00;VETO;signal rejected: volume: relVol 0.85 < 1.00
2025.08.25 11:00:00;VETO;outlier bar masked, z=3.9
2025.08.25 13:00:00;VETO;signal rejected: volume: relVol 0.70 < 1.00
2025.08.25 16:45:00;VETO;signal rejected: volume: relVol 0.71 < 1.00
2025.08.25 18:15:00;VETO;signal rejected: volume: relVol 0.94 < 1.00
2025.08.25 22:15:00;VETO;outlier bar masked, z=4.6
2025.08.26 03:15:00;VETO;outlier bar masked, z=12.1
2025.08.26 03:45:00;VETO;outlier bar masked, z=4.0
2025.08.26 05:45:00;DECISION;setup SHORT score=0.85 entry=1.16 inv=1.17 tgt=0.00 AWAIT-RETEST [CHoCH short lvl=1.16|RelVol=1.31|Retest@1.16|VPnode d=0.00|VWAPside|CycleTurn w=0.98<-0.98]
2025.08.26 06:00:00;VETO;authorization denied: outside session window (server hour 06, window 07-16)
2025.08.26 06:15:00;VETO;authorization denied: outside session window (server hour 06, window 07-16)
2025.08.26 06:30:00;VETO;authorization denied: outside session window (server hour 06, window 07-16)
2025.08.26 06:45:00;VETO;authorization denied: outside session window (server hour 06, window 07-16)
2025.08.26 09:30:00;VETO;outlier bar masked, z=3.9
2025.08.26 10:00:00;DECISION;setup SHORT score=0.85 entry=1.16 inv=1.16 tgt=0.00 [BOS short lvl=1.16|RelVol=1.31|VPnode d=0.00|VWAPside|CycleTurn w=0.19<-0.83]
2025.08.26 10:00:00;DECISION;TP capped 0.00442 -> 0.00332 (3.0xATR)
2025.08.26 10:00:00;ORDER;filled SELL 0.38 lots sl=1.16 tp=1.16 [WT|BOS|0.85]
2025.08.26 10:00:00;RISK;sizing: vol_ratio=0.97 scalar=1.00 gap_buf=0.00036 eff_stop=0.00257
2025.08.26 10:00:00;ORDER;entry fill deal #48 SELL 0.38 @ 1.16217
2025.08.26 10:15:00;VETO;outlier bar masked, z=5.4
2025.08.26 10:30:00;VETO;outlier bar masked, z=3.6
2025.08.26 11:30:00;VETO;outlier bar masked, z=3.7
2025.08.26 12:58:20;RISK;deal closed pnl=-83.98 streak=1 lock=0
2025.08.26 14:00:00;VETO;signal rejected: volume: relVol 0.91 < 1.00
2025.08.26 20:45:00;VETO;signal rejected: volume: relVol 0.81 < 1.00
2025.08.27 05:15:00;VETO;signal rejected: volume: relVol 0.82 < 1.00
2025.08.27 07:15:00;VETO;signal rejected: volume: relVol 0.80 < 1.00
2025.08.27 10:15:00;VETO;signal rejected: volume: relVol 0.74 < 1.00
2025.08.27 14:15:00;VETO;outlier bar masked, z=3.6
2025.08.27 16:15:00;VETO;signal rejected: volume: relVol 0.84 < 1.00
2025.08.27 17:00:00;VETO;outlier bar masked, z=4.8
2025.08.27 18:15:00;VETO;outlier bar masked, z=4.0
2025.08.27 20:00:00;VETO;outlier bar masked, z=3.6
2025.08.28 01:15:00;DECISION;setup LONG score=0.95 entry=1.16 inv=1.16 tgt=0.00 [BOS long lvl=1.16|RelVol=1.16|VPnode d=0.00|VWAPside|CycleTurn w=-1.00<--1.00|ADX=31]
2025.08.28 01:15:00;VETO;authorization denied: outside session window (server hour 01, window 07-16)
2025.08.28 01:30:00;VETO;authorization denied: outside session window (server hour 01, window 07-16)
2025.08.28 01:45:00;VETO;authorization denied: outside session window (server hour 01, window 07-16)
2025.08.28 02:00:00;VETO;authorization denied: outside session window (server hour 02, window 07-16)
2025.08.28 04:15:00;VETO;signal rejected: volume: relVol 0.81 < 1.00
2025.08.28 07:15:00;DECISION;setup SHORT score=0.65 entry=1.16 inv=1.17 tgt=0.00 AWAIT-RETEST [CHoCH short lvl=1.16|RelVol=1.04|Retest@1.16|VPnode d=0.00|VWAPside]
2025.08.28 07:15:00;DECISION;TP capped 0.00281 -> 0.00211 (3.0xATR)
2025.08.28 07:15:00;ERROR;limit SELL 0.59 @ 1.16 sl=1.17 tp=1.16 rc=10015 [WT|CHOCH|0.65|RL]
2025.08.28 07:30:00;DECISION;TP capped 0.00256 -> 0.00192 (3.0xATR)
2025.08.28 07:30:00;ORDER;filled SELL 0.64 lots sl=1.17 tp=1.16 [WT|CHOCH|0.65]
2025.08.28 07:30:00;RISK;sizing: vol_ratio=0.75 scalar=1.00 gap_buf=0.00023 eff_stop=0.00151
2025.08.28 07:30:00;ORDER;entry fill deal #50 SELL 0.64 @ 1.16411
2025.08.28 11:30:00;DECISION;setup SHORT score=0.65 entry=1.16 inv=1.16 tgt=0.00 [BOS short lvl=1.16|RelVol=1.08|VPnode d=0.00|VWAPside]
2025.08.28 11:30:00;DECISION;TP capped 0.00336 -> 0.00252 (3.0xATR)
2025.08.28 11:30:00;VETO;risk veto: max positions
2025.08.28 12:15:00;VETO;signal rejected: volume: relVol 0.87 < 1.00
2025.08.28 12:42:00;RISK;deal closed pnl=-81.92 streak=1 lock=0
2025.08.28 15:45:00;VETO;outlier bar masked, z=5.4
2025.08.28 16:00:00;VETO;outlier bar masked, z=4.2
2025.08.28 17:15:00;VETO;outlier bar masked, z=4.0
2025.08.28 20:00:00;VETO;signal rejected: volume: relVol 0.76 < 1.00
2025.08.28 22:45:00;VETO;signal rejected: volume: relVol 0.62 < 1.00
2025.08.29 01:45:00;VETO;signal rejected: volume: relVol 0.65 < 1.00
2025.08.29 02:45:00;VETO;signal rejected: volume: relVol 0.88 < 1.00
2025.08.29 04:30:00;DECISION;setup SHORT score=0.65 entry=1.17 inv=1.17 tgt=0.00 AWAIT-RETEST [CHoCH short lvl=1.17|RelVol=1.33|Retest@1.17|VPnode d=0.00|VWAPside]
2025.08.29 09:00:00;VETO;signal rejected: volume: relVol 0.90 < 1.00
2025.08.29 11:00:00;VETO;signal rejected: volume: relVol 0.89 < 1.00
2025.08.29 15:15:00;VETO;signal rejected: volume: relVol 0.91 < 1.00
2025.08.29 17:45:00;VETO;signal rejected: score 0.40 < 0.55 [CHoCH long lvl=1.17|RelVol=1.24|Retest@1.17|VWAPside]
2025.08.29 18:00:00;VETO;outlier bar masked, z=4.7
2025.08.29 21:30:00;VETO;signal rejected: volume: relVol 0.59 < 1.00
2025.08.29 23:45:00;VETO;signal rejected: volume: relVol 0.83 < 1.00
2025.09.01 03:15:00;VETO;signal rejected: volume: relVol 0.65 < 1.00
2025.09.01 05:15:00;VETO;signal rejected: score 0.40 < 0.55 [BOS long lvl=1.17|RelVol=1.29|VWAPside]
2025.09.01 09:00:00;VETO;signal rejected: volume: relVol 0.89 < 1.00
2025.09.01 12:00:00;VETO;signal rejected: volume: relVol 0.97 < 1.00
2025.09.01 15:00:00;VETO;signal rejected: volume: relVol 0.81 < 1.00
2025.09.01 18:30:00;VETO;signal rejected: volume: relVol 0.42 < 1.00
2025.09.01 21:30:00;VETO;signal rejected: volume: relVol 0.28 < 1.00
2025.09.02 02:45:00;VETO;signal rejected: volume: relVol 0.73 < 1.00
2025.09.02 04:00:00;DECISION;setup SHORT score=0.65 entry=1.17 inv=1.17 tgt=0.00 AWAIT-RETEST [CHoCH short lvl=1.17|RelVol=1.09|Retest@1.17|VPnode d=0.00|VWAPside]
2025.09.02 04:15:00;VETO;authorization denied: outside session window (server hour 04, window 07-16)
2025.09.02 04:30:00;VETO;authorization denied: outside session window (server hour 04, window 07-16)
2025.09.02 04:45:00;VETO;authorization denied: outside session window (server hour 04, window 07-16)
2025.09.02 05:00:00;VETO;authorization denied: outside session window (server hour 05, window 07-16)
2025.09.02 07:15:00;DECISION;setup SHORT score=0.60 entry=1.17 inv=1.17 tgt=0.00 [BOS short lvl=1.17|RelVol=1.06|VPnear|VWAPside|ADX=37]
2025.09.02 07:15:00;DECISION;TP capped 0.00542 -> 0.00406 (3.0xATR)
2025.09.02 07:15:00;ORDER;filled SELL 0.32 lots sl=1.17 tp=1.16 [WT|BOS|0.60]
2025.09.02 07:15:00;RISK;sizing: vol_ratio=1.02 scalar=1.00 gap_buf=0.00024 eff_stop=0.00295
2025.09.02 07:15:00;ORDER;entry fill deal #52 SELL 0.32 @ 1.16906
2025.09.02 08:30:00;VETO;signal rejected: volume: relVol 0.84 < 1.00
2025.09.02 09:15:00;DECISION;setup LONG score=0.60 entry=1.17 inv=1.17 tgt=0.00 AWAIT-RETEST [CHoCH long lvl=1.17|RelVol=1.02|Retest@1.17|VPnear|CycleTurn w=0.44<--0.62]
2025.09.02 09:15:00;VETO;retest limit risk veto: max positions
2025.09.02 09:30:00;DECISION;TP capped 0.00212 -> 0.00159 (3.0xATR)
2025.09.02 09:30:00;VETO;risk veto: max positions
2025.09.02 10:15:00;VETO;outlier bar masked, z=7.0
2025.09.02 10:30:00;VETO;outlier bar masked, z=4.6
2025.09.02 10:34:40;MANAGE;#56 SL 1.17 -> 1.17 breakeven
2025.09.02 10:34:40;MANAGE;#56 partial close 0.16 of 0.32 lots
2025.09.02 10:34:40;RISK;deal closed pnl=43.36 streak=0 lock=0
2025.09.02 10:34:59;MANAGE;#56 SL 1.17 -> 1.17 trail
2025.09.02 10:52:40;MANAGE;#56 SL 1.17 -> 1.17 trail
2025.09.02 10:53:40;MANAGE;#56 SL 1.17 -> 1.17 trail
2025.09.02 10:54:40;MANAGE;#56 SL 1.17 -> 1.17 trail
2025.09.02 10:56:40;RISK;deal closed pnl=64.96 streak=0 lock=0
2025.09.02 11:00:00;VETO;outlier bar masked, z=11.3
2025.09.02 11:15:00;VETO;outlier bar masked, z=4.0
2025.09.02 11:30:00;VETO;outlier bar masked, z=4.9
2025.09.02 11:45:00;VETO;outlier bar masked, z=5.6
2025.09.02 12:15:00;VETO;outlier bar masked, z=3.6
2025.09.02 12:30:00;VETO;outlier bar masked, z=3.8
2025.09.02 13:30:00;VETO;outlier bar masked, z=3.8
2025.09.02 15:00:00;DECISION;setup LONG score=0.55 entry=1.16 inv=1.16 tgt=0.00 AWAIT-RETEST [CHoCH long lvl=1.16|RelVol=1.40|Retest@1.16|VPnode d=0.00]
2025.09.02 15:00:00;DECISION;TP capped 0.00412 -> 0.00324 (3.0xATR)
2025.09.02 15:00:00;ORDER;limit BUY 0.37 @ 1.16 sl=1.16 tp=1.17 rc=10009 [WT|CHOCH|0.55|RL]
2025.09.02 15:00:00;RISK;sizing: vol_ratio=1.84 scalar=1.00 gap_buf=0.00056 eff_stop=0.00261
2025.09.02 15:10:40;ORDER;entry fill deal #55 BUY 0.37 @ 1.16440
2025.09.02 15:34:40;RISK;deal closed pnl=-76.22 streak=1 lock=0
2025.09.02 15:45:00;DECISION;setup SHORT score=0.60 entry=1.16 inv=1.16 tgt=0.00 AWAIT-RETEST [CHoCH short lvl=1.16|RelVol=1.07|Retest@1.16|VWAPside|CycleTurn w=0.98<-0.99]
2025.09.02 15:45:00;DECISION;TP capped 0.00415 -> 0.00340 (3.0xATR)
2025.09.02 15:45:00;ORDER;limit SELL 0.36 @ 1.16 sl=1.16 tp=1.16 rc=10009 [WT|CHOCH|0.60|RL]
2025.09.02 15:45:00;RISK;sizing: vol_ratio=1.80 scalar=1.00 gap_buf=0.00057 eff_stop=0.00264
2025.09.02 16:02:40;ORDER;entry fill deal #57 SELL 0.36 @ 1.16206
2025.09.02 16:15:00;VETO;outlier bar masked, z=5.6
2025.09.02 16:17:20;RISK;deal closed pnl=-74.52 streak=2 lock=0
2025.09.02 17:15:00;VETO;outlier bar masked, z=6.4
2025.09.03 03:00:00;VETO;signal rejected: volume: relVol 1.00 < 1.00
2025.09.03 07:00:00;VETO;signal rejected: volume: relVol 0.69 < 1.00
2025.09.03 09:30:00;VETO;signal rejected: volume: relVol 0.73 < 1.00
2025.09.03 10:30:00;VETO;outlier bar masked, z=4.6
2025.09.03 11:15:00;VETO;signal rejected: score 0.50 < 0.55 [CHoCH long lvl=1.16|RelVol=1.32|Retest@1.16|VPnear|VWAPside]
2025.09.03 17:15:00;VETO;outlier bar masked, z=7.6
2025.09.03 18:15:00;VETO;outlier bar masked, z=4.1
2025.09.03 21:00:00;DECISION;setup SHORT score=0.55 entry=1.17 inv=1.17 tgt=0.00 AWAIT-RETEST [CHoCH short lvl=1.17|RelVol=1.14|Retest@1.17|VPnode d=0.00]
2025.09.03 21:15:00;VETO;authorization denied: outside session window (server hour 21, window 07-16)
2025.09.03 21:30:00;VETO;authorization denied: outside session window (server hour 21, window 07-16)
2025.09.03 21:45:00;VETO;authorization denied: outside session window (server hour 21, window 07-16)
2025.09.03 22:00:00;VETO;authorization denied: outside session window (server hour 22, window 07-16)
2025.09.03 23:00:00;VETO;signal rejected: volume: relVol 0.79 < 1.00
2025.09.04 04:15:00;DECISION;setup SHORT score=0.65 entry=1.17 inv=1.17 tgt=0.00 [BOS short lvl=1.17|RelVol=1.19|VPnode d=0.00|VWAPside]
2025.09.04 04:15:00;VETO;authorization denied: outside session window (server hour 04, window 07-16)
2025.09.04 04:30:00;VETO;authorization denied: outside session window (server hour 04, window 07-16)
2025.09.04 04:45:00;VETO;authorization denied: outside session window (server hour 04, window 07-16)
2025.09.04 05:00:00;VETO;authorization denied: outside session window (server hour 05, window 07-16)
2025.09.04 06:15:00;DECISION;setup SHORT score=0.60 entry=1.17 inv=1.17 tgt=0.00 [BOS short lvl=1.17|RelVol=1.07|VPnear|VWAPside|ADX=30]
2025.09.04 06:15:00;VETO;authorization denied: outside session window (server hour 06, window 07-16)
2025.09.04 06:30:00;VETO;authorization denied: outside session window (server hour 06, window 07-16)
2025.09.04 06:45:00;VETO;authorization denied: outside session window (server hour 06, window 07-16)
2025.09.04 07:00:00;DECISION;TP capped 0.00326 -> 0.00245 (3.0xATR)
2025.09.04 07:00:00;ORDER;filled SELL 0.51 lots sl=1.17 tp=1.16 [WT|BOS|0.60]
2025.09.04 07:00:00;RISK;sizing: vol_ratio=0.75 scalar=1.00 gap_buf=0.00024 eff_stop=0.00187
2025.09.04 07:00:00;ORDER;entry fill deal #59 SELL 0.51 @ 1.16526
2025.09.04 12:30:00;DECISION;setup SHORT score=0.70 entry=1.16 inv=1.17 tgt=0.00 [BOS short lvl=1.16|RelVol=1.16|VPnear|VWAPside|CycleTurn w=0.77<-0.83]
2025.09.04 12:30:00;DECISION;TP capped 0.00386 -> 0.00289 (3.0xATR)
2025.09.04 12:30:00;VETO;risk veto: max positions
2025.09.04 13:15:00;VETO;outlier bar masked, z=3.5
2025.09.04 15:30:00;VETO;outlier bar masked, z=3.8
2025.09.04 15:35:40;MANAGE;#63 SL 1.17 -> 1.17 breakeven
2025.09.04 15:35:40;MANAGE;#63 partial close 0.25 of 0.51 lots
2025.09.04 15:35:40;RISK;deal closed pnl=43.25 streak=0 lock=0
2025.09.04 15:38:40;MANAGE;#63 SL 1.17 -> 1.17 trail
2025.09.04 15:39:20;MANAGE;#63 SL 1.17 -> 1.16 trail
2025.09.04 15:42:40;MANAGE;#63 SL 1.16 -> 1.16 trail
2025.09.04 15:45:00;VETO;outlier bar masked, z=7.0
2025.09.04 15:58:20;RISK;deal closed pnl=15.08 streak=0 lock=0
2025.09.04 16:00:00;VETO;outlier bar masked, z=4.5
2025.09.04 16:30:00;VETO;outlier bar masked, z=3.8
2025.09.04 22:15:00;VETO;signal rejected: volume: relVol 0.71 < 1.00
2025.09.05 02:45:00;DECISION;setup LONG score=0.85 entry=1.17 inv=1.16 tgt=0.00 AWAIT-RETEST [BOS long lvl=1.17|RelVol=1.32|Retest@1.17|VPnode d=0.00|VWAPside|CycleTurn w=0.60<-0.44]
2025.09.05 03:30:00;VETO;authorization denied: outside session window (server hour 03, window 07-16)
2025.09.05 03:45:00;VETO;authorization denied: outside session window (server hour 03, window 07-16)
2025.09.05 04:00:00;VETO;authorization denied: outside session window (server hour 04, window 07-16)
2025.09.05 04:15:00;VETO;authorization denied: outside session window (server hour 04, window 07-16)
2025.09.05 09:00:00;VETO;signal rejected: volume: relVol 0.99 < 1.00
2025.09.05 11:00:00;VETO;signal rejected: volume: relVol 0.69 < 1.00
2025.09.05 13:30:00;DECISION;setup LONG score=0.75 entry=1.17 inv=1.17 tgt=0.00 [BOS long lvl=1.17|RelVol=1.09|VPnode d=0.00|VWAPside|ADX=39]
2025.09.05 13:30:00;DECISION;TP capped 0.00590 -> 0.00443 (3.0xATR)
2025.09.05 13:30:00;ORDER;filled BUY 0.30 lots sl=1.17 tp=1.17 [WT|BOS|0.75]
2025.09.05 13:30:00;RISK;sizing: vol_ratio=0.99 scalar=1.00 gap_buf=0.00029 eff_stop=0.00325
2025.09.05 13:30:00;ORDER;entry fill deal #62 BUY 0.30 @ 1.16942
2025.09.05 15:15:00;VETO;outlier bar masked, z=4.8
2025.09.05 15:30:40;RISK;deal closed pnl=132.90 streak=0 lock=0
2025.09.05 15:45:00;VETO;outlier bar masked, z=18.1
2025.09.05 16:00:00;VETO;outlier bar masked, z=4.9
2025.09.05 16:30:00;VETO;outlier bar masked, z=5.3
2025.09.05 16:45:00;VETO;outlier bar masked, z=6.4
2025.09.05 17:00:00;VETO;outlier bar masked, z=3.8
2025.09.05 17:15:00;VETO;outlier bar masked, z=4.8
2025.09.05 17:30:00;VETO;outlier bar masked, z=3.7
2025.09.05 17:45:00;VETO;outlier bar masked, z=3.7
2025.09.05 21:15:00;VETO;signal rejected: volume: relVol 0.93 < 1.00
2025.09.08 01:45:00;DECISION;setup SHORT score=0.75 entry=1.17 inv=1.17 tgt=0.00 [BOS short lvl=1.17|RelVol=1.08|VPnode d=0.00|VWAPside|ADX=31]
2025.09.08 01:45:00;VETO;authorization denied: outside session window (server hour 01, window 07-16)
2025.09.08 02:00:00;VETO;authorization denied: outside session window (server hour 02, window 07-16)
2025.09.08 02:15:00;VETO;authorization denied: outside session window (server hour 02, window 07-16)
2025.09.08 02:30:00;VETO;authorization denied: outside session window (server hour 02, window 07-16)
2025.09.08 07:15:00;VETO;signal rejected: volume: relVol 0.99 < 1.00
2025.09.08 08:15:00;VETO;signal rejected: volume: relVol 0.88 < 1.00
2025.09.08 16:15:00;VETO;outlier bar masked, z=3.8
2025.09.08 19:45:00;DECISION;setup SHORT score=0.55 entry=1.17 inv=1.18 tgt=0.00 AWAIT-RETEST [CHoCH short lvl=1.17|RelVol=1.35|Retest@1.17|VPnode d=0.00]
2025.09.08 20:00:00;VETO;authorization denied: outside session window (server hour 20, window 07-16)
2025.09.08 20:15:00;VETO;authorization denied: outside session window (server hour 20, window 07-16)
2025.09.08 20:30:00;VETO;authorization denied: outside session window (server hour 20, window 07-16)
2025.09.08 20:45:00;VETO;authorization denied: outside session window (server hour 20, window 07-16)
2025.09.08 21:30:00;DECISION;setup LONG score=0.60 entry=1.18 inv=1.17 tgt=0.00 AWAIT-RETEST [CHoCH long lvl=1.18|RelVol=1.04|Retest@1.18|VWAPside|CycleTurn w=-0.94<--0.99]
2025.09.08 21:45:00;VETO;authorization denied: outside session window (server hour 21, window 07-16)
2025.09.08 22:00:00;VETO;authorization denied: outside session window (server hour 22, window 07-16)
2025.09.08 22:15:00;VETO;authorization denied: outside session window (server hour 22, window 07-16)
2025.09.08 22:30:00;VETO;authorization denied: outside session window (server hour 22, window 07-16)
2025.09.09 02:15:00;VETO;signal rejected: volume: relVol 0.98 < 1.00
2025.09.09 05:00:00;VETO;signal rejected: volume: relVol 0.76 < 1.00
2025.09.09 07:00:00;VETO;signal rejected: volume: relVol 0.82 < 1.00
2025.09.09 09:00:00;DECISION;setup LONG score=0.65 entry=1.18 inv=1.18 tgt=0.00 AWAIT-RETEST [CHoCH long lvl=1.18|RelVol=1.10|Retest@1.18|VPnode d=0.00|VWAPside]
2025.09.09 09:00:00;DECISION;TP capped 0.00309 -> 0.00232 (3.0xATR)
2025.09.09 09:00:00;ERROR;limit BUY 0.56 @ 1.18 sl=1.18 tp=1.18 rc=10015 [WT|CHOCH|0.65|RL]
2025.09.09 09:15:00;DECISION;TP capped 0.00222 -> 0.00166 (3.0xATR)
2025.09.09 09:15:00;ORDER;filled BUY 0.73 lots sl=1.18 tp=1.18 [WT|CHOCH|0.65]
2025.09.09 09:15:00;RISK;sizing: vol_ratio=0.76 scalar=1.00 gap_buf=0.00023 eff_stop=0.00134
2025.09.09 09:15:00;ORDER;entry fill deal #64 BUY 0.73 @ 1.17744
2025.09.09 09:44:40;RISK;deal closed pnl=-81.03 streak=1 lock=0
2025.09.09 09:45:00;DECISION;setup SHORT score=0.70 entry=1.18 inv=1.18 tgt=0.00 AWAIT-RETEST [CHoCH short lvl=1.18|RelVol=1.11|Retest@1.18|VPnear|VWAPside|CycleTurn w=0.19<-0.93]
2025.09.09 09:45:00;DECISION;TP capped 0.00365 -> 0.00273 (3.0xATR)
2025.09.09 09:45:00;ERROR;limit SELL 0.47 @ 1.18 sl=1.18 tp=1.17 rc=10015 [WT|CHOCH|0.70|RL]
2025.09.09 10:00:00;DECISION;TP capped 0.00306 -> 0.00230 (3.0xATR)
2025.09.09 10:00:00;ORDER;filled SELL 0.54 lots sl=1.18 tp=1.17 [WT|CHOCH|0.70]
2025.09.09 10:00:00;RISK;sizing: vol_ratio=0.90 scalar=1.00 gap_buf=0.00027 eff_stop=0.00180
2025.09.09 10:00:00;ORDER;entry fill deal #66 SELL 0.54 @ 1.17650
2025.09.09 10:47:40;MANAGE;#70 SL 1.18 -> 1.18 breakeven
2025.09.09 10:47:40;MANAGE;#70 partial close 0.27 of 0.54 lots
2025.09.09 10:47:40;RISK;deal closed pnl=46.71 streak=0 lock=0
2025.09.09 10:47:59;MANAGE;#70 SL 1.18 -> 1.18 trail
2025.09.09 10:48:20;MANAGE;#70 SL 1.18 -> 1.18 trail
2025.09.09 11:08:40;MANAGE;#70 SL 1.18 -> 1.18 trail
2025.09.09 11:39:40;RISK;deal closed pnl=17.28 streak=0 lock=0
2025.09.09 15:00:00;VETO;signal rejected: score 0.50 < 0.55 [BOS short lvl=1.17|RelVol=1.06|VWAPside|ADX=34]
2025.09.09 17:15:00;VETO;outlier bar masked, z=10.5
2025.09.09 18:15:00;DECISION;setup SHORT score=0.60 entry=1.17 inv=1.18 tgt=0.00 [BOS short lvl=1.17|RelVol=1.12|VWAPside|CycleTurn w=-0.78<--0.34]
2025.09.09 18:15:00;VETO;authorization denied: outside session window (server hour 18, window 07-16)
2025.09.09 18:30:00;VETO;authorization denied: outside session window (server hour 18, window 07-16)
2025.09.09 18:45:00;VETO;authorization denied: outside session window (server hour 18, window 07-16)
2025.09.09 19:00:00;VETO;authorization denied: outside session window (server hour 19, window 07-16)
2025.09.09 20:45:00;VETO;signal rejected: score 0.50 < 0.55 [BOS short lvl=1.17|RelVol=1.30|VWAPside|ADX=36]
2025.09.10 00:01:00;VETO;signal rejected: volume: relVol 0.75 < 1.00
2025.09.10 01:45:00;VETO;signal rejected: volume: relVol 0.42 < 1.00
2025.09.10 02:30:00;DECISION;setup SHORT score=0.70 entry=1.17 inv=1.17 tgt=0.00 AWAIT-RETEST [CHoCH short lvl=1.17|RelVol=2.01|Retest@1.17|VPnear|VWAPside|CycleTurn w=0.99<-1.00]
2025.09.10 03:00:00;VETO;authorization denied: outside session window (server hour 03, window 07-16)
2025.09.10 03:15:00;VETO;authorization denied: outside session window (server hour 03, window 07-16)
2025.09.10 03:30:00;VETO;authorization denied: outside session window (server hour 03, window 07-16)
2025.09.10 03:45:00;VETO;authorization denied: outside session window (server hour 03, window 07-16)
2025.09.10 04:30:00;VETO;signal rejected: volume: relVol 0.77 < 1.00
2025.09.10 08:00:00;DECISION;setup LONG score=0.65 entry=1.17 inv=1.17 tgt=0.00 AWAIT-RETEST [CHoCH long lvl=1.17|RelVol=1.18|Retest@1.17|VPnode d=0.00|VWAPside]
2025.09.10 08:00:00;DECISION;TP capped 0.00505 -> 0.00379 (3.0xATR)
2025.09.10 08:00:00;ORDER;limit BUY 0.36 @ 1.17 sl=1.17 tp=1.18 rc=10009 [WT|CHOCH|0.65|RL]
2025.09.10 08:00:00;RISK;sizing: vol_ratio=0.62 scalar=1.00 gap_buf=0.00021 eff_stop=0.00273
2025.09.10 08:00:40;ORDER;entry fill deal #69 BUY 0.36 @ 1.17144
2025.09.10 10:00:00;VETO;outlier bar masked, z=5.7
2025.09.10 10:01:40;RISK;deal closed pnl=-90.72 streak=1 lock=0
2025.09.10 12:45:00;DECISION;setup LONG score=0.85 entry=1.17 inv=1.17 tgt=0.00 AWAIT-RETEST [CHoCH long lvl=1.17|RelVol=1.14|Retest@1.17|VPnode d=0.00|VWAPside|CycleTurn w=-0.55<--0.92]
2025.09.10 12:45:00;DECISION;TP capped 0.00383 -> 0.00287 (3.0xATR)
2025.09.10 12:45:00;ORDER;limit BUY 0.40 @ 1.17 sl=1.17 tp=1.17 rc=10009 [WT|CHOCH|0.85|RL]
2025.09.10 12:45:00;RISK;sizing: vol_ratio=1.40 scalar=1.00 gap_buf=0.00048 eff_stop=0.00240
2025.09.10 13:07:00;ORDER;entry fill deal #71 BUY 0.40 @ 1.17100
2025.09.10 15:15:00;VETO;outlier bar masked, z=3.8
2025.09.10 15:45:00;VETO;outlier bar masked, z=9.0
2025.09.10 16:00:00;VETO;outlier bar masked, z=3.8
2025.09.10 17:48:40;MANAGE;#75 SL 1.17 -> 1.17 breakeven
2025.09.10 17:48:40;MANAGE;#75 partial close 0.20 of 0.40 lots
2025.09.10 17:48:40;RISK;deal closed pnl=41.40 streak=0 lock=0
2025.09.10 19:14:40;RISK;deal closed pnl=0.20 streak=0 lock=0
2025.09.10 22:15:00;VETO;signal rejected: volume: relVol 0.75 < 1.00
2025.09.11 09:00:00;DECISION;setup SHORT score=0.85 entry=1.17 inv=1.17 tgt=0.00 AWAIT-RETEST [BOS short lvl=1.17|RelVol=1.25|Retest@1.17|VPnode d=0.00|VWAPside|CycleTurn w=-0.29<-0.78]
2025.09.11 09:00:00;DECISION;TP capped 0.00146 -> 0.00118 (3.0xATR)
2025.09.11 09:00:00;ORDER;limit SELL 1.05 @ 1.17 sl=1.17 tp=1.17 rc=10009 [WT|BOS|0.85|RL]
2025.09.11 09:00:00;RISK;sizing: vol_ratio=0.61 scalar=1.00 gap_buf=0.00020 eff_stop=0.00093
2025.09.11 09:09:40;ORDER;entry fill deal #74 SELL 1.05 @ 1.16924
2025.09.11 09:15:40;MANAGE;#78 SL 1.17 -> 1.17 breakeven
2025.09.11 09:15:40;MANAGE;#78 partial close 0.52 of 1.05 lots
2025.09.11 09:15:40;RISK;deal closed pnl=45.24 streak=0 lock=0
2025.09.11 09:24:40;RISK;deal closed pnl=1.06 streak=0 lock=0
2025.09.11 12:45:00;DECISION;setup SHORT score=0.80 entry=1.17 inv=1.17 tgt=0.00 [BOS short lvl=1.17|RelVol=1.25|VPnear|VWAPside|CycleTurn w=-0.34<-0.71|ADX=37]
2025.09.11 12:45:00;DECISION;TP capped 0.00270 -> 0.00203 (3.0xATR)
2025.09.11 12:45:00;ORDER;filled SELL 0.58 lots sl=1.17 tp=1.17 [WT|BOS|0.80]
2025.09.11 12:45:00;RISK;sizing: vol_ratio=1.10 scalar=1.00 gap_buf=0.00034 eff_stop=0.00169
2025.09.11 12:45:00;ORDER;entry fill deal #77 SELL 0.58 @ 1.16819
2025.09.11 15:16:40;MANAGE;#81 SL 1.17 -> 1.17 breakeven
2025.09.11 15:16:40;MANAGE;#81 partial close 0.28 of 0.58 lots
2025.09.11 15:16:40;RISK;deal closed pnl=49.28 streak=0 lock=0
2025.09.11 15:16:59;MANAGE;#81 SL 1.17 -> 1.17 trail
2025.09.11 15:24:40;RISK;deal closed pnl=9.00 streak=0 lock=0
2025.09.11 15:30:00;VETO;outlier bar masked, z=8.0
2025.09.11 15:45:00;VETO;outlier bar masked, z=22.8
2025.09.11 16:00:00;VETO;outlier bar masked, z=8.7
2025.09.11 16:15:00;VETO;outlier bar masked, z=7.6
2025.09.11 16:30:00;VETO;outlier bar masked, z=4.4
2025.09.11 16:45:00;VETO;outlier bar masked, z=4.8
2025.09.11 17:00:00;VETO;outlier bar masked, z=4.5
2025.09.11 17:30:00;VETO;outlier bar masked, z=4.0
2025.09.12 04:15:00;VETO;signal rejected: volume: relVol 0.95 < 1.00
2025.09.12 07:15:00;VETO;signal rejected: volume: relVol 0.91 < 1.00
2025.09.12 10:00:00;DECISION;setup LONG score=0.65 entry=1.17 inv=1.17 tgt=0.00 AWAIT-RETEST [CHoCH long lvl=1.17|RelVol=1.11|Retest@1.17|VPnode d=0.00|VWAPside]
2025.09.12 10:00:00;DECISION;TP capped 0.00262 -> 0.00197 (3.0xATR)
2025.09.12 10:00:00;ORDER;limit BUY 0.63 @ 1.17 sl=1.17 tp=1.18 rc=10009 [WT|CHOCH|0.65|RL]
2025.09.12 10:00:00;RISK;sizing: vol_ratio=0.75 scalar=1.00 gap_buf=0.00026 eff_stop=0.00157
2025.09.12 11:11:40;ORDER;entry fill deal #80 BUY 0.63 @ 1.17349
2025.09.12 11:44:40;RISK;deal closed pnl=-82.53 streak=1 lock=0
2025.09.12 11:45:00;VETO;signal rejected: volume: relVol 0.95 < 1.00
2025.09.12 15:45:00;VETO;signal rejected: volume: relVol 0.88 < 1.00
2025.09.12 19:45:00;DECISION;setup LONG score=0.65 entry=1.17 inv=1.17 tgt=0.00 AWAIT-RETEST [CHoCH long lvl=1.17|RelVol=1.04|Retest@1.17|VPnode d=0.00|VWAPside]
2025.09.12 20:00:00;VETO;authorization denied: outside session window (server hour 20, window 07-16)
2025.09.12 20:15:00;VETO;authorization denied: outside session window (server hour 20, window 07-16)
2025.09.12 20:30:00;VETO;authorization denied: outside session window (server hour 20, window 07-16)
2025.09.12 20:45:00;VETO;authorization denied: outside session window (server hour 20, window 07-16)
2025.09.15 02:30:00;VETO;signal rejected: volume: relVol 0.45 < 1.00
2025.09.15 03:30:00;VETO;signal rejected: volume: relVol 0.63 < 1.00
2025.09.15 06:30:00;VETO;signal rejected: volume: relVol 0.89 < 1.00
2025.09.15 09:30:00;DECISION;setup SHORT score=0.65 entry=1.17 inv=1.17 tgt=0.00 AWAIT-RETEST [CHoCH short lvl=1.17|RelVol=1.06|Retest@1.17|VPnode d=0.00|VWAPside]
2025.09.15 09:30:00;DECISION;TP capped 0.00234 -> 0.00176 (3.0xATR)
2025.09.15 09:30:00;ORDER;limit SELL 0.72 @ 1.17 sl=1.17 tp=1.17 rc=10009 [WT|CHOCH|0.65|RL]
2025.09.15 09:30:00;RISK;sizing: vol_ratio=0.61 scalar=1.00 gap_buf=0.00018 eff_stop=0.00135
2025.09.15 09:49:40;ORDER;entry fill deal #82 SELL 0.72 @ 1.17236
2025.09.15 10:11:20;RISK;deal closed pnl=-84.24 streak=1 lock=0
2025.09.15 10:30:00;VETO;signal rejected: volume: relVol 0.93 < 1.00
2025.09.15 12:30:00;VETO;signal rejected: score 0.50 < 0.55 [BOS long lvl=1.17|RelVol=1.00|VPnear|VWAPside]
2025.09.15 13:30:00;VETO;outlier bar masked, z=3.7
2025.09.15 15:15:00;VETO;signal rejected: score 0.50 < 0.55 [BOS long lvl=1.18|RelVol=1.02|VWAPside|ADX=42]
2025.09.15 23:00:00;DECISION;setup SHORT score=0.75 entry=1.18 inv=1.18 tgt=0.00 AWAIT-RETEST [CHoCH short lvl=1.18|RelVol=1.44|Retest@1.18|VPnode d=0.00|CycleTurn w=-0.46<-0.66]
2025.09.15 23:15:00;VETO;authorization denied: outside session window (server hour 23, window 07-16)
2025.09.15 23:30:00;VETO;authorization denied: outside session window (server hour 23, window 07-16)
2025.09.15 23:45:00;VETO;authorization denied: outside session window (server hour 23, window 07-16)
2025.09.16 00:01:00;VETO;authorization denied: outside session window (server hour 00, window 07-16)
2025.09.16 03:45:00;VETO;signal rejected: volume: relVol 0.75 < 1.00
2025.09.16 05:00:00;VETO;signal rejected: volume: relVol 0.93 < 1.00
2025.09.16 10:00:00;DECISION;setup LONG score=0.65 entry=1.18 inv=1.18 tgt=0.00 [BOS long lvl=1.18|RelVol=1.17|VPnode d=0.00|VWAPside]
2025.09.16 10:00:00;DECISION;TP capped 0.00280 -> 0.00210 (3.0xATR)
2025.09.16 10:00:00;ORDER;filled BUY 0.57 lots sl=1.18 tp=1.18 [WT|BOS|0.65]
2025.09.16 10:00:00;RISK;sizing: vol_ratio=1.04 scalar=1.00 gap_buf=0.00030 eff_stop=0.00170
2025.09.16 10:00:00;ORDER;entry fill deal #84 BUY 0.57 @ 1.17874
2025.09.16 10:53:40;MANAGE;#88 SL 1.18 -> 1.18 breakeven
2025.09.16 10:53:40;MANAGE;#88 partial close 0.28 of 0.57 lots
2025.09.16 10:53:40;RISK;deal closed pnl=40.88 streak=0 lock=0
2025.09.16 10:53:59;MANAGE;#88 SL 1.18 -> 1.18 trail
2025.09.16 11:18:40;MANAGE;#88 SL 1.18 -> 1.18 trail
2025.09.16 11:40:40;RISK;deal closed pnl=9.57 streak=0 lock=0
2025.09.16 15:30:00;VETO;signal rejected: score 0.40 < 0.55 [CHoCH short lvl=1.18|RelVol=1.02|Retest@1.18|VPnear]
2025.09.16 15:45:00;VETO;outlier bar masked, z=4.5
2025.09.16 16:30:00;VETO;outlier bar masked, z=3.6
2025.09.16 17:00:00;DECISION;setup LONG score=0.85 entry=1.18 inv=1.18 tgt=0.00 AWAIT-RETEST [CHoCH long lvl=1.18|RelVol=1.10|Retest@1.18|VPnode d=0.00|VWAPside|CycleTurn w=0.07<--0.74]
2025.09.16 17:15:00;VETO;outlier bar masked, z=4.0
2025.09.16 19:15:00;VETO;signal rejected: score 0.50 < 0.55 [BOS long lvl=1.19|RelVol=1.11|VWAPside|ADX=40]
2025.09.17 02:15:00;VETO;signal rejected: volume: relVol 0.68 < 1.00
2025.09.17 08:15:00;VETO;signal rejected: volume: relVol 0.96 < 1.00
2025.09.17 10:15:00;DECISION;setup SHORT score=0.85 entry=1.18 inv=1.19 tgt=0.00 AWAIT-RETEST [CHoCH short lvl=1.19|RelVol=1.14|Retest@1.18|VPnode d=0.00|VWAPside|CycleTurn w=-0.75<-0.09]
2025.09.17 10:15:00;DECISION;TP capped 0.00205 -> 0.00154 (3.0xATR)
2025.09.17 10:15:00;ORDER;limit SELL 0.77 @ 1.18 sl=1.19 tp=1.18 rc=10009 [WT|CHOCH|0.85|RL]
2025.09.17 10:15:00;RISK;sizing: vol_ratio=0.69 scalar=1.00 gap_buf=0.00025 eff_stop=0.00127
2025.09.17 11:47:40;ORDER;entry fill deal #87 SELL 0.77 @ 1.18498
2025.09.17 13:12:40;MANAGE;#91 SL 1.19 -> 1.18 breakeven
2025.09.17 13:12:40;MANAGE;#91 partial close 0.38 of 0.77 lots
2025.09.17 13:12:40;RISK;deal closed pnl=52.44 streak=0 lock=0
2025.09.17 13:12:59;MANAGE;#91 SL 1.18 -> 1.18 trail
2025.09.17 13:13:40;RISK;deal closed pnl=60.06 streak=0 lock=0
2025.09.17 13:15:00;DECISION;setup SHORT score=0.70 entry=1.18 inv=1.19 tgt=0.00 [BOS short lvl=1.18|RelVol=1.10|VPnear|VWAPside|CycleTurn w=0.91<-1.00]
2025.09.17 13:15:00;DECISION;TP capped 0.00322 -> 0.00242 (3.0xATR)
2025.09.17 13:15:00;ORDER;filled SELL 0.51 lots sl=1.19 tp=1.18 [WT|BOS|0.70]
2025.09.17 13:15:00;RISK;sizing: vol_ratio=0.96 scalar=1.00 gap_buf=0.00033 eff_stop=0.00194
2025.09.17 13:15:00;ORDER;entry fill deal #90 SELL 0.51 @ 1.18353
2025.09.17 16:15:00;VETO;signal rejected: volume: relVol 0.67 < 1.00
2025.09.17 16:37:40;RISK;deal closed pnl=-82.11 streak=1 lock=0
2025.09.17 21:15:00;VETO;outlier bar masked, z=34.5
2025.09.17 21:30:00;VETO;outlier bar masked, z=7.8
2025.09.17 21:45:00;VETO;outlier bar masked, z=25.4
2025.09.17 22:00:00;VETO;outlier bar masked, z=17.1
2025.09.17 22:15:00;VETO;outlier bar masked, z=11.2
2025.09.17 22:30:00;VETO;outlier bar masked, z=7.1
2025.09.17 22:45:00;VETO;outlier bar masked, z=6.6
2025.09.17 23:00:00;VETO;outlier bar masked, z=3.6
2025.09.17 23:30:00;VETO;outlier bar masked, z=4.3
2025.09.18 04:45:00;DECISION;setup SHORT score=0.85 entry=1.18 inv=1.18 tgt=0.00 [BOS short lvl=1.18|RelVol=1.58|VPnode d=0.00|VWAPside|CycleTurn w=0.91<-0.98]
2025.09.18 04:45:00;VETO;authorization denied: outside session window (server hour 04, window 07-16)
2025.09.18 05:00:00;VETO;authorization denied: outside session window (server hour 05, window 07-16)
2025.09.18 05:15:00;VETO;authorization denied: outside session window (server hour 05, window 07-16)
2025.09.18 05:30:00;VETO;authorization denied: outside session window (server hour 05, window 07-16)
2025.09.18 07:45:00;DECISION;setup SHORT score=0.80 entry=1.18 inv=1.18 tgt=0.00 AWAIT-RETEST [BOS short lvl=1.18|RelVol=1.74|Retest@1.18|VPnear|VWAPside|CycleTurn w=-0.55<-0.53|ADX=31]
2025.09.18 07:45:00;DECISION;TP capped 0.00337 -> 0.00253 (3.0xATR)
2025.09.18 07:45:00;ORDER;limit SELL 0.50 @ 1.18 sl=1.18 tp=1.18 rc=10009 [WT|BOS|0.80|RL]
2025.09.18 07:45:00;RISK;sizing: vol_ratio=0.67 scalar=1.00 gap_buf=0.00027 eff_stop=0.00195
2025.09.18 10:00:00;ORDER;cancelled 1 pending: setup expired/invalidated
2025.09.18 10:15:00;VETO;outlier bar masked, z=6.3
2025.09.18 10:30:00;DECISION;setup LONG score=0.85 entry=1.18 inv=1.18 tgt=0.00 AWAIT-RETEST [CHoCH long lvl=1.18|RelVol=1.17|Retest@1.18|VPnode d=0.00|VWAPside|CycleTurn w=0.57<--0.45]
2025.09.18 10:30:00;DECISION;TP capped 0.00889 -> 0.00667 (3.0xATR)
2025.09.18 10:30:00;ERROR;limit BUY 0.19 @ 1.18 sl=1.18 tp=1.19 rc=10015 [WT|CHOCH|0.85|RL]
2025.09.18 10:45:00;DECISION;TP capped 0.01080 -> 0.00810 (3.0xATR)
2025.09.18 10:45:00;ORDER;filled BUY 0.16 lots sl=1.18 tp=1.19 [WT|CHOCH|0.85]
2025.09.18 10:45:00;RISK;sizing: vol_ratio=1.17 scalar=1.00 gap_buf=0.00052 eff_stop=0.00592
2025.09.18 10:45:00;ORDER;entry fill deal #92 BUY 0.16 @ 1.18343
2025.09.18 12:15:00;DECISION;setup LONG score=0.65 entry=1.18 inv=1.18 tgt=0.00 [BOS long lvl=1.18|RelVol=1.33|VPnode d=0.00|VWAPside]
2025.09.18 12:15:00;DECISION;TP capped 0.00354 -> 0.00295 (3.0xATR)
2025.09.18 12:15:00;VETO;risk veto: max positions
2025.09.18 15:15:00;DECISION;setup SHORT score=0.65 entry=1.18 inv=1.18 tgt=0.00 AWAIT-RETEST [CHoCH short lvl=1.18|RelVol=1.28|Retest@1.18|VPnode d=0.00|VWAPside]
2025.09.18 15:15:00;VETO;retest limit risk veto: max positions
2025.09.18 15:30:00;DECISION;TP capped 0.00488 -> 0.00366 (3.0xATR)
2025.09.18 15:30:00;VETO;risk veto: max positions
2025.09.18 15:45:00;VETO;outlier bar masked, z=3.9
2025.09.18 16:33:40;RISK;deal closed pnl=-86.40 streak=1 lock=0
2025.09.18 16:45:00;VETO;outlier bar masked, z=8.8
2025.09.18 20:15:00;VETO;signal rejected: score 0.40 < 0.55 [CHoCH long lvl=1.18|RelVol=1.15|Retest@1.18|VPnear]
2025.09.19 02:45:00;VETO;signal rejected: volume: relVol 0.68 < 1.00
2025.09.19 03:15:00;DECISION;setup SHORT score=0.85 entry=1.18 inv=1.18 tgt=0.00 AWAIT-RETEST [CHoCH short lvl=1.18|RelVol=1.03|Retest@1.18|VPnode d=0.00|VWAPside|CycleTurn w=0.97<-0.99]
2025.09.19 04:00:00;VETO;authorization denied: outside session window (server hour 04, window 07-16)
2025.09.19 04:15:00;VETO;authorization denied: outside session window (server hour 04, window 07-16)
2025.09.19 04:30:00;VETO;authorization denied: outside session window (server hour 04, window 07-16)
2025.09.19 04:45:00;VETO;authorization denied: outside session window (server hour 04, window 07-16)
2025.09.19 05:15:00;VETO;signal rejected: volume: relVol 0.84 < 1.00
2025.09.19 06:30:00;DECISION;setup LONG score=0.85 entry=1.18 inv=1.18 tgt=0.00 AWAIT-RETEST [CHoCH long lvl=1.18|RelVol=1.45|Retest@1.18|VPnode d=0.00|VWAPside|CycleTurn w=0.40<--0.66]
2025.09.19 06:45:00;VETO;authorization denied: outside session window (server hour 06, window 07-16)
2025.09.19 07:00:00;DECISION;TP capped 0.00200 -> 0.00186 (3.0xATR)
2025.09.19 07:00:00;ORDER;filled BUY 0.74 lots sl=1.18 tp=1.18 [WT|CHOCH|0.85]
2025.09.19 07:00:00;RISK;sizing: vol_ratio=0.77 scalar=1.00 gap_buf=0.00031 eff_stop=0.00131
2025.09.19 07:00:00;ORDER;entry fill deal #94 BUY 0.74 @ 1.17818
2025.09.19 07:40:40;RISK;deal closed pnl=-74.00 streak=1 lock=0
2025.09.19 10:00:00;DECISION;setup SHORT score=0.65 entry=1.18 inv=1.18 tgt=0.00 AWAIT-RETEST [CHoCH short lvl=1.18|RelVol=1.45|Retest@1.18|StopFloored|VPnode d=0.00|VWAPside]
2025.09.19 10:00:00;ORDER;limit SELL 0.60 @ 1.18 sl=1.18 tp=1.17 rc=10009 [WT|CHOCH|0.65|RL]
2025.09.19 10:00:00;RISK;sizing: vol_ratio=0.96 scalar=1.00 gap_buf=0.00040 eff_stop=0.00158
2025.09.19 10:00:40;ORDER;entry fill deal #96 SELL 0.60 @ 1.17680
2025.09.19 11:23:40;MANAGE;#101 SL 1.18 -> 1.18 breakeven
2025.09.19 11:23:40;MANAGE;#101 partial close 0.30 of 0.60 lots
2025.09.19 11:23:40;RISK;deal closed pnl=39.60 streak=0 lock=0
2025.09.19 11:30:00;VETO;signal rejected: volume: relVol 0.89 < 1.00
2025.09.19 12:05:40;RISK;deal closed pnl=0.30 streak=0 lock=0
2025.09.19 14:15:00;DECISION;setup SHORT score=0.85 entry=1.18 inv=1.18 tgt=0.00 [BOS short lvl=1.18|RelVol=1.16|VPnode d=0.00|VWAPside|CycleTurn w=0.99<-0.99]
2025.09.19 14:15:00;DECISION;TP capped 0.00294 -> 0.00241 (3.0xATR)
2025.09.19 14:15:00;ORDER;filled SELL 0.51 lots sl=1.18 tp=1.17 [WT|BOS|0.85]
2025.09.19 14:15:00;RISK;sizing: vol_ratio=1.01 scalar=1.00 gap_buf=0.00040 eff_stop=0.00187
2025.09.19 14:15:00;ORDER;entry fill deal #99 SELL 0.51 @ 1.17544
2025.09.19 14:56:40;MANAGE;#104 SL 1.18 -> 1.18 breakeven
2025.09.19 14:56:40;MANAGE;#104 partial close 0.25 of 0.51 lots
2025.09.19 14:56:40;RISK;deal closed pnl=41.25 streak=0 lock=0
2025.09.19 14:57:40;MANAGE;#104 SL 1.18 -> 1.18 trail
2025.09.19 15:22:40;MANAGE;#104 SL 1.18 -> 1.17 trail
2025.09.19 15:25:40;RISK;deal closed pnl=62.66 streak=0 lock=0
2025.09.22 03:45:00;VETO;signal rejected: volume: relVol 0.62 < 1.00
2025.09.22 07:30:00;VETO;signal rejected: volume: relVol 0.84 < 1.00
2025.09.22 09:00:00;VETO;signal rejected: volume: relVol 0.90 < 1.00
2025.09.22 11:15:00;VETO;outlier bar masked, z=3.6
2025.09.22 17:15:00;VETO;signal rejected: volume: relVol 0.61 < 1.00
2025.09.22 19:30:00;DECISION;setup LONG score=0.85 entry=1.18 inv=1.18 tgt=0.00 AWAIT-RETEST [CHoCH long lvl=1.18|RelVol=1.20|Retest@1.18|VPnode d=0.00|VWAPside|CycleTurn w=-0.77<--0.95]
2025.09.22 19:45:00;VETO;authorization denied: outside session window (server hour 19, window 07-16)
2025.09.22 20:00:00;VETO;authorization denied: outside session window (server hour 20, window 07-16)
2025.09.22 20:15:00;VETO;authorization denied: outside session window (server hour 20, window 07-16)
2025.09.22 20:30:00;VETO;authorization denied: outside session window (server hour 20, window 07-16)
2025.09.22 20:45:00;DECISION;setup LONG score=0.75 entry=1.18 inv=1.18 tgt=0.00 [BOS long lvl=1.18|RelVol=1.13|VPnode d=0.00|VWAPside|ADX=31]
2025.09.22 20:45:00;VETO;authorization denied: outside session window (server hour 20, window 07-16)
2025.09.22 21:00:00;VETO;authorization denied: outside session window (server hour 21, window 07-16)
2025.09.22 21:15:00;VETO;authorization denied: outside session window (server hour 21, window 07-16)
2025.09.22 21:30:00;VETO;authorization denied: outside session window (server hour 21, window 07-16)
2025.09.23 00:15:00;VETO;outlier bar masked, z=8.4
2025.09.23 03:45:00;VETO;signal rejected: volume: relVol 0.81 < 1.00
2025.09.23 09:15:00;VETO;signal rejected: volume: relVol 0.96 < 1.00
2025.09.23 12:15:00;VETO;signal rejected: volume: relVol 0.75 < 1.00
2025.09.23 15:30:00;VETO;signal rejected: volume: relVol 0.83 < 1.00
2025.09.23 17:00:00;VETO;outlier bar masked, z=4.0
2025.09.23 19:45:00;VETO;outlier bar masked, z=4.2
2025.09.23 20:15:00;DECISION;setup LONG score=0.65 entry=1.18 inv=1.18 tgt=0.00 AWAIT-RETEST [CHoCH long lvl=1.18|RelVol=1.28|Retest@1.18|VPnode d=0.00|VWAPside]
2025.09.23 20:30:00;VETO;authorization denied: outside session window (server hour 20, window 07-16)
2025.09.23 20:45:00;VETO;authorization denied: outside session window (server hour 20, window 07-16)
2025.09.23 21:00:00;VETO;authorization denied: outside session window (server hour 21, window 07-16)
2025.09.23 21:15:00;VETO;authorization denied: outside session window (server hour 21, window 07-16)
2025.09.24 03:30:00;VETO;signal rejected: score 0.50 < 0.55 [CHoCH short lvl=1.18|RelVol=1.19|Retest@1.18|VPnear|VWAPside]
2025.09.24 06:00:00;DECISION;setup SHORT score=0.75 entry=1.18 inv=1.18 tgt=0.00 [BOS short lvl=1.18|RelVol=1.09|VPnode d=0.00|VWAPside|ADX=36]
2025.09.24 06:00:00;VETO;authorization denied: outside session window (server hour 06, window 07-16)
2025.09.24 06:15:00;VETO;authorization denied: outside session window (server hour 06, window 07-16)
2025.09.24 06:30:00;VETO;authorization denied: outside session window (server hour 06, window 07-16)
2025.09.24 06:45:00;VETO;authorization denied: outside session window (server hour 06, window 07-16)
2025.09.24 09:30:00;DECISION;setup SHORT score=0.85 entry=1.18 inv=1.18 tgt=0.00 [BOS short lvl=1.18|RelVol=1.13|VPnode d=0.00|VWAPside|CycleTurn w=-0.07<-0.78]
2025.09.24 09:30:00;DECISION;TP capped 0.00246 -> 0.00184 (3.0xATR)
2025.09.24 09:30:00;ORDER;filled SELL 0.65 lots sl=1.18 tp=1.18 [WT|BOS|0.85]
2025.09.24 09:30:00;RISK;sizing: vol_ratio=0.81 scalar=1.00 gap_buf=0.00027 eff_stop=0.00150
2025.09.24 09:30:00;ORDER;entry fill deal #102 SELL 0.65 @ 1.17931
2025.09.24 11:03:20;MANAGE;#107 SL 1.18 -> 1.18 breakeven
2025.09.24 11:03:20;MANAGE;#107 partial close 0.32 of 0.65 lots
2025.09.24 11:03:20;RISK;deal closed pnl=43.52 streak=0 lock=0
2025.09.24 11:13:40;MANAGE;#107 SL 1.18 -> 1.18 trail
2025.09.24 11:14:40;RISK;deal closed pnl=60.72 streak=0 lock=0
2025.09.24 11:15:00;DECISION;setup SHORT score=0.65 entry=1.18 inv=1.18 tgt=0.00 AWAIT-RETEST [BOS short lvl=1.18|RelVol=1.33|Retest@1.18|VPnode d=0.00|VWAPside]
2025.09.24 11:15:00;DECISION;TP capped 0.00459 -> 0.00344 (3.0xATR)
2025.09.24 11:15:00;ORDER;limit SELL 0.37 @ 1.18 sl=1.18 tp=1.17 rc=10009 [WT|BOS|0.65|RL]
2025.09.24 11:15:00;RISK;sizing: vol_ratio=1.12 scalar=1.00 gap_buf=0.00037 eff_stop=0.00267
2025.09.24 13:30:00;ORDER;cancelled 1 pending: setup expired/invalidated
2025.09.24 15:45:00;VETO;signal rejected: volume: relVol 0.59 < 1.00
2025.09.25 01:15:00;VETO;signal rejected: volume: relVol 0.69 < 1.00
2025.09.25 04:00:00;VETO;signal rejected: volume: relVol 0.98 < 1.00
2025.09.25 05:45:00;VETO;signal rejected: volume: relVol 0.85 < 1.00
2025.09.25 11:00:00;DECISION;setup SHORT score=0.65 entry=1.17 inv=1.18 tgt=0.00 AWAIT-RETEST [CHoCH short lvl=1.17|RelVol=1.31|Retest@1.17|VPnode d=0.00|VWAPside]
2025.09.25 11:00:00;DECISION;TP capped 0.00324 -> 0.00243 (3.0xATR)
2025.09.25 11:00:00;ORDER;limit SELL 0.51 @ 1.17 sl=1.18 tp=1.17 rc=10009 [WT|CHOCH|0.65|RL]
2025.09.25 11:00:00;RISK;sizing: vol_ratio=1.00 scalar=1.00 gap_buf=0.00028 eff_stop=0.00191
2025.09.25 11:03:20;ORDER;entry fill deal #105 SELL 0.51 @ 1.17364
2025.09.25 13:17:40;RISK;deal closed pnl=-82.62 streak=1 lock=0
2025.09.25 15:45:00;VETO;outlier bar masked, z=10.9
2025.09.25 16:00:00;VETO;outlier bar masked, z=4.1
2025.09.25 17:00:00;VETO;signal rejected: score 0.50 < 0.55 [BOS short lvl=1.17|RelVol=1.22|VWAPside|ADX=32]
2025.09.25 20:30:00;VETO;outlier bar masked, z=4.3
2025.09.25 23:30:00;VETO;signal rejected: score 0.30 < 0.55 [CHoCH long lvl=1.17|RelVol=1.09|Retest@1.17]
2025.09.26 04:00:00;VETO;signal rejected: volume: relVol 0.88 < 1.00
2025.09.26 08:00:00;VETO;signal rejected: volume: relVol 0.97 < 1.00
2025.09.26 11:45:00;DECISION;setup LONG score=0.85 entry=1.17 inv=1.17 tgt=0.00 [BOS long lvl=1.17|RelVol=1.14|VPnode d=0.00|VWAPside|CycleTurn w=-0.84<--0.98]
2025.09.26 11:45:00;DECISION;TP capped 0.00304 -> 0.00228 (3.0xATR)
2025.09.26 11:45:00;ORDER;filled BUY 0.53 lots sl=1.17 tp=1.17 [WT|BOS|0.85]
2025.09.26 11:45:00;RISK;sizing: vol_ratio=0.90 scalar=1.00 gap_buf=0.00032 eff_stop=0.00184
2025.09.26 11:45:00;ORDER;entry fill deal #107 BUY 0.53 @ 1.16835
2025.09.26 13:30:00;VETO;signal rejected: volume: relVol 0.84 < 1.00
2025.09.26 13:44:20;RISK;deal closed pnl=-80.56 streak=1 lock=0
2025.09.26 16:15:00;DECISION;setup LONG score=0.65 entry=1.17 inv=1.17 tgt=0.00 AWAIT-RETEST [CHoCH long lvl=1.17|RelVol=1.08|Retest@1.17|VPnode d=0.00|VWAPside]
2025.09.26 16:30:00;VETO;authorization denied: outside session window (server hour 16, window 07-16)
2025.09.26 16:45:00;VETO;authorization denied: outside session window (server hour 16, window 07-16)
2025.09.26 17:00:00;VETO;authorization denied: outside session window (server hour 17, window 07-16)
2025.09.26 17:15:00;VETO;authorization denied: outside session window (server hour 17, window 07-16)
2025.09.26 17:45:00;VETO;signal rejected: volume: relVol 0.96 < 1.00
2025.09.26 22:00:00;VETO;signal rejected: volume: relVol 0.86 < 1.00
2025.09.29 02:30:00;DECISION;setup LONG score=0.85 entry=1.17 inv=1.17 tgt=0.00 [BOS long lvl=1.17|RelVol=1.00|VPnode d=0.00|VWAPside|CycleTurn w=-0.71<--0.96]
2025.09.29 02:30:00;VETO;authorization denied: outside session window (server hour 02, window 07-16)
2025.09.29 02:45:00;VETO;authorization denied: outside session window (server hour 02, window 07-16)
2025.09.29 03:00:00;VETO;authorization denied: outside session window (server hour 03, window 07-16)
2025.09.29 03:15:00;VETO;authorization denied: outside session window (server hour 03, window 07-16)
2025.09.29 08:15:00;DECISION;setup LONG score=0.75 entry=1.17 inv=1.17 tgt=0.00 [BOS long lvl=1.17|RelVol=1.19|VPnode d=0.00|VWAPside|ADX=40]
2025.09.29 08:15:00;DECISION;TP capped 0.00184 -> 0.00138 (3.0xATR)
2025.09.29 08:15:00;ORDER;filled BUY 0.85 lots sl=1.17 tp=1.17 [WT|BOS|0.75]
2025.09.29 08:15:00;RISK;sizing: vol_ratio=0.72 scalar=1.00 gap_buf=0.00022 eff_stop=0.00114
2025.09.29 08:15:00;ORDER;entry fill deal #109 BUY 0.85 @ 1.17316
2025.09.29 09:02:40;RISK;deal closed pnl=-78.20 streak=1 lock=0
2025.09.29 10:00:00;VETO;signal rejected: volume: relVol 0.73 < 1.00
2025.09.29 11:30:00;VETO;outlier bar masked, z=5.5
2025.09.29 14:15:00;VETO;signal rejected: volume: relVol 0.75 < 1.00
2025.09.29 15:00:00;VETO;outlier bar masked, z=4.7
2025.09.29 15:45:00;VETO;outlier bar masked, z=5.1
2025.09.29 21:00:00;VETO;signal rejected: volume: relVol 0.80 < 1.00
2025.09.30 08:00:00;DECISION;setup LONG score=0.65 entry=1.17 inv=1.17 tgt=0.00 AWAIT-RETEST [CHoCH long lvl=1.17|RelVol=1.28|Retest@1.17|VPnode d=0.00|VWAPside]
2025.09.30 08:00:00;DECISION;TP capped 0.00318 -> 0.00239 (3.0xATR)
2025.09.30 08:00:00;ORDER;limit BUY 0.52 @ 1.17 sl=1.17 tp=1.18 rc=10009 [WT|CHOCH|0.65|RL]
2025.09.30 08:00:00;RISK;sizing: vol_ratio=0.79 scalar=1.00 gap_buf=0.00024 eff_stop=0.00184
2025.09.30 09:15:00;ORDER;cancelled 1 pending: setup expired/invalidated
2025.09.30 15:45:00;VETO;signal rejected: volume: relVol 0.51 < 1.00
2025.09.30 16:15:00;VETO;outlier bar masked, z=5.8
2025.09.30 17:15:00;VETO;outlier bar masked, z=8.2
2025.09.30 17:45:00;VETO;signal rejected: volume: relVol 0.94 < 1.00
2025.09.30 18:15:00;VETO;outlier bar masked, z=4.6
2025.09.30 20:00:00;DECISION;setup LONG score=0.85 entry=1.18 inv=1.17 tgt=0.00 [BOS long lvl=1.18|RelVol=1.34|VPnode d=0.00|VWAPside|CycleTurn w=0.39<--0.65]
2025.09.30 20:00:00;VETO;authorization denied: outside session window (server hour 20, window 07-16)
2025.09.30 20:15:00;VETO;authorization denied: outside session window (server hour 20, window 07-16)
2025.09.30 20:30:00;VETO;authorization denied: outside session window (server hour 20, window 07-16)
2025.09.30 20:45:00;VETO;authorization denied: outside session window (server hour 20, window 07-16)
2025.09.30 23:15:00;VETO;signal rejected: score 0.50 < 0.55 [CHoCH short lvl=1.17|RelVol=1.33|Retest@1.17|VPnear|VWAPside]
2025.10.01 02:15:00;DECISION;setup LONG score=0.70 entry=1.17 inv=1.17 tgt=0.00 AWAIT-RETEST [CHoCH long lvl=1.17|RelVol=1.67|Retest@1.17|VPnear|VWAPside|CycleTurn w=-0.08<--0.97]
2025.10.01 02:30:00;VETO;authorization denied: outside session window (server hour 02, window 07-16)
2025.10.01 02:45:00;VETO;authorization denied: outside session window (server hour 02, window 07-16)
2025.10.01 03:00:00;VETO;authorization denied: outside session window (server hour 03, window 07-16)
2025.10.01 03:15:00;DECISION;setup SHORT score=0.85 entry=1.17 inv=1.17 tgt=0.00 AWAIT-RETEST [CHoCH short lvl=1.17|RelVol=1.07|Retest@1.17|VPnode d=0.00|VWAPside|CycleTurn w=0.93<-0.99]
2025.10.01 03:30:00;VETO;authorization denied: outside session window (server hour 03, window 07-16)
2025.10.01 03:45:00;VETO;authorization denied: outside session window (server hour 03, window 07-16)
2025.10.01 04:00:00;VETO;authorization denied: outside session window (server hour 04, window 07-16)
2025.10.01 04:15:00;VETO;authorization denied: outside session window (server hour 04, window 07-16)
2025.10.01 07:15:00;VETO;signal rejected: volume: relVol 0.93 < 1.00
2025.10.01 09:45:00;VETO;outlier bar masked, z=4.8
2025.10.01 10:30:00;VETO;outlier bar masked, z=7.1
2025.10.01 10:45:00;VETO;outlier bar masked, z=3.9
2025.10.01 13:00:00;DECISION;setup SHORT score=0.65 entry=1.17 inv=1.18 tgt=0.00 AWAIT-RETEST [BOS short lvl=1.17|RelVol=1.38|Retest@1.17|VPnode d=0.00|VWAPside]
2025.10.01 13:00:00;DECISION;TP capped 0.00526 -> 0.00394 (3.0xATR)
2025.10.01 13:00:00;ORDER;limit SELL 0.29 @ 1.17 sl=1.18 tp=1.17 rc=10009 [WT|BOS|0.65|RL]
2025.10.01 13:00:00;RISK;sizing: vol_ratio=1.64 scalar=1.00 gap_buf=0.00061 eff_stop=0.00323
2025.10.01 14:46:40;ORDER;entry fill deal #111 SELL 0.29 @ 1.17395
2025.10.01 15:18:40;RISK;deal closed pnl=-76.27 streak=1 lock=0
2025.10.01 15:30:00;VETO;outlier bar masked, z=12.0
2025.10.01 15:45:00;VETO;outlier bar masked, z=4.0
2025.10.01 17:15:00;VETO;outlier bar masked, z=4.1
2025.10.01 18:00:00;VETO;outlier bar masked, z=4.8
2025.10.01 19:15:00;VETO;signal rejected: score 0.50 < 0.55 [BOS short lvl=1.17|RelVol=1.49|VPnear|VWAPside]
2025.10.02 05:00:00;VETO;signal rejected: volume: relVol 0.70 < 1.00
2025.10.02 09:15:00;VETO;signal rejected: volume: relVol 0.83 < 1.00
2025.10.02 10:15:00;VETO;signal rejected: score 0.50 < 0.55 [BOS long lvl=1.17|RelVol=1.17|Retest@1.17|VPnear|VWAPside]
2025.10.02 15:45:00;VETO;signal rejected: volume: relVol 0.47 < 1.00
2025.10.02 16:45:00;VETO;outlier bar masked, z=4.5
2025.10.02 22:00:00;VETO;signal rejected: volume: relVol 0.62 < 1.00
2025.10.03 02:30:00;VETO;signal rejected: volume: relVol 0.91 < 1.00
2025.10.03 08:00:00;VETO;signal rejected: volume: relVol 0.94 < 1.00
2025.10.03 10:45:00;VETO;signal rejected: volume: relVol 0.77 < 1.00
2025.10.03 14:45:00;VETO;signal rejected: volume: relVol 0.97 < 1.00
2025.10.03 17:15:00;VETO;outlier bar masked, z=6.4
2025.10.03 21:00:00;DECISION;setup SHORT score=0.55 entry=1.17 inv=1.17 tgt=0.00 AWAIT-RETEST [CHoCH short lvl=1.17|RelVol=1.14|Retest@1.17|VPnode d=0.00]
2025.10.03 21:45:00;VETO;authorization denied: outside session window (server hour 21, window 07-16)
2025.10.03 22:00:00;VETO;authorization denied: outside session window (server hour 22, window 07-16)
2025.10.03 22:15:00;VETO;authorization denied: outside session window (server hour 22, window 07-16)
2025.10.03 22:30:00;VETO;authorization denied: outside session window (server hour 22, window 07-16)
2025.10.06 00:15:00;VETO;outlier bar masked, z=9.7
2025.10.06 01:15:00;VETO;outlier bar masked, z=3.8
2025.10.06 02:15:00;DECISION;setup SHORT score=0.75 entry=1.17 inv=1.17 tgt=0.00 [BOS short lvl=1.17|RelVol=3.55|VPnode d=0.00|VWAPside|ADX=37]
2025.10.06 02:15:00;VETO;authorization denied: outside session window (server hour 02, window 07-16)
2025.10.06 02:30:00;VETO;authorization denied: outside session window (server hour 02, window 07-16)
2025.10.06 02:45:00;VETO;authorization denied: outside session window (server hour 02, window 07-16)
2025.10.06 03:00:00;VETO;authorization denied: outside session window (server hour 03, window 07-16)
2025.10.06 05:00:00;DECISION;setup LONG score=0.65 entry=1.17 inv=1.17 tgt=0.00 AWAIT-RETEST [CHoCH long lvl=1.17|RelVol=1.15|Retest@1.17|VPnode d=0.00|VWAPside]
2025.10.06 09:15:00;VETO;outlier bar masked, z=3.7
2025.10.06 10:45:00;VETO;outlier bar masked, z=12.7
2025.10.06 15:45:00;VETO;signal rejected: volume: relVol 0.58 < 1.00
2025.10.06 22:45:00;VETO;signal rejected: volume: relVol 0.54 < 1.00
2025.10.07 03:15:00;VETO;signal rejected: volume: relVol 0.87 < 1.00
2025.10.07 07:45:00;VETO;signal rejected: volume: relVol 0.80 < 1.00
2025.10.07 10:15:00;DECISION;setup SHORT score=0.60 entry=1.17 inv=1.17 tgt=0.00 [BOS short lvl=1.17|RelVol=1.21|VPnear|VWAPside|ADX=37]
2025.10.07 10:15:00;DECISION;TP capped 0.00528 -> 0.00396 (3.0xATR)
2025.10.07 10:15:00;ORDER;filled SELL 0.32 lots sl=1.17 tp=1.16 [WT|BOS|0.60]
2025.10.07 10:15:00;RISK;sizing: vol_ratio=0.82 scalar=1.00 gap_buf=0.00029 eff_stop=0.00293
2025.10.07 10:15:00;ORDER;entry fill deal #113 SELL 0.32 @ 1.16810
2025.10.07 12:00:00;VETO;signal rejected: volume: relVol 0.93 < 1.00
2025.10.07 14:30:00;VETO;signal rejected: score 0.50 < 0.55 [BOS short lvl=1.17|RelVol=1.43|VWAPside|ADX=34]
2025.10.07 14:51:40;MANAGE;#120 SL 1.17 -> 1.17 breakeven
2025.10.07 14:51:40;MANAGE;#120 partial close 0.16 of 0.32 lots
2025.10.07 14:51:40;RISK;deal closed pnl=42.56 streak=0 lock=0
2025.10.07 14:51:59;MANAGE;#120 SL 1.17 -> 1.17 trail
2025.10.07 14:52:20;MANAGE;#120 SL 1.17 -> 1.17 trail
2025.10.07 15:08:40;RISK;deal closed pnl=22.88 streak=0 lock=0
2025.10.07 18:15:00;VETO;signal rejected: score 0.40 < 0.55 [CHoCH long lvl=1.17|RelVol=1.05|Retest@1.17|VPnear]
2025.10.07 21:00:00;VETO;signal rejected: volume: relVol 0.96 < 1.00
2025.10.08 03:15:00;DECISION;setup SHORT score=0.60 entry=1.16 inv=1.17 tgt=0.00 [BOS short lvl=1.16|RelVol=1.24|VWAPside|CycleTurn w=0.58<-0.93]
2025.10.08 03:15:00;VETO;authorization denied: outside session window (server hour 03, window 07-16)
2025.10.08 03:30:00;VETO;authorization denied: outside session window (server hour 03, window 07-16)
2025.10.08 03:45:00;VETO;authorization denied: outside session window (server hour 03, window 07-16)
2025.10.08 04:00:00;VETO;authorization denied: outside session window (server hour 04, window 07-16)
2025.10.08 04:30:00;VETO;outlier bar masked, z=4.8
2025.10.08 07:45:00;DECISION;setup SHORT score=0.75 entry=1.16 inv=1.16 tgt=0.00 [BOS short lvl=1.16|RelVol=1.04|VPnode d=0.00|VWAPside|ADX=47]
2025.10.08 07:45:00;DECISION;TP capped 0.00232 -> 0.00174 (3.0xATR)
2025.10.08 07:45:00;ORDER;filled SELL 0.67 lots sl=1.16 tp=1.16 [WT|BOS|0.75]
2025.10.08 07:45:00;RISK;sizing: vol_ratio=0.93 scalar=1.00 gap_buf=0.00028 eff_stop=0.00144
2025.10.08 07:45:00;ORDER;entry fill deal #116 SELL 0.67 @ 1.16157
2025.10.08 09:30:00;DECISION;setup SHORT score=0.75 entry=1.16 inv=1.16 tgt=0.00 [BOS short lvl=1.16|RelVol=1.57|VPnode d=0.00|VWAPside|ADX=46]
2025.10.08 09:30:00;DECISION;TP capped 0.00308 -> 0.00231 (3.0xATR)
2025.10.08 09:30:00;VETO;risk veto: max positions
2025.10.08 10:43:40;RISK;deal closed pnl=-77.72 streak=1 lock=0
2025.10.08 10:45:00;DECISION;setup LONG score=0.55 entry=1.16 inv=1.16 tgt=0.00 AWAIT-RETEST [CHoCH long lvl=1.16|RelVol=1.26|Retest@1.16|VPnode d=0.00]
2025.10.08 10:45:00;DECISION;TP capped 0.00306 -> 0.00229 (3.0xATR)
2025.10.08 10:45:00;ORDER;limit BUY 0.51 @ 1.16 sl=1.16 tp=1.16 rc=10009 [WT|CHOCH|0.55|RL]
2025.10.08 10:45:00;RISK;sizing: vol_ratio=1.08 scalar=1.00 gap_buf=0.00034 eff_stop=0.00187
2025.10.08 11:42:20;ORDER;entry fill deal #118 BUY 0.51 @ 1.16222
2025.10.08 12:56:20;RISK;deal closed pnl=-78.03 streak=2 lock=0
2025.10.08 16:15:00;VETO;signal rejected: volume: relVol 0.66 < 1.00
2025.10.08 18:00:00;VETO;signal rejected: volume: relVol 0.88 < 1.00
2025.10.08 21:30:00;VETO;outlier bar masked, z=3.9
2025.10.09 01:15:00;VETO;signal rejected: volume: relVol 0.83 < 1.00
2025.10.09 03:30:00;VETO;signal rejected: score 0.50 < 0.55 [BOS long lvl=1.16|RelVol=1.03|VPnear|VWAPside]
2025.10.09 05:45:00;VETO;signal rejected: volume: relVol 0.92 < 1.00
2025.10.09 09:00:00;VETO;signal rejected: volume: relVol 0.96 < 1.00
2025.10.09 15:15:00;DECISION;setup SHORT score=0.75 entry=1.16 inv=1.16 tgt=0.00 [BOS short lvl=1.16|RelVol=1.03|VPnode d=0.00|VWAPside|ADX=30]
2025.10.09 15:15:00;DECISION;TP capped 0.00372 -> 0.00279 (3.0xATR)
2025.10.09 15:15:00;ORDER;filled SELL 0.41 lots sl=1.16 tp=1.16 [WT|BOS|0.75]
2025.10.09 15:15:00;RISK;sizing: vol_ratio=1.30 scalar=1.00 gap_buf=0.00042 eff_stop=0.00228
2025.10.09 15:15:00;ORDER;entry fill deal #120 SELL 0.41 @ 1.16088
2025.10.09 16:45:00;VETO;outlier bar masked, z=5.6
2025.10.09 17:22:40;MANAGE;#127 SL 1.16 -> 1.16 breakeven
2025.10.09 17:22:40;MANAGE;#127 partial close 0.20 of 0.41 lots
2025.10.09 17:22:40;RISK;deal closed pnl=49.40 streak=0 lock=0
2025.10.09 17:23:40;MANAGE;#127 SL 1.16 -> 1.16 trail
2025.10.09 17:26:40;RISK;deal closed pnl=58.59 streak=0 lock=0
2025.10.09 17:30:00;VETO;outlier bar masked, z=5.2
2025.10.09 18:15:00;VETO;outlier bar masked, z=4.2
2025.10.09 18:30:00;VETO;outlier bar masked, z=4.2
2025.10.09 22:00:00;DECISION;setup SHORT score=0.60 entry=1.15 inv=1.16 tgt=0.00 [BOS short lvl=1.15|RelVol=1.35|VWAPside|CycleTurn w=0.99<-1.00]
2025.10.09 22:00:00;VETO;authorization denied: outside session window (server hour 22, window 07-16)
2025.10.09 22:15:00;VETO;authorization denied: outside session window (server hour 22, window 07-16)
2025.10.09 22:30:00;VETO;authorization denied: outside session window (server hour 22, window 07-16)
2025.10.09 22:45:00;VETO;authorization denied: outside session window (server hour 22, window 07-16)
2025.10.10 00:15:00;VETO;outlier bar masked, z=4.1
2025.10.10 04:00:00;VETO;signal rejected: volume: relVol 0.88 < 1.00
2025.10.10 05:30:00;VETO;signal rejected: volume: relVol 0.90 < 1.00
2025.10.10 07:00:00;VETO;signal rejected: volume: relVol 0.90 < 1.00
2025.10.10 08:30:00;VETO;signal rejected: volume: relVol 0.84 < 1.00
2025.10.10 11:15:00;DECISION;setup LONG score=0.85 entry=1.16 inv=1.16 tgt=0.00 AWAIT-RETEST [BOS long lvl=1.16|RelVol=1.03|Retest@1.16|VPnode d=0.00|VWAPside|CycleTurn w=0.59<--0.39]
2025.10.10 11:15:00;DECISION;TP capped 0.00377 -> 0.00283 (3.0xATR)
2025.10.10 11:15:00;ORDER;limit BUY 0.42 @ 1.16 sl=1.16 tp=1.16 rc=10009 [WT|BOS|0.85|RL]
2025.10.10 11:15:00;RISK;sizing: vol_ratio=1.02 scalar=1.00 gap_buf=0.00039 eff_stop=0.00227
2025.10.10 11:53:40;ORDER;entry fill deal #123 BUY 0.42 @ 1.15797
2025.10.10 14:30:00;VETO;signal rejected: volume: relVol 0.89 < 1.00
2025.10.10 14:59:40;RISK;deal closed pnl=-78.96 streak=1 lock=0
2025.10.10 18:00:00;DECISION;setup LONG score=0.85 entry=1.16 inv=1.16 tgt=0.00 AWAIT-RETEST [CHoCH long lvl=1.16|RelVol=1.08|Retest@1.16|VPnode d=0.00|VWAPside|CycleTurn w=0.38<--0.73]
2025.10.10 18:15:00;VETO;outlier bar masked, z=13.0
2025.10.10 18:30:00;VETO;outlier bar masked, z=5.3
2025.10.13 00:01:00;VETO;outlier bar masked, z=7.3
2025.10.13 01:15:00;VETO;outlier bar masked, z=4.9
2025.10.13 03:45:00;DECISION;setup LONG score=0.85 entry=1.16 inv=1.16 tgt=0.00 AWAIT-RETEST [CHoCH long lvl=1.16|RelVol=1.83|Retest@1.16|VPnode d=0.00|VWAPside|CycleTurn w=-0.96<--0.99]
2025.10.13 04:00:00;VETO;authorization denied: outside session window (server hour 04, window 07-16)
2025.10.13 04:15:00;VETO;authorization denied: outside session window (server hour 04, window 07-16)
2025.10.13 04:30:00;VETO;authorization denied: outside session window (server hour 04, window 07-16)
2025.10.13 04:45:00;VETO;authorization denied: outside session window (server hour 04, window 07-16)
2025.10.13 09:00:00;VETO;signal rejected: volume: relVol 0.95 < 1.00
2025.10.13 09:30:00;DECISION;setup LONG score=0.70 entry=1.16 inv=1.16 tgt=0.00 AWAIT-RETEST [CHoCH long lvl=1.16|RelVol=1.13|Retest@1.16|VPnear|VWAPside|CycleTurn w=-0.97<--0.99]
2025.10.13 09:30:00;DECISION;TP capped 0.00212 -> 0.00159 (3.0xATR)
2025.10.13 09:30:00;ERROR;limit BUY 0.72 @ 1.16 sl=1.16 tp=1.16 rc=10015 [WT|CHOCH|0.70|RL]
2025.10.13 09:45:00;DECISION;TP capped 0.00238 -> 0.00179 (3.0xATR)
2025.10.13 09:45:00;ORDER;filled BUY 0.65 lots sl=1.16 tp=1.16 [WT|CHOCH|0.70]
2025.10.13 09:45:00;RISK;sizing: vol_ratio=0.67 scalar=1.00 gap_buf=0.00027 eff_stop=0.00146
2025.10.13 09:45:00;ORDER;entry fill deal #125 BUY 0.65 @ 1.16278
2025.10.13 09:54:40;RISK;deal closed pnl=-77.35 streak=1 lock=0
2025.10.13 10:00:00;VETO;outlier bar masked, z=3.8
2025.10.13 10:15:00;DECISION;setup SHORT score=0.70 entry=1.16 inv=1.16 tgt=0.00 AWAIT-RETEST [CHoCH short lvl=1.16|RelVol=1.22|Retest@1.16|VPnear|VWAPside|CycleTurn w=-0.51<--0.48]
2025.10.13 10:15:00;DECISION;TP capped 0.00381 -> 0.00286 (3.0xATR)
2025.10.13 10:15:00;ORDER;limit SELL 0.41 @ 1.16 sl=1.16 tp=1.16 rc=10009 [WT|CHOCH|0.70|RL]
2025.10.13 10:15:00;RISK;sizing: vol_ratio=0.86 scalar=1.00 gap_buf=0.00036 eff_stop=0.00226
2025.10.13 10:25:40;ORDER;entry fill deal #127 SELL 0.41 @ 1.16111
2025.10.13 11:26:40;MANAGE;#134 SL 1.16 -> 1.16 breakeven
2025.10.13 11:26:40;MANAGE;#134 partial close 0.20 of 0.41 lots
2025.10.13 11:26:40;RISK;deal closed pnl=39.60 streak=0 lock=0
2025.10.13 11:26:59;MANAGE;#134 SL 1.16 -> 1.16 trail
2025.10.13 11:27:40;MANAGE;#134 SL 1.16 -> 1.16 trail
2025.10.13 11:30:20;MANAGE;#134 SL 1.16 -> 1.16 trail
2025.10.13 11:32:40;MANAGE;#134 SL 1.16 -> 1.16 trail
2025.10.13 11:35:40;MANAGE;#134 SL 1.16 -> 1.16 trail
2025.10.13 11:37:40;RISK;deal closed pnl=60.06 streak=0 lock=0
2025.10.13 14:45:00;VETO;signal rejected: score 0.50 < 0.55 [BOS short lvl=1.16|RelVol=1.51|Retest@1.16|VWAPside|ADX=31]
2025.10.13 22:00:00;VETO;signal rejected: volume: relVol 0.43 < 1.00
2025.10.14 03:15:00;DECISION;setup SHORT score=0.65 entry=1.16 inv=1.16 tgt=0.00 AWAIT-RETEST [BOS short lvl=1.16|RelVol=1.42|Retest@1.16|VPnode d=0.00|VWAPside]
2025.10.14 04:00:00;VETO;authorization denied: outside session window (server hour 04, window 07-16)
2025.10.14 04:15:00;VETO;authorization denied: outside session window (server hour 04, window 07-16)
2025.10.14 04:30:00;VETO;signal rejected: volume: relVol 0.97 < 1.00
2025.10.14 04:30:00;VETO;authorization denied: outside session window (server hour 04, window 07-16)
2025.10.14 04:45:00;VETO;authorization denied: outside session window (server hour 04, window 07-16)
2025.10.14 06:00:00;DECISION;setup LONG score=0.75 entry=1.16 inv=1.16 tgt=0.00 [BOS long lvl=1.16|RelVol=1.03|VPnode d=0.00|VWAPside|ADX=38]
2025.10.14 06:00:00;VETO;authorization denied: outside session window (server hour 06, window 07-16)
2025.10.14 06:15:00;VETO;authorization denied: outside session window (server hour 06, window 07-16)
2025.10.14 06:30:00;VETO;authorization denied: outside session window (server hour 06, window 07-16)
2025.10.14 06:45:00;VETO;authorization denied: outside session window (server hour 06, window 07-16)
2025.10.14 10:45:00;VETO;outlier bar masked, z=4.4
2025.10.14 14:15:00;DECISION;setup SHORT score=0.65 entry=1.15 inv=1.16 tgt=0.00 [BOS short lvl=1.16|RelVol=1.13|VPnode d=0.00|VWAPside]
2025.10.14 14:15:00;DECISION;TP capped 0.00288 -> 0.00219 (3.0xATR)
2025.10.14 14:15:00;ORDER;filled SELL 0.52 lots sl=1.16 tp=1.15 [WT|BOS|0.65]
2025.10.14 14:15:00;RISK;sizing: vol_ratio=1.12 scalar=1.00 gap_buf=0.00037 eff_stop=0.00181
2025.10.14 14:15:00;ORDER;entry fill deal #130 SELL 0.52 @ 1.15490
2025.10.14 15:16:40;RISK;deal closed pnl=-74.88 streak=1 lock=0
2025.10.14 16:15:00;VETO;signal rejected: volume: relVol 0.97 < 1.00
2025.10.14 16:30:00;VETO;outlier bar masked, z=4.8
2025.10.14 19:00:00;VETO;signal rejected: score 0.50 < 0.55 [BOS long lvl=1.16|RelVol=1.62|Retest@1.16|VWAPside|ADX=39]
2025.10.14 23:15:00;VETO;signal rejected: score 0.30 < 0.55 [CHoCH short lvl=1.16|RelVol=1.07|Retest@1.16]
2025.10.15 03:45:00;DECISION;setup LONG score=0.85 entry=1.16 inv=1.16 tgt=0.00 AWAIT-RETEST [CHoCH long lvl=1.16|RelVol=1.01|Retest@1.16|VPnode d=0.00|VWAPside|CycleTurn w=-0.96<--0.99]
2025.10.15 04:00:00;VETO;authorization denied: outside session window (server hour 04, window 07-16)
2025.10.15 04:15:00;VETO;authorization denied: outside session window (server hour 04, window 07-16)
2025.10.15 04:30:00;VETO;authorization denied: outside session window (server hour 04, window 07-16)
2025.10.15 04:45:00;VETO;authorization denied: outside session window (server hour 04, window 07-16)
2025.10.15 08:30:00;VETO;signal rejected: volume: relVol 0.81 < 1.00
2025.10.15 16:00:00;DECISION;setup SHORT score=0.65 entry=1.16 inv=1.16 tgt=0.00 AWAIT-RETEST [CHoCH short lvl=1.16|RelVol=1.19|Retest@1.16|VPnode d=0.00|VWAPside]
2025.10.15 16:15:00;VETO;authorization denied: outside session window (server hour 16, window 07-16)
2025.10.15 16:30:00;VETO;authorization denied: outside session window (server hour 16, window 07-16)
2025.10.15 16:45:00;VETO;authorization denied: outside session window (server hour 16, window 07-16)
2025.10.15 17:00:00;VETO;authorization denied: outside session window (server hour 17, window 07-16)
2025.10.15 18:30:00;DECISION;setup LONG score=0.65 entry=1.16 inv=1.16 tgt=0.00 AWAIT-RETEST [CHoCH long lvl=1.16|RelVol=1.10|Retest@1.16|VPnode d=0.00|VWAPside]
2025.10.15 18:45:00;VETO;authorization denied: outside session window (server hour 18, window 07-16)
2025.10.15 19:00:00;VETO;authorization denied: outside session window (server hour 19, window 07-16)
2025.10.15 19:15:00;VETO;authorization denied: outside session window (server hour 19, window 07-16)
2025.10.15 19:30:00;VETO;authorization denied: outside session window (server hour 19, window 07-16)
2025.10.15 23:00:00;VETO;signal rejected: volume: relVol 0.88 < 1.00
2025.10.16 01:45:00;DECISION;setup LONG score=0.95 entry=1.16 inv=1.16 tgt=0.00 [BOS long lvl=1.16|RelVol=1.03|VPnode d=0.00|VWAPside|CycleTurn w=0.55<-0.22|ADX=38]
2025.10.16 01:45:00;VETO;authorization denied: outside session window (server hour 01, window 07-16)
2025.10.16 02:00:00;VETO;authorization denied: outside session window (server hour 02, window 07-16)
2025.10.16 02:15:00;VETO;authorization denied: outside session window (server hour 02, window 07-16)
2025.10.16 02:30:00;VETO;authorization denied: outside session window (server hour 02, window 07-16)
2025.10.16 03:30:00;DECISION;setup LONG score=0.80 entry=1.17 inv=1.16 tgt=0.00 AWAIT-RETEST [BOS long lvl=1.17|RelVol=1.41|Retest@1.17|VPnear|VWAPside|CycleTurn w=-0.79<--0.97|ADX=50]
2025.10.16 10:15:00;DECISION;setup SHORT score=0.65 entry=1.17 inv=1.17 tgt=0.00 AWAIT-RETEST [CHoCH short lvl=1.17|RelVol=1.47|Retest@1.17|VPnode d=0.00|VWAPside]
2025.10.16 10:15:00;DECISION;TP capped 0.00315 -> 0.00236 (3.0xATR)
2025.10.16 10:15:00;ORDER;limit SELL 0.51 @ 1.17 sl=1.17 tp=1.16 rc=10009 [WT|CHOCH|0.65|RL]
2025.10.16 10:15:00;RISK;sizing: vol_ratio=0.81 scalar=1.00 gap_buf=0.00025 eff_stop=0.00183
2025.10.16 10:15:20;ORDER;entry fill deal #132 SELL 0.51 @ 1.16522
2025.10.16 14:15:00;VETO;signal rejected: volume: relVol 0.83 < 1.00
2025.10.16 17:18:40;RISK;deal closed pnl=-80.58 streak=1 lock=0
2025.10.16 17:30:00;VETO;signal rejected: volume: relVol 0.80 < 1.00
2025.10.16 20:15:00;VETO;signal rejected: score 0.50 < 0.55 [BOS long lvl=1.17|RelVol=2.09|Retest@1.17|VPnear|VWAPside]
2025.10.17 01:45:00;DECISION;setup LONG score=0.85 entry=1.17 inv=1.17 tgt=0.00 [BOS long lvl=1.17|RelVol=1.17|VPnode d=0.00|VWAPside|CycleTurn w=-0.94<--0.98]
2025.10.17 01:45:00;VETO;authorization denied: outside session window (server hour 01, window 07-16)
2025.10.17 02:00:00;VETO;authorization denied: outside session window (server hour 02, window 07-16)
2025.10.17 02:15:00;VETO;authorization denied: outside session window (server hour 02, window 07-16)
2025.10.17 02:30:00;VETO;authorization denied: outside session window (server hour 02, window 07-16)
2025.10.17 08:15:00;DECISION;setup LONG score=0.75 entry=1.17 inv=1.17 tgt=0.00 [BOS long lvl=1.17|RelVol=1.12|VPnode d=0.00|VWAPside|ADX=33]
2025.10.17 08:15:00;DECISION;TP capped 0.00166 -> 0.00152 (3.0xATR)
2025.10.17 08:15:00;ORDER;filled BUY 0.86 lots sl=1.17 tp=1.17 [WT|BOS|0.75]
2025.10.17 08:15:00;RISK;sizing: vol_ratio=0.80 scalar=1.00 gap_buf=0.00025 eff_stop=0.00108
2025.10.17 08:15:00;ORDER;entry fill deal #134 BUY 0.86 @ 1.17143
2025.10.17 08:52:40;MANAGE;#141 SL 1.17 -> 1.17 breakeven
2025.10.17 08:52:40;MANAGE;#141 partial close 0.43 of 0.86 lots
2025.10.17 08:52:40;RISK;deal closed pnl=43.86 streak=0 lock=0
2025.10.17 08:53:40;MANAGE;#141 SL 1.17 -> 1.17 trail
2025.10.17 08:56:40;MANAGE;#141 SL 1.17 -> 1.17 trail
2025.10.17 09:07:40;RISK;deal closed pnl=20.21 streak=0 lock=0
2025.10.17 10:30:00;VETO;outlier bar masked, z=5.9
2025.10.17 14:00:00;DECISION;setup SHORT score=0.65 entry=1.17 inv=1.17 tgt=0.00 [BOS short lvl=1.17|RelVol=1.75|VPnode d=0.00|VWAPside]
2025.10.17 14:00:00;DECISION;TP capped 0.00360 -> 0.00270 (3.0xATR)
2025.10.17 14:00:00;ORDER;filled SELL 0.42 lots sl=1.17 tp=1.17 [WT|BOS|0.65]
2025.10.17 14:00:00;RISK;sizing: vol_ratio=1.28 scalar=1.00 gap_buf=0.00044 eff_stop=0.00224
2025.10.17 14:00:00;ORDER;entry fill deal #137 SELL 0.42 @ 1.16900
2025.10.17 15:15:00;DECISION;setup SHORT score=0.60 entry=1.17 inv=1.17 tgt=0.00 [BOS short lvl=1.17|RelVol=1.46|VPnear|VWAPside|ADX=35]
2025.10.17 15:15:00;DECISION;TP capped 0.00464 -> 0.00348 (3.0xATR)
2025.10.17 15:15:00;VETO;risk veto: max positions
2025.10.17 15:27:40;MANAGE;#144 SL 1.17 -> 1.17 breakeven
2025.10.17 15:27:40;MANAGE;#144 partial close 0.21 of 0.42 lots
2025.10.17 15:27:40;RISK;deal closed pnl=39.48 streak=0 lock=0
2025.10.17 15:28:40;MANAGE;#144 SL 1.17 -> 1.17 trail
2025.10.17 15:31:40;MANAGE;#144 SL 1.17 -> 1.17 trail
2025.10.17 15:38:40;MANAGE;#144 SL 1.17 -> 1.17 trail
2025.10.17 17:03:40;MANAGE;#144 SL 1.17 -> 1.17 trail
2025.10.17 17:05:40;RISK;deal closed pnl=56.70 streak=0 lock=0
2025.10.17 17:15:00;VETO;signal rejected: score 0.50 < 0.55 [BOS short lvl=1.17|RelVol=1.13|Retest@1.17|VWAPside|ADX=40]
2025.10.17 23:30:00;DECISION;setup SHORT score=0.60 entry=1.17 inv=1.17 tgt=0.00 [BOS short lvl=1.17|RelVol=1.08|VWAPside|CycleTurn w=0.97<-1.00]
2025.10.17 23:30:00;VETO;authorization denied: outside session window (server hour 23, window 07-16)
2025.10.17 23:45:00;VETO;authorization denied: outside session window (server hour 23, window 07-16)
2025.10.20 00:01:00;VETO;authorization denied: outside session window (server hour 00, window 07-16)
2025.10.20 00:15:00;VETO;authorization denied: outside session window (server hour 00, window 07-16)
2025.10.20 05:15:00;VETO;signal rejected: volume: relVol 0.84 < 1.00
2025.10.20 08:00:00;VETO;signal rejected: volume: relVol 0.93 < 1.00
2025.10.20 13:15:00;VETO;signal rejected: volume: relVol 0.92 < 1.00
2025.10.20 17:45:00;VETO;signal rejected: volume: relVol 0.84 < 1.00
2025.10.20 19:30:00;VETO;signal rejected: volume: relVol 0.85 < 1.00
2025.10.21 03:15:00;VETO;signal rejected: volume: relVol 0.97 < 1.00
2025.10.21 05:45:00;DECISION;setup SHORT score=0.65 entry=1.16 inv=1.17 tgt=0.00 AWAIT-RETEST [CHoCH short lvl=1.16|RelVol=1.70|Retest@1.16|VPnode d=0.00|VWAPside]
2025.10.21 08:30:00;DECISION;setup SHORT score=0.60 entry=1.16 inv=1.17 tgt=0.00 [BOS short lvl=1.16|RelVol=1.26|VPnear|VWAPside|ADX=41]
2025.10.21 08:30:00;DECISION;TP capped 0.00508 -> 0.00381 (3.0xATR)
2025.10.21 08:30:00;ORDER;filled SELL 0.34 lots sl=1.17 tp=1.16 [WT|BOS|0.60]
2025.10.21 08:30:00;RISK;sizing: vol_ratio=0.81 scalar=1.00 gap_buf=0.00021 eff_stop=0.00275
2025.10.21 08:30:00;ORDER;entry fill deal #140 SELL 0.34 @ 1.16299
2025.10.21 13:45:00;DECISION;setup SHORT score=0.75 entry=1.16 inv=1.16 tgt=0.00 [BOS short lvl=1.16|RelVol=1.08|VPnode d=0.00|VWAPside|ADX=35]
2025.10.21 13:45:00;DECISION;TP capped 0.00370 -> 0.00277 (3.0xATR)
2025.10.21 13:45:00;VETO;risk veto: max positions
2025.10.21 15:11:40;MANAGE;#147 SL 1.17 -> 1.16 breakeven
2025.10.21 15:11:40;MANAGE;#147 partial close 0.17 of 0.34 lots
2025.10.21 15:11:40;RISK;deal closed pnl=43.35 streak=0 lock=0
2025.10.21 15:11:59;MANAGE;#147 SL 1.16 -> 1.16 trail
2025.10.21 15:12:40;MANAGE;#147 SL 1.16 -> 1.16 trail
2025.10.21 15:30:00;VETO;signal rejected: volume: relVol 0.98 < 1.00
2025.10.21 15:33:40;MANAGE;#147 SL 1.16 -> 1.16 trail
2025.10.21 17:23:40;RISK;deal closed pnl=19.55 streak=0 lock=0
2025.10.21 17:45:00;DECISION;setup SHORT score=0.65 entry=1.16 inv=1.16 tgt=0.00 [BOS short lvl=1.16|RelVol=1.16|VPnode d=0.00|VWAPside]
2025.10.21 17:45:00;VETO;authorization denied: outside session window (server hour 17, window 07-16)
2025.10.21 18:00:00;VETO;authorization denied: outside session window (server hour 18, window 07-16)
2025.10.21 18:15:00;VETO;authorization denied: outside session window (server hour 18, window 07-16)
2025.10.21 18:30:00;VETO;authorization denied: outside session window (server hour 18, window 07-16)
2025.10.21 23:00:00;DECISION;setup SHORT score=0.65 entry=1.16 inv=1.16 tgt=0.00 [BOS short lvl=1.16|RelVol=1.13|VPnode d=0.00|VWAPside]
2025.10.21 23:00:00;VETO;authorization denied: outside session window (server hour 23, window 07-16)
2025.10.21 23:15:00;VETO;authorization denied: outside session window (server hour 23, window 07-16)
2025.10.21 23:30:00;VETO;authorization denied: outside session window (server hour 23, window 07-16)
2025.10.21 23:45:00;VETO;authorization denied: outside session window (server hour 23, window 07-16)
2025.10.22 03:15:00;VETO;signal rejected: score 0.50 < 0.55 [CHoCH long lvl=1.16|RelVol=1.19|Retest@1.16|VPnear|VWAPside]
2025.10.22 05:45:00;VETO;signal rejected: volume: relVol 0.70 < 1.00
2025.10.22 08:15:00;VETO;signal rejected: volume: relVol 0.85 < 1.00
2025.10.22 10:15:00;VETO;signal rejected: volume: relVol 0.91 < 1.00
2025.10.22 13:30:00;DECISION;setup SHORT score=0.60 entry=1.16 inv=1.16 tgt=0.00 [BOS short lvl=1.16|RelVol=1.04|VPnear|VWAPside|ADX=31]
2025.10.22 13:30:00;DECISION;TP capped 0.00336 -> 0.00252 (3.0xATR)
2025.10.22 13:30:00;ORDER;filled SELL 0.47 lots sl=1.16 tp=1.16 [WT|BOS|0.60]
2025.10.22 13:30:00;RISK;sizing: vol_ratio=1.23 scalar=1.00 gap_buf=0.00035 eff_stop=0.00203
2025.10.22 13:30:00;ORDER;entry fill deal #143 SELL 0.47 @ 1.15854
2025.10.22 15:45:00;VETO;signal rejected: volume: relVol 0.69 < 1.00
2025.10.22 16:45:00;VETO;signal rejected: volume: relVol 0.93 < 1.00
2025.10.22 17:29:40;RISK;deal closed pnl=-78.96 streak=1 lock=0
2025.10.22 19:45:00;DECISION;setup LONG score=0.75 entry=1.16 inv=1.16 tgt=0.00 [BOS long lvl=1.16|RelVol=2.13|VPnode d=0.00|VWAPside|ADX=64]
2025.10.22 19:45:00;VETO;authorization denied: outside session window (server hour 19, window 07-16)
2025.10.22 20:00:00;VETO;authorization denied: outside session window (server hour 20, window 07-16)
2025.10.22 20:15:00;VETO;authorization denied: outside session window (server hour 20, window 07-16)
2025.10.22 20:30:00;VETO;authorization denied: outside session window (server hour 20, window 07-16)
2025.10.22 21:45:00;VETO;signal rejected: volume: relVol 0.91 < 1.00
2025.10.23 03:15:00;VETO;signal rejected: volume: relVol 0.85 < 1.00
2025.10.23 05:45:00;VETO;signal rejected: volume: relVol 0.77 < 1.00
2025.10.23 07:00:00;VETO;signal rejected: volume: relVol 0.94 < 1.00
2025.10.23 08:00:00;VETO;signal rejected: volume: relVol 0.80 < 1.00
2025.10.23 13:30:00;VETO;signal rejected: volume: relVol 0.67 < 1.00
2025.10.23 17:00:00;VETO;signal rejected: volume: relVol 0.76 < 1.00
2025.10.23 22:15:00;VETO;signal rejected: volume: relVol 0.31 < 1.00
2025.10.24 01:15:00;VETO;signal rejected: volume: relVol 0.61 < 1.00
2025.10.24 04:30:00;VETO;signal rejected: volume: relVol 0.74 < 1.00
2025.10.24 08:30:00;VETO;signal rejected: volume: relVol 0.66 < 1.00
2025.10.24 10:00:00;VETO;signal rejected: volume: relVol 0.52 < 1.00
2025.10.24 10:45:00;VETO;outlier bar masked, z=6.5
2025.10.24 15:45:00;VETO;outlier bar masked, z=12.8
2025.10.24 16:00:00;VETO;outlier bar masked, z=3.9
2025.10.24 23:15:00;VETO;signal rejected: volume: relVol 0.91 < 1.00
2025.10.24 23:45:00;VETO;signal rejected: score 0.30 < 0.55 [CHoCH short lvl=1.16|RelVol=1.44|Retest@1.16]
2025.10.27 03:15:00;DECISION;setup LONG score=0.65 entry=1.16 inv=1.16 tgt=0.00 AWAIT-RETEST [CHoCH long lvl=1.16|RelVol=1.09|Retest@1.16|VPnode d=0.00|VWAPside]
2025.10.27 04:15:00;VETO;authorization denied: outside session window (server hour 04, window 07-16)
2025.10.27 04:30:00;VETO;authorization denied: outside session window (server hour 04, window 07-16)
2025.10.27 04:45:00;VETO;authorization denied: outside session window (server hour 04, window 07-16)
2025.10.27 05:00:00;VETO;authorization denied: outside session window (server hour 05, window 07-16)
2025.10.27 06:15:00;DECISION;setup SHORT score=0.65 entry=1.16 inv=1.16 tgt=0.00 AWAIT-RETEST [CHoCH short lvl=1.16|RelVol=1.20|Retest@1.16|VPnode d=0.00|VWAPside]
2025.10.27 06:30:00;VETO;authorization denied: outside session window (server hour 06, window 07-16)
2025.10.27 06:45:00;VETO;authorization denied: outside session window (server hour 06, window 07-16)
2025.10.27 07:00:00;DECISION;TP capped 0.00466 -> 0.00349 (3.0xATR)
2025.10.27 07:00:00;ORDER;filled SELL 0.37 lots sl=1.16 tp=1.16 [WT|CHOCH|0.65]
2025.10.27 07:00:00;RISK;sizing: vol_ratio=0.64 scalar=1.00 gap_buf=0.00019 eff_stop=0.00252
2025.10.27 07:00:00;ORDER;entry fill deal #145 SELL 0.37 @ 1.16245
2025.10.27 10:00:00;VETO;signal rejected: volume: relVol 0.53 < 1.00
2025.10.27 11:30:00;VETO;signal rejected: volume: relVol 0.91 < 1.00
2025.10.27 14:03:40;RISK;deal closed pnl=-86.21 streak=1 lock=0
2025.10.27 15:45:00;VETO;signal rejected: volume: relVol 0.76 < 1.00
2025.10.27 20:45:00;VETO;signal rejected: volume: relVol 0.99 < 1.00
2025.10.28 01:00:00;VETO;signal rejected: volume: relVol 0.34 < 1.00
2025.10.28 06:45:00;DECISION;setup LONG score=0.95 entry=1.17 inv=1.17 tgt=0.00 [BOS long lvl=1.17|RelVol=1.13|VPnode d=0.00|VWAPside|CycleTurn w=0.37<--0.61|ADX=47]
2025.10.28 06:45:00;VETO;authorization denied: outside session window (server hour 06, window 07-16)
2025.10.28 07:00:00;DECISION;TP capped 0.00262 -> 0.00196 (3.0xATR)
2025.10.28 07:00:00;ORDER;filled BUY 0.62 lots sl=1.17 tp=1.17 [WT|BOS|0.95]
2025.10.28 07:00:00;RISK;sizing: vol_ratio=0.84 scalar=1.00 gap_buf=0.00020 eff_stop=0.00151
2025.10.28 07:00:00;ORDER;entry fill deal #147 BUY 0.62 @ 1.16666
2025.10.28 09:00:40;RISK;deal closed pnl=-81.22 streak=1 lock=0
2025.10.28 11:00:00;VETO;outlier bar masked, z=4.3
2025.10.28 13:00:00;VETO;signal rejected: volume: relVol 0.88 < 1.00
2025.10.28 14:45:00;VETO;signal rejected: score 0.50 < 0.55 [CHoCH short lvl=1.16|RelVol=1.29|Retest@1.16|VPnear|VWAPside]
2025.10.28 15:15:00;VETO;outlier bar masked, z=5.1
2025.10.28 16:15:00;VETO;outlier bar masked, z=3.7
2025.10.28 19:00:00;VETO;outlier bar masked, z=5.5
2025.10.28 22:00:00;DECISION;setup SHORT score=0.85 entry=1.17 inv=1.17 tgt=0.00 AWAIT-RETEST [CHoCH short lvl=1.17|RelVol=1.42|Retest@1.17|VPnode d=0.00|VWAPside|CycleTurn w=-0.54<--0.52]
2025.10.28 22:15:00;VETO;authorization denied: outside session window (server hour 22, window 07-16)
2025.10.28 22:30:00;VETO;authorization denied: outside session window (server hour 22, window 07-16)
2025.10.28 22:45:00;VETO;authorization denied: outside session window (server hour 22, window 07-16)
2025.10.28 23:01:00;VETO;authorization denied: outside session window (server hour 23, window 07-16)
2025.10.29 02:00:00;DECISION;setup LONG score=0.85 entry=1.17 inv=1.16 tgt=0.00 AWAIT-RETEST [CHoCH long lvl=1.17|RelVol=1.81|Retest@1.17|VPnode d=0.00|VWAPside|CycleTurn w=-0.78<--0.99]
2025.10.29 02:30:00;VETO;authorization denied: outside session window (server hour 02, window 07-16)
2025.10.29 02:45:00;VETO;authorization denied: outside session window (server hour 02, window 07-16)
2025.10.29 03:00:00;VETO;authorization denied: outside session window (server hour 03, window 07-16)
2025.10.29 03:15:00;VETO;authorization denied: outside session window (server hour 03, window 07-16)
2025.10.29 03:45:00;DECISION;setup SHORT score=0.85 entry=1.16 inv=1.17 tgt=0.00 AWAIT-RETEST [CHoCH short lvl=1.16|RelVol=1.46|Retest@1.16|VPnode d=0.00|VWAPside|CycleTurn w=0.54<-0.92]
2025.10.29 04:00:00;VETO;authorization denied: outside session window (server hour 04, window 07-16)
2025.10.29 04:15:00;VETO;authorization denied: outside session window (server hour 04, window 07-16)
2025.10.29 04:30:00;VETO;authorization denied: outside session window (server hour 04, window 07-16)
2025.10.29 04:45:00;VETO;authorization denied: outside session window (server hour 04, window 07-16)
2025.10.29 05:45:00;DECISION;setup SHORT score=0.60 entry=1.16 inv=1.17 tgt=0.00 [BOS short lvl=1.16|RelVol=1.24|VPnear|VWAPside|ADX=35]
2025.10.29 05:45:00;VETO;authorization denied: outside session window (server hour 05, window 07-16)
2025.10.29 06:00:00;VETO;authorization denied: outside session window (server hour 06, window 07-16)
2025.10.29 06:15:00;VETO;authorization denied: outside session window (server hour 06, window 07-16)
2025.10.29 06:30:00;VETO;authorization denied: outside session window (server hour 06, window 07-16)
2025.10.29 11:00:00;VETO;signal rejected: volume: relVol 0.60 < 1.00
2025.10.29 12:00:00;DECISION;setup LONG score=0.70 entry=1.16 inv=1.16 tgt=0.00 AWAIT-RETEST [CHoCH long lvl=1.16|RelVol=1.05|Retest@1.16|VPnear|VWAPside|CycleTurn w=0.35<--0.71]
2025.10.29 12:00:00;DECISION;TP capped 0.00424 -> 0.00318 (3.0xATR)
2025.10.29 12:00:00;ORDER;limit BUY 0.37 @ 1.16 sl=1.16 tp=1.17 rc=10009 [WT|CHOCH|0.70|RL]
2025.10.29 12:00:00;RISK;sizing: vol_ratio=1.28 scalar=1.00 gap_buf=0.00036 eff_stop=0.00247
2025.10.29 12:03:40;ORDER;entry fill deal #149 BUY 0.37 @ 1.16398
2025.10.29 14:45:00;DECISION;setup SHORT score=0.85 entry=1.16 inv=1.16 tgt=0.00 AWAIT-RETEST [CHoCH short lvl=1.16|RelVol=1.19|Retest@1.16|VPnode d=0.00|VWAPside|CycleTurn w=0.42<-0.89]
2025.10.29 14:45:00;VETO;retest limit risk veto: max positions
2025.10.29 15:00:00;DECISION;TP capped 0.00306 -> 0.00230 (3.0xATR)
2025.10.29 15:00:00;VETO;risk veto: max positions
2025.10.29 17:00:00;VETO;signal rejected: volume: relVol 0.66 < 1.00
2025.10.29 17:50:20;MANAGE;#156 SL 1.16 -> 1.16 breakeven
2025.10.29 17:50:20;MANAGE;#156 partial close 0.18 of 0.37 lots
2025.10.29 17:50:20;RISK;deal closed pnl=38.70 streak=0 lock=0
2025.10.29 17:50:40;MANAGE;#156 SL 1.16 -> 1.16 trail
2025.10.29 17:51:20;MANAGE;#156 SL 1.16 -> 1.16 trail
2025.10.29 17:52:40;MANAGE;#156 SL 1.16 -> 1.16 trail
2025.10.29 17:57:40;MANAGE;#156 SL 1.16 -> 1.16 trail
2025.10.29 18:02:20;MANAGE;#156 SL 1.16 -> 1.17 trail
2025.10.29 19:28:40;RISK;deal closed pnl=21.09 streak=0 lock=0
2025.10.29 20:15:00;VETO;outlier bar masked, z=4.9
2025.10.29 20:45:00;VETO;outlier bar masked, z=21.6
2025.10.29 21:00:00;VETO;outlier bar masked, z=4.6
2025.10.29 21:15:00;VETO;outlier bar masked, z=5.2
2025.10.30 02:30:00;DECISION;setup LONG score=0.65 entry=1.16 inv=1.16 tgt=0.00 AWAIT-RETEST [CHoCH long lvl=1.16|RelVol=2.10|Retest@1.16|VPnode d=0.00|VWAPside]
2025.10.30 04:15:00;VETO;signal rejected: volume: relVol 0.81 < 1.00
2025.10.30 06:30:00;VETO;outlier bar masked, z=3.7
2025.10.30 13:00:00;VETO;signal rejected: volume: relVol 0.95 < 1.00
2025.10.30 14:30:00;VETO;outlier bar masked, z=4.2
2025.10.30 15:30:00;VETO;outlier bar masked, z=3.5
2025.10.31 01:45:00;VETO;signal rejected: volume: relVol 0.93 < 1.00
2025.10.31 09:00:00;DECISION;setup SHORT score=0.65 entry=1.16 inv=1.16 tgt=0.00 AWAIT-RETEST [CHoCH short lvl=1.16|RelVol=1.78|Retest@1.16|VPnode d=0.00|VWAPside]
2025.10.31 09:00:00;DECISION;TP capped 0.00172 -> 0.00129 (3.0xATR)
2025.10.31 09:00:00;ORDER;limit SELL 0.88 @ 1.16 sl=1.16 tp=1.16 rc=10009 [WT|CHOCH|0.65|RL]
2025.10.31 09:00:00;RISK;sizing: vol_ratio=0.65 scalar=1.00 gap_buf=0.00020 eff_stop=0.00107
2025.10.31 09:57:40;ORDER;entry fill deal #152 SELL 0.88 @ 1.15649
2025.10.31 11:12:40;RISK;deal closed pnl=-75.68 streak=1 lock=0
2025.10.31 11:15:00;VETO;signal rejected: volume: relVol 0.57 < 1.00
2025.10.31 13:45:00;DECISION;setup SHORT score=0.85 entry=1.16 inv=1.16 tgt=0.00 AWAIT-RETEST [CHoCH short lvl=1.16|RelVol=1.82|Retest@1.16|VPnode d=0.00|VWAPside|CycleTurn w=0.65<-0.95]
2025.10.31 13:45:00;DECISION;TP capped 0.00277 -> 0.00208 (3.0xATR)
2025.10.31 13:45:00;ORDER;limit SELL 0.54 @ 1.16 sl=1.16 tp=1.15 rc=10009 [WT|CHOCH|0.85|RL]
2025.10.31 13:45:00;RISK;sizing: vol_ratio=1.08 scalar=1.00 gap_buf=0.00033 eff_stop=0.00171
2025.10.31 13:47:40;ORDER;entry fill deal #154 SELL 0.54 @ 1.15632
2025.10.31 15:20:20;MANAGE;#161 SL 1.16 -> 1.16 breakeven
2025.10.31 15:20:20;MANAGE;#161 partial close 0.27 of 0.54 lots
2025.10.31 15:20:20;RISK;deal closed pnl=41.04 streak=0 lock=0
2025.10.31 15:27:20;MANAGE;#161 SL 1.16 -> 1.16 trail
2025.10.31 15:30:40;MANAGE;#161 SL 1.16 -> 1.16 trail
2025.10.31 15:34:40;MANAGE;#161 SL 1.16 -> 1.16 trail
2025.10.31 15:38:40;MANAGE;#161 SL 1.16 -> 1.16 trail
2025.10.31 15:40:40;RISK;deal closed pnl=56.16 streak=0 lock=0
2025.10.31 15:45:00;VETO;outlier bar masked, z=5.4
2025.10.31 16:45:00;VETO;outlier bar masked, z=3.7
2025.10.31 18:00:00;VETO;outlier bar masked, z=5.8
2025.11.03 06:15:00;DECISION;setup LONG score=0.65 entry=1.15 inv=1.15 tgt=0.00 AWAIT-RETEST [CHoCH long lvl=1.15|RelVol=1.40|Retest@1.15|VPnode d=0.00|VWAPside]
2025.11.03 06:30:00;VETO;authorization denied: outside session window (server hour 06, window 07-16)
2025.11.03 06:45:00;VETO;authorization denied: outside session window (server hour 06, window 07-16)
2025.11.03 07:00:00;DECISION;TP capped 0.00260 -> 0.00195 (3.0xATR)
2025.11.03 07:00:00;ORDER;filled BUY 0.64 lots sl=1.15 tp=1.16 [WT|CHOCH|0.65]
2025.11.03 07:00:00;RISK;sizing: vol_ratio=0.56 scalar=1.00 gap_buf=0.00017 eff_stop=0.00147
2025.11.03 07:00:00;ORDER;entry fill deal #157 BUY 0.64 @ 1.15341
2025.11.03 08:30:00;VETO;signal rejected: volume: relVol 0.93 < 1.00
2025.11.03 10:36:40;RISK;deal closed pnl=-83.20 streak=1 lock=0
2025.11.03 10:45:00;VETO;signal rejected: volume: relVol 0.89 < 1.00
2025.11.03 14:45:00;VETO;signal rejected: volume: relVol 0.70 < 1.00
2025.11.03 15:30:00;DECISION;setup SHORT score=0.85 entry=1.15 inv=1.15 tgt=0.00 AWAIT-RETEST [CHoCH short lvl=1.15|RelVol=1.05|Retest@1.15|VPnode d=0.00|VWAPside|CycleTurn w=0.91<-0.99]
2025.11.03 15:30:00;DECISION;TP capped 0.00321 -> 0.00241 (3.0xATR)
2025.11.03 15:30:00;ERROR;limit SELL 0.49 @ 1.15 sl=1.15 tp=1.15 rc=10015 [WT|CHOCH|0.85|RL]
2025.11.03 15:45:00;DECISION;TP capped 0.00254 -> 0.00190 (3.0xATR)
2025.11.03 15:45:00;ORDER;filled SELL 0.60 lots sl=1.15 tp=1.15 [WT|CHOCH|0.85]
2025.11.03 15:45:00;RISK;sizing: vol_ratio=0.93 scalar=1.00 gap_buf=0.00028 eff_stop=0.00155
2025.11.03 15:45:00;ORDER;entry fill deal #159 SELL 0.60 @ 1.15097
2025.11.03 17:57:40;RISK;deal closed pnl=-76.20 streak=2 lock=0
2025.11.03 18:00:00;VETO;signal rejected: volume: relVol 0.95 < 1.00
2025.11.03 19:30:00;DECISION;setup LONG score=0.75 entry=1.15 inv=1.15 tgt=0.00 [BOS long lvl=1.15|RelVol=1.02|VPnode d=0.00|VWAPside|ADX=38]
2025.11.03 19:30:00;VETO;authorization denied: outside session window (server hour 19, window 07-16)
2025.11.03 19:45:00;VETO;authorization denied: outside session window (server hour 19, window 07-16)
2025.11.03 20:00:00;VETO;authorization denied: outside session window (server hour 20, window 07-16)
2025.11.03 20:15:00;VETO;authorization denied: outside session window (server hour 20, window 07-16)
2025.11.03 23:30:00;VETO;signal rejected: score 0.50 < 0.55 [CHoCH short lvl=1.15|RelVol=1.23|Retest@1.15|VPnear|VWAPside]
2025.11.04 02:15:00;DECISION;setup SHORT score=0.80 entry=1.15 inv=1.15 tgt=0.00 AWAIT-RETEST [BOS short lvl=1.15|RelVol=2.02|Retest@1.15|VPnear|VWAPside|CycleTurn w=-0.12<-0.98|ADX=32]
2025.11.04 08:30:00;DECISION;setup LONG score=0.85 entry=1.15 inv=1.15 tgt=0.00 AWAIT-RETEST [CHoCH long lvl=1.15|RelVol=2.50|Retest@1.15|VPnode d=0.00|VWAPside|CycleTurn w=0.77<-0.76]
2025.11.04 08:30:00;DECISION;TP capped 0.00237 -> 0.00178 (3.0xATR)
2025.11.04 08:30:00;ORDER;limit BUY 0.65 @ 1.15 sl=1.15 tp=1.15 rc=10009 [WT|CHOCH|0.85|RL]
2025.11.04 08:30:00;RISK;sizing: vol_ratio=0.86 scalar=1.00 gap_buf=0.00023 eff_stop=0.00142
2025.11.04 10:45:00;ORDER;cancelled 1 pending: setup expired/invalidated
2025.11.04 12:00:00;DECISION;setup SHORT score=0.65 entry=1.15 inv=1.15 tgt=0.00 AWAIT-RETEST [CHoCH short lvl=1.15|RelVol=1.26|Retest@1.15|VPnode d=0.00|VWAPside]
2025.11.04 12:00:00;DECISION;TP capped 0.00571 -> 0.00429 (3.0xATR)
2025.11.04 12:00:00;ORDER;limit SELL 0.28 @ 1.15 sl=1.15 tp=1.15 rc=10009 [WT|CHOCH|0.65|RL]
2025.11.04 12:00:00;RISK;sizing: vol_ratio=1.27 scalar=1.00 gap_buf=0.00035 eff_stop=0.00321
2025.11.04 12:03:40;ORDER;entry fill deal #161 SELL 0.28 @ 1.15053
2025.11.04 13:45:00;DECISION;setup SHORT score=0.60 entry=1.15 inv=1.15 tgt=0.00 [BOS short lvl=1.15|RelVol=1.62|VPnear|VWAPside|ADX=53]
2025.11.04 13:45:00;DECISION;TP capped 0.00756 -> 0.00567 (3.0xATR)
2025.11.04 13:45:00;VETO;risk veto: max positions
2025.11.04 16:34:40;MANAGE;#169 SL 1.15 -> 1.15 breakeven
2025.11.04 16:34:40;MANAGE;#169 partial close 0.14 of 0.28 lots
2025.11.04 16:34:40;RISK;deal closed pnl=40.18 streak=0 lock=0
2025.11.04 16:34:59;MANAGE;#169 SL 1.15 -> 1.15 trail
2025.11.04 16:35:40;MANAGE;#169 SL 1.15 -> 1.15 trail
2025.11.04 16:41:40;MANAGE;#169 SL 1.15 -> 1.15 trail
2025.11.04 17:36:40;RISK;deal closed pnl=24.22 streak=0 lock=0
2025.11.04 21:45:00;DECISION;setup SHORT score=0.65 entry=1.15 inv=1.15 tgt=0.00 [BOS short lvl=1.15|RelVol=1.26|VPnode d=0.00|VWAPside]
2025.11.04 21:45:00;VETO;authorization denied: outside session window (server hour 21, window 07-16)
2025.11.04 22:00:00;VETO;authorization denied: outside session window (server hour 22, window 07-16)
2025.11.04 22:15:00;VETO;authorization denied: outside session window (server hour 22, window 07-16)
2025.11.04 22:30:00;VETO;authorization denied: outside session window (server hour 22, window 07-16)
2025.11.05 01:30:00;DECISION;setup LONG score=0.65 entry=1.15 inv=1.15 tgt=0.00 AWAIT-RETEST [CHoCH long lvl=1.15|RelVol=1.64|Retest@1.15|VPnode d=0.00|VWAPside]
2025.11.05 01:45:00;VETO;authorization denied: outside session window (server hour 01, window 07-16)
2025.11.05 02:00:00;VETO;authorization denied: outside session window (server hour 02, window 07-16)
2025.11.05 02:15:00;VETO;authorization denied: outside session window (server hour 02, window 07-16)
2025.11.05 02:30:00;VETO;authorization denied: outside session window (server hour 02, window 07-16)
2025.11.05 03:30:00;DECISION;setup LONG score=0.65 entry=1.15 inv=1.15 tgt=0.00 [BOS long lvl=1.15|RelVol=1.90|VPnode d=0.00|VWAPside]
2025.11.05 03:30:00;VETO;authorization denied: outside session window (server hour 03, window 07-16)
2025.11.05 03:45:00;VETO;authorization denied: outside session window (server hour 03, window 07-16)
2025.11.05 04:00:00;VETO;authorization denied: outside session window (server hour 04, window 07-16)
2025.11.05 04:15:00;VETO;authorization denied: outside session window (server hour 04, window 07-16)
2025.11.05 07:45:00;VETO;signal rejected: volume: relVol 0.93 < 1.00
2025.11.05 10:15:00;DECISION;setup LONG score=0.85 entry=1.15 inv=1.15 tgt=0.00 [BOS long lvl=1.15|RelVol=1.05|VPnode d=0.00|VWAPside|CycleTurn w=-0.98<--1.00]
2025.11.05 10:15:00;DECISION;TP capped 0.00248 -> 0.00186 (3.0xATR)
2025.11.05 10:15:00;ORDER;filled BUY 0.64 lots sl=1.15 tp=1.15 [WT|BOS|0.85]
2025.11.05 10:15:00;RISK;sizing: vol_ratio=0.81 scalar=1.00 gap_buf=0.00022 eff_stop=0.00146
2025.11.05 10:15:00;ORDER;entry fill deal #164 BUY 0.64 @ 1.14954
2025.11.05 11:41:40;RISK;deal closed pnl=-79.36 streak=1 lock=0
2025.11.05 12:15:00;DECISION;setup SHORT score=0.65 entry=1.15 inv=1.15 tgt=0.00 AWAIT-RETEST [CHoCH short lvl=1.15|RelVol=1.24|Retest@1.15|VPnode d=0.00|VWAPside]
2025.11.05 12:15:00;DECISION;TP capped 0.00281 -> 0.00211 (3.0xATR)
2025.11.05 12:15:00;ORDER;limit SELL 0.54 @ 1.15 sl=1.15 tp=1.15 rc=10009 [WT|CHOCH|0.65|RL]
2025.11.05 12:15:00;RISK;sizing: vol_ratio=1.11 scalar=1.00 gap_buf=0.00029 eff_stop=0.00170
2025.11.05 12:32:40;ORDER;entry fill deal #166 SELL 0.54 @ 1.14815
2025.11.05 16:00:00;DECISION;setup SHORT score=0.70 entry=1.15 inv=1.15 tgt=0.00 [BOS short lvl=1.15|RelVol=1.23|VPnear|VWAPside|CycleTurn w=0.10<-0.88]
2025.11.05 16:00:00;VETO;authorization denied: outside session window (server hour 16, window 07-16)
2025.11.05 16:15:00;VETO;authorization denied: outside session window (server hour 16, window 07-16)
2025.11.05 16:30:00;VETO;authorization denied: outside session window (server hour 16, window 07-16)
2025.11.05 16:45:00;VETO;authorization denied: outside session window (server hour 16, window 07-16)
2025.11.05 17:15:00;VETO;outlier bar masked, z=6.5
2025.11.05 17:45:00;VETO;outlier bar masked, z=3.6
2025.11.05 21:45:00;VETO;signal rejected: volume: relVol 0.78 < 1.00
2025.11.05 23:45:00;VETO;signal rejected: volume: relVol 0.65 < 1.00
2025.11.06 01:15:00;DECISION;setup LONG score=0.75 entry=1.15 inv=1.15 tgt=0.00 [BOS long lvl=1.15|RelVol=1.58|VPnode d=0.00|VWAPside|ADX=35]
2025.11.06 01:15:00;VETO;authorization denied: outside session window (server hour 01, window 07-16)
2025.11.06 01:18:00;RISK;deal closed pnl=-77.76 streak=1 lock=0
2025.11.06 01:30:00;VETO;authorization denied: outside session window (server hour 01, window 07-16)
2025.11.06 01:45:00;VETO;authorization denied: outside session window (server hour 01, window 07-16)
2025.11.06 02:00:00;VETO;authorization denied: outside session window (server hour 02, window 07-16)
2025.11.06 08:00:00;DECISION;setup LONG score=0.95 entry=1.15 inv=1.15 tgt=0.00 [BOS long lvl=1.15|RelVol=1.25|VPnode d=0.00|VWAPside|CycleTurn w=-0.99<--1.00|ADX=34]
2025.11.06 08:00:00;DECISION;TP capped 0.00138 -> 0.00104 (3.0xATR)
2025.11.06 08:00:00;ORDER;filled BUY 1.10 lots sl=1.15 tp=1.15 [WT|BOS|0.95]
2025.11.06 08:00:00;RISK;sizing: vol_ratio=0.61 scalar=1.00 gap_buf=0.00014 eff_stop=0.00083
2025.11.06 08:00:00;ORDER;entry fill deal #168 BUY 1.10 @ 1.15103
2025.11.06 08:01:40;RISK;FLATTEN ALL: total drawdown hard stop
2025.11.06 08:01:40;RISK;TOTAL DD LOCK - manual clear of global variables required to resume
2025.11.06 08:01:40;RISK;deal closed pnl=-33.00 streak=2 lock=3
