time;tag;message
2025.07.01 00:00:00;RECOVER;init: v2.43 test_case=E9_eur_tuned lock=0 streak=0 positions=0 equity=10000.00 day_eq=10000.00 peak_eq=10000.00
2025.07.01 00:00:00;RECOVER;symbol overrides [EURUSD]: EURUSD: profile_bin 0.20 -> 0.0002 (2026-07-17 E2 retest, PF 0.85 -> 1.12)
2025.07.01 00:00:00;VETO;signal rejected: score 0.40 < 0.55 [BOS long lvl=1.18|RelVol=1.19|Retest@1.18|ADX=62]
2025.07.01 03:15:00;VETO;signal rejected: volume: relVol 0.76 < 1.00
2025.07.01 05:00:00;VETO;signal rejected: volume: relVol 0.84 < 1.00
2025.07.01 10:15:00;VETO;outlier bar masked, z=3.7
2025.07.01 11:30:00;VETO;signal rejected: regime: chop ADX 20.6 < 22.0
2025.07.01 12:00:00;VETO;outlier bar masked, z=6.7
2025.07.01 15:45:00;VETO;signal rejected: regime: chop ADX 21.6 < 22.0
2025.07.01 17:00:00;VETO;outlier bar masked, z=3.9
2025.07.01 17:15:00;VETO;outlier bar masked, z=3.7
2025.07.01 17:45:00;VETO;outlier bar masked, z=3.6
2025.07.01 22:15:00;DECISION;setup LONG score=0.55 entry=1.18 inv=1.18 tgt=0.00 AWAIT-RETEST [CHoCH long lvl=1.18|RelVol=1.17|Retest@1.18|VPnode d=0.00]
2025.07.01 22:30:00;VETO;authorization denied: outside session window (server hour 22, window 13-21)
2025.07.01 22:45:00;VETO;authorization denied: outside session window (server hour 22, window 13-21)
2025.07.01 23:00:00;VETO;authorization denied: outside session window (server hour 23, window 13-21)
2025.07.01 23:15:00;VETO;authorization denied: outside session window (server hour 23, window 13-21)
2025.07.02 04:00:00;VETO;signal rejected: regime: chop ADX 21.4 < 22.0
2025.07.02 05:00:00;VETO;outlier bar masked, z=3.7
2025.07.02 09:00:00;VETO;signal rejected: volume: relVol 0.98 < 1.00
2025.07.02 12:30:00;VETO;signal rejected: volume: relVol 0.89 < 1.00
2025.07.02 14:30:00;VETO;signal rejected: volume: relVol 0.71 < 1.00
2025.07.02 15:30:00;VETO;outlier bar masked, z=9.8
2025.07.02 15:45:00;VETO;outlier bar masked, z=5.3
2025.07.02 16:15:00;VETO;outlier bar masked, z=5.1
2025.07.02 19:00:00;DECISION;setup LONG score=0.65 entry=1.18 inv=1.18 tgt=0.00 AWAIT-RETEST [CHoCH long lvl=1.18|RelVol=1.05|Retest@1.18|VPnode d=0.00|VWAPside]
2025.07.02 19:15:00;DECISION;TP capped 0.00754 -> 0.00566 (3.0xATR)
2025.07.02 19:15:00;ORDER;filled BUY 0.11 lots sl=1.18 tp=1.18 [WT|CHOCH|0.65]
2025.07.02 19:15:00;RISK;sizing: vol_ratio=1.64 scalar=0.52 gap_buf=0.00063 eff_stop=0.00440
2025.07.02 19:15:00;ORDER;entry fill deal #2 BUY 0.11 @ 1.17880
2025.07.02 20:15:00;DECISION;setup LONG score=0.60 entry=1.18 inv=1.18 tgt=0.00 [BOS long lvl=1.18|RelVol=1.12|VPnear|VWAPside|ADX=43]
2025.07.02 20:15:00;DECISION;TP capped 0.00980 -> 0.00735 (3.0xATR)
2025.07.02 20:15:00;VETO;risk veto: max positions
2025.07.02 23:00:00;VETO;signal rejected: volume: relVol 0.60 < 1.00
2025.07.03 00:15:00;VETO;signal rejected: volume: relVol 0.67 < 1.00
2025.07.03 00:45:00;DECISION;setup SHORT score=0.65 entry=1.18 inv=1.18 tgt=0.00 [BOS short lvl=1.18|RelVol=1.26|VPnode d=0.00|VWAPside]
2025.07.03 00:45:00;VETO;authorization denied: outside session window (server hour 00, window 13-21)
2025.07.03 01:00:00;VETO;authorization denied: outside session window (server hour 01, window 13-21)
2025.07.03 01:15:00;VETO;authorization denied: outside session window (server hour 01, window 13-21)
2025.07.03 01:30:00;VETO;authorization denied: outside session window (server hour 01, window 13-21)
2025.07.03 15:00:00;VETO;signal rejected: regime: chop ADX 20.5 < 22.0
2025.07.03 15:30:40;RISK;deal closed pnl=-41.70 streak=1 lock=0
2025.07.03 15:45:00;VETO;outlier bar masked, z=18.6
2025.07.03 16:00:00;VETO;outlier bar masked, z=4.3
2025.07.03 17:15:00;VETO;outlier bar masked, z=5.2
2025.07.03 19:30:00;VETO;signal rejected: volume: relVol 0.84 < 1.00
2025.07.04 02:15:00;VETO;signal rejected: regime: chop ADX 14.7 < 22.0
2025.07.04 10:30:00;VETO;signal rejected: volume: relVol 0.10 < 1.00
2025.07.04 12:45:00;VETO;signal rejected: volume: relVol 0.76 < 1.00
2025.07.04 17:15:00;VETO;signal rejected: volume: relVol 0.46 < 1.00
2025.07.04 20:00:00;VETO;signal rejected: volume: relVol 0.33 < 1.00
2025.07.04 22:00:00;VETO;signal rejected: volume: relVol 0.57 < 1.00
2025.07.07 00:01:30;VETO;outlier bar masked, z=3.5
2025.07.07 00:15:00;VETO;outlier bar masked, z=4.4
2025.07.07 03:15:00;VETO;signal rejected: regime: chop ADX 17.2 < 22.0
2025.07.07 04:45:00;VETO;signal rejected: volume: relVol 0.66 < 1.00
2025.07.07 08:30:00;VETO;signal rejected: volume: relVol 0.96 < 1.00
2025.07.07 09:30:00;VETO;signal rejected: volume: relVol 0.76 < 1.00
2025.07.07 15:30:00;VETO;signal rejected: volume: relVol 0.76 < 1.00
2025.07.07 16:30:00;VETO;signal rejected: volume: relVol 0.89 < 1.00
2025.07.07 19:30:00;VETO;outlier bar masked, z=7.9
2025.07.07 19:45:00;VETO;outlier bar masked, z=3.7
2025.07.07 20:00:00;VETO;outlier bar masked, z=5.7
2025.07.07 20:45:00;VETO;outlier bar masked, z=4.2
2025.07.08 01:45:00;VETO;signal rejected: score 0.50 < 0.55 [CHoCH long lvl=1.17|RelVol=1.00|Retest@1.17|VPnear|VWAPside]
2025.07.08 08:45:00;VETO;signal rejected: volume: relVol 0.80 < 1.00
2025.07.08 10:15:00;VETO;signal rejected: volume: relVol 0.97 < 1.00
2025.07.08 13:30:00;VETO;signal rejected: volume: relVol 0.73 < 1.00
2025.07.08 15:00:00;DECISION;setup SHORT score=0.60 entry=1.17 inv=1.18 tgt=0.00 [BOS short lvl=1.17|RelVol=1.01|VPnear|VWAPside|ADX=42]
2025.07.08 15:00:00;DECISION;TP capped 0.00868 -> 0.00651 (3.0xATR)
2025.07.08 15:00:00;ORDER;filled SELL 0.21 lots sl=1.18 tp=1.17 [WT|BOS|0.60]
2025.07.08 15:00:00;RISK;sizing: vol_ratio=0.82 scalar=1.00 gap_buf=0.00030 eff_stop=0.00464
2025.07.08 15:00:00;ORDER;entry fill deal #4 SELL 0.21 @ 1.17212
2025.07.08 16:15:00;VETO;signal rejected: volume: relVol 0.71 < 1.00
2025.07.09 00:30:00;VETO;signal rejected: regime: chop ADX 19.9 < 22.0
2025.07.09 05:45:00;DECISION;setup SHORT score=0.65 entry=1.17 inv=1.17 tgt=0.00 AWAIT-RETEST [BOS short lvl=1.17|RelVol=1.05|Retest@1.17|VPnode d=0.00|VWAPside]
2025.07.09 10:00:00;VETO;signal rejected: volume: relVol 0.91 < 1.00
2025.07.09 10:45:00;VETO;outlier bar masked, z=4.0
2025.07.09 13:45:00;VETO;signal rejected: regime: chop ADX 16.6 < 22.0
2025.07.09 15:00:00;VETO;outlier bar masked, z=3.5
2025.07.09 19:30:00;VETO;signal rejected: volume: relVol 0.66 < 1.00
2025.07.09 21:15:00;VETO;signal rejected: volume: relVol 0.90 < 1.00
2025.07.09 22:30:00;VETO;signal rejected: regime: chop ADX 20.2 < 22.0
2025.07.10 01:30:00;VETO;signal rejected: regime: chop ADX 19.5 < 22.0
2025.07.10 02:30:00;VETO;signal rejected: volume: relVol 0.60 < 1.00
2025.07.10 06:15:00;VETO;signal rejected: volume: relVol 0.61 < 1.00
2025.07.10 10:45:00;VETO;signal rejected: regime: chop ADX 19.0 < 22.0
2025.07.10 14:15:00;VETO;signal rejected: regime: chop ADX 17.8 < 22.0
2025.07.10 17:23:40;MANAGE;#4 SL 1.18 -> 1.17 breakeven
2025.07.10 17:23:40;MANAGE;#4 partial close 0.10 of 0.21 lots
2025.07.10 17:23:40;RISK;deal closed pnl=48.60 streak=0 lock=0
2025.07.10 17:23:59;MANAGE;#4 SL 1.17 -> 1.17 trail
2025.07.10 17:26:40;MANAGE;#4 SL 1.17 -> 1.17 trail
2025.07.10 17:28:40;MANAGE;#4 SL 1.17 -> 1.17 trail
2025.07.10 17:29:20;MANAGE;#4 SL 1.17 -> 1.17 trail
2025.07.10 17:30:00;VETO;outlier bar masked, z=9.4
2025.07.10 17:48:40;RISK;deal closed pnl=45.21 streak=0 lock=0
2025.07.10 21:15:00;VETO;signal rejected: regime: chop ADX 20.3 < 22.0
2025.07.10 22:45:00;VETO;signal rejected: regime: chop ADX 17.6 < 22.0
2025.07.11 03:15:00;VETO;outlier bar masked, z=4.6
2025.07.11 03:30:00;VETO;outlier bar masked, z=7.3
2025.07.11 03:45:00;VETO;outlier bar masked, z=3.9
2025.07.11 04:00:00;VETO;outlier bar masked, z=4.6
2025.07.11 10:15:00;VETO;outlier bar masked, z=4.0
2025.07.11 16:45:00;VETO;outlier bar masked, z=5.1
2025.07.11 17:30:00;VETO;signal rejected: regime: chop ADX 17.7 < 22.0
2025.07.11 23:30:00;VETO;signal rejected: volume: relVol 0.85 < 1.00
2025.07.14 00:15:00;VETO;outlier bar masked, z=7.2
2025.07.14 01:15:00;VETO;outlier bar masked, z=4.5
2025.07.14 03:15:00;VETO;signal rejected: volume: relVol 0.93 < 1.00
2025.07.14 08:45:00;VETO;signal rejected: regime: chop ADX 17.8 < 22.0
2025.07.14 11:00:00;DECISION;setup LONG score=0.85 entry=1.17 inv=1.17 tgt=0.00 AWAIT-RETEST [CHoCH long lvl=1.17|RelVol=1.02|Retest@1.17|VPnode d=0.00|VWAPside|CycleTurn w=0.75<--0.07]
2025.07.14 11:15:00;VETO;authorization denied: outside session window (server hour 11, window 13-21)
2025.07.14 11:30:00;VETO;authorization denied: outside session window (server hour 11, window 13-21)
2025.07.14 11:45:00;VETO;authorization denied: outside session window (server hour 11, window 13-21)
2025.07.14 12:00:00;VETO;authorization denied: outside session window (server hour 12, window 13-21)
2025.07.14 13:00:00;VETO;signal rejected: volume: relVol 0.81 < 1.00
2025.07.14 14:30:00;VETO;signal rejected: volume: relVol 0.90 < 1.00
2025.07.14 15:30:00;VETO;signal rejected: volume: relVol 0.69 < 1.00
2025.07.14 19:00:00;VETO;outlier bar masked, z=7.1
2025.07.14 20:45:00;VETO;signal rejected: regime: chop ADX 20.9 < 22.0
2025.07.15 03:15:00;VETO;signal rejected: regime: chop ADX 20.2 < 22.0
2025.07.15 06:30:00;VETO;signal rejected: regime: chop ADX 19.2 < 22.0
2025.07.15 08:15:00;VETO;signal rejected: volume: relVol 0.63 < 1.00
2025.07.15 10:30:00;VETO;outlier bar masked, z=4.0
2025.07.15 10:45:00;VETO;signal rejected: volume: relVol 0.81 < 1.00
2025.07.15 13:30:00;VETO;signal rejected: regime: chop ADX 19.7 < 22.0
2025.07.15 15:45:00;VETO;outlier bar masked, z=13.0
2025.07.15 16:00:00;VETO;outlier bar masked, z=8.0
2025.07.15 16:15:00;VETO;outlier bar masked, z=5.2
2025.07.15 16:45:00;VETO;outlier bar masked, z=10.2
2025.07.15 17:15:00;VETO;outlier bar masked, z=5.3
2025.07.15 17:30:00;VETO;outlier bar masked, z=4.9
2025.07.15 19:15:00;VETO;outlier bar masked, z=4.0
2025.07.15 19:45:00;VETO;signal rejected: score 0.50 < 0.55 [BOS short lvl=1.16|RelVol=1.09|VWAPside|ADX=60]
2025.07.16 00:15:00;VETO;signal rejected: volume: relVol 0.38 < 1.00
2025.07.16 02:00:00;VETO;signal rejected: volume: relVol 0.54 < 1.00
2025.07.16 08:00:00;VETO;signal rejected: volume: relVol 0.91 < 1.00
2025.07.16 09:00:00;VETO;signal rejected: volume: relVol 0.62 < 1.00
2025.07.16 15:00:00;DECISION;setup SHORT score=0.65 entry=1.16 inv=1.16 tgt=0.00 AWAIT-RETEST [CHoCH short lvl=1.16|RelVol=1.09|Retest@1.16|VPnode d=0.00|VWAPside]
2025.07.16 15:45:00;VETO;outlier bar masked, z=6.0
2025.07.16 16:00:00;VETO;outlier bar masked, z=5.6
2025.07.16 16:30:00;VETO;outlier bar masked, z=4.4
2025.07.16 17:00:00;VETO;outlier bar masked, z=4.3
2025.07.16 18:00:00;VETO;outlier bar masked, z=14.6
2025.07.16 18:15:00;VETO;outlier bar masked, z=11.3
2025.07.16 18:30:00;VETO;outlier bar masked, z=29.3
2025.07.16 18:45:00;VETO;outlier bar masked, z=14.7
2025.07.16 19:00:00;VETO;outlier bar masked, z=31.7
2025.07.16 19:15:00;VETO;outlier bar masked, z=14.7
2025.07.16 19:30:00;VETO;outlier bar masked, z=4.3
2025.07.16 20:00:00;VETO;outlier bar masked, z=4.9
2025.07.16 20:15:00;VETO;outlier bar masked, z=5.1
2025.07.16 21:00:00;VETO;outlier bar masked, z=6.8
2025.07.17 03:30:00;VETO;signal rejected: volume: relVol 0.52 < 1.00
2025.07.17 09:15:00;DECISION;setup SHORT score=0.95 entry=1.16 inv=1.16 tgt=0.00 AWAIT-RETEST [BOS short lvl=1.16|RelVol=1.07|Retest@1.16|VPnode d=0.00|VWAPside|CycleTurn w=0.88<-0.99|ADX=31]
2025.07.17 09:30:00;VETO;outlier bar masked, z=6.4
2025.07.17 14:30:00;VETO;signal rejected: volume: relVol 0.74 < 1.00
2025.07.17 15:45:00;VETO;outlier bar masked, z=5.1
2025.07.17 19:30:00;VETO;signal rejected: volume: relVol 0.76 < 1.00
2025.07.18 01:15:00;VETO;signal rejected: volume: relVol 0.49 < 1.00
2025.07.18 01:45:00;VETO;outlier bar masked, z=3.7
2025.07.18 05:00:00;VETO;signal rejected: volume: relVol 0.89 < 1.00
2025.07.18 07:30:00;VETO;signal rejected: volume: relVol 0.79 < 1.00
2025.07.18 11:15:00;VETO;signal rejected: regime: chop ADX 21.3 < 22.0
2025.07.18 14:45:00;VETO;signal rejected: volume: relVol 0.86 < 1.00
2025.07.18 15:15:00;VETO;outlier bar masked, z=4.0
2025.07.18 16:30:00;VETO;outlier bar masked, z=4.0
2025.07.18 17:15:00;VETO;outlier bar masked, z=4.6
2025.07.18 19:15:00;VETO;signal rejected: volume: relVol 0.74 < 1.00
2025.07.18 19:30:00;VETO;outlier bar masked, z=4.0
2025.07.21 00:15:00;DECISION;setup LONG score=0.65 entry=1.16 inv=1.16 tgt=0.00 AWAIT-RETEST [CHoCH long lvl=1.16|RelVol=3.52|Retest@1.16|VPnode d=0.00|VWAPside]
2025.07.21 00:30:00;VETO;authorization denied: outside session window (server hour 00, window 13-21)
2025.07.21 00:45:00;VETO;authorization denied: outside session window (server hour 00, window 13-21)
2025.07.21 01:00:00;VETO;authorization denied: outside session window (server hour 01, window 13-21)
2025.07.21 01:15:00;VETO;authorization denied: outside session window (server hour 01, window 13-21)
2025.07.21 04:00:00;VETO;signal rejected: regime: chop ADX 20.2 < 22.0
2025.07.21 09:45:00;VETO;signal rejected: volume: relVol 0.90 < 1.00
2025.07.21 11:45:00;VETO;signal rejected: score 0.50 < 0.55 [BOS long lvl=1.16|RelVol=1.01|VWAPside|ADX=43]
2025.07.21 14:15:00;VETO;signal rejected: volume: relVol 0.93 < 1.00
2025.07.21 17:15:00;VETO;outlier bar masked, z=5.4
2025.07.22 03:15:00;VETO;signal rejected: regime: chop ADX 18.0 < 22.0
2025.07.22 11:45:00;VETO;signal rejected: regime: chop ADX 13.7 < 22.0
2025.07.22 13:00:00;VETO;signal rejected: regime: chop ADX 19.6 < 22.0
2025.07.22 15:30:00;VETO;signal rejected: regime: chop ADX 19.4 < 22.0
2025.07.22 16:15:00;VETO;outlier bar masked, z=4.7
2025.07.22 16:45:00;VETO;outlier bar masked, z=3.9
2025.07.22 17:45:00;VETO;signal rejected: regime: chop ADX 21.6 < 22.0
2025.07.22 18:00:00;VETO;outlier bar masked, z=6.0
2025.07.22 18:15:00;VETO;outlier bar masked, z=4.2
2025.07.23 00:00:00;VETO;signal rejected: score 0.30 < 0.55 [BOS long lvl=1.18|RelVol=1.13]
2025.07.23 02:15:00;VETO;signal rejected: regime: chop ADX 17.7 < 22.0
2025.07.23 02:30:00;VETO;signal rejected: regime: chop ADX 16.9 < 22.0
2025.07.23 08:45:00;DECISION;setup SHORT score=0.65 entry=1.17 inv=1.17 tgt=0.00 AWAIT-RETEST [BOS short lvl=1.17|RelVol=1.09|Retest@1.17|VPnode d=0.00|VWAPside]
2025.07.23 09:00:00;VETO;authorization denied: outside session window (server hour 09, window 13-21)
2025.07.23 09:15:00;VETO;authorization denied: outside session window (server hour 09, window 13-21)
2025.07.23 09:30:00;VETO;authorization denied: outside session window (server hour 09, window 13-21)
2025.07.23 09:45:00;VETO;authorization denied: outside session window (server hour 09, window 13-21)
2025.07.23 10:15:00;VETO;signal rejected: volume: relVol 0.86 < 1.00
2025.07.23 14:00:00;VETO;signal rejected: regime: chop ADX 14.7 < 22.0
2025.07.23 15:45:00;VETO;signal rejected: regime: chop ADX 13.8 < 22.0
2025.07.23 17:45:00;VETO;signal rejected: regime: chop ADX 14.4 < 22.0
2025.07.23 19:00:00;VETO;outlier bar masked, z=8.9
2025.07.23 19:15:00;VETO;outlier bar masked, z=3.7
2025.07.23 21:15:00;VETO;signal rejected: regime: chop ADX 16.1 < 22.0
2025.07.24 00:00:00;VETO;signal rejected: score 0.50 < 0.55 [CHoCH short lvl=1.18|RelVol=2.13|Retest@1.18|StopFloored|CycleTurn w=-0.45<-0.63]
2025.07.24 02:30:00;VETO;signal rejected: regime: chop ADX 15.3 < 22.0
2025.07.24 06:15:00;VETO;signal rejected: regime: chop ADX 14.7 < 22.0
2025.07.24 09:00:00;VETO;signal rejected: regime: chop ADX 18.3 < 22.0
2025.07.24 12:15:00;VETO;signal rejected: volume: relVol 0.98 < 1.00
2025.07.24 15:45:00;VETO;outlier bar masked, z=4.4
2025.07.24 16:15:00;VETO;outlier bar masked, z=8.7
2025.07.24 16:30:00;VETO;outlier bar masked, z=5.4
2025.07.24 17:00:00;VETO;outlier bar masked, z=4.2
2025.07.24 17:30:00;VETO;outlier bar masked, z=5.3
2025.07.24 18:00:00;VETO;outlier bar masked, z=3.9
2025.07.24 18:30:00;VETO;outlier bar masked, z=4.9
2025.07.24 23:00:00;VETO;signal rejected: regime: chop ADX 14.0 < 22.0
2025.07.25 00:15:00;VETO;outlier bar masked, z=3.6
2025.07.25 04:15:00;DECISION;setup SHORT score=0.85 entry=1.17 inv=1.18 tgt=0.00 [BOS short lvl=1.17|RelVol=1.01|VPnode d=0.00|VWAPside|CycleTurn w=0.99<-1.00]
2025.07.25 04:15:00;VETO;authorization denied: outside session window (server hour 04, window 13-21)
2025.07.25 04:30:00;VETO;authorization denied: outside session window (server hour 04, window 13-21)
2025.07.25 04:45:00;VETO;authorization denied: outside session window (server hour 04, window 13-21)
2025.07.25 05:00:00;VETO;authorization denied: outside session window (server hour 05, window 13-21)
2025.07.25 09:00:00;VETO;signal rejected: regime: chop ADX 21.9 < 22.0
2025.07.25 14:00:00;VETO;signal rejected: score 0.50 < 0.55 [CHoCH short lvl=1.17|RelVol=1.10|Retest@1.17|VPnear|VWAPside]
2025.07.25 16:15:00;VETO;outlier bar masked, z=4.4
2025.07.25 16:30:00;VETO;outlier bar masked, z=4.1
2025.07.25 16:45:00;VETO;signal rejected: score 0.50 < 0.55 [BOS short lvl=1.17|RelVol=1.16|VWAPside|ADX=41]
2025.07.25 17:30:00;VETO;signal rejected: volume: relVol 0.66 < 1.00
2025.07.25 18:30:00;VETO;signal rejected: volume: relVol 0.82 < 1.00
2025.07.25 21:15:00;VETO;signal rejected: volume: relVol 0.85 < 1.00
2025.07.28 00:15:00;VETO;outlier bar masked, z=5.1
2025.07.28 01:15:00;VETO;outlier bar masked, z=4.4
2025.07.28 05:15:00;DECISION;setup SHORT score=0.65 entry=1.17 inv=1.18 tgt=0.00 AWAIT-RETEST [CHoCH short lvl=1.18|RelVol=1.02|Retest@1.17|VPnode d=0.00|VWAPside]
2025.07.28 05:30:00;VETO;authorization denied: outside session window (server hour 05, window 13-21)
2025.07.28 05:45:00;VETO;authorization denied: outside session window (server hour 05, window 13-21)
2025.07.28 06:00:00;VETO;authorization denied: outside session window (server hour 06, window 13-21)
2025.07.28 06:15:00;VETO;authorization denied: outside session window (server hour 06, window 13-21)
2025.07.28 07:45:00;VETO;signal rejected: regime: chop ADX 17.3 < 22.0
2025.07.28 09:30:00;VETO;outlier bar masked, z=7.8
2025.07.28 10:30:00;VETO;signal rejected: score 0.50 < 0.55 [BOS short lvl=1.17|RelVol=1.21|VWAPside|ADX=40]
2025.07.28 10:45:00;VETO;outlier bar masked, z=3.8
2025.07.28 11:00:00;VETO;outlier bar masked, z=4.9
2025.07.28 12:45:00;VETO;signal rejected: score 0.50 < 0.55 [BOS short lvl=1.17|RelVol=1.50|VWAPside|ADX=43]
2025.07.28 16:30:00;VETO;signal rejected: score 0.50 < 0.55 [BOS short lvl=1.16|RelVol=1.16|VWAPside|ADX=42]
2025.07.28 18:30:00;DECISION;setup SHORT score=0.70 entry=1.16 inv=1.17 tgt=0.00 [BOS short lvl=1.16|RelVol=1.10|VWAPside|CycleTurn w=0.97<-0.97|ADX=40]
2025.07.28 18:30:00;DECISION;TP capped 0.00860 -> 0.00645 (3.0xATR)
2025.07.28 18:30:00;ORDER;filled SELL 0.14 lots sl=1.17 tp=1.16 [WT|BOS|0.70]
2025.07.28 18:30:00;RISK;sizing: vol_ratio=1.37 scalar=0.72 gap_buf=0.00056 eff_stop=0.00485
2025.07.28 18:30:00;ORDER;entry fill deal #7 SELL 0.14 @ 1.16215
2025.07.29 00:00:00;VETO;signal rejected: score 0.40 < 0.55 [BOS short lvl=1.16|RelVol=1.19|ADX=38]
2025.07.29 02:15:00;VETO;signal rejected: volume: relVol 0.48 < 1.00
2025.07.29 04:00:00;VETO;signal rejected: regime: chop ADX 19.3 < 22.0
2025.07.29 05:30:00;VETO;signal rejected: regime: chop ADX 21.5 < 22.0
2025.07.29 06:45:00;DECISION;setup SHORT score=0.70 entry=1.16 inv=1.16 tgt=0.00 AWAIT-RETEST [CHoCH short lvl=1.16|RelVol=1.25|Retest@1.16|VPnear|VWAPside|CycleTurn w=0.91<-0.98]
2025.07.29 07:00:00;VETO;authorization denied: outside session window (server hour 07, window 13-21)
2025.07.29 07:15:00;VETO;authorization denied: outside session window (server hour 07, window 13-21)
2025.07.29 07:16:40;MANAGE;#7 SL 1.17 -> 1.16 breakeven
2025.07.29 07:16:40;MANAGE;#7 partial close 0.07 of 0.14 lots
2025.07.29 07:16:40;RISK;deal closed pnl=30.10 streak=0 lock=0
2025.07.29 07:16:59;MANAGE;#7 SL 1.16 -> 1.16 trail
2025.07.29 07:17:40;MANAGE;#7 SL 1.16 -> 1.16 trail
2025.07.29 07:18:40;MANAGE;#7 SL 1.16 -> 1.16 trail
2025.07.29 07:30:00;VETO;authorization denied: outside session window (server hour 07, window 13-21)
2025.07.29 07:45:00;VETO;authorization denied: outside session window (server hour 07, window 13-21)
2025.07.29 07:56:40;RISK;deal closed pnl=24.36 streak=0 lock=0
2025.07.29 09:30:00;VETO;signal rejected: volume: relVol 0.86 < 1.00
2025.07.29 10:00:00;VETO;outlier bar masked, z=6.9
2025.07.29 14:45:00;VETO;outlier bar masked, z=4.8
2025.07.29 16:00:00;VETO;signal rejected: volume: relVol 0.91 < 1.00
2025.07.29 17:15:00;VETO;outlier bar masked, z=3.9
2025.07.29 17:30:00;VETO;outlier bar masked, z=3.6
2025.07.29 20:30:00;VETO;signal rejected: score 0.40 < 0.55 [CHoCH long lvl=1.15|RelVol=1.43|Retest@1.16|VPnear]
2025.07.30 03:30:00;VETO;signal rejected: volume: relVol 0.78 < 1.00
2025.07.30 07:15:00;VETO;signal rejected: score 0.50 < 0.55 [CHoCH short lvl=1.16|RelVol=1.11|Retest@1.16|VPnear|VWAPside]
2025.07.30 10:15:00;VETO;signal rejected: volume: relVol 0.91 < 1.00
2025.07.30 13:30:00;VETO;signal rejected: regime: chop ADX 21.5 < 22.0
2025.07.30 15:45:00;VETO;outlier bar masked, z=6.7
2025.07.30 16:00:00;VETO;outlier bar masked, z=5.0
2025.07.30 16:15:00;VETO;outlier bar masked, z=4.7
2025.07.30 21:15:00;VETO;outlier bar masked, z=5.0
2025.07.30 21:45:00;VETO;outlier bar masked, z=14.0
2025.07.30 22:00:00;VETO;outlier bar masked, z=11.1
2025.07.30 22:15:00;VETO;outlier bar masked, z=4.8
2025.07.30 22:30:00;VETO;outlier bar masked, z=4.3
2025.07.30 23:30:00;VETO;signal rejected: score 0.50 < 0.55 [BOS short lvl=1.14|RelVol=2.25|Retest@1.14|VWAPside|ADX=31]
2025.07.31 04:45:00;DECISION;setup LONG score=0.65 entry=1.14 inv=1.14 tgt=0.00 AWAIT-RETEST [CHoCH long lvl=1.14|RelVol=1.07|Retest@1.14|VPnode d=0.00|VWAPside]
2025.07.31 05:00:00;VETO;authorization denied: outside session window (server hour 05, window 13-21)
2025.07.31 05:15:00;VETO;authorization denied: outside session window (server hour 05, window 13-21)
2025.07.31 05:30:00;VETO;authorization denied: outside session window (server hour 05, window 13-21)
2025.07.31 05:45:00;VETO;authorization denied: outside session window (server hour 05, window 13-21)
2025.07.31 08:00:00;DECISION;setup LONG score=0.65 entry=1.14 inv=1.14 tgt=0.00 [BOS long lvl=1.14|RelVol=1.40|VPnode d=0.00|VWAPside]
2025.07.31 08:00:00;VETO;authorization denied: outside session window (server hour 08, window 13-21)
2025.07.31 08:15:00;VETO;authorization denied: outside session window (server hour 08, window 13-21)
2025.07.31 08:30:00;VETO;authorization denied: outside session window (server hour 08, window 13-21)
2025.07.31 08:45:00;VETO;authorization denied: outside session window (server hour 08, window 13-21)
2025.07.31 09:30:00;DECISION;setup LONG score=0.60 entry=1.14 inv=1.14 tgt=0.00 AWAIT-RETEST [BOS long lvl=1.14|RelVol=1.24|Retest@1.14|VPnear|VWAPside|ADX=34]
2025.07.31 10:30:00;VETO;authorization denied: outside session window (server hour 10, window 13-21)
2025.07.31 10:45:00;VETO;authorization denied: outside session window (server hour 10, window 13-21)
2025.07.31 11:00:00;VETO;authorization denied: outside session window (server hour 11, window 13-21)
2025.07.31 11:15:00;VETO;authorization denied: outside session window (server hour 11, window 13-21)
2025.07.31 13:00:00;DECISION;setup SHORT score=0.65 entry=1.14 inv=1.15 tgt=0.00 AWAIT-RETEST [CHoCH short lvl=1.14|RelVol=1.09|Retest@1.14|VPnode d=0.00|VWAPside]
2025.07.31 13:15:00;DECISION;TP capped 0.00482 -> 0.00362 (3.0xATR)
2025.07.31 13:15:00;ORDER;filled SELL 0.33 lots sl=1.15 tp=1.14 [WT|CHOCH|0.65]
2025.07.31 13:15:00;RISK;sizing: vol_ratio=1.05 scalar=0.96 gap_buf=0.00051 eff_stop=0.00292
2025.07.31 13:15:00;ORDER;entry fill deal #10 SELL 0.33 @ 1.14361
2025.07.31 16:09:40;MANAGE;#10 SL 1.15 -> 1.14 breakeven
2025.07.31 16:09:40;MANAGE;#10 partial close 0.16 of 0.33 lots
2025.07.31 16:09:40;RISK;deal closed pnl=40.32 streak=0 lock=0
2025.07.31 16:09:59;MANAGE;#10 SL 1.14 -> 1.14 trail
2025.07.31 16:15:00;DECISION;setup SHORT score=0.70 entry=1.14 inv=1.15 tgt=0.00 [BOS short lvl=1.14|RelVol=1.05|VPnear|VWAPside|CycleTurn w=-0.73<-0.04]
2025.07.31 16:15:00;DECISION;TP capped 0.00674 -> 0.00506 (3.0xATR)
2025.07.31 16:15:00;VETO;risk veto: max positions
2025.07.31 16:17:40;MANAGE;#10 SL 1.14 -> 1.14 trail
2025.07.31 16:29:20;MANAGE;#10 SL 1.14 -> 1.14 trail
2025.07.31 17:18:40;RISK;deal closed pnl=15.64 streak=0 lock=0
2025.07.31 23:00:00;DECISION;setup SHORT score=0.70 entry=1.14 inv=1.14 tgt=0.00 [BOS short lvl=1.14|RelVol=1.97|VPnear|VWAPside|CycleTurn w=0.97<-1.00]
2025.07.31 23:00:00;VETO;authorization denied: outside session window (server hour 23, window 13-21)
2025.07.31 23:15:00;VETO;authorization denied: outside session window (server hour 23, window 13-21)
2025.07.31 23:30:00;VETO;authorization denied: outside session window (server hour 23, window 13-21)
2025.07.31 23:45:00;VETO;authorization denied: outside session window (server hour 23, window 13-21)
2025.08.01 05:00:00;DECISION;setup SHORT score=0.70 entry=1.14 inv=1.14 tgt=0.00 [BOS short lvl=1.14|RelVol=1.74|VPnear|VWAPside|CycleTurn w=0.51<-0.95]
2025.08.01 05:00:00;VETO;authorization denied: outside session window (server hour 05, window 13-21)
2025.08.01 05:15:00;VETO;authorization denied: outside session window (server hour 05, window 13-21)
2025.08.01 05:30:00;VETO;authorization denied: outside session window (server hour 05, window 13-21)
2025.08.01 05:45:00;VETO;authorization denied: outside session window (server hour 05, window 13-21)
2025.08.01 08:45:00;DECISION;setup LONG score=0.65 entry=1.14 inv=1.14 tgt=0.00 AWAIT-RETEST [CHoCH long lvl=1.14|RelVol=1.06|Retest@1.14|StopFloored|VPnode d=0.00|VWAPside]
2025.08.01 10:30:00;VETO;authorization denied: outside session window (server hour 10, window 13-21)
2025.08.01 10:45:00;VETO;authorization denied: outside session window (server hour 10, window 13-21)
2025.08.01 11:00:00;VETO;authorization denied: outside session window (server hour 11, window 13-21)
2025.08.01 11:15:00;VETO;signal rejected: volume: relVol 0.75 < 1.00
2025.08.01 11:15:00;VETO;authorization denied: outside session window (server hour 11, window 13-21)
2025.08.01 15:45:00;VETO;outlier bar masked, z=44.4
2025.08.01 16:00:00;VETO;outlier bar masked, z=8.4
2025.08.01 16:15:00;VETO;outlier bar masked, z=7.4
2025.08.01 16:30:00;VETO;outlier bar masked, z=6.1
2025.08.01 16:45:00;VETO;outlier bar masked, z=3.6
2025.08.01 17:00:00;VETO;outlier bar masked, z=4.9
2025.08.01 17:15:00;VETO;outlier bar masked, z=8.5
2025.08.01 17:30:00;VETO;outlier bar masked, z=5.8
2025.08.01 18:00:00;VETO;outlier bar masked, z=3.6
2025.08.01 18:30:00;VETO;outlier bar masked, z=3.7
2025.08.01 19:30:00;VETO;outlier bar masked, z=4.3
2025.08.01 20:15:00;VETO;signal rejected: regime: chop ADX 18.2 < 22.0
2025.08.01 22:00:00;VETO;outlier bar masked, z=3.8
2025.08.01 22:45:00;VETO;outlier bar masked, z=7.4
2025.08.04 03:15:00;VETO;signal rejected: regime: chop ADX 20.5 < 22.0
2025.08.04 14:15:00;VETO;signal rejected: regime: chop ADX 19.8 < 22.0
2025.08.04 16:15:00;VETO;signal rejected: regime: chop ADX 11.6 < 22.0
2025.08.05 01:30:00;VETO;signal rejected: regime: chop ADX 20.5 < 22.0
2025.08.05 04:15:00;VETO;signal rejected: volume: relVol 0.82 < 1.00
2025.08.05 05:45:00;VETO;signal rejected: volume: relVol 0.76 < 1.00
2025.08.05 08:30:00;DECISION;setup SHORT score=0.65 entry=1.16 inv=1.16 tgt=0.00 [BOS short lvl=1.16|RelVol=1.02|VPnode d=0.00|VWAPside]
2025.08.05 08:30:00;VETO;authorization denied: outside session window (server hour 08, window 13-21)
2025.08.05 08:45:00;VETO;authorization denied: outside session window (server hour 08, window 13-21)
2025.08.05 09:00:00;VETO;authorization denied: outside session window (server hour 09, window 13-21)
2025.08.05 09:15:00;VETO;authorization denied: outside session window (server hour 09, window 13-21)
2025.08.05 11:00:00;VETO;outlier bar masked, z=4.6
2025.08.05 14:45:00;VETO;signal rejected: regime: chop ADX 17.5 < 22.0
2025.08.05 16:30:00;VETO;signal rejected: regime: chop ADX 15.0 < 22.0
2025.08.05 17:15:00;VETO;outlier bar masked, z=4.3
2025.08.05 17:45:00;VETO;outlier bar masked, z=3.7
2025.08.06 00:01:30;VETO;signal rejected: volume: relVol 0.36 < 1.00
2025.08.06 02:45:00;VETO;signal rejected: volume: relVol 0.64 < 1.00
2025.08.06 04:30:00;VETO;signal rejected: volume: relVol 0.66 < 1.00
2025.08.06 10:30:00;VETO;signal rejected: volume: relVol 0.77 < 1.00
2025.08.06 13:00:00;VETO;signal rejected: regime: chop ADX 19.5 < 22.0
2025.08.06 13:15:00;VETO;outlier bar masked, z=5.4
2025.08.06 14:30:00;VETO;signal rejected: volume: relVol 0.95 < 1.00
2025.08.06 16:00:00;VETO;outlier bar masked, z=4.9
2025.08.06 18:45:00;VETO;outlier bar masked, z=4.0
2025.08.06 20:45:00;DECISION;setup LONG score=0.60 entry=1.17 inv=1.16 tgt=0.00 [BOS long lvl=1.16|RelVol=1.16|VWAPside|CycleTurn w=-0.95<--0.97]
2025.08.06 20:45:00;DECISION;TP capped 0.00500 -> 0.00375 (3.0xATR)
2025.08.06 20:45:00;ORDER;filled BUY 0.20 lots sl=1.16 tp=1.17 [WT|BOS|0.60]
2025.08.06 20:45:00;RISK;sizing: vol_ratio=1.52 scalar=0.61 gap_buf=0.00051 eff_stop=0.00301
2025.08.06 20:45:00;ORDER;entry fill deal #13 BUY 0.20 @ 1.16552
2025.08.07 01:15:00;VETO;signal rejected: regime: chop ADX 21.6 < 22.0
2025.08.07 03:15:00;VETO;signal rejected: regime: chop ADX 19.7 < 22.0
2025.08.07 05:15:00;VETO;signal rejected: volume: relVol 0.94 < 1.00
2025.08.07 07:15:00;DECISION;setup LONG score=0.85 entry=1.17 inv=1.17 tgt=0.00 AWAIT-RETEST [BOS long lvl=1.17|RelVol=1.02|Retest@1.17|VPnode d=0.00|VWAPside|CycleTurn w=-0.26<--0.94]
2025.08.07 10:30:00;VETO;signal rejected: volume: relVol 0.82 < 1.00
2025.08.07 10:36:40;MANAGE;#13 SL 1.16 -> 1.17 breakeven
2025.08.07 10:36:40;MANAGE;#13 partial close 0.10 of 0.20 lots
2025.08.07 10:36:40;RISK;deal closed pnl=28.39 streak=0 lock=0
2025.08.07 10:36:59;MANAGE;#13 SL 1.17 -> 1.17 trail
2025.08.07 10:37:40;MANAGE;#13 SL 1.17 -> 1.17 trail
2025.08.07 10:38:40;MANAGE;#13 SL 1.17 -> 1.17 trail
2025.08.07 10:48:40;MANAGE;#13 SL 1.17 -> 1.17 trail
2025.08.07 10:50:40;MANAGE;#13 SL 1.17 -> 1.17 trail
2025.08.07 10:52:20;MANAGE;#13 SL 1.17 -> 1.17 trail
2025.08.07 11:04:40;RISK;deal closed pnl=37.29 streak=0 lock=0
2025.08.07 13:15:00;DECISION;setup SHORT score=0.65 entry=1.17 inv=1.17 tgt=0.00 AWAIT-RETEST [CHoCH short lvl=1.17|RelVol=1.21|Retest@1.17|VPnode d=0.00|VWAPside]
2025.08.07 13:30:00;DECISION;TP capped 0.00724 -> 0.00543 (3.0xATR)
2025.08.07 13:30:00;ORDER;filled SELL 0.24 lots sl=1.17 tp=1.16 [WT|CHOCH|0.65]
2025.08.07 13:30:00;RISK;sizing: vol_ratio=1.06 scalar=0.95 gap_buf=0.00040 eff_stop=0.00402
2025.08.07 13:30:00;ORDER;entry fill deal #16 SELL 0.24 @ 1.16620
2025.08.07 14:15:00;VETO;outlier bar masked, z=5.3
2025.08.07 14:45:00;VETO;outlier bar masked, z=4.0
2025.08.07 17:08:40;MANAGE;#16 SL 1.17 -> 1.17 breakeven
2025.08.07 17:08:40;MANAGE;#16 partial close 0.12 of 0.24 lots
2025.08.07 17:08:40;RISK;deal closed pnl=45.00 streak=0 lock=0
2025.08.07 17:08:59;MANAGE;#16 SL 1.17 -> 1.17 trail
2025.08.07 17:10:20;MANAGE;#16 SL 1.17 -> 1.16 trail
2025.08.07 17:15:00;VETO;outlier bar masked, z=5.7
2025.08.07 17:30:00;DECISION;setup SHORT score=0.80 entry=1.16 inv=1.17 tgt=0.00 AWAIT-RETEST [BOS short lvl=1.16|RelVol=1.48|Retest@1.16|VPnear|VWAPside|CycleTurn w=-0.71<--0.62|ADX=31]
2025.08.07 17:40:40;MANAGE;#16 SL 1.16 -> 1.16 trail
2025.08.07 17:46:20;MANAGE;#16 SL 1.16 -> 1.16 trail
2025.08.07 18:04:40;MANAGE;#16 SL 1.16 -> 1.16 trail
2025.08.07 18:30:00;DECISION;TP capped 0.00508 -> 0.00381 (3.0xATR)
2025.08.07 18:30:00;VETO;risk veto: max positions
2025.08.07 18:48:40;RISK;deal closed pnl=26.28 streak=0 lock=0
2025.08.07 21:30:00;VETO;signal rejected: volume: relVol 0.94 < 1.00
2025.08.07 22:45:00;VETO;outlier bar masked, z=7.7
2025.08.08 01:45:00;DECISION;setup LONG score=0.60 entry=1.17 inv=1.17 tgt=0.00 [BOS long lvl=1.17|RelVol=1.03|VPnear|VWAPside|ADX=33]
2025.08.08 01:45:00;VETO;authorization denied: outside session window (server hour 01, window 13-21)
2025.08.08 02:00:00;VETO;authorization denied: outside session window (server hour 02, window 13-21)
2025.08.08 02:15:00;VETO;authorization denied: outside session window (server hour 02, window 13-21)
2025.08.08 02:30:00;VETO;authorization denied: outside session window (server hour 02, window 13-21)
2025.08.08 04:45:00;VETO;signal rejected: score 0.50 < 0.55 [CHoCH short lvl=1.17|RelVol=1.15|Retest@1.17|VPnear|VWAPside]
2025.08.08 08:15:00;VETO;signal rejected: regime: chop ADX 18.1 < 22.0
2025.08.08 12:00:00;DECISION;setup SHORT score=0.85 entry=1.16 inv=1.17 tgt=0.00 [BOS short lvl=1.16|RelVol=1.28|VPnode d=0.00|VWAPside|CycleTurn w=0.75<-0.97]
2025.08.08 12:00:00;VETO;authorization denied: outside session window (server hour 12, window 13-21)
2025.08.08 12:15:00;VETO;authorization denied: outside session window (server hour 12, window 13-21)
2025.08.08 12:30:00;VETO;authorization denied: outside session window (server hour 12, window 13-21)
2025.08.08 12:45:00;VETO;authorization denied: outside session window (server hour 12, window 13-21)
2025.08.08 15:30:00;VETO;signal rejected: volume: relVol 0.89 < 1.00
2025.08.08 18:30:00;VETO;signal rejected: volume: relVol 0.62 < 1.00
2025.08.08 22:30:00;VETO;outlier bar masked, z=4.0
2025.08.11 04:45:00;VETO;signal rejected: regime: chop ADX 19.8 < 22.0
2025.08.11 12:30:00;DECISION;setup SHORT score=0.65 entry=1.16 inv=1.17 tgt=0.00 AWAIT-RETEST [CHoCH short lvl=1.16|RelVol=1.11|Retest@1.16|VPnode d=0.00|VWAPside]
2025.08.11 12:45:00;VETO;authorization denied: outside session window (server hour 12, window 13-21)
2025.08.11 13:00:00;DECISION;TP capped 0.00384 -> 0.00288 (3.0xATR)
2025.08.11 13:00:00;ORDER;filled SELL 0.45 lots sl=1.17 tp=1.16 [WT|CHOCH|0.65]
2025.08.11 13:00:00;RISK;sizing: vol_ratio=1.03 scalar=0.98 gap_buf=0.00031 eff_stop=0.00223
2025.08.11 13:00:00;ORDER;entry fill deal #19 SELL 0.45 @ 1.16407
2025.08.11 14:30:00;VETO;signal rejected: volume: relVol 0.97 < 1.00
2025.08.11 15:12:40;MANAGE;#19 SL 1.17 -> 1.16 breakeven
2025.08.11 15:12:40;MANAGE;#19 partial close 0.22 of 0.45 lots
2025.08.11 15:12:40;RISK;deal closed pnl=43.12 streak=0 lock=0
2025.08.11 15:12:59;MANAGE;#19 SL 1.16 -> 1.16 trail
2025.08.11 15:13:40;MANAGE;#19 SL 1.16 -> 1.16 trail
2025.08.11 15:16:40;MANAGE;#19 SL 1.16 -> 1.16 trail
2025.08.11 17:04:40;RISK;deal closed pnl=66.24 streak=0 lock=0
2025.08.11 17:15:00;VETO;outlier bar masked, z=4.0
2025.08.11 21:30:00;VETO;signal rejected: volume: relVol 0.73 < 1.00
2025.08.11 23:30:00;VETO;signal rejected: regime: chop ADX 21.8 < 22.0
2025.08.12 04:45:00;DECISION;setup LONG score=0.75 entry=1.16 inv=1.16 tgt=0.00 AWAIT-RETEST [BOS long lvl=1.16|RelVol=1.08|Retest@1.16|VPnode d=0.00|VWAPside|ADX=41]
2025.08.12 05:00:00;VETO;authorization denied: outside session window (server hour 05, window 13-21)
2025.08.12 05:15:00;VETO;authorization denied: outside session window (server hour 05, window 13-21)
2025.08.12 05:30:00;VETO;authorization denied: outside session window (server hour 05, window 13-21)
2025.08.12 05:45:00;VETO;authorization denied: outside session window (server hour 05, window 13-21)
2025.08.12 08:00:00;DECISION;setup LONG score=0.80 entry=1.16 inv=1.16 tgt=0.00 [BOS long lvl=1.16|RelVol=1.11|VPnear|VWAPside|CycleTurn w=-0.88<--0.90|ADX=35]
2025.08.12 08:00:00;VETO;authorization denied: outside session window (server hour 08, window 13-21)
2025.08.12 08:15:00;VETO;authorization denied: outside session window (server hour 08, window 13-21)
2025.08.12 08:30:00;VETO;authorization denied: outside session window (server hour 08, window 13-21)
2025.08.12 08:45:00;DECISION;setup SHORT score=0.85 entry=1.16 inv=1.16 tgt=0.00 AWAIT-RETEST [CHoCH short lvl=1.16|RelVol=1.22|Retest@1.16|VPnode d=0.00|VWAPside|CycleTurn w=0.64<-0.75]
2025.08.12 09:00:00;VETO;authorization denied: outside session window (server hour 09, window 13-21)
2025.08.12 09:15:00;VETO;authorization denied: outside session window (server hour 09, window 13-21)
2025.08.12 09:30:00;VETO;authorization denied: outside session window (server hour 09, window 13-21)
2025.08.12 09:45:00;VETO;authorization denied: outside session window (server hour 09, window 13-21)
2025.08.12 12:30:00;VETO;signal rejected: regime: chop ADX 16.9 < 22.0
2025.08.12 15:45:00;VETO;outlier bar masked, z=18.2
2025.08.12 16:00:00;VETO;outlier bar masked, z=5.3
2025.08.12 16:15:00;VETO;outlier bar masked, z=5.5
2025.08.12 16:30:00;VETO;outlier bar masked, z=5.7
2025.08.12 16:45:00;VETO;outlier bar masked, z=14.1
2025.08.12 17:00:00;VETO;outlier bar masked, z=8.4
2025.08.12 18:30:00;VETO;outlier bar masked, z=6.6
2025.08.12 18:45:00;VETO;outlier bar masked, z=5.8
2025.08.12 19:00:00;VETO;outlier bar masked, z=6.4
2025.08.13 02:15:00;VETO;signal rejected: volume: relVol 0.67 < 1.00
2025.08.13 06:45:00;VETO;signal rejected: volume: relVol 1.00 < 1.00
2025.08.13 09:45:00;VETO;signal rejected: regime: chop ADX 19.5 < 22.0
2025.08.13 10:15:00;VETO;outlier bar masked, z=4.1
2025.08.13 15:45:00;VETO;signal rejected: volume: relVol 0.66 < 1.00
2025.08.13 20:00:00;VETO;signal rejected: regime: chop ADX 20.4 < 22.0
2025.08.13 23:30:00;DECISION;setup LONG score=0.60 entry=1.17 inv=1.17 tgt=0.00 AWAIT-RETEST [CHoCH long lvl=1.17|RelVol=1.59|Retest@1.17|VWAPside|CycleTurn w=-0.89<--0.97]
2025.08.13 23:45:00;VETO;authorization denied: outside session window (server hour 23, window 13-21)
2025.08.14 00:01:30;VETO;authorization denied: outside session window (server hour 00, window 13-21)
2025.08.14 00:15:00;VETO;authorization denied: outside session window (server hour 00, window 13-21)
2025.08.14 00:30:00;VETO;authorization denied: outside session window (server hour 00, window 13-21)
2025.08.14 01:45:00;VETO;signal rejected: regime: chop ADX 19.7 < 22.0
2025.08.14 05:30:00;DECISION;setup SHORT score=0.70 entry=1.17 inv=1.17 tgt=0.00 AWAIT-RETEST [CHoCH short lvl=1.17|RelVol=1.11|Retest@1.17|VPnear|VWAPside|CycleTurn w=0.47<-0.94]
2025.08.14 09:45:00;DECISION;setup SHORT score=0.65 entry=1.17 inv=1.17 tgt=0.00 [BOS short lvl=1.17|RelVol=1.10|VPnode d=0.00|VWAPside]
2025.08.14 09:45:00;VETO;authorization denied: outside session window (server hour 09, window 13-21)
2025.08.14 10:00:00;VETO;authorization denied: outside session window (server hour 10, window 13-21)
2025.08.14 10:15:00;VETO;authorization denied: outside session window (server hour 10, window 13-21)
2025.08.14 10:30:00;VETO;authorization denied: outside session window (server hour 10, window 13-21)
2025.08.14 12:15:00;VETO;outlier bar masked, z=4.0
2025.08.14 15:30:00;VETO;signal rejected: regime: chop ADX 19.9 < 22.0
2025.08.14 15:45:00;VETO;outlier bar masked, z=9.3
2025.08.14 16:00:00;VETO;outlier bar masked, z=6.4
2025.08.14 16:30:00;VETO;outlier bar masked, z=4.2
2025.08.14 19:15:00;VETO;signal rejected: score 0.50 < 0.55 [BOS short lvl=1.16|RelVol=1.09|VWAPside|ADX=37]
2025.08.14 22:15:00;DECISION;setup LONG score=0.55 entry=1.16 inv=1.16 tgt=0.00 AWAIT-RETEST [CHoCH long lvl=1.16|RelVol=1.03|Retest@1.16|VPnode d=0.00]
2025.08.14 22:30:00;VETO;authorization denied: outside session window (server hour 22, window 13-21)
2025.08.14 22:45:00;VETO;authorization denied: outside session window (server hour 22, window 13-21)
2025.08.14 23:00:00;VETO;authorization denied: outside session window (server hour 23, window 13-21)
2025.08.14 23:15:00;VETO;authorization denied: outside session window (server hour 23, window 13-21)
2025.08.15 01:15:00;VETO;signal rejected: volume: relVol 0.80 < 1.00
2025.08.15 04:30:00;VETO;signal rejected: regime: chop ADX 16.3 < 22.0
2025.08.15 06:15:00;VETO;signal rejected: volume: relVol 1.00 < 1.00
2025.08.15 09:00:00;VETO;signal rejected: volume: relVol 0.83 < 1.00
2025.08.15 12:15:00;VETO;signal rejected: volume: relVol 0.83 < 1.00
2025.08.15 15:45:00;VETO;outlier bar masked, z=7.6
2025.08.15 19:30:00;VETO;signal rejected: regime: chop ADX 16.4 < 22.0
2025.08.15 23:15:00;VETO;signal rejected: volume: relVol 0.58 < 1.00
2025.08.18 00:15:00;VETO;signal rejected: regime: chop ADX 18.9 < 22.0
2025.08.18 04:15:00;VETO;signal rejected: volume: relVol 0.86 < 1.00
2025.08.18 07:45:00;DECISION;setup LONG score=0.65 entry=1.17 inv=1.17 tgt=0.00 AWAIT-RETEST [CHoCH long lvl=1.17|RelVol=1.08|Retest@1.17|VPnode d=0.00|VWAPside]
2025.08.18 08:15:00;VETO;authorization denied: outside session window (server hour 08, window 13-21)
2025.08.18 08:30:00;VETO;authorization denied: outside session window (server hour 08, window 13-21)
2025.08.18 08:45:00;VETO;authorization denied: outside session window (server hour 08, window 13-21)
2025.08.18 09:00:00;VETO;authorization denied: outside session window (server hour 09, window 13-21)
2025.08.18 11:00:00;VETO;outlier bar masked, z=6.9
2025.08.18 11:30:00;VETO;outlier bar masked, z=3.5
2025.08.18 15:00:00;VETO;outlier bar masked, z=3.7
2025.08.18 15:45:00;VETO;signal rejected: volume: relVol 0.66 < 1.00
2025.08.18 18:00:00;VETO;signal rejected: volume: relVol 0.86 < 1.00
2025.08.18 20:00:00;VETO;signal rejected: volume: relVol 0.78 < 1.00
2025.08.18 22:30:00;VETO;signal rejected: regime: chop ADX 19.6 < 22.0
2025.08.19 01:15:00;VETO;outlier bar masked, z=4.9
2025.08.19 03:45:00;VETO;signal rejected: regime: chop ADX 14.9 < 22.0
2025.08.19 04:30:00;VETO;outlier bar masked, z=4.4
2025.08.19 06:30:00;VETO;signal rejected: regime: chop ADX 17.5 < 22.0
2025.08.19 10:00:00;VETO;signal rejected: volume: relVol 0.86 < 1.00
2025.08.19 13:30:00;VETO;signal rejected: volume: relVol 0.87 < 1.00
2025.08.19 17:45:00;VETO;signal rejected: volume: relVol 0.59 < 1.00
2025.08.19 21:15:00;VETO;signal rejected: volume: relVol 0.69 < 1.00
2025.08.20 03:15:00;VETO;signal rejected: volume: relVol 0.96 < 1.00
2025.08.20 04:30:00;VETO;signal rejected: score 0.50 < 0.55 [BOS short lvl=1.16|RelVol=1.09|VWAPside|ADX=57]
2025.08.20 09:00:00;VETO;signal rejected: volume: relVol 0.78 < 1.00
2025.08.20 09:15:00;VETO;outlier bar masked, z=5.2
2025.08.20 10:30:00;VETO;signal rejected: volume: relVol 0.85 < 1.00
2025.08.20 13:15:00;VETO;signal rejected: volume: relVol 0.81 < 1.00
2025.08.20 15:45:00;VETO;outlier bar masked, z=4.0
2025.08.20 19:00:00;VETO;signal rejected: volume: relVol 0.98 < 1.00
2025.08.20 21:00:00;VETO;signal rejected: volume: relVol 0.97 < 1.00
2025.08.20 23:15:00;VETO;signal rejected: volume: relVol 0.85 < 1.00
2025.08.21 03:30:00;VETO;signal rejected: volume: relVol 0.80 < 1.00
2025.08.21 09:00:00;VETO;signal rejected: regime: chop ADX 16.9 < 22.0
2025.08.21 09:30:00;VETO;signal rejected: regime: chop ADX 17.2 < 22.0
2025.08.21 10:45:00;VETO;outlier bar masked, z=3.6
2025.08.21 15:45:00;VETO;outlier bar masked, z=4.3
2025.08.21 16:45:00;VETO;signal rejected: regime: chop ADX 19.2 < 22.0
2025.08.21 17:00:00;VETO;outlier bar masked, z=5.5
2025.08.21 17:45:00;VETO;outlier bar masked, z=3.6
2025.08.21 18:15:00;VETO;outlier bar masked, z=3.8
2025.08.21 18:30:00;VETO;outlier bar masked, z=7.4
2025.08.22 03:30:00;VETO;signal rejected: regime: chop ADX 15.4 < 22.0
2025.08.22 05:00:00;VETO;signal rejected: regime: chop ADX 18.0 < 22.0
2025.08.22 06:30:00;VETO;signal rejected: volume: relVol 0.77 < 1.00
2025.08.22 12:00:00;VETO;signal rejected: regime: chop ADX 21.8 < 22.0
2025.08.22 14:45:00;VETO;signal rejected: regime: chop ADX 20.7 < 22.0
2025.08.22 17:15:00;VETO;outlier bar masked, z=39.1
2025.08.22 17:30:00;VETO;outlier bar masked, z=9.5
2025.08.22 17:45:00;VETO;outlier bar masked, z=6.4
2025.08.22 18:00:00;VETO;outlier bar masked, z=7.4
2025.08.22 18:15:00;VETO;outlier bar masked, z=4.0
2025.08.22 18:30:00;VETO;outlier bar masked, z=5.3
2025.08.22 18:45:00;VETO;outlier bar masked, z=4.3
2025.08.22 20:15:00;VETO;signal rejected: score 0.50 < 0.55 [BOS long lvl=1.17|RelVol=1.23|VWAPside|ADX=44]
2025.08.25 01:45:00;DECISION;setup SHORT score=0.65 entry=1.17 inv=1.17 tgt=0.00 AWAIT-RETEST [CHoCH short lvl=1.17|RelVol=6.07|Retest@1.17|VPnode d=0.00|VWAPside]
2025.08.25 02:00:00;VETO;authorization denied: outside session window (server hour 02, window 13-21)
2025.08.25 02:15:00;VETO;authorization denied: outside session window (server hour 02, window 13-21)
2025.08.25 02:30:00;VETO;authorization denied: outside session window (server hour 02, window 13-21)
2025.08.25 02:45:00;VETO;authorization denied: outside session window (server hour 02, window 13-21)
2025.08.25 06:15:00;VETO;signal rejected: volume: relVol 0.81 < 1.00
2025.08.25 09:15:00;VETO;signal rejected: volume: relVol 0.85 < 1.00
2025.08.25 11:00:00;VETO;outlier bar masked, z=3.9
2025.08.25 13:00:00;VETO;signal rejected: volume: relVol 0.70 < 1.00
2025.08.25 16:45:00;VETO;signal rejected: volume: relVol 0.71 < 1.00
2025.08.25 18:15:00;VETO;signal rejected: volume: relVol 0.94 < 1.00
2025.08.25 22:15:00;VETO;outlier bar masked, z=4.6
2025.08.26 03:15:00;VETO;outlier bar masked, z=12.1
2025.08.26 03:45:00;VETO;outlier bar masked, z=4.0
2025.08.26 05:45:00;VETO;signal rejected: regime: chop ADX 16.0 < 22.0
2025.08.26 09:30:00;VETO;outlier bar masked, z=3.9
2025.08.26 10:00:00;DECISION;setup SHORT score=0.85 entry=1.16 inv=1.16 tgt=0.00 [BOS short lvl=1.16|RelVol=1.31|VPnode d=0.00|VWAPside|CycleTurn w=0.19<-0.83]
2025.08.26 10:00:00;VETO;authorization denied: outside session window (server hour 10, window 13-21)
2025.08.26 10:15:00;VETO;outlier bar masked, z=5.4
2025.08.26 10:30:00;VETO;outlier bar masked, z=3.6
2025.08.26 10:45:00;VETO;authorization denied: outside session window (server hour 10, window 13-21)
2025.08.26 11:00:00;VETO;authorization denied: outside session window (server hour 11, window 13-21)
2025.08.26 11:15:00;VETO;authorization denied: outside session window (server hour 11, window 13-21)
2025.08.26 11:30:00;VETO;outlier bar masked, z=3.7
2025.08.26 14:00:00;VETO;signal rejected: volume: relVol 0.91 < 1.00
2025.08.26 20:45:00;VETO;signal rejected: volume: relVol 0.81 < 1.00
2025.08.27 05:15:00;VETO;signal rejected: volume: relVol 0.82 < 1.00
2025.08.27 07:15:00;VETO;signal rejected: volume: relVol 0.80 < 1.00
2025.08.27 10:15:00;VETO;signal rejected: volume: relVol 0.74 < 1.00
2025.08.27 14:15:00;VETO;outlier bar masked, z=3.6
2025.08.27 16:15:00;VETO;signal rejected: volume: relVol 0.84 < 1.00
2025.08.27 17:00:00;VETO;outlier bar masked, z=4.8
2025.08.27 18:15:00;VETO;outlier bar masked, z=4.0
2025.08.27 20:00:00;VETO;outlier bar masked, z=3.6
2025.08.28 01:15:00;DECISION;setup LONG score=0.95 entry=1.16 inv=1.16 tgt=0.00 [BOS long lvl=1.16|RelVol=1.16|VPnode d=0.00|VWAPside|CycleTurn w=-1.00<--1.00|ADX=31]
2025.08.28 01:15:00;VETO;authorization denied: outside session window (server hour 01, window 13-21)
2025.08.28 01:30:00;VETO;authorization denied: outside session window (server hour 01, window 13-21)
2025.08.28 01:45:00;VETO;authorization denied: outside session window (server hour 01, window 13-21)
2025.08.28 02:00:00;VETO;authorization denied: outside session window (server hour 02, window 13-21)
2025.08.28 04:15:00;VETO;signal rejected: volume: relVol 0.81 < 1.00
2025.08.28 07:15:00;DECISION;setup SHORT score=0.65 entry=1.16 inv=1.17 tgt=0.00 AWAIT-RETEST [CHoCH short lvl=1.16|RelVol=1.04|Retest@1.16|VPnode d=0.00|VWAPside]
2025.08.28 07:30:00;VETO;authorization denied: outside session window (server hour 07, window 13-21)
2025.08.28 07:45:00;VETO;authorization denied: outside session window (server hour 07, window 13-21)
2025.08.28 08:00:00;VETO;authorization denied: outside session window (server hour 08, window 13-21)
2025.08.28 08:15:00;VETO;authorization denied: outside session window (server hour 08, window 13-21)
2025.08.28 11:30:00;VETO;signal rejected: regime: chop ADX 18.0 < 22.0
2025.08.28 12:15:00;VETO;signal rejected: regime: chop ADX 18.4 < 22.0
2025.08.28 15:45:00;VETO;outlier bar masked, z=5.4
2025.08.28 16:00:00;VETO;outlier bar masked, z=4.2
2025.08.28 17:15:00;VETO;outlier bar masked, z=4.0
2025.08.28 20:00:00;VETO;signal rejected: volume: relVol 0.76 < 1.00
2025.08.28 22:45:00;VETO;signal rejected: volume: relVol 0.62 < 1.00
2025.08.29 01:45:00;VETO;signal rejected: volume: relVol 0.65 < 1.00
2025.08.29 02:45:00;VETO;signal rejected: volume: relVol 0.88 < 1.00
2025.08.29 04:30:00;DECISION;setup SHORT score=0.65 entry=1.17 inv=1.17 tgt=0.00 AWAIT-RETEST [CHoCH short lvl=1.17|RelVol=1.33|Retest@1.17|VPnode d=0.00|VWAPside]
2025.08.29 09:00:00;VETO;signal rejected: volume: relVol 0.90 < 1.00
2025.08.29 11:00:00;VETO;signal rejected: volume: relVol 0.89 < 1.00
2025.08.29 15:15:00;VETO;signal rejected: volume: relVol 0.91 < 1.00
2025.08.29 17:45:00;VETO;signal rejected: score 0.40 < 0.55 [CHoCH long lvl=1.17|RelVol=1.24|Retest@1.17|VWAPside]
2025.08.29 18:00:00;VETO;outlier bar masked, z=4.7
2025.08.29 21:30:00;VETO;signal rejected: volume: relVol 0.59 < 1.00
2025.08.29 23:45:00;VETO;signal rejected: regime: chop ADX 20.0 < 22.0
2025.09.01 03:15:00;VETO;signal rejected: volume: relVol 0.65 < 1.00
2025.09.01 05:15:00;VETO;signal rejected: score 0.40 < 0.55 [BOS long lvl=1.17|RelVol=1.29|VWAPside]
2025.09.01 09:00:00;VETO;signal rejected: volume: relVol 0.89 < 1.00
2025.09.01 12:00:00;VETO;signal rejected: volume: relVol 0.97 < 1.00
2025.09.01 15:00:00;VETO;signal rejected: regime: chop ADX 17.6 < 22.0
2025.09.01 18:30:00;VETO;signal rejected: volume: relVol 0.42 < 1.00
2025.09.01 21:30:00;VETO;signal rejected: volume: relVol 0.28 < 1.00
2025.09.02 02:45:00;VETO;signal rejected: volume: relVol 0.73 < 1.00
2025.09.02 04:00:00;VETO;signal rejected: regime: chop ADX 19.3 < 22.0
2025.09.02 07:15:00;DECISION;setup SHORT score=0.60 entry=1.17 inv=1.17 tgt=0.00 [BOS short lvl=1.17|RelVol=1.06|VPnear|VWAPside|ADX=37]
2025.09.02 07:15:00;VETO;authorization denied: outside session window (server hour 07, window 13-21)
2025.09.02 07:30:00;VETO;authorization denied: outside session window (server hour 07, window 13-21)
2025.09.02 07:45:00;VETO;authorization denied: outside session window (server hour 07, window 13-21)
2025.09.02 08:00:00;VETO;authorization denied: outside session window (server hour 08, window 13-21)
2025.09.02 08:30:00;VETO;signal rejected: volume: relVol 0.84 < 1.00
2025.09.02 09:15:00;DECISION;setup LONG score=0.60 entry=1.17 inv=1.17 tgt=0.00 AWAIT-RETEST [CHoCH long lvl=1.17|RelVol=1.02|Retest@1.17|VPnear|CycleTurn w=0.44<--0.62]
2025.09.02 09:30:00;VETO;authorization denied: outside session window (server hour 09, window 13-21)
2025.09.02 09:45:00;VETO;authorization denied: outside session window (server hour 09, window 13-21)
2025.09.02 10:00:00;VETO;authorization denied: outside session window (server hour 10, window 13-21)
2025.09.02 10:15:00;VETO;outlier bar masked, z=7.0
2025.09.02 10:30:00;VETO;outlier bar masked, z=4.6
2025.09.02 11:00:00;VETO;outlier bar masked, z=11.3
2025.09.02 11:15:00;VETO;outlier bar masked, z=4.0
2025.09.02 11:30:00;VETO;outlier bar masked, z=4.9
2025.09.02 11:45:00;VETO;outlier bar masked, z=5.6
2025.09.02 12:15:00;VETO;outlier bar masked, z=3.6
2025.09.02 12:30:00;VETO;outlier bar masked, z=3.8
2025.09.02 13:30:00;VETO;outlier bar masked, z=3.8
2025.09.02 15:00:00;DECISION;setup LONG score=0.55 entry=1.16 inv=1.16 tgt=0.00 AWAIT-RETEST [CHoCH long lvl=1.16|RelVol=1.40|Retest@1.16|VPnode d=0.00]
2025.09.02 15:15:00;DECISION;TP capped 0.00364 -> 0.00323 (3.0xATR)
2025.09.02 15:15:00;ORDER;filled BUY 0.18 lots sl=1.16 tp=1.17 [WT|CHOCH|0.55]
2025.09.02 15:15:00;RISK;sizing: vol_ratio=1.77 scalar=0.42 gap_buf=0.00054 eff_stop=0.00236
2025.09.02 15:15:00;ORDER;entry fill deal #22 BUY 0.18 @ 1.16416
2025.09.02 15:34:40;RISK;deal closed pnl=-32.76 streak=1 lock=0
2025.09.02 15:45:00;DECISION;setup SHORT score=0.60 entry=1.16 inv=1.16 tgt=0.00 AWAIT-RETEST [CHoCH short lvl=1.16|RelVol=1.07|Retest@1.16|VWAPside|CycleTurn w=0.98<-0.99]
2025.09.02 16:15:00;VETO;outlier bar masked, z=5.6
2025.09.02 16:30:00;ORDER;filled SELL 0.47 lots sl=1.16 tp=1.16 [WT|CHOCH|0.60]
2025.09.02 16:30:00;RISK;sizing: vol_ratio=1.77 scalar=0.43 gap_buf=0.00057 eff_stop=0.00093
2025.09.02 16:30:00;ORDER;entry fill deal #24 SELL 0.47 @ 1.16377
2025.09.02 16:33:40;RISK;deal closed pnl=-16.92 streak=2 lock=0
2025.09.02 17:15:00;VETO;outlier bar masked, z=6.4
2025.09.03 03:00:00;VETO;signal rejected: volume: relVol 1.00 < 1.00
2025.09.03 07:00:00;VETO;signal rejected: volume: relVol 0.69 < 1.00
2025.09.03 09:30:00;VETO;signal rejected: volume: relVol 0.73 < 1.00
2025.09.03 10:30:00;VETO;outlier bar masked, z=4.6
2025.09.03 11:15:00;VETO;signal rejected: regime: chop ADX 20.6 < 22.0
2025.09.03 17:15:00;VETO;outlier bar masked, z=7.6
2025.09.03 18:15:00;VETO;outlier bar masked, z=4.1
2025.09.03 21:00:00;VETO;signal rejected: regime: chop ADX 19.8 < 22.0
2025.09.03 23:00:00;VETO;signal rejected: volume: relVol 0.79 < 1.00
2025.09.04 04:15:00;DECISION;setup SHORT score=0.65 entry=1.17 inv=1.17 tgt=0.00 [BOS short lvl=1.17|RelVol=1.19|VPnode d=0.00|VWAPside]
2025.09.04 04:15:00;VETO;authorization denied: outside session window (server hour 04, window 13-21)
2025.09.04 04:30:00;VETO;authorization denied: outside session window (server hour 04, window 13-21)
2025.09.04 04:45:00;VETO;authorization denied: outside session window (server hour 04, window 13-21)
2025.09.04 05:00:00;VETO;authorization denied: outside session window (server hour 05, window 13-21)
2025.09.04 06:15:00;DECISION;setup SHORT score=0.60 entry=1.17 inv=1.17 tgt=0.00 [BOS short lvl=1.17|RelVol=1.07|VPnear|VWAPside|ADX=30]
2025.09.04 06:15:00;VETO;authorization denied: outside session window (server hour 06, window 13-21)
2025.09.04 06:30:00;VETO;authorization denied: outside session window (server hour 06, window 13-21)
2025.09.04 06:45:00;VETO;authorization denied: outside session window (server hour 06, window 13-21)
2025.09.04 07:00:00;VETO;authorization denied: outside session window (server hour 07, window 13-21)
2025.09.04 12:30:00;VETO;signal rejected: regime: chop ADX 11.9 < 22.0
2025.09.04 13:15:00;VETO;outlier bar masked, z=3.5
2025.09.04 15:30:00;VETO;outlier bar masked, z=3.8
2025.09.04 15:45:00;VETO;outlier bar masked, z=7.0
2025.09.04 16:00:00;VETO;outlier bar masked, z=4.5
2025.09.04 16:30:00;VETO;outlier bar masked, z=3.8
2025.09.04 22:15:00;VETO;signal rejected: volume: relVol 0.71 < 1.00
2025.09.05 02:45:00;DECISION;setup LONG score=0.85 entry=1.17 inv=1.16 tgt=0.00 AWAIT-RETEST [BOS long lvl=1.17|RelVol=1.32|Retest@1.17|VPnode d=0.00|VWAPside|CycleTurn w=0.60<-0.44]
2025.09.05 03:30:00;VETO;authorization denied: outside session window (server hour 03, window 13-21)
2025.09.05 03:45:00;VETO;authorization denied: outside session window (server hour 03, window 13-21)
2025.09.05 04:00:00;VETO;authorization denied: outside session window (server hour 04, window 13-21)
2025.09.05 04:15:00;VETO;authorization denied: outside session window (server hour 04, window 13-21)
2025.09.05 09:00:00;VETO;signal rejected: volume: relVol 0.99 < 1.00
2025.09.05 11:00:00;VETO;signal rejected: regime: chop ADX 20.5 < 22.0
2025.09.05 13:30:00;DECISION;setup LONG score=0.75 entry=1.17 inv=1.17 tgt=0.00 [BOS long lvl=1.17|RelVol=1.09|VPnode d=0.00|VWAPside|ADX=39]
2025.09.05 13:30:00;DECISION;TP capped 0.00590 -> 0.00443 (3.0xATR)
2025.09.05 13:30:00;ORDER;filled BUY 0.31 lots sl=1.17 tp=1.17 [WT|BOS|0.75]
2025.09.05 13:30:00;RISK;sizing: vol_ratio=0.99 scalar=1.00 gap_buf=0.00029 eff_stop=0.00325
2025.09.05 13:30:00;ORDER;entry fill deal #26 BUY 0.31 @ 1.16942
2025.09.05 15:15:00;VETO;outlier bar masked, z=4.8
2025.09.05 15:30:40;RISK;deal closed pnl=137.33 streak=0 lock=0
2025.09.05 15:45:00;VETO;outlier bar masked, z=18.1
2025.09.05 16:00:00;VETO;outlier bar masked, z=4.9
2025.09.05 16:30:00;VETO;outlier bar masked, z=5.3
2025.09.05 16:45:00;VETO;outlier bar masked, z=6.4
2025.09.05 17:00:00;VETO;outlier bar masked, z=3.8
2025.09.05 17:15:00;VETO;outlier bar masked, z=4.8
2025.09.05 17:30:00;VETO;outlier bar masked, z=3.7
2025.09.05 17:45:00;VETO;outlier bar masked, z=3.7
2025.09.05 21:15:00;VETO;signal rejected: volume: relVol 0.93 < 1.00
2025.09.08 01:45:00;DECISION;setup SHORT score=0.75 entry=1.17 inv=1.17 tgt=0.00 [BOS short lvl=1.17|RelVol=1.08|VPnode d=0.00|VWAPside|ADX=31]
2025.09.08 01:45:00;VETO;authorization denied: outside session window (server hour 01, window 13-21)
2025.09.08 02:00:00;VETO;authorization denied: outside session window (server hour 02, window 13-21)
2025.09.08 02:15:00;VETO;authorization denied: outside session window (server hour 02, window 13-21)
2025.09.08 02:30:00;VETO;authorization denied: outside session window (server hour 02, window 13-21)
2025.09.08 07:15:00;VETO;signal rejected: volume: relVol 0.99 < 1.00
2025.09.08 08:15:00;VETO;signal rejected: volume: relVol 0.88 < 1.00
2025.09.08 16:15:00;VETO;outlier bar masked, z=3.8
2025.09.08 19:45:00;DECISION;setup SHORT score=0.55 entry=1.17 inv=1.18 tgt=0.00 AWAIT-RETEST [CHoCH short lvl=1.17|RelVol=1.35|Retest@1.17|VPnode d=0.00]
2025.09.08 20:00:00;DECISION;TP capped 0.00244 -> 0.00214 (3.0xATR)
2025.09.08 20:00:00;ORDER;filled SELL 0.62 lots sl=1.18 tp=1.17 [WT|CHOCH|0.55]
2025.09.08 20:00:00;RISK;sizing: vol_ratio=1.09 scalar=0.93 gap_buf=0.00036 eff_stop=0.00158
2025.09.08 20:00:00;ORDER;entry fill deal #28 SELL 0.62 @ 1.17403
2025.09.08 21:22:40;RISK;deal closed pnl=-75.64 streak=1 lock=0
2025.09.08 21:30:00;DECISION;setup LONG score=0.60 entry=1.18 inv=1.17 tgt=0.00 AWAIT-RETEST [CHoCH long lvl=1.18|RelVol=1.04|Retest@1.18|VWAPside|CycleTurn w=-0.94<--0.99]
2025.09.08 21:45:00;VETO;authorization denied: outside session window (server hour 21, window 13-21)
2025.09.08 22:00:00;VETO;authorization denied: outside session window (server hour 22, window 13-21)
2025.09.08 22:15:00;VETO;authorization denied: outside session window (server hour 22, window 13-21)
2025.09.08 22:30:00;VETO;authorization denied: outside session window (server hour 22, window 13-21)
2025.09.09 02:15:00;VETO;signal rejected: volume: relVol 0.98 < 1.00
2025.09.09 05:00:00;VETO;signal rejected: regime: chop ADX 17.1 < 22.0
2025.09.09 07:00:00;VETO;signal rejected: volume: relVol 0.82 < 1.00
2025.09.09 09:00:00;DECISION;setup LONG score=0.65 entry=1.18 inv=1.18 tgt=0.00 AWAIT-RETEST [CHoCH long lvl=1.18|RelVol=1.10|Retest@1.18|VPnode d=0.00|VWAPside]
2025.09.09 09:15:00;VETO;authorization denied: outside session window (server hour 09, window 13-21)
2025.09.09 09:30:00;VETO;authorization denied: outside session window (server hour 09, window 13-21)
2025.09.09 09:45:00;DECISION;setup SHORT score=0.70 entry=1.18 inv=1.18 tgt=0.00 AWAIT-RETEST [CHoCH short lvl=1.18|RelVol=1.11|Retest@1.18|VPnear|VWAPside|CycleTurn w=0.19<-0.93]
2025.09.09 10:00:00;VETO;authorization denied: outside session window (server hour 10, window 13-21)
2025.09.09 10:15:00;VETO;authorization denied: outside session window (server hour 10, window 13-21)
2025.09.09 10:30:00;VETO;authorization denied: outside session window (server hour 10, window 13-21)
2025.09.09 10:45:00;VETO;authorization denied: outside session window (server hour 10, window 13-21)
2025.09.09 15:00:00;VETO;signal rejected: score 0.50 < 0.55 [BOS short lvl=1.17|RelVol=1.06|VWAPside|ADX=34]
2025.09.09 17:15:00;VETO;outlier bar masked, z=10.5
2025.09.09 18:15:00;DECISION;setup SHORT score=0.60 entry=1.17 inv=1.18 tgt=0.00 [BOS short lvl=1.17|RelVol=1.12|VWAPside|CycleTurn w=-0.78<--0.34]
2025.09.09 18:15:00;DECISION;TP capped 0.00798 -> 0.00599 (3.0xATR)
2025.09.09 18:15:00;ORDER;filled SELL 0.10 lots sl=1.18 tp=1.17 [WT|BOS|0.60]
2025.09.09 18:15:00;RISK;sizing: vol_ratio=1.74 scalar=0.44 gap_buf=0.00058 eff_stop=0.00457
2025.09.09 18:15:00;ORDER;entry fill deal #30 SELL 0.10 @ 1.17223
2025.09.09 20:45:00;VETO;signal rejected: score 0.50 < 0.55 [BOS short lvl=1.17|RelVol=1.30|VWAPside|ADX=36]
2025.09.10 00:01:00;VETO;signal rejected: volume: relVol 0.75 < 1.00
2025.09.10 01:45:00;VETO;signal rejected: volume: relVol 0.42 < 1.00
2025.09.10 02:30:00;DECISION;setup SHORT score=0.70 entry=1.17 inv=1.17 tgt=0.00 AWAIT-RETEST [CHoCH short lvl=1.17|RelVol=2.01|Retest@1.17|VPnear|VWAPside|CycleTurn w=0.99<-1.00]
2025.09.10 03:00:00;VETO;authorization denied: outside session window (server hour 03, window 13-21)
2025.09.10 03:15:00;VETO;authorization denied: outside session window (server hour 03, window 13-21)
2025.09.10 03:30:00;VETO;authorization denied: outside session window (server hour 03, window 13-21)
2025.09.10 03:45:00;VETO;authorization denied: outside session window (server hour 03, window 13-21)
2025.09.10 04:30:00;VETO;signal rejected: volume: relVol 0.77 < 1.00
2025.09.10 08:00:00;DECISION;setup LONG score=0.65 entry=1.17 inv=1.17 tgt=0.00 AWAIT-RETEST [CHoCH long lvl=1.17|RelVol=1.18|Retest@1.17|VPnode d=0.00|VWAPside]
2025.09.10 08:15:00;VETO;authorization denied: outside session window (server hour 08, window 13-21)
2025.09.10 08:30:00;VETO;authorization denied: outside session window (server hour 08, window 13-21)
2025.09.10 08:45:00;VETO;authorization denied: outside session window (server hour 08, window 13-21)
2025.09.10 09:00:00;VETO;authorization denied: outside session window (server hour 09, window 13-21)
2025.09.10 10:00:00;VETO;outlier bar masked, z=5.7
2025.09.10 12:45:00;VETO;signal rejected: regime: chop ADX 21.4 < 22.0
2025.09.10 15:15:00;VETO;outlier bar masked, z=3.8
2025.09.10 15:45:00;VETO;outlier bar masked, z=9.0
2025.09.10 16:00:00;VETO;outlier bar masked, z=3.8
2025.09.10 22:15:00;VETO;signal rejected: volume: relVol 0.75 < 1.00
2025.09.11 09:00:00;VETO;signal rejected: regime: chop ADX 20.2 < 22.0
2025.09.11 12:40:40;MANAGE;#30 SL 1.18 -> 1.17 breakeven
2025.09.11 12:40:40;MANAGE;#30 partial close 0.05 of 0.10 lots
2025.09.11 12:40:40;RISK;deal closed pnl=20.65 streak=0 lock=0
2025.09.11 12:40:59;MANAGE;#30 SL 1.17 -> 1.17 trail
2025.09.11 12:41:20;MANAGE;#30 SL 1.17 -> 1.17 trail
2025.09.11 12:45:00;DECISION;setup SHORT score=0.80 entry=1.17 inv=1.17 tgt=0.00 [BOS short lvl=1.17|RelVol=1.25|VPnear|VWAPside|CycleTurn w=-0.34<-0.71|ADX=37]
2025.09.11 12:45:00;VETO;authorization denied: outside session window (server hour 12, window 13-21)
2025.09.11 12:45:20;MANAGE;#30 SL 1.17 -> 1.17 trail
2025.09.11 13:00:00;VETO;risk veto: max positions
2025.09.11 14:10:40;RISK;deal closed pnl=15.35 streak=0 lock=0
2025.09.11 15:30:00;VETO;outlier bar masked, z=8.0
2025.09.11 15:45:00;VETO;outlier bar masked, z=22.8
2025.09.11 16:00:00;VETO;outlier bar masked, z=8.7
2025.09.11 16:15:00;VETO;outlier bar masked, z=7.6
2025.09.11 16:30:00;VETO;outlier bar masked, z=4.4
2025.09.11 16:45:00;VETO;outlier bar masked, z=4.8
2025.09.11 17:00:00;VETO;outlier bar masked, z=4.5
2025.09.11 17:30:00;VETO;outlier bar masked, z=4.0
2025.09.12 04:15:00;VETO;signal rejected: volume: relVol 0.95 < 1.00
2025.09.12 07:15:00;VETO;signal rejected: volume: relVol 0.91 < 1.00
2025.09.12 10:00:00;VETO;signal rejected: regime: chop ADX 21.3 < 22.0
2025.09.12 11:45:00;VETO;signal rejected: volume: relVol 0.95 < 1.00
2025.09.12 15:45:00;VETO;signal rejected: volume: relVol 0.88 < 1.00
2025.09.12 19:45:00;DECISION;setup LONG score=0.65 entry=1.17 inv=1.17 tgt=0.00 AWAIT-RETEST [CHoCH long lvl=1.17|RelVol=1.04|Retest@1.17|VPnode d=0.00|VWAPside]
2025.09.12 20:00:00;DECISION;TP capped 0.00514 -> 0.00385 (3.0xATR)
2025.09.12 20:00:00;ORDER;filled BUY 0.19 lots sl=1.17 tp=1.18 [WT|CHOCH|0.65]
2025.09.12 20:00:00;RISK;sizing: vol_ratio=1.58 scalar=0.57 gap_buf=0.00046 eff_stop=0.00303
2025.09.12 20:00:00;ORDER;entry fill deal #33 BUY 0.19 @ 1.17268
2025.09.15 02:30:00;VETO;signal rejected: volume: relVol 0.45 < 1.00
2025.09.15 03:30:00;VETO;signal rejected: volume: relVol 0.63 < 1.00
2025.09.15 06:30:00;VETO;signal rejected: volume: relVol 0.89 < 1.00
2025.09.15 09:30:00;DECISION;setup SHORT score=0.65 entry=1.17 inv=1.17 tgt=0.00 AWAIT-RETEST [CHoCH short lvl=1.17|RelVol=1.06|Retest@1.17|VPnode d=0.00|VWAPside]
2025.09.15 10:00:00;VETO;authorization denied: outside session window (server hour 10, window 13-21)
2025.09.15 10:15:00;VETO;authorization denied: outside session window (server hour 10, window 13-21)
2025.09.15 10:30:00;VETO;signal rejected: volume: relVol 0.93 < 1.00
2025.09.15 12:30:00;VETO;signal rejected: score 0.50 < 0.55 [BOS long lvl=1.17|RelVol=1.00|VPnear|VWAPside]
2025.09.15 13:04:40;MANAGE;#33 SL 1.17 -> 1.17 breakeven
2025.09.15 13:04:40;MANAGE;#33 partial close 0.09 of 0.19 lots
2025.09.15 13:04:40;RISK;deal closed pnl=24.78 streak=0 lock=0
2025.09.15 13:04:59;MANAGE;#33 SL 1.17 -> 1.17 trail
2025.09.15 13:21:40;MANAGE;#33 SL 1.17 -> 1.17 trail
2025.09.15 13:24:40;MANAGE;#33 SL 1.17 -> 1.17 trail
2025.09.15 13:26:40;MANAGE;#33 SL 1.17 -> 1.17 trail
2025.09.15 13:28:40;MANAGE;#33 SL 1.17 -> 1.17 trail
2025.09.15 13:30:00;VETO;outlier bar masked, z=3.7
2025.09.15 15:00:40;MANAGE;#33 SL 1.17 -> 1.17 trail
2025.09.15 15:01:40;RISK;deal closed pnl=38.53 streak=0 lock=0
2025.09.15 15:15:00;VETO;signal rejected: score 0.50 < 0.55 [BOS long lvl=1.18|RelVol=1.02|VWAPside|ADX=42]
2025.09.15 23:00:00;DECISION;setup SHORT score=0.75 entry=1.18 inv=1.18 tgt=0.00 AWAIT-RETEST [CHoCH short lvl=1.18|RelVol=1.44|Retest@1.18|VPnode d=0.00|CycleTurn w=-0.46<-0.66]
2025.09.15 23:15:00;VETO;authorization denied: outside session window (server hour 23, window 13-21)
2025.09.15 23:30:00;VETO;authorization denied: outside session window (server hour 23, window 13-21)
2025.09.15 23:45:00;VETO;authorization denied: outside session window (server hour 23, window 13-21)
2025.09.16 00:01:00;VETO;authorization denied: outside session window (server hour 00, window 13-21)
2025.09.16 03:45:00;VETO;signal rejected: regime: chop ADX 17.8 < 22.0
2025.09.16 05:00:00;VETO;signal rejected: regime: chop ADX 20.7 < 22.0
2025.09.16 10:00:00;DECISION;setup LONG score=0.65 entry=1.18 inv=1.18 tgt=0.00 [BOS long lvl=1.18|RelVol=1.17|VPnode d=0.00|VWAPside]
2025.09.16 10:00:00;VETO;authorization denied: outside session window (server hour 10, window 13-21)
2025.09.16 10:15:00;VETO;authorization denied: outside session window (server hour 10, window 13-21)
2025.09.16 10:30:00;VETO;authorization denied: outside session window (server hour 10, window 13-21)
2025.09.16 10:45:00;VETO;authorization denied: outside session window (server hour 10, window 13-21)
2025.09.16 15:30:00;VETO;signal rejected: score 0.40 < 0.55 [CHoCH short lvl=1.18|RelVol=1.02|Retest@1.18|VPnear]
2025.09.16 15:45:00;VETO;outlier bar masked, z=4.5
2025.09.16 16:30:00;VETO;outlier bar masked, z=3.6
2025.09.16 17:00:00;DECISION;setup LONG score=0.85 entry=1.18 inv=1.18 tgt=0.00 AWAIT-RETEST [CHoCH long lvl=1.18|RelVol=1.10|Retest@1.18|VPnode d=0.00|VWAPside|CycleTurn w=0.07<--0.74]
2025.09.16 17:15:00;VETO;outlier bar masked, z=4.0
2025.09.16 19:15:00;VETO;signal rejected: score 0.50 < 0.55 [BOS long lvl=1.19|RelVol=1.11|VWAPside|ADX=40]
2025.09.17 02:15:00;VETO;signal rejected: volume: relVol 0.68 < 1.00
2025.09.17 08:15:00;VETO;signal rejected: regime: chop ADX 21.9 < 22.0
2025.09.17 10:15:00;VETO;signal rejected: regime: chop ADX 15.2 < 22.0
2025.09.17 13:15:00;VETO;signal rejected: regime: chop ADX 17.0 < 22.0
2025.09.17 16:15:00;VETO;signal rejected: regime: chop ADX 16.4 < 22.0
2025.09.17 21:15:00;VETO;outlier bar masked, z=34.5
2025.09.17 21:30:00;VETO;outlier bar masked, z=7.8
2025.09.17 21:45:00;VETO;outlier bar masked, z=25.4
2025.09.17 22:00:00;VETO;outlier bar masked, z=17.1
2025.09.17 22:15:00;VETO;outlier bar masked, z=11.2
2025.09.17 22:30:00;VETO;outlier bar masked, z=7.1
2025.09.17 22:45:00;VETO;outlier bar masked, z=6.6
2025.09.17 23:00:00;VETO;outlier bar masked, z=3.6
2025.09.17 23:30:00;VETO;outlier bar masked, z=4.3
2025.09.18 04:45:00;DECISION;setup SHORT score=0.85 entry=1.18 inv=1.18 tgt=0.00 [BOS short lvl=1.18|RelVol=1.58|VPnode d=0.00|VWAPside|CycleTurn w=0.91<-0.98]
2025.09.18 04:45:00;VETO;authorization denied: outside session window (server hour 04, window 13-21)
2025.09.18 05:00:00;VETO;authorization denied: outside session window (server hour 05, window 13-21)
2025.09.18 05:15:00;VETO;authorization denied: outside session window (server hour 05, window 13-21)
2025.09.18 05:30:00;VETO;authorization denied: outside session window (server hour 05, window 13-21)
2025.09.18 07:45:00;DECISION;setup SHORT score=0.80 entry=1.18 inv=1.18 tgt=0.00 AWAIT-RETEST [BOS short lvl=1.18|RelVol=1.74|Retest@1.18|VPnear|VWAPside|CycleTurn w=-0.55<-0.53|ADX=31]
2025.09.18 10:15:00;VETO;outlier bar masked, z=6.3
2025.09.18 10:30:00;DECISION;setup LONG score=0.85 entry=1.18 inv=1.18 tgt=0.00 AWAIT-RETEST [CHoCH long lvl=1.18|RelVol=1.17|Retest@1.18|VPnode d=0.00|VWAPside|CycleTurn w=0.57<--0.45]
2025.09.18 10:45:00;VETO;authorization denied: outside session window (server hour 10, window 13-21)
2025.09.18 11:00:00;VETO;authorization denied: outside session window (server hour 11, window 13-21)
2025.09.18 11:15:00;VETO;authorization denied: outside session window (server hour 11, window 13-21)
2025.09.18 11:30:00;VETO;authorization denied: outside session window (server hour 11, window 13-21)
2025.09.18 12:15:00;DECISION;setup LONG score=0.65 entry=1.18 inv=1.18 tgt=0.00 [BOS long lvl=1.18|RelVol=1.33|VPnode d=0.00|VWAPside]
2025.09.18 12:15:00;VETO;authorization denied: outside session window (server hour 12, window 13-21)
2025.09.18 12:30:00;VETO;authorization denied: outside session window (server hour 12, window 13-21)
2025.09.18 12:45:00;VETO;authorization denied: outside session window (server hour 12, window 13-21)
2025.09.18 13:00:00;DECISION;TP capped 0.00350 -> 0.00290 (3.0xATR)
2025.09.18 13:00:00;ORDER;filled BUY 0.40 lots sl=1.18 tp=1.19 [WT|BOS|0.65]
2025.09.18 13:00:00;RISK;sizing: vol_ratio=1.17 scalar=0.87 gap_buf=0.00053 eff_stop=0.00228
2025.09.18 13:00:00;ORDER;entry fill deal #36 BUY 0.40 @ 1.18382
2025.09.18 14:48:40;RISK;deal closed pnl=-70.00 streak=1 lock=0
2025.09.18 15:15:00;DECISION;setup SHORT score=0.65 entry=1.18 inv=1.18 tgt=0.00 AWAIT-RETEST [CHoCH short lvl=1.18|RelVol=1.28|Retest@1.18|VPnode d=0.00|VWAPside]
2025.09.18 15:30:00;DECISION;TP capped 0.00488 -> 0.00366 (3.0xATR)
2025.09.18 15:30:00;ORDER;filled SELL 0.36 lots sl=1.18 tp=1.18 [WT|CHOCH|0.65]
2025.09.18 15:30:00;RISK;sizing: vol_ratio=0.94 scalar=1.00 gap_buf=0.00043 eff_stop=0.00287
2025.09.18 15:30:00;ORDER;entry fill deal #38 SELL 0.36 @ 1.18160
2025.09.18 15:45:00;VETO;outlier bar masked, z=3.9
2025.09.18 16:04:40;MANAGE;#38 SL 1.18 -> 1.18 breakeven
2025.09.18 16:04:40;MANAGE;#38 partial close 0.18 of 0.36 lots
2025.09.18 16:04:40;RISK;deal closed pnl=45.90 streak=0 lock=0
2025.09.18 16:04:59;MANAGE;#38 SL 1.18 -> 1.18 trail
2025.09.18 16:05:40;MANAGE;#38 SL 1.18 -> 1.18 trail
2025.09.18 16:06:40;MANAGE;#38 SL 1.18 -> 1.18 trail
2025.09.18 16:07:20;MANAGE;#38 SL 1.18 -> 1.18 trail
2025.09.18 16:25:20;MANAGE;#38 SL 1.18 -> 1.18 trail
2025.09.18 16:33:40;RISK;deal closed pnl=65.88 streak=0 lock=0
2025.09.18 16:45:00;VETO;outlier bar masked, z=8.8
2025.09.18 20:15:00;VETO;signal rejected: score 0.40 < 0.55 [CHoCH long lvl=1.18|RelVol=1.15|Retest@1.18|VPnear]
2025.09.19 02:45:00;VETO;signal rejected: regime: chop ADX 12.1 < 22.0
2025.09.19 03:15:00;VETO;signal rejected: regime: chop ADX 14.9 < 22.0
2025.09.19 05:15:00;VETO;signal rejected: regime: chop ADX 17.0 < 22.0
2025.09.19 06:30:00;VETO;signal rejected: regime: chop ADX 19.1 < 22.0
2025.09.19 10:00:00;DECISION;setup SHORT score=0.65 entry=1.18 inv=1.18 tgt=0.00 AWAIT-RETEST [CHoCH short lvl=1.18|RelVol=1.45|Retest@1.18|StopFloored|VPnode d=0.00|VWAPside]
2025.09.19 10:15:00;VETO;authorization denied: outside session window (server hour 10, window 13-21)
2025.09.19 10:30:00;VETO;authorization denied: outside session window (server hour 10, window 13-21)
2025.09.19 10:45:00;VETO;authorization denied: outside session window (server hour 10, window 13-21)
2025.09.19 11:00:00;VETO;authorization denied: outside session window (server hour 11, window 13-21)
2025.09.19 11:30:00;VETO;signal rejected: volume: relVol 0.89 < 1.00
2025.09.19 14:15:00;DECISION;setup SHORT score=0.85 entry=1.18 inv=1.18 tgt=0.00 [BOS short lvl=1.18|RelVol=1.16|VPnode d=0.00|VWAPside|CycleTurn w=0.99<-0.99]
2025.09.19 14:15:00;DECISION;TP capped 0.00294 -> 0.00241 (3.0xATR)
2025.09.19 14:15:00;ORDER;filled SELL 0.56 lots sl=1.18 tp=1.17 [WT|BOS|0.85]
2025.09.19 14:15:00;RISK;sizing: vol_ratio=1.01 scalar=0.99 gap_buf=0.00040 eff_stop=0.00187
2025.09.19 14:15:00;ORDER;entry fill deal #41 SELL 0.56 @ 1.17544
2025.09.19 14:56:40;MANAGE;#41 SL 1.18 -> 1.18 breakeven
2025.09.19 14:56:40;MANAGE;#41 partial close 0.28 of 0.56 lots
2025.09.19 14:56:40;RISK;deal closed pnl=46.20 streak=0 lock=0
2025.09.19 14:57:40;MANAGE;#41 SL 1.18 -> 1.18 trail
2025.09.19 15:22:40;MANAGE;#41 SL 1.18 -> 1.17 trail
2025.09.19 15:25:40;RISK;deal closed pnl=67.48 streak=0 lock=0
2025.09.22 03:45:00;VETO;signal rejected: volume: relVol 0.62 < 1.00
2025.09.22 07:30:00;VETO;signal rejected: volume: relVol 0.84 < 1.00
2025.09.22 09:00:00;VETO;signal rejected: volume: relVol 0.90 < 1.00
2025.09.22 11:15:00;VETO;outlier bar masked, z=3.6
2025.09.22 17:15:00;VETO;signal rejected: volume: relVol 0.61 < 1.00
2025.09.22 19:30:00;DECISION;setup LONG score=0.85 entry=1.18 inv=1.18 tgt=0.00 AWAIT-RETEST [CHoCH long lvl=1.18|RelVol=1.20|Retest@1.18|VPnode d=0.00|VWAPside|CycleTurn w=-0.77<--0.95]
2025.09.22 19:45:00;DECISION;TP capped 0.00530 -> 0.00398 (3.0xATR)
2025.09.22 19:45:00;ORDER;filled BUY 0.23 lots sl=1.18 tp=1.18 [WT|CHOCH|0.85]
2025.09.22 19:45:00;RISK;sizing: vol_ratio=1.26 scalar=0.81 gap_buf=0.00105 eff_stop=0.00370
2025.09.22 19:45:00;ORDER;entry fill deal #44 BUY 0.23 @ 1.17890
2025.09.22 20:45:00;DECISION;setup LONG score=0.75 entry=1.18 inv=1.18 tgt=0.00 [BOS long lvl=1.18|RelVol=1.13|VPnode d=0.00|VWAPside|ADX=31]
2025.09.22 20:45:00;DECISION;TP capped 0.00640 -> 0.00480 (3.0xATR)
2025.09.22 20:45:00;VETO;risk veto: max positions
2025.09.23 00:15:00;VETO;outlier bar masked, z=8.4
2025.09.23 03:45:00;VETO;signal rejected: volume: relVol 0.81 < 1.00
2025.09.23 04:41:40;MANAGE;#44 SL 1.18 -> 1.18 breakeven
2025.09.23 04:41:40;MANAGE;#44 partial close 0.11 of 0.23 lots
2025.09.23 04:41:40;RISK;deal closed pnl=31.71 streak=0 lock=0
2025.09.23 04:41:59;MANAGE;#44 SL 1.18 -> 1.18 trail
2025.09.23 04:43:40;MANAGE;#44 SL 1.18 -> 1.18 trail
2025.09.23 04:50:20;MANAGE;#44 SL 1.18 -> 1.18 trail
2025.09.23 05:07:40;RISK;deal closed pnl=28.48 streak=0 lock=0
2025.09.23 09:15:00;VETO;signal rejected: volume: relVol 0.96 < 1.00
2025.09.23 12:15:00;VETO;signal rejected: regime: chop ADX 17.9 < 22.0
2025.09.23 15:30:00;VETO;signal rejected: regime: chop ADX 16.3 < 22.0
2025.09.23 17:00:00;VETO;outlier bar masked, z=4.0
2025.09.23 19:45:00;VETO;outlier bar masked, z=4.2
2025.09.23 20:15:00;VETO;signal rejected: regime: chop ADX 16.9 < 22.0
2025.09.24 03:30:00;VETO;signal rejected: score 0.50 < 0.55 [CHoCH short lvl=1.18|RelVol=1.19|Retest@1.18|VPnear|VWAPside]
2025.09.24 06:00:00;DECISION;setup SHORT score=0.75 entry=1.18 inv=1.18 tgt=0.00 [BOS short lvl=1.18|RelVol=1.09|VPnode d=0.00|VWAPside|ADX=36]
2025.09.24 06:00:00;VETO;authorization denied: outside session window (server hour 06, window 13-21)
2025.09.24 06:15:00;VETO;authorization denied: outside session window (server hour 06, window 13-21)
2025.09.24 06:30:00;VETO;authorization denied: outside session window (server hour 06, window 13-21)
2025.09.24 06:45:00;VETO;authorization denied: outside session window (server hour 06, window 13-21)
2025.09.24 09:30:00;DECISION;setup SHORT score=0.85 entry=1.18 inv=1.18 tgt=0.00 [BOS short lvl=1.18|RelVol=1.13|VPnode d=0.00|VWAPside|CycleTurn w=-0.07<-0.78]
2025.09.24 09:30:00;VETO;authorization denied: outside session window (server hour 09, window 13-21)
2025.09.24 09:45:00;VETO;authorization denied: outside session window (server hour 09, window 13-21)
2025.09.24 10:00:00;VETO;authorization denied: outside session window (server hour 10, window 13-21)
2025.09.24 10:15:00;VETO;authorization denied: outside session window (server hour 10, window 13-21)
2025.09.24 11:15:00;DECISION;setup SHORT score=0.65 entry=1.18 inv=1.18 tgt=0.00 AWAIT-RETEST [BOS short lvl=1.18|RelVol=1.33|Retest@1.18|VPnode d=0.00|VWAPside]
2025.09.24 15:45:00;VETO;signal rejected: volume: relVol 0.59 < 1.00
2025.09.25 01:15:00;VETO;signal rejected: volume: relVol 0.69 < 1.00
2025.09.25 04:00:00;VETO;signal rejected: volume: relVol 0.98 < 1.00
2025.09.25 05:45:00;VETO;signal rejected: volume: relVol 0.85 < 1.00
2025.09.25 11:00:00;DECISION;setup SHORT score=0.65 entry=1.17 inv=1.18 tgt=0.00 AWAIT-RETEST [CHoCH short lvl=1.17|RelVol=1.31|Retest@1.17|VPnode d=0.00|VWAPside]
2025.09.25 11:15:00;VETO;authorization denied: outside session window (server hour 11, window 13-21)
2025.09.25 11:30:00;VETO;authorization denied: outside session window (server hour 11, window 13-21)
2025.09.25 11:45:00;VETO;authorization denied: outside session window (server hour 11, window 13-21)
2025.09.25 12:00:00;VETO;authorization denied: outside session window (server hour 12, window 13-21)
2025.09.25 15:45:00;VETO;outlier bar masked, z=10.9
2025.09.25 16:00:00;VETO;outlier bar masked, z=4.1
2025.09.25 17:00:00;VETO;signal rejected: score 0.50 < 0.55 [BOS short lvl=1.17|RelVol=1.22|VWAPside|ADX=32]
2025.09.25 20:30:00;VETO;outlier bar masked, z=4.3
2025.09.25 23:30:00;VETO;signal rejected: score 0.30 < 0.55 [CHoCH long lvl=1.17|RelVol=1.09|Retest@1.17]
2025.09.26 04:00:00;VETO;signal rejected: volume: relVol 0.88 < 1.00
2025.09.26 08:00:00;VETO;signal rejected: volume: relVol 0.97 < 1.00
2025.09.26 11:45:00;VETO;signal rejected: regime: chop ADX 15.7 < 22.0
2025.09.26 13:30:00;VETO;signal rejected: regime: chop ADX 12.3 < 22.0
2025.09.26 16:15:00;DECISION;setup LONG score=0.65 entry=1.17 inv=1.17 tgt=0.00 AWAIT-RETEST [CHoCH long lvl=1.17|RelVol=1.08|Retest@1.17|VPnode d=0.00|VWAPside]
2025.09.26 16:30:00;DECISION;TP capped 0.00374 -> 0.00281 (3.0xATR)
2025.09.26 16:30:00;ORDER;filled BUY 0.41 lots sl=1.17 tp=1.17 [WT|CHOCH|0.65]
2025.09.26 16:30:00;RISK;sizing: vol_ratio=1.16 scalar=0.88 gap_buf=0.00042 eff_stop=0.00229
2025.09.26 16:30:00;ORDER;entry fill deal #47 BUY 0.41 @ 1.16802
2025.09.26 17:43:40;MANAGE;#47 SL 1.17 -> 1.17 breakeven
2025.09.26 17:43:40;MANAGE;#47 partial close 0.20 of 0.41 lots
2025.09.26 17:43:40;RISK;deal closed pnl=39.20 streak=0 lock=0
2025.09.26 17:44:40;MANAGE;#47 SL 1.17 -> 1.17 trail
2025.09.26 17:45:00;VETO;signal rejected: volume: relVol 0.96 < 1.00
2025.09.26 21:00:40;MANAGE;#47 SL 1.17 -> 1.17 trail
2025.09.26 21:22:40;MANAGE;#47 SL 1.17 -> 1.17 trail
2025.09.26 21:30:00;MANAGE;#47 SL 1.17 -> 1.17 trail
2025.09.26 21:35:40;MANAGE;#47 SL 1.17 -> 1.17 trail
2025.09.26 21:52:40;MANAGE;#47 SL 1.17 -> 1.17 trail
2025.09.26 21:57:40;MANAGE;#47 SL 1.17 -> 1.17 trail
2025.09.26 21:58:40;MANAGE;#47 SL 1.17 -> 1.17 trail
2025.09.26 22:00:00;VETO;signal rejected: volume: relVol 0.86 < 1.00
2025.09.26 22:57:40;MANAGE;#47 SL 1.17 -> 1.17 trail
2025.09.26 22:59:00;MANAGE;#47 SL 1.17 -> 1.17 trail
2025.09.26 23:21:40;MANAGE;#47 SL 1.17 -> 1.17 trail
2025.09.29 02:01:40;MANAGE;#47 SL 1.17 -> 1.17 trail
2025.09.29 02:25:40;RISK;deal closed pnl=58.86 streak=0 lock=0
2025.09.29 02:30:00;DECISION;setup LONG score=0.85 entry=1.17 inv=1.17 tgt=0.00 [BOS long lvl=1.17|RelVol=1.00|VPnode d=0.00|VWAPside|CycleTurn w=-0.71<--0.96]
2025.09.29 02:30:00;VETO;authorization denied: outside session window (server hour 02, window 13-21)
2025.09.29 02:45:00;VETO;authorization denied: outside session window (server hour 02, window 13-21)
2025.09.29 03:00:00;VETO;authorization denied: outside session window (server hour 03, window 13-21)
2025.09.29 03:15:00;VETO;authorization denied: outside session window (server hour 03, window 13-21)
2025.09.29 08:15:00;DECISION;setup LONG score=0.75 entry=1.17 inv=1.17 tgt=0.00 [BOS long lvl=1.17|RelVol=1.19|VPnode d=0.00|VWAPside|ADX=40]
2025.09.29 08:15:00;VETO;authorization denied: outside session window (server hour 08, window 13-21)
2025.09.29 08:30:00;VETO;authorization denied: outside session window (server hour 08, window 13-21)
2025.09.29 08:45:00;VETO;authorization denied: outside session window (server hour 08, window 13-21)
2025.09.29 09:00:00;VETO;authorization denied: outside session window (server hour 09, window 13-21)
2025.09.29 10:00:00;VETO;signal rejected: volume: relVol 0.73 < 1.00
2025.09.29 11:30:00;VETO;outlier bar masked, z=5.5
2025.09.29 14:15:00;VETO;signal rejected: regime: chop ADX 16.4 < 22.0
2025.09.29 15:00:00;VETO;outlier bar masked, z=4.7
2025.09.29 15:45:00;VETO;outlier bar masked, z=5.1
2025.09.29 21:00:00;VETO;signal rejected: volume: relVol 0.80 < 1.00
2025.09.30 08:00:00;VETO;signal rejected: regime: chop ADX 16.1 < 22.0
2025.09.30 15:45:00;VETO;signal rejected: regime: chop ADX 16.2 < 22.0
2025.09.30 16:15:00;VETO;outlier bar masked, z=5.8
2025.09.30 17:15:00;VETO;outlier bar masked, z=8.2
2025.09.30 17:45:00;VETO;signal rejected: regime: chop ADX 21.1 < 22.0
2025.09.30 18:15:00;VETO;outlier bar masked, z=4.6
2025.09.30 20:00:00;DECISION;setup LONG score=0.85 entry=1.18 inv=1.17 tgt=0.00 [BOS long lvl=1.18|RelVol=1.34|VPnode d=0.00|VWAPside|CycleTurn w=0.39<--0.65]
2025.09.30 20:00:00;DECISION;TP capped 0.00618 -> 0.00464 (3.0xATR)
2025.09.30 20:00:00;ORDER;filled BUY 0.14 lots sl=1.17 tp=1.18 [WT|BOS|0.85]
2025.09.30 20:00:00;RISK;sizing: vol_ratio=1.68 scalar=0.49 gap_buf=0.00053 eff_stop=0.00362
2025.09.30 20:00:00;ORDER;entry fill deal #50 BUY 0.14 @ 1.17565
2025.09.30 23:15:00;VETO;signal rejected: score 0.50 < 0.55 [CHoCH short lvl=1.17|RelVol=1.33|Retest@1.17|VPnear|VWAPside]
2025.10.01 02:15:00;VETO;signal rejected: regime: chop ADX 20.4 < 22.0
2025.10.01 03:15:00;DECISION;setup SHORT score=0.85 entry=1.17 inv=1.17 tgt=0.00 AWAIT-RETEST [CHoCH short lvl=1.17|RelVol=1.07|Retest@1.17|VPnode d=0.00|VWAPside|CycleTurn w=0.93<-0.99]
2025.10.01 03:30:00;VETO;authorization denied: outside session window (server hour 03, window 13-21)
2025.10.01 03:45:00;VETO;authorization denied: outside session window (server hour 03, window 13-21)
2025.10.01 04:00:00;VETO;authorization denied: outside session window (server hour 04, window 13-21)
2025.10.01 04:15:00;VETO;authorization denied: outside session window (server hour 04, window 13-21)
2025.10.01 07:15:00;VETO;signal rejected: regime: chop ADX 15.1 < 22.0
2025.10.01 09:45:00;VETO;outlier bar masked, z=4.8
2025.10.01 10:30:00;VETO;outlier bar masked, z=7.1
2025.10.01 10:45:00;VETO;outlier bar masked, z=3.9
2025.10.01 13:00:00;DECISION;setup SHORT score=0.65 entry=1.17 inv=1.18 tgt=0.00 AWAIT-RETEST [BOS short lvl=1.17|RelVol=1.38|Retest@1.17|VPnode d=0.00|VWAPside]
2025.10.01 13:09:40;RISK;deal closed pnl=-43.36 streak=1 lock=0
2025.10.01 15:00:00;DECISION;TP capped 0.00628 -> 0.00471 (3.0xATR)
2025.10.01 15:00:00;ORDER;filled SELL 0.25 lots sl=1.18 tp=1.17 [WT|BOS|0.65]
2025.10.01 15:00:00;RISK;sizing: vol_ratio=1.21 scalar=0.85 gap_buf=0.00045 eff_stop=0.00359
2025.10.01 15:00:00;ORDER;entry fill deal #52 SELL 0.25 @ 1.17344
2025.10.01 15:18:40;RISK;deal closed pnl=-78.50 streak=2 lock=0
2025.10.01 15:30:00;VETO;outlier bar masked, z=12.0
2025.10.01 15:45:00;VETO;outlier bar masked, z=4.0
2025.10.01 17:15:00;VETO;outlier bar masked, z=4.1
2025.10.01 18:00:00;VETO;outlier bar masked, z=4.8
2025.10.01 19:15:00;VETO;signal rejected: score 0.50 < 0.55 [BOS short lvl=1.17|RelVol=1.49|VPnear|VWAPside]
2025.10.02 05:00:00;VETO;signal rejected: volume: relVol 0.70 < 1.00
2025.10.02 09:15:00;VETO;signal rejected: volume: relVol 0.83 < 1.00
2025.10.02 10:15:00;VETO;signal rejected: score 0.50 < 0.55 [BOS long lvl=1.17|RelVol=1.17|Retest@1.17|VPnear|VWAPside]
2025.10.02 15:45:00;VETO;signal rejected: volume: relVol 0.47 < 1.00
2025.10.02 16:45:00;VETO;outlier bar masked, z=4.5
2025.10.02 22:00:00;VETO;signal rejected: volume: relVol 0.62 < 1.00
2025.10.03 02:30:00;VETO;signal rejected: volume: relVol 0.91 < 1.00
2025.10.03 08:00:00;VETO;signal rejected: regime: chop ADX 17.7 < 22.0
2025.10.03 10:45:00;VETO;signal rejected: regime: chop ADX 18.2 < 22.0
2025.10.03 14:45:00;VETO;signal rejected: volume: relVol 0.97 < 1.00
2025.10.03 17:15:00;VETO;outlier bar masked, z=6.4
2025.10.03 21:00:00;VETO;signal rejected: regime: chop ADX 20.4 < 22.0
2025.10.06 00:15:00;VETO;outlier bar masked, z=9.7
2025.10.06 01:15:00;VETO;outlier bar masked, z=3.8
2025.10.06 02:15:00;DECISION;setup SHORT score=0.75 entry=1.17 inv=1.17 tgt=0.00 [BOS short lvl=1.17|RelVol=3.55|VPnode d=0.00|VWAPside|ADX=37]
2025.10.06 02:15:00;VETO;authorization denied: outside session window (server hour 02, window 13-21)
2025.10.06 02:30:00;VETO;authorization denied: outside session window (server hour 02, window 13-21)
2025.10.06 02:45:00;VETO;authorization denied: outside session window (server hour 02, window 13-21)
2025.10.06 03:00:00;VETO;authorization denied: outside session window (server hour 03, window 13-21)
2025.10.06 05:00:00;DECISION;setup LONG score=0.65 entry=1.17 inv=1.17 tgt=0.00 AWAIT-RETEST [CHoCH long lvl=1.17|RelVol=1.15|Retest@1.17|VPnode d=0.00|VWAPside]
2025.10.06 09:15:00;VETO;outlier bar masked, z=3.7
2025.10.06 10:45:00;VETO;outlier bar masked, z=12.7
2025.10.06 15:45:00;VETO;signal rejected: volume: relVol 0.58 < 1.00
2025.10.06 22:45:00;VETO;signal rejected: volume: relVol 0.54 < 1.00
2025.10.07 03:15:00;VETO;signal rejected: regime: chop ADX 15.4 < 22.0
2025.10.07 07:45:00;VETO;signal rejected: regime: chop ADX 14.4 < 22.0
2025.10.07 10:15:00;DECISION;setup SHORT score=0.60 entry=1.17 inv=1.17 tgt=0.00 [BOS short lvl=1.17|RelVol=1.21|VPnear|VWAPside|ADX=37]
2025.10.07 10:15:00;VETO;authorization denied: outside session window (server hour 10, window 13-21)
2025.10.07 10:30:00;VETO;authorization denied: outside session window (server hour 10, window 13-21)
2025.10.07 10:45:00;VETO;authorization denied: outside session window (server hour 10, window 13-21)
2025.10.07 11:00:00;VETO;authorization denied: outside session window (server hour 11, window 13-21)
2025.10.07 12:00:00;VETO;signal rejected: volume: relVol 0.93 < 1.00
2025.10.07 14:30:00;VETO;signal rejected: score 0.50 < 0.55 [BOS short lvl=1.17|RelVol=1.43|VWAPside|ADX=34]
2025.10.07 18:15:00;VETO;signal rejected: regime: chop ADX 18.5 < 22.0
2025.10.07 21:00:00;VETO;signal rejected: regime: chop ADX 20.3 < 22.0
2025.10.08 03:15:00;DECISION;setup SHORT score=0.60 entry=1.16 inv=1.17 tgt=0.00 [BOS short lvl=1.16|RelVol=1.24|VWAPside|CycleTurn w=0.58<-0.93]
2025.10.08 03:15:00;VETO;authorization denied: outside session window (server hour 03, window 13-21)
2025.10.08 03:30:00;VETO;authorization denied: outside session window (server hour 03, window 13-21)
2025.10.08 03:45:00;VETO;authorization denied: outside session window (server hour 03, window 13-21)
2025.10.08 04:00:00;VETO;authorization denied: outside session window (server hour 04, window 13-21)
2025.10.08 04:30:00;VETO;outlier bar masked, z=4.8
2025.10.08 07:45:00;DECISION;setup SHORT score=0.75 entry=1.16 inv=1.16 tgt=0.00 [BOS short lvl=1.16|RelVol=1.04|VPnode d=0.00|VWAPside|ADX=47]
2025.10.08 07:45:00;VETO;authorization denied: outside session window (server hour 07, window 13-21)
2025.10.08 08:00:00;VETO;authorization denied: outside session window (server hour 08, window 13-21)
2025.10.08 08:15:00;VETO;authorization denied: outside session window (server hour 08, window 13-21)
2025.10.08 08:30:00;VETO;authorization denied: outside session window (server hour 08, window 13-21)
2025.10.08 09:30:00;DECISION;setup SHORT score=0.75 entry=1.16 inv=1.16 tgt=0.00 [BOS short lvl=1.16|RelVol=1.57|VPnode d=0.00|VWAPside|ADX=46]
2025.10.08 09:30:00;VETO;authorization denied: outside session window (server hour 09, window 13-21)
2025.10.08 09:45:00;VETO;authorization denied: outside session window (server hour 09, window 13-21)
2025.10.08 10:00:00;VETO;authorization denied: outside session window (server hour 10, window 13-21)
2025.10.08 10:15:00;VETO;authorization denied: outside session window (server hour 10, window 13-21)
2025.10.08 10:45:00;DECISION;setup LONG score=0.55 entry=1.16 inv=1.16 tgt=0.00 AWAIT-RETEST [CHoCH long lvl=1.16|RelVol=1.26|Retest@1.16|VPnode d=0.00]
2025.10.08 11:45:00;VETO;authorization denied: outside session window (server hour 11, window 13-21)
2025.10.08 12:00:00;VETO;authorization denied: outside session window (server hour 12, window 13-21)
2025.10.08 12:15:00;VETO;authorization denied: outside session window (server hour 12, window 13-21)
2025.10.08 12:30:00;VETO;authorization denied: outside session window (server hour 12, window 13-21)
2025.10.08 16:15:00;VETO;signal rejected: regime: chop ADX 21.6 < 22.0
2025.10.08 18:00:00;VETO;signal rejected: volume: relVol 0.88 < 1.00
2025.10.08 21:30:00;VETO;outlier bar masked, z=3.9
2025.10.09 01:15:00;VETO;signal rejected: volume: relVol 0.83 < 1.00
2025.10.09 03:30:00;VETO;signal rejected: score 0.50 < 0.55 [BOS long lvl=1.16|RelVol=1.03|VPnear|VWAPside]
2025.10.09 05:45:00;VETO;signal rejected: volume: relVol 0.92 < 1.00
2025.10.09 09:00:00;VETO;signal rejected: volume: relVol 0.96 < 1.00
2025.10.09 15:15:00;DECISION;setup SHORT score=0.75 entry=1.16 inv=1.16 tgt=0.00 [BOS short lvl=1.16|RelVol=1.03|VPnode d=0.00|VWAPside|ADX=30]
2025.10.09 15:15:00;DECISION;TP capped 0.00372 -> 0.00279 (3.0xATR)
2025.10.09 15:15:00;ORDER;filled SELL 0.36 lots sl=1.16 tp=1.16 [WT|BOS|0.75]
2025.10.09 15:15:00;RISK;sizing: vol_ratio=1.30 scalar=0.78 gap_buf=0.00042 eff_stop=0.00228
2025.10.09 15:15:00;ORDER;entry fill deal #54 SELL 0.36 @ 1.16088
2025.10.09 16:45:00;VETO;outlier bar masked, z=5.6
2025.10.09 17:22:40;MANAGE;#54 SL 1.16 -> 1.16 breakeven
2025.10.09 17:22:40;MANAGE;#54 partial close 0.18 of 0.36 lots
2025.10.09 17:22:40;RISK;deal closed pnl=44.46 streak=0 lock=0
2025.10.09 17:23:40;MANAGE;#54 SL 1.16 -> 1.16 trail
2025.10.09 17:26:40;RISK;deal closed pnl=50.22 streak=0 lock=0
2025.10.09 17:30:00;VETO;outlier bar masked, z=5.2
2025.10.09 18:15:00;VETO;outlier bar masked, z=4.2
2025.10.09 18:30:00;VETO;outlier bar masked, z=4.2
2025.10.09 22:00:00;DECISION;setup SHORT score=0.60 entry=1.15 inv=1.16 tgt=0.00 [BOS short lvl=1.15|RelVol=1.35|VWAPside|CycleTurn w=0.99<-1.00]
2025.10.09 22:00:00;VETO;authorization denied: outside session window (server hour 22, window 13-21)
2025.10.09 22:15:00;VETO;authorization denied: outside session window (server hour 22, window 13-21)
2025.10.09 22:30:00;VETO;authorization denied: outside session window (server hour 22, window 13-21)
2025.10.09 22:45:00;VETO;authorization denied: outside session window (server hour 22, window 13-21)
2025.10.10 00:15:00;VETO;outlier bar masked, z=4.1
2025.10.10 04:00:00;VETO;signal rejected: regime: chop ADX 13.8 < 22.0
2025.10.10 05:30:00;VETO;signal rejected: regime: chop ADX 14.1 < 22.0
2025.10.10 07:00:00;VETO;signal rejected: regime: chop ADX 15.0 < 22.0
2025.10.10 08:30:00;VETO;signal rejected: regime: chop ADX 19.9 < 22.0
2025.10.10 11:15:00;VETO;signal rejected: regime: chop ADX 19.0 < 22.0
2025.10.10 14:30:00;VETO;signal rejected: regime: chop ADX 20.8 < 22.0
2025.10.10 18:00:00;VETO;signal rejected: regime: chop ADX 18.6 < 22.0
2025.10.10 18:15:00;VETO;outlier bar masked, z=13.0
2025.10.10 18:30:00;VETO;outlier bar masked, z=5.3
2025.10.13 00:01:00;VETO;outlier bar masked, z=7.3
2025.10.13 01:15:00;VETO;outlier bar masked, z=4.9
2025.10.13 03:45:00;DECISION;setup LONG score=0.85 entry=1.16 inv=1.16 tgt=0.00 AWAIT-RETEST [CHoCH long lvl=1.16|RelVol=1.83|Retest@1.16|VPnode d=0.00|VWAPside|CycleTurn w=-0.96<--0.99]
2025.10.13 04:00:00;VETO;authorization denied: outside session window (server hour 04, window 13-21)
2025.10.13 04:15:00;VETO;authorization denied: outside session window (server hour 04, window 13-21)
2025.10.13 04:30:00;VETO;authorization denied: outside session window (server hour 04, window 13-21)
2025.10.13 04:45:00;VETO;authorization denied: outside session window (server hour 04, window 13-21)
2025.10.13 09:00:00;VETO;signal rejected: volume: relVol 0.95 < 1.00
2025.10.13 09:30:00;DECISION;setup LONG score=0.70 entry=1.16 inv=1.16 tgt=0.00 AWAIT-RETEST [CHoCH long lvl=1.16|RelVol=1.13|Retest@1.16|VPnear|VWAPside|CycleTurn w=-0.97<--0.99]
2025.10.13 09:45:00;VETO;authorization denied: outside session window (server hour 09, window 13-21)
2025.10.13 10:00:00;VETO;outlier bar masked, z=3.8
2025.10.13 10:15:00;VETO;signal rejected: regime: chop ADX 21.1 < 22.0
2025.10.13 14:45:00;VETO;signal rejected: score 0.50 < 0.55 [BOS short lvl=1.16|RelVol=1.51|Retest@1.16|VWAPside|ADX=31]
2025.10.13 22:00:00;VETO;signal rejected: volume: relVol 0.43 < 1.00
2025.10.14 03:15:00;DECISION;setup SHORT score=0.65 entry=1.16 inv=1.16 tgt=0.00 AWAIT-RETEST [BOS short lvl=1.16|RelVol=1.42|Retest@1.16|VPnode d=0.00|VWAPside]
2025.10.14 04:00:00;VETO;authorization denied: outside session window (server hour 04, window 13-21)
2025.10.14 04:15:00;VETO;authorization denied: outside session window (server hour 04, window 13-21)
2025.10.14 04:30:00;VETO;signal rejected: volume: relVol 0.97 < 1.00
2025.10.14 04:30:00;VETO;authorization denied: outside session window (server hour 04, window 13-21)
2025.10.14 04:45:00;VETO;authorization denied: outside session window (server hour 04, window 13-21)
2025.10.14 06:00:00;DECISION;setup LONG score=0.75 entry=1.16 inv=1.16 tgt=0.00 [BOS long lvl=1.16|RelVol=1.03|VPnode d=0.00|VWAPside|ADX=38]
2025.10.14 06:00:00;VETO;authorization denied: outside session window (server hour 06, window 13-21)
2025.10.14 06:15:00;VETO;authorization denied: outside session window (server hour 06, window 13-21)
2025.10.14 06:30:00;VETO;authorization denied: outside session window (server hour 06, window 13-21)
2025.10.14 06:45:00;VETO;authorization denied: outside session window (server hour 06, window 13-21)
2025.10.14 10:45:00;VETO;outlier bar masked, z=4.4
2025.10.14 14:15:00;DECISION;setup SHORT score=0.65 entry=1.15 inv=1.16 tgt=0.00 [BOS short lvl=1.16|RelVol=1.13|VPnode d=0.00|VWAPside]
2025.10.14 14:15:00;DECISION;TP capped 0.00288 -> 0.00219 (3.0xATR)
2025.10.14 14:15:00;ORDER;filled SELL 0.54 lots sl=1.16 tp=1.15 [WT|BOS|0.65]
2025.10.14 14:15:00;RISK;sizing: vol_ratio=1.12 scalar=0.91 gap_buf=0.00037 eff_stop=0.00181
2025.10.14 14:15:00;ORDER;entry fill deal #57 SELL 0.54 @ 1.15490
2025.10.14 15:16:40;RISK;deal closed pnl=-77.76 streak=1 lock=0
2025.10.14 16:15:00;VETO;signal rejected: regime: chop ADX 21.5 < 22.0
2025.10.14 16:30:00;VETO;outlier bar masked, z=4.8
2025.10.14 19:00:00;VETO;signal rejected: score 0.50 < 0.55 [BOS long lvl=1.16|RelVol=1.62|Retest@1.16|VWAPside|ADX=39]
2025.10.14 23:15:00;VETO;signal rejected: score 0.30 < 0.55 [CHoCH short lvl=1.16|RelVol=1.07|Retest@1.16]
2025.10.15 03:45:00;VETO;signal rejected: regime: chop ADX 16.4 < 22.0
2025.10.15 08:30:00;VETO;signal rejected: volume: relVol 0.81 < 1.00
2025.10.15 16:00:00;VETO;signal rejected: regime: chop ADX 18.2 < 22.0
2025.10.15 18:30:00;VETO;signal rejected: regime: chop ADX 15.8 < 22.0
2025.10.15 23:00:00;VETO;signal rejected: volume: relVol 0.88 < 1.00
2025.10.16 01:45:00;DECISION;setup LONG score=0.95 entry=1.16 inv=1.16 tgt=0.00 [BOS long lvl=1.16|RelVol=1.03|VPnode d=0.00|VWAPside|CycleTurn w=0.55<-0.22|ADX=38]
2025.10.16 01:45:00;VETO;authorization denied: outside session window (server hour 01, window 13-21)
2025.10.16 02:00:00;VETO;authorization denied: outside session window (server hour 02, window 13-21)
2025.10.16 02:15:00;VETO;authorization denied: outside session window (server hour 02, window 13-21)
2025.10.16 02:30:00;VETO;authorization denied: outside session window (server hour 02, window 13-21)
2025.10.16 03:30:00;DECISION;setup LONG score=0.80 entry=1.17 inv=1.16 tgt=0.00 AWAIT-RETEST [BOS long lvl=1.17|RelVol=1.41|Retest@1.17|VPnear|VWAPside|CycleTurn w=-0.79<--0.97|ADX=50]
2025.10.16 10:15:00;DECISION;setup SHORT score=0.65 entry=1.17 inv=1.17 tgt=0.00 AWAIT-RETEST [CHoCH short lvl=1.17|RelVol=1.47|Retest@1.17|VPnode d=0.00|VWAPside]
2025.10.16 10:30:00;VETO;authorization denied: outside session window (server hour 10, window 13-21)
2025.10.16 10:45:00;VETO;authorization denied: outside session window (server hour 10, window 13-21)
2025.10.16 11:00:00;VETO;authorization denied: outside session window (server hour 11, window 13-21)
2025.10.16 11:15:00;VETO;authorization denied: outside session window (server hour 11, window 13-21)
2025.10.16 14:15:00;VETO;signal rejected: regime: chop ADX 19.8 < 22.0
2025.10.16 17:30:00;VETO;signal rejected: regime: chop ADX 17.0 < 22.0
2025.10.16 20:15:00;VETO;signal rejected: regime: chop ADX 16.5 < 22.0
2025.10.17 01:45:00;VETO;signal rejected: regime: chop ADX 21.2 < 22.0
2025.10.17 08:15:00;DECISION;setup LONG score=0.75 entry=1.17 inv=1.17 tgt=0.00 [BOS long lvl=1.17|RelVol=1.12|VPnode d=0.00|VWAPside|ADX=33]
2025.10.17 08:15:00;VETO;authorization denied: outside session window (server hour 08, window 13-21)
2025.10.17 08:30:00;VETO;authorization denied: outside session window (server hour 08, window 13-21)
2025.10.17 08:45:00;VETO;authorization denied: outside session window (server hour 08, window 13-21)
2025.10.17 09:00:00;VETO;authorization denied: outside session window (server hour 09, window 13-21)
2025.10.17 10:30:00;VETO;outlier bar masked, z=5.9
2025.10.17 14:00:00;DECISION;setup SHORT score=0.65 entry=1.17 inv=1.17 tgt=0.00 [BOS short lvl=1.17|RelVol=1.75|VPnode d=0.00|VWAPside]
2025.10.17 14:00:00;DECISION;TP capped 0.00360 -> 0.00270 (3.0xATR)
2025.10.17 14:00:00;ORDER;filled SELL 0.37 lots sl=1.17 tp=1.17 [WT|BOS|0.65]
2025.10.17 14:00:00;RISK;sizing: vol_ratio=1.28 scalar=0.79 gap_buf=0.00044 eff_stop=0.00224
2025.10.17 14:00:00;ORDER;entry fill deal #59 SELL 0.37 @ 1.16900
2025.10.17 15:15:00;DECISION;setup SHORT score=0.60 entry=1.17 inv=1.17 tgt=0.00 [BOS short lvl=1.17|RelVol=1.46|VPnear|VWAPside|ADX=35]
2025.10.17 15:15:00;DECISION;TP capped 0.00464 -> 0.00348 (3.0xATR)
2025.10.17 15:15:00;VETO;risk veto: max positions
2025.10.17 15:27:40;MANAGE;#59 SL 1.17 -> 1.17 breakeven
2025.10.17 15:27:40;MANAGE;#59 partial close 0.18 of 0.37 lots
2025.10.17 15:27:40;RISK;deal closed pnl=33.84 streak=0 lock=0
2025.10.17 15:28:40;MANAGE;#59 SL 1.17 -> 1.17 trail
2025.10.17 15:31:40;MANAGE;#59 SL 1.17 -> 1.17 trail
2025.10.17 15:38:40;MANAGE;#59 SL 1.17 -> 1.17 trail
2025.10.17 17:03:40;MANAGE;#59 SL 1.17 -> 1.17 trail
2025.10.17 17:05:40;RISK;deal closed pnl=51.30 streak=0 lock=0
2025.10.17 17:15:00;VETO;signal rejected: score 0.50 < 0.55 [BOS short lvl=1.17|RelVol=1.13|Retest@1.17|VWAPside|ADX=40]
2025.10.17 23:30:00;DECISION;setup SHORT score=0.60 entry=1.17 inv=1.17 tgt=0.00 [BOS short lvl=1.17|RelVol=1.08|VWAPside|CycleTurn w=0.97<-1.00]
2025.10.17 23:30:00;VETO;authorization denied: outside session window (server hour 23, window 13-21)
2025.10.17 23:45:00;VETO;authorization denied: outside session window (server hour 23, window 13-21)
2025.10.20 00:01:00;VETO;authorization denied: outside session window (server hour 00, window 13-21)
2025.10.20 00:15:00;VETO;authorization denied: outside session window (server hour 00, window 13-21)
2025.10.20 05:15:00;VETO;signal rejected: regime: chop ADX 21.0 < 22.0
2025.10.20 08:00:00;VETO;signal rejected: volume: relVol 0.93 < 1.00
2025.10.20 13:15:00;VETO;signal rejected: regime: chop ADX 11.8 < 22.0
2025.10.20 17:45:00;VETO;signal rejected: volume: relVol 0.84 < 1.00
2025.10.20 19:30:00;VETO;signal rejected: volume: relVol 0.85 < 1.00
2025.10.21 03:15:00;VETO;signal rejected: volume: relVol 0.97 < 1.00
2025.10.21 05:45:00;DECISION;setup SHORT score=0.65 entry=1.16 inv=1.17 tgt=0.00 AWAIT-RETEST [CHoCH short lvl=1.16|RelVol=1.70|Retest@1.16|VPnode d=0.00|VWAPside]
2025.10.21 08:30:00;DECISION;setup SHORT score=0.60 entry=1.16 inv=1.17 tgt=0.00 [BOS short lvl=1.16|RelVol=1.26|VPnear|VWAPside|ADX=41]
2025.10.21 08:30:00;VETO;authorization denied: outside session window (server hour 08, window 13-21)
2025.10.21 08:45:00;VETO;authorization denied: outside session window (server hour 08, window 13-21)
2025.10.21 09:00:00;VETO;authorization denied: outside session window (server hour 09, window 13-21)
2025.10.21 09:15:00;VETO;authorization denied: outside session window (server hour 09, window 13-21)
2025.10.21 13:45:00;DECISION;setup SHORT score=0.75 entry=1.16 inv=1.16 tgt=0.00 [BOS short lvl=1.16|RelVol=1.08|VPnode d=0.00|VWAPside|ADX=35]
2025.10.21 13:45:00;DECISION;TP capped 0.00370 -> 0.00277 (3.0xATR)
2025.10.21 13:45:00;ORDER;filled SELL 0.32 lots sl=1.16 tp=1.16 [WT|BOS|0.75]
2025.10.21 13:45:00;RISK;sizing: vol_ratio=1.44 scalar=0.67 gap_buf=0.00039 eff_stop=0.00224
2025.10.21 13:45:00;ORDER;entry fill deal #62 SELL 0.32 @ 1.16090
2025.10.21 15:30:00;VETO;signal rejected: volume: relVol 0.98 < 1.00
2025.10.21 17:45:00;VETO;signal rejected: regime: chop ADX 19.0 < 22.0
2025.10.21 23:00:00;VETO;signal rejected: regime: chop ADX 21.4 < 22.0
2025.10.22 03:15:00;VETO;signal rejected: regime: chop ADX 15.5 < 22.0
2025.10.22 05:45:00;VETO;signal rejected: volume: relVol 0.70 < 1.00
2025.10.22 08:15:00;VETO;signal rejected: regime: chop ADX 21.9 < 22.0
2025.10.22 10:15:00;VETO;signal rejected: regime: chop ADX 20.1 < 22.0
2025.10.22 11:16:40;MANAGE;#62 SL 1.16 -> 1.16 breakeven
2025.10.22 11:16:40;MANAGE;#62 partial close 0.16 of 0.32 lots
2025.10.22 11:16:40;RISK;deal closed pnl=29.60 streak=0 lock=0
2025.10.22 11:16:59;MANAGE;#62 SL 1.16 -> 1.16 trail
2025.10.22 11:17:40;MANAGE;#62 SL 1.16 -> 1.16 trail
2025.10.22 13:22:40;MANAGE;#62 SL 1.16 -> 1.16 trail
2025.10.22 13:27:40;MANAGE;#62 SL 1.16 -> 1.16 trail
2025.10.22 13:30:00;DECISION;setup SHORT score=0.60 entry=1.16 inv=1.16 tgt=0.00 [BOS short lvl=1.16|RelVol=1.04|VPnear|VWAPside|ADX=31]
2025.10.22 13:30:00;DECISION;TP capped 0.00336 -> 0.00252 (3.0xATR)
2025.10.22 13:30:00;VETO;risk veto: max positions
2025.10.22 13:36:40;MANAGE;#62 SL 1.16 -> 1.16 trail
2025.10.22 13:37:40;MANAGE;#62 SL 1.16 -> 1.16 trail
2025.10.22 14:30:20;MANAGE;#62 SL 1.16 -> 1.16 trail
2025.10.22 14:41:20;MANAGE;#62 SL 1.16 -> 1.16 trail
2025.10.22 15:24:20;MANAGE;#62 SL 1.16 -> 1.16 trail
2025.10.22 15:39:00;RISK;deal closed pnl=44.16 streak=0 lock=0
2025.10.22 15:45:00;VETO;signal rejected: volume: relVol 0.69 < 1.00
2025.10.22 16:45:00;VETO;signal rejected: volume: relVol 0.93 < 1.00
2025.10.22 19:45:00;DECISION;setup LONG score=0.75 entry=1.16 inv=1.16 tgt=0.00 [BOS long lvl=1.16|RelVol=2.13|VPnode d=0.00|VWAPside|ADX=64]
2025.10.22 19:45:00;DECISION;TP capped 0.00848 -> 0.00636 (3.0xATR)
2025.10.22 19:45:00;ORDER;filled BUY 0.16 lots sl=1.16 tp=1.17 [WT|BOS|0.75]
2025.10.22 19:45:00;RISK;sizing: vol_ratio=1.40 scalar=0.70 gap_buf=0.00037 eff_stop=0.00461
2025.10.22 19:45:00;ORDER;entry fill deal #65 BUY 0.16 @ 1.16192
2025.10.22 21:45:00;VETO;signal rejected: volume: relVol 0.91 < 1.00
2025.10.23 03:15:00;VETO;signal rejected: volume: relVol 0.85 < 1.00
2025.10.23 05:45:00;VETO;signal rejected: volume: relVol 0.77 < 1.00
2025.10.23 07:00:00;VETO;signal rejected: volume: relVol 0.94 < 1.00
2025.10.23 08:00:00;VETO;signal rejected: volume: relVol 0.80 < 1.00
2025.10.23 13:30:00;VETO;signal rejected: regime: chop ADX 16.7 < 22.0
2025.10.23 17:00:00;VETO;signal rejected: volume: relVol 0.76 < 1.00
2025.10.23 22:15:00;VETO;signal rejected: volume: relVol 0.31 < 1.00
2025.10.24 01:15:00;VETO;signal rejected: regime: chop ADX 18.1 < 22.0
2025.10.24 04:30:00;VETO;signal rejected: regime: chop ADX 20.6 < 22.0
2025.10.24 08:30:00;VETO;signal rejected: volume: relVol 0.66 < 1.00
2025.10.24 10:00:00;VETO;signal rejected: volume: relVol 0.52 < 1.00
2025.10.24 10:45:00;VETO;outlier bar masked, z=6.5
2025.10.24 15:45:00;VETO;outlier bar masked, z=12.8
2025.10.24 16:00:00;VETO;outlier bar masked, z=3.9
2025.10.24 23:15:00;VETO;signal rejected: regime: chop ADX 18.4 < 22.0
2025.10.24 23:45:00;VETO;signal rejected: regime: chop ADX 19.2 < 22.0
2025.10.27 03:15:00;DECISION;setup LONG score=0.65 entry=1.16 inv=1.16 tgt=0.00 AWAIT-RETEST [CHoCH long lvl=1.16|RelVol=1.09|Retest@1.16|VPnode d=0.00|VWAPside]
2025.10.27 04:15:00;VETO;authorization denied: outside session window (server hour 04, window 13-21)
2025.10.27 04:30:00;VETO;authorization denied: outside session window (server hour 04, window 13-21)
2025.10.27 04:45:00;VETO;authorization denied: outside session window (server hour 04, window 13-21)
2025.10.27 05:00:00;VETO;authorization denied: outside session window (server hour 05, window 13-21)
2025.10.27 06:15:00;DECISION;setup SHORT score=0.65 entry=1.16 inv=1.16 tgt=0.00 AWAIT-RETEST [CHoCH short lvl=1.16|RelVol=1.20|Retest@1.16|VPnode d=0.00|VWAPside]
2025.10.27 06:30:00;VETO;authorization denied: outside session window (server hour 06, window 13-21)
2025.10.27 06:45:00;VETO;authorization denied: outside session window (server hour 06, window 13-21)
2025.10.27 07:00:00;VETO;authorization denied: outside session window (server hour 07, window 13-21)
2025.10.27 07:15:00;VETO;authorization denied: outside session window (server hour 07, window 13-21)
2025.10.27 10:00:00;VETO;signal rejected: regime: chop ADX 19.5 < 22.0
2025.10.27 11:30:00;VETO;signal rejected: volume: relVol 0.91 < 1.00
2025.10.27 15:45:00;VETO;signal rejected: volume: relVol 0.76 < 1.00
2025.10.27 20:45:00;VETO;signal rejected: regime: chop ADX 13.4 < 22.0
2025.10.28 01:00:00;VETO;signal rejected: volume: relVol 0.34 < 1.00
2025.10.28 03:12:40;MANAGE;#65 SL 1.16 -> 1.16 breakeven
2025.10.28 03:12:40;MANAGE;#65 partial close 0.08 of 0.16 lots
2025.10.28 03:12:40;RISK;deal closed pnl=33.74 streak=0 lock=0
2025.10.28 03:12:59;MANAGE;#65 SL 1.16 -> 1.17 trail
2025.10.28 03:14:20;MANAGE;#65 SL 1.17 -> 1.17 trail
2025.10.28 03:15:40;MANAGE;#65 SL 1.17 -> 1.17 trail
2025.10.28 03:24:40;RISK;deal closed pnl=29.59 streak=0 lock=0
2025.10.28 06:45:00;DECISION;setup LONG score=0.95 entry=1.17 inv=1.17 tgt=0.00 [BOS long lvl=1.17|RelVol=1.13|VPnode d=0.00|VWAPside|CycleTurn w=0.37<--0.61|ADX=47]
2025.10.28 06:45:00;VETO;authorization denied: outside session window (server hour 06, window 13-21)
2025.10.28 07:00:00;VETO;authorization denied: outside session window (server hour 07, window 13-21)
2025.10.28 07:15:00;VETO;authorization denied: outside session window (server hour 07, window 13-21)
2025.10.28 07:30:00;VETO;authorization denied: outside session window (server hour 07, window 13-21)
2025.10.28 11:00:00;VETO;outlier bar masked, z=4.3
2025.10.28 13:00:00;VETO;signal rejected: volume: relVol 0.88 < 1.00
2025.10.28 14:45:00;VETO;signal rejected: regime: chop ADX 18.7 < 22.0
2025.10.28 15:15:00;VETO;outlier bar masked, z=5.1
2025.10.28 16:15:00;VETO;outlier bar masked, z=3.7
2025.10.28 19:00:00;VETO;outlier bar masked, z=5.5
2025.10.28 22:00:00;DECISION;setup SHORT score=0.85 entry=1.17 inv=1.17 tgt=0.00 AWAIT-RETEST [CHoCH short lvl=1.17|RelVol=1.42|Retest@1.17|VPnode d=0.00|VWAPside|CycleTurn w=-0.54<--0.52]
2025.10.28 22:15:00;VETO;authorization denied: outside session window (server hour 22, window 13-21)
2025.10.28 22:30:00;VETO;authorization denied: outside session window (server hour 22, window 13-21)
2025.10.28 22:45:00;VETO;authorization denied: outside session window (server hour 22, window 13-21)
2025.10.28 23:01:00;VETO;authorization denied: outside session window (server hour 23, window 13-21)
2025.10.29 02:00:00;DECISION;setup LONG score=0.85 entry=1.17 inv=1.16 tgt=0.00 AWAIT-RETEST [CHoCH long lvl=1.17|RelVol=1.81|Retest@1.17|VPnode d=0.00|VWAPside|CycleTurn w=-0.78<--0.99]
2025.10.29 02:30:00;VETO;authorization denied: outside session window (server hour 02, window 13-21)
2025.10.29 02:45:00;VETO;authorization denied: outside session window (server hour 02, window 13-21)
2025.10.29 03:00:00;VETO;authorization denied: outside session window (server hour 03, window 13-21)
2025.10.29 03:15:00;VETO;authorization denied: outside session window (server hour 03, window 13-21)
2025.10.29 03:45:00;VETO;signal rejected: regime: chop ADX 20.8 < 22.0
2025.10.29 05:45:00;DECISION;setup SHORT score=0.60 entry=1.16 inv=1.17 tgt=0.00 [BOS short lvl=1.16|RelVol=1.24|VPnear|VWAPside|ADX=35]
2025.10.29 05:45:00;VETO;authorization denied: outside session window (server hour 05, window 13-21)
2025.10.29 06:00:00;VETO;authorization denied: outside session window (server hour 06, window 13-21)
2025.10.29 06:15:00;VETO;authorization denied: outside session window (server hour 06, window 13-21)
2025.10.29 06:30:00;VETO;authorization denied: outside session window (server hour 06, window 13-21)
2025.10.29 11:00:00;VETO;signal rejected: volume: relVol 0.60 < 1.00
2025.10.29 12:00:00;DECISION;setup LONG score=0.70 entry=1.16 inv=1.16 tgt=0.00 AWAIT-RETEST [CHoCH long lvl=1.16|RelVol=1.05|Retest@1.16|VPnear|VWAPside|CycleTurn w=0.35<--0.71]
2025.10.29 12:15:00;VETO;authorization denied: outside session window (server hour 12, window 13-21)
2025.10.29 12:30:00;VETO;authorization denied: outside session window (server hour 12, window 13-21)
2025.10.29 12:45:00;VETO;authorization denied: outside session window (server hour 12, window 13-21)
2025.10.29 13:00:00;DECISION;TP capped 0.00574 -> 0.00431 (3.0xATR)
2025.10.29 13:00:00;ORDER;filled BUY 0.25 lots sl=1.16 tp=1.17 [WT|CHOCH|0.70]
2025.10.29 13:00:00;RISK;sizing: vol_ratio=1.32 scalar=0.76 gap_buf=0.00036 eff_stop=0.00323
2025.10.29 13:00:00;ORDER;entry fill deal #68 BUY 0.25 @ 1.16473
2025.10.29 14:45:00;VETO;signal rejected: regime: chop ADX 19.1 < 22.0
2025.10.29 17:00:00;VETO;signal rejected: regime: chop ADX 17.7 < 22.0
2025.10.29 20:15:00;VETO;outlier bar masked, z=4.9
2025.10.29 20:35:40;RISK;deal closed pnl=-71.75 streak=1 lock=0
2025.10.29 20:45:00;VETO;outlier bar masked, z=21.6
2025.10.29 21:00:00;VETO;outlier bar masked, z=4.6
2025.10.29 21:15:00;VETO;outlier bar masked, z=5.2
2025.10.30 02:30:00;DECISION;setup LONG score=0.65 entry=1.16 inv=1.16 tgt=0.00 AWAIT-RETEST [CHoCH long lvl=1.16|RelVol=2.10|Retest@1.16|VPnode d=0.00|VWAPside]
2025.10.30 04:15:00;VETO;signal rejected: regime: chop ADX 18.4 < 22.0
2025.10.30 06:30:00;VETO;outlier bar masked, z=3.7
2025.10.30 13:00:00;VETO;signal rejected: volume: relVol 0.95 < 1.00
2025.10.30 14:30:00;VETO;outlier bar masked, z=4.2
2025.10.30 15:30:00;VETO;outlier bar masked, z=3.5
2025.10.31 01:45:00;VETO;signal rejected: regime: chop ADX 17.2 < 22.0
2025.10.31 09:00:00;VETO;signal rejected: regime: chop ADX 18.5 < 22.0
2025.10.31 11:15:00;VETO;signal rejected: volume: relVol 0.57 < 1.00
2025.10.31 13:45:00;VETO;signal rejected: regime: chop ADX 21.4 < 22.0
2025.10.31 15:45:00;VETO;outlier bar masked, z=5.4
2025.10.31 16:45:00;VETO;outlier bar masked, z=3.7
2025.10.31 18:00:00;VETO;outlier bar masked, z=5.8
2025.11.03 06:15:00;DECISION;setup LONG score=0.65 entry=1.15 inv=1.15 tgt=0.00 AWAIT-RETEST [CHoCH long lvl=1.15|RelVol=1.40|Retest@1.15|VPnode d=0.00|VWAPside]
2025.11.03 06:30:00;VETO;authorization denied: outside session window (server hour 06, window 13-21)
2025.11.03 06:45:00;VETO;authorization denied: outside session window (server hour 06, window 13-21)
2025.11.03 07:00:00;VETO;authorization denied: outside session window (server hour 07, window 13-21)
2025.11.03 07:15:00;VETO;authorization denied: outside session window (server hour 07, window 13-21)
2025.11.03 08:30:00;VETO;signal rejected: volume: relVol 0.93 < 1.00
2025.11.03 10:45:00;VETO;signal rejected: volume: relVol 0.89 < 1.00
2025.11.03 14:45:00;VETO;signal rejected: volume: relVol 0.70 < 1.00
2025.11.03 15:30:00;DECISION;setup SHORT score=0.85 entry=1.15 inv=1.15 tgt=0.00 AWAIT-RETEST [CHoCH short lvl=1.15|RelVol=1.05|Retest@1.15|VPnode d=0.00|VWAPside|CycleTurn w=0.91<-0.99]
2025.11.03 15:45:00;DECISION;TP capped 0.00254 -> 0.00190 (3.0xATR)
2025.11.03 15:45:00;ORDER;filled SELL 0.70 lots sl=1.15 tp=1.15 [WT|CHOCH|0.85]
2025.11.03 15:45:00;RISK;sizing: vol_ratio=0.93 scalar=1.00 gap_buf=0.00028 eff_stop=0.00155
2025.11.03 15:45:00;ORDER;entry fill deal #70 SELL 0.70 @ 1.15097
2025.11.03 17:57:40;RISK;deal closed pnl=-88.90 streak=1 lock=0
2025.11.03 18:00:00;VETO;signal rejected: volume: relVol 0.95 < 1.00
2025.11.03 19:30:00;DECISION;setup LONG score=0.75 entry=1.15 inv=1.15 tgt=0.00 [BOS long lvl=1.15|RelVol=1.02|VPnode d=0.00|VWAPside|ADX=38]
2025.11.03 19:30:00;DECISION;TP capped 0.00626 -> 0.00470 (3.0xATR)
2025.11.03 19:30:00;ORDER;filled BUY 0.23 lots sl=1.15 tp=1.16 [WT|BOS|0.75]
2025.11.03 19:30:00;RISK;sizing: vol_ratio=1.33 scalar=0.76 gap_buf=0.00038 eff_stop=0.00351
2025.11.03 19:30:00;ORDER;entry fill deal #72 BUY 0.23 @ 1.15362
2025.11.03 23:30:00;VETO;signal rejected: score 0.50 < 0.55 [CHoCH short lvl=1.15|RelVol=1.23|Retest@1.15|VPnear|VWAPside]
2025.11.04 02:15:00;DECISION;setup SHORT score=0.80 entry=1.15 inv=1.15 tgt=0.00 AWAIT-RETEST [BOS short lvl=1.15|RelVol=2.02|Retest@1.15|VPnear|VWAPside|CycleTurn w=-0.12<-0.98|ADX=32]
2025.11.04 03:06:40;RISK;deal closed pnl=-72.15 streak=1 lock=0
2025.11.04 08:30:00;DECISION;setup LONG score=0.85 entry=1.15 inv=1.15 tgt=0.00 AWAIT-RETEST [CHoCH long lvl=1.15|RelVol=2.50|Retest@1.15|VPnode d=0.00|VWAPside|CycleTurn w=0.77<-0.76]
2025.11.04 12:00:00;DECISION;setup SHORT score=0.65 entry=1.15 inv=1.15 tgt=0.00 AWAIT-RETEST [CHoCH short lvl=1.15|RelVol=1.26|Retest@1.15|VPnode d=0.00|VWAPside]
2025.11.04 12:15:00;VETO;authorization denied: outside session window (server hour 12, window 13-21)
2025.11.04 12:30:00;VETO;authorization denied: outside session window (server hour 12, window 13-21)
2025.11.04 12:45:00;VETO;authorization denied: outside session window (server hour 12, window 13-21)
2025.11.04 13:00:00;DECISION;TP capped 0.00602 -> 0.00451 (3.0xATR)
2025.11.04 13:00:00;ORDER;filled SELL 0.24 lots sl=1.15 tp=1.15 [WT|CHOCH|0.65]
2025.11.04 13:00:00;RISK;sizing: vol_ratio=1.32 scalar=0.76 gap_buf=0.00037 eff_stop=0.00338
2025.11.04 13:00:00;ORDER;entry fill deal #74 SELL 0.24 @ 1.15038
2025.11.04 13:45:00;DECISION;setup SHORT score=0.60 entry=1.15 inv=1.15 tgt=0.00 [BOS short lvl=1.15|RelVol=1.62|VPnear|VWAPside|ADX=53]
2025.11.04 13:45:00;DECISION;TP capped 0.00756 -> 0.00567 (3.0xATR)
2025.11.04 13:45:00;VETO;risk veto: max positions
2025.11.04 16:40:40;MANAGE;#74 SL 1.15 -> 1.15 breakeven
2025.11.04 16:40:40;MANAGE;#74 partial close 0.12 of 0.24 lots
2025.11.04 16:40:40;RISK;deal closed pnl=36.48 streak=0 lock=0
2025.11.04 16:40:59;MANAGE;#74 SL 1.15 -> 1.15 trail
2025.11.04 17:36:40;RISK;deal closed pnl=18.36 streak=0 lock=0
2025.11.04 21:45:00;DECISION;setup SHORT score=0.65 entry=1.15 inv=1.15 tgt=0.00 [BOS short lvl=1.15|RelVol=1.26|VPnode d=0.00|VWAPside]
2025.11.04 21:45:00;VETO;authorization denied: outside session window (server hour 21, window 13-21)
2025.11.04 22:00:00;VETO;authorization denied: outside session window (server hour 22, window 13-21)
2025.11.04 22:15:00;VETO;authorization denied: outside session window (server hour 22, window 13-21)
2025.11.04 22:30:00;VETO;authorization denied: outside session window (server hour 22, window 13-21)
2025.11.05 01:30:00;DECISION;setup LONG score=0.65 entry=1.15 inv=1.15 tgt=0.00 AWAIT-RETEST [CHoCH long lvl=1.15|RelVol=1.64|Retest@1.15|VPnode d=0.00|VWAPside]
2025.11.05 01:45:00;VETO;authorization denied: outside session window (server hour 01, window 13-21)
2025.11.05 02:00:00;VETO;authorization denied: outside session window (server hour 02, window 13-21)
2025.11.05 02:15:00;VETO;authorization denied: outside session window (server hour 02, window 13-21)
2025.11.05 02:30:00;VETO;authorization denied: outside session window (server hour 02, window 13-21)
2025.11.05 03:30:00;VETO;signal rejected: regime: chop ADX 19.0 < 22.0
2025.11.05 07:45:00;VETO;signal rejected: regime: chop ADX 21.5 < 22.0
2025.11.05 10:15:00;VETO;signal rejected: regime: chop ADX 20.8 < 22.0
2025.11.05 12:15:00;DECISION;setup SHORT score=0.65 entry=1.15 inv=1.15 tgt=0.00 AWAIT-RETEST [CHoCH short lvl=1.15|RelVol=1.24|Retest@1.15|VPnode d=0.00|VWAPside]
2025.11.05 12:45:00;VETO;authorization denied: outside session window (server hour 12, window 13-21)
2025.11.05 13:00:00;DECISION;TP capped 0.00250 -> 0.00187 (3.0xATR)
2025.11.05 13:00:00;ORDER;filled SELL 0.61 lots sl=1.15 tp=1.15 [WT|CHOCH|0.65]
2025.11.05 13:00:00;RISK;sizing: vol_ratio=1.15 scalar=0.89 gap_buf=0.00030 eff_stop=0.00155
2025.11.05 13:00:00;ORDER;entry fill deal #77 SELL 0.61 @ 1.14831
2025.11.05 16:00:00;VETO;signal rejected: regime: chop ADX 21.2 < 22.0
2025.11.05 16:02:40;MANAGE;#77 SL 1.15 -> 1.15 breakeven
2025.11.05 16:02:40;MANAGE;#77 partial close 0.30 of 0.61 lots
2025.11.05 16:02:40;RISK;deal closed pnl=37.50 streak=0 lock=0
2025.11.05 16:03:40;MANAGE;#77 SL 1.15 -> 1.15 trail
2025.11.05 16:16:40;RISK;deal closed pnl=9.30 streak=0 lock=0
2025.11.05 17:15:00;VETO;outlier bar masked, z=6.5
2025.11.05 17:45:00;VETO;outlier bar masked, z=3.6
2025.11.05 21:45:00;VETO;signal rejected: regime: chop ADX 12.4 < 22.0
2025.11.05 23:45:00;VETO;signal rejected: volume: relVol 0.65 < 1.00
2025.11.06 01:15:00;DECISION;setup LONG score=0.75 entry=1.15 inv=1.15 tgt=0.00 [BOS long lvl=1.15|RelVol=1.58|VPnode d=0.00|VWAPside|ADX=35]
2025.11.06 01:15:00;VETO;authorization denied: outside session window (server hour 01, window 13-21)
2025.11.06 01:30:00;VETO;authorization denied: outside session window (server hour 01, window 13-21)
2025.11.06 01:45:00;VETO;authorization denied: outside session window (server hour 01, window 13-21)
2025.11.06 02:00:00;VETO;authorization denied: outside session window (server hour 02, window 13-21)
2025.11.06 08:00:00;DECISION;setup LONG score=0.95 entry=1.15 inv=1.15 tgt=0.00 [BOS long lvl=1.15|RelVol=1.25|VPnode d=0.00|VWAPside|CycleTurn w=-0.99<--1.00|ADX=34]
2025.11.06 08:00:00;VETO;authorization denied: outside session window (server hour 08, window 13-21)
2025.11.06 08:15:00;VETO;authorization denied: outside session window (server hour 08, window 13-21)
2025.11.06 08:30:00;VETO;authorization denied: outside session window (server hour 08, window 13-21)
2025.11.06 08:45:00;VETO;authorization denied: outside session window (server hour 08, window 13-21)
2025.11.06 11:00:00;VETO;outlier bar masked, z=7.0
2025.11.06 14:15:00;VETO;outlier bar masked, z=3.7
2025.11.06 14:45:00;VETO;signal rejected: volume: relVol 0.87 < 1.00
2025.11.06 17:30:00;VETO;outlier bar masked, z=4.0
2025.11.06 17:45:00;VETO;outlier bar masked, z=3.7
2025.11.06 18:00:00;VETO;outlier bar masked, z=4.9
2025.11.06 19:30:00;VETO;outlier bar masked, z=4.3
2025.11.06 20:15:00;VETO;signal rejected: volume: relVol 0.88 < 1.00
2025.11.07 00:15:00;VETO;signal rejected: regime: chop ADX 20.1 < 22.0
2025.11.07 01:30:00;VETO;signal rejected: regime: chop ADX 16.3 < 22.0
2025.11.07 06:30:00;DECISION;setup SHORT score=0.65 entry=1.15 inv=1.15 tgt=0.00 AWAIT-RETEST [CHoCH short lvl=1.15|RelVol=1.69|Retest@1.15|VPnode d=0.00|VWAPside]
2025.11.07 06:45:00;VETO;authorization denied: outside session window (server hour 06, window 13-21)
2025.11.07 07:00:00;VETO;authorization denied: outside session window (server hour 07, window 13-21)
2025.11.07 07:15:00;VETO;authorization denied: outside session window (server hour 07, window 13-21)
2025.11.07 07:30:00;VETO;authorization denied: outside session window (server hour 07, window 13-21)
2025.11.07 08:30:00;DECISION;setup SHORT score=0.65 entry=1.15 inv=1.15 tgt=0.00 [BOS short lvl=1.15|RelVol=1.08|VPnode d=0.00|VWAPside]
2025.11.07 08:30:00;VETO;authorization denied: outside session window (server hour 08, window 13-21)
2025.11.07 08:45:00;VETO;authorization denied: outside session window (server hour 08, window 13-21)
2025.11.07 09:00:00;VETO;authorization denied: outside session window (server hour 09, window 13-21)
2025.11.07 09:15:00;VETO;authorization denied: outside session window (server hour 09, window 13-21)
2025.11.07 12:15:00;VETO;signal rejected: volume: relVol 0.95 < 1.00
2025.11.07 15:30:00;VETO;signal rejected: volume: relVol 0.86 < 1.00
2025.11.07 17:15:00;VETO;outlier bar masked, z=5.8
2025.11.07 18:00:00;VETO;outlier bar masked, z=3.7
2025.11.07 21:00:00;VETO;signal rejected: volume: relVol 0.72 < 1.00
2025.11.10 00:45:00;VETO;signal rejected: volume: relVol 0.98 < 1.00
2025.11.10 01:15:00;VETO;outlier bar masked, z=3.9
2025.11.10 02:15:00;VETO;outlier bar masked, z=5.3
2025.11.10 07:00:00;VETO;signal rejected: volume: relVol 0.93 < 1.00
2025.11.10 09:00:00;DECISION;setup SHORT score=0.75 entry=1.16 inv=1.16 tgt=0.00 AWAIT-RETEST [CHoCH short lvl=1.16|RelVol=1.44|Retest@1.16|VPnode d=0.00|CycleTurn w=0.88<-0.98]
2025.11.10 09:15:00;VETO;authorization denied: outside session window (server hour 09, window 13-21)
2025.11.10 09:30:00;VETO;authorization denied: outside session window (server hour 09, window 13-21)
2025.11.10 09:45:00;VETO;signal rejected: score 0.50 < 0.55 [CHoCH long lvl=1.16|RelVol=1.07|Retest@1.16|VPnear|VWAPside]
2025.11.10 12:45:00;VETO;signal rejected: regime: chop ADX 19.6 < 22.0
2025.11.10 17:45:00;DECISION;setup SHORT score=0.65 entry=1.16 inv=1.16 tgt=0.00 [BOS short lvl=1.16|RelVol=1.04|VPnode d=0.00|VWAPside]
2025.11.10 17:45:00;DECISION;TP capped 0.00520 -> 0.00390 (3.0xATR)
2025.11.10 17:45:00;ORDER;filled SELL 0.32 lots sl=1.16 tp=1.15 [WT|BOS|0.65]
2025.11.10 17:45:00;RISK;sizing: vol_ratio=1.16 scalar=0.88 gap_buf=0.00035 eff_stop=0.00295
2025.11.10 17:45:00;ORDER;entry fill deal #80 SELL 0.32 @ 1.15522
2025.11.10 20:00:00;VETO;signal rejected: volume: relVol 0.96 < 1.00
2025.11.10 23:45:00;VETO;signal rejected: regime: chop ADX 20.9 < 22.0
2025.11.11 05:30:00;VETO;signal rejected: volume: relVol 0.98 < 1.00
2025.11.11 07:15:00;VETO;signal rejected: volume: relVol 0.99 < 1.00
2025.11.11 09:15:00;DECISION;setup SHORT score=0.85 entry=1.16 inv=1.16 tgt=0.00 AWAIT-RETEST [CHoCH short lvl=1.16|RelVol=1.12|Retest@1.16|VPnode d=0.00|VWAPside|CycleTurn w=-0.45<-0.57]
2025.11.11 09:30:00;VETO;authorization denied: outside session window (server hour 09, window 13-21)
2025.11.11 09:45:00;VETO;authorization denied: outside session window (server hour 09, window 13-21)
2025.11.11 10:00:00;VETO;authorization denied: outside session window (server hour 10, window 13-21)
2025.11.11 10:15:00;VETO;authorization denied: outside session window (server hour 10, window 13-21)
2025.11.11 12:30:00;VETO;signal rejected: volume: relVol 0.95 < 1.00
2025.11.11 15:13:40;RISK;deal closed pnl=-83.52 streak=1 lock=0
2025.11.11 15:30:00;VETO;outlier bar masked, z=10.5
2025.11.11 16:00:00;VETO;outlier bar masked, z=4.3
2025.11.11 16:30:00;VETO;outlier bar masked, z=3.7
2025.11.11 17:15:00;VETO;outlier bar masked, z=3.7
2025.11.11 21:15:00;VETO;signal rejected: regime: chop ADX 20.3 < 22.0
2025.11.11 23:00:00;VETO;signal rejected: score 0.30 < 0.55 [BOS short lvl=1.16|RelVol=1.17]
2025.11.12 03:00:00;VETO;signal rejected: regime: chop ADX 20.3 < 22.0
2025.11.12 06:30:00;DECISION;setup SHORT score=0.85 entry=1.16 inv=1.16 tgt=0.00 [BOS short lvl=1.16|RelVol=1.19|VPnode d=0.00|VWAPside|CycleTurn w=0.72<-0.98]
2025.11.12 06:30:00;VETO;authorization denied: outside session window (server hour 06, window 13-21)
2025.11.12 06:45:00;VETO;authorization denied: outside session window (server hour 06, window 13-21)
2025.11.12 07:00:00;VETO;authorization denied: outside session window (server hour 07, window 13-21)
2025.11.12 07:15:00;VETO;authorization denied: outside session window (server hour 07, window 13-21)
2025.11.12 09:00:00;VETO;signal rejected: volume: relVol 0.61 < 1.00
2025.11.12 12:30:00;VETO;signal rejected: score 0.50 < 0.55 [CHoCH short lvl=1.16|RelVol=1.25|Retest@1.16|VPnear|VWAPside]
2025.11.12 16:15:00;VETO;outlier bar masked, z=3.6
2025.11.12 16:30:00;VETO;signal rejected: volume: relVol 0.94 < 1.00
2025.11.12 17:45:00;VETO;signal rejected: volume: relVol 0.85 < 1.00
2025.11.12 18:00:00;VETO;outlier bar masked, z=4.4
2025.11.12 21:15:00;VETO;signal rejected: volume: relVol 0.68 < 1.00
2025.11.13 00:01:00;VETO;signal rejected: regime: chop ADX 13.6 < 22.0
2025.11.13 02:15:00;VETO;signal rejected: regime: chop ADX 17.3 < 22.0
2025.11.13 09:30:00;VETO;signal rejected: regime: chop ADX 21.0 < 22.0
2025.11.13 09:45:00;VETO;outlier bar masked, z=4.1
2025.11.13 11:00:00;VETO;outlier bar masked, z=7.4
2025.11.13 11:15:00;VETO;outlier bar masked, z=3.6
2025.11.13 11:45:00;VETO;outlier bar masked, z=9.5
2025.11.13 14:00:00;VETO;signal rejected: score 0.40 < 0.55 [CHoCH short lvl=1.16|RelVol=1.50|Retest@1.16|VPnear]
2025.11.13 15:00:00;DECISION;setup LONG score=0.70 entry=1.16 inv=1.16 tgt=0.00 AWAIT-RETEST [CHoCH long lvl=1.16|RelVol=1.11|Retest@1.16|VPnear|VWAPside|CycleTurn w=-0.96<--0.99]
2025.11.13 15:15:00;DECISION;TP capped 0.00316 -> 0.00237 (3.0xATR)
2025.11.13 15:15:00;ORDER;filled BUY 0.45 lots sl=1.16 tp=1.16 [WT|CHOCH|0.70]
2025.11.13 15:15:00;RISK;sizing: vol_ratio=1.24 scalar=0.82 gap_buf=0.00034 eff_stop=0.00192
2025.11.13 15:15:00;ORDER;entry fill deal #82 BUY 0.45 @ 1.16206
2025.11.13 16:45:00;DECISION;setup LONG score=0.80 entry=1.16 inv=1.16 tgt=0.00 [BOS long lvl=1.16|RelVol=1.11|VPnear|VWAPside|CycleTurn w=-0.97<--1.00|ADX=33]
2025.11.13 16:45:00;DECISION;TP capped 0.00336 -> 0.00252 (3.0xATR)
2025.11.13 16:45:00;VETO;risk veto: max positions
2025.11.13 17:35:40;MANAGE;#82 SL 1.16 -> 1.16 breakeven
2025.11.13 17:35:40;MANAGE;#82 partial close 0.22 of 0.45 lots
2025.11.13 17:35:40;RISK;deal closed pnl=35.86 streak=0 lock=0
2025.11.13 17:35:59;MANAGE;#82 SL 1.16 -> 1.16 trail
2025.11.13 17:36:40;MANAGE;#82 SL 1.16 -> 1.16 trail
2025.11.13 17:39:40;MANAGE;#82 SL 1.16 -> 1.16 trail
2025.11.13 17:40:40;MANAGE;#82 SL 1.16 -> 1.16 trail
2025.11.13 18:27:40;RISK;deal closed pnl=54.51 streak=0 lock=0
2025.11.14 01:15:00;VETO;outlier bar masked, z=3.7
2025.11.14 05:30:00;VETO;signal rejected: score 0.50 < 0.55 [CHoCH long lvl=1.16|RelVol=1.04|Retest@1.16|VPnear|VWAPside]
2025.11.14 08:00:00;DECISION;setup LONG score=0.60 entry=1.16 inv=1.16 tgt=0.00 [BOS long lvl=1.16|RelVol=1.79|VPnear|VWAPside|ADX=33]
2025.11.14 08:00:00;VETO;authorization denied: outside session window (server hour 08, window 13-21)
2025.11.14 08:15:00;VETO;authorization denied: outside session window (server hour 08, window 13-21)
2025.11.14 08:30:00;VETO;authorization denied: outside session window (server hour 08, window 13-21)
2025.11.14 08:45:00;VETO;authorization denied: outside session window (server hour 08, window 13-21)
2025.11.14 10:00:00;VETO;signal rejected: regime: chop ADX 21.5 < 22.0
2025.11.14 12:30:00;DECISION;setup SHORT score=0.60 entry=1.16 inv=1.16 tgt=0.00 AWAIT-RETEST [BOS short lvl=1.16|RelVol=1.09|Retest@1.16|VPnear|VWAPside|ADX=35]
2025.11.14 14:00:00;DECISION;TP capped 0.00524 -> 0.00393 (3.0xATR)
2025.11.14 14:00:00;ORDER;filled SELL 0.34 lots sl=1.16 tp=1.16 [WT|BOS|0.60]
2025.11.14 14:00:00;RISK;sizing: vol_ratio=1.09 scalar=0.93 gap_buf=0.00033 eff_stop=0.00295
2025.11.14 14:00:00;ORDER;entry fill deal #85 SELL 0.34 @ 1.16197
2025.11.14 14:47:40;RISK;deal closed pnl=-89.08 streak=1 lock=0
2025.11.14 15:00:00;DECISION;setup LONG score=0.65 entry=1.16 inv=1.16 tgt=0.00 AWAIT-RETEST [CHoCH long lvl=1.16|RelVol=1.30|Retest@1.16|VPnode d=0.00|VWAPside]
2025.11.14 15:15:00;DECISION;TP capped 0.00762 -> 0.00572 (3.0xATR)
2025.11.14 15:15:00;ORDER;filled BUY 0.21 lots sl=1.16 tp=1.17 [WT|CHOCH|0.65]
2025.11.14 15:15:00;RISK;sizing: vol_ratio=1.22 scalar=0.84 gap_buf=0.00038 eff_stop=0.00419
2025.11.14 15:15:00;ORDER;entry fill deal #87 BUY 0.21 @ 1.16467
2025.11.14 17:46:40;RISK;deal closed pnl=-80.01 streak=2 lock=0
2025.11.17 02:15:00;DECISION;setup SHORT score=0.70 entry=1.16 inv=1.16 tgt=0.00 AWAIT-RETEST [CHoCH short lvl=1.16|RelVol=2.18|Retest@1.16|VPnear|VWAPside|CycleTurn w=-0.30<-0.76]
2025.11.17 02:45:00;VETO;authorization denied: outside session window (server hour 02, window 13-21)
2025.11.17 03:00:00;VETO;authorization denied: outside session window (server hour 03, window 13-21)
2025.11.17 03:15:00;VETO;authorization denied: outside session window (server hour 03, window 13-21)
2025.11.17 03:30:00;VETO;authorization denied: outside session window (server hour 03, window 13-21)
2025.11.17 04:15:00;DECISION;setup SHORT score=0.75 entry=1.16 inv=1.16 tgt=0.00 [BOS short lvl=1.16|RelVol=2.13|VPnode d=0.00|VWAPside|ADX=41]
2025.11.17 04:15:00;VETO;authorization denied: outside session window (server hour 04, window 13-21)
2025.11.17 04:30:00;VETO;authorization denied: outside session window (server hour 04, window 13-21)
2025.11.17 04:45:00;VETO;authorization denied: outside session window (server hour 04, window 13-21)
2025.11.17 05:00:00;VETO;authorization denied: outside session window (server hour 05, window 13-21)
2025.11.17 09:00:00;DECISION;setup LONG score=0.55 entry=1.16 inv=1.16 tgt=0.00 AWAIT-RETEST [CHoCH long lvl=1.16|RelVol=1.97|Retest@1.16|VPnode d=0.00]
2025.11.17 10:30:00;VETO;authorization denied: outside session window (server hour 10, window 13-21)
2025.11.17 10:45:00;VETO;authorization denied: outside session window (server hour 10, window 13-21)
2025.11.17 11:00:00;VETO;authorization denied: outside session window (server hour 11, window 13-21)
2025.11.17 11:15:00;VETO;authorization denied: outside session window (server hour 11, window 13-21)
2025.11.17 13:00:00;VETO;signal rejected: regime: chop ADX 19.6 < 22.0
2025.11.17 15:45:00;VETO;signal rejected: volume: relVol 0.79 < 1.00
2025.11.17 16:45:00;VETO;outlier bar masked, z=3.5
2025.11.17 18:00:00;VETO;outlier bar masked, z=3.7
2025.11.17 21:45:00;VETO;outlier bar masked, z=3.6
2025.11.18 04:45:00;VETO;signal rejected: regime: chop ADX 17.3 < 22.0
2025.11.18 06:30:00;VETO;outlier bar masked, z=7.0
2025.11.18 10:00:00;VETO;signal rejected: regime: chop ADX 12.7 < 22.0
2025.11.18 10:15:00;VETO;outlier bar masked, z=7.0
2025.11.18 12:00:00;VETO;signal rejected: volume: relVol 0.73 < 1.00
2025.11.18 15:30:00;VETO;outlier bar masked, z=3.9
2025.11.18 17:30:00;DECISION;setup LONG score=0.65 entry=1.16 inv=1.16 tgt=0.00 AWAIT-RETEST [CHoCH long lvl=1.16|RelVol=1.05|Retest@1.16|VPnode d=0.00|VWAPside]
2025.11.18 17:45:00;ORDER;filled BUY 0.67 lots sl=1.16 tp=1.16 [WT|CHOCH|0.65]
2025.11.18 17:45:00;RISK;sizing: vol_ratio=1.42 scalar=0.68 gap_buf=0.00037 eff_stop=0.00108
2025.11.18 17:45:00;ORDER;entry fill deal #89 BUY 0.67 @ 1.15999
2025.11.18 17:51:40;RISK;deal closed pnl=-47.57 streak=1 lock=0
2025.11.18 18:00:00;VETO;outlier bar masked, z=7.9
2025.11.18 18:15:00;VETO;outlier bar masked, z=4.1
2025.11.18 19:45:00;VETO;signal rejected: volume: relVol 0.95 < 1.00
2025.11.18 20:30:00;VETO;signal rejected: volume: relVol 0.97 < 1.00
2025.11.19 02:45:00;DECISION;setup LONG score=0.65 entry=1.16 inv=1.16 tgt=0.00 [BOS long lvl=1.16|RelVol=1.06|VPnode d=0.00|VWAPside]
2025.11.19 02:45:00;VETO;authorization denied: outside session window (server hour 02, window 13-21)
2025.11.19 03:00:00;VETO;authorization denied: outside session window (server hour 03, window 13-21)
2025.11.19 03:15:00;VETO;authorization denied: outside session window (server hour 03, window 13-21)
2025.11.19 03:30:00;VETO;authorization denied: outside session window (server hour 03, window 13-21)
2025.11.19 06:00:00;VETO;signal rejected: regime: chop ADX 20.7 < 22.0
2025.11.19 07:45:00;DECISION;setup LONG score=0.65 entry=1.16 inv=1.16 tgt=0.00 AWAIT-RETEST [BOS long lvl=1.16|RelVol=1.13|Retest@1.16|VPnode d=0.00|VWAPside]
2025.11.19 09:15:00;VETO;authorization denied: outside session window (server hour 09, window 13-21)
2025.11.19 09:30:00;VETO;authorization denied: outside session window (server hour 09, window 13-21)
2025.11.19 09:45:00;VETO;signal rejected: score 0.50 < 0.55 [BOS long lvl=1.16|RelVol=1.11|Retest@1.16|VPnear|VWAPside]
2025.11.19 09:45:00;VETO;authorization denied: outside session window (server hour 09, window 13-21)
2025.11.19 10:00:00;VETO;outlier bar masked, z=9.0
2025.11.19 10:15:00;VETO;authorization denied: outside session window (server hour 10, window 13-21)
2025.11.19 10:45:00;VETO;signal rejected: regime: chop ADX 21.4 < 22.0
2025.11.19 16:15:00;VETO;signal rejected: volume: relVol 0.75 < 1.00
2025.11.19 19:30:00;VETO;signal rejected: score 0.50 < 0.55 [BOS short lvl=1.15|RelVol=1.64|VWAPside|ADX=60]
2025.11.19 21:15:00;VETO;signal rejected: score 0.50 < 0.55 [BOS short lvl=1.15|RelVol=2.15|VWAPside|ADX=44]
2025.11.19 23:45:00;VETO;signal rejected: score 0.30 < 0.55 [CHoCH long lvl=1.15|RelVol=1.81|Retest@1.15]
2025.11.20 04:15:00;VETO;signal rejected: score 0.50 < 0.55 [CHoCH short lvl=1.15|RelVol=1.27|Retest@1.15|VPnear|VWAPside]
2025.11.20 05:45:00;DECISION;setup SHORT score=0.60 entry=1.15 inv=1.15 tgt=0.00 [BOS short lvl=1.15|RelVol=1.32|VPnear|VWAPside|ADX=33]
2025.11.20 05:45:00;VETO;authorization denied: outside session window (server hour 05, window 13-21)
2025.11.20 06:00:00;VETO;authorization denied: outside session window (server hour 06, window 13-21)
2025.11.20 06:15:00;VETO;authorization denied: outside session window (server hour 06, window 13-21)
2025.11.20 06:30:00;VETO;authorization denied: outside session window (server hour 06, window 13-21)
2025.11.20 08:15:00;VETO;signal rejected: regime: chop ADX 20.0 < 22.0
2025.11.20 10:15:00;VETO;signal rejected: regime: chop ADX 12.6 < 22.0
2025.11.20 11:30:00;VETO;signal rejected: regime: chop ADX 11.9 < 22.0
2025.11.20 15:45:00;VETO;outlier bar masked, z=15.3
2025.11.20 16:00:00;VETO;outlier bar masked, z=3.6
2025.11.20 16:15:00;VETO;outlier bar masked, z=4.6
2025.11.20 16:30:00;VETO;outlier bar masked, z=4.4
2025.11.20 23:15:00;VETO;signal rejected: score 0.50 < 0.55 [CHoCH short lvl=1.15|RelVol=1.53|Retest@1.15|VPnear|VWAPside]
2025.11.21 00:15:00;VETO;outlier bar masked, z=3.6
2025.11.21 01:45:00;DECISION;setup LONG score=0.65 entry=1.15 inv=1.15 tgt=0.00 AWAIT-RETEST [CHoCH long lvl=1.15|RelVol=1.11|Retest@1.15|VPnode d=0.00|VWAPside]
2025.11.21 02:00:00;VETO;authorization denied: outside session window (server hour 02, window 13-21)
2025.11.21 02:15:00;VETO;authorization denied: outside session window (server hour 02, window 13-21)
2025.11.21 02:30:00;VETO;authorization denied: outside session window (server hour 02, window 13-21)
2025.11.21 02:45:00;VETO;authorization denied: outside session window (server hour 02, window 13-21)
2025.11.21 03:00:00;VETO;signal rejected: regime: chop ADX 21.4 < 22.0
2025.11.21 06:15:00;DECISION;setup LONG score=0.85 entry=1.15 inv=1.15 tgt=0.00 [BOS long lvl=1.15|RelVol=1.03|VPnode d=0.00|VWAPside|CycleTurn w=0.78<-0.78]
2025.11.21 06:15:00;VETO;authorization denied: outside session window (server hour 06, window 13-21)
2025.11.21 06:30:00;VETO;authorization denied: outside session window (server hour 06, window 13-21)
2025.11.21 06:45:00;VETO;authorization denied: outside session window (server hour 06, window 13-21)
2025.11.21 07:00:00;VETO;authorization denied: outside session window (server hour 07, window 13-21)
2025.11.21 08:15:00;VETO;signal rejected: regime: chop ADX 21.5 < 22.0
2025.11.21 11:45:00;VETO;signal rejected: regime: chop ADX 17.8 < 22.0
2025.11.21 12:15:00;VETO;outlier bar masked, z=3.7
2025.11.21 14:00:00;VETO;signal rejected: score 0.50 < 0.55 [BOS short lvl=1.15|RelVol=1.30|VWAPside|ADX=45]
2025.11.21 14:45:00;VETO;outlier bar masked, z=5.5
2025.11.21 15:00:00;DECISION;setup LONG score=0.75 entry=1.15 inv=1.15 tgt=0.00 AWAIT-RETEST [CHoCH long lvl=1.15|RelVol=1.37|Retest@1.15|VPnode d=0.00|CycleTurn w=-0.95<--1.00]
2025.11.21 15:15:00;ORDER;filled BUY 0.64 lots sl=1.15 tp=1.15 [WT|CHOCH|0.75]
2025.11.21 15:15:00;RISK;sizing: vol_ratio=1.45 scalar=0.66 gap_buf=0.00048 eff_stop=0.00109
2025.11.21 15:15:00;ORDER;entry fill deal #91 BUY 0.64 @ 1.15183
2025.11.21 15:52:40;MANAGE;#91 SL 1.15 -> 1.15 breakeven
2025.11.21 15:52:40;MANAGE;#91 partial close 0.32 of 0.64 lots
2025.11.21 15:52:40;RISK;deal closed pnl=25.92 streak=0 lock=0
2025.11.21 16:01:40;RISK;deal closed pnl=0.32 streak=0 lock=0
2025.11.21 17:45:00;VETO;signal rejected: score 0.50 < 0.55 [CHoCH short lvl=1.15|RelVol=1.10|Retest@1.15|VPnear|VWAPside]
2025.11.21 21:45:00;DECISION;setup LONG score=0.55 entry=1.15 inv=1.15 tgt=0.00 AWAIT-RETEST [CHoCH long lvl=1.15|RelVol=1.10|Retest@1.15|VPnode d=0.00]
2025.11.21 22:00:00;VETO;authorization denied: outside session window (server hour 22, window 13-21)
2025.11.21 22:15:00;VETO;authorization denied: outside session window (server hour 22, window 13-21)
2025.11.21 22:30:00;VETO;authorization denied: outside session window (server hour 22, window 13-21)
2025.11.21 22:45:00;VETO;authorization denied: outside session window (server hour 22, window 13-21)
2025.11.21 23:15:00;VETO;signal rejected: regime: chop ADX 20.3 < 22.0
2025.11.24 01:30:00;VETO;signal rejected: regime: chop ADX 14.2 < 22.0
2025.11.24 04:45:00;VETO;signal rejected: score 0.50 < 0.55 [CHoCH long lvl=1.15|RelVol=1.39|Retest@1.15|VPnear|VWAPside]
2025.11.24 10:00:00;VETO;signal rejected: score 0.50 < 0.55 [CHoCH short lvl=1.15|RelVol=1.02|Retest@1.15|VPnear|VWAPside]
2025.11.24 10:15:00;VETO;outlier bar masked, z=4.4
2025.11.24 10:30:00;DECISION;setup LONG score=0.70 entry=1.15 inv=1.15 tgt=0.00 AWAIT-RETEST [CHoCH long lvl=1.15|RelVol=1.03|Retest@1.15|VPnear|VWAPside|CycleTurn w=-0.92<--0.99]
2025.11.24 11:00:00;VETO;authorization denied: outside session window (server hour 11, window 13-21)
2025.11.24 11:15:00;VETO;authorization denied: outside session window (server hour 11, window 13-21)
2025.11.24 11:30:00;VETO;authorization denied: outside session window (server hour 11, window 13-21)
2025.11.24 11:45:00;VETO;authorization denied: outside session window (server hour 11, window 13-21)
2025.11.24 12:15:00;VETO;signal rejected: regime: chop ADX 21.6 < 22.0
2025.11.24 17:15:00;VETO;signal rejected: volume: relVol 0.86 < 1.00
2025.11.24 19:15:00;DECISION;setup SHORT score=0.60 entry=1.15 inv=1.15 tgt=0.00 [BOS short lvl=1.15|RelVol=1.00|VPnear|VWAPside|ADX=41]
2025.11.24 19:15:00;DECISION;TP capped 0.00306 -> 0.00230 (3.0xATR)
2025.11.24 19:15:00;ORDER;filled SELL 0.43 lots sl=1.15 tp=1.15 [WT|BOS|0.60]
2025.11.24 19:15:00;RISK;sizing: vol_ratio=1.30 scalar=0.78 gap_buf=0.00037 eff_stop=0.00190
2025.11.24 19:15:00;ORDER;entry fill deal #94 SELL 0.43 @ 1.15156
2025.11.25 03:30:00;VETO;signal rejected: regime: chop ADX 21.2 < 22.0
2025.11.25 06:00:00;VETO;signal rejected: regime: chop ADX 21.0 < 22.0
2025.11.25 07:30:00;VETO;signal rejected: volume: relVol 0.90 < 1.00
2025.11.25 10:49:40;RISK;deal closed pnl=-66.22 streak=1 lock=0
2025.11.25 11:15:00;VETO;signal rejected: volume: relVol 0.91 < 1.00
2025.11.25 14:45:00;VETO;outlier bar masked, z=12.3
2025.11.25 15:30:00;VETO;outlier bar masked, z=4.0
2025.11.25 15:45:00;VETO;outlier bar masked, z=7.3
2025.11.25 16:00:00;VETO;outlier bar masked, z=3.8
2025.11.25 16:45:00;VETO;outlier bar masked, z=3.6
2025.11.25 19:15:00;VETO;outlier bar masked, z=8.6
2025.11.25 19:30:00;VETO;outlier bar masked, z=5.7
2025.11.25 22:30:00;VETO;signal rejected: regime: chop ADX 19.2 < 22.0
2025.11.26 01:45:00;VETO;signal rejected: regime: chop ADX 16.8 < 22.0
2025.11.26 03:45:00;VETO;signal rejected: regime: chop ADX 16.0 < 22.0
2025.11.26 05:45:00;DECISION;setup LONG score=0.60 entry=1.16 inv=1.16 tgt=0.00 [BOS long lvl=1.16|RelVol=1.43|VPnear|VWAPside|ADX=32]
2025.11.26 05:45:00;VETO;authorization denied: outside session window (server hour 05, window 13-21)
2025.11.26 06:00:00;VETO;authorization denied: outside session window (server hour 06, window 13-21)
2025.11.26 06:15:00;VETO;authorization denied: outside session window (server hour 06, window 13-21)
2025.11.26 06:30:00;VETO;authorization denied: outside session window (server hour 06, window 13-21)
2025.11.26 08:15:00;DECISION;setup LONG score=0.85 entry=1.16 inv=1.16 tgt=0.00 [BOS long lvl=1.16|RelVol=1.19|VPnode d=0.00|VWAPside|CycleTurn w=-0.82<--0.98]
2025.11.26 08:15:00;VETO;authorization denied: outside session window (server hour 08, window 13-21)
2025.11.26 08:30:00;VETO;authorization denied: outside session window (server hour 08, window 13-21)
2025.11.26 08:45:00;VETO;authorization denied: outside session window (server hour 08, window 13-21)
2025.11.26 09:00:00;VETO;authorization denied: outside session window (server hour 09, window 13-21)
2025.11.26 09:30:00;VETO;signal rejected: regime: chop ADX 21.3 < 22.0
2025.11.26 15:30:00;VETO;signal rejected: regime: chop ADX 17.6 < 22.0
2025.11.26 15:45:00;VETO;outlier bar masked, z=5.6
2025.11.26 16:45:00;VETO;outlier bar masked, z=3.8
2025.11.26 17:15:00;DECISION;setup LONG score=0.85 entry=1.16 inv=1.15 tgt=0.00 AWAIT-RETEST [CHoCH long lvl=1.16|RelVol=1.03|Retest@1.16|VPnode d=0.00|VWAPside|CycleTurn w=-0.38<--0.91]
2025.11.26 17:45:00;DECISION;TP capped 0.00770 -> 0.00577 (3.0xATR)
2025.11.26 17:45:00;ORDER;filled BUY 0.14 lots sl=1.15 tp=1.16 [WT|CHOCH|0.85]
2025.11.26 17:45:00;RISK;sizing: vol_ratio=1.53 scalar=0.61 gap_buf=0.00056 eff_stop=0.00441
2025.11.26 17:45:00;ORDER;entry fill deal #96 BUY 0.14 @ 1.15854
2025.11.26 22:45:00;VETO;signal rejected: volume: relVol 0.86 < 1.00
2025.11.27 00:15:00;VETO;outlier bar masked, z=3.6
2025.11.27 01:15:00;DECISION;setup LONG score=0.85 entry=1.16 inv=1.16 tgt=0.00 [BOS long lvl=1.16|RelVol=1.34|VPnode d=0.00|VWAPside|CycleTurn w=-1.00<--1.00]
2025.11.27 01:15:00;VETO;authorization denied: outside session window (server hour 01, window 13-21)
2025.11.27 01:30:00;VETO;authorization denied: outside session window (server hour 01, window 13-21)
2025.11.27 01:45:00;VETO;authorization denied: outside session window (server hour 01, window 13-21)
2025.11.27 02:00:00;VETO;authorization denied: outside session window (server hour 02, window 13-21)
2025.11.27 03:15:00;VETO;signal rejected: volume: relVol 0.84 < 1.00
2025.11.27 08:30:00;DECISION;setup SHORT score=0.65 entry=1.16 inv=1.16 tgt=0.00 AWAIT-RETEST [CHoCH short lvl=1.16|RelVol=1.43|Retest@1.16|VPnode d=0.00|VWAPside]
2025.11.27 11:15:00;VETO;signal rejected: score 0.50 < 0.55 [BOS short lvl=1.16|RelVol=1.12|VPnear|VWAPside]
2025.11.27 15:15:00;VETO;signal rejected: volume: relVol 0.66 < 1.00
2025.11.27 16:00:00;VETO;signal rejected: volume: relVol 0.67 < 1.00
2025.11.27 17:15:00;VETO;signal rejected: volume: relVol 0.34 < 1.00
2025.11.27 18:30:00;VETO;signal rejected: volume: relVol 0.32 < 1.00
2025.11.28 01:15:00;VETO;signal rejected: regime: chop ADX 20.1 < 22.0
2025.11.28 02:15:00;VETO;signal rejected: volume: relVol 0.52 < 1.00
2025.11.28 03:45:00;VETO;signal rejected: volume: relVol 0.80 < 1.00
2025.11.28 10:00:00;VETO;signal rejected: regime: chop ADX 17.3 < 22.0
2025.11.28 12:30:00;DECISION;setup SHORT score=0.60 entry=1.16 inv=1.16 tgt=0.00 [BOS short lvl=1.16|RelVol=1.99|VPnear|VWAPside|ADX=46]
2025.11.28 12:30:00;VETO;authorization denied: outside session window (server hour 12, window 13-21)
2025.11.28 12:45:00;VETO;authorization denied: outside session window (server hour 12, window 13-21)
2025.11.28 13:00:00;DECISION;TP capped 0.00624 -> 0.00468 (3.0xATR)
2025.11.28 13:00:00;VETO;risk veto: max positions
2025.11.28 16:00:00;DECISION;setup LONG score=0.55 entry=1.16 inv=1.16 tgt=0.00 AWAIT-RETEST [CHoCH long lvl=1.16|RelVol=1.10|Retest@1.16|VPnode d=0.00]
2025.11.28 16:15:00;DECISION;TP capped 0.00350 -> 0.00263 (3.0xATR)
2025.11.28 16:15:00;VETO;risk veto: max positions
2025.11.28 18:00:00;VETO;outlier bar masked, z=4.6
2025.11.28 23:45:00;VETO;signal rejected: score 0.30 < 0.55 [CHoCH short lvl=1.16|RelVol=1.48|Retest@1.16|StopFloored]
2025.12.01 01:15:00;DECISION;setup LONG score=0.85 entry=1.16 inv=1.16 tgt=0.00 AWAIT-RETEST [CHoCH long lvl=1.16|RelVol=2.15|Retest@1.16|VPnode d=0.00|VWAPside|CycleTurn w=-0.98<--1.00]
2025.12.01 01:30:00;VETO;authorization denied: outside session window (server hour 01, window 13-21)
2025.12.01 01:45:00;VETO;authorization denied: outside session window (server hour 01, window 13-21)
2025.12.01 02:00:00;VETO;authorization denied: outside session window (server hour 02, window 13-21)
2025.12.01 02:15:00;VETO;authorization denied: outside session window (server hour 02, window 13-21)
2025.12.01 03:15:00;VETO;outlier bar masked, z=3.9
2025.12.01 09:30:00;VETO;signal rejected: volume: relVol 0.84 < 1.00
2025.12.01 12:00:00;DECISION;setup LONG score=0.60 entry=1.16 inv=1.16 tgt=0.00 [BOS long lvl=1.16|RelVol=1.17|VPnear|VWAPside|ADX=42]
2025.12.01 12:00:00;VETO;authorization denied: outside session window (server hour 12, window 13-21)
2025.12.01 12:04:40;MANAGE;#96 SL 1.15 -> 1.16 breakeven
2025.12.01 12:04:40;MANAGE;#96 partial close 0.07 of 0.14 lots
2025.12.01 12:04:40;RISK;deal closed pnl=26.98 streak=0 lock=0
2025.12.01 12:04:59;MANAGE;#96 SL 1.16 -> 1.16 trail
2025.12.01 12:05:40;MANAGE;#96 SL 1.16 -> 1.16 trail
2025.12.01 12:15:00;VETO;authorization denied: outside session window (server hour 12, window 13-21)
2025.12.01 12:30:00;VETO;authorization denied: outside session window (server hour 12, window 13-21)
2025.12.01 12:30:40;MANAGE;#96 SL 1.16 -> 1.16 trail
2025.12.01 12:32:20;MANAGE;#96 SL 1.16 -> 1.16 trail
2025.12.01 12:45:00;VETO;authorization denied: outside session window (server hour 12, window 13-21)
2025.12.01 13:23:40;MANAGE;#96 SL 1.16 -> 1.16 trail
2025.12.01 13:24:40;MANAGE;#96 SL 1.16 -> 1.16 trail
2025.12.01 14:15:00;MANAGE;#96 SL 1.16 -> 1.16 trail
2025.12.01 14:16:40;MANAGE;#96 SL 1.16 -> 1.16 trail
2025.12.01 14:17:40;MANAGE;#96 SL 1.16 -> 1.16 trail
2025.12.01 14:20:40;MANAGE;#96 SL 1.16 -> 1.16 trail
2025.12.01 14:30:00;VETO;signal rejected: score 0.50 < 0.55 [BOS long lvl=1.16|RelVol=1.08|VWAPside|ADX=48]
2025.12.01 14:36:40;MANAGE;#96 SL 1.16 -> 1.16 trail
2025.12.01 14:37:40;MANAGE;#96 SL 1.16 -> 1.16 trail
2025.12.01 14:39:40;MANAGE;#96 SL 1.16 -> 1.16 trail
2025.12.01 14:47:40;MANAGE;#96 SL 1.16 -> 1.16 trail
2025.12.01 14:48:40;MANAGE;#96 SL 1.16 -> 1.16 trail
2025.12.01 14:53:40;RISK;deal closed pnl=40.22 streak=0 lock=0
2025.12.01 17:45:00;DECISION;setup SHORT score=0.55 entry=1.16 inv=1.17 tgt=0.00 AWAIT-RETEST [CHoCH short lvl=1.16|RelVol=1.11|Retest@1.16|VPnode d=0.00]
2025.12.01 18:00:00;DECISION;TP capped 0.00456 -> 0.00342 (3.0xATR)
2025.12.01 18:00:00;ORDER;filled SELL 0.30 lots sl=1.17 tp=1.16 [WT|CHOCH|0.55]
2025.12.01 18:00:00;RISK;sizing: vol_ratio=1.30 scalar=0.78 gap_buf=0.00040 eff_stop=0.00268
2025.12.01 18:00:00;ORDER;entry fill deal #99 SELL 0.30 @ 1.16292
2025.12.01 22:31:20;MANAGE;#99 SL 1.17 -> 1.16 breakeven
2025.12.01 22:31:20;MANAGE;#99 partial close 0.15 of 0.30 lots
2025.12.01 22:31:20;RISK;deal closed pnl=34.65 streak=0 lock=0
2025.12.01 22:31:40;MANAGE;#99 SL 1.16 -> 1.16 trail
2025.12.01 23:40:40;MANAGE;#99 SL 1.16 -> 1.16 trail
2025.12.02 00:10:40;MANAGE;#99 SL 1.16 -> 1.16 trail
2025.12.02 00:25:00;MANAGE;#99 SL 1.16 -> 1.16 trail
2025.12.02 01:59:40;MANAGE;#99 SL 1.16 -> 1.16 trail
2025.12.02 02:23:40;MANAGE;#99 SL 1.16 -> 1.16 trail
2025.12.02 02:32:20;MANAGE;#99 SL 1.16 -> 1.16 trail
2025.12.02 03:06:20;RISK;deal closed pnl=30.45 streak=0 lock=0
2025.12.02 05:00:00;VETO;signal rejected: volume: relVol 0.58 < 1.00
2025.12.02 07:15:00;VETO;signal rejected: volume: relVol 0.58 < 1.00
2025.12.02 09:15:00;VETO;signal rejected: regime: chop ADX 19.8 < 22.0
2025.12.02 12:30:00;VETO;signal rejected: regime: chop ADX 16.2 < 22.0
2025.12.02 14:45:00;VETO;signal rejected: volume: relVol 0.69 < 1.00
2025.12.02 17:15:00;VETO;outlier bar masked, z=6.9
2025.12.02 17:30:00;VETO;outlier bar masked, z=5.5
2025.12.02 17:45:00;VETO;outlier bar masked, z=6.9
2025.12.02 18:00:00;VETO;outlier bar masked, z=4.4
2025.12.02 19:00:00;VETO;outlier bar masked, z=4.4
2025.12.02 22:00:00;VETO;outlier bar masked, z=3.9
2025.12.03 01:30:00;DECISION;setup LONG score=0.85 entry=1.16 inv=1.16 tgt=0.00 AWAIT-RETEST [CHoCH long lvl=1.16|RelVol=1.03|Retest@1.16|VPnode d=0.00|VWAPside|CycleTurn w=0.15<--0.84]
2025.12.03 01:45:00;VETO;authorization denied: outside session window (server hour 01, window 13-21)
2025.12.03 02:00:00;VETO;authorization denied: outside session window (server hour 02, window 13-21)
2025.12.03 02:15:00;VETO;authorization denied: outside session window (server hour 02, window 13-21)
2025.12.03 02:30:00;VETO;authorization denied: outside session window (server hour 02, window 13-21)
2025.12.03 05:00:00;VETO;signal rejected: volume: relVol 0.62 < 1.00
2025.12.03 06:45:00;VETO;signal rejected: volume: relVol 0.95 < 1.00
2025.12.03 08:15:00;VETO;signal rejected: volume: relVol 0.77 < 1.00
2025.12.03 12:15:00;DECISION;setup LONG score=0.70 entry=1.17 inv=1.16 tgt=0.00 [BOS long lvl=1.17|RelVol=1.09|VPnear|VWAPside|CycleTurn w=-0.69<--0.95]
2025.12.03 12:15:00;VETO;authorization denied: outside session window (server hour 12, window 13-21)
2025.12.03 12:30:00;VETO;authorization denied: outside session window (server hour 12, window 13-21)
2025.12.03 12:45:00;VETO;authorization denied: outside session window (server hour 12, window 13-21)
2025.12.03 13:00:00;DECISION;TP capped 0.00500 -> 0.00375 (3.0xATR)
2025.12.03 13:00:00;ORDER;filled BUY 0.32 lots sl=1.16 tp=1.17 [WT|BOS|0.70]
2025.12.03 13:00:00;RISK;sizing: vol_ratio=1.20 scalar=0.85 gap_buf=0.00031 eff_stop=0.00281
2025.12.03 13:00:00;ORDER;entry fill deal #102 BUY 0.32 @ 1.16605
2025.12.03 16:30:00;DECISION;setup SHORT score=0.75 entry=1.17 inv=1.17 tgt=0.00 AWAIT-RETEST [CHoCH short lvl=1.17|RelVol=1.16|Retest@1.17|VPnode d=0.00|CycleTurn w=-0.40<-0.68]
2025.12.03 16:45:00;DECISION;TP capped 0.00282 -> 0.00211 (3.0xATR)
2025.12.03 16:45:00;VETO;risk veto: max positions
2025.12.03 20:15:00;DECISION;setup LONG score=0.70 entry=1.17 inv=1.17 tgt=0.00 AWAIT-RETEST [CHoCH long lvl=1.17|RelVol=1.01|Retest@1.17|VPnear|VWAPside|CycleTurn w=-0.26<--0.88]
2025.12.03 20:30:00;DECISION;TP capped 0.00272 -> 0.00210 (3.0xATR)
2025.12.03 20:30:00;VETO;risk veto: max positions
2025.12.04 02:15:00;VETO;signal rejected: score 0.40 < 0.55 [CHoCH short lvl=1.17|RelVol=1.28|Retest@1.17|VWAPside]
2025.12.04 10:00:00;VETO;signal rejected: regime: chop ADX 21.1 < 22.0
2025.12.04 10:30:00;VETO;outlier bar masked, z=3.9
2025.12.04 15:45:00;VETO;outlier bar masked, z=5.5
2025.12.04 16:45:00;VETO;outlier bar masked, z=3.5
2025.12.04 17:15:00;VETO;outlier bar masked, z=3.6
2025.12.04 18:45:00;DECISION;setup SHORT score=0.85 entry=1.17 inv=1.17 tgt=0.00 [BOS short lvl=1.17|RelVol=1.10|VPnode d=0.00|VWAPside|CycleTurn w=-0.64<--0.00]
2025.12.04 18:45:00;DECISION;TP capped 0.00392 -> 0.00294 (3.0xATR)
2025.12.04 18:45:00;VETO;risk veto: max positions
2025.12.04 21:15:00;VETO;signal rejected: volume: relVol 0.98 < 1.00
2025.12.04 22:30:00;DECISION;setup SHORT score=0.60 entry=1.16 inv=1.17 tgt=0.00 [BOS short lvl=1.17|RelVol=1.18|VPnear|VWAPside|ADX=31]
2025.12.04 22:30:00;VETO;authorization denied: outside session window (server hour 22, window 13-21)
2025.12.04 22:45:00;VETO;authorization denied: outside session window (server hour 22, window 13-21)
2025.12.04 23:00:00;VETO;authorization denied: outside session window (server hour 23, window 13-21)
2025.12.04 23:15:00;VETO;authorization denied: outside session window (server hour 23, window 13-21)
2025.12.05 02:15:00;VETO;signal rejected: volume: relVol 0.65 < 1.00
2025.12.05 07:30:00;VETO;signal rejected: volume: relVol 0.72 < 1.00
2025.12.05 11:00:00;DECISION;setup SHORT score=0.85 entry=1.17 inv=1.17 tgt=0.00 AWAIT-RETEST [CHoCH short lvl=1.17|RelVol=1.05|Retest@1.17|VPnode d=0.00|VWAPside|CycleTurn w=-0.47<-0.56]
2025.12.05 11:15:00;VETO;authorization denied: outside session window (server hour 11, window 13-21)
2025.12.05 11:30:00;VETO;authorization denied: outside session window (server hour 11, window 13-21)
2025.12.05 11:45:00;VETO;authorization denied: outside session window (server hour 11, window 13-21)
2025.12.05 12:00:00;VETO;authorization denied: outside session window (server hour 12, window 13-21)
2025.12.05 16:45:00;VETO;outlier bar masked, z=4.5
2025.12.05 18:11:40;RISK;deal closed pnl=-80.89 streak=1 lock=0
2025.12.05 18:15:00;VETO;outlier bar masked, z=7.0
2025.12.08 00:15:00;VETO;signal rejected: regime: chop ADX 20.7 < 22.0
2025.12.08 02:30:00;VETO;signal rejected: regime: chop ADX 19.7 < 22.0
2025.12.08 07:45:00;VETO;signal rejected: volume: relVol 0.82 < 1.00
2025.12.08 08:15:00;VETO;outlier bar masked, z=6.5
2025.12.08 10:30:00;VETO;signal rejected: volume: relVol 0.99 < 1.00
2025.12.08 15:15:00;VETO;signal rejected: volume: relVol 0.86 < 1.00
2025.12.08 17:00:00;VETO;outlier bar masked, z=4.0
2025.12.08 19:45:00;DECISION;setup LONG score=0.60 entry=1.16 inv=1.16 tgt=0.00 AWAIT-RETEST [CHoCH long lvl=1.16|RelVol=1.54|Retest@1.16|VPnear|CycleTurn w=-0.93<--0.97]
2025.12.08 20:00:00;DECISION;TP capped 0.00456 -> 0.00342 (3.0xATR)
2025.12.08 20:00:00;ORDER;filled BUY 0.23 lots sl=1.16 tp=1.17 [WT|CHOCH|0.60]
2025.12.08 20:00:00;RISK;sizing: vol_ratio=1.55 scalar=0.59 gap_buf=0.00041 eff_stop=0.00269
2025.12.08 20:00:00;ORDER;entry fill deal #104 BUY 0.23 @ 1.16390
2025.12.09 02:15:00;VETO;signal rejected: volume: relVol 0.64 < 1.00
2025.12.09 04:00:00;VETO;signal rejected: volume: relVol 0.82 < 1.00
2025.12.09 07:30:00;VETO;signal rejected: volume: relVol 0.55 < 1.00
2025.12.09 08:15:00;VETO;signal rejected: volume: relVol 0.94 < 1.00
2025.12.09 09:15:00;VETO;signal rejected: regime: chop ADX 20.5 < 22.0
2025.12.09 11:45:00;VETO;signal rejected: regime: chop ADX 21.1 < 22.0
2025.12.09 14:15:00;VETO;signal rejected: regime: chop ADX 21.8 < 22.0
2025.12.09 17:10:20;RISK;deal closed pnl=-52.60 streak=1 lock=0
2025.12.09 17:15:00;VETO;outlier bar masked, z=7.6
2025.12.09 17:30:00;VETO;outlier bar masked, z=4.8
2025.12.10 03:30:00;VETO;signal rejected: regime: chop ADX 14.8 < 22.0
2025.12.10 07:45:00;VETO;signal rejected: regime: chop ADX 17.5 < 22.0
2025.12.10 10:00:00;VETO;outlier bar masked, z=3.8
2025.12.10 14:45:00;VETO;signal rejected: volume: relVol 0.83 < 1.00
2025.12.10 17:00:00;VETO;signal rejected: regime: chop ADX 21.1 < 22.0
2025.12.10 19:30:00;VETO;signal rejected: volume: relVol 0.97 < 1.00
2025.12.10 21:15:00;VETO;outlier bar masked, z=11.6
2025.12.10 21:30:00;VETO;outlier bar masked, z=3.8
2025.12.10 21:45:00;VETO;outlier bar masked, z=12.6
2025.12.10 22:00:00;VETO;outlier bar masked, z=11.5
2025.12.10 22:15:00;VETO;outlier bar masked, z=8.7
2025.12.11 00:15:00;VETO;outlier bar masked, z=4.1
2025.12.11 01:15:00;VETO;signal rejected: volume: relVol 0.80 < 1.00
2025.12.11 03:15:00;DECISION;setup LONG score=0.75 entry=1.17 inv=1.17 tgt=0.00 [BOS long lvl=1.17|RelVol=1.17|VPnode d=0.00|VWAPside|ADX=47]
2025.12.11 03:15:00;VETO;authorization denied: outside session window (server hour 03, window 13-21)
2025.12.11 03:30:00;VETO;authorization denied: outside session window (server hour 03, window 13-21)
2025.12.11 03:45:00;VETO;authorization denied: outside session window (server hour 03, window 13-21)
2025.12.11 04:00:00;VETO;authorization denied: outside session window (server hour 04, window 13-21)
2025.12.11 05:00:00;DECISION;setup SHORT score=0.65 entry=1.17 inv=1.17 tgt=0.00 AWAIT-RETEST [CHoCH short lvl=1.17|RelVol=1.08|Retest@1.17|VPnode d=0.00|VWAPside]
2025.12.11 05:15:00;VETO;authorization denied: outside session window (server hour 05, window 13-21)
2025.12.11 05:30:00;VETO;authorization denied: outside session window (server hour 05, window 13-21)
2025.12.11 05:45:00;VETO;authorization denied: outside session window (server hour 05, window 13-21)
2025.12.11 06:00:00;VETO;authorization denied: outside session window (server hour 06, window 13-21)
2025.12.11 08:15:00;VETO;signal rejected: volume: relVol 0.79 < 1.00
2025.12.11 09:30:00;VETO;signal rejected: volume: relVol 0.97 < 1.00
2025.12.11 13:00:00;DECISION;setup LONG score=0.75 entry=1.17 inv=1.17 tgt=0.00 [BOS long lvl=1.17|RelVol=1.16|VPnode d=0.00|VWAPside|ADX=33]
2025.12.11 13:00:00;DECISION;TP capped 0.00406 -> 0.00304 (3.0xATR)
2025.12.11 13:00:00;ORDER;filled BUY 0.43 lots sl=1.17 tp=1.17 [WT|BOS|0.75]
2025.12.11 13:00:00;RISK;sizing: vol_ratio=1.02 scalar=0.98 gap_buf=0.00035 eff_stop=0.00238
2025.12.11 13:00:00;ORDER;entry fill deal #106 BUY 0.43 @ 1.17075
2025.12.11 15:30:00;VETO;signal rejected: volume: relVol 0.95 < 1.00
2025.12.11 15:42:40;MANAGE;#106 SL 1.17 -> 1.17 breakeven
2025.12.11 15:42:40;MANAGE;#106 partial close 0.21 of 0.43 lots
2025.12.11 15:42:40;RISK;deal closed pnl=46.20 streak=0 lock=0
2025.12.11 15:42:59;MANAGE;#106 SL 1.17 -> 1.17 trail
2025.12.11 15:45:00;VETO;outlier bar masked, z=3.7
2025.12.11 15:45:40;MANAGE;#106 SL 1.17 -> 1.17 trail
2025.12.11 15:47:40;MANAGE;#106 SL 1.17 -> 1.17 trail
2025.12.11 15:49:40;MANAGE;#106 SL 1.17 -> 1.17 trail
2025.12.11 15:50:40;MANAGE;#106 SL 1.17 -> 1.17 trail
2025.12.11 16:05:40;RISK;deal closed pnl=67.10 streak=0 lock=0
2025.12.11 17:15:00;VETO;outlier bar masked, z=4.1
2025.12.11 21:45:00;VETO;signal rejected: volume: relVol 0.92 < 1.00
2025.12.12 02:15:00;VETO;signal rejected: volume: relVol 0.86 < 1.00
2025.12.12 04:00:00;VETO;signal rejected: regime: chop ADX 18.1 < 22.0
2025.12.12 06:15:00;VETO;signal rejected: regime: chop ADX 21.9 < 22.0
2025.12.12 11:00:00;VETO;signal rejected: regime: chop ADX 21.5 < 22.0
2025.12.12 12:30:00;VETO;signal rejected: volume: relVol 0.99 < 1.00
2025.12.12 15:15:00;VETO;signal rejected: regime: chop ADX 20.1 < 22.0
2025.12.12 16:45:00;VETO;signal rejected: regime: chop ADX 18.5 < 22.0
2025.12.12 18:45:00;VETO;signal rejected: regime: chop ADX 20.0 < 22.0
2025.12.12 19:45:00;VETO;signal rejected: regime: chop ADX 19.9 < 22.0
2025.12.15 00:16:30;VETO;outlier bar masked, z=6.6
2025.12.15 04:00:00;VETO;signal rejected: regime: chop ADX 19.1 < 22.0
2025.12.15 10:00:00;VETO;signal rejected: volume: relVol 0.75 < 1.00
2025.12.15 11:15:00;VETO;outlier bar masked, z=4.0
2025.12.15 13:30:00;VETO;signal rejected: volume: relVol 0.73 < 1.00
2025.12.15 16:00:00;VETO;outlier bar masked, z=3.6
2025.12.15 17:00:00;DECISION;setup LONG score=0.70 entry=1.18 inv=1.17 tgt=0.00 AWAIT-RETEST [BOS long lvl=1.18|RelVol=1.25|Retest@1.18|VWAPside|CycleTurn w=-0.88<--0.93|ADX=49]
2025.12.15 17:30:00;VETO;outlier bar masked, z=4.6
2025.12.15 17:45:00;DECISION;TP capped 0.00350 -> 0.00263 (3.0xATR)
2025.12.15 17:45:00;ORDER;filled BUY 0.39 lots sl=1.17 tp=1.18 [WT|BOS|0.70]
2025.12.15 17:45:00;RISK;sizing: vol_ratio=1.31 scalar=0.77 gap_buf=0.00033 eff_stop=0.00208
2025.12.15 17:45:00;ORDER;entry fill deal #109 BUY 0.39 @ 1.17615
2025.12.15 18:45:00;DECISION;setup SHORT score=0.75 entry=1.18 inv=1.18 tgt=0.00 AWAIT-RETEST [CHoCH short lvl=1.18|RelVol=1.30|Retest@1.18|VPnode d=0.00|CycleTurn w=0.57<-0.94]
2025.12.15 19:00:00;DECISION;TP capped 0.00266 -> 0.00199 (3.0xATR)
2025.12.15 19:00:00;VETO;risk veto: max positions
2025.12.15 20:16:20;RISK;deal closed pnl=-68.25 streak=1 lock=0
2025.12.16 01:15:00;VETO;signal rejected: volume: relVol 0.00 < 1.00
2025.12.16 08:15:00;VETO;signal rejected: volume: relVol 0.61 < 1.00
2025.12.16 10:15:00;VETO;signal rejected: regime: chop ADX 21.1 < 22.0
2025.12.16 10:45:00;VETO;outlier bar masked, z=3.7
2025.12.16 11:45:00;VETO;outlier bar masked, z=3.6
2025.12.16 14:00:00;VETO;signal rejected: regime: chop ADX 19.5 < 22.0
2025.12.16 15:00:00;VETO;outlier bar masked, z=4.0
2025.12.16 15:45:00;VETO;outlier bar masked, z=15.0
2025.12.16 16:00:00;VETO;outlier bar masked, z=7.5
2025.12.16 16:30:00;VETO;outlier bar masked, z=5.2
2025.12.16 17:00:00;VETO;outlier bar masked, z=5.5
2025.12.16 17:15:00;VETO;outlier bar masked, z=6.3
2025.12.16 20:00:00;VETO;outlier bar masked, z=4.0
2025.12.16 20:15:00;VETO;signal rejected: regime: chop ADX 21.9 < 22.0
2025.12.16 21:30:00;VETO;outlier bar masked, z=4.6
2025.12.16 21:45:00;VETO;outlier bar masked, z=3.6
2025.12.17 04:15:00;DECISION;setup SHORT score=0.85 entry=1.17 inv=1.18 tgt=0.00 AWAIT-RETEST [BOS short lvl=1.17|RelVol=1.39|Retest@1.17|VPnode d=0.00|VWAPside|CycleTurn w=0.94<-0.99]
2025.12.17 06:15:00;VETO;signal rejected: volume: relVol 0.73 < 1.00
2025.12.17 09:00:00;VETO;outlier bar masked, z=3.9
2025.12.17 13:00:00;VETO;signal rejected: score 0.40 < 0.55 [CHoCH long lvl=1.17|RelVol=1.40|Retest@1.17|VPnear]
2025.12.17 13:45:00;DECISION;setup SHORT score=0.70 entry=1.17 inv=1.17 tgt=0.00 AWAIT-RETEST [CHoCH short lvl=1.17|RelVol=1.21|Retest@1.17|StopFloored|VPnear|VWAPside|CycleTurn w=0.99<-1.00]
2025.12.17 14:00:00;DECISION;TP capped 0.00241 -> 0.00189 (3.0xATR)
2025.12.17 14:00:00;ORDER;filled SELL 0.69 lots sl=1.17 tp=1.17 [WT|CHOCH|0.70]
2025.12.17 14:00:00;RISK;sizing: vol_ratio=0.96 scalar=1.00 gap_buf=0.00032 eff_stop=0.00152
2025.12.17 14:00:00;ORDER;entry fill deal #111 SELL 0.69 @ 1.17091
2025.12.17 14:57:40;RISK;deal closed pnl=-82.80 streak=1 lock=0
2025.12.17 16:00:00;DECISION;setup LONG score=0.65 entry=1.17 inv=1.17 tgt=0.00 AWAIT-RETEST [CHoCH long lvl=1.17|RelVol=1.00|Retest@1.17|VPnode d=0.00|VWAPside]
2025.12.17 16:30:00;DECISION;TP capped 0.00422 -> 0.00317 (3.0xATR)
2025.12.17 16:30:00;ORDER;filled BUY 0.38 lots sl=1.17 tp=1.18 [WT|CHOCH|0.65]
2025.12.17 16:30:00;RISK;sizing: vol_ratio=1.11 scalar=0.92 gap_buf=0.00038 eff_stop=0.00249
2025.12.17 16:30:00;ORDER;entry fill deal #113 BUY 0.38 @ 1.17287
2025.12.17 17:12:40;MANAGE;#113 SL 1.17 -> 1.17 breakeven
2025.12.17 17:12:40;MANAGE;#113 partial close 0.19 of 0.38 lots
2025.12.17 17:12:40;RISK;deal closed pnl=40.28 streak=0 lock=0
2025.12.17 17:12:59;MANAGE;#113 SL 1.17 -> 1.17 trail
2025.12.17 17:13:40;MANAGE;#113 SL 1.17 -> 1.17 trail
2025.12.17 17:33:40;MANAGE;#113 SL 1.17 -> 1.17 trail
2025.12.17 17:36:40;MANAGE;#113 SL 1.17 -> 1.17 trail
2025.12.17 17:37:40;MANAGE;#113 SL 1.17 -> 1.17 trail
2025.12.17 17:39:40;MANAGE;#113 SL 1.17 -> 1.17 trail
2025.12.17 20:45:00;VETO;signal rejected: score 0.40 < 0.55 [CHoCH short lvl=1.17|RelVol=1.36|Retest@1.17|VPnear]
2025.12.17 21:35:40;RISK;deal closed pnl=25.08 streak=0 lock=0
2025.12.18 03:00:00;VETO;signal rejected: regime: chop ADX 17.6 < 22.0
2025.12.18 03:45:00;VETO;signal rejected: regime: chop ADX 15.8 < 22.0
2025.12.18 07:00:00;VETO;signal rejected: regime: chop ADX 15.9 < 22.0
2025.12.18 10:00:00;DECISION;setup SHORT score=0.85 entry=1.17 inv=1.17 tgt=0.00 AWAIT-RETEST [CHoCH short lvl=1.17|RelVol=1.44|Retest@1.17|VPnode d=0.00|VWAPside|CycleTurn w=0.17<-0.96]
2025.12.18 14:45:00;DECISION;setup SHORT score=0.70 entry=1.17 inv=1.17 tgt=0.00 [BOS short lvl=1.17|RelVol=1.25|VPnear|VWAPside|CycleTurn w=-0.73<-0.04]
2025.12.18 14:45:00;DECISION;TP capped 0.00268 -> 0.00201 (3.0xATR)
2025.12.18 14:45:00;ORDER;filled SELL 0.59 lots sl=1.17 tp=1.17 [WT|BOS|0.70]
2025.12.18 14:45:00;RISK;sizing: vol_ratio=1.13 scalar=0.90 gap_buf=0.00028 eff_stop=0.00162
2025.12.18 14:45:00;ORDER;entry fill deal #116 SELL 0.59 @ 1.17139
2025.12.18 15:15:40;RISK;deal closed pnl=-79.06 streak=1 lock=0
2025.12.18 15:30:00;VETO;outlier bar masked, z=4.8
2025.12.18 15:45:00;VETO;outlier bar masked, z=9.2
2025.12.18 16:00:00;VETO;outlier bar masked, z=7.8
2025.12.18 16:15:00;VETO;outlier bar masked, z=3.9
2025.12.18 17:30:00;VETO;outlier bar masked, z=4.0
2025.12.18 17:45:00;VETO;outlier bar masked, z=4.4
2025.12.18 18:15:00;VETO;outlier bar masked, z=5.2
2025.12.19 01:30:00;VETO;signal rejected: volume: relVol 0.59 < 1.00
2025.12.19 03:00:00;VETO;signal rejected: volume: relVol 0.95 < 1.00
2025.12.19 05:45:00;VETO;signal rejected: regime: chop ADX 14.5 < 22.0
2025.12.19 08:45:00;VETO;signal rejected: regime: chop ADX 18.8 < 22.0
2025.12.19 16:00:00;VETO;signal rejected: regime: chop ADX 16.1 < 22.0
2025.12.19 20:15:00;VETO;signal rejected: regime: chop ADX 21.3 < 22.0
2025.12.19 23:00:00;VETO;outlier bar masked, z=3.6
2025.12.22 03:00:00;DECISION;setup LONG score=0.85 entry=1.17 inv=1.17 tgt=0.00 AWAIT-RETEST [CHoCH long lvl=1.17|RelVol=1.12|Retest@1.17|VPnode d=0.00|VWAPside|CycleTurn w=0.69<--0.22]
2025.12.22 03:15:00;VETO;authorization denied: outside session window (server hour 03, window 13-21)
2025.12.22 03:30:00;VETO;authorization denied: outside session window (server hour 03, window 13-21)
2025.12.22 03:45:00;VETO;authorization denied: outside session window (server hour 03, window 13-21)
2025.12.22 04:00:00;VETO;authorization denied: outside session window (server hour 04, window 13-21)
2025.12.22 06:45:00;VETO;signal rejected: regime: chop ADX 21.4 < 22.0
2025.12.22 09:45:00;VETO;signal rejected: regime: chop ADX 21.3 < 22.0
2025.12.22 14:45:00;DECISION;setup LONG score=0.70 entry=1.17 inv=1.17 tgt=0.00 [BOS long lvl=1.17|RelVol=1.02|VPnear|VWAPside|CycleTurn w=-0.80<--0.97]
2025.12.22 14:45:00;DECISION;TP capped 0.00212 -> 0.00165 (3.0xATR)
2025.12.22 14:45:00;ORDER;filled BUY 0.70 lots sl=1.17 tp=1.18 [WT|BOS|0.70]
2025.12.22 14:45:00;RISK;sizing: vol_ratio=1.14 scalar=0.90 gap_buf=0.00027 eff_stop=0.00133
2025.12.22 14:45:00;ORDER;entry fill deal #118 BUY 0.70 @ 1.17392
2025.12.22 15:12:20;MANAGE;#118 SL 1.17 -> 1.17 breakeven
2025.12.22 15:12:20;MANAGE;#118 partial close 0.35 of 0.70 lots
2025.12.22 15:12:20;RISK;deal closed pnl=37.80 streak=0 lock=0
2025.12.22 15:34:40;MANAGE;#118 SL 1.17 -> 1.17 trail
2025.12.22 15:44:40;MANAGE;#118 SL 1.17 -> 1.17 trail
2025.12.22 16:28:40;RISK;deal closed pnl=57.75 streak=0 lock=0
2025.12.23 01:15:00;VETO;signal rejected: volume: relVol 0.00 < 1.00
2025.12.23 08:30:00;VETO;signal rejected: volume: relVol 0.42 < 1.00
2025.12.23 10:15:00;DECISION;setup LONG score=0.85 entry=1.18 inv=1.18 tgt=0.00 AWAIT-RETEST [CHoCH long lvl=1.18|RelVol=1.31|Retest@1.18|VPnode d=0.00|VWAPside|CycleTurn w=-0.86<--0.98]
2025.12.23 10:30:00;VETO;authorization denied: outside session window (server hour 10, window 13-21)
2025.12.23 10:45:00;VETO;authorization denied: outside session window (server hour 10, window 13-21)
2025.12.23 11:00:00;VETO;authorization denied: outside session window (server hour 11, window 13-21)
2025.12.23 11:15:00;VETO;authorization denied: outside session window (server hour 11, window 13-21)
2025.12.23 15:00:00;DECISION;setup SHORT score=0.60 entry=1.18 inv=1.18 tgt=0.00 AWAIT-RETEST [CHoCH short lvl=1.18|RelVol=1.12|Retest@1.18|VPnear|CycleTurn w=-0.69<-0.02]
2025.12.23 15:15:00;DECISION;TP capped 0.00244 -> 0.00183 (3.0xATR)
2025.12.23 15:15:00;ORDER;filled SELL 0.63 lots sl=1.18 tp=1.18 [WT|CHOCH|0.60]
2025.12.23 15:15:00;RISK;sizing: vol_ratio=1.15 scalar=0.89 gap_buf=0.00027 eff_stop=0.00149
2025.12.23 15:15:00;ORDER;entry fill deal #121 SELL 0.63 @ 1.17880
2025.12.23 15:52:40;MANAGE;#121 SL 1.18 -> 1.18 breakeven
2025.12.23 15:52:40;MANAGE;#121 partial close 0.31 of 0.63 lots
2025.12.23 15:52:40;RISK;deal closed pnl=38.44 streak=0 lock=0
2025.12.23 15:53:40;MANAGE;#121 SL 1.18 -> 1.18 trail
2025.12.23 16:01:20;MANAGE;#121 SL 1.18 -> 1.18 trail
2025.12.23 16:18:40;MANAGE;#121 SL 1.18 -> 1.18 trail
2025.12.23 16:19:20;RISK;deal closed pnl=58.56 streak=0 lock=0
2025.12.23 21:00:00;DECISION;setup LONG score=0.70 entry=1.18 inv=1.18 tgt=0.00 AWAIT-RETEST [CHoCH long lvl=1.18|RelVol=1.80|Retest@1.18|VPnear|VWAPside|CycleTurn w=0.71<-0.07]
2025.12.23 23:45:00;DECISION;setup LONG score=0.60 entry=1.18 inv=1.18 tgt=0.00 [BOS long lvl=1.18|RelVol=1.01|VPnear|VWAPside|ADX=50]
2025.12.23 23:45:00;VETO;authorization denied: outside session window (server hour 23, window 13-21)
2025.12.24 00:00:00;VETO;authorization denied: outside session window (server hour 00, window 13-21)
2025.12.24 00:15:00;VETO;outlier bar masked, z=4.6
2025.12.24 00:30:00;VETO;authorization denied: outside session window (server hour 00, window 13-21)
2025.12.24 00:45:00;VETO;authorization denied: outside session window (server hour 00, window 13-21)
2025.12.24 03:00:00;VETO;signal rejected: regime: chop ADX 21.6 < 22.0
2025.12.24 05:45:00;DECISION;setup SHORT score=0.65 entry=1.18 inv=1.18 tgt=0.00 AWAIT-RETEST [CHoCH short lvl=1.18|RelVol=1.10|Retest@1.18|VPnode d=0.00|VWAPside]
2025.12.24 06:30:00;VETO;authorization denied: outside session window (server hour 06, window 13-21)
2025.12.24 06:45:00;VETO;authorization denied: outside session window (server hour 06, window 13-21)
2025.12.24 07:00:00;VETO;authorization denied: outside session window (server hour 07, window 13-21)
2025.12.24 07:15:00;VETO;authorization denied: outside session window (server hour 07, window 13-21)
2025.12.24 10:15:00;DECISION;setup SHORT score=0.60 entry=1.18 inv=1.18 tgt=0.00 [BOS short lvl=1.18|RelVol=1.46|VPnear|VWAPside|ADX=31]
2025.12.24 10:15:00;VETO;authorization denied: outside session window (server hour 10, window 13-21)
2025.12.24 10:30:00;VETO;authorization denied: outside session window (server hour 10, window 13-21)
2025.12.24 10:45:00;VETO;authorization denied: outside session window (server hour 10, window 13-21)
2025.12.24 11:00:00;VETO;authorization denied: outside session window (server hour 11, window 13-21)
2025.12.24 14:30:00;DECISION;setup SHORT score=0.75 entry=1.18 inv=1.18 tgt=0.00 [BOS short lvl=1.18|RelVol=1.03|VPnode d=0.00|VWAPside|ADX=34]
2025.12.24 14:30:00;DECISION;TP capped 0.00234 -> 0.00175 (3.0xATR)
2025.12.24 14:30:00;ORDER;filled SELL 0.77 lots sl=1.18 tp=1.18 [WT|BOS|0.75]
2025.12.24 14:30:00;RISK;sizing: vol_ratio=0.85 scalar=1.00 gap_buf=0.00021 eff_stop=0.00138
2025.12.24 14:30:00;ORDER;entry fill deal #124 SELL 0.77 @ 1.17891
2025.12.24 16:55:20;MANAGE;#124 SL 1.18 -> 1.18 breakeven
2025.12.24 16:55:20;MANAGE;#124 partial close 0.38 of 0.77 lots
2025.12.24 16:55:20;RISK;deal closed pnl=44.84 streak=0 lock=0
2025.12.24 16:56:40;MANAGE;#124 SL 1.18 -> 1.18 trail
2025.12.24 17:53:20;MANAGE;#124 SL 1.18 -> 1.18 trail
2025.12.24 18:25:40;MANAGE;#124 SL 1.18 -> 1.18 trail
2025.12.24 18:27:40;MANAGE;#124 SL 1.18 -> 1.18 trail
2025.12.24 19:58:40;MANAGE;#124 SL 1.18 -> 1.18 trail
2025.12.24 21:57:00;RISK;deal closed pnl=27.30 streak=0 lock=0
2025.12.26 02:30:00;VETO;outlier bar masked, z=3.7
2025.12.26 04:45:00;VETO;signal rejected: regime: chop ADX 13.5 < 22.0
2025.12.26 06:15:00;VETO;signal rejected: regime: chop ADX 20.0 < 22.0
2025.12.26 08:45:00;VETO;outlier bar masked, z=4.6
2025.12.26 10:15:00;VETO;signal rejected: score 0.40 < 0.55 [BOS short lvl=1.18|RelVol=1.03|Retest@1.18|VWAPside]
2025.12.26 15:15:00;VETO;outlier bar masked, z=4.0
2025.12.26 18:00:00;VETO;outlier bar masked, z=4.2
2025.12.26 23:45:00;DECISION;setup SHORT score=0.85 entry=1.18 inv=1.18 tgt=0.00 [BOS short lvl=1.18|RelVol=1.22|VPnode d=0.00|VWAPside|CycleTurn w=0.83<-0.95]
2025.12.26 23:45:00;VETO;authorization denied: outside session window (server hour 23, window 13-21)
2025.12.29 00:06:00;VETO;authorization denied: outside session window (server hour 00, window 13-21)
2025.12.29 00:21:30;VETO;authorization denied: outside session window (server hour 00, window 13-21)
2025.12.29 00:34:30;VETO;authorization denied: outside session window (server hour 00, window 13-21)
2025.12.29 02:30:00;VETO;signal rejected: regime: chop ADX 21.2 < 22.0
2025.12.29 06:45:00;VETO;signal rejected: volume: relVol 0.86 < 1.00
2025.12.29 11:00:00;DECISION;setup LONG score=0.65 entry=1.18 inv=1.18 tgt=0.00 AWAIT-RETEST [CHoCH long lvl=1.18|RelVol=1.63|Retest@1.18|VPnode d=0.00|VWAPside]
2025.12.29 11:15:00;VETO;outlier bar masked, z=5.1
2025.12.29 11:30:00;VETO;authorization denied: outside session window (server hour 11, window 13-21)
2025.12.29 11:45:00;VETO;outlier bar masked, z=3.8
2025.12.29 12:00:00;VETO;authorization denied: outside session window (server hour 12, window 13-21)
2025.12.29 12:15:00;VETO;authorization denied: outside session window (server hour 12, window 13-21)
2025.12.29 12:30:00;VETO;authorization denied: outside session window (server hour 12, window 13-21)
2025.12.29 13:00:00;VETO;outlier bar masked, z=3.9
2025.12.29 14:45:00;VETO;signal rejected: score 0.50 < 0.55 [BOS short lvl=1.18|RelVol=1.26|VPnear|VWAPside]
2025.12.29 16:15:00;VETO;signal rejected: regime: chop ADX 19.9 < 22.0
2025.12.29 18:00:00;VETO;outlier bar masked, z=6.0
2025.12.29 19:15:00;VETO;signal rejected: score 0.50 < 0.55 [CHoCH short lvl=1.18|RelVol=1.41|Retest@1.18|VPnear|VWAPside]
2025.12.30 03:30:00;VETO;signal rejected: regime: chop ADX 14.4 < 22.0
2025.12.30 06:45:00;VETO;signal rejected: regime: chop ADX 16.9 < 22.0
2025.12.30 08:45:00;VETO;signal rejected: regime: chop ADX 18.0 < 22.0
2025.12.30 09:30:00;VETO;signal rejected: regime: chop ADX 19.4 < 22.0
2025.12.30 14:45:00;DECISION;setup SHORT score=0.60 entry=1.18 inv=1.18 tgt=0.00 [BOS short lvl=1.18|RelVol=1.01|VPnear|VWAPside|ADX=31]
2025.12.30 14:45:00;DECISION;TP capped 0.00318 -> 0.00238 (3.0xATR)
2025.12.30 14:45:00;ORDER;filled SELL 0.54 lots sl=1.18 tp=1.17 [WT|BOS|0.60]
2025.12.30 14:45:00;RISK;sizing: vol_ratio=1.09 scalar=0.93 gap_buf=0.00026 eff_stop=0.00185
2025.12.30 14:45:00;ORDER;entry fill deal #127 SELL 0.54 @ 1.17619
2025.12.30 17:30:00;VETO;signal rejected: score 0.50 < 0.55 [BOS short lvl=1.18|RelVol=1.28|Retest@1.18|VPnear|VWAPside]
2025.12.30 17:43:40;MANAGE;#127 SL 1.18 -> 1.18 breakeven
2025.12.30 17:43:40;MANAGE;#127 partial close 0.27 of 0.54 lots
2025.12.30 17:43:40;RISK;deal closed pnl=44.82 streak=0 lock=0
2025.12.30 17:43:59;MANAGE;#127 SL 1.18 -> 1.18 trail
2025.12.30 17:57:40;RISK;deal closed pnl=8.91 streak=0 lock=0
2025.12.30 18:00:00;VETO;outlier bar masked, z=4.2
2025.12.30 23:00:00;VETO;signal rejected: volume: relVol 0.99 < 1.00
2025.07.01 00:00:00;RECOVER;init: v2.43 test_case=E9_eur_tuned lock=0 streak=0 positions=0 equity=10000.00 day_eq=10000.00 peak_eq=10000.00
2025.07.01 00:00:00;RECOVER;symbol overrides [EURUSD]: EURUSD: profile_bin 0.20 -> 0.0002 (2026-07-17 E2 retest, PF 0.85 -> 1.12)
2025.07.01 00:00:00;VETO;signal rejected: score 0.40 < 0.55 [BOS long lvl=1.18|RelVol=1.19|Retest@1.18|ADX=62]
2025.07.01 03:15:00;VETO;signal rejected: volume: relVol 0.76 < 1.00
2025.07.01 05:00:00;VETO;signal rejected: volume: relVol 0.84 < 1.00
2025.07.01 10:15:00;VETO;outlier bar masked, z=3.7
2025.07.01 11:30:00;VETO;signal rejected: regime: chop ADX 20.6 < 22.0
2025.07.01 12:00:00;VETO;outlier bar masked, z=6.7
2025.07.01 15:45:00;VETO;signal rejected: regime: chop ADX 21.6 < 22.0
2025.07.01 17:00:00;VETO;outlier bar masked, z=3.9
2025.07.01 17:15:00;VETO;outlier bar masked, z=3.7
2025.07.01 17:45:00;VETO;outlier bar masked, z=3.6
2025.07.01 22:15:00;DECISION;setup LONG score=0.55 entry=1.18 inv=1.18 tgt=0.00 AWAIT-RETEST [CHoCH long lvl=1.18|RelVol=1.17|Retest@1.18|VPnode d=0.00]
2025.07.01 22:30:00;VETO;authorization denied: outside session window (server hour 22, window 13-21)
2025.07.01 22:45:00;VETO;authorization denied: outside session window (server hour 22, window 13-21)
2025.07.01 23:00:00;VETO;authorization denied: outside session window (server hour 23, window 13-21)
2025.07.01 23:15:00;VETO;authorization denied: outside session window (server hour 23, window 13-21)
2025.07.02 04:00:00;VETO;signal rejected: regime: chop ADX 21.4 < 22.0
2025.07.02 05:00:00;VETO;outlier bar masked, z=3.7
2025.07.02 09:00:00;VETO;signal rejected: volume: relVol 0.98 < 1.00
2025.07.02 12:30:00;VETO;signal rejected: volume: relVol 0.89 < 1.00
2025.07.02 14:30:00;VETO;signal rejected: volume: relVol 0.71 < 1.00
2025.07.02 15:30:00;VETO;outlier bar masked, z=9.8
2025.07.02 15:45:00;VETO;outlier bar masked, z=5.3
2025.07.02 16:15:00;VETO;outlier bar masked, z=5.1
2025.07.02 19:00:00;DECISION;setup LONG score=0.65 entry=1.18 inv=1.18 tgt=0.00 AWAIT-RETEST [CHoCH long lvl=1.18|RelVol=1.05|Retest@1.18|VPnode d=0.00|VWAPside]
2025.07.02 19:15:00;DECISION;TP capped 0.00758 -> 0.00568 (3.0xATR)
2025.07.02 19:15:00;ORDER;filled BUY 0.11 lots sl=1.18 tp=1.18 [WT|CHOCH|0.65]
2025.07.02 19:15:00;RISK;sizing: vol_ratio=1.64 scalar=0.52 gap_buf=0.00063 eff_stop=0.00442
2025.07.02 19:15:00;ORDER;entry fill deal #2 BUY 0.11 @ 1.17882
2025.07.02 20:15:00;DECISION;setup LONG score=0.60 entry=1.18 inv=1.18 tgt=0.00 [BOS long lvl=1.18|RelVol=1.12|VPnear|VWAPside|ADX=43]
2025.07.02 20:15:00;DECISION;TP capped 0.00982 -> 0.00736 (3.0xATR)
2025.07.02 20:15:00;VETO;risk veto: max positions
2025.07.02 23:00:00;VETO;signal rejected: volume: relVol 0.60 < 1.00
2025.07.03 00:15:00;VETO;signal rejected: volume: relVol 0.67 < 1.00
2025.07.03 00:45:01;DECISION;setup SHORT score=0.65 entry=1.18 inv=1.18 tgt=0.00 [BOS short lvl=1.18|RelVol=1.26|VPnode d=0.00|VWAPside]
2025.07.03 00:45:01;VETO;authorization denied: outside session window (server hour 00, window 13-21)
2025.07.03 01:00:00;VETO;authorization denied: outside session window (server hour 01, window 13-21)
2025.07.03 01:15:01;VETO;authorization denied: outside session window (server hour 01, window 13-21)
2025.07.03 01:30:00;VETO;authorization denied: outside session window (server hour 01, window 13-21)
2025.07.03 10:30:00;VETO;signal rejected: regime: chop ADX 16.8 < 22.0
2025.07.03 12:15:00;VETO;signal rejected: regime: chop ADX 19.7 < 22.0
2025.07.03 15:00:00;VETO;signal rejected: volume: relVol 0.95 < 1.00
2025.07.03 15:30:01;RISK;deal closed pnl=-44.12 streak=1 lock=0
2025.07.03 15:45:00;VETO;outlier bar masked, z=17.0
2025.07.03 16:00:00;VETO;outlier bar masked, z=3.9
2025.07.03 17:15:00;VETO;outlier bar masked, z=5.3
2025.07.03 19:30:00;VETO;signal rejected: volume: relVol 0.84 < 1.00
2025.07.04 02:15:00;VETO;signal rejected: regime: chop ADX 14.8 < 22.0
2025.07.04 10:30:00;VETO;signal rejected: volume: relVol 0.10 < 1.00
2025.07.04 12:45:00;VETO;signal rejected: volume: relVol 0.76 < 1.00
2025.07.04 17:15:00;VETO;signal rejected: volume: relVol 0.46 < 1.00
2025.07.04 20:00:00;VETO;signal rejected: volume: relVol 0.33 < 1.00
2025.07.04 22:00:00;VETO;signal rejected: volume: relVol 0.57 < 1.00
2025.07.07 00:01:40;VETO;outlier bar masked, z=3.5
2025.07.07 00:15:00;VETO;outlier bar masked, z=4.4
2025.07.07 03:15:00;VETO;signal rejected: regime: chop ADX 17.2 < 22.0
2025.07.07 04:45:00;VETO;signal rejected: volume: relVol 0.66 < 1.00
2025.07.07 08:30:00;VETO;signal rejected: volume: relVol 0.96 < 1.00
2025.07.07 09:30:00;VETO;signal rejected: volume: relVol 0.76 < 1.00
2025.07.07 15:30:00;VETO;signal rejected: volume: relVol 0.76 < 1.00
2025.07.07 16:30:00;VETO;signal rejected: volume: relVol 0.89 < 1.00
2025.07.07 19:30:00;VETO;outlier bar masked, z=7.9
2025.07.07 19:45:00;VETO;outlier bar masked, z=3.7
2025.07.07 20:00:00;VETO;outlier bar masked, z=5.7
2025.07.07 20:45:00;VETO;outlier bar masked, z=4.2
2025.07.08 01:45:00;VETO;signal rejected: score 0.50 < 0.55 [CHoCH long lvl=1.17|RelVol=1.00|Retest@1.17|VPnear|VWAPside]
2025.07.08 08:45:00;VETO;signal rejected: volume: relVol 0.80 < 1.00
2025.07.08 10:15:00;VETO;signal rejected: volume: relVol 0.97 < 1.00
2025.07.08 13:30:00;VETO;signal rejected: volume: relVol 0.73 < 1.00
2025.07.08 15:00:00;DECISION;setup SHORT score=0.60 entry=1.17 inv=1.18 tgt=0.00 [BOS short lvl=1.17|RelVol=1.01|VPnear|VWAPside|ADX=42]
2025.07.08 15:00:00;DECISION;TP capped 0.00868 -> 0.00651 (3.0xATR)
2025.07.08 15:00:00;ORDER;filled SELL 0.21 lots sl=1.18 tp=1.17 [WT|BOS|0.60]
2025.07.08 15:00:00;RISK;sizing: vol_ratio=0.82 scalar=1.00 gap_buf=0.00030 eff_stop=0.00464
2025.07.08 15:00:00;ORDER;entry fill deal #4 SELL 0.21 @ 1.17212
2025.07.08 16:15:00;VETO;signal rejected: volume: relVol 0.71 < 1.00
2025.07.09 00:30:00;VETO;signal rejected: regime: chop ADX 19.9 < 22.0
2025.07.09 05:45:00;DECISION;setup SHORT score=0.65 entry=1.17 inv=1.17 tgt=0.00 AWAIT-RETEST [BOS short lvl=1.17|RelVol=1.05|Retest@1.17|VPnode d=0.00|VWAPside]
2025.07.09 10:00:00;VETO;signal rejected: volume: relVol 0.91 < 1.00
2025.07.09 10:45:00;VETO;outlier bar masked, z=4.0
2025.07.09 13:45:00;VETO;signal rejected: regime: chop ADX 16.6 < 22.0
2025.07.09 15:00:00;VETO;outlier bar masked, z=3.5
2025.07.09 19:30:00;VETO;signal rejected: volume: relVol 0.66 < 1.00
2025.07.09 21:15:00;VETO;signal rejected: volume: relVol 0.90 < 1.00
2025.07.09 22:30:00;VETO;signal rejected: regime: chop ADX 20.2 < 22.0
2025.07.10 01:30:00;VETO;signal rejected: regime: chop ADX 19.5 < 22.0
2025.07.10 02:30:00;VETO;signal rejected: volume: relVol 0.60 < 1.00
2025.07.10 06:15:00;VETO;signal rejected: volume: relVol 0.61 < 1.00
2025.07.10 10:45:00;VETO;signal rejected: regime: chop ADX 19.0 < 22.0
2025.07.10 14:15:00;VETO;signal rejected: regime: chop ADX 17.8 < 22.0
2025.07.10 17:23:51;MANAGE;#4 SL 1.18 -> 1.17 breakeven
2025.07.10 17:23:51;MANAGE;#4 partial close 0.10 of 0.21 lots
2025.07.10 17:23:51;RISK;deal closed pnl=43.80 streak=0 lock=0
2025.07.10 17:23:52;MANAGE;#4 SL 1.17 -> 1.17 trail
2025.07.10 17:23:57;MANAGE;#4 SL 1.17 -> 1.17 trail
2025.07.10 17:23:58;MANAGE;#4 SL 1.17 -> 1.17 trail
2025.07.10 17:26:50;MANAGE;#4 SL 1.17 -> 1.17 trail
2025.07.10 17:27:09;MANAGE;#4 SL 1.17 -> 1.17 trail
2025.07.10 17:28:50;MANAGE;#4 SL 1.17 -> 1.17 trail
2025.07.10 17:29:07;MANAGE;#4 SL 1.17 -> 1.17 trail
2025.07.10 17:29:08;MANAGE;#4 SL 1.17 -> 1.17 trail
2025.07.10 17:29:14;MANAGE;#4 SL 1.17 -> 1.17 trail
2025.07.10 17:29:30;MANAGE;#4 SL 1.17 -> 1.17 trail
2025.07.10 17:30:00;VETO;outlier bar masked, z=9.4
2025.07.10 17:49:08;RISK;deal closed pnl=43.78 streak=0 lock=0
2025.07.10 21:15:00;VETO;signal rejected: regime: chop ADX 20.3 < 22.0
2025.07.10 22:45:00;VETO;signal rejected: regime: chop ADX 17.6 < 22.0
2025.07.11 03:15:00;VETO;outlier bar masked, z=4.6
2025.07.11 03:30:00;VETO;outlier bar masked, z=7.3
2025.07.11 03:45:00;VETO;outlier bar masked, z=3.9
2025.07.11 04:00:00;VETO;outlier bar masked, z=4.6
2025.07.11 10:15:00;VETO;outlier bar masked, z=4.0
2025.07.11 16:45:00;VETO;outlier bar masked, z=5.1
2025.07.11 17:30:00;VETO;signal rejected: regime: chop ADX 17.7 < 22.0
2025.07.11 23:30:00;VETO;signal rejected: volume: relVol 0.85 < 1.00
2025.07.14 00:15:00;VETO;outlier bar masked, z=7.2
2025.07.14 01:15:00;VETO;outlier bar masked, z=4.5
2025.07.14 03:15:00;VETO;signal rejected: volume: relVol 0.93 < 1.00
2025.07.14 08:45:00;VETO;signal rejected: regime: chop ADX 17.8 < 22.0
2025.07.14 11:00:00;DECISION;setup LONG score=0.85 entry=1.17 inv=1.17 tgt=0.00 AWAIT-RETEST [CHoCH long lvl=1.17|RelVol=1.02|Retest@1.17|VPnode d=0.00|VWAPside|CycleTurn w=0.75<--0.07]
2025.07.14 11:15:00;VETO;authorization denied: outside session window (server hour 11, window 13-21)
2025.07.14 11:30:00;VETO;authorization denied: outside session window (server hour 11, window 13-21)
2025.07.14 11:45:00;VETO;authorization denied: outside session window (server hour 11, window 13-21)
2025.07.14 12:00:00;VETO;authorization denied: outside session window (server hour 12, window 13-21)
2025.07.14 13:00:00;VETO;signal rejected: volume: relVol 0.81 < 1.00
2025.07.14 14:30:00;VETO;signal rejected: volume: relVol 0.90 < 1.00
2025.07.14 15:30:00;VETO;signal rejected: volume: relVol 0.69 < 1.00
2025.07.14 19:00:00;VETO;outlier bar masked, z=7.1
2025.07.14 20:45:00;VETO;signal rejected: regime: chop ADX 20.9 < 22.0
2025.07.15 03:15:00;VETO;signal rejected: regime: chop ADX 20.2 < 22.0
2025.07.15 06:30:00;VETO;signal rejected: regime: chop ADX 19.2 < 22.0
2025.07.15 08:15:00;VETO;signal rejected: volume: relVol 0.63 < 1.00
2025.07.15 10:30:00;VETO;outlier bar masked, z=4.0
2025.07.15 10:45:00;VETO;signal rejected: volume: relVol 0.83 < 1.00
2025.07.15 13:30:00;VETO;signal rejected: regime: chop ADX 19.7 < 22.0
2025.07.15 15:45:00;VETO;outlier bar masked, z=13.0
2025.07.15 16:00:00;VETO;outlier bar masked, z=8.0
2025.07.15 16:15:00;VETO;outlier bar masked, z=5.2
2025.07.15 16:45:00;VETO;outlier bar masked, z=10.2
2025.07.15 17:15:00;VETO;outlier bar masked, z=5.3
2025.07.15 17:30:00;VETO;outlier bar masked, z=4.9
2025.07.15 19:15:00;VETO;outlier bar masked, z=4.0
2025.07.15 19:45:00;VETO;signal rejected: score 0.50 < 0.55 [BOS short lvl=1.16|RelVol=1.09|VWAPside|ADX=60]
2025.07.16 00:15:00;VETO;signal rejected: volume: relVol 0.38 < 1.00
2025.07.16 02:00:00;VETO;signal rejected: volume: relVol 0.54 < 1.00
2025.07.16 08:00:00;VETO;signal rejected: volume: relVol 0.91 < 1.00
2025.07.16 09:00:00;VETO;signal rejected: volume: relVol 0.62 < 1.00
2025.07.16 15:00:00;DECISION;setup SHORT score=0.65 entry=1.16 inv=1.16 tgt=0.00 AWAIT-RETEST [CHoCH short lvl=1.16|RelVol=1.09|Retest@1.16|VPnode d=0.00|VWAPside]
2025.07.16 15:45:00;VETO;outlier bar masked, z=6.0
2025.07.16 16:00:00;VETO;outlier bar masked, z=5.6
2025.07.16 16:30:00;VETO;outlier bar masked, z=4.4
2025.07.16 17:00:00;VETO;outlier bar masked, z=4.3
2025.07.16 18:00:00;VETO;outlier bar masked, z=14.6
2025.07.16 18:15:00;VETO;outlier bar masked, z=11.3
2025.07.16 18:30:00;VETO;outlier bar masked, z=29.3
2025.07.16 18:45:00;VETO;outlier bar masked, z=14.7
2025.07.16 19:00:00;VETO;outlier bar masked, z=31.7
2025.07.16 19:15:00;VETO;outlier bar masked, z=14.7
2025.07.16 19:30:00;VETO;outlier bar masked, z=4.3
2025.07.16 20:00:00;VETO;outlier bar masked, z=4.9
2025.07.16 20:15:00;VETO;outlier bar masked, z=5.1
2025.07.16 21:00:00;VETO;outlier bar masked, z=6.8
2025.07.17 03:30:00;VETO;signal rejected: volume: relVol 0.52 < 1.00
2025.07.17 09:15:00;DECISION;setup SHORT score=0.95 entry=1.16 inv=1.16 tgt=0.00 AWAIT-RETEST [BOS short lvl=1.16|RelVol=1.07|Retest@1.16|VPnode d=0.00|VWAPside|CycleTurn w=0.88<-0.99|ADX=31]
2025.07.17 09:30:00;VETO;outlier bar masked, z=6.4
2025.07.17 14:30:00;VETO;signal rejected: volume: relVol 0.74 < 1.00
2025.07.17 15:45:00;VETO;outlier bar masked, z=5.1
2025.07.17 19:30:00;VETO;signal rejected: volume: relVol 0.76 < 1.00
2025.07.18 01:15:00;VETO;signal rejected: volume: relVol 0.49 < 1.00
2025.07.18 01:45:00;VETO;outlier bar masked, z=3.7
2025.07.18 05:00:00;VETO;signal rejected: volume: relVol 0.89 < 1.00
2025.07.18 07:30:00;VETO;signal rejected: volume: relVol 0.79 < 1.00
2025.07.18 11:15:00;VETO;signal rejected: regime: chop ADX 21.3 < 22.0
2025.07.18 14:45:00;VETO;signal rejected: volume: relVol 0.86 < 1.00
2025.07.18 15:15:00;VETO;outlier bar masked, z=4.0
2025.07.18 16:30:00;VETO;outlier bar masked, z=4.0
2025.07.18 17:15:00;VETO;outlier bar masked, z=4.6
2025.07.18 19:15:00;VETO;signal rejected: volume: relVol 0.74 < 1.00
2025.07.18 19:30:00;VETO;outlier bar masked, z=4.0
2025.07.21 00:15:00;DECISION;setup LONG score=0.65 entry=1.16 inv=1.16 tgt=0.00 AWAIT-RETEST [CHoCH long lvl=1.16|RelVol=3.52|Retest@1.16|VPnode d=0.00|VWAPside]
2025.07.21 00:30:00;VETO;authorization denied: outside session window (server hour 00, window 13-21)
2025.07.21 00:45:00;VETO;authorization denied: outside session window (server hour 00, window 13-21)
2025.07.21 01:00:00;VETO;authorization denied: outside session window (server hour 01, window 13-21)
2025.07.21 01:15:00;VETO;authorization denied: outside session window (server hour 01, window 13-21)
2025.07.21 04:00:00;VETO;signal rejected: regime: chop ADX 20.2 < 22.0
2025.07.21 09:45:00;VETO;signal rejected: volume: relVol 0.90 < 1.00
2025.07.21 11:45:01;VETO;signal rejected: score 0.50 < 0.55 [BOS long lvl=1.16|RelVol=1.02|VWAPside|ADX=43]
2025.07.21 14:15:02;VETO;signal rejected: volume: relVol 0.93 < 1.00
2025.07.21 17:15:00;VETO;outlier bar masked, z=5.4
2025.07.22 03:15:00;VETO;signal rejected: regime: chop ADX 18.0 < 22.0
2025.07.22 11:45:00;VETO;signal rejected: regime: chop ADX 13.7 < 22.0
2025.07.22 13:00:00;VETO;signal rejected: regime: chop ADX 19.6 < 22.0
2025.07.22 15:30:00;VETO;signal rejected: regime: chop ADX 19.4 < 22.0
2025.07.22 16:15:00;VETO;outlier bar masked, z=4.7
2025.07.22 16:45:00;VETO;outlier bar masked, z=3.9
2025.07.22 17:45:00;VETO;signal rejected: regime: chop ADX 21.6 < 22.0
2025.07.22 18:00:00;VETO;outlier bar masked, z=6.0
2025.07.22 18:15:00;VETO;outlier bar masked, z=4.2
2025.07.23 00:00:00;VETO;signal rejected: score 0.30 < 0.55 [BOS long lvl=1.18|RelVol=1.13]
2025.07.23 02:15:00;VETO;signal rejected: regime: chop ADX 17.7 < 22.0
2025.07.23 02:30:01;VETO;signal rejected: regime: chop ADX 16.9 < 22.0
2025.07.23 08:45:02;DECISION;setup SHORT score=0.65 entry=1.17 inv=1.17 tgt=0.00 AWAIT-RETEST [BOS short lvl=1.17|RelVol=1.09|Retest@1.17|VPnode d=0.00|VWAPside]
2025.07.23 09:00:00;VETO;authorization denied: outside session window (server hour 09, window 13-21)
2025.07.23 09:15:01;VETO;authorization denied: outside session window (server hour 09, window 13-21)
2025.07.23 09:30:00;VETO;authorization denied: outside session window (server hour 09, window 13-21)
2025.07.23 09:45:00;VETO;authorization denied: outside session window (server hour 09, window 13-21)
2025.07.23 10:15:00;VETO;signal rejected: volume: relVol 0.86 < 1.00
2025.07.23 14:00:00;VETO;signal rejected: regime: chop ADX 14.7 < 22.0
2025.07.23 15:45:00;VETO;signal rejected: regime: chop ADX 13.8 < 22.0
2025.07.23 17:45:00;VETO;signal rejected: regime: chop ADX 14.4 < 22.0
2025.07.23 19:00:00;VETO;outlier bar masked, z=8.9
2025.07.23 19:15:00;VETO;outlier bar masked, z=3.7
2025.07.23 21:15:00;VETO;signal rejected: regime: chop ADX 16.1 < 22.0
2025.07.24 00:00:00;VETO;signal rejected: score 0.50 < 0.55 [CHoCH short lvl=1.18|RelVol=2.13|Retest@1.18|StopFloored|CycleTurn w=-0.45<-0.63]
2025.07.24 02:30:00;VETO;signal rejected: regime: chop ADX 15.3 < 22.0
2025.07.24 06:15:00;VETO;signal rejected: regime: chop ADX 14.7 < 22.0
2025.07.24 09:00:00;VETO;signal rejected: regime: chop ADX 18.3 < 22.0
2025.07.24 12:15:00;VETO;signal rejected: volume: relVol 0.95 < 1.00
2025.07.24 15:45:00;VETO;outlier bar masked, z=4.4
2025.07.24 16:15:00;VETO;outlier bar masked, z=8.7
2025.07.24 16:30:00;VETO;outlier bar masked, z=5.4
2025.07.24 17:00:00;VETO;outlier bar masked, z=4.2
2025.07.24 17:30:00;VETO;outlier bar masked, z=5.3
2025.07.24 18:00:00;VETO;outlier bar masked, z=3.9
2025.07.24 18:30:00;VETO;outlier bar masked, z=4.9
2025.07.24 23:00:00;VETO;signal rejected: regime: chop ADX 14.0 < 22.0
2025.07.25 00:15:00;VETO;outlier bar masked, z=3.6
2025.07.25 04:15:00;DECISION;setup SHORT score=0.85 entry=1.17 inv=1.18 tgt=0.00 [BOS short lvl=1.17|RelVol=1.01|VPnode d=0.00|VWAPside|CycleTurn w=0.99<-1.00]
2025.07.25 04:15:00;VETO;authorization denied: outside session window (server hour 04, window 13-21)
2025.07.25 04:30:00;VETO;authorization denied: outside session window (server hour 04, window 13-21)
2025.07.25 04:45:00;VETO;authorization denied: outside session window (server hour 04, window 13-21)
2025.07.25 05:00:01;VETO;authorization denied: outside session window (server hour 05, window 13-21)
2025.07.25 09:00:00;VETO;signal rejected: regime: chop ADX 21.9 < 22.0
2025.07.25 14:00:00;VETO;signal rejected: score 0.50 < 0.55 [CHoCH short lvl=1.17|RelVol=1.10|Retest@1.17|VPnear|VWAPside]
2025.07.25 16:15:00;VETO;outlier bar masked, z=4.4
2025.07.25 16:30:00;VETO;outlier bar masked, z=4.1
2025.07.25 16:45:00;VETO;signal rejected: score 0.50 < 0.55 [BOS short lvl=1.17|RelVol=1.16|VWAPside|ADX=41]
2025.07.25 17:30:00;VETO;signal rejected: volume: relVol 0.66 < 1.00
2025.07.25 18:30:00;VETO;signal rejected: volume: relVol 0.82 < 1.00
2025.07.25 21:15:02;VETO;signal rejected: volume: relVol 0.85 < 1.00
2025.07.28 00:15:00;VETO;outlier bar masked, z=5.1
2025.07.28 01:15:00;VETO;outlier bar masked, z=4.4
2025.07.28 05:15:01;DECISION;setup SHORT score=0.65 entry=1.17 inv=1.18 tgt=0.00 AWAIT-RETEST [CHoCH short lvl=1.18|RelVol=1.02|Retest@1.17|VPnode d=0.00|VWAPside]
2025.07.28 05:30:00;VETO;authorization denied: outside session window (server hour 05, window 13-21)
2025.07.28 05:45:00;VETO;authorization denied: outside session window (server hour 05, window 13-21)
2025.07.28 06:00:00;VETO;authorization denied: outside session window (server hour 06, window 13-21)
2025.07.28 06:15:00;VETO;authorization denied: outside session window (server hour 06, window 13-21)
2025.07.28 07:45:00;VETO;signal rejected: regime: chop ADX 17.3 < 22.0
2025.07.28 09:30:00;VETO;outlier bar masked, z=7.8
2025.07.28 10:30:00;VETO;signal rejected: score 0.50 < 0.55 [BOS short lvl=1.17|RelVol=1.21|VWAPside|ADX=40]
2025.07.28 10:45:00;VETO;outlier bar masked, z=3.8
2025.07.28 11:00:00;VETO;outlier bar masked, z=4.9
2025.07.28 12:45:00;VETO;signal rejected: score 0.50 < 0.55 [BOS short lvl=1.17|RelVol=1.50|VWAPside|ADX=43]
2025.07.28 16:30:00;VETO;signal rejected: score 0.50 < 0.55 [BOS short lvl=1.16|RelVol=1.16|VWAPside|ADX=42]
2025.07.28 18:30:01;DECISION;setup SHORT score=0.70 entry=1.16 inv=1.17 tgt=0.00 [BOS short lvl=1.16|RelVol=1.10|VWAPside|CycleTurn w=0.97<-0.97|ADX=40]
2025.07.28 18:30:01;DECISION;TP capped 0.00860 -> 0.00645 (3.0xATR)
2025.07.28 18:30:01;ORDER;filled SELL 0.14 lots sl=1.17 tp=1.16 [WT|BOS|0.70]
2025.07.28 18:30:01;RISK;sizing: vol_ratio=1.37 scalar=0.72 gap_buf=0.00056 eff_stop=0.00485
2025.07.28 18:30:01;ORDER;entry fill deal #7 SELL 0.14 @ 1.16215
2025.07.29 00:00:00;VETO;signal rejected: score 0.40 < 0.55 [BOS short lvl=1.16|RelVol=1.19|ADX=38]
2025.07.29 02:15:00;VETO;signal rejected: volume: relVol 0.48 < 1.00
2025.07.29 04:00:00;VETO;signal rejected: regime: chop ADX 19.3 < 22.0
2025.07.29 05:30:00;VETO;signal rejected: regime: chop ADX 21.5 < 22.0
2025.07.29 06:45:00;DECISION;setup SHORT score=0.70 entry=1.16 inv=1.16 tgt=0.00 AWAIT-RETEST [CHoCH short lvl=1.16|RelVol=1.25|Retest@1.16|VPnear|VWAPside|CycleTurn w=0.91<-0.98]
2025.07.29 07:00:00;VETO;authorization denied: outside session window (server hour 07, window 13-21)
2025.07.29 07:15:00;VETO;authorization denied: outside session window (server hour 07, window 13-21)
2025.07.29 07:17:18;MANAGE;#7 SL 1.17 -> 1.16 breakeven
2025.07.29 07:17:18;MANAGE;#7 partial close 0.07 of 0.14 lots
2025.07.29 07:17:18;RISK;deal closed pnl=30.10 streak=0 lock=0
2025.07.29 07:17:18;MANAGE;#7 SL 1.16 -> 1.16 trail
2025.07.29 07:17:38;MANAGE;#7 SL 1.16 -> 1.16 trail
2025.07.29 07:18:35;MANAGE;#7 SL 1.16 -> 1.16 trail
2025.07.29 07:18:40;MANAGE;#7 SL 1.16 -> 1.16 trail
2025.07.29 07:30:00;VETO;authorization denied: outside session window (server hour 07, window 13-21)
2025.07.29 07:45:00;VETO;authorization denied: outside session window (server hour 07, window 13-21)
2025.07.29 07:56:36;RISK;deal closed pnl=24.01 streak=0 lock=0
2025.07.29 09:30:00;VETO;signal rejected: volume: relVol 0.86 < 1.00
2025.07.29 10:00:00;VETO;outlier bar masked, z=6.9
2025.07.29 14:45:00;VETO;outlier bar masked, z=4.8
2025.07.29 16:00:00;VETO;signal rejected: volume: relVol 0.91 < 1.00
2025.07.29 17:15:00;VETO;outlier bar masked, z=3.9
2025.07.29 17:30:00;VETO;outlier bar masked, z=3.6
2025.07.29 20:30:00;VETO;signal rejected: score 0.40 < 0.55 [CHoCH long lvl=1.15|RelVol=1.43|Retest@1.16|VPnear]
2025.07.30 03:30:00;VETO;signal rejected: volume: relVol 0.78 < 1.00
2025.07.30 07:15:00;VETO;signal rejected: score 0.50 < 0.55 [CHoCH short lvl=1.16|RelVol=1.11|Retest@1.16|VPnear|VWAPside]
2025.07.30 10:15:00;VETO;signal rejected: volume: relVol 0.91 < 1.00
2025.07.30 13:30:00;VETO;signal rejected: regime: chop ADX 21.5 < 22.0
2025.07.30 15:45:00;VETO;outlier bar masked, z=6.7
2025.07.30 16:00:00;VETO;outlier bar masked, z=5.0
2025.07.30 16:15:00;VETO;outlier bar masked, z=4.7
2025.07.30 21:15:00;VETO;outlier bar masked, z=5.0
2025.07.30 21:45:01;VETO;outlier bar masked, z=14.0
2025.07.30 22:00:00;VETO;outlier bar masked, z=11.1
2025.07.30 22:15:00;VETO;outlier bar masked, z=4.8
2025.07.30 22:30:00;VETO;outlier bar masked, z=4.3
2025.07.30 23:30:00;VETO;signal rejected: score 0.50 < 0.55 [BOS short lvl=1.14|RelVol=2.25|Retest@1.14|VWAPside|ADX=31]
2025.07.31 04:45:00;DECISION;setup LONG score=0.65 entry=1.14 inv=1.14 tgt=0.00 AWAIT-RETEST [CHoCH long lvl=1.14|RelVol=1.07|Retest@1.14|VPnode d=0.00|VWAPside]
2025.07.31 05:00:00;VETO;authorization denied: outside session window (server hour 05, window 13-21)
2025.07.31 05:15:00;VETO;authorization denied: outside session window (server hour 05, window 13-21)
2025.07.31 05:30:00;VETO;authorization denied: outside session window (server hour 05, window 13-21)
2025.07.31 05:45:00;VETO;authorization denied: outside session window (server hour 05, window 13-21)
2025.07.31 08:00:00;DECISION;setup LONG score=0.65 entry=1.14 inv=1.14 tgt=0.00 [BOS long lvl=1.14|RelVol=1.40|VPnode d=0.00|VWAPside]
2025.07.31 08:00:00;VETO;authorization denied: outside session window (server hour 08, window 13-21)
2025.07.31 08:15:00;VETO;authorization denied: outside session window (server hour 08, window 13-21)
2025.07.31 08:30:00;VETO;authorization denied: outside session window (server hour 08, window 13-21)
2025.07.31 08:45:00;VETO;authorization denied: outside session window (server hour 08, window 13-21)
2025.07.31 09:30:00;DECISION;setup LONG score=0.60 entry=1.14 inv=1.14 tgt=0.00 AWAIT-RETEST [BOS long lvl=1.14|RelVol=1.24|Retest@1.14|VPnear|VWAPside|ADX=34]
2025.07.31 10:30:00;VETO;authorization denied: outside session window (server hour 10, window 13-21)
2025.07.31 10:45:00;VETO;authorization denied: outside session window (server hour 10, window 13-21)
2025.07.31 11:00:00;VETO;authorization denied: outside session window (server hour 11, window 13-21)
2025.07.31 11:15:00;VETO;authorization denied: outside session window (server hour 11, window 13-21)
2025.07.31 13:00:00;DECISION;setup SHORT score=0.65 entry=1.14 inv=1.15 tgt=0.00 AWAIT-RETEST [CHoCH short lvl=1.14|RelVol=1.09|Retest@1.14|VPnode d=0.00|VWAPside]
2025.07.31 13:15:00;DECISION;TP capped 0.00482 -> 0.00362 (3.0xATR)
2025.07.31 13:15:00;ORDER;filled SELL 0.33 lots sl=1.15 tp=1.14 [WT|CHOCH|0.65]
2025.07.31 13:15:00;RISK;sizing: vol_ratio=1.05 scalar=0.96 gap_buf=0.00051 eff_stop=0.00292
2025.07.31 13:15:00;ORDER;entry fill deal #10 SELL 0.33 @ 1.14361
2025.07.31 16:09:34;MANAGE;#10 SL 1.15 -> 1.14 breakeven
2025.07.31 16:09:34;MANAGE;#10 partial close 0.16 of 0.33 lots
2025.07.31 16:09:34;RISK;deal closed pnl=38.88 streak=0 lock=0
2025.07.31 16:09:34;MANAGE;#10 SL 1.14 -> 1.14 trail
2025.07.31 16:15:00;DECISION;setup SHORT score=0.70 entry=1.14 inv=1.15 tgt=0.00 [BOS short lvl=1.14|RelVol=1.05|VPnear|VWAPside|CycleTurn w=-0.73<-0.04]
2025.07.31 16:15:00;DECISION;TP capped 0.00674 -> 0.00506 (3.0xATR)
2025.07.31 16:15:00;VETO;risk veto: max positions
2025.07.31 16:17:39;MANAGE;#10 SL 1.14 -> 1.14 trail
2025.07.31 16:17:44;MANAGE;#10 SL 1.14 -> 1.14 trail
2025.07.31 16:29:20;MANAGE;#10 SL 1.14 -> 1.14 trail
2025.07.31 17:18:55;RISK;deal closed pnl=14.62 streak=0 lock=0
2025.07.31 23:00:00;DECISION;setup SHORT score=0.70 entry=1.14 inv=1.14 tgt=0.00 [BOS short lvl=1.14|RelVol=1.97|VPnear|VWAPside|CycleTurn w=0.97<-1.00]
2025.07.31 23:00:00;VETO;authorization denied: outside session window (server hour 23, window 13-21)
2025.07.31 23:15:00;VETO;authorization denied: outside session window (server hour 23, window 13-21)
2025.07.31 23:30:00;VETO;authorization denied: outside session window (server hour 23, window 13-21)
2025.07.31 23:45:00;VETO;authorization denied: outside session window (server hour 23, window 13-21)
2025.08.01 05:00:00;DECISION;setup SHORT score=0.70 entry=1.14 inv=1.14 tgt=0.00 [BOS short lvl=1.14|RelVol=1.74|VPnear|VWAPside|CycleTurn w=0.51<-0.95]
2025.08.01 05:00:00;VETO;authorization denied: outside session window (server hour 05, window 13-21)
2025.08.01 05:15:00;VETO;authorization denied: outside session window (server hour 05, window 13-21)
2025.08.01 05:30:00;VETO;authorization denied: outside session window (server hour 05, window 13-21)
2025.08.01 05:45:00;VETO;authorization denied: outside session window (server hour 05, window 13-21)
2025.08.01 08:45:00;DECISION;setup LONG score=0.65 entry=1.14 inv=1.14 tgt=0.00 AWAIT-RETEST [CHoCH long lvl=1.14|RelVol=1.06|Retest@1.14|StopFloored|VPnode d=0.00|VWAPside]
2025.08.01 10:30:00;VETO;authorization denied: outside session window (server hour 10, window 13-21)
2025.08.01 10:45:00;VETO;authorization denied: outside session window (server hour 10, window 13-21)
2025.08.01 11:00:00;VETO;authorization denied: outside session window (server hour 11, window 13-21)
2025.08.01 11:15:00;VETO;signal rejected: volume: relVol 0.75 < 1.00
2025.08.01 11:15:00;VETO;authorization denied: outside session window (server hour 11, window 13-21)
2025.08.01 15:45:00;VETO;outlier bar masked, z=44.4
2025.08.01 16:00:00;VETO;outlier bar masked, z=8.4
2025.08.01 16:15:00;VETO;outlier bar masked, z=7.4
2025.08.01 16:30:00;VETO;outlier bar masked, z=6.1
2025.08.01 16:45:00;VETO;outlier bar masked, z=3.6
2025.08.01 17:00:00;VETO;outlier bar masked, z=4.9
2025.08.01 17:15:00;VETO;outlier bar masked, z=8.5
2025.08.01 17:30:00;VETO;outlier bar masked, z=5.8
2025.08.01 18:00:00;VETO;outlier bar masked, z=3.6
2025.08.01 18:30:00;VETO;outlier bar masked, z=3.7
2025.08.01 19:30:00;VETO;outlier bar masked, z=4.3
2025.08.01 20:15:04;VETO;signal rejected: regime: chop ADX 18.2 < 22.0
2025.08.01 22:00:00;VETO;outlier bar masked, z=3.8
2025.08.01 22:45:00;VETO;outlier bar masked, z=7.4
2025.08.04 03:15:00;VETO;signal rejected: regime: chop ADX 20.5 < 22.0
2025.08.04 14:15:00;VETO;signal rejected: regime: chop ADX 19.8 < 22.0
2025.08.04 16:15:00;VETO;signal rejected: regime: chop ADX 11.6 < 22.0
2025.08.05 01:30:00;VETO;signal rejected: regime: chop ADX 20.5 < 22.0
2025.08.05 04:15:02;VETO;signal rejected: volume: relVol 0.82 < 1.00
2025.08.05 05:45:01;VETO;signal rejected: volume: relVol 0.76 < 1.00
2025.08.05 08:30:00;DECISION;setup SHORT score=0.65 entry=1.16 inv=1.16 tgt=0.00 [BOS short lvl=1.16|RelVol=1.02|VPnode d=0.00|VWAPside]
2025.08.05 08:30:00;VETO;authorization denied: outside session window (server hour 08, window 13-21)
2025.08.05 08:45:00;VETO;authorization denied: outside session window (server hour 08, window 13-21)
2025.08.05 09:00:00;VETO;authorization denied: outside session window (server hour 09, window 13-21)
2025.08.05 09:15:00;VETO;authorization denied: outside session window (server hour 09, window 13-21)
2025.08.05 11:00:00;VETO;outlier bar masked, z=4.6
2025.08.05 14:45:00;VETO;signal rejected: regime: chop ADX 17.5 < 22.0
2025.08.05 16:30:00;VETO;signal rejected: regime: chop ADX 15.0 < 22.0
2025.08.05 17:15:00;VETO;outlier bar masked, z=4.3
2025.08.05 17:45:00;VETO;outlier bar masked, z=3.7
2025.08.06 00:01:28;VETO;signal rejected: volume: relVol 0.36 < 1.00
2025.08.06 02:45:01;VETO;signal rejected: volume: relVol 0.64 < 1.00
2025.08.06 04:30:03;VETO;signal rejected: volume: relVol 0.66 < 1.00
2025.08.06 10:30:00;VETO;signal rejected: volume: relVol 0.77 < 1.00
2025.08.06 13:00:00;VETO;signal rejected: regime: chop ADX 19.5 < 22.0
2025.08.06 13:15:00;VETO;outlier bar masked, z=5.4
2025.08.06 14:30:00;VETO;signal rejected: volume: relVol 0.95 < 1.00
2025.08.06 16:00:00;VETO;outlier bar masked, z=4.9
2025.08.06 18:45:00;VETO;outlier bar masked, z=4.0
2025.08.06 20:45:00;DECISION;setup LONG score=0.60 entry=1.17 inv=1.16 tgt=0.00 [BOS long lvl=1.16|RelVol=1.16|VWAPside|CycleTurn w=-0.95<--0.97]
2025.08.06 20:45:00;DECISION;TP capped 0.00508 -> 0.00381 (3.0xATR)
2025.08.06 20:45:00;ORDER;filled BUY 0.20 lots sl=1.16 tp=1.17 [WT|BOS|0.60]
2025.08.06 20:45:00;RISK;sizing: vol_ratio=1.52 scalar=0.61 gap_buf=0.00051 eff_stop=0.00305
2025.08.06 20:45:00;ORDER;entry fill deal #13 BUY 0.20 @ 1.16556
2025.08.07 01:15:00;VETO;signal rejected: regime: chop ADX 21.6 < 22.0
2025.08.07 03:15:00;VETO;signal rejected: regime: chop ADX 19.7 < 22.0
2025.08.07 05:15:00;VETO;signal rejected: volume: relVol 0.94 < 1.00
2025.08.07 07:15:01;DECISION;setup LONG score=0.85 entry=1.17 inv=1.17 tgt=0.00 AWAIT-RETEST [BOS long lvl=1.17|RelVol=1.02|Retest@1.17|VPnode d=0.00|VWAPside|CycleTurn w=-0.26<--0.94]
2025.08.07 10:30:00;VETO;signal rejected: volume: relVol 0.82 < 1.00
2025.08.07 10:36:04;MANAGE;#13 SL 1.16 -> 1.17 breakeven
2025.08.07 10:36:04;MANAGE;#13 partial close 0.10 of 0.20 lots
2025.08.07 10:36:04;RISK;deal closed pnl=25.39 streak=0 lock=0
2025.08.07 10:36:05;MANAGE;#13 SL 1.17 -> 1.17 trail
2025.08.07 10:36:18;MANAGE;#13 SL 1.17 -> 1.17 trail
2025.08.07 10:36:20;MANAGE;#13 SL 1.17 -> 1.17 trail
2025.08.07 10:38:34;MANAGE;#13 SL 1.17 -> 1.17 trail
2025.08.07 10:47:10;MANAGE;#13 SL 1.17 -> 1.17 trail
2025.08.07 10:48:22;MANAGE;#13 SL 1.17 -> 1.17 trail
2025.08.07 10:50:24;MANAGE;#13 SL 1.17 -> 1.17 trail
2025.08.07 10:51:51;MANAGE;#13 SL 1.17 -> 1.17 trail
2025.08.07 10:52:19;MANAGE;#13 SL 1.17 -> 1.17 trail
2025.08.07 11:04:01;MANAGE;#13 SL 1.17 -> 1.17 trail
2025.08.07 11:04:05;RISK;deal closed pnl=38.19 streak=0 lock=0
2025.08.07 13:15:00;DECISION;setup SHORT score=0.65 entry=1.17 inv=1.17 tgt=0.00 AWAIT-RETEST [CHoCH short lvl=1.17|RelVol=1.21|Retest@1.17|VPnode d=0.00|VWAPside]
2025.08.07 13:30:00;DECISION;TP capped 0.00724 -> 0.00543 (3.0xATR)
2025.08.07 13:30:00;ORDER;filled SELL 0.24 lots sl=1.17 tp=1.16 [WT|CHOCH|0.65]
2025.08.07 13:30:00;RISK;sizing: vol_ratio=1.06 scalar=0.95 gap_buf=0.00040 eff_stop=0.00402
2025.08.07 13:30:00;ORDER;entry fill deal #16 SELL 0.24 @ 1.16620
2025.08.07 14:15:00;VETO;outlier bar masked, z=5.3
2025.08.07 14:45:00;VETO;outlier bar masked, z=4.0
2025.08.07 17:08:58;MANAGE;#16 SL 1.17 -> 1.17 breakeven
2025.08.07 17:08:58;MANAGE;#16 partial close 0.12 of 0.24 lots
2025.08.07 17:08:58;RISK;deal closed pnl=44.40 streak=0 lock=0
2025.08.07 17:08:58;MANAGE;#16 SL 1.17 -> 1.17 trail
2025.08.07 17:10:40;MANAGE;#16 SL 1.17 -> 1.16 trail
2025.08.07 17:10:42;MANAGE;#16 SL 1.16 -> 1.16 trail
2025.08.07 17:15:00;VETO;outlier bar masked, z=5.7
2025.08.07 17:30:00;DECISION;setup SHORT score=0.80 entry=1.16 inv=1.17 tgt=0.00 AWAIT-RETEST [BOS short lvl=1.16|RelVol=1.48|Retest@1.16|VPnear|VWAPside|CycleTurn w=-0.71<--0.62|ADX=31]
2025.08.07 17:40:51;MANAGE;#16 SL 1.16 -> 1.16 trail
2025.08.07 17:46:07;MANAGE;#16 SL 1.16 -> 1.16 trail
2025.08.07 17:46:15;MANAGE;#16 SL 1.16 -> 1.16 trail
2025.08.07 18:04:43;MANAGE;#16 SL 1.16 -> 1.16 trail
2025.08.07 18:04:46;MANAGE;#16 SL 1.16 -> 1.16 trail
2025.08.07 18:30:00;DECISION;TP capped 0.00508 -> 0.00381 (3.0xATR)
2025.08.07 18:30:00;VETO;risk veto: max positions
2025.08.07 18:49:18;RISK;deal closed pnl=24.84 streak=0 lock=0
2025.08.07 21:30:01;VETO;signal rejected: volume: relVol 0.94 < 1.00
2025.08.07 22:45:00;VETO;outlier bar masked, z=7.7
2025.08.08 01:45:00;DECISION;setup LONG score=0.60 entry=1.17 inv=1.17 tgt=0.00 [BOS long lvl=1.17|RelVol=1.03|VPnear|VWAPside|ADX=33]
2025.08.08 01:45:00;VETO;authorization denied: outside session window (server hour 01, window 13-21)
2025.08.08 02:00:00;VETO;authorization denied: outside session window (server hour 02, window 13-21)
2025.08.08 02:15:00;VETO;authorization denied: outside session window (server hour 02, window 13-21)
2025.08.08 02:30:00;VETO;authorization denied: outside session window (server hour 02, window 13-21)
2025.08.08 04:45:00;VETO;signal rejected: score 0.50 < 0.55 [CHoCH short lvl=1.17|RelVol=1.15|Retest@1.17|VPnear|VWAPside]
2025.08.08 08:15:00;VETO;signal rejected: regime: chop ADX 18.1 < 22.0
2025.08.08 12:00:00;DECISION;setup SHORT score=0.85 entry=1.16 inv=1.17 tgt=0.00 [BOS short lvl=1.16|RelVol=1.28|VPnode d=0.00|VWAPside|CycleTurn w=0.75<-0.97]
2025.08.08 12:00:00;VETO;authorization denied: outside session window (server hour 12, window 13-21)
2025.08.08 12:15:00;VETO;authorization denied: outside session window (server hour 12, window 13-21)
2025.08.08 12:30:00;VETO;authorization denied: outside session window (server hour 12, window 13-21)
2025.08.08 12:45:00;VETO;authorization denied: outside session window (server hour 12, window 13-21)
2025.08.08 15:30:00;VETO;signal rejected: volume: relVol 0.89 < 1.00
2025.08.08 18:30:00;VETO;signal rejected: volume: relVol 0.62 < 1.00
2025.08.08 22:30:00;VETO;outlier bar masked, z=4.0
2025.08.11 04:45:00;VETO;signal rejected: regime: chop ADX 19.8 < 22.0
2025.08.11 12:30:00;DECISION;setup SHORT score=0.65 entry=1.16 inv=1.17 tgt=0.00 AWAIT-RETEST [CHoCH short lvl=1.16|RelVol=1.11|Retest@1.16|VPnode d=0.00|VWAPside]
2025.08.11 12:45:00;VETO;authorization denied: outside session window (server hour 12, window 13-21)
2025.08.11 13:00:00;DECISION;TP capped 0.00384 -> 0.00288 (3.0xATR)
2025.08.11 13:00:00;ORDER;filled SELL 0.45 lots sl=1.17 tp=1.16 [WT|CHOCH|0.65]
2025.08.11 13:00:00;RISK;sizing: vol_ratio=1.03 scalar=0.98 gap_buf=0.00031 eff_stop=0.00223
2025.08.11 13:00:00;ORDER;entry fill deal #19 SELL 0.45 @ 1.16407
2025.08.11 14:30:00;VETO;signal rejected: volume: relVol 0.97 < 1.00
2025.08.11 15:13:00;MANAGE;#19 SL 1.17 -> 1.16 breakeven
2025.08.11 15:13:00;MANAGE;#19 partial close 0.22 of 0.45 lots
2025.08.11 15:13:00;RISK;deal closed pnl=43.12 streak=0 lock=0
2025.08.11 15:13:00;MANAGE;#19 SL 1.16 -> 1.16 trail
2025.08.11 15:13:05;MANAGE;#19 SL 1.16 -> 1.16 trail
2025.08.11 15:13:58;MANAGE;#19 SL 1.16 -> 1.16 trail
2025.08.11 15:14:32;MANAGE;#19 SL 1.16 -> 1.16 trail
2025.08.11 15:16:06;MANAGE;#19 SL 1.16 -> 1.16 trail
2025.08.11 17:04:05;MANAGE;#19 SL 1.16 -> 1.16 trail
2025.08.11 17:04:09;RISK;deal closed pnl=66.24 streak=0 lock=0
2025.08.11 17:15:00;VETO;outlier bar masked, z=4.0
2025.08.11 21:30:00;VETO;signal rejected: volume: relVol 0.73 < 1.00
2025.08.11 23:30:00;VETO;signal rejected: regime: chop ADX 21.8 < 22.0
2025.08.12 04:45:00;DECISION;setup LONG score=0.75 entry=1.16 inv=1.16 tgt=0.00 AWAIT-RETEST [BOS long lvl=1.16|RelVol=1.08|Retest@1.16|VPnode d=0.00|VWAPside|ADX=41]
2025.08.12 05:00:00;VETO;authorization denied: outside session window (server hour 05, window 13-21)
2025.08.12 05:15:00;VETO;authorization denied: outside session window (server hour 05, window 13-21)
2025.08.12 05:30:00;VETO;authorization denied: outside session window (server hour 05, window 13-21)
2025.08.12 05:45:00;VETO;authorization denied: outside session window (server hour 05, window 13-21)
2025.08.12 08:00:00;DECISION;setup LONG score=0.80 entry=1.16 inv=1.16 tgt=0.00 [BOS long lvl=1.16|RelVol=1.11|VPnear|VWAPside|CycleTurn w=-0.88<--0.90|ADX=35]
2025.08.12 08:00:00;VETO;authorization denied: outside session window (server hour 08, window 13-21)
2025.08.12 08:15:00;VETO;authorization denied: outside session window (server hour 08, window 13-21)
2025.08.12 08:30:00;VETO;authorization denied: outside session window (server hour 08, window 13-21)
2025.08.12 08:45:00;DECISION;setup SHORT score=0.85 entry=1.16 inv=1.16 tgt=0.00 AWAIT-RETEST [CHoCH short lvl=1.16|RelVol=1.22|Retest@1.16|VPnode d=0.00|VWAPside|CycleTurn w=0.64<-0.75]
2025.08.12 09:00:00;VETO;authorization denied: outside session window (server hour 09, window 13-21)
2025.08.12 09:15:00;VETO;authorization denied: outside session window (server hour 09, window 13-21)
2025.08.12 09:30:00;VETO;authorization denied: outside session window (server hour 09, window 13-21)
2025.08.12 09:45:00;VETO;authorization denied: outside session window (server hour 09, window 13-21)
2025.08.12 12:30:00;VETO;signal rejected: regime: chop ADX 16.9 < 22.0
2025.08.12 15:45:00;VETO;outlier bar masked, z=18.2
2025.08.12 16:00:00;VETO;outlier bar masked, z=5.3
2025.08.12 16:15:00;VETO;outlier bar masked, z=5.5
2025.08.12 16:30:00;VETO;outlier bar masked, z=5.7
2025.08.12 16:45:00;VETO;outlier bar masked, z=14.1
2025.08.12 17:00:00;VETO;outlier bar masked, z=8.4
2025.08.12 18:30:00;VETO;outlier bar masked, z=6.6
2025.08.12 18:45:00;VETO;outlier bar masked, z=5.8
2025.08.12 19:00:00;VETO;outlier bar masked, z=6.4
2025.08.13 02:15:00;VETO;signal rejected: volume: relVol 0.67 < 1.00
2025.08.13 06:45:00;VETO;signal rejected: volume: relVol 1.00 < 1.00
2025.08.13 09:45:00;VETO;signal rejected: regime: chop ADX 19.5 < 22.0
2025.08.13 10:15:00;VETO;outlier bar masked, z=4.1
2025.08.13 15:45:00;VETO;signal rejected: volume: relVol 0.66 < 1.00
2025.08.13 20:00:00;VETO;signal rejected: regime: chop ADX 20.4 < 22.0
2025.08.13 23:30:00;DECISION;setup LONG score=0.60 entry=1.17 inv=1.17 tgt=0.00 AWAIT-RETEST [CHoCH long lvl=1.17|RelVol=1.59|Retest@1.17|VWAPside|CycleTurn w=-0.89<--0.97]
2025.08.13 23:45:00;VETO;authorization denied: outside session window (server hour 23, window 13-21)
2025.08.14 00:01:28;VETO;authorization denied: outside session window (server hour 00, window 13-21)
2025.08.14 00:15:00;VETO;authorization denied: outside session window (server hour 00, window 13-21)
2025.08.14 00:30:00;VETO;authorization denied: outside session window (server hour 00, window 13-21)
2025.08.14 01:45:01;VETO;signal rejected: regime: chop ADX 19.7 < 22.0
2025.08.14 05:30:00;DECISION;setup SHORT score=0.70 entry=1.17 inv=1.17 tgt=0.00 AWAIT-RETEST [CHoCH short lvl=1.17|RelVol=1.11|Retest@1.17|VPnear|VWAPside|CycleTurn w=0.47<-0.94]
2025.08.14 09:45:00;DECISION;setup SHORT score=0.65 entry=1.17 inv=1.17 tgt=0.00 [BOS short lvl=1.17|RelVol=1.10|VPnode d=0.00|VWAPside]
2025.08.14 09:45:00;VETO;authorization denied: outside session window (server hour 09, window 13-21)
2025.08.14 10:00:00;VETO;authorization denied: outside session window (server hour 10, window 13-21)
2025.08.14 10:15:00;VETO;authorization denied: outside session window (server hour 10, window 13-21)
2025.08.14 10:30:00;VETO;authorization denied: outside session window (server hour 10, window 13-21)
2025.08.14 12:15:00;VETO;outlier bar masked, z=4.0
2025.08.14 15:30:00;VETO;signal rejected: regime: chop ADX 19.9 < 22.0
2025.08.14 15:45:00;VETO;outlier bar masked, z=9.3
2025.08.14 16:00:00;VETO;outlier bar masked, z=6.4
2025.08.14 16:30:00;VETO;outlier bar masked, z=4.2
2025.08.14 19:15:00;VETO;signal rejected: score 0.50 < 0.55 [BOS short lvl=1.16|RelVol=1.09|VWAPside|ADX=37]
2025.08.14 22:15:01;DECISION;setup LONG score=0.55 entry=1.16 inv=1.16 tgt=0.00 AWAIT-RETEST [CHoCH long lvl=1.16|RelVol=1.03|Retest@1.16|VPnode d=0.00]
2025.08.14 22:30:00;VETO;authorization denied: outside session window (server hour 22, window 13-21)
2025.08.14 22:45:00;VETO;authorization denied: outside session window (server hour 22, window 13-21)
2025.08.14 23:00:00;VETO;authorization denied: outside session window (server hour 23, window 13-21)
2025.08.14 23:15:00;VETO;authorization denied: outside session window (server hour 23, window 13-21)
2025.08.15 01:15:00;VETO;signal rejected: volume: relVol 0.80 < 1.00
2025.08.15 04:30:00;VETO;signal rejected: regime: chop ADX 16.3 < 22.0
2025.08.15 06:15:01;VETO;signal rejected: volume: relVol 1.00 < 1.00
2025.08.15 09:00:00;VETO;signal rejected: volume: relVol 0.83 < 1.00
2025.08.15 12:15:00;VETO;signal rejected: volume: relVol 0.83 < 1.00
2025.08.15 15:45:00;VETO;outlier bar masked, z=7.6
2025.08.15 19:30:00;VETO;signal rejected: regime: chop ADX 16.4 < 22.0
2025.08.15 23:15:04;VETO;signal rejected: volume: relVol 0.58 < 1.00
2025.08.18 00:15:00;VETO;signal rejected: regime: chop ADX 18.9 < 22.0
2025.08.18 04:15:00;VETO;signal rejected: volume: relVol 0.86 < 1.00
2025.08.18 07:45:00;DECISION;setup LONG score=0.65 entry=1.17 inv=1.17 tgt=0.00 AWAIT-RETEST [CHoCH long lvl=1.17|RelVol=1.08|Retest@1.17|VPnode d=0.00|VWAPside]
2025.08.18 08:15:00;VETO;authorization denied: outside session window (server hour 08, window 13-21)
2025.08.18 08:30:00;VETO;authorization denied: outside session window (server hour 08, window 13-21)
2025.08.18 08:45:00;VETO;authorization denied: outside session window (server hour 08, window 13-21)
2025.08.18 09:00:00;VETO;authorization denied: outside session window (server hour 09, window 13-21)
2025.08.18 11:00:00;VETO;outlier bar masked, z=6.9
2025.08.18 11:30:00;VETO;outlier bar masked, z=3.5
2025.08.18 15:00:00;VETO;outlier bar masked, z=3.7
2025.08.18 15:45:00;VETO;signal rejected: volume: relVol 0.66 < 1.00
2025.08.18 18:00:00;VETO;signal rejected: volume: relVol 0.86 < 1.00
2025.08.18 20:00:00;VETO;signal rejected: volume: relVol 0.78 < 1.00
2025.08.18 22:30:00;VETO;signal rejected: regime: chop ADX 19.6 < 22.0
2025.08.19 01:15:00;VETO;outlier bar masked, z=4.9
2025.08.19 03:45:01;VETO;signal rejected: regime: chop ADX 14.9 < 22.0
2025.08.19 04:30:00;VETO;outlier bar masked, z=4.4
2025.08.19 06:30:00;VETO;signal rejected: regime: chop ADX 17.5 < 22.0
2025.08.19 10:00:00;VETO;signal rejected: volume: relVol 0.86 < 1.00
2025.08.19 13:30:00;VETO;signal rejected: volume: relVol 0.87 < 1.00
2025.08.19 17:45:00;VETO;signal rejected: volume: relVol 0.59 < 1.00
2025.08.19 21:15:03;VETO;signal rejected: volume: relVol 0.69 < 1.00
2025.08.20 03:15:00;VETO;signal rejected: volume: relVol 0.96 < 1.00
2025.08.20 04:30:00;VETO;signal rejected: score 0.50 < 0.55 [BOS short lvl=1.16|RelVol=1.09|VWAPside|ADX=57]
2025.08.20 09:00:00;VETO;signal rejected: volume: relVol 0.78 < 1.00
2025.08.20 09:15:00;VETO;outlier bar masked, z=5.2
2025.08.20 10:30:00;VETO;signal rejected: volume: relVol 0.85 < 1.00
2025.08.20 13:15:00;VETO;signal rejected: volume: relVol 0.81 < 1.00
2025.08.20 15:45:00;VETO;outlier bar masked, z=4.0
2025.08.20 19:00:00;VETO;signal rejected: volume: relVol 0.98 < 1.00
2025.08.20 21:00:00;VETO;signal rejected: volume: relVol 0.97 < 1.00
2025.08.20 23:15:00;VETO;signal rejected: volume: relVol 0.85 < 1.00
2025.08.21 03:30:00;VETO;signal rejected: volume: relVol 0.80 < 1.00
2025.08.21 09:00:00;VETO;signal rejected: regime: chop ADX 16.9 < 22.0
2025.08.21 09:30:00;VETO;signal rejected: regime: chop ADX 17.2 < 22.0
2025.08.21 10:45:00;VETO;outlier bar masked, z=3.6
2025.08.21 15:45:00;VETO;outlier bar masked, z=4.3
2025.08.21 16:45:00;VETO;signal rejected: regime: chop ADX 19.2 < 22.0
2025.08.21 17:00:00;VETO;outlier bar masked, z=5.5
2025.08.21 17:45:00;VETO;outlier bar masked, z=3.6
2025.08.21 18:15:01;VETO;outlier bar masked, z=3.8
2025.08.21 18:30:00;VETO;outlier bar masked, z=7.4
2025.08.22 03:30:00;VETO;signal rejected: regime: chop ADX 15.4 < 22.0
2025.08.22 05:00:00;VETO;signal rejected: regime: chop ADX 18.0 < 22.0
2025.08.22 06:30:00;VETO;signal rejected: volume: relVol 0.77 < 1.00
2025.08.22 12:00:00;VETO;signal rejected: regime: chop ADX 21.8 < 22.0
2025.08.22 14:45:00;VETO;signal rejected: regime: chop ADX 20.7 < 22.0
2025.08.22 17:15:00;VETO;outlier bar masked, z=39.1
2025.08.22 17:30:00;VETO;outlier bar masked, z=9.5
2025.08.22 17:45:00;VETO;outlier bar masked, z=6.4
2025.08.22 18:00:00;VETO;outlier bar masked, z=7.4
2025.08.22 18:15:00;VETO;outlier bar masked, z=4.0
2025.08.22 18:30:00;VETO;outlier bar masked, z=5.3
2025.08.22 18:45:00;VETO;outlier bar masked, z=4.3
2025.08.22 20:15:00;VETO;signal rejected: score 0.50 < 0.55 [BOS long lvl=1.17|RelVol=1.23|VWAPside|ADX=44]
2025.08.25 01:45:00;DECISION;setup SHORT score=0.65 entry=1.17 inv=1.17 tgt=0.00 AWAIT-RETEST [CHoCH short lvl=1.17|RelVol=6.07|Retest@1.17|VPnode d=0.00|VWAPside]
2025.08.25 02:00:00;VETO;authorization denied: outside session window (server hour 02, window 13-21)
2025.08.25 02:15:00;VETO;authorization denied: outside session window (server hour 02, window 13-21)
2025.08.25 02:30:00;VETO;authorization denied: outside session window (server hour 02, window 13-21)
2025.08.25 02:45:00;VETO;authorization denied: outside session window (server hour 02, window 13-21)
2025.08.25 06:15:01;VETO;signal rejected: volume: relVol 0.81 < 1.00
2025.08.25 09:15:00;VETO;signal rejected: volume: relVol 0.85 < 1.00
2025.08.25 11:00:00;VETO;outlier bar masked, z=3.9
2025.08.25 13:00:00;VETO;signal rejected: volume: relVol 0.70 < 1.00
2025.08.25 16:45:00;VETO;signal rejected: volume: relVol 0.71 < 1.00
2025.08.25 18:15:00;VETO;signal rejected: volume: relVol 0.94 < 1.00
2025.08.25 22:15:00;VETO;outlier bar masked, z=4.6
2025.08.26 03:15:00;VETO;outlier bar masked, z=12.1
2025.08.26 03:45:00;VETO;outlier bar masked, z=4.0
2025.08.26 05:45:00;VETO;signal rejected: regime: chop ADX 16.0 < 22.0
2025.08.26 09:30:00;VETO;outlier bar masked, z=3.9
2025.08.26 10:00:00;DECISION;setup SHORT score=0.85 entry=1.16 inv=1.16 tgt=0.00 [BOS short lvl=1.16|RelVol=1.31|VPnode d=0.00|VWAPside|CycleTurn w=0.19<-0.83]
2025.08.26 10:00:00;VETO;authorization denied: outside session window (server hour 10, window 13-21)
2025.08.26 10:15:00;VETO;outlier bar masked, z=5.4
2025.08.26 10:30:00;VETO;outlier bar masked, z=3.6
2025.08.26 10:45:00;VETO;authorization denied: outside session window (server hour 10, window 13-21)
2025.08.26 11:00:00;VETO;authorization denied: outside session window (server hour 11, window 13-21)
2025.08.26 11:15:00;VETO;authorization denied: outside session window (server hour 11, window 13-21)
2025.08.26 11:30:00;VETO;outlier bar masked, z=3.7
2025.08.26 14:00:00;VETO;signal rejected: volume: relVol 0.91 < 1.00
2025.08.26 20:45:00;VETO;signal rejected: volume: relVol 0.81 < 1.00
2025.08.27 05:15:01;VETO;signal rejected: volume: relVol 0.82 < 1.00
2025.08.27 07:15:00;VETO;signal rejected: volume: relVol 0.80 < 1.00
2025.08.27 10:15:00;VETO;signal rejected: volume: relVol 0.74 < 1.00
2025.08.27 14:15:00;VETO;outlier bar masked, z=3.6
2025.08.27 16:15:00;VETO;signal rejected: volume: relVol 0.84 < 1.00
2025.08.27 17:00:00;VETO;outlier bar masked, z=4.8
2025.08.27 18:15:00;VETO;outlier bar masked, z=4.0
2025.08.27 20:00:00;VETO;outlier bar masked, z=3.6
2025.08.28 01:15:00;DECISION;setup LONG score=0.95 entry=1.16 inv=1.16 tgt=0.00 [BOS long lvl=1.16|RelVol=1.16|VPnode d=0.00|VWAPside|CycleTurn w=-1.00<--1.00|ADX=31]
2025.08.28 01:15:00;VETO;authorization denied: outside session window (server hour 01, window 13-21)
2025.08.28 01:30:00;VETO;authorization denied: outside session window (server hour 01, window 13-21)
2025.08.28 01:45:00;VETO;authorization denied: outside session window (server hour 01, window 13-21)
2025.08.28 02:00:00;VETO;authorization denied: outside session window (server hour 02, window 13-21)
2025.08.28 04:15:00;VETO;signal rejected: volume: relVol 0.81 < 1.00
2025.08.28 07:15:04;DECISION;setup SHORT score=0.65 entry=1.16 inv=1.17 tgt=0.00 AWAIT-RETEST [CHoCH short lvl=1.16|RelVol=1.04|Retest@1.16|VPnode d=0.00|VWAPside]
2025.08.28 07:30:00;VETO;authorization denied: outside session window (server hour 07, window 13-21)
2025.08.28 07:45:00;VETO;authorization denied: outside session window (server hour 07, window 13-21)
2025.08.28 08:00:00;VETO;authorization denied: outside session window (server hour 08, window 13-21)
2025.08.28 08:15:00;VETO;authorization denied: outside session window (server hour 08, window 13-21)
2025.08.28 11:30:00;VETO;signal rejected: regime: chop ADX 18.0 < 22.0
2025.08.28 12:15:00;VETO;signal rejected: regime: chop ADX 18.4 < 22.0
2025.08.28 15:45:00;VETO;outlier bar masked, z=5.4
2025.08.28 16:00:00;VETO;outlier bar masked, z=4.2
2025.08.28 17:15:00;VETO;outlier bar masked, z=4.0
2025.08.28 20:00:01;VETO;signal rejected: volume: relVol 0.76 < 1.00
2025.08.28 22:45:00;VETO;signal rejected: volume: relVol 0.62 < 1.00
2025.08.29 01:45:00;VETO;signal rejected: volume: relVol 0.65 < 1.00
2025.08.29 02:45:00;VETO;signal rejected: volume: relVol 0.88 < 1.00
2025.08.29 04:30:00;DECISION;setup SHORT score=0.65 entry=1.17 inv=1.17 tgt=0.00 AWAIT-RETEST [CHoCH short lvl=1.17|RelVol=1.33|Retest@1.17|VPnode d=0.00|VWAPside]
2025.08.29 09:00:00;VETO;signal rejected: volume: relVol 0.90 < 1.00
2025.08.29 11:00:00;VETO;signal rejected: volume: relVol 0.89 < 1.00
2025.08.29 15:15:00;VETO;signal rejected: volume: relVol 0.91 < 1.00
2025.08.29 17:45:00;VETO;signal rejected: score 0.40 < 0.55 [CHoCH long lvl=1.17|RelVol=1.24|Retest@1.17|VWAPside]
2025.08.29 18:00:00;VETO;outlier bar masked, z=4.7
2025.08.29 21:30:00;VETO;signal rejected: volume: relVol 0.59 < 1.00
2025.08.29 23:45:00;VETO;signal rejected: regime: chop ADX 20.0 < 22.0
2025.09.01 03:15:01;VETO;signal rejected: volume: relVol 0.65 < 1.00
2025.09.01 05:15:00;VETO;signal rejected: score 0.40 < 0.55 [BOS long lvl=1.17|RelVol=1.29|VWAPside]
2025.09.01 09:00:00;VETO;signal rejected: volume: relVol 0.89 < 1.00
2025.09.01 12:00:00;VETO;signal rejected: volume: relVol 0.97 < 1.00
2025.09.01 15:00:00;VETO;signal rejected: regime: chop ADX 17.6 < 22.0
2025.09.01 18:30:00;VETO;signal rejected: volume: relVol 0.42 < 1.00
2025.09.01 21:30:00;VETO;signal rejected: volume: relVol 0.28 < 1.00
2025.09.02 02:45:00;VETO;signal rejected: volume: relVol 0.73 < 1.00
2025.09.02 04:00:00;VETO;signal rejected: regime: chop ADX 19.3 < 22.0
2025.09.02 07:15:00;DECISION;setup SHORT score=0.60 entry=1.17 inv=1.17 tgt=0.00 [BOS short lvl=1.17|RelVol=1.06|VPnear|VWAPside|ADX=37]
2025.09.02 07:15:00;VETO;authorization denied: outside session window (server hour 07, window 13-21)
2025.09.02 07:30:00;VETO;authorization denied: outside session window (server hour 07, window 13-21)
2025.09.02 07:45:00;VETO;authorization denied: outside session window (server hour 07, window 13-21)
2025.09.02 08:00:00;VETO;authorization denied: outside session window (server hour 08, window 13-21)
2025.09.02 08:30:00;VETO;signal rejected: volume: relVol 0.84 < 1.00
2025.09.02 09:15:00;DECISION;setup LONG score=0.60 entry=1.17 inv=1.17 tgt=0.00 AWAIT-RETEST [CHoCH long lvl=1.17|RelVol=1.02|Retest@1.17|VPnear|CycleTurn w=0.44<--0.62]
2025.09.02 09:30:00;VETO;authorization denied: outside session window (server hour 09, window 13-21)
2025.09.02 09:45:00;VETO;authorization denied: outside session window (server hour 09, window 13-21)
2025.09.02 10:00:00;VETO;authorization denied: outside session window (server hour 10, window 13-21)
2025.09.02 10:15:00;VETO;outlier bar masked, z=7.0
2025.09.02 10:30:00;VETO;outlier bar masked, z=4.6
2025.09.02 11:00:00;VETO;outlier bar masked, z=11.3
2025.09.02 11:15:00;VETO;outlier bar masked, z=4.0
2025.09.02 11:30:00;VETO;outlier bar masked, z=4.9
2025.09.02 11:45:00;VETO;outlier bar masked, z=5.6
2025.09.02 12:15:00;VETO;outlier bar masked, z=3.6
2025.09.02 12:30:00;VETO;outlier bar masked, z=3.8
2025.09.02 13:30:00;VETO;outlier bar masked, z=3.8
2025.09.02 15:00:00;DECISION;setup LONG score=0.55 entry=1.16 inv=1.16 tgt=0.00 AWAIT-RETEST [CHoCH long lvl=1.16|RelVol=1.40|Retest@1.16|VPnode d=0.00]
2025.09.02 15:15:00;DECISION;TP capped 0.00368 -> 0.00323 (3.0xATR)
2025.09.02 15:15:00;ORDER;filled BUY 0.18 lots sl=1.16 tp=1.17 [WT|CHOCH|0.55]
2025.09.02 15:15:00;RISK;sizing: vol_ratio=1.77 scalar=0.42 gap_buf=0.00054 eff_stop=0.00238
2025.09.02 15:15:00;ORDER;entry fill deal #22 BUY 0.18 @ 1.16418
2025.09.02 15:34:51;RISK;deal closed pnl=-36.00 streak=1 lock=0
2025.09.02 15:45:00;DECISION;setup SHORT score=0.60 entry=1.16 inv=1.16 tgt=0.00 AWAIT-RETEST [CHoCH short lvl=1.16|RelVol=1.07|Retest@1.16|VWAPside|CycleTurn w=0.98<-0.99]
2025.09.02 16:15:00;VETO;outlier bar masked, z=5.6
2025.09.02 16:30:00;ORDER;filled SELL 0.47 lots sl=1.16 tp=1.16 [WT|CHOCH|0.60]
2025.09.02 16:30:00;RISK;sizing: vol_ratio=1.77 scalar=0.43 gap_buf=0.00057 eff_stop=0.00093
2025.09.02 16:30:00;ORDER;entry fill deal #24 SELL 0.47 @ 1.16377
2025.09.02 16:33:05;RISK;deal closed pnl=-18.80 streak=2 lock=0
2025.09.02 17:15:00;VETO;outlier bar masked, z=6.4
2025.09.03 03:00:00;VETO;signal rejected: volume: relVol 1.00 < 1.00
2025.09.03 07:00:00;VETO;signal rejected: volume: relVol 0.69 < 1.00
2025.09.03 09:30:00;VETO;signal rejected: volume: relVol 0.73 < 1.00
2025.09.03 10:30:00;VETO;outlier bar masked, z=4.6
2025.09.03 11:15:00;VETO;signal rejected: regime: chop ADX 20.6 < 22.0
2025.09.03 17:15:00;VETO;outlier bar masked, z=7.6
2025.09.03 18:15:00;VETO;outlier bar masked, z=4.1
2025.09.03 21:00:00;VETO;signal rejected: regime: chop ADX 19.8 < 22.0
2025.09.03 23:00:00;VETO;signal rejected: volume: relVol 0.79 < 1.00
2025.09.04 04:15:00;DECISION;setup SHORT score=0.65 entry=1.17 inv=1.17 tgt=0.00 [BOS short lvl=1.17|RelVol=1.19|VPnode d=0.00|VWAPside]
2025.09.04 04:15:00;VETO;authorization denied: outside session window (server hour 04, window 13-21)
2025.09.04 04:30:00;VETO;authorization denied: outside session window (server hour 04, window 13-21)
2025.09.04 04:45:00;VETO;authorization denied: outside session window (server hour 04, window 13-21)
2025.09.04 05:00:00;VETO;authorization denied: outside session window (server hour 05, window 13-21)
2025.09.04 06:15:00;DECISION;setup SHORT score=0.60 entry=1.17 inv=1.17 tgt=0.00 [BOS short lvl=1.17|RelVol=1.07|VPnear|VWAPside|ADX=30]
2025.09.04 06:15:00;VETO;authorization denied: outside session window (server hour 06, window 13-21)
2025.09.04 06:30:00;VETO;authorization denied: outside session window (server hour 06, window 13-21)
2025.09.04 06:45:00;VETO;authorization denied: outside session window (server hour 06, window 13-21)
2025.09.04 07:00:00;VETO;authorization denied: outside session window (server hour 07, window 13-21)
2025.09.04 12:30:01;VETO;signal rejected: regime: chop ADX 11.9 < 22.0
2025.09.04 13:15:00;VETO;outlier bar masked, z=3.5
2025.09.04 15:30:00;VETO;outlier bar masked, z=3.8
2025.09.04 15:45:00;VETO;outlier bar masked, z=7.0
2025.09.04 16:00:00;VETO;outlier bar masked, z=4.5
2025.09.04 16:30:00;VETO;outlier bar masked, z=3.8
2025.09.04 22:15:00;VETO;signal rejected: volume: relVol 0.71 < 1.00
2025.09.05 02:45:15;DECISION;setup LONG score=0.85 entry=1.17 inv=1.16 tgt=0.00 AWAIT-RETEST [BOS long lvl=1.17|RelVol=1.32|Retest@1.17|VPnode d=0.00|VWAPside|CycleTurn w=0.60<-0.44]
2025.09.05 03:30:03;VETO;authorization denied: outside session window (server hour 03, window 13-21)
2025.09.05 03:45:03;VETO;authorization denied: outside session window (server hour 03, window 13-21)
2025.09.05 04:00:00;VETO;authorization denied: outside session window (server hour 04, window 13-21)
2025.09.05 04:15:00;VETO;authorization denied: outside session window (server hour 04, window 13-21)
2025.09.05 09:00:00;VETO;signal rejected: volume: relVol 0.99 < 1.00
2025.09.05 11:00:00;VETO;signal rejected: regime: chop ADX 20.5 < 22.0
2025.09.05 13:30:00;DECISION;setup LONG score=0.75 entry=1.17 inv=1.17 tgt=0.00 [BOS long lvl=1.17|RelVol=1.09|VPnode d=0.00|VWAPside|ADX=39]
2025.09.05 13:30:00;DECISION;TP capped 0.00590 -> 0.00443 (3.0xATR)
2025.09.05 13:30:00;ORDER;filled BUY 0.31 lots sl=1.17 tp=1.17 [WT|BOS|0.75]
2025.09.05 13:30:00;RISK;sizing: vol_ratio=0.99 scalar=1.00 gap_buf=0.00029 eff_stop=0.00325
2025.09.05 13:30:00;ORDER;entry fill deal #26 BUY 0.31 @ 1.16942
2025.09.05 15:15:00;VETO;outlier bar masked, z=4.8
2025.09.05 15:30:01;MANAGE;#26 SL 1.17 -> 1.17 breakeven
2025.09.05 15:30:01;MANAGE;#26 partial close 0.15 of 0.31 lots
2025.09.05 15:30:01;RISK;deal closed pnl=46.20 streak=0 lock=0
2025.09.05 15:30:01;MANAGE;#26 SL 1.17 -> 1.17 trail
2025.09.05 15:30:01;MANAGE;#26 SL 1.17 -> 1.17 trail
2025.09.05 15:30:02;MANAGE;#26 SL 1.17 -> 1.17 trail
2025.09.05 15:30:02;MANAGE;#26 SL 1.17 -> 1.17 trail
2025.09.05 15:30:03;MANAGE;#26 SL 1.17 -> 1.17 trail
2025.09.05 15:30:04;MANAGE;#26 SL 1.17 -> 1.17 trail
2025.09.05 15:30:04;MANAGE;#26 SL 1.17 -> 1.17 trail
2025.09.05 15:30:04;MANAGE;#26 SL 1.17 -> 1.17 trail
2025.09.05 15:30:04;MANAGE;#26 SL 1.17 -> 1.17 trail
2025.09.05 15:30:05;MANAGE;#26 SL 1.17 -> 1.17 trail
2025.09.05 15:30:05;MANAGE;#26 SL 1.17 -> 1.17 trail
2025.09.05 15:30:05;MANAGE;#26 SL 1.17 -> 1.17 trail
2025.09.05 15:30:05;RISK;deal closed pnl=70.88 streak=0 lock=0
2025.09.05 15:45:00;VETO;outlier bar masked, z=18.1
2025.09.05 16:00:00;VETO;outlier bar masked, z=4.9
2025.09.05 16:30:00;VETO;outlier bar masked, z=5.3
2025.09.05 16:45:00;VETO;outlier bar masked, z=6.4
2025.09.05 17:00:00;VETO;outlier bar masked, z=3.8
2025.09.05 17:15:00;VETO;outlier bar masked, z=4.8
2025.09.05 17:30:00;VETO;outlier bar masked, z=3.7
2025.09.05 17:45:00;VETO;outlier bar masked, z=3.7
2025.09.05 21:15:00;VETO;signal rejected: volume: relVol 0.93 < 1.00
2025.09.08 01:45:00;DECISION;setup SHORT score=0.75 entry=1.17 inv=1.17 tgt=0.00 [BOS short lvl=1.17|RelVol=1.08|VPnode d=0.00|VWAPside|ADX=31]
2025.09.08 01:45:00;VETO;authorization denied: outside session window (server hour 01, window 13-21)
2025.09.08 02:00:00;VETO;authorization denied: outside session window (server hour 02, window 13-21)
2025.09.08 02:15:00;VETO;authorization denied: outside session window (server hour 02, window 13-21)
2025.09.08 02:30:03;VETO;authorization denied: outside session window (server hour 02, window 13-21)
2025.09.08 07:15:00;VETO;signal rejected: volume: relVol 0.99 < 1.00
2025.09.08 08:15:04;VETO;signal rejected: volume: relVol 0.88 < 1.00
2025.09.08 16:15:00;VETO;outlier bar masked, z=3.8
2025.09.08 19:45:00;DECISION;setup SHORT score=0.55 entry=1.17 inv=1.18 tgt=0.00 AWAIT-RETEST [CHoCH short lvl=1.17|RelVol=1.35|Retest@1.17|VPnode d=0.00]
2025.09.08 20:00:00;DECISION;TP capped 0.00244 -> 0.00214 (3.0xATR)
2025.09.08 20:00:00;ORDER;filled SELL 0.61 lots sl=1.18 tp=1.17 [WT|CHOCH|0.55]
2025.09.08 20:00:00;RISK;sizing: vol_ratio=1.09 scalar=0.93 gap_buf=0.00036 eff_stop=0.00158
2025.09.08 20:00:00;ORDER;entry fill deal #29 SELL 0.61 @ 1.17403
2025.09.08 21:22:04;RISK;deal closed pnl=-74.42 streak=1 lock=0
2025.09.08 21:30:02;DECISION;setup LONG score=0.60 entry=1.18 inv=1.17 tgt=0.00 AWAIT-RETEST [CHoCH long lvl=1.18|RelVol=1.04|Retest@1.18|VWAPside|CycleTurn w=-0.94<--0.99]
2025.09.08 21:45:00;VETO;authorization denied: outside session window (server hour 21, window 13-21)
2025.09.08 22:00:00;VETO;authorization denied: outside session window (server hour 22, window 13-21)
2025.09.08 22:15:00;VETO;authorization denied: outside session window (server hour 22, window 13-21)
2025.09.08 22:30:00;VETO;authorization denied: outside session window (server hour 22, window 13-21)
2025.09.09 02:15:00;VETO;signal rejected: volume: relVol 0.98 < 1.00
2025.09.09 05:00:00;VETO;signal rejected: regime: chop ADX 17.1 < 22.0
2025.09.09 07:00:00;VETO;signal rejected: volume: relVol 0.82 < 1.00
2025.09.09 09:00:00;DECISION;setup LONG score=0.65 entry=1.18 inv=1.18 tgt=0.00 AWAIT-RETEST [CHoCH long lvl=1.18|RelVol=1.10|Retest@1.18|VPnode d=0.00|VWAPside]
2025.09.09 09:15:01;VETO;authorization denied: outside session window (server hour 09, window 13-21)
2025.09.09 09:30:00;VETO;authorization denied: outside session window (server hour 09, window 13-21)
2025.09.09 09:45:00;DECISION;setup SHORT score=0.70 entry=1.18 inv=1.18 tgt=0.00 AWAIT-RETEST [CHoCH short lvl=1.18|RelVol=1.11|Retest@1.18|VPnear|VWAPside|CycleTurn w=0.19<-0.93]
2025.09.09 10:00:00;VETO;authorization denied: outside session window (server hour 10, window 13-21)
2025.09.09 10:15:00;VETO;authorization denied: outside session window (server hour 10, window 13-21)
2025.09.09 10:30:00;VETO;authorization denied: outside session window (server hour 10, window 13-21)
2025.09.09 10:45:00;VETO;authorization denied: outside session window (server hour 10, window 13-21)
2025.09.09 15:00:00;VETO;signal rejected: score 0.50 < 0.55 [BOS short lvl=1.17|RelVol=1.06|VWAPside|ADX=34]
2025.09.09 17:15:00;VETO;outlier bar masked, z=10.5
2025.09.09 18:15:00;DECISION;setup SHORT score=0.60 entry=1.17 inv=1.18 tgt=0.00 [BOS short lvl=1.17|RelVol=1.12|VWAPside|CycleTurn w=-0.78<--0.34]
2025.09.09 18:15:00;DECISION;TP capped 0.00798 -> 0.00599 (3.0xATR)
2025.09.09 18:15:00;ORDER;filled SELL 0.10 lots sl=1.18 tp=1.17 [WT|BOS|0.60]
2025.09.09 18:15:00;RISK;sizing: vol_ratio=1.74 scalar=0.44 gap_buf=0.00058 eff_stop=0.00457
2025.09.09 18:15:00;ORDER;entry fill deal #31 SELL 0.10 @ 1.17223
2025.09.09 20:45:00;VETO;signal rejected: score 0.50 < 0.55 [BOS short lvl=1.17|RelVol=1.30|VWAPside|ADX=36]
2025.09.10 00:01:29;VETO;signal rejected: volume: relVol 0.75 < 1.00
2025.09.10 01:45:05;VETO;signal rejected: volume: relVol 0.42 < 1.00
2025.09.10 02:30:00;DECISION;setup SHORT score=0.70 entry=1.17 inv=1.17 tgt=0.00 AWAIT-RETEST [CHoCH short lvl=1.17|RelVol=2.01|Retest@1.17|VPnear|VWAPside|CycleTurn w=0.99<-1.00]
2025.09.10 03:00:00;VETO;authorization denied: outside session window (server hour 03, window 13-21)
2025.09.10 03:15:00;VETO;authorization denied: outside session window (server hour 03, window 13-21)
2025.09.10 03:30:06;VETO;authorization denied: outside session window (server hour 03, window 13-21)
2025.09.10 03:45:03;VETO;authorization denied: outside session window (server hour 03, window 13-21)
2025.09.10 04:30:00;VETO;signal rejected: volume: relVol 0.77 < 1.00
2025.09.10 08:00:00;DECISION;setup LONG score=0.65 entry=1.17 inv=1.17 tgt=0.00 AWAIT-RETEST [CHoCH long lvl=1.17|RelVol=1.18|Retest@1.17|VPnode d=0.00|VWAPside]
2025.09.10 08:15:02;VETO;authorization denied: outside session window (server hour 08, window 13-21)
2025.09.10 08:30:00;VETO;authorization denied: outside session window (server hour 08, window 13-21)
2025.09.10 08:45:00;VETO;authorization denied: outside session window (server hour 08, window 13-21)
2025.09.10 09:00:00;VETO;authorization denied: outside session window (server hour 09, window 13-21)
2025.09.10 10:00:00;VETO;outlier bar masked, z=5.7
2025.09.10 12:45:00;VETO;signal rejected: regime: chop ADX 21.4 < 22.0
2025.09.10 15:15:00;VETO;outlier bar masked, z=3.8
2025.09.10 15:45:00;VETO;outlier bar masked, z=9.0
2025.09.10 16:00:00;VETO;outlier bar masked, z=3.8
2025.09.10 22:15:01;VETO;signal rejected: volume: relVol 0.75 < 1.00
2025.09.11 09:00:00;VETO;signal rejected: regime: chop ADX 20.2 < 22.0
2025.09.11 12:40:39;MANAGE;#31 SL 1.18 -> 1.17 breakeven
2025.09.11 12:40:39;MANAGE;#31 partial close 0.05 of 0.10 lots
2025.09.11 12:40:39;RISK;deal closed pnl=19.90 streak=0 lock=0
2025.09.11 12:40:39;MANAGE;#31 SL 1.17 -> 1.17 trail
2025.09.11 12:45:00;DECISION;setup SHORT score=0.80 entry=1.17 inv=1.17 tgt=0.00 [BOS short lvl=1.17|RelVol=1.25|VPnear|VWAPside|CycleTurn w=-0.34<-0.71|ADX=37]
2025.09.11 12:45:00;VETO;authorization denied: outside session window (server hour 12, window 13-21)
2025.09.11 12:45:10;MANAGE;#31 SL 1.17 -> 1.17 trail
2025.09.11 12:45:11;MANAGE;#31 SL 1.17 -> 1.17 trail
2025.09.11 12:45:11;MANAGE;#31 SL 1.17 -> 1.17 trail
2025.09.11 13:00:00;VETO;risk veto: max positions
2025.09.11 14:10:57;RISK;deal closed pnl=15.35 streak=0 lock=0
2025.09.11 15:30:00;VETO;outlier bar masked, z=8.0
2025.09.11 15:45:00;VETO;outlier bar masked, z=22.8
2025.09.11 16:00:00;VETO;outlier bar masked, z=8.7
2025.09.11 16:15:00;VETO;outlier bar masked, z=7.6
2025.09.11 16:30:00;VETO;outlier bar masked, z=4.4
2025.09.11 16:45:00;VETO;outlier bar masked, z=4.8
2025.09.11 17:00:00;VETO;outlier bar masked, z=4.5
2025.09.11 17:30:00;VETO;outlier bar masked, z=4.0
2025.09.12 04:15:00;VETO;signal rejected: volume: relVol 0.95 < 1.00
2025.09.12 07:15:00;VETO;signal rejected: volume: relVol 0.91 < 1.00
2025.09.12 10:00:00;VETO;signal rejected: regime: chop ADX 21.3 < 22.0
2025.09.12 11:45:03;VETO;signal rejected: volume: relVol 0.95 < 1.00
2025.09.12 15:45:00;VETO;signal rejected: volume: relVol 0.88 < 1.00
2025.09.12 19:45:03;DECISION;setup LONG score=0.65 entry=1.17 inv=1.17 tgt=0.00 AWAIT-RETEST [CHoCH long lvl=1.17|RelVol=1.04|Retest@1.17|VPnode d=0.00|VWAPside]
2025.09.12 20:00:00;DECISION;TP capped 0.00514 -> 0.00385 (3.0xATR)
2025.09.12 20:00:00;ORDER;filled BUY 0.19 lots sl=1.17 tp=1.18 [WT|CHOCH|0.65]
2025.09.12 20:00:00;RISK;sizing: vol_ratio=1.58 scalar=0.57 gap_buf=0.00046 eff_stop=0.00303
2025.09.12 20:00:00;ORDER;entry fill deal #34 BUY 0.19 @ 1.17268
2025.09.15 02:30:09;VETO;signal rejected: volume: relVol 0.45 < 1.00
2025.09.15 03:30:02;VETO;signal rejected: volume: relVol 0.63 < 1.00
2025.09.15 06:30:00;VETO;signal rejected: volume: relVol 0.89 < 1.00
2025.09.15 09:30:00;DECISION;setup SHORT score=0.65 entry=1.17 inv=1.17 tgt=0.00 AWAIT-RETEST [CHoCH short lvl=1.17|RelVol=1.06|Retest@1.17|VPnode d=0.00|VWAPside]
2025.09.15 10:00:00;VETO;authorization denied: outside session window (server hour 10, window 13-21)
2025.09.15 10:15:00;VETO;authorization denied: outside session window (server hour 10, window 13-21)
2025.09.15 10:30:00;VETO;signal rejected: volume: relVol 0.93 < 1.00
2025.09.15 12:30:00;VETO;signal rejected: score 0.50 < 0.55 [BOS long lvl=1.17|RelVol=1.00|VPnear|VWAPside]
2025.09.15 13:04:54;MANAGE;#34 SL 1.17 -> 1.17 breakeven
2025.09.15 13:04:54;MANAGE;#34 partial close 0.09 of 0.19 lots
2025.09.15 13:04:54;RISK;deal closed pnl=23.25 streak=0 lock=0
2025.09.15 13:04:54;MANAGE;#34 SL 1.17 -> 1.17 trail
2025.09.15 13:04:59;MANAGE;#34 SL 1.17 -> 1.17 trail
2025.09.15 13:21:53;MANAGE;#34 SL 1.17 -> 1.17 trail
2025.09.15 13:21:54;MANAGE;#34 SL 1.17 -> 1.17 trail
2025.09.15 13:24:09;MANAGE;#34 SL 1.17 -> 1.17 trail
2025.09.15 13:24:56;MANAGE;#34 SL 1.17 -> 1.17 trail
2025.09.15 13:26:32;MANAGE;#34 SL 1.17 -> 1.17 trail
2025.09.15 13:28:43;MANAGE;#34 SL 1.17 -> 1.17 trail
2025.09.15 13:28:44;MANAGE;#34 SL 1.17 -> 1.17 trail
2025.09.15 13:30:00;VETO;outlier bar masked, z=3.7
2025.09.15 15:00:46;MANAGE;#34 SL 1.17 -> 1.17 trail
2025.09.15 15:01:37;MANAGE;#34 SL 1.17 -> 1.18 trail
2025.09.15 15:01:39;RISK;deal closed pnl=38.53 streak=0 lock=0
2025.09.15 15:15:00;VETO;signal rejected: score 0.50 < 0.55 [BOS long lvl=1.18|RelVol=1.02|VWAPside|ADX=42]
2025.09.15 23:00:00;DECISION;setup SHORT score=0.75 entry=1.18 inv=1.18 tgt=0.00 AWAIT-RETEST [CHoCH short lvl=1.18|RelVol=1.44|Retest@1.18|VPnode d=0.00|CycleTurn w=-0.46<-0.66]
2025.09.15 23:15:02;VETO;authorization denied: outside session window (server hour 23, window 13-21)
2025.09.15 23:30:00;VETO;authorization denied: outside session window (server hour 23, window 13-21)
2025.09.15 23:45:00;VETO;authorization denied: outside session window (server hour 23, window 13-21)
2025.09.16 00:01:28;VETO;authorization denied: outside session window (server hour 00, window 13-21)
2025.09.16 03:45:00;VETO;signal rejected: regime: chop ADX 17.8 < 22.0
2025.09.16 05:00:03;VETO;signal rejected: regime: chop ADX 20.7 < 22.0
2025.09.16 10:00:00;DECISION;setup LONG score=0.65 entry=1.18 inv=1.18 tgt=0.00 [BOS long lvl=1.18|RelVol=1.17|VPnode d=0.00|VWAPside]
2025.09.16 10:00:00;VETO;authorization denied: outside session window (server hour 10, window 13-21)
2025.09.16 10:15:00;VETO;authorization denied: outside session window (server hour 10, window 13-21)
2025.09.16 10:30:00;VETO;authorization denied: outside session window (server hour 10, window 13-21)
2025.09.16 10:45:00;VETO;authorization denied: outside session window (server hour 10, window 13-21)
2025.09.16 15:30:00;VETO;signal rejected: score 0.40 < 0.55 [CHoCH short lvl=1.18|RelVol=1.02|Retest@1.18|VPnear]
2025.09.16 15:45:00;VETO;outlier bar masked, z=4.5
2025.09.16 16:30:00;VETO;outlier bar masked, z=3.6
2025.09.16 17:00:00;DECISION;setup LONG score=0.85 entry=1.18 inv=1.18 tgt=0.00 AWAIT-RETEST [CHoCH long lvl=1.18|RelVol=1.10|Retest@1.18|VPnode d=0.00|VWAPside|CycleTurn w=0.07<--0.74]
2025.09.16 17:15:00;VETO;outlier bar masked, z=4.0
2025.09.16 19:15:00;VETO;signal rejected: score 0.50 < 0.55 [BOS long lvl=1.19|RelVol=1.11|VWAPside|ADX=40]
2025.09.17 02:15:18;VETO;signal rejected: volume: relVol 0.68 < 1.00
2025.09.17 08:15:00;VETO;signal rejected: regime: chop ADX 21.9 < 22.0
2025.09.17 10:15:00;VETO;signal rejected: regime: chop ADX 15.2 < 22.0
2025.09.17 13:15:00;VETO;signal rejected: regime: chop ADX 17.0 < 22.0
2025.09.17 16:15:00;VETO;signal rejected: regime: chop ADX 16.4 < 22.0
2025.09.17 21:15:00;VETO;outlier bar masked, z=34.5
2025.09.17 21:30:00;VETO;outlier bar masked, z=7.8
2025.09.17 21:45:00;VETO;outlier bar masked, z=25.4
2025.09.17 22:00:00;VETO;outlier bar masked, z=17.1
2025.09.17 22:15:00;VETO;outlier bar masked, z=11.2
2025.09.17 22:30:00;VETO;outlier bar masked, z=7.1
2025.09.17 22:45:00;VETO;outlier bar masked, z=6.6
2025.09.17 23:00:00;VETO;outlier bar masked, z=3.6
2025.09.17 23:30:00;VETO;outlier bar masked, z=4.3
2025.09.18 04:45:01;DECISION;setup SHORT score=0.85 entry=1.18 inv=1.18 tgt=0.00 [BOS short lvl=1.18|RelVol=1.58|VPnode d=0.00|VWAPside|CycleTurn w=0.91<-0.98]
2025.09.18 04:45:01;VETO;authorization denied: outside session window (server hour 04, window 13-21)
2025.09.18 05:00:00;VETO;authorization denied: outside session window (server hour 05, window 13-21)
2025.09.18 05:15:00;VETO;authorization denied: outside session window (server hour 05, window 13-21)
2025.09.18 05:30:00;VETO;authorization denied: outside session window (server hour 05, window 13-21)
2025.09.18 07:45:00;DECISION;setup SHORT score=0.80 entry=1.18 inv=1.18 tgt=0.00 AWAIT-RETEST [BOS short lvl=1.18|RelVol=1.74|Retest@1.18|VPnear|VWAPside|CycleTurn w=-0.55<-0.53|ADX=31]
2025.09.18 10:15:00;VETO;outlier bar masked, z=6.3
2025.09.18 10:30:00;DECISION;setup LONG score=0.85 entry=1.18 inv=1.18 tgt=0.00 AWAIT-RETEST [CHoCH long lvl=1.18|RelVol=1.17|Retest@1.18|VPnode d=0.00|VWAPside|CycleTurn w=0.57<--0.45]
2025.09.18 10:45:00;VETO;authorization denied: outside session window (server hour 10, window 13-21)
2025.09.18 11:00:00;VETO;authorization denied: outside session window (server hour 11, window 13-21)
2025.09.18 11:15:00;VETO;authorization denied: outside session window (server hour 11, window 13-21)
2025.09.18 11:30:01;VETO;authorization denied: outside session window (server hour 11, window 13-21)
2025.09.18 12:15:00;DECISION;setup LONG score=0.65 entry=1.18 inv=1.18 tgt=0.00 [BOS long lvl=1.18|RelVol=1.33|VPnode d=0.00|VWAPside]
2025.09.18 12:15:00;VETO;authorization denied: outside session window (server hour 12, window 13-21)
2025.09.18 12:30:00;VETO;authorization denied: outside session window (server hour 12, window 13-21)
2025.09.18 12:45:00;VETO;authorization denied: outside session window (server hour 12, window 13-21)
2025.09.18 13:00:00;DECISION;TP capped 0.00350 -> 0.00290 (3.0xATR)
2025.09.18 13:00:00;ORDER;filled BUY 0.40 lots sl=1.18 tp=1.19 [WT|BOS|0.65]
2025.09.18 13:00:00;RISK;sizing: vol_ratio=1.17 scalar=0.87 gap_buf=0.00053 eff_stop=0.00228
2025.09.18 13:00:00;ORDER;entry fill deal #37 BUY 0.40 @ 1.18382
2025.09.18 14:48:18;RISK;deal closed pnl=-70.40 streak=1 lock=0
2025.09.18 15:15:00;DECISION;setup SHORT score=0.65 entry=1.18 inv=1.18 tgt=0.00 AWAIT-RETEST [CHoCH short lvl=1.18|RelVol=1.28|Retest@1.18|VPnode d=0.00|VWAPside]
2025.09.18 15:30:00;DECISION;TP capped 0.00488 -> 0.00366 (3.0xATR)
2025.09.18 15:30:00;ORDER;filled SELL 0.36 lots sl=1.18 tp=1.18 [WT|CHOCH|0.65]
2025.09.18 15:30:00;RISK;sizing: vol_ratio=0.94 scalar=1.00 gap_buf=0.00043 eff_stop=0.00287
2025.09.18 15:30:00;ORDER;entry fill deal #39 SELL 0.36 @ 1.18160
2025.09.18 15:45:00;VETO;outlier bar masked, z=3.9
2025.09.18 16:04:28;MANAGE;#39 SL 1.18 -> 1.18 breakeven
2025.09.18 16:04:28;MANAGE;#39 partial close 0.18 of 0.36 lots
2025.09.18 16:04:28;RISK;deal closed pnl=44.28 streak=0 lock=0
2025.09.18 16:04:29;MANAGE;#39 SL 1.18 -> 1.18 trail
2025.09.18 16:05:26;MANAGE;#39 SL 1.18 -> 1.18 trail
2025.09.18 16:05:31;MANAGE;#39 SL 1.18 -> 1.18 trail
2025.09.18 16:05:54;MANAGE;#39 SL 1.18 -> 1.18 trail
2025.09.18 16:06:20;MANAGE;#39 SL 1.18 -> 1.18 trail
2025.09.18 16:06:48;MANAGE;#39 SL 1.18 -> 1.18 trail
2025.09.18 16:07:05;MANAGE;#39 SL 1.18 -> 1.18 trail
2025.09.18 16:25:11;MANAGE;#39 SL 1.18 -> 1.18 trail
2025.09.18 16:25:48;MANAGE;#39 SL 1.18 -> 1.18 trail
2025.09.18 16:33:00;MANAGE;#39 SL 1.18 -> 1.18 trail
2025.09.18 16:33:19;RISK;deal closed pnl=66.24 streak=0 lock=0
2025.09.18 16:45:00;VETO;outlier bar masked, z=8.8
2025.09.18 20:15:00;VETO;signal rejected: score 0.40 < 0.55 [CHoCH long lvl=1.18|RelVol=1.15|Retest@1.18|VPnear]
2025.09.19 02:45:11;VETO;signal rejected: regime: chop ADX 12.1 < 22.0
2025.09.19 03:15:00;VETO;signal rejected: regime: chop ADX 14.9 < 22.0
2025.09.19 05:15:02;VETO;signal rejected: regime: chop ADX 17.0 < 22.0
2025.09.19 06:30:00;VETO;signal rejected: regime: chop ADX 19.1 < 22.0
2025.09.19 10:00:00;DECISION;setup SHORT score=0.65 entry=1.18 inv=1.18 tgt=0.00 AWAIT-RETEST [CHoCH short lvl=1.18|RelVol=1.45|Retest@1.18|StopFloored|VPnode d=0.00|VWAPside]
2025.09.19 10:15:00;VETO;authorization denied: outside session window (server hour 10, window 13-21)
2025.09.19 10:30:00;VETO;authorization denied: outside session window (server hour 10, window 13-21)
2025.09.19 10:45:00;VETO;authorization denied: outside session window (server hour 10, window 13-21)
2025.09.19 11:00:00;VETO;authorization denied: outside session window (server hour 11, window 13-21)
2025.09.19 11:30:01;VETO;signal rejected: volume: relVol 0.89 < 1.00
2025.09.19 14:15:00;DECISION;setup SHORT score=0.85 entry=1.18 inv=1.18 tgt=0.00 [BOS short lvl=1.18|RelVol=1.16|VPnode d=0.00|VWAPside|CycleTurn w=0.99<-0.99]
2025.09.19 14:15:00;DECISION;TP capped 0.00294 -> 0.00241 (3.0xATR)
2025.09.19 14:15:00;ORDER;filled SELL 0.55 lots sl=1.18 tp=1.17 [WT|BOS|0.85]
2025.09.19 14:15:00;RISK;sizing: vol_ratio=1.01 scalar=0.99 gap_buf=0.00040 eff_stop=0.00187
2025.09.19 14:15:00;ORDER;entry fill deal #42 SELL 0.55 @ 1.17544
2025.09.19 14:56:07;MANAGE;#42 SL 1.18 -> 1.18 breakeven
2025.09.19 14:56:07;MANAGE;#42 partial close 0.27 of 0.55 lots
2025.09.19 14:56:07;RISK;deal closed pnl=39.69 streak=0 lock=0
2025.09.19 14:56:18;MANAGE;#42 SL 1.18 -> 1.18 trail
2025.09.19 14:57:16;MANAGE;#42 SL 1.18 -> 1.18 trail
2025.09.19 14:57:26;MANAGE;#42 SL 1.18 -> 1.18 trail
2025.09.19 14:58:40;MANAGE;#42 SL 1.18 -> 1.17 trail
2025.09.19 15:22:10;MANAGE;#42 SL 1.17 -> 1.17 trail
2025.09.19 15:25:23;MANAGE;#42 SL 1.17 -> 1.17 trail
2025.09.19 15:25:23;MANAGE;#42 SL 1.17 -> 1.17 trail
2025.09.19 15:25:36;MANAGE;#42 SL 1.17 -> 1.17 trail
2025.09.19 15:25:37;RISK;deal closed pnl=68.04 streak=0 lock=0
2025.09.22 03:45:05;VETO;signal rejected: volume: relVol 0.62 < 1.00
2025.09.22 07:30:01;VETO;signal rejected: volume: relVol 0.84 < 1.00
2025.09.22 09:00:00;VETO;signal rejected: volume: relVol 0.90 < 1.00
2025.09.22 11:15:01;VETO;outlier bar masked, z=3.6
2025.09.22 17:15:00;VETO;signal rejected: volume: relVol 0.61 < 1.00
2025.09.22 19:30:00;DECISION;setup LONG score=0.85 entry=1.18 inv=1.18 tgt=0.00 AWAIT-RETEST [CHoCH long lvl=1.18|RelVol=1.20|Retest@1.18|VPnode d=0.00|VWAPside|CycleTurn w=-0.77<--0.95]
2025.09.22 19:45:00;DECISION;TP capped 0.00530 -> 0.00398 (3.0xATR)
2025.09.22 19:45:00;ORDER;filled BUY 0.23 lots sl=1.18 tp=1.18 [WT|CHOCH|0.85]
2025.09.22 19:45:00;RISK;sizing: vol_ratio=1.26 scalar=0.81 gap_buf=0.00105 eff_stop=0.00370
2025.09.22 19:45:00;ORDER;entry fill deal #45 BUY 0.23 @ 1.17890
2025.09.22 20:45:02;DECISION;setup LONG score=0.75 entry=1.18 inv=1.18 tgt=0.00 [BOS long lvl=1.18|RelVol=1.13|VPnode d=0.00|VWAPside|ADX=31]
2025.09.22 20:45:02;DECISION;TP capped 0.00640 -> 0.00480 (3.0xATR)
2025.09.22 20:45:02;VETO;risk veto: max positions
2025.09.23 00:15:01;VETO;outlier bar masked, z=8.4
2025.09.23 03:45:01;VETO;signal rejected: volume: relVol 0.81 < 1.00
2025.09.23 04:41:12;MANAGE;#45 SL 1.18 -> 1.18 breakeven
2025.09.23 04:41:12;MANAGE;#45 partial close 0.11 of 0.23 lots
2025.09.23 04:41:12;RISK;deal closed pnl=29.18 streak=0 lock=0
2025.09.23 04:41:12;MANAGE;#45 SL 1.18 -> 1.18 trail
2025.09.23 04:41:39;MANAGE;#45 SL 1.18 -> 1.18 trail
2025.09.23 04:50:17;MANAGE;#45 SL 1.18 -> 1.18 trail
2025.09.23 05:07:33;RISK;deal closed pnl=28.00 streak=0 lock=0
2025.09.23 09:15:00;VETO;signal rejected: volume: relVol 0.96 < 1.00
2025.09.23 12:15:00;VETO;signal rejected: regime: chop ADX 17.9 < 22.0
2025.09.23 15:30:00;VETO;signal rejected: regime: chop ADX 16.3 < 22.0
2025.09.23 17:00:00;VETO;outlier bar masked, z=4.0
2025.09.23 19:45:00;VETO;outlier bar masked, z=4.2
2025.09.23 20:15:00;VETO;signal rejected: regime: chop ADX 16.9 < 22.0
2025.09.24 03:30:00;VETO;signal rejected: score 0.50 < 0.55 [CHoCH short lvl=1.18|RelVol=1.19|Retest@1.18|VPnear|VWAPside]
2025.09.24 06:00:02;DECISION;setup SHORT score=0.75 entry=1.18 inv=1.18 tgt=0.00 [BOS short lvl=1.18|RelVol=1.09|VPnode d=0.00|VWAPside|ADX=36]
2025.09.24 06:00:02;VETO;authorization denied: outside session window (server hour 06, window 13-21)
2025.09.24 06:15:00;VETO;authorization denied: outside session window (server hour 06, window 13-21)
2025.09.24 06:30:00;VETO;authorization denied: outside session window (server hour 06, window 13-21)
2025.09.24 06:45:02;VETO;authorization denied: outside session window (server hour 06, window 13-21)
2025.09.24 09:30:00;DECISION;setup SHORT score=0.85 entry=1.18 inv=1.18 tgt=0.00 [BOS short lvl=1.18|RelVol=1.13|VPnode d=0.00|VWAPside|CycleTurn w=-0.07<-0.78]
2025.09.24 09:30:00;VETO;authorization denied: outside session window (server hour 09, window 13-21)
2025.09.24 09:45:02;VETO;authorization denied: outside session window (server hour 09, window 13-21)
2025.09.24 10:00:00;VETO;authorization denied: outside session window (server hour 10, window 13-21)
2025.09.24 10:15:00;VETO;authorization denied: outside session window (server hour 10, window 13-21)
2025.09.24 11:15:00;DECISION;setup SHORT score=0.65 entry=1.18 inv=1.18 tgt=0.00 AWAIT-RETEST [BOS short lvl=1.18|RelVol=1.33|Retest@1.18|VPnode d=0.00|VWAPside]
2025.09.24 15:45:00;VETO;signal rejected: volume: relVol 0.59 < 1.00
2025.09.25 01:15:00;VETO;signal rejected: volume: relVol 0.69 < 1.00
2025.09.25 04:00:00;VETO;signal rejected: volume: relVol 0.98 < 1.00
2025.09.25 05:45:00;VETO;signal rejected: volume: relVol 0.85 < 1.00
2025.09.25 11:00:00;DECISION;setup SHORT score=0.65 entry=1.17 inv=1.18 tgt=0.00 AWAIT-RETEST [CHoCH short lvl=1.17|RelVol=1.31|Retest@1.17|VPnode d=0.00|VWAPside]
2025.09.25 11:15:00;VETO;authorization denied: outside session window (server hour 11, window 13-21)
2025.09.25 11:30:02;VETO;authorization denied: outside session window (server hour 11, window 13-21)
2025.09.25 11:45:00;VETO;authorization denied: outside session window (server hour 11, window 13-21)
2025.09.25 12:00:00;VETO;authorization denied: outside session window (server hour 12, window 13-21)
2025.09.25 15:45:00;VETO;outlier bar masked, z=10.9
2025.09.25 16:00:00;VETO;outlier bar masked, z=4.1
2025.09.25 17:00:00;VETO;signal rejected: score 0.50 < 0.55 [BOS short lvl=1.17|RelVol=1.22|VWAPside|ADX=32]
2025.09.25 20:30:00;VETO;outlier bar masked, z=4.3
2025.09.25 23:30:00;VETO;signal rejected: score 0.30 < 0.55 [CHoCH long lvl=1.17|RelVol=1.09|Retest@1.17]
2025.09.26 04:00:01;VETO;signal rejected: volume: relVol 0.88 < 1.00
2025.09.26 08:00:00;VETO;signal rejected: volume: relVol 0.97 < 1.00
2025.09.26 11:45:00;VETO;signal rejected: regime: chop ADX 15.7 < 22.0
2025.09.26 13:30:00;VETO;signal rejected: regime: chop ADX 12.3 < 22.0
2025.09.26 16:15:00;DECISION;setup LONG score=0.65 entry=1.17 inv=1.17 tgt=0.00 AWAIT-RETEST [CHoCH long lvl=1.17|RelVol=1.08|Retest@1.17|VPnode d=0.00|VWAPside]
2025.09.26 16:30:00;DECISION;TP capped 0.00372 -> 0.00279 (3.0xATR)
2025.09.26 16:30:00;ORDER;filled BUY 0.41 lots sl=1.17 tp=1.17 [WT|CHOCH|0.65]
2025.09.26 16:30:00;RISK;sizing: vol_ratio=1.16 scalar=0.88 gap_buf=0.00042 eff_stop=0.00228
2025.09.26 16:30:00;ORDER;entry fill deal #48 BUY 0.41 @ 1.16801
2025.09.26 17:42:41;MANAGE;#48 SL 1.17 -> 1.17 breakeven
2025.09.26 17:42:41;MANAGE;#48 partial close 0.20 of 0.41 lots
2025.09.26 17:42:41;RISK;deal closed pnl=37.20 streak=0 lock=0
2025.09.26 17:44:03;MANAGE;#48 SL 1.17 -> 1.17 trail
2025.09.26 17:44:39;MANAGE;#48 SL 1.17 -> 1.17 trail
2025.09.26 17:44:59;MANAGE;#48 SL 1.17 -> 1.17 trail
2025.09.26 17:45:00;VETO;signal rejected: volume: relVol 0.96 < 1.00
2025.09.26 21:00:27;MANAGE;#48 SL 1.17 -> 1.17 trail
2025.09.26 21:22:16;MANAGE;#48 SL 1.17 -> 1.17 trail
2025.09.26 21:30:00;MANAGE;#48 SL 1.17 -> 1.17 trail
2025.09.26 21:35:07;MANAGE;#48 SL 1.17 -> 1.17 trail
2025.09.26 21:35:55;MANAGE;#48 SL 1.17 -> 1.17 trail
2025.09.26 21:52:36;MANAGE;#48 SL 1.17 -> 1.17 trail
2025.09.26 21:57:37;MANAGE;#48 SL 1.17 -> 1.17 trail
2025.09.26 21:58:42;MANAGE;#48 SL 1.17 -> 1.17 trail
2025.09.26 22:00:01;VETO;signal rejected: volume: relVol 0.86 < 1.00
2025.09.26 22:57:47;MANAGE;#48 SL 1.17 -> 1.17 trail
2025.09.26 22:59:00;MANAGE;#48 SL 1.17 -> 1.17 trail
2025.09.26 23:21:33;MANAGE;#48 SL 1.17 -> 1.17 trail
2025.09.29 02:01:18;MANAGE;#48 SL 1.17 -> 1.17 trail
2025.09.29 02:01:31;MANAGE;#48 SL 1.17 -> 1.17 trail
2025.09.29 02:25:25;MANAGE;#48 SL 1.17 -> 1.17 trail
2025.09.29 02:25:48;RISK;deal closed pnl=58.65 streak=0 lock=0
2025.09.29 02:30:00;DECISION;setup LONG score=0.85 entry=1.17 inv=1.17 tgt=0.00 [BOS long lvl=1.17|RelVol=1.00|VPnode d=0.00|VWAPside|CycleTurn w=-0.71<--0.96]
2025.09.29 02:30:00;VETO;authorization denied: outside session window (server hour 02, window 13-21)
2025.09.29 02:45:01;VETO;authorization denied: outside session window (server hour 02, window 13-21)
2025.09.29 03:00:00;VETO;authorization denied: outside session window (server hour 03, window 13-21)
2025.09.29 03:15:00;VETO;authorization denied: outside session window (server hour 03, window 13-21)
2025.09.29 08:15:00;DECISION;setup LONG score=0.75 entry=1.17 inv=1.17 tgt=0.00 [BOS long lvl=1.17|RelVol=1.19|VPnode d=0.00|VWAPside|ADX=40]
2025.09.29 08:15:00;VETO;authorization denied: outside session window (server hour 08, window 13-21)
2025.09.29 08:30:00;VETO;authorization denied: outside session window (server hour 08, window 13-21)
2025.09.29 08:45:01;VETO;authorization denied: outside session window (server hour 08, window 13-21)
2025.09.29 09:00:00;VETO;authorization denied: outside session window (server hour 09, window 13-21)
2025.09.29 10:00:00;VETO;signal rejected: volume: relVol 0.73 < 1.00
2025.09.29 11:30:00;VETO;outlier bar masked, z=5.5
2025.09.29 14:15:00;VETO;signal rejected: regime: chop ADX 16.4 < 22.0
2025.09.29 15:00:00;VETO;outlier bar masked, z=4.7
2025.09.29 15:45:00;VETO;outlier bar masked, z=5.1
2025.09.29 21:00:00;VETO;signal rejected: volume: relVol 0.80 < 1.00
2025.09.30 08:00:00;VETO;signal rejected: regime: chop ADX 16.1 < 22.0
2025.09.30 15:45:00;VETO;signal rejected: regime: chop ADX 16.2 < 22.0
2025.09.30 16:15:00;VETO;outlier bar masked, z=5.8
2025.09.30 17:15:00;VETO;outlier bar masked, z=8.2
2025.09.30 17:45:00;VETO;signal rejected: regime: chop ADX 21.1 < 22.0
2025.09.30 18:15:00;VETO;outlier bar masked, z=4.6
2025.09.30 20:00:00;DECISION;setup LONG score=0.85 entry=1.18 inv=1.17 tgt=0.00 [BOS long lvl=1.18|RelVol=1.34|VPnode d=0.00|VWAPside|CycleTurn w=0.39<--0.65]
2025.09.30 20:00:00;DECISION;TP capped 0.00618 -> 0.00464 (3.0xATR)
2025.09.30 20:00:00;ORDER;filled BUY 0.14 lots sl=1.17 tp=1.18 [WT|BOS|0.85]
2025.09.30 20:00:00;RISK;sizing: vol_ratio=1.68 scalar=0.49 gap_buf=0.00053 eff_stop=0.00362
2025.09.30 20:00:00;ORDER;entry fill deal #51 BUY 0.14 @ 1.17565
2025.09.30 23:15:00;VETO;signal rejected: score 0.50 < 0.55 [CHoCH short lvl=1.17|RelVol=1.33|Retest@1.17|VPnear|VWAPside]
2025.10.01 02:15:03;VETO;signal rejected: regime: chop ADX 20.4 < 22.0
2025.10.01 03:15:00;DECISION;setup SHORT score=0.85 entry=1.17 inv=1.17 tgt=0.00 AWAIT-RETEST [CHoCH short lvl=1.17|RelVol=1.07|Retest@1.17|VPnode d=0.00|VWAPside|CycleTurn w=0.93<-0.99]
2025.10.01 03:30:00;VETO;authorization denied: outside session window (server hour 03, window 13-21)
2025.10.01 03:45:00;VETO;authorization denied: outside session window (server hour 03, window 13-21)
2025.10.01 04:00:00;VETO;authorization denied: outside session window (server hour 04, window 13-21)
2025.10.01 04:15:00;VETO;authorization denied: outside session window (server hour 04, window 13-21)
2025.10.01 07:15:02;VETO;signal rejected: regime: chop ADX 15.1 < 22.0
2025.10.01 09:45:00;VETO;outlier bar masked, z=4.8
2025.10.01 10:30:00;VETO;outlier bar masked, z=7.1
2025.10.01 10:45:01;VETO;outlier bar masked, z=3.9
2025.10.01 13:00:00;DECISION;setup SHORT score=0.65 entry=1.17 inv=1.18 tgt=0.00 AWAIT-RETEST [BOS short lvl=1.17|RelVol=1.38|Retest@1.17|VPnode d=0.00|VWAPside]
2025.10.01 13:09:43;RISK;deal closed pnl=-43.36 streak=1 lock=0
2025.10.01 15:00:00;DECISION;TP capped 0.00628 -> 0.00471 (3.0xATR)
2025.10.01 15:00:00;ORDER;filled SELL 0.25 lots sl=1.18 tp=1.17 [WT|BOS|0.65]
2025.10.01 15:00:00;RISK;sizing: vol_ratio=1.21 scalar=0.85 gap_buf=0.00045 eff_stop=0.00359
2025.10.01 15:00:00;ORDER;entry fill deal #53 SELL 0.25 @ 1.17344
2025.10.01 15:18:17;RISK;deal closed pnl=-79.75 streak=2 lock=0
2025.10.01 15:30:00;VETO;outlier bar masked, z=12.0
2025.10.01 15:45:00;VETO;outlier bar masked, z=4.0
2025.10.01 17:15:00;VETO;outlier bar masked, z=4.1
2025.10.01 18:00:00;VETO;outlier bar masked, z=4.8
2025.10.01 19:15:00;VETO;signal rejected: score 0.50 < 0.55 [BOS short lvl=1.17|RelVol=1.49|VPnear|VWAPside]
2025.10.02 05:00:00;VETO;signal rejected: volume: relVol 0.70 < 1.00
2025.10.02 09:15:00;VETO;signal rejected: volume: relVol 0.83 < 1.00
2025.10.02 10:15:01;VETO;signal rejected: score 0.50 < 0.55 [BOS long lvl=1.17|RelVol=1.17|Retest@1.17|VPnear|VWAPside]
2025.10.02 15:45:00;VETO;signal rejected: volume: relVol 0.47 < 1.00
2025.10.02 16:45:00;VETO;outlier bar masked, z=4.5
2025.10.02 22:00:01;VETO;signal rejected: volume: relVol 0.62 < 1.00
2025.10.03 02:30:01;VETO;signal rejected: volume: relVol 0.91 < 1.00
2025.10.03 08:00:01;VETO;signal rejected: regime: chop ADX 17.7 < 22.0
2025.10.03 10:45:00;VETO;signal rejected: regime: chop ADX 18.2 < 22.0
2025.10.03 14:45:01;VETO;signal rejected: volume: relVol 0.97 < 1.00
2025.10.03 17:15:00;VETO;outlier bar masked, z=6.4
2025.10.03 21:00:00;VETO;signal rejected: regime: chop ADX 20.4 < 22.0
2025.10.06 00:15:00;VETO;outlier bar masked, z=9.7
2025.10.06 01:15:00;VETO;outlier bar masked, z=3.8
2025.10.06 02:15:00;DECISION;setup SHORT score=0.75 entry=1.17 inv=1.17 tgt=0.00 [BOS short lvl=1.17|RelVol=3.55|VPnode d=0.00|VWAPside|ADX=37]
2025.10.06 02:15:00;VETO;authorization denied: outside session window (server hour 02, window 13-21)
2025.10.06 02:30:00;VETO;authorization denied: outside session window (server hour 02, window 13-21)
2025.10.06 02:45:00;VETO;authorization denied: outside session window (server hour 02, window 13-21)
2025.10.06 03:00:00;VETO;authorization denied: outside session window (server hour 03, window 13-21)
2025.10.06 05:00:01;DECISION;setup LONG score=0.65 entry=1.17 inv=1.17 tgt=0.00 AWAIT-RETEST [CHoCH long lvl=1.17|RelVol=1.15|Retest@1.17|VPnode d=0.00|VWAPside]
2025.10.06 09:15:00;VETO;outlier bar masked, z=3.7
2025.10.06 10:45:00;VETO;outlier bar masked, z=12.7
2025.10.06 15:45:00;VETO;signal rejected: volume: relVol 0.58 < 1.00
2025.10.06 22:45:01;VETO;signal rejected: volume: relVol 0.54 < 1.00
2025.10.07 03:15:01;VETO;signal rejected: regime: chop ADX 15.4 < 22.0
2025.10.07 07:45:00;VETO;signal rejected: regime: chop ADX 14.4 < 22.0
2025.10.07 10:15:01;DECISION;setup SHORT score=0.60 entry=1.17 inv=1.17 tgt=0.00 [BOS short lvl=1.17|RelVol=1.21|VPnear|VWAPside|ADX=37]
2025.10.07 10:15:01;VETO;authorization denied: outside session window (server hour 10, window 13-21)
2025.10.07 10:30:01;VETO;authorization denied: outside session window (server hour 10, window 13-21)
2025.10.07 10:45:00;VETO;authorization denied: outside session window (server hour 10, window 13-21)
2025.10.07 11:00:00;VETO;authorization denied: outside session window (server hour 11, window 13-21)
2025.10.07 12:00:00;VETO;signal rejected: volume: relVol 0.93 < 1.00
2025.10.07 14:30:00;VETO;signal rejected: score 0.50 < 0.55 [BOS short lvl=1.17|RelVol=1.43|VWAPside|ADX=34]
2025.10.07 18:15:00;VETO;signal rejected: regime: chop ADX 18.5 < 22.0
2025.10.07 21:00:00;VETO;signal rejected: regime: chop ADX 20.3 < 22.0
2025.10.08 03:15:01;DECISION;setup SHORT score=0.60 entry=1.16 inv=1.17 tgt=0.00 [BOS short lvl=1.16|RelVol=1.24|VWAPside|CycleTurn w=0.58<-0.93]
2025.10.08 03:15:01;VETO;authorization denied: outside session window (server hour 03, window 13-21)
2025.10.08 03:30:01;VETO;authorization denied: outside session window (server hour 03, window 13-21)
2025.10.08 03:45:00;VETO;authorization denied: outside session window (server hour 03, window 13-21)
2025.10.08 04:00:00;VETO;authorization denied: outside session window (server hour 04, window 13-21)
2025.10.08 04:30:00;VETO;outlier bar masked, z=4.8
2025.10.08 07:45:00;DECISION;setup SHORT score=0.75 entry=1.16 inv=1.16 tgt=0.00 [BOS short lvl=1.16|RelVol=1.04|VPnode d=0.00|VWAPside|ADX=47]
2025.10.08 07:45:00;VETO;authorization denied: outside session window (server hour 07, window 13-21)
2025.10.08 08:00:00;VETO;authorization denied: outside session window (server hour 08, window 13-21)
2025.10.08 08:15:00;VETO;authorization denied: outside session window (server hour 08, window 13-21)
2025.10.08 08:30:00;VETO;authorization denied: outside session window (server hour 08, window 13-21)
2025.10.08 09:30:00;DECISION;setup SHORT score=0.75 entry=1.16 inv=1.16 tgt=0.00 [BOS short lvl=1.16|RelVol=1.57|VPnode d=0.00|VWAPside|ADX=46]
2025.10.08 09:30:00;VETO;authorization denied: outside session window (server hour 09, window 13-21)
2025.10.08 09:45:01;VETO;authorization denied: outside session window (server hour 09, window 13-21)
2025.10.08 10:00:00;VETO;authorization denied: outside session window (server hour 10, window 13-21)
2025.10.08 10:15:00;VETO;authorization denied: outside session window (server hour 10, window 13-21)
2025.10.08 10:45:00;DECISION;setup LONG score=0.55 entry=1.16 inv=1.16 tgt=0.00 AWAIT-RETEST [CHoCH long lvl=1.16|RelVol=1.26|Retest@1.16|VPnode d=0.00]
2025.10.08 11:45:00;VETO;authorization denied: outside session window (server hour 11, window 13-21)
2025.10.08 12:00:00;VETO;authorization denied: outside session window (server hour 12, window 13-21)
2025.10.08 12:15:01;VETO;authorization denied: outside session window (server hour 12, window 13-21)
2025.10.08 12:30:01;VETO;authorization denied: outside session window (server hour 12, window 13-21)
2025.10.08 16:15:01;VETO;signal rejected: regime: chop ADX 21.6 < 22.0
2025.10.08 18:00:00;VETO;signal rejected: volume: relVol 0.88 < 1.00
2025.10.08 21:30:00;VETO;outlier bar masked, z=3.9
2025.10.09 01:15:00;VETO;signal rejected: volume: relVol 0.83 < 1.00
2025.10.09 03:30:00;VETO;signal rejected: score 0.50 < 0.55 [BOS long lvl=1.16|RelVol=1.03|VPnear|VWAPside]
2025.10.09 05:45:00;VETO;signal rejected: volume: relVol 0.92 < 1.00
2025.10.09 09:00:00;VETO;signal rejected: volume: relVol 0.96 < 1.00
2025.10.09 15:15:00;DECISION;setup SHORT score=0.75 entry=1.16 inv=1.16 tgt=0.00 [BOS short lvl=1.16|RelVol=1.03|VPnode d=0.00|VWAPside|ADX=30]
2025.10.09 15:15:00;DECISION;TP capped 0.00372 -> 0.00279 (3.0xATR)
2025.10.09 15:15:00;ORDER;filled SELL 0.36 lots sl=1.16 tp=1.16 [WT|BOS|0.75]
2025.10.09 15:15:00;RISK;sizing: vol_ratio=1.30 scalar=0.78 gap_buf=0.00042 eff_stop=0.00228
2025.10.09 15:15:00;ORDER;entry fill deal #55 SELL 0.36 @ 1.16088
2025.10.09 16:45:00;VETO;outlier bar masked, z=5.6
2025.10.09 17:22:33;MANAGE;#55 SL 1.16 -> 1.16 breakeven
2025.10.09 17:22:33;MANAGE;#55 partial close 0.18 of 0.36 lots
2025.10.09 17:22:33;RISK;deal closed pnl=33.84 streak=0 lock=0
2025.10.09 17:22:36;MANAGE;#55 SL 1.16 -> 1.16 trail
2025.10.09 17:22:36;MANAGE;#55 SL 1.16 -> 1.16 trail
2025.10.09 17:22:40;MANAGE;#55 SL 1.16 -> 1.16 trail
2025.10.09 17:26:25;MANAGE;#55 SL 1.16 -> 1.16 trail
2025.10.09 17:26:32;MANAGE;#55 SL 1.16 -> 1.16 trail
2025.10.09 17:26:50;RISK;deal closed pnl=50.40 streak=0 lock=0
2025.10.09 17:30:00;VETO;outlier bar masked, z=5.2
2025.10.09 18:15:00;VETO;outlier bar masked, z=4.2
2025.10.09 18:30:00;VETO;outlier bar masked, z=4.2
2025.10.09 22:00:00;DECISION;setup SHORT score=0.60 entry=1.15 inv=1.16 tgt=0.00 [BOS short lvl=1.15|RelVol=1.35|VWAPside|CycleTurn w=0.99<-1.00]
2025.10.09 22:00:00;VETO;authorization denied: outside session window (server hour 22, window 13-21)
2025.10.09 22:15:00;VETO;authorization denied: outside session window (server hour 22, window 13-21)
2025.10.09 22:30:00;VETO;authorization denied: outside session window (server hour 22, window 13-21)
2025.10.09 22:45:00;VETO;authorization denied: outside session window (server hour 22, window 13-21)
2025.10.10 00:15:00;VETO;outlier bar masked, z=4.1
2025.10.10 04:00:00;VETO;signal rejected: regime: chop ADX 13.8 < 22.0
2025.10.10 05:30:00;VETO;signal rejected: regime: chop ADX 14.1 < 22.0
2025.10.10 07:00:00;VETO;signal rejected: regime: chop ADX 15.0 < 22.0
2025.10.10 08:30:00;VETO;signal rejected: regime: chop ADX 19.9 < 22.0
2025.10.10 11:15:02;VETO;signal rejected: regime: chop ADX 19.0 < 22.0
2025.10.10 14:30:00;VETO;signal rejected: regime: chop ADX 20.8 < 22.0
2025.10.10 18:00:00;VETO;signal rejected: regime: chop ADX 18.6 < 22.0
2025.10.10 18:15:00;VETO;outlier bar masked, z=13.0
2025.10.10 18:30:00;VETO;outlier bar masked, z=5.3
2025.10.13 00:01:00;VETO;outlier bar masked, z=7.3
2025.10.13 01:15:01;VETO;outlier bar masked, z=4.9
2025.10.13 03:45:00;DECISION;setup LONG score=0.85 entry=1.16 inv=1.16 tgt=0.00 AWAIT-RETEST [CHoCH long lvl=1.16|RelVol=1.83|Retest@1.16|VPnode d=0.00|VWAPside|CycleTurn w=-0.96<--0.99]
2025.10.13 04:00:00;VETO;authorization denied: outside session window (server hour 04, window 13-21)
2025.10.13 04:15:00;VETO;authorization denied: outside session window (server hour 04, window 13-21)
2025.10.13 04:30:02;VETO;authorization denied: outside session window (server hour 04, window 13-21)
2025.10.13 04:45:00;VETO;authorization denied: outside session window (server hour 04, window 13-21)
2025.10.13 09:00:00;VETO;signal rejected: volume: relVol 0.95 < 1.00
2025.10.13 09:30:00;DECISION;setup LONG score=0.70 entry=1.16 inv=1.16 tgt=0.00 AWAIT-RETEST [CHoCH long lvl=1.16|RelVol=1.13|Retest@1.16|VPnear|VWAPside|CycleTurn w=-0.97<--0.99]
2025.10.13 09:45:00;VETO;authorization denied: outside session window (server hour 09, window 13-21)
2025.10.13 10:00:00;VETO;outlier bar masked, z=3.8
2025.10.13 10:15:00;VETO;signal rejected: regime: chop ADX 21.1 < 22.0
2025.10.13 14:45:00;VETO;signal rejected: score 0.50 < 0.55 [BOS short lvl=1.16|RelVol=1.51|Retest@1.16|VWAPside|ADX=31]
2025.10.13 22:00:00;VETO;signal rejected: volume: relVol 0.43 < 1.00
2025.10.14 03:15:01;DECISION;setup SHORT score=0.65 entry=1.16 inv=1.16 tgt=0.00 AWAIT-RETEST [BOS short lvl=1.16|RelVol=1.42|Retest@1.16|VPnode d=0.00|VWAPside]
2025.10.14 04:00:00;VETO;authorization denied: outside session window (server hour 04, window 13-21)
2025.10.14 04:15:00;VETO;authorization denied: outside session window (server hour 04, window 13-21)
2025.10.14 04:30:00;VETO;signal rejected: volume: relVol 0.97 < 1.00
2025.10.14 04:30:00;VETO;authorization denied: outside session window (server hour 04, window 13-21)
2025.10.14 04:45:00;VETO;authorization denied: outside session window (server hour 04, window 13-21)
2025.10.14 06:00:01;DECISION;setup LONG score=0.75 entry=1.16 inv=1.16 tgt=0.00 [BOS long lvl=1.16|RelVol=1.03|VPnode d=0.00|VWAPside|ADX=38]
2025.10.14 06:00:01;VETO;authorization denied: outside session window (server hour 06, window 13-21)
2025.10.14 06:15:03;VETO;authorization denied: outside session window (server hour 06, window 13-21)
2025.10.14 06:30:00;VETO;authorization denied: outside session window (server hour 06, window 13-21)
2025.10.14 06:45:02;VETO;authorization denied: outside session window (server hour 06, window 13-21)
2025.10.14 10:45:00;VETO;outlier bar masked, z=4.4
2025.10.14 14:15:00;DECISION;setup SHORT score=0.65 entry=1.15 inv=1.16 tgt=0.00 [BOS short lvl=1.16|RelVol=1.13|VPnode d=0.00|VWAPside]
2025.10.14 14:15:00;DECISION;TP capped 0.00288 -> 0.00219 (3.0xATR)
2025.10.14 14:15:00;ORDER;filled SELL 0.54 lots sl=1.16 tp=1.15 [WT|BOS|0.65]
2025.10.14 14:15:00;RISK;sizing: vol_ratio=1.12 scalar=0.91 gap_buf=0.00037 eff_stop=0.00181
2025.10.14 14:15:00;ORDER;entry fill deal #58 SELL 0.54 @ 1.15490
2025.10.14 15:16:32;RISK;deal closed pnl=-77.76 streak=1 lock=0
2025.10.14 16:15:00;VETO;signal rejected: regime: chop ADX 21.5 < 22.0
2025.10.14 16:30:00;VETO;outlier bar masked, z=4.8
2025.10.14 19:00:00;VETO;signal rejected: score 0.50 < 0.55 [BOS long lvl=1.16|RelVol=1.62|Retest@1.16|VWAPside|ADX=39]
2025.10.14 23:15:35;VETO;signal rejected: score 0.30 < 0.55 [CHoCH short lvl=1.16|RelVol=1.07|Retest@1.16]
2025.10.15 03:45:15;VETO;signal rejected: regime: chop ADX 16.4 < 22.0
2025.10.15 08:30:00;VETO;signal rejected: volume: relVol 0.81 < 1.00
2025.10.15 16:00:00;VETO;signal rejected: regime: chop ADX 18.2 < 22.0
2025.10.15 18:30:00;VETO;signal rejected: regime: chop ADX 15.8 < 22.0
2025.10.15 23:00:00;VETO;signal rejected: volume: relVol 0.88 < 1.00
2025.10.16 01:45:00;DECISION;setup LONG score=0.95 entry=1.16 inv=1.16 tgt=0.00 [BOS long lvl=1.16|RelVol=1.03|VPnode d=0.00|VWAPside|CycleTurn w=0.55<-0.22|ADX=38]
2025.10.16 01:45:00;VETO;authorization denied: outside session window (server hour 01, window 13-21)
2025.10.16 02:00:00;VETO;authorization denied: outside session window (server hour 02, window 13-21)
2025.10.16 02:15:02;VETO;authorization denied: outside session window (server hour 02, window 13-21)
2025.10.16 02:30:00;VETO;authorization denied: outside session window (server hour 02, window 13-21)
2025.10.16 03:30:00;DECISION;setup LONG score=0.80 entry=1.17 inv=1.16 tgt=0.00 AWAIT-RETEST [BOS long lvl=1.17|RelVol=1.41|Retest@1.17|VPnear|VWAPside|CycleTurn w=-0.79<--0.97|ADX=50]
2025.10.16 10:15:00;DECISION;setup SHORT score=0.65 entry=1.17 inv=1.17 tgt=0.00 AWAIT-RETEST [CHoCH short lvl=1.17|RelVol=1.47|Retest@1.17|VPnode d=0.00|VWAPside]
2025.10.16 10:30:00;VETO;authorization denied: outside session window (server hour 10, window 13-21)
2025.10.16 10:45:00;VETO;authorization denied: outside session window (server hour 10, window 13-21)
2025.10.16 11:00:00;VETO;authorization denied: outside session window (server hour 11, window 13-21)
2025.10.16 11:15:00;VETO;authorization denied: outside session window (server hour 11, window 13-21)
2025.10.16 14:15:03;VETO;signal rejected: regime: chop ADX 19.8 < 22.0
2025.10.16 17:30:00;VETO;signal rejected: regime: chop ADX 17.0 < 22.0
2025.10.16 20:15:00;VETO;signal rejected: regime: chop ADX 16.5 < 22.0
2025.10.17 01:45:00;VETO;signal rejected: regime: chop ADX 21.2 < 22.0
2025.10.17 08:15:00;DECISION;setup LONG score=0.75 entry=1.17 inv=1.17 tgt=0.00 [BOS long lvl=1.17|RelVol=1.12|VPnode d=0.00|VWAPside|ADX=33]
2025.10.17 08:15:00;VETO;authorization denied: outside session window (server hour 08, window 13-21)
2025.10.17 08:30:00;VETO;authorization denied: outside session window (server hour 08, window 13-21)
2025.10.17 08:45:00;VETO;authorization denied: outside session window (server hour 08, window 13-21)
2025.10.17 09:00:00;VETO;authorization denied: outside session window (server hour 09, window 13-21)
2025.10.17 10:30:00;VETO;outlier bar masked, z=5.9
2025.10.17 14:00:00;DECISION;setup SHORT score=0.65 entry=1.17 inv=1.17 tgt=0.00 [BOS short lvl=1.17|RelVol=1.75|VPnode d=0.00|VWAPside]
2025.10.17 14:00:00;DECISION;TP capped 0.00360 -> 0.00270 (3.0xATR)
2025.10.17 14:00:00;ORDER;filled SELL 0.37 lots sl=1.17 tp=1.17 [WT|BOS|0.65]
2025.10.17 14:00:00;RISK;sizing: vol_ratio=1.28 scalar=0.79 gap_buf=0.00044 eff_stop=0.00224
2025.10.17 14:00:00;ORDER;entry fill deal #60 SELL 0.37 @ 1.16900
2025.10.17 15:15:00;DECISION;setup SHORT score=0.60 entry=1.17 inv=1.17 tgt=0.00 [BOS short lvl=1.17|RelVol=1.46|VPnear|VWAPside|ADX=35]
2025.10.17 15:15:00;DECISION;TP capped 0.00464 -> 0.00348 (3.0xATR)
2025.10.17 15:15:00;VETO;risk veto: max positions
2025.10.17 15:27:32;MANAGE;#60 SL 1.17 -> 1.17 breakeven
2025.10.17 15:27:32;MANAGE;#60 partial close 0.18 of 0.37 lots
2025.10.17 15:27:32;RISK;deal closed pnl=32.58 streak=0 lock=0
2025.10.17 15:27:36;MANAGE;#60 SL 1.17 -> 1.17 trail
2025.10.17 15:31:27;MANAGE;#60 SL 1.17 -> 1.17 trail
2025.10.17 15:38:27;MANAGE;#60 SL 1.17 -> 1.17 trail
2025.10.17 15:38:45;MANAGE;#60 SL 1.17 -> 1.17 trail
2025.10.17 15:42:44;MANAGE;#60 SL 1.17 -> 1.17 trail
2025.10.17 17:03:28;MANAGE;#60 SL 1.17 -> 1.17 trail
2025.10.17 17:05:17;MANAGE;#60 SL 1.17 -> 1.17 trail
2025.10.17 17:05:48;MANAGE;#60 SL 1.17 -> 1.17 trail
2025.10.17 17:05:49;RISK;deal closed pnl=51.68 streak=0 lock=0
2025.10.17 17:15:00;VETO;signal rejected: score 0.50 < 0.55 [BOS short lvl=1.17|RelVol=1.13|Retest@1.17|VWAPside|ADX=40]
2025.10.17 23:30:00;DECISION;setup SHORT score=0.60 entry=1.17 inv=1.17 tgt=0.00 [BOS short lvl=1.17|RelVol=1.08|VWAPside|CycleTurn w=0.97<-1.00]
2025.10.17 23:30:00;VETO;authorization denied: outside session window (server hour 23, window 13-21)
2025.10.17 23:45:00;VETO;authorization denied: outside session window (server hour 23, window 13-21)
2025.10.20 00:01:00;VETO;authorization denied: outside session window (server hour 00, window 13-21)
2025.10.20 00:15:23;VETO;authorization denied: outside session window (server hour 00, window 13-21)
2025.10.20 05:15:00;VETO;signal rejected: regime: chop ADX 21.0 < 22.0
2025.10.20 08:00:00;VETO;signal rejected: volume: relVol 0.93 < 1.00
2025.10.20 13:15:00;VETO;signal rejected: regime: chop ADX 11.8 < 22.0
2025.10.20 17:45:00;VETO;signal rejected: volume: relVol 0.84 < 1.00
2025.10.20 19:30:00;VETO;signal rejected: volume: relVol 0.85 < 1.00
2025.10.21 03:15:00;VETO;signal rejected: volume: relVol 0.97 < 1.00
2025.10.21 05:45:00;DECISION;setup SHORT score=0.65 entry=1.16 inv=1.17 tgt=0.00 AWAIT-RETEST [CHoCH short lvl=1.16|RelVol=1.70|Retest@1.16|VPnode d=0.00|VWAPside]
2025.10.21 08:30:00;DECISION;setup SHORT score=0.60 entry=1.16 inv=1.17 tgt=0.00 [BOS short lvl=1.16|RelVol=1.26|VPnear|VWAPside|ADX=41]
2025.10.21 08:30:00;VETO;authorization denied: outside session window (server hour 08, window 13-21)
2025.10.21 08:45:00;VETO;authorization denied: outside session window (server hour 08, window 13-21)
2025.10.21 09:00:00;VETO;authorization denied: outside session window (server hour 09, window 13-21)
2025.10.21 09:15:00;VETO;authorization denied: outside session window (server hour 09, window 13-21)
2025.10.21 13:45:00;DECISION;setup SHORT score=0.75 entry=1.16 inv=1.16 tgt=0.00 [BOS short lvl=1.16|RelVol=1.08|VPnode d=0.00|VWAPside|ADX=35]
2025.10.21 13:45:00;DECISION;TP capped 0.00370 -> 0.00277 (3.0xATR)
2025.10.21 13:45:00;ORDER;filled SELL 0.32 lots sl=1.16 tp=1.16 [WT|BOS|0.75]
2025.10.21 13:45:00;RISK;sizing: vol_ratio=1.44 scalar=0.67 gap_buf=0.00039 eff_stop=0.00224
2025.10.21 13:45:00;ORDER;entry fill deal #63 SELL 0.32 @ 1.16090
2025.10.21 15:30:00;VETO;signal rejected: volume: relVol 0.98 < 1.00
2025.10.21 17:45:00;VETO;signal rejected: regime: chop ADX 19.0 < 22.0
2025.10.21 23:00:00;VETO;signal rejected: regime: chop ADX 21.4 < 22.0
2025.10.22 03:15:00;VETO;signal rejected: regime: chop ADX 15.5 < 22.0
2025.10.22 05:45:00;VETO;signal rejected: volume: relVol 0.70 < 1.00
2025.10.22 08:15:00;VETO;signal rejected: regime: chop ADX 21.9 < 22.0
2025.10.22 10:15:00;VETO;signal rejected: regime: chop ADX 20.1 < 22.0
2025.10.22 11:16:45;MANAGE;#63 SL 1.16 -> 1.16 breakeven
2025.10.22 11:16:45;MANAGE;#63 partial close 0.16 of 0.32 lots
2025.10.22 11:16:45;RISK;deal closed pnl=29.60 streak=0 lock=0
2025.10.22 11:16:45;MANAGE;#63 SL 1.16 -> 1.16 trail
2025.10.22 11:18:52;MANAGE;#63 SL 1.16 -> 1.16 trail
2025.10.22 13:22:35;MANAGE;#63 SL 1.16 -> 1.16 trail
2025.10.22 13:27:19;MANAGE;#63 SL 1.16 -> 1.16 trail
2025.10.22 13:30:00;DECISION;setup SHORT score=0.60 entry=1.16 inv=1.16 tgt=0.00 [BOS short lvl=1.16|RelVol=1.04|VPnear|VWAPside|ADX=31]
2025.10.22 13:30:00;DECISION;TP capped 0.00336 -> 0.00252 (3.0xATR)
2025.10.22 13:30:00;VETO;risk veto: max positions
2025.10.22 13:30:06;MANAGE;#63 SL 1.16 -> 1.16 trail
2025.10.22 13:36:48;MANAGE;#63 SL 1.16 -> 1.16 trail
2025.10.22 13:37:34;MANAGE;#63 SL 1.16 -> 1.16 trail
2025.10.22 14:30:28;MANAGE;#63 SL 1.16 -> 1.16 trail
2025.10.22 14:41:06;MANAGE;#63 SL 1.16 -> 1.16 trail
2025.10.22 15:00:00;MANAGE;#63 SL 1.16 -> 1.16 trail
2025.10.22 15:39:00;RISK;deal closed pnl=44.16 streak=0 lock=0
2025.10.22 15:45:00;VETO;signal rejected: volume: relVol 0.69 < 1.00
2025.10.22 16:45:00;VETO;signal rejected: volume: relVol 0.93 < 1.00
2025.10.22 19:45:00;DECISION;setup LONG score=0.75 entry=1.16 inv=1.16 tgt=0.00 [BOS long lvl=1.16|RelVol=2.13|VPnode d=0.00|VWAPside|ADX=64]
2025.10.22 19:45:00;DECISION;TP capped 0.00848 -> 0.00636 (3.0xATR)
2025.10.22 19:45:00;ORDER;filled BUY 0.16 lots sl=1.16 tp=1.17 [WT|BOS|0.75]
2025.10.22 19:45:00;RISK;sizing: vol_ratio=1.40 scalar=0.70 gap_buf=0.00037 eff_stop=0.00461
2025.10.22 19:45:00;ORDER;entry fill deal #66 BUY 0.16 @ 1.16192
2025.10.22 21:45:00;VETO;signal rejected: volume: relVol 0.91 < 1.00
2025.10.23 03:15:00;VETO;signal rejected: volume: relVol 0.85 < 1.00
2025.10.23 05:45:00;VETO;signal rejected: volume: relVol 0.77 < 1.00
2025.10.23 07:00:00;VETO;signal rejected: volume: relVol 0.94 < 1.00
2025.10.23 08:00:00;VETO;signal rejected: volume: relVol 0.80 < 1.00
2025.10.23 13:30:00;VETO;signal rejected: regime: chop ADX 16.7 < 22.0
2025.10.23 17:00:00;VETO;signal rejected: volume: relVol 0.76 < 1.00
2025.10.23 21:45:00;VETO;signal rejected: volume: relVol 0.97 < 1.00
2025.10.24 01:15:00;VETO;signal rejected: volume: relVol 0.61 < 1.00
2025.10.24 04:30:00;VETO;signal rejected: regime: chop ADX 21.8 < 22.0
2025.10.24 08:30:00;VETO;signal rejected: volume: relVol 0.66 < 1.00
2025.10.24 10:00:00;VETO;signal rejected: volume: relVol 0.52 < 1.00
2025.10.24 10:45:00;VETO;outlier bar masked, z=7.3
2025.10.24 15:45:00;VETO;outlier bar masked, z=14.1
2025.10.24 16:00:00;VETO;outlier bar masked, z=4.5
2025.10.24 16:15:00;VETO;outlier bar masked, z=3.9
2025.10.24 17:00:00;VETO;outlier bar masked, z=3.8
2025.10.24 23:15:00;VETO;signal rejected: regime: chop ADX 18.4 < 22.0
2025.10.24 23:45:00;VETO;signal rejected: regime: chop ADX 19.2 < 22.0
2025.10.27 03:15:01;DECISION;setup LONG score=0.65 entry=1.16 inv=1.16 tgt=0.00 AWAIT-RETEST [CHoCH long lvl=1.16|RelVol=1.09|Retest@1.16|VPnode d=0.00|VWAPside]
2025.10.27 04:15:00;VETO;authorization denied: outside session window (server hour 04, window 13-21)
2025.10.27 04:30:00;VETO;authorization denied: outside session window (server hour 04, window 13-21)
2025.10.27 04:45:02;VETO;authorization denied: outside session window (server hour 04, window 13-21)
2025.10.27 05:00:00;VETO;authorization denied: outside session window (server hour 05, window 13-21)
2025.10.27 06:15:02;DECISION;setup SHORT score=0.65 entry=1.16 inv=1.16 tgt=0.00 AWAIT-RETEST [CHoCH short lvl=1.16|RelVol=1.20|Retest@1.16|VPnode d=0.00|VWAPside]
2025.10.27 06:30:02;VETO;authorization denied: outside session window (server hour 06, window 13-21)
2025.10.27 06:45:03;VETO;authorization denied: outside session window (server hour 06, window 13-21)
2025.10.27 07:00:02;VETO;authorization denied: outside session window (server hour 07, window 13-21)
2025.10.27 07:15:00;VETO;authorization denied: outside session window (server hour 07, window 13-21)
2025.10.27 10:00:00;VETO;signal rejected: regime: chop ADX 19.5 < 22.0
2025.10.27 11:30:00;VETO;signal rejected: volume: relVol 0.91 < 1.00
2025.10.27 15:45:00;VETO;signal rejected: volume: relVol 0.76 < 1.00
2025.10.27 20:45:02;VETO;signal rejected: regime: chop ADX 13.4 < 22.0
2025.10.28 01:00:00;VETO;signal rejected: volume: relVol 0.34 < 1.00
2025.10.28 03:12:54;MANAGE;#66 SL 1.16 -> 1.16 breakeven
2025.10.28 03:12:54;MANAGE;#66 partial close 0.08 of 0.16 lots
2025.10.28 03:12:54;RISK;deal closed pnl=33.74 streak=0 lock=0
2025.10.28 03:12:54;MANAGE;#66 SL 1.16 -> 1.17 trail
2025.10.28 03:15:39;MANAGE;#66 SL 1.17 -> 1.17 trail
2025.10.28 03:25:46;RISK;deal closed pnl=28.95 streak=0 lock=0
2025.10.28 06:45:07;DECISION;setup LONG score=0.95 entry=1.17 inv=1.17 tgt=0.00 [BOS long lvl=1.17|RelVol=1.13|VPnode d=0.00|VWAPside|CycleTurn w=0.37<--0.61|ADX=47]
2025.10.28 06:45:07;VETO;authorization denied: outside session window (server hour 06, window 13-21)
2025.10.28 07:00:00;VETO;authorization denied: outside session window (server hour 07, window 13-21)
2025.10.28 07:15:03;VETO;authorization denied: outside session window (server hour 07, window 13-21)
2025.10.28 07:30:00;VETO;authorization denied: outside session window (server hour 07, window 13-21)
2025.10.28 11:00:00;VETO;outlier bar masked, z=4.3
2025.10.28 13:00:00;VETO;signal rejected: volume: relVol 0.88 < 1.00
2025.10.28 14:45:00;VETO;signal rejected: regime: chop ADX 18.7 < 22.0
2025.10.28 15:15:00;VETO;outlier bar masked, z=5.1
2025.10.28 16:15:00;VETO;outlier bar masked, z=3.7
2025.10.28 19:00:00;VETO;outlier bar masked, z=5.5
2025.10.28 22:00:00;DECISION;setup SHORT score=0.85 entry=1.17 inv=1.17 tgt=0.00 AWAIT-RETEST [CHoCH short lvl=1.17|RelVol=1.44|Retest@1.17|VPnode d=0.00|VWAPside|CycleTurn w=-0.54<--0.52]
2025.10.28 22:15:00;VETO;authorization denied: outside session window (server hour 22, window 13-21)
2025.10.28 22:30:00;VETO;authorization denied: outside session window (server hour 22, window 13-21)
2025.10.28 22:45:03;VETO;authorization denied: outside session window (server hour 22, window 13-21)
2025.10.28 23:01:00;VETO;authorization denied: outside session window (server hour 23, window 13-21)
2025.10.29 02:00:00;DECISION;setup LONG score=0.85 entry=1.17 inv=1.16 tgt=0.00 AWAIT-RETEST [CHoCH long lvl=1.17|RelVol=1.81|Retest@1.17|VPnode d=0.00|VWAPside|CycleTurn w=-0.78<--0.99]
2025.10.29 02:30:00;VETO;authorization denied: outside session window (server hour 02, window 13-21)
2025.10.29 02:45:00;VETO;authorization denied: outside session window (server hour 02, window 13-21)
2025.10.29 03:00:00;VETO;authorization denied: outside session window (server hour 03, window 13-21)
2025.10.29 03:15:00;VETO;authorization denied: outside session window (server hour 03, window 13-21)
2025.10.29 03:45:00;VETO;signal rejected: regime: chop ADX 20.8 < 22.0
2025.10.29 05:45:06;DECISION;setup SHORT score=0.60 entry=1.16 inv=1.17 tgt=0.00 [BOS short lvl=1.16|RelVol=1.24|VPnear|VWAPside|ADX=35]
2025.10.29 05:45:06;VETO;authorization denied: outside session window (server hour 05, window 13-21)
2025.10.29 06:00:00;VETO;authorization denied: outside session window (server hour 06, window 13-21)
2025.10.29 06:15:00;VETO;authorization denied: outside session window (server hour 06, window 13-21)
2025.10.29 06:30:01;VETO;authorization denied: outside session window (server hour 06, window 13-21)
2025.10.29 11:00:00;VETO;signal rejected: volume: relVol 0.60 < 1.00
2025.10.29 12:00:00;DECISION;setup LONG score=0.70 entry=1.16 inv=1.16 tgt=0.00 AWAIT-RETEST [CHoCH long lvl=1.16|RelVol=1.05|Retest@1.16|VPnear|VWAPside|CycleTurn w=0.35<--0.71]
2025.10.29 12:15:00;VETO;authorization denied: outside session window (server hour 12, window 13-21)
2025.10.29 12:30:00;VETO;authorization denied: outside session window (server hour 12, window 13-21)
2025.10.29 12:45:03;VETO;authorization denied: outside session window (server hour 12, window 13-21)
2025.10.29 13:00:00;DECISION;TP capped 0.00574 -> 0.00431 (3.0xATR)
2025.10.29 13:00:00;ORDER;filled BUY 0.25 lots sl=1.16 tp=1.17 [WT|CHOCH|0.70]
2025.10.29 13:00:00;RISK;sizing: vol_ratio=1.32 scalar=0.76 gap_buf=0.00036 eff_stop=0.00323
2025.10.29 13:00:00;ORDER;entry fill deal #69 BUY 0.25 @ 1.16473
2025.10.29 14:45:02;VETO;signal rejected: regime: chop ADX 19.1 < 22.0
2025.10.29 17:00:00;VETO;signal rejected: regime: chop ADX 17.7 < 22.0
2025.10.29 20:15:00;VETO;outlier bar masked, z=4.9
2025.10.29 20:35:33;RISK;deal closed pnl=-72.25 streak=1 lock=0
2025.10.29 20:45:00;VETO;outlier bar masked, z=21.6
2025.10.29 21:00:00;VETO;outlier bar masked, z=4.6
2025.10.29 21:15:00;VETO;outlier bar masked, z=5.2
2025.10.30 02:30:00;DECISION;setup LONG score=0.65 entry=1.16 inv=1.16 tgt=0.00 AWAIT-RETEST [CHoCH long lvl=1.16|RelVol=2.10|Retest@1.16|VPnode d=0.00|VWAPside]
2025.10.30 04:15:00;VETO;signal rejected: regime: chop ADX 18.4 < 22.0
2025.10.30 06:30:00;VETO;outlier bar masked, z=3.7
2025.10.30 13:00:00;VETO;signal rejected: volume: relVol 0.95 < 1.00
2025.10.30 14:30:00;VETO;outlier bar masked, z=4.2
2025.10.30 15:30:00;VETO;outlier bar masked, z=3.5
2025.10.31 01:45:01;VETO;signal rejected: regime: chop ADX 17.2 < 22.0
2025.10.31 09:00:00;VETO;signal rejected: regime: chop ADX 18.5 < 22.0
2025.10.31 11:15:00;VETO;signal rejected: volume: relVol 0.57 < 1.00
2025.10.31 13:45:00;VETO;signal rejected: regime: chop ADX 21.4 < 22.0
2025.10.31 15:45:00;VETO;outlier bar masked, z=5.4
2025.10.31 16:45:00;VETO;outlier bar masked, z=3.7
2025.10.31 18:00:00;VETO;outlier bar masked, z=5.8
2025.11.03 06:15:00;DECISION;setup LONG score=0.65 entry=1.15 inv=1.15 tgt=0.00 AWAIT-RETEST [CHoCH long lvl=1.15|RelVol=1.40|Retest@1.15|VPnode d=0.00|VWAPside]
2025.11.03 06:30:06;VETO;authorization denied: outside session window (server hour 06, window 13-21)
2025.11.03 06:45:00;VETO;authorization denied: outside session window (server hour 06, window 13-21)
2025.11.03 07:00:00;VETO;authorization denied: outside session window (server hour 07, window 13-21)
2025.11.03 07:15:05;VETO;authorization denied: outside session window (server hour 07, window 13-21)
2025.11.03 08:30:00;VETO;signal rejected: volume: relVol 0.93 < 1.00
2025.11.03 10:45:00;VETO;signal rejected: volume: relVol 0.89 < 1.00
2025.11.03 14:45:00;VETO;signal rejected: volume: relVol 0.70 < 1.00
2025.11.03 15:30:00;DECISION;setup SHORT score=0.85 entry=1.15 inv=1.15 tgt=0.00 AWAIT-RETEST [CHoCH short lvl=1.15|RelVol=1.05|Retest@1.15|VPnode d=0.00|VWAPside|CycleTurn w=0.91<-0.99]
2025.11.03 15:45:08;DECISION;TP capped 0.00254 -> 0.00190 (3.0xATR)
2025.11.03 15:45:08;ORDER;filled SELL 0.69 lots sl=1.15 tp=1.15 [WT|CHOCH|0.85]
2025.11.03 15:45:08;RISK;sizing: vol_ratio=0.93 scalar=1.00 gap_buf=0.00028 eff_stop=0.00155
2025.11.03 15:45:08;ORDER;entry fill deal #71 SELL 0.69 @ 1.15097
2025.11.03 17:57:44;RISK;deal closed pnl=-87.63 streak=1 lock=0
2025.11.03 18:00:00;VETO;signal rejected: volume: relVol 0.95 < 1.00
2025.11.03 19:30:02;DECISION;setup LONG score=0.75 entry=1.15 inv=1.15 tgt=0.00 [BOS long lvl=1.15|RelVol=1.02|VPnode d=0.00|VWAPside|ADX=38]
2025.11.03 19:30:02;DECISION;TP capped 0.00626 -> 0.00470 (3.0xATR)
2025.11.03 19:30:02;ORDER;filled BUY 0.23 lots sl=1.15 tp=1.16 [WT|BOS|0.75]
2025.11.03 19:30:02;RISK;sizing: vol_ratio=1.33 scalar=0.76 gap_buf=0.00038 eff_stop=0.00351
2025.11.03 19:30:02;ORDER;entry fill deal #73 BUY 0.23 @ 1.15362
2025.11.03 23:30:00;VETO;signal rejected: score 0.50 < 0.55 [CHoCH short lvl=1.15|RelVol=1.23|Retest@1.15|VPnear|VWAPside]
2025.11.04 02:15:00;DECISION;setup SHORT score=0.80 entry=1.15 inv=1.15 tgt=0.00 AWAIT-RETEST [BOS short lvl=1.15|RelVol=2.02|Retest@1.15|VPnear|VWAPside|CycleTurn w=-0.12<-0.98|ADX=32]
2025.11.04 03:06:38;RISK;deal closed pnl=-72.38 streak=1 lock=0
2025.11.04 08:30:00;DECISION;setup LONG score=0.85 entry=1.15 inv=1.15 tgt=0.00 AWAIT-RETEST [CHoCH long lvl=1.15|RelVol=2.50|Retest@1.15|VPnode d=0.00|VWAPside|CycleTurn w=0.77<-0.76]
2025.11.04 12:00:00;DECISION;setup SHORT score=0.65 entry=1.15 inv=1.15 tgt=0.00 AWAIT-RETEST [CHoCH short lvl=1.15|RelVol=1.26|Retest@1.15|VPnode d=0.00|VWAPside]
2025.11.04 12:15:00;VETO;authorization denied: outside session window (server hour 12, window 13-21)
2025.11.04 12:30:00;VETO;authorization denied: outside session window (server hour 12, window 13-21)
2025.11.04 12:45:00;VETO;authorization denied: outside session window (server hour 12, window 13-21)
2025.11.04 13:00:00;DECISION;TP capped 0.00602 -> 0.00451 (3.0xATR)
2025.11.04 13:00:00;ORDER;filled SELL 0.23 lots sl=1.15 tp=1.15 [WT|CHOCH|0.65]
2025.11.04 13:00:00;RISK;sizing: vol_ratio=1.32 scalar=0.76 gap_buf=0.00037 eff_stop=0.00338
2025.11.04 13:00:00;ORDER;entry fill deal #75 SELL 0.23 @ 1.15038
2025.11.04 13:45:00;DECISION;setup SHORT score=0.60 entry=1.15 inv=1.15 tgt=0.00 [BOS short lvl=1.15|RelVol=1.62|VPnear|VWAPside|ADX=53]
2025.11.04 13:45:00;DECISION;TP capped 0.00756 -> 0.00567 (3.0xATR)
2025.11.04 13:45:00;VETO;risk veto: max positions
2025.11.04 16:40:53;MANAGE;#75 SL 1.15 -> 1.15 breakeven
2025.11.04 16:40:53;MANAGE;#75 partial close 0.11 of 0.23 lots
2025.11.04 16:40:53;RISK;deal closed pnl=33.11 streak=0 lock=0
2025.11.04 16:40:53;MANAGE;#75 SL 1.15 -> 1.15 trail
2025.11.04 17:38:55;RISK;deal closed pnl=17.52 streak=0 lock=0
2025.11.04 21:45:00;DECISION;setup SHORT score=0.65 entry=1.15 inv=1.15 tgt=0.00 [BOS short lvl=1.15|RelVol=1.24|VPnode d=0.00|VWAPside]
2025.11.04 21:45:00;VETO;authorization denied: outside session window (server hour 21, window 13-21)
2025.11.04 22:00:01;VETO;authorization denied: outside session window (server hour 22, window 13-21)
2025.11.04 22:15:03;VETO;authorization denied: outside session window (server hour 22, window 13-21)
2025.11.04 22:30:01;VETO;authorization denied: outside session window (server hour 22, window 13-21)
2025.11.05 01:30:00;DECISION;setup LONG score=0.65 entry=1.15 inv=1.15 tgt=0.00 AWAIT-RETEST [CHoCH long lvl=1.15|RelVol=1.64|Retest@1.15|VPnode d=0.00|VWAPside]
2025.11.05 01:45:01;VETO;authorization denied: outside session window (server hour 01, window 13-21)
2025.11.05 02:00:00;VETO;authorization denied: outside session window (server hour 02, window 13-21)
2025.11.05 02:15:01;VETO;authorization denied: outside session window (server hour 02, window 13-21)
2025.11.05 02:30:00;VETO;authorization denied: outside session window (server hour 02, window 13-21)
2025.11.05 03:30:00;VETO;signal rejected: regime: chop ADX 19.0 < 22.0
2025.11.05 07:45:00;VETO;signal rejected: regime: chop ADX 21.5 < 22.0
2025.11.05 10:15:00;VETO;signal rejected: regime: chop ADX 20.8 < 22.0
2025.11.05 12:15:00;DECISION;setup SHORT score=0.65 entry=1.15 inv=1.15 tgt=0.00 AWAIT-RETEST [CHoCH short lvl=1.15|RelVol=1.24|Retest@1.15|VPnode d=0.00|VWAPside]
2025.11.05 12:45:00;VETO;authorization denied: outside session window (server hour 12, window 13-21)
2025.11.05 13:00:03;DECISION;TP capped 0.00250 -> 0.00187 (3.0xATR)
2025.11.05 13:00:03;ORDER;filled SELL 0.61 lots sl=1.15 tp=1.15 [WT|CHOCH|0.65]
2025.11.05 13:00:03;RISK;sizing: vol_ratio=1.15 scalar=0.89 gap_buf=0.00030 eff_stop=0.00155
2025.11.05 13:00:03;ORDER;entry fill deal #78 SELL 0.61 @ 1.14831
2025.11.05 16:00:00;VETO;signal rejected: regime: chop ADX 21.2 < 22.0
2025.11.05 16:02:48;MANAGE;#78 SL 1.15 -> 1.15 breakeven
2025.11.05 16:02:48;MANAGE;#78 partial close 0.30 of 0.61 lots
2025.11.05 16:02:48;RISK;deal closed pnl=37.50 streak=0 lock=0
2025.11.05 16:02:48;MANAGE;#78 SL 1.15 -> 1.15 trail
2025.11.05 16:03:08;MANAGE;#78 SL 1.15 -> 1.15 trail
2025.11.05 16:17:50;RISK;deal closed pnl=7.75 streak=0 lock=0
2025.11.05 17:15:00;VETO;outlier bar masked, z=6.5
2025.11.05 17:45:02;VETO;outlier bar masked, z=3.6
2025.11.05 21:45:03;VETO;signal rejected: regime: chop ADX 12.4 < 22.0
2025.11.05 23:45:00;VETO;signal rejected: volume: relVol 0.65 < 1.00
2025.11.06 01:15:00;DECISION;setup LONG score=0.75 entry=1.15 inv=1.15 tgt=0.00 [BOS long lvl=1.15|RelVol=1.58|VPnode d=0.00|VWAPside|ADX=35]
2025.11.06 01:15:00;VETO;authorization denied: outside session window (server hour 01, window 13-21)
2025.11.06 01:30:00;VETO;authorization denied: outside session window (server hour 01, window 13-21)
2025.11.06 01:45:00;VETO;authorization denied: outside session window (server hour 01, window 13-21)
2025.11.06 02:00:00;VETO;authorization denied: outside session window (server hour 02, window 13-21)
2025.11.06 08:00:00;DECISION;setup LONG score=0.95 entry=1.15 inv=1.15 tgt=0.00 [BOS long lvl=1.15|RelVol=1.25|VPnode d=0.00|VWAPside|CycleTurn w=-0.99<--1.00|ADX=34]
2025.11.06 08:00:00;VETO;authorization denied: outside session window (server hour 08, window 13-21)
2025.11.06 08:15:00;VETO;authorization denied: outside session window (server hour 08, window 13-21)
2025.11.06 08:30:00;VETO;authorization denied: outside session window (server hour 08, window 13-21)
2025.11.06 08:45:01;VETO;authorization denied: outside session window (server hour 08, window 13-21)
2025.11.06 11:00:00;VETO;outlier bar masked, z=7.0
2025.11.06 14:15:00;VETO;outlier bar masked, z=3.7
2025.11.06 14:45:01;VETO;signal rejected: volume: relVol 0.87 < 1.00
2025.11.06 17:30:00;VETO;outlier bar masked, z=4.0
2025.11.06 17:45:00;VETO;outlier bar masked, z=3.7
2025.11.06 18:00:00;VETO;outlier bar masked, z=4.9
2025.11.06 19:30:00;VETO;outlier bar masked, z=4.3
2025.11.06 20:15:00;VETO;signal rejected: volume: relVol 0.87 < 1.00
2025.11.07 00:15:14;VETO;signal rejected: regime: chop ADX 20.1 < 22.0
2025.11.07 01:30:00;VETO;signal rejected: regime: chop ADX 16.3 < 22.0
2025.11.07 06:30:00;DECISION;setup SHORT score=0.65 entry=1.15 inv=1.15 tgt=0.00 AWAIT-RETEST [CHoCH short lvl=1.15|RelVol=1.69|Retest@1.15|VPnode d=0.00|VWAPside]
2025.11.07 06:45:00;VETO;authorization denied: outside session window (server hour 06, window 13-21)
2025.11.07 07:00:00;VETO;authorization denied: outside session window (server hour 07, window 13-21)
2025.11.07 07:15:09;VETO;authorization denied: outside session window (server hour 07, window 13-21)
2025.11.07 07:30:01;VETO;authorization denied: outside session window (server hour 07, window 13-21)
2025.11.07 08:30:00;DECISION;setup SHORT score=0.65 entry=1.15 inv=1.15 tgt=0.00 [BOS short lvl=1.15|RelVol=1.08|VPnode d=0.00|VWAPside]
2025.11.07 08:30:00;VETO;authorization denied: outside session window (server hour 08, window 13-21)
2025.11.07 08:45:00;VETO;authorization denied: outside session window (server hour 08, window 13-21)
2025.11.07 09:00:01;VETO;authorization denied: outside session window (server hour 09, window 13-21)
2025.11.07 09:15:00;VETO;authorization denied: outside session window (server hour 09, window 13-21)
2025.11.07 12:15:00;VETO;signal rejected: volume: relVol 0.95 < 1.00
2025.11.07 15:30:00;VETO;signal rejected: volume: relVol 0.86 < 1.00
2025.11.07 17:15:00;VETO;outlier bar masked, z=5.8
2025.11.07 18:00:00;VETO;outlier bar masked, z=3.7
2025.11.07 21:00:00;VETO;signal rejected: volume: relVol 0.73 < 1.00
2025.11.10 00:45:24;VETO;signal rejected: volume: relVol 0.98 < 1.00
2025.11.10 01:15:00;VETO;outlier bar masked, z=3.9
2025.11.10 02:15:00;VETO;outlier bar masked, z=5.3
2025.11.10 07:00:00;VETO;signal rejected: volume: relVol 0.93 < 1.00
2025.11.10 09:00:00;DECISION;setup SHORT score=0.75 entry=1.16 inv=1.16 tgt=0.00 AWAIT-RETEST [CHoCH short lvl=1.16|RelVol=1.44|Retest@1.16|VPnode d=0.00|CycleTurn w=0.88<-0.98]
2025.11.10 09:15:00;VETO;authorization denied: outside session window (server hour 09, window 13-21)
2025.11.10 09:30:00;VETO;authorization denied: outside session window (server hour 09, window 13-21)
2025.11.10 09:45:04;VETO;signal rejected: score 0.50 < 0.55 [CHoCH long lvl=1.16|RelVol=1.07|Retest@1.16|VPnear|VWAPside]
2025.11.10 12:45:00;VETO;signal rejected: regime: chop ADX 19.6 < 22.0
2025.11.10 17:45:00;DECISION;setup SHORT score=0.65 entry=1.16 inv=1.16 tgt=0.00 [BOS short lvl=1.16|RelVol=1.04|VPnode d=0.00|VWAPside]
2025.11.10 17:45:00;DECISION;TP capped 0.00520 -> 0.00390 (3.0xATR)
2025.11.10 17:45:00;ORDER;filled SELL 0.32 lots sl=1.16 tp=1.15 [WT|BOS|0.65]
2025.11.10 17:45:00;RISK;sizing: vol_ratio=1.16 scalar=0.88 gap_buf=0.00035 eff_stop=0.00295
2025.11.10 17:45:00;ORDER;entry fill deal #81 SELL 0.32 @ 1.15522
2025.11.10 20:00:00;VETO;signal rejected: volume: relVol 0.96 < 1.00
2025.11.10 23:45:02;VETO;signal rejected: regime: chop ADX 20.9 < 22.0
2025.11.11 05:30:00;VETO;signal rejected: volume: relVol 0.98 < 1.00
2025.11.11 07:15:00;VETO;signal rejected: volume: relVol 0.99 < 1.00
2025.11.11 09:15:03;DECISION;setup SHORT score=0.85 entry=1.16 inv=1.16 tgt=0.00 AWAIT-RETEST [CHoCH short lvl=1.16|RelVol=1.12|Retest@1.16|VPnode d=0.00|VWAPside|CycleTurn w=-0.45<-0.57]
2025.11.11 09:30:00;VETO;authorization denied: outside session window (server hour 09, window 13-21)
2025.11.11 09:45:00;VETO;authorization denied: outside session window (server hour 09, window 13-21)
2025.11.11 10:00:00;VETO;authorization denied: outside session window (server hour 10, window 13-21)
2025.11.11 10:15:01;VETO;authorization denied: outside session window (server hour 10, window 13-21)
2025.11.11 12:30:00;VETO;signal rejected: volume: relVol 0.95 < 1.00
2025.11.11 15:13:17;RISK;deal closed pnl=-83.52 streak=1 lock=0
2025.11.11 15:30:00;VETO;outlier bar masked, z=10.5
2025.11.11 16:00:00;VETO;outlier bar masked, z=4.3
2025.11.11 16:30:00;VETO;outlier bar masked, z=3.7
2025.11.11 17:15:00;VETO;outlier bar masked, z=3.7
2025.11.11 21:15:06;VETO;signal rejected: regime: chop ADX 20.3 < 22.0
2025.11.11 23:00:00;VETO;signal rejected: score 0.30 < 0.55 [BOS short lvl=1.16|RelVol=1.17]
2025.11.12 03:00:00;VETO;signal rejected: regime: chop ADX 20.3 < 22.0
2025.11.12 06:30:00;DECISION;setup SHORT score=0.85 entry=1.16 inv=1.16 tgt=0.00 [BOS short lvl=1.16|RelVol=1.19|VPnode d=0.00|VWAPside|CycleTurn w=0.72<-0.98]
2025.11.12 06:30:00;VETO;authorization denied: outside session window (server hour 06, window 13-21)
2025.11.12 06:45:00;VETO;authorization denied: outside session window (server hour 06, window 13-21)
2025.11.12 07:00:00;VETO;authorization denied: outside session window (server hour 07, window 13-21)
2025.11.12 07:15:01;VETO;authorization denied: outside session window (server hour 07, window 13-21)
2025.11.12 09:00:00;VETO;signal rejected: volume: relVol 0.61 < 1.00
2025.11.12 12:30:01;VETO;signal rejected: score 0.50 < 0.55 [CHoCH short lvl=1.16|RelVol=1.25|Retest@1.16|VPnear|VWAPside]
2025.11.12 16:15:00;VETO;outlier bar masked, z=3.6
2025.11.12 16:30:00;VETO;signal rejected: volume: relVol 0.94 < 1.00
2025.11.12 17:45:00;VETO;signal rejected: volume: relVol 0.85 < 1.00
2025.11.12 18:00:00;VETO;outlier bar masked, z=4.4
2025.11.12 21:15:00;VETO;signal rejected: volume: relVol 0.69 < 1.00
2025.11.13 00:01:00;VETO;signal rejected: regime: chop ADX 13.6 < 22.0
2025.11.13 02:15:01;VETO;signal rejected: regime: chop ADX 17.3 < 22.0
2025.11.13 09:30:00;VETO;signal rejected: regime: chop ADX 21.0 < 22.0
2025.11.13 09:45:00;VETO;outlier bar masked, z=4.1
2025.11.13 11:00:00;VETO;outlier bar masked, z=7.4
2025.11.13 11:15:00;VETO;outlier bar masked, z=3.6
2025.11.13 11:45:00;VETO;outlier bar masked, z=9.5
2025.11.13 14:00:00;VETO;signal rejected: score 0.40 < 0.55 [CHoCH short lvl=1.16|RelVol=1.50|Retest@1.16|VPnear]
2025.11.13 15:00:00;DECISION;setup LONG score=0.70 entry=1.16 inv=1.16 tgt=0.00 AWAIT-RETEST [CHoCH long lvl=1.16|RelVol=1.11|Retest@1.16|VPnear|VWAPside|CycleTurn w=-0.96<--0.99]
2025.11.13 15:15:00;DECISION;TP capped 0.00316 -> 0.00237 (3.0xATR)
2025.11.13 15:15:00;ORDER;filled BUY 0.45 lots sl=1.16 tp=1.16 [WT|CHOCH|0.70]
2025.11.13 15:15:00;RISK;sizing: vol_ratio=1.24 scalar=0.82 gap_buf=0.00034 eff_stop=0.00192
2025.11.13 15:15:00;ORDER;entry fill deal #83 BUY 0.45 @ 1.16206
2025.11.13 16:45:00;DECISION;setup LONG score=0.80 entry=1.16 inv=1.16 tgt=0.00 [BOS long lvl=1.16|RelVol=1.11|VPnear|VWAPside|CycleTurn w=-0.97<--1.00|ADX=33]
2025.11.13 16:45:00;DECISION;TP capped 0.00336 -> 0.00252 (3.0xATR)
2025.11.13 16:45:00;VETO;risk veto: max positions
2025.11.13 17:35:48;MANAGE;#83 SL 1.16 -> 1.16 breakeven
2025.11.13 17:35:48;MANAGE;#83 partial close 0.22 of 0.45 lots
2025.11.13 17:35:48;RISK;deal closed pnl=34.98 streak=0 lock=0
2025.11.13 17:35:48;MANAGE;#83 SL 1.16 -> 1.16 trail
2025.11.13 17:36:03;MANAGE;#83 SL 1.16 -> 1.16 trail
2025.11.13 17:38:15;MANAGE;#83 SL 1.16 -> 1.16 trail
2025.11.13 17:39:24;MANAGE;#83 SL 1.16 -> 1.16 trail
2025.11.13 17:40:17;MANAGE;#83 SL 1.16 -> 1.16 trail
2025.11.13 17:40:18;MANAGE;#83 SL 1.16 -> 1.16 trail
2025.11.13 17:40:24;MANAGE;#83 SL 1.16 -> 1.16 trail
2025.11.13 18:27:32;RISK;deal closed pnl=54.51 streak=0 lock=0
2025.11.14 01:15:00;VETO;outlier bar masked, z=3.7
2025.11.14 05:30:00;VETO;signal rejected: score 0.50 < 0.55 [CHoCH long lvl=1.16|RelVol=1.04|Retest@1.16|VPnear|VWAPside]
2025.11.14 08:00:00;DECISION;setup LONG score=0.60 entry=1.16 inv=1.16 tgt=0.00 [BOS long lvl=1.16|RelVol=1.79|VPnear|VWAPside|ADX=33]
2025.11.14 08:00:00;VETO;authorization denied: outside session window (server hour 08, window 13-21)
2025.11.14 08:15:01;VETO;authorization denied: outside session window (server hour 08, window 13-21)
2025.11.14 08:30:00;VETO;authorization denied: outside session window (server hour 08, window 13-21)
2025.11.14 08:45:00;VETO;authorization denied: outside session window (server hour 08, window 13-21)
2025.11.14 10:00:00;VETO;signal rejected: regime: chop ADX 21.5 < 22.0
2025.11.14 12:30:02;DECISION;setup SHORT score=0.60 entry=1.16 inv=1.16 tgt=0.00 AWAIT-RETEST [BOS short lvl=1.16|RelVol=1.09|Retest@1.16|VPnear|VWAPside|ADX=35]
2025.11.14 14:00:00;DECISION;TP capped 0.00524 -> 0.00393 (3.0xATR)
2025.11.14 14:00:00;ORDER;filled SELL 0.33 lots sl=1.16 tp=1.16 [WT|BOS|0.60]
2025.11.14 14:00:00;RISK;sizing: vol_ratio=1.09 scalar=0.93 gap_buf=0.00033 eff_stop=0.00295
2025.11.14 14:00:00;ORDER;entry fill deal #86 SELL 0.33 @ 1.16197
2025.11.14 14:47:12;RISK;deal closed pnl=-87.78 streak=1 lock=0
2025.11.14 15:00:00;DECISION;setup LONG score=0.65 entry=1.16 inv=1.16 tgt=0.00 AWAIT-RETEST [CHoCH long lvl=1.16|RelVol=1.30|Retest@1.16|VPnode d=0.00|VWAPside]
2025.11.14 15:15:00;DECISION;TP capped 0.00762 -> 0.00572 (3.0xATR)
2025.11.14 15:15:00;ORDER;filled BUY 0.21 lots sl=1.16 tp=1.17 [WT|CHOCH|0.65]
2025.11.14 15:15:00;RISK;sizing: vol_ratio=1.22 scalar=0.84 gap_buf=0.00038 eff_stop=0.00419
2025.11.14 15:15:00;ORDER;entry fill deal #88 BUY 0.21 @ 1.16467
2025.11.14 17:46:35;RISK;deal closed pnl=-80.01 streak=2 lock=0
2025.11.17 02:15:00;DECISION;setup SHORT score=0.70 entry=1.16 inv=1.16 tgt=0.00 AWAIT-RETEST [CHoCH short lvl=1.16|RelVol=2.18|Retest@1.16|VPnear|VWAPside|CycleTurn w=-0.30<-0.76]
2025.11.17 02:45:00;VETO;authorization denied: outside session window (server hour 02, window 13-21)
2025.11.17 03:00:00;VETO;authorization denied: outside session window (server hour 03, window 13-21)
2025.11.17 03:15:02;VETO;authorization denied: outside session window (server hour 03, window 13-21)
2025.11.17 03:30:00;VETO;authorization denied: outside session window (server hour 03, window 13-21)
2025.11.17 04:15:00;DECISION;setup SHORT score=0.75 entry=1.16 inv=1.16 tgt=0.00 [BOS short lvl=1.16|RelVol=2.13|VPnode d=0.00|VWAPside|ADX=41]
2025.11.17 04:15:00;VETO;authorization denied: outside session window (server hour 04, window 13-21)
2025.11.17 04:30:00;VETO;authorization denied: outside session window (server hour 04, window 13-21)
2025.11.17 04:45:00;VETO;authorization denied: outside session window (server hour 04, window 13-21)
2025.11.17 05:00:00;VETO;authorization denied: outside session window (server hour 05, window 13-21)
2025.11.17 09:00:00;DECISION;setup LONG score=0.55 entry=1.16 inv=1.16 tgt=0.00 AWAIT-RETEST [CHoCH long lvl=1.16|RelVol=1.97|Retest@1.16|VPnode d=0.00]
2025.11.17 10:30:00;VETO;authorization denied: outside session window (server hour 10, window 13-21)
2025.11.17 10:45:01;VETO;authorization denied: outside session window (server hour 10, window 13-21)
2025.11.17 11:00:02;VETO;authorization denied: outside session window (server hour 11, window 13-21)
2025.11.17 11:15:00;VETO;authorization denied: outside session window (server hour 11, window 13-21)
2025.11.17 13:00:00;VETO;signal rejected: regime: chop ADX 19.6 < 22.0
2025.11.17 15:45:00;VETO;signal rejected: volume: relVol 0.79 < 1.00
2025.11.17 16:45:00;VETO;outlier bar masked, z=3.5
2025.11.17 18:00:00;VETO;outlier bar masked, z=3.7
2025.11.17 21:45:02;VETO;outlier bar masked, z=3.6
2025.11.18 04:45:00;VETO;signal rejected: regime: chop ADX 17.3 < 22.0
2025.11.18 06:30:01;VETO;outlier bar masked, z=7.0
2025.11.18 10:00:00;VETO;signal rejected: regime: chop ADX 12.7 < 22.0
2025.11.18 10:15:03;VETO;outlier bar masked, z=7.0
2025.11.18 12:00:00;VETO;signal rejected: volume: relVol 0.73 < 1.00
2025.11.18 15:30:00;VETO;outlier bar masked, z=3.9
2025.11.18 17:30:00;DECISION;setup LONG score=0.65 entry=1.16 inv=1.16 tgt=0.00 AWAIT-RETEST [CHoCH long lvl=1.16|RelVol=1.05|Retest@1.16|VPnode d=0.00|VWAPside]
2025.11.18 17:45:00;ORDER;filled BUY 0.66 lots sl=1.16 tp=1.16 [WT|CHOCH|0.65]
2025.11.18 17:45:00;RISK;sizing: vol_ratio=1.42 scalar=0.68 gap_buf=0.00037 eff_stop=0.00108
2025.11.18 17:45:00;ORDER;entry fill deal #90 BUY 0.66 @ 1.15999
2025.11.18 17:51:26;RISK;deal closed pnl=-47.52 streak=1 lock=0
2025.11.18 18:00:00;VETO;outlier bar masked, z=7.9
2025.11.18 18:15:00;VETO;outlier bar masked, z=4.1
2025.11.18 19:45:00;VETO;signal rejected: volume: relVol 0.95 < 1.00
2025.11.18 20:30:00;VETO;signal rejected: volume: relVol 0.97 < 1.00
2025.11.19 02:45:00;DECISION;setup LONG score=0.65 entry=1.16 inv=1.16 tgt=0.00 [BOS long lvl=1.16|RelVol=1.06|VPnode d=0.00|VWAPside]
2025.11.19 02:45:00;VETO;authorization denied: outside session window (server hour 02, window 13-21)
2025.11.19 03:00:00;VETO;authorization denied: outside session window (server hour 03, window 13-21)
2025.11.19 03:15:05;VETO;authorization denied: outside session window (server hour 03, window 13-21)
2025.11.19 03:30:00;VETO;authorization denied: outside session window (server hour 03, window 13-21)
2025.11.19 06:00:00;VETO;signal rejected: regime: chop ADX 20.7 < 22.0
2025.11.19 07:45:00;DECISION;setup LONG score=0.65 entry=1.16 inv=1.16 tgt=0.00 AWAIT-RETEST [BOS long lvl=1.16|RelVol=1.13|Retest@1.16|VPnode d=0.00|VWAPside]
2025.11.19 09:15:00;VETO;authorization denied: outside session window (server hour 09, window 13-21)
2025.11.19 09:30:00;VETO;authorization denied: outside session window (server hour 09, window 13-21)
2025.11.19 09:45:00;VETO;signal rejected: score 0.50 < 0.55 [BOS long lvl=1.16|RelVol=1.11|Retest@1.16|VPnear|VWAPside]
2025.11.19 09:45:00;VETO;authorization denied: outside session window (server hour 09, window 13-21)
2025.11.19 10:00:00;VETO;outlier bar masked, z=9.0
2025.11.19 10:15:00;VETO;authorization denied: outside session window (server hour 10, window 13-21)
2025.11.19 10:45:00;VETO;signal rejected: regime: chop ADX 21.4 < 22.0
2025.11.19 16:15:00;VETO;signal rejected: volume: relVol 0.75 < 1.00
2025.11.19 19:30:00;VETO;signal rejected: score 0.50 < 0.55 [BOS short lvl=1.15|RelVol=1.64|VWAPside|ADX=60]
2025.11.19 21:15:00;VETO;signal rejected: score 0.50 < 0.55 [BOS short lvl=1.15|RelVol=2.15|VWAPside|ADX=44]
2025.11.19 23:45:03;VETO;signal rejected: score 0.30 < 0.55 [CHoCH long lvl=1.15|RelVol=1.81|Retest@1.15]
2025.11.20 04:15:00;VETO;signal rejected: score 0.50 < 0.55 [CHoCH short lvl=1.15|RelVol=1.27|Retest@1.15|VPnear|VWAPside]
2025.11.20 05:45:00;DECISION;setup SHORT score=0.60 entry=1.15 inv=1.15 tgt=0.00 [BOS short lvl=1.15|RelVol=1.32|VPnear|VWAPside|ADX=33]
2025.11.20 05:45:00;VETO;authorization denied: outside session window (server hour 05, window 13-21)
2025.11.20 06:00:00;VETO;authorization denied: outside session window (server hour 06, window 13-21)
2025.11.20 06:15:02;VETO;authorization denied: outside session window (server hour 06, window 13-21)
2025.11.20 06:30:00;VETO;authorization denied: outside session window (server hour 06, window 13-21)
2025.11.20 08:15:03;VETO;signal rejected: regime: chop ADX 20.0 < 22.0
2025.11.20 10:15:00;VETO;signal rejected: regime: chop ADX 12.6 < 22.0
2025.11.20 11:30:00;VETO;signal rejected: regime: chop ADX 11.9 < 22.0
2025.11.20 15:45:00;VETO;outlier bar masked, z=15.3
2025.11.20 16:00:00;VETO;outlier bar masked, z=3.6
2025.11.20 16:15:00;VETO;outlier bar masked, z=4.6
2025.11.20 16:30:00;VETO;outlier bar masked, z=4.4
2025.11.20 23:15:05;VETO;signal rejected: score 0.50 < 0.55 [CHoCH short lvl=1.15|RelVol=1.53|Retest@1.15|VPnear|VWAPside]
2025.11.21 00:15:22;VETO;outlier bar masked, z=3.6
2025.11.21 01:45:01;DECISION;setup LONG score=0.65 entry=1.15 inv=1.15 tgt=0.00 AWAIT-RETEST [CHoCH long lvl=1.15|RelVol=1.11|Retest@1.15|VPnode d=0.00|VWAPside]
2025.11.21 02:00:00;VETO;authorization denied: outside session window (server hour 02, window 13-21)
2025.11.21 02:15:00;VETO;authorization denied: outside session window (server hour 02, window 13-21)
2025.11.21 02:30:00;VETO;authorization denied: outside session window (server hour 02, window 13-21)
2025.11.21 02:45:03;VETO;authorization denied: outside session window (server hour 02, window 13-21)
2025.11.21 03:00:00;VETO;signal rejected: regime: chop ADX 21.4 < 22.0
2025.11.21 06:15:00;DECISION;setup LONG score=0.85 entry=1.15 inv=1.15 tgt=0.00 [BOS long lvl=1.15|RelVol=1.03|VPnode d=0.00|VWAPside|CycleTurn w=0.78<-0.78]
2025.11.21 06:15:00;VETO;authorization denied: outside session window (server hour 06, window 13-21)
2025.11.21 06:30:00;VETO;authorization denied: outside session window (server hour 06, window 13-21)
2025.11.21 06:45:01;VETO;authorization denied: outside session window (server hour 06, window 13-21)
2025.11.21 07:00:00;VETO;authorization denied: outside session window (server hour 07, window 13-21)
2025.11.21 08:15:00;VETO;signal rejected: regime: chop ADX 21.5 < 22.0
2025.11.21 11:45:00;VETO;signal rejected: regime: chop ADX 17.8 < 22.0
2025.11.21 12:15:00;VETO;outlier bar masked, z=3.7
2025.11.21 14:00:00;VETO;signal rejected: score 0.50 < 0.55 [BOS short lvl=1.15|RelVol=1.30|VWAPside|ADX=45]
2025.11.21 14:45:00;VETO;outlier bar masked, z=5.5
2025.11.21 15:00:00;DECISION;setup LONG score=0.75 entry=1.15 inv=1.15 tgt=0.00 AWAIT-RETEST [CHoCH long lvl=1.15|RelVol=1.37|Retest@1.15|VPnode d=0.00|CycleTurn w=-0.95<--1.00]
2025.11.21 15:15:00;ORDER;filled BUY 0.63 lots sl=1.15 tp=1.15 [WT|CHOCH|0.75]
2025.11.21 15:15:00;RISK;sizing: vol_ratio=1.45 scalar=0.66 gap_buf=0.00048 eff_stop=0.00109
2025.11.21 15:15:00;ORDER;entry fill deal #92 BUY 0.63 @ 1.15183
2025.11.21 15:52:06;MANAGE;#92 SL 1.15 -> 1.15 breakeven
2025.11.21 15:52:06;MANAGE;#92 partial close 0.31 of 0.63 lots
2025.11.21 15:52:06;RISK;deal closed pnl=19.22 streak=0 lock=0
2025.11.21 16:01:14;RISK;deal closed pnl=0.32 streak=0 lock=0
2025.11.21 17:45:01;VETO;signal rejected: score 0.50 < 0.55 [CHoCH short lvl=1.15|RelVol=1.10|Retest@1.15|VPnear|VWAPside]
2025.11.21 21:45:00;DECISION;setup LONG score=0.55 entry=1.15 inv=1.15 tgt=0.00 AWAIT-RETEST [CHoCH long lvl=1.15|RelVol=1.10|Retest@1.15|VPnode d=0.00]
2025.11.21 22:00:00;VETO;authorization denied: outside session window (server hour 22, window 13-21)
2025.11.21 22:15:00;VETO;authorization denied: outside session window (server hour 22, window 13-21)
2025.11.21 22:30:00;VETO;authorization denied: outside session window (server hour 22, window 13-21)
2025.11.21 22:45:00;VETO;authorization denied: outside session window (server hour 22, window 13-21)
2025.11.21 23:15:00;VETO;signal rejected: regime: chop ADX 20.3 < 22.0
2025.11.24 01:30:00;VETO;signal rejected: regime: chop ADX 14.2 < 22.0
2025.11.24 04:45:00;VETO;signal rejected: score 0.50 < 0.55 [CHoCH long lvl=1.15|RelVol=1.39|Retest@1.15|VPnear|VWAPside]
2025.11.24 10:00:00;VETO;signal rejected: score 0.50 < 0.55 [CHoCH short lvl=1.15|RelVol=1.02|Retest@1.15|VPnear|VWAPside]
2025.11.24 10:15:01;VETO;outlier bar masked, z=4.4
2025.11.24 10:30:00;DECISION;setup LONG score=0.70 entry=1.15 inv=1.15 tgt=0.00 AWAIT-RETEST [CHoCH long lvl=1.15|RelVol=1.03|Retest@1.15|VPnear|VWAPside|CycleTurn w=-0.92<--0.99]
2025.11.24 11:00:00;VETO;authorization denied: outside session window (server hour 11, window 13-21)
2025.11.24 11:15:00;VETO;authorization denied: outside session window (server hour 11, window 13-21)
2025.11.24 11:30:00;VETO;authorization denied: outside session window (server hour 11, window 13-21)
2025.11.24 11:45:00;VETO;authorization denied: outside session window (server hour 11, window 13-21)
2025.11.24 12:15:02;VETO;signal rejected: regime: chop ADX 21.6 < 22.0
2025.11.24 17:15:00;VETO;signal rejected: volume: relVol 0.86 < 1.00
2025.11.24 19:15:00;DECISION;setup SHORT score=0.60 entry=1.15 inv=1.15 tgt=0.00 [BOS short lvl=1.15|RelVol=1.00|VPnear|VWAPside|ADX=41]
2025.11.24 19:15:00;DECISION;TP capped 0.00306 -> 0.00230 (3.0xATR)
2025.11.24 19:15:00;ORDER;filled SELL 0.43 lots sl=1.15 tp=1.15 [WT|BOS|0.60]
2025.11.24 19:15:00;RISK;sizing: vol_ratio=1.30 scalar=0.78 gap_buf=0.00037 eff_stop=0.00190
2025.11.24 19:15:00;ORDER;entry fill deal #95 SELL 0.43 @ 1.15156
2025.11.25 03:30:00;VETO;signal rejected: regime: chop ADX 21.2 < 22.0
2025.11.25 06:00:02;VETO;signal rejected: regime: chop ADX 21.0 < 22.0
2025.11.25 07:30:01;VETO;signal rejected: volume: relVol 0.90 < 1.00
2025.11.25 10:49:07;RISK;deal closed pnl=-67.51 streak=1 lock=0
2025.11.25 11:15:00;VETO;signal rejected: volume: relVol 0.91 < 1.00
2025.11.25 14:45:00;VETO;outlier bar masked, z=12.3
2025.11.25 15:30:00;VETO;outlier bar masked, z=4.0
2025.11.25 15:45:01;VETO;outlier bar masked, z=7.3
2025.11.25 16:00:00;VETO;outlier bar masked, z=3.8
2025.11.25 16:45:00;VETO;outlier bar masked, z=3.6
2025.11.25 19:15:00;VETO;outlier bar masked, z=8.6
2025.11.25 19:30:00;VETO;outlier bar masked, z=5.7
2025.11.25 22:30:00;VETO;signal rejected: regime: chop ADX 19.2 < 22.0
2025.11.26 01:45:00;VETO;signal rejected: regime: chop ADX 16.8 < 22.0
2025.11.26 03:45:00;VETO;signal rejected: regime: chop ADX 16.0 < 22.0
2025.11.26 05:45:00;DECISION;setup LONG score=0.60 entry=1.16 inv=1.16 tgt=0.00 [BOS long lvl=1.16|RelVol=1.43|VPnear|VWAPside|ADX=32]
2025.11.26 05:45:00;VETO;authorization denied: outside session window (server hour 05, window 13-21)
2025.11.26 06:00:00;VETO;authorization denied: outside session window (server hour 06, window 13-21)
2025.11.26 06:15:00;VETO;authorization denied: outside session window (server hour 06, window 13-21)
2025.11.26 06:30:00;VETO;authorization denied: outside session window (server hour 06, window 13-21)
2025.11.26 08:15:01;DECISION;setup LONG score=0.85 entry=1.16 inv=1.16 tgt=0.00 [BOS long lvl=1.16|RelVol=1.19|VPnode d=0.00|VWAPside|CycleTurn w=-0.82<--0.98]
2025.11.26 08:15:01;VETO;authorization denied: outside session window (server hour 08, window 13-21)
2025.11.26 08:30:01;VETO;authorization denied: outside session window (server hour 08, window 13-21)
2025.11.26 08:45:00;VETO;authorization denied: outside session window (server hour 08, window 13-21)
2025.11.26 09:00:00;VETO;authorization denied: outside session window (server hour 09, window 13-21)
2025.11.26 09:30:00;VETO;signal rejected: regime: chop ADX 21.3 < 22.0
2025.11.26 15:30:00;VETO;signal rejected: regime: chop ADX 17.6 < 22.0
2025.11.26 15:45:00;VETO;outlier bar masked, z=5.6
2025.11.26 16:45:00;VETO;outlier bar masked, z=3.8
2025.11.26 17:15:00;DECISION;setup LONG score=0.85 entry=1.16 inv=1.15 tgt=0.00 AWAIT-RETEST [CHoCH long lvl=1.16|RelVol=1.03|Retest@1.16|VPnode d=0.00|VWAPside|CycleTurn w=-0.38<--0.91]
2025.11.26 17:45:00;DECISION;TP capped 0.00770 -> 0.00577 (3.0xATR)
2025.11.26 17:45:00;ORDER;filled BUY 0.14 lots sl=1.15 tp=1.16 [WT|CHOCH|0.85]
2025.11.26 17:45:00;RISK;sizing: vol_ratio=1.53 scalar=0.61 gap_buf=0.00056 eff_stop=0.00441
2025.11.26 17:45:00;ORDER;entry fill deal #97 BUY 0.14 @ 1.15854
2025.11.26 22:45:00;VETO;signal rejected: volume: relVol 0.86 < 1.00
2025.11.27 00:15:00;VETO;outlier bar masked, z=3.6
2025.11.27 01:15:00;DECISION;setup LONG score=0.85 entry=1.16 inv=1.16 tgt=0.00 [BOS long lvl=1.16|RelVol=1.34|VPnode d=0.00|VWAPside|CycleTurn w=-1.00<--1.00]
2025.11.27 01:15:00;VETO;authorization denied: outside session window (server hour 01, window 13-21)
2025.11.27 01:30:01;VETO;authorization denied: outside session window (server hour 01, window 13-21)
2025.11.27 01:45:01;VETO;authorization denied: outside session window (server hour 01, window 13-21)
2025.11.27 02:00:00;VETO;authorization denied: outside session window (server hour 02, window 13-21)
2025.11.27 03:15:00;VETO;signal rejected: volume: relVol 0.84 < 1.00
2025.11.27 08:30:00;DECISION;setup SHORT score=0.65 entry=1.16 inv=1.16 tgt=0.00 AWAIT-RETEST [CHoCH short lvl=1.16|RelVol=1.43|Retest@1.16|VPnode d=0.00|VWAPside]
2025.11.27 11:15:00;VETO;signal rejected: score 0.50 < 0.55 [BOS short lvl=1.16|RelVol=1.12|VPnear|VWAPside]
2025.11.27 15:15:00;VETO;signal rejected: volume: relVol 0.66 < 1.00
2025.11.27 16:00:02;VETO;signal rejected: volume: relVol 0.67 < 1.00
2025.11.27 17:15:01;VETO;signal rejected: volume: relVol 0.34 < 1.00
2025.11.27 18:30:00;VETO;signal rejected: volume: relVol 0.32 < 1.00
2025.11.28 01:15:00;VETO;signal rejected: regime: chop ADX 20.1 < 22.0
2025.11.28 02:15:00;VETO;signal rejected: volume: relVol 0.52 < 1.00
2025.11.28 03:45:01;VETO;signal rejected: volume: relVol 0.80 < 1.00
2025.11.28 10:00:00;VETO;signal rejected: regime: chop ADX 17.3 < 22.0
2025.11.28 12:30:00;DECISION;setup SHORT score=0.60 entry=1.16 inv=1.16 tgt=0.00 [BOS short lvl=1.16|RelVol=1.99|VPnear|VWAPside|ADX=46]
2025.11.28 12:30:00;VETO;authorization denied: outside session window (server hour 12, window 13-21)
2025.11.28 12:45:01;VETO;authorization denied: outside session window (server hour 12, window 13-21)
2025.11.28 13:00:00;DECISION;TP capped 0.00624 -> 0.00468 (3.0xATR)
2025.11.28 13:00:00;VETO;risk veto: max positions
2025.11.28 16:00:00;DECISION;setup LONG score=0.55 entry=1.16 inv=1.16 tgt=0.00 AWAIT-RETEST [CHoCH long lvl=1.16|RelVol=1.10|Retest@1.16|VPnode d=0.00]
2025.11.28 16:15:00;DECISION;TP capped 0.00348 -> 0.00261 (3.0xATR)
2025.11.28 16:15:00;VETO;risk veto: max positions
2025.11.28 18:00:00;VETO;outlier bar masked, z=4.6
2025.11.28 23:45:00;VETO;signal rejected: score 0.30 < 0.55 [CHoCH short lvl=1.16|RelVol=1.48|Retest@1.16|StopFloored]
2025.12.01 01:15:00;DECISION;setup LONG score=0.85 entry=1.16 inv=1.16 tgt=0.00 AWAIT-RETEST [CHoCH long lvl=1.16|RelVol=2.15|Retest@1.16|VPnode d=0.00|VWAPside|CycleTurn w=-0.98<--1.00]
2025.12.01 01:30:02;VETO;authorization denied: outside session window (server hour 01, window 13-21)
2025.12.01 01:45:01;VETO;authorization denied: outside session window (server hour 01, window 13-21)
2025.12.01 02:00:00;VETO;authorization denied: outside session window (server hour 02, window 13-21)
2025.12.01 02:15:00;VETO;authorization denied: outside session window (server hour 02, window 13-21)
2025.12.01 03:15:03;VETO;outlier bar masked, z=3.9
2025.12.01 09:30:00;VETO;signal rejected: volume: relVol 0.84 < 1.00
2025.12.01 12:00:00;DECISION;setup LONG score=0.60 entry=1.16 inv=1.16 tgt=0.00 [BOS long lvl=1.16|RelVol=1.17|VPnear|VWAPside|ADX=42]
2025.12.01 12:00:00;VETO;authorization denied: outside session window (server hour 12, window 13-21)
2025.12.01 12:04:56;MANAGE;#97 SL 1.15 -> 1.16 breakeven
2025.12.01 12:04:56;MANAGE;#97 partial close 0.07 of 0.14 lots
2025.12.01 12:04:56;RISK;deal closed pnl=26.91 streak=0 lock=0
2025.12.01 12:04:57;MANAGE;#97 SL 1.16 -> 1.16 trail
2025.12.01 12:05:25;MANAGE;#97 SL 1.16 -> 1.16 trail
2025.12.01 12:15:00;VETO;authorization denied: outside session window (server hour 12, window 13-21)
2025.12.01 12:30:00;VETO;authorization denied: outside session window (server hour 12, window 13-21)
2025.12.01 12:30:08;MANAGE;#97 SL 1.16 -> 1.16 trail
2025.12.01 12:31:17;MANAGE;#97 SL 1.16 -> 1.16 trail
2025.12.01 12:45:03;VETO;authorization denied: outside session window (server hour 12, window 13-21)
2025.12.01 13:08:05;MANAGE;#97 SL 1.16 -> 1.16 trail
2025.12.01 13:23:53;MANAGE;#97 SL 1.16 -> 1.16 trail
2025.12.01 13:24:02;MANAGE;#97 SL 1.16 -> 1.16 trail
2025.12.01 14:15:01;MANAGE;#97 SL 1.16 -> 1.16 trail
2025.12.01 14:16:39;MANAGE;#97 SL 1.16 -> 1.16 trail
2025.12.01 14:17:19;MANAGE;#97 SL 1.16 -> 1.16 trail
2025.12.01 14:20:03;MANAGE;#97 SL 1.16 -> 1.16 trail
2025.12.01 14:20:40;MANAGE;#97 SL 1.16 -> 1.16 trail
2025.12.01 14:30:00;VETO;signal rejected: score 0.50 < 0.55 [BOS long lvl=1.16|RelVol=1.08|VWAPside|ADX=48]
2025.12.01 14:36:53;MANAGE;#97 SL 1.16 -> 1.16 trail
2025.12.01 14:37:13;MANAGE;#97 SL 1.16 -> 1.16 trail
2025.12.01 14:38:28;MANAGE;#97 SL 1.16 -> 1.16 trail
2025.12.01 14:43:47;MANAGE;#97 SL 1.16 -> 1.16 trail
2025.12.01 14:47:05;MANAGE;#97 SL 1.16 -> 1.16 trail
2025.12.01 14:48:17;MANAGE;#97 SL 1.16 -> 1.16 trail
2025.12.01 14:48:32;MANAGE;#97 SL 1.16 -> 1.16 trail
2025.12.01 14:53:25;RISK;deal closed pnl=40.36 streak=0 lock=0
2025.12.01 17:45:00;DECISION;setup SHORT score=0.55 entry=1.16 inv=1.17 tgt=0.00 AWAIT-RETEST [CHoCH short lvl=1.16|RelVol=1.11|Retest@1.16|VPnode d=0.00]
2025.12.01 18:00:00;DECISION;TP capped 0.00456 -> 0.00342 (3.0xATR)
2025.12.01 18:00:00;ORDER;filled SELL 0.30 lots sl=1.17 tp=1.16 [WT|CHOCH|0.55]
2025.12.01 18:00:00;RISK;sizing: vol_ratio=1.30 scalar=0.78 gap_buf=0.00040 eff_stop=0.00268
2025.12.01 18:00:00;ORDER;entry fill deal #100 SELL 0.30 @ 1.16292
2025.12.02 02:17:46;MANAGE;#100 SL 1.17 -> 1.16 breakeven
2025.12.02 02:17:46;MANAGE;#100 partial close 0.15 of 0.30 lots
2025.12.02 02:17:46;RISK;deal closed pnl=34.05 streak=0 lock=0
2025.12.02 02:17:46;MANAGE;#100 SL 1.16 -> 1.16 trail
2025.12.02 02:21:06;MANAGE;#100 SL 1.16 -> 1.16 trail
2025.12.02 02:32:08;MANAGE;#100 SL 1.16 -> 1.16 trail
2025.12.02 03:36:14;RISK;deal closed pnl=29.25 streak=0 lock=0
2025.12.02 05:00:04;VETO;signal rejected: volume: relVol 0.58 < 1.00
2025.12.02 07:15:06;VETO;signal rejected: volume: relVol 0.58 < 1.00
2025.12.02 09:15:01;VETO;signal rejected: regime: chop ADX 19.8 < 22.0
2025.12.02 12:30:00;VETO;signal rejected: regime: chop ADX 16.2 < 22.0
2025.12.02 14:45:00;VETO;signal rejected: volume: relVol 0.69 < 1.00
2025.12.02 17:15:00;VETO;outlier bar masked, z=6.9
2025.12.02 17:30:00;VETO;outlier bar masked, z=5.5
2025.12.02 17:45:00;VETO;outlier bar masked, z=6.9
2025.12.02 18:00:00;VETO;outlier bar masked, z=4.4
2025.12.02 19:00:00;VETO;outlier bar masked, z=4.4
2025.12.02 22:00:00;VETO;outlier bar masked, z=3.9
2025.12.03 01:30:08;DECISION;setup LONG score=0.85 entry=1.16 inv=1.16 tgt=0.00 AWAIT-RETEST [CHoCH long lvl=1.16|RelVol=1.03|Retest@1.16|VPnode d=0.00|VWAPside|CycleTurn w=0.15<--0.84]
2025.12.03 01:45:03;VETO;authorization denied: outside session window (server hour 01, window 13-21)
2025.12.03 02:00:00;VETO;authorization denied: outside session window (server hour 02, window 13-21)
2025.12.03 02:15:06;VETO;authorization denied: outside session window (server hour 02, window 13-21)
2025.12.03 02:30:00;VETO;authorization denied: outside session window (server hour 02, window 13-21)
2025.12.03 05:00:00;VETO;signal rejected: volume: relVol 0.62 < 1.00
2025.12.03 06:45:00;VETO;signal rejected: volume: relVol 0.95 < 1.00
2025.12.03 08:15:00;VETO;signal rejected: volume: relVol 0.77 < 1.00
2025.12.03 12:15:00;DECISION;setup LONG score=0.70 entry=1.17 inv=1.16 tgt=0.00 [BOS long lvl=1.17|RelVol=1.09|VPnear|VWAPside|CycleTurn w=-0.69<--0.95]
2025.12.03 12:15:00;VETO;authorization denied: outside session window (server hour 12, window 13-21)
2025.12.03 12:30:00;VETO;authorization denied: outside session window (server hour 12, window 13-21)
2025.12.03 12:45:01;VETO;authorization denied: outside session window (server hour 12, window 13-21)
2025.12.03 13:00:00;DECISION;TP capped 0.00500 -> 0.00375 (3.0xATR)
2025.12.03 13:00:00;ORDER;filled BUY 0.32 lots sl=1.16 tp=1.17 [WT|BOS|0.70]
2025.12.03 13:00:00;RISK;sizing: vol_ratio=1.20 scalar=0.85 gap_buf=0.00031 eff_stop=0.00281
2025.12.03 13:00:00;ORDER;entry fill deal #103 BUY 0.32 @ 1.16605
2025.12.03 16:30:00;DECISION;setup SHORT score=0.75 entry=1.17 inv=1.17 tgt=0.00 AWAIT-RETEST [CHoCH short lvl=1.17|RelVol=1.16|Retest@1.17|VPnode d=0.00|CycleTurn w=-0.40<-0.68]
2025.12.03 16:45:00;DECISION;TP capped 0.00282 -> 0.00211 (3.0xATR)
2025.12.03 16:45:00;VETO;risk veto: max positions
2025.12.03 20:15:00;DECISION;setup LONG score=0.70 entry=1.17 inv=1.17 tgt=0.00 AWAIT-RETEST [CHoCH long lvl=1.17|RelVol=1.01|Retest@1.17|VPnear|VWAPside|CycleTurn w=-0.26<--0.88]
2025.12.03 20:30:00;DECISION;TP capped 0.00272 -> 0.00210 (3.0xATR)
2025.12.03 20:30:00;VETO;risk veto: max positions
2025.12.04 02:15:02;VETO;signal rejected: score 0.40 < 0.55 [CHoCH short lvl=1.17|RelVol=1.28|Retest@1.17|VWAPside]
2025.12.04 10:00:01;VETO;signal rejected: regime: chop ADX 21.1 < 22.0
2025.12.04 10:30:00;VETO;outlier bar masked, z=3.9
2025.12.04 15:45:00;VETO;outlier bar masked, z=5.5
2025.12.04 16:45:00;VETO;outlier bar masked, z=3.5
2025.12.04 17:15:00;VETO;outlier bar masked, z=3.6
2025.12.04 18:45:00;DECISION;setup SHORT score=0.85 entry=1.17 inv=1.17 tgt=0.00 [BOS short lvl=1.17|RelVol=1.10|VPnode d=0.00|VWAPside|CycleTurn w=-0.64<--0.00]
2025.12.04 18:45:00;DECISION;TP capped 0.00392 -> 0.00294 (3.0xATR)
2025.12.04 18:45:00;VETO;risk veto: max positions
2025.12.04 21:15:00;VETO;signal rejected: volume: relVol 0.98 < 1.00
2025.12.04 22:30:01;DECISION;setup SHORT score=0.60 entry=1.16 inv=1.17 tgt=0.00 [BOS short lvl=1.17|RelVol=1.18|VPnear|VWAPside|ADX=31]
2025.12.04 22:30:01;VETO;authorization denied: outside session window (server hour 22, window 13-21)
2025.12.04 22:45:00;VETO;authorization denied: outside session window (server hour 22, window 13-21)
2025.12.04 23:00:00;VETO;authorization denied: outside session window (server hour 23, window 13-21)
2025.12.04 23:15:08;VETO;authorization denied: outside session window (server hour 23, window 13-21)
2025.12.05 02:15:00;VETO;signal rejected: volume: relVol 0.65 < 1.00
2025.12.05 07:30:00;VETO;signal rejected: volume: relVol 0.72 < 1.00
2025.12.05 11:00:00;DECISION;setup SHORT score=0.85 entry=1.17 inv=1.17 tgt=0.00 AWAIT-RETEST [CHoCH short lvl=1.17|RelVol=1.05|Retest@1.17|VPnode d=0.00|VWAPside|CycleTurn w=-0.47<-0.56]
2025.12.05 11:15:00;VETO;authorization denied: outside session window (server hour 11, window 13-21)
2025.12.05 11:30:00;VETO;authorization denied: outside session window (server hour 11, window 13-21)
2025.12.05 11:45:00;VETO;authorization denied: outside session window (server hour 11, window 13-21)
2025.12.05 12:00:00;VETO;authorization denied: outside session window (server hour 12, window 13-21)
2025.12.05 16:45:00;VETO;outlier bar masked, z=4.5
2025.12.05 18:11:08;RISK;deal closed pnl=-80.89 streak=1 lock=0
2025.12.05 18:15:00;VETO;outlier bar masked, z=7.0
2025.12.08 00:15:15;VETO;signal rejected: regime: chop ADX 20.7 < 22.0
2025.12.08 02:30:01;VETO;signal rejected: regime: chop ADX 19.7 < 22.0
2025.12.08 07:45:11;VETO;signal rejected: volume: relVol 0.82 < 1.00
2025.12.08 08:15:00;VETO;outlier bar masked, z=6.5
2025.12.08 10:30:00;VETO;signal rejected: volume: relVol 0.99 < 1.00
2025.12.08 15:15:00;VETO;signal rejected: volume: relVol 0.86 < 1.00
2025.12.08 17:00:00;VETO;outlier bar masked, z=4.0
2025.12.08 19:45:01;DECISION;setup LONG score=0.60 entry=1.16 inv=1.16 tgt=0.00 AWAIT-RETEST [CHoCH long lvl=1.16|RelVol=1.54|Retest@1.16|VPnear|CycleTurn w=-0.93<--0.97]
2025.12.08 20:00:00;DECISION;TP capped 0.00456 -> 0.00342 (3.0xATR)
2025.12.08 20:00:00;ORDER;filled BUY 0.22 lots sl=1.16 tp=1.17 [WT|CHOCH|0.60]
2025.12.08 20:00:00;RISK;sizing: vol_ratio=1.55 scalar=0.59 gap_buf=0.00041 eff_stop=0.00269
2025.12.08 20:00:00;ORDER;entry fill deal #105 BUY 0.22 @ 1.16390
2025.12.09 02:15:03;VETO;signal rejected: volume: relVol 0.64 < 1.00
2025.12.09 04:00:00;VETO;signal rejected: volume: relVol 0.82 < 1.00
2025.12.09 07:30:01;VETO;signal rejected: volume: relVol 0.55 < 1.00
2025.12.09 08:15:01;VETO;signal rejected: volume: relVol 0.94 < 1.00
2025.12.09 09:15:02;VETO;signal rejected: regime: chop ADX 20.5 < 22.0
2025.12.09 11:45:02;VETO;signal rejected: regime: chop ADX 21.1 < 22.0
2025.12.09 14:15:05;VETO;signal rejected: regime: chop ADX 21.8 < 22.0
2025.12.09 17:10:06;RISK;deal closed pnl=-50.31 streak=1 lock=0
2025.12.09 17:15:00;VETO;outlier bar masked, z=7.6
2025.12.09 17:30:00;VETO;outlier bar masked, z=4.8
2025.12.10 03:30:00;VETO;signal rejected: regime: chop ADX 14.8 < 22.0
2025.12.10 07:45:03;VETO;signal rejected: regime: chop ADX 17.5 < 22.0
2025.12.10 10:00:00;VETO;outlier bar masked, z=3.8
2025.12.10 14:45:00;VETO;signal rejected: volume: relVol 0.83 < 1.00
2025.12.10 17:00:00;VETO;signal rejected: regime: chop ADX 21.1 < 22.0
2025.12.10 19:30:00;VETO;signal rejected: volume: relVol 0.97 < 1.00
2025.12.10 21:15:00;VETO;outlier bar masked, z=11.6
2025.12.10 21:30:00;VETO;outlier bar masked, z=3.8
2025.12.10 21:45:00;VETO;outlier bar masked, z=12.6
2025.12.10 22:00:00;VETO;outlier bar masked, z=11.5
2025.12.10 22:15:00;VETO;outlier bar masked, z=8.7
2025.12.11 00:15:18;VETO;outlier bar masked, z=4.1
2025.12.11 01:15:02;VETO;signal rejected: volume: relVol 0.80 < 1.00
2025.12.11 03:15:01;DECISION;setup LONG score=0.75 entry=1.17 inv=1.17 tgt=0.00 [BOS long lvl=1.17|RelVol=1.17|VPnode d=0.00|VWAPside|ADX=47]
2025.12.11 03:15:01;VETO;authorization denied: outside session window (server hour 03, window 13-21)
2025.12.11 03:30:00;VETO;authorization denied: outside session window (server hour 03, window 13-21)
2025.12.11 03:45:00;VETO;authorization denied: outside session window (server hour 03, window 13-21)
2025.12.11 04:00:00;VETO;authorization denied: outside session window (server hour 04, window 13-21)
2025.12.11 05:00:00;DECISION;setup SHORT score=0.65 entry=1.17 inv=1.17 tgt=0.00 AWAIT-RETEST [CHoCH short lvl=1.17|RelVol=1.08|Retest@1.17|VPnode d=0.00|VWAPside]
2025.12.11 05:15:01;VETO;authorization denied: outside session window (server hour 05, window 13-21)
2025.12.11 05:30:00;VETO;authorization denied: outside session window (server hour 05, window 13-21)
2025.12.11 05:45:01;VETO;authorization denied: outside session window (server hour 05, window 13-21)
2025.12.11 06:00:00;VETO;authorization denied: outside session window (server hour 06, window 13-21)
2025.12.11 08:15:00;VETO;signal rejected: volume: relVol 0.79 < 1.00
2025.12.11 09:30:00;VETO;signal rejected: volume: relVol 0.97 < 1.00
2025.12.11 13:00:01;DECISION;setup LONG score=0.75 entry=1.17 inv=1.17 tgt=0.00 [BOS long lvl=1.17|RelVol=1.16|VPnode d=0.00|VWAPside|ADX=33]
2025.12.11 13:00:01;DECISION;TP capped 0.00406 -> 0.00304 (3.0xATR)
2025.12.11 13:00:01;ORDER;filled BUY 0.43 lots sl=1.17 tp=1.17 [WT|BOS|0.75]
2025.12.11 13:00:01;RISK;sizing: vol_ratio=1.02 scalar=0.98 gap_buf=0.00035 eff_stop=0.00238
2025.12.11 13:00:01;ORDER;entry fill deal #107 BUY 0.43 @ 1.17075
2025.12.11 15:30:00;VETO;signal rejected: volume: relVol 0.95 < 1.00
2025.12.11 15:42:37;MANAGE;#107 SL 1.17 -> 1.17 breakeven
2025.12.11 15:42:37;MANAGE;#107 partial close 0.21 of 0.43 lots
2025.12.11 15:42:37;RISK;deal closed pnl=42.84 streak=0 lock=0
2025.12.11 15:42:38;MANAGE;#107 SL 1.17 -> 1.17 trail
2025.12.11 15:42:45;MANAGE;#107 SL 1.17 -> 1.17 trail
2025.12.11 15:45:00;VETO;outlier bar masked, z=3.7
2025.12.11 15:45:58;MANAGE;#107 SL 1.17 -> 1.17 trail
2025.12.11 15:47:52;MANAGE;#107 SL 1.17 -> 1.17 trail
2025.12.11 15:48:09;MANAGE;#107 SL 1.17 -> 1.17 trail
2025.12.11 15:49:41;MANAGE;#107 SL 1.17 -> 1.17 trail
2025.12.11 15:50:05;MANAGE;#107 SL 1.17 -> 1.17 trail
2025.12.11 16:05:48;MANAGE;#107 SL 1.17 -> 1.17 trail
2025.12.11 16:05:49;RISK;deal closed pnl=67.10 streak=0 lock=0
2025.12.11 17:15:00;VETO;outlier bar masked, z=4.1
2025.12.11 21:45:03;VETO;signal rejected: volume: relVol 0.92 < 1.00
2025.12.12 02:15:00;VETO;signal rejected: volume: relVol 0.86 < 1.00
2025.12.12 04:00:00;VETO;signal rejected: regime: chop ADX 18.1 < 22.0
2025.12.12 06:15:01;VETO;signal rejected: regime: chop ADX 21.9 < 22.0
2025.12.12 11:00:00;VETO;signal rejected: regime: chop ADX 21.5 < 22.0
2025.12.12 12:30:00;VETO;signal rejected: volume: relVol 0.99 < 1.00
2025.12.12 15:15:00;VETO;signal rejected: regime: chop ADX 20.1 < 22.0
2025.12.12 16:45:00;VETO;signal rejected: regime: chop ADX 18.5 < 22.0
2025.12.12 18:45:00;VETO;signal rejected: regime: chop ADX 20.0 < 22.0
2025.12.12 19:45:00;VETO;signal rejected: regime: chop ADX 19.9 < 22.0
2025.12.15 00:16:00;VETO;outlier bar masked, z=6.6
2025.12.15 04:00:00;VETO;signal rejected: regime: chop ADX 19.1 < 22.0
2025.12.15 10:00:00;VETO;signal rejected: volume: relVol 0.75 < 1.00
2025.12.15 11:15:00;VETO;outlier bar masked, z=4.0
2025.12.15 13:30:00;VETO;signal rejected: volume: relVol 0.73 < 1.00
2025.12.15 16:00:00;VETO;outlier bar masked, z=3.6
2025.12.15 17:00:00;DECISION;setup LONG score=0.70 entry=1.18 inv=1.17 tgt=0.00 AWAIT-RETEST [BOS long lvl=1.18|RelVol=1.25|Retest@1.18|VWAPside|CycleTurn w=-0.88<--0.93|ADX=49]
2025.12.15 17:30:00;VETO;outlier bar masked, z=4.6
2025.12.15 17:45:00;DECISION;TP capped 0.00352 -> 0.00264 (3.0xATR)
2025.12.15 17:45:00;ORDER;filled BUY 0.38 lots sl=1.17 tp=1.18 [WT|BOS|0.70]
2025.12.15 17:45:00;RISK;sizing: vol_ratio=1.31 scalar=0.77 gap_buf=0.00033 eff_stop=0.00209
2025.12.15 17:45:00;ORDER;entry fill deal #110 BUY 0.38 @ 1.17616
2025.12.15 18:45:00;DECISION;setup SHORT score=0.75 entry=1.18 inv=1.18 tgt=0.00 AWAIT-RETEST [CHoCH short lvl=1.18|RelVol=1.30|Retest@1.18|VPnode d=0.00|CycleTurn w=0.57<-0.94]
2025.12.15 19:00:00;DECISION;TP capped 0.00266 -> 0.00199 (3.0xATR)
2025.12.15 19:00:00;VETO;risk veto: max positions
2025.12.15 20:16:01;RISK;deal closed pnl=-66.88 streak=1 lock=0
2025.12.16 01:15:00;VETO;signal rejected: volume: relVol 0.00 < 1.00
2025.12.16 08:15:00;VETO;signal rejected: volume: relVol 0.61 < 1.00
2025.12.16 10:15:00;VETO;signal rejected: regime: chop ADX 21.1 < 22.0
2025.12.16 10:45:00;VETO;outlier bar masked, z=3.7
2025.12.16 11:45:00;VETO;outlier bar masked, z=3.6
2025.12.16 14:00:00;VETO;signal rejected: regime: chop ADX 19.5 < 22.0
2025.12.16 15:00:00;VETO;outlier bar masked, z=4.0
2025.12.16 15:45:00;VETO;outlier bar masked, z=15.0
2025.12.16 16:00:00;VETO;outlier bar masked, z=7.5
2025.12.16 16:30:00;VETO;outlier bar masked, z=5.2
2025.12.16 17:00:00;VETO;outlier bar masked, z=5.5
2025.12.16 17:15:00;VETO;outlier bar masked, z=6.3
2025.12.16 20:00:00;VETO;outlier bar masked, z=4.0
2025.12.16 20:15:00;VETO;signal rejected: regime: chop ADX 21.9 < 22.0
2025.12.16 21:30:00;VETO;outlier bar masked, z=4.6
2025.12.16 21:45:00;VETO;outlier bar masked, z=3.6
2025.12.17 04:15:00;DECISION;setup SHORT score=0.85 entry=1.17 inv=1.18 tgt=0.00 AWAIT-RETEST [BOS short lvl=1.17|RelVol=1.39|Retest@1.17|VPnode d=0.00|VWAPside|CycleTurn w=0.94<-0.99]
2025.12.17 06:15:08;VETO;signal rejected: volume: relVol 0.73 < 1.00
2025.12.17 09:00:00;VETO;outlier bar masked, z=3.9
2025.12.17 13:00:00;VETO;signal rejected: score 0.40 < 0.55 [CHoCH long lvl=1.17|RelVol=1.40|Retest@1.17|VPnear]
2025.12.17 13:45:01;DECISION;setup SHORT score=0.70 entry=1.17 inv=1.17 tgt=0.00 AWAIT-RETEST [CHoCH short lvl=1.17|RelVol=1.21|Retest@1.17|StopFloored|VPnear|VWAPside|CycleTurn w=0.99<-1.00]
2025.12.17 14:00:00;DECISION;TP capped 0.00241 -> 0.00189 (3.0xATR)
2025.12.17 14:00:00;ORDER;filled SELL 0.69 lots sl=1.17 tp=1.17 [WT|CHOCH|0.70]
2025.12.17 14:00:00;RISK;sizing: vol_ratio=0.96 scalar=1.00 gap_buf=0.00032 eff_stop=0.00152
2025.12.17 14:00:00;ORDER;entry fill deal #112 SELL 0.69 @ 1.17091
2025.12.17 14:57:32;RISK;deal closed pnl=-82.80 streak=1 lock=0
2025.12.17 16:00:00;DECISION;setup LONG score=0.65 entry=1.17 inv=1.17 tgt=0.00 AWAIT-RETEST [CHoCH long lvl=1.17|RelVol=1.00|Retest@1.17|VPnode d=0.00|VWAPside]
2025.12.17 16:30:00;DECISION;TP capped 0.00426 -> 0.00319 (3.0xATR)
2025.12.17 16:30:00;ORDER;filled BUY 0.38 lots sl=1.17 tp=1.18 [WT|CHOCH|0.65]
2025.12.17 16:30:00;RISK;sizing: vol_ratio=1.11 scalar=0.92 gap_buf=0.00038 eff_stop=0.00251
2025.12.17 16:30:00;ORDER;entry fill deal #114 BUY 0.38 @ 1.17289
2025.12.17 17:13:51;MANAGE;#114 SL 1.17 -> 1.17 breakeven
2025.12.17 17:13:51;MANAGE;#114 partial close 0.19 of 0.38 lots
2025.12.17 17:13:51;RISK;deal closed pnl=40.47 streak=0 lock=0
2025.12.17 17:13:51;MANAGE;#114 SL 1.17 -> 1.17 trail
2025.12.17 17:19:37;MANAGE;#114 SL 1.17 -> 1.17 trail
2025.12.17 17:33:30;MANAGE;#114 SL 1.17 -> 1.17 trail
2025.12.17 17:36:59;MANAGE;#114 SL 1.17 -> 1.17 trail
2025.12.17 17:37:42;MANAGE;#114 SL 1.17 -> 1.17 trail
2025.12.17 17:37:42;MANAGE;#114 SL 1.17 -> 1.17 trail
2025.12.17 17:39:37;MANAGE;#114 SL 1.17 -> 1.17 trail
2025.12.17 20:45:00;VETO;signal rejected: score 0.40 < 0.55 [CHoCH short lvl=1.17|RelVol=1.36|Retest@1.17|VPnear]
2025.12.17 22:24:03;RISK;deal closed pnl=23.37 streak=0 lock=0
2025.12.18 03:00:00;VETO;signal rejected: regime: chop ADX 17.6 < 22.0
2025.12.18 03:45:00;VETO;signal rejected: regime: chop ADX 15.8 < 22.0
2025.12.18 07:00:00;VETO;signal rejected: regime: chop ADX 15.9 < 22.0
2025.12.18 10:00:00;DECISION;setup SHORT score=0.85 entry=1.17 inv=1.17 tgt=0.00 AWAIT-RETEST [CHoCH short lvl=1.17|RelVol=1.44|Retest@1.17|VPnode d=0.00|VWAPside|CycleTurn w=0.17<-0.96]
2025.12.18 14:45:00;DECISION;setup SHORT score=0.70 entry=1.17 inv=1.17 tgt=0.00 [BOS short lvl=1.17|RelVol=1.25|VPnear|VWAPside|CycleTurn w=-0.73<-0.04]
2025.12.18 14:45:00;DECISION;TP capped 0.00268 -> 0.00201 (3.0xATR)
2025.12.18 14:45:00;ORDER;filled SELL 0.58 lots sl=1.17 tp=1.17 [WT|BOS|0.70]
2025.12.18 14:45:00;RISK;sizing: vol_ratio=1.13 scalar=0.90 gap_buf=0.00028 eff_stop=0.00162
2025.12.18 14:45:00;ORDER;entry fill deal #117 SELL 0.58 @ 1.17139
2025.12.18 15:15:43;RISK;deal closed pnl=-77.72 streak=1 lock=0
2025.12.18 15:30:00;VETO;outlier bar masked, z=4.8
2025.12.18 15:45:00;VETO;outlier bar masked, z=9.2
2025.12.18 16:00:00;VETO;outlier bar masked, z=7.8
2025.12.18 16:15:00;VETO;outlier bar masked, z=3.9
2025.12.18 17:30:00;VETO;outlier bar masked, z=4.0
2025.12.18 17:45:00;VETO;outlier bar masked, z=4.4
2025.12.18 18:15:00;VETO;outlier bar masked, z=5.2
2025.12.19 01:30:00;VETO;signal rejected: volume: relVol 0.59 < 1.00
2025.12.19 03:00:00;VETO;signal rejected: volume: relVol 0.95 < 1.00
2025.12.19 05:45:00;VETO;signal rejected: regime: chop ADX 14.5 < 22.0
2025.12.19 08:45:00;VETO;signal rejected: regime: chop ADX 18.8 < 22.0
2025.12.19 16:00:00;VETO;signal rejected: regime: chop ADX 16.1 < 22.0
2025.12.19 20:15:00;VETO;signal rejected: regime: chop ADX 21.3 < 22.0
2025.12.19 23:00:00;VETO;outlier bar masked, z=3.6
2025.12.22 03:00:00;DECISION;setup LONG score=0.85 entry=1.17 inv=1.17 tgt=0.00 AWAIT-RETEST [CHoCH long lvl=1.17|RelVol=1.12|Retest@1.17|VPnode d=0.00|VWAPside|CycleTurn w=0.69<--0.22]
2025.12.22 03:15:00;VETO;authorization denied: outside session window (server hour 03, window 13-21)
2025.12.22 03:30:00;VETO;authorization denied: outside session window (server hour 03, window 13-21)
2025.12.22 03:45:00;VETO;authorization denied: outside session window (server hour 03, window 13-21)
2025.12.22 04:00:00;VETO;authorization denied: outside session window (server hour 04, window 13-21)
2025.12.22 06:45:00;VETO;signal rejected: regime: chop ADX 21.4 < 22.0
2025.12.22 09:45:00;VETO;signal rejected: regime: chop ADX 21.3 < 22.0
2025.12.22 14:45:00;DECISION;setup LONG score=0.70 entry=1.17 inv=1.17 tgt=0.00 [BOS long lvl=1.17|RelVol=1.02|VPnear|VWAPside|CycleTurn w=-0.80<--0.97]
2025.12.22 14:45:00;DECISION;TP capped 0.00214 -> 0.00165 (3.0xATR)
2025.12.22 14:45:00;ORDER;filled BUY 0.69 lots sl=1.17 tp=1.18 [WT|BOS|0.70]
2025.12.22 14:45:00;RISK;sizing: vol_ratio=1.14 scalar=0.90 gap_buf=0.00027 eff_stop=0.00134
2025.12.22 14:45:00;ORDER;entry fill deal #119 BUY 0.69 @ 1.17393
2025.12.22 15:12:24;MANAGE;#119 SL 1.17 -> 1.17 breakeven
2025.12.22 15:12:24;MANAGE;#119 partial close 0.34 of 0.69 lots
2025.12.22 15:12:24;RISK;deal closed pnl=36.38 streak=0 lock=0
2025.12.22 15:34:27;MANAGE;#119 SL 1.17 -> 1.17 trail
2025.12.22 15:44:35;MANAGE;#119 SL 1.17 -> 1.17 trail
2025.12.22 15:44:50;MANAGE;#119 SL 1.17 -> 1.17 trail
2025.12.22 16:28:04;RISK;deal closed pnl=57.75 streak=0 lock=0
2025.12.23 01:15:00;VETO;signal rejected: volume: relVol 0.00 < 1.00
2025.12.23 08:30:00;VETO;signal rejected: volume: relVol 0.42 < 1.00
2025.12.23 10:15:00;DECISION;setup LONG score=0.85 entry=1.18 inv=1.18 tgt=0.00 AWAIT-RETEST [CHoCH long lvl=1.18|RelVol=1.31|Retest@1.18|VPnode d=0.00|VWAPside|CycleTurn w=-0.86<--0.98]
2025.12.23 10:30:00;VETO;authorization denied: outside session window (server hour 10, window 13-21)
2025.12.23 10:45:00;VETO;authorization denied: outside session window (server hour 10, window 13-21)
2025.12.23 11:00:00;VETO;authorization denied: outside session window (server hour 11, window 13-21)
2025.12.23 11:15:00;VETO;authorization denied: outside session window (server hour 11, window 13-21)
2025.12.23 15:00:00;DECISION;setup SHORT score=0.60 entry=1.18 inv=1.18 tgt=0.00 AWAIT-RETEST [CHoCH short lvl=1.18|RelVol=1.12|Retest@1.18|VPnear|CycleTurn w=-0.69<-0.02]
2025.12.23 15:15:00;DECISION;TP capped 0.00244 -> 0.00183 (3.0xATR)
2025.12.23 15:15:00;ORDER;filled SELL 0.62 lots sl=1.18 tp=1.18 [WT|CHOCH|0.60]
2025.12.23 15:15:00;RISK;sizing: vol_ratio=1.15 scalar=0.89 gap_buf=0.00027 eff_stop=0.00149
2025.12.23 15:15:00;ORDER;entry fill deal #122 SELL 0.62 @ 1.17880
2025.12.23 15:52:49;MANAGE;#122 SL 1.18 -> 1.18 breakeven
2025.12.23 15:52:49;MANAGE;#122 partial close 0.31 of 0.62 lots
2025.12.23 15:52:49;RISK;deal closed pnl=37.82 streak=0 lock=0
2025.12.23 15:53:27;MANAGE;#122 SL 1.18 -> 1.18 trail
2025.12.23 16:01:33;MANAGE;#122 SL 1.18 -> 1.18 trail
2025.12.23 16:18:10;MANAGE;#122 SL 1.18 -> 1.18 trail
2025.12.23 16:19:02;MANAGE;#122 SL 1.18 -> 1.18 trail
2025.12.23 16:19:11;RISK;deal closed pnl=57.04 streak=0 lock=0
2025.12.23 21:00:00;DECISION;setup LONG score=0.70 entry=1.18 inv=1.18 tgt=0.00 AWAIT-RETEST [CHoCH long lvl=1.18|RelVol=1.80|Retest@1.18|VPnear|VWAPside|CycleTurn w=0.71<-0.07]
2025.12.23 23:45:00;DECISION;setup LONG score=0.60 entry=1.18 inv=1.18 tgt=0.00 [BOS long lvl=1.18|RelVol=1.01|VPnear|VWAPside|ADX=50]
2025.12.23 23:45:00;VETO;authorization denied: outside session window (server hour 23, window 13-21)
2025.12.24 00:00:00;VETO;authorization denied: outside session window (server hour 00, window 13-21)
2025.12.24 00:15:00;VETO;outlier bar masked, z=4.6
2025.12.24 00:30:00;VETO;authorization denied: outside session window (server hour 00, window 13-21)
2025.12.24 00:45:00;VETO;authorization denied: outside session window (server hour 00, window 13-21)
2025.12.24 03:00:00;VETO;signal rejected: regime: chop ADX 21.6 < 22.0
2025.12.24 05:45:00;DECISION;setup SHORT score=0.65 entry=1.18 inv=1.18 tgt=0.00 AWAIT-RETEST [CHoCH short lvl=1.18|RelVol=1.10|Retest@1.18|VPnode d=0.00|VWAPside]
2025.12.24 06:30:00;VETO;authorization denied: outside session window (server hour 06, window 13-21)
2025.12.24 06:45:00;VETO;authorization denied: outside session window (server hour 06, window 13-21)
2025.12.24 07:00:00;VETO;authorization denied: outside session window (server hour 07, window 13-21)
2025.12.24 07:15:03;VETO;authorization denied: outside session window (server hour 07, window 13-21)
2025.12.24 10:15:00;DECISION;setup SHORT score=0.60 entry=1.18 inv=1.18 tgt=0.00 [BOS short lvl=1.18|RelVol=1.46|VPnear|VWAPside|ADX=31]
2025.12.24 10:15:00;VETO;authorization denied: outside session window (server hour 10, window 13-21)
2025.12.24 10:30:00;VETO;authorization denied: outside session window (server hour 10, window 13-21)
2025.12.24 10:45:00;VETO;authorization denied: outside session window (server hour 10, window 13-21)
2025.12.24 11:00:00;VETO;authorization denied: outside session window (server hour 11, window 13-21)
2025.12.24 14:30:00;DECISION;setup SHORT score=0.75 entry=1.18 inv=1.18 tgt=0.00 [BOS short lvl=1.18|RelVol=1.03|VPnode d=0.00|VWAPside|ADX=34]
2025.12.24 14:30:00;DECISION;TP capped 0.00234 -> 0.00175 (3.0xATR)
2025.12.24 14:30:00;ORDER;filled SELL 0.76 lots sl=1.18 tp=1.18 [WT|BOS|0.75]
2025.12.24 14:30:00;RISK;sizing: vol_ratio=0.85 scalar=1.00 gap_buf=0.00021 eff_stop=0.00138
2025.12.24 14:30:00;ORDER;entry fill deal #125 SELL 0.76 @ 1.17891
2025.12.24 17:15:57;MANAGE;#125 SL 1.18 -> 1.18 breakeven
2025.12.24 17:15:57;MANAGE;#125 partial close 0.38 of 0.76 lots
2025.12.24 17:15:57;RISK;deal closed pnl=44.84 streak=0 lock=0
2025.12.24 17:15:57;MANAGE;#125 SL 1.18 -> 1.18 trail
2025.12.24 17:53:11;MANAGE;#125 SL 1.18 -> 1.18 trail
2025.12.24 18:25:35;MANAGE;#125 SL 1.18 -> 1.18 trail
2025.12.24 18:27:41;MANAGE;#125 SL 1.18 -> 1.18 trail
2025.12.24 19:58:05;MANAGE;#125 SL 1.18 -> 1.18 trail
2025.12.26 00:01:57;RISK;deal closed pnl=21.28 streak=0 lock=0
2025.12.26 02:30:02;VETO;outlier bar masked, z=3.7
2025.12.26 04:45:01;VETO;signal rejected: regime: chop ADX 13.5 < 22.0
2025.12.26 06:15:06;VETO;signal rejected: regime: chop ADX 20.0 < 22.0
2025.12.26 08:45:00;VETO;outlier bar masked, z=4.6
2025.12.26 10:15:00;VETO;signal rejected: score 0.40 < 0.55 [BOS short lvl=1.18|RelVol=1.03|Retest@1.18|VWAPside]
2025.12.26 15:15:00;VETO;outlier bar masked, z=4.0
2025.12.26 18:00:00;VETO;outlier bar masked, z=4.2
2025.12.26 23:45:00;DECISION;setup SHORT score=0.85 entry=1.18 inv=1.18 tgt=0.00 [BOS short lvl=1.18|RelVol=1.22|VPnode d=0.00|VWAPside|CycleTurn w=0.83<-0.95]
2025.12.26 23:45:00;VETO;authorization denied: outside session window (server hour 23, window 13-21)
2025.12.29 00:06:17;VETO;authorization denied: outside session window (server hour 00, window 13-21)
2025.12.29 00:21:51;VETO;authorization denied: outside session window (server hour 00, window 13-21)
2025.12.29 00:34:30;VETO;authorization denied: outside session window (server hour 00, window 13-21)
2025.12.29 02:30:00;VETO;signal rejected: regime: chop ADX 21.2 < 22.0
2025.12.29 06:45:00;VETO;signal rejected: volume: relVol 0.86 < 1.00
2025.12.29 11:00:00;DECISION;setup LONG score=0.65 entry=1.18 inv=1.18 tgt=0.00 AWAIT-RETEST [CHoCH long lvl=1.18|RelVol=1.63|Retest@1.18|VPnode d=0.00|VWAPside]
2025.12.29 11:15:00;VETO;outlier bar masked, z=5.1
2025.12.29 11:30:00;VETO;authorization denied: outside session window (server hour 11, window 13-21)
2025.12.29 11:45:00;VETO;outlier bar masked, z=3.8
2025.12.29 12:00:00;VETO;authorization denied: outside session window (server hour 12, window 13-21)
2025.12.29 12:15:00;VETO;authorization denied: outside session window (server hour 12, window 13-21)
2025.12.29 12:30:00;VETO;authorization denied: outside session window (server hour 12, window 13-21)
2025.12.29 13:00:00;VETO;outlier bar masked, z=3.9
2025.12.29 14:45:00;VETO;signal rejected: score 0.50 < 0.55 [BOS short lvl=1.18|RelVol=1.26|VPnear|VWAPside]
2025.12.29 16:15:00;VETO;signal rejected: regime: chop ADX 19.9 < 22.0
2025.12.29 18:00:00;VETO;outlier bar masked, z=6.0
2025.12.29 19:15:00;VETO;signal rejected: score 0.50 < 0.55 [CHoCH short lvl=1.18|RelVol=1.41|Retest@1.18|VPnear|VWAPside]
2025.12.30 03:30:00;VETO;signal rejected: regime: chop ADX 14.4 < 22.0
2025.12.30 06:45:00;VETO;signal rejected: regime: chop ADX 16.9 < 22.0
2025.12.30 08:45:01;VETO;signal rejected: regime: chop ADX 18.0 < 22.0
2025.12.30 09:30:00;VETO;signal rejected: regime: chop ADX 19.4 < 22.0
2025.12.30 14:45:00;DECISION;setup SHORT score=0.60 entry=1.18 inv=1.18 tgt=0.00 [BOS short lvl=1.18|RelVol=1.01|VPnear|VWAPside|ADX=31]
2025.12.30 14:45:00;DECISION;TP capped 0.00318 -> 0.00238 (3.0xATR)
2025.12.30 14:45:00;ORDER;filled SELL 0.53 lots sl=1.18 tp=1.17 [WT|BOS|0.60]
2025.12.30 14:45:00;RISK;sizing: vol_ratio=1.09 scalar=0.93 gap_buf=0.00026 eff_stop=0.00185
2025.12.30 14:45:00;ORDER;entry fill deal #128 SELL 0.53 @ 1.17619
2025.12.30 17:30:00;VETO;signal rejected: score 0.50 < 0.55 [BOS short lvl=1.18|RelVol=1.28|Retest@1.18|VPnear|VWAPside]
2025.12.30 17:43:41;MANAGE;#128 SL 1.18 -> 1.18 breakeven
2025.12.30 17:43:41;MANAGE;#128 partial close 0.26 of 0.53 lots
2025.12.30 17:43:41;RISK;deal closed pnl=41.34 streak=0 lock=0
2025.12.30 17:43:42;MANAGE;#128 SL 1.18 -> 1.18 trail
2025.12.30 17:57:33;RISK;deal closed pnl=7.56 streak=0 lock=0
2025.12.30 18:00:00;VETO;outlier bar masked, z=4.2
2025.12.30 23:00:00;VETO;signal rejected: volume: relVol 0.99 < 1.00
2026.01.01 00:00:00;RECOVER;init: v2.43 test_case=E9_eur_tuned lock=0 streak=0 positions=0 equity=10000.00 day_eq=10000.00 peak_eq=10000.00
2026.01.01 00:00:00;RECOVER;symbol overrides [EURUSD]: EURUSD: profile_bin 0.20 -> 0.0002 (2026-07-17 E2 retest, PF 0.85 -> 1.12)
2026.01.02 02:00:00;VETO;signal rejected: regime: chop ADX 20.4 < 22.0
2026.01.02 06:00:00;VETO;signal rejected: volume: relVol 0.70 < 1.00
2026.01.02 06:45:01;DECISION;setup SHORT score=0.75 entry=1.18 inv=1.18 tgt=0.00 AWAIT-RETEST [CHoCH short lvl=1.18|RelVol=1.35|Retest@1.18|VPnode d=0.00|CycleTurn w=-0.76<--0.45]
2026.01.02 07:45:00;VETO;authorization denied: outside session window (server hour 07, window 13-21)
2026.01.02 08:00:00;VETO;authorization denied: outside session window (server hour 08, window 13-21)
2026.01.02 08:15:00;VETO;authorization denied: outside session window (server hour 08, window 13-21)
2026.01.02 08:30:00;VETO;authorization denied: outside session window (server hour 08, window 13-21)
2026.01.02 09:45:00;DECISION;setup SHORT score=0.75 entry=1.17 inv=1.18 tgt=0.00 AWAIT-RETEST [BOS short lvl=1.17|RelVol=1.48|Retest@1.17|VPnode d=0.00|VWAPside|ADX=34]
2026.01.02 12:00:00;DECISION;setup SHORT score=0.75 entry=1.17 inv=1.17 tgt=0.00 [BOS short lvl=1.17|RelVol=1.49|VPnode d=0.00|VWAPside|ADX=39]
2026.01.02 12:00:00;VETO;authorization denied: outside session window (server hour 12, window 13-21)
2026.01.02 12:15:00;VETO;authorization denied: outside session window (server hour 12, window 13-21)
2026.01.02 12:30:00;VETO;authorization denied: outside session window (server hour 12, window 13-21)
2026.01.02 12:45:00;VETO;authorization denied: outside session window (server hour 12, window 13-21)
2026.01.02 14:15:00;DECISION;setup LONG score=0.60 entry=1.17 inv=1.17 tgt=0.00 AWAIT-RETEST [CHoCH long lvl=1.17|RelVol=1.11|Retest@1.17|VPnear|CycleTurn w=0.71<--0.23]
2026.01.02 14:30:00;DECISION;TP capped 0.00244 -> 0.00186 (3.0xATR)
2026.01.02 14:30:00;ORDER;filled BUY 0.55 lots sl=1.17 tp=1.17 [WT|CHOCH|0.60]
2026.01.02 14:30:00;RISK;sizing: vol_ratio=1.20 scalar=0.85 gap_buf=0.00031 eff_stop=0.00153
2026.01.02 14:30:00;ORDER;entry fill deal #2 BUY 0.55 @ 1.17253
2026.01.02 17:15:00;VETO;signal rejected: score 0.40 < 0.55 [BOS long lvl=1.17|RelVol=1.10|Retest@1.17|VPnear]
2026.01.02 17:20:42;MANAGE;#2 SL 1.17 -> 1.17 breakeven
2026.01.02 17:20:42;MANAGE;#2 partial close 0.27 of 0.55 lots
2026.01.02 17:20:42;RISK;deal closed pnl=32.94 streak=0 lock=0
2026.01.02 17:36:23;MANAGE;#2 SL 1.17 -> 1.17 trail
2026.01.02 17:39:06;MANAGE;#2 SL 1.17 -> 1.17 trail
2026.01.02 17:40:00;MANAGE;#2 SL 1.17 -> 1.17 trail
2026.01.02 17:41:07;MANAGE;#2 SL 1.17 -> 1.17 trail
2026.01.02 17:54:30;MANAGE;#2 SL 1.17 -> 1.17 trail
2026.01.02 17:54:31;RISK;deal closed pnl=52.08 streak=0 lock=0
2026.01.02 18:00:00;VETO;outlier bar masked, z=4.1
2026.01.05 01:00:00;DECISION;setup SHORT score=0.85 entry=1.17 inv=1.17 tgt=0.00 AWAIT-RETEST [CHoCH short lvl=1.17|RelVol=2.76|Retest@1.17|VPnode d=0.00|VWAPside|CycleTurn w=0.93<-0.99]
2026.01.05 01:15:00;VETO;outlier bar masked, z=4.0
2026.01.05 04:15:00;DECISION;setup SHORT score=0.60 entry=1.17 inv=1.17 tgt=0.00 [BOS short lvl=1.17|RelVol=1.90|VPnear|VWAPside|ADX=52]
2026.01.05 04:15:00;VETO;authorization denied: outside session window (server hour 04, window 13-21)
2026.01.05 04:30:00;VETO;authorization denied: outside session window (server hour 04, window 13-21)
2026.01.05 04:45:00;VETO;authorization denied: outside session window (server hour 04, window 13-21)
2026.01.05 05:00:00;VETO;authorization denied: outside session window (server hour 05, window 13-21)
2026.01.05 10:30:00;VETO;signal rejected: score 0.40 < 0.55 [CHoCH long lvl=1.17|RelVol=1.83|Retest@1.17|VPnear]
2026.01.05 10:45:00;VETO;outlier bar masked, z=3.6
2026.01.05 11:45:00;DECISION;setup SHORT score=0.85 entry=1.17 inv=1.17 tgt=0.00 AWAIT-RETEST [CHoCH short lvl=1.17|RelVol=1.52|Retest@1.17|VPnode d=0.00|VWAPside|CycleTurn w=0.11<-0.77]
2026.01.05 12:00:00;VETO;authorization denied: outside session window (server hour 12, window 13-21)
2026.01.05 12:15:00;VETO;authorization denied: outside session window (server hour 12, window 13-21)
2026.01.05 12:30:00;VETO;authorization denied: outside session window (server hour 12, window 13-21)
2026.01.05 12:45:00;VETO;authorization denied: outside session window (server hour 12, window 13-21)
2026.01.05 15:00:00;VETO;signal rejected: regime: chop ADX 15.7 < 22.0
2026.01.05 16:00:00;VETO;outlier bar masked, z=4.1
2026.01.05 17:15:00;VETO;signal rejected: regime: chop ADX 20.0 < 22.0
2026.01.05 20:45:00;VETO;signal rejected: volume: relVol 0.91 < 1.00
2026.01.06 01:00:00;VETO;signal rejected: volume: relVol 0.73 < 1.00
2026.01.06 05:00:00;VETO;signal rejected: score 0.50 < 0.55 [CHoCH long lvl=1.17|RelVol=1.96|Retest@1.17|VPnear|VWAPside]
2026.01.06 08:00:00;DECISION;setup SHORT score=0.60 entry=1.17 inv=1.17 tgt=0.00 AWAIT-RETEST [CHoCH short lvl=1.17|RelVol=1.78|Retest@1.17|VPnear|CycleTurn w=-0.64<--0.52]
2026.01.06 08:15:00;VETO;authorization denied: outside session window (server hour 08, window 13-21)
2026.01.06 08:30:00;VETO;authorization denied: outside session window (server hour 08, window 13-21)
2026.01.06 08:45:00;VETO;authorization denied: outside session window (server hour 08, window 13-21)
2026.01.06 09:00:00;VETO;authorization denied: outside session window (server hour 09, window 13-21)
2026.01.06 09:15:00;DECISION;setup LONG score=0.85 entry=1.17 inv=1.17 tgt=0.00 AWAIT-RETEST [CHoCH long lvl=1.17|RelVol=1.46|Retest@1.17|VPnode d=0.00|VWAPside|CycleTurn w=-0.95<--0.99]
2026.01.06 09:30:00;VETO;authorization denied: outside session window (server hour 09, window 13-21)
2026.01.06 09:45:00;VETO;authorization denied: outside session window (server hour 09, window 13-21)
2026.01.06 10:00:00;VETO;authorization denied: outside session window (server hour 10, window 13-21)
2026.01.06 10:15:00;VETO;authorization denied: outside session window (server hour 10, window 13-21)
2026.01.06 11:15:00;VETO;signal rejected: regime: chop ADX 15.0 < 22.0
2026.01.06 13:15:00;VETO;signal rejected: score 0.50 < 0.55 [BOS short lvl=1.17|RelVol=1.33|VPnear|VWAPside]
2026.01.06 14:45:00;VETO;signal rejected: score 0.50 < 0.55 [BOS short lvl=1.17|RelVol=1.89|VWAPside|ADX=31]
2026.01.06 16:15:00;DECISION;setup LONG score=0.55 entry=1.17 inv=1.17 tgt=0.00 AWAIT-RETEST [CHoCH long lvl=1.17|RelVol=1.00|Retest@1.17|VPnode d=0.00]
2026.01.06 16:30:00;ORDER;filled BUY 0.66 lots sl=1.17 tp=1.17 [WT|CHOCH|0.55]
2026.01.06 16:30:00;RISK;sizing: vol_ratio=1.29 scalar=0.79 gap_buf=0.00036 eff_stop=0.00119
2026.01.06 16:30:00;ORDER;entry fill deal #5 BUY 0.66 @ 1.17054
2026.01.06 16:53:16;MANAGE;#5 SL 1.17 -> 1.17 breakeven
2026.01.06 16:53:16;MANAGE;#5 partial close 0.33 of 0.66 lots
2026.01.06 16:53:16;RISK;deal closed pnl=27.39 streak=0 lock=0
2026.01.06 17:02:07;RISK;deal closed pnl=0.99 streak=0 lock=0
2026.01.06 17:15:00;VETO;signal rejected: regime: chop ADX 18.8 < 22.0
2026.01.06 20:00:00;DECISION;setup LONG score=0.60 entry=1.17 inv=1.17 tgt=0.00 AWAIT-RETEST [CHoCH long lvl=1.17|RelVol=1.30|Retest@1.17|VPnear|CycleTurn w=0.56<--0.48]
2026.01.06 20:15:00;DECISION;TP capped 0.00310 -> 0.00232 (3.0xATR)
2026.01.06 20:15:00;ORDER;filled BUY 0.38 lots sl=1.17 tp=1.17 [WT|CHOCH|0.60]
2026.01.06 20:15:00;RISK;sizing: vol_ratio=1.36 scalar=0.73 gap_buf=0.00037 eff_stop=0.00192
2026.01.06 20:15:00;ORDER;entry fill deal #8 BUY 0.38 @ 1.16993
2026.01.06 21:38:41;RISK;deal closed pnl=-58.90 streak=1 lock=0
2026.01.07 02:45:00;VETO;signal rejected: regime: chop ADX 19.7 < 22.0
2026.01.07 09:45:00;DECISION;setup SHORT score=0.85 entry=1.17 inv=1.17 tgt=0.00 AWAIT-RETEST [CHoCH short lvl=1.17|RelVol=1.80|Retest@1.17|VPnode d=0.00|VWAPside|CycleTurn w=-0.21<-0.55]
2026.01.07 12:15:00;VETO;signal rejected: regime: chop ADX 19.6 < 22.0
2026.01.07 14:15:00;VETO;signal rejected: regime: chop ADX 17.2 < 22.0
2026.01.07 17:00:00;VETO;signal rejected: regime: chop ADX 16.6 < 22.0
2026.01.07 21:15:00;VETO;signal rejected: regime: chop ADX 19.8 < 22.0
2026.01.07 23:15:00;VETO;signal rejected: volume: relVol 0.51 < 1.00
2026.01.08 03:45:00;DECISION;setup SHORT score=0.95 entry=1.17 inv=1.17 tgt=0.00 AWAIT-RETEST [BOS short lvl=1.17|RelVol=1.06|Retest@1.17|VPnode d=0.00|VWAPside|CycleTurn w=0.99<-1.00|ADX=36]
2026.01.08 04:00:00;VETO;authorization denied: outside session window (server hour 04, window 13-21)
2026.01.08 04:15:01;VETO;authorization denied: outside session window (server hour 04, window 13-21)
2026.01.08 04:30:00;VETO;authorization denied: outside session window (server hour 04, window 13-21)
2026.01.08 04:45:00;DECISION;setup LONG score=0.65 entry=1.17 inv=1.17 tgt=0.00 AWAIT-RETEST [CHoCH long lvl=1.17|RelVol=1.28|Retest@1.17|VPnode d=0.00|VWAPside]
2026.01.08 05:00:00;VETO;authorization denied: outside session window (server hour 05, window 13-21)
2026.01.08 05:15:00;VETO;authorization denied: outside session window (server hour 05, window 13-21)
2026.01.08 05:30:00;VETO;authorization denied: outside session window (server hour 05, window 13-21)
2026.01.08 05:45:00;VETO;authorization denied: outside session window (server hour 05, window 13-21)
2026.01.08 08:30:00;VETO;signal rejected: regime: chop ADX 13.5 < 22.0
2026.01.08 10:45:00;DECISION;setup SHORT score=0.65 entry=1.17 inv=1.17 tgt=0.00 [BOS short lvl=1.17|RelVol=1.18|VPnode d=0.00|VWAPside]
2026.01.08 10:45:00;VETO;authorization denied: outside session window (server hour 10, window 13-21)
2026.01.08 11:00:00;VETO;authorization denied: outside session window (server hour 11, window 13-21)
2026.01.08 11:15:00;VETO;authorization denied: outside session window (server hour 11, window 13-21)
2026.01.08 11:30:00;VETO;authorization denied: outside session window (server hour 11, window 13-21)
2026.01.08 15:45:00;VETO;signal rejected: score 0.50 < 0.55 [BOS short lvl=1.17|RelVol=1.02|VPnear|VWAPside]
2026.01.08 19:00:00;VETO;signal rejected: score 0.40 < 0.55 [BOS short lvl=1.17|RelVol=1.70|VWAPside]
2026.01.08 23:45:00;DECISION;setup LONG score=0.55 entry=1.17 inv=1.16 tgt=0.00 AWAIT-RETEST [CHoCH long lvl=1.17|RelVol=1.90|Retest@1.17|VPnode d=0.00]
2026.01.09 00:15:00;VETO;authorization denied: outside session window (server hour 00, window 13-21)
2026.01.09 00:30:00;VETO;authorization denied: outside session window (server hour 00, window 13-21)
2026.01.09 00:45:01;VETO;authorization denied: outside session window (server hour 00, window 13-21)
2026.01.09 01:00:00;VETO;authorization denied: outside session window (server hour 01, window 13-21)
2026.01.09 05:15:00;VETO;signal rejected: volume: relVol 0.98 < 1.00
2026.01.09 07:45:00;VETO;signal rejected: regime: chop ADX 17.0 < 22.0
2026.01.09 09:15:00;VETO;signal rejected: volume: relVol 0.93 < 1.00
2026.01.09 10:00:00;VETO;outlier bar masked, z=3.9
2026.01.09 10:15:00;VETO;outlier bar masked, z=3.8
2026.01.09 15:45:00;VETO;outlier bar masked, z=19.3
2026.01.09 16:00:00;VETO;outlier bar masked, z=7.1
2026.01.09 16:15:00;VETO;outlier bar masked, z=4.8
2026.01.09 16:30:00;VETO;outlier bar masked, z=4.4
2026.01.09 16:45:00;VETO;outlier bar masked, z=4.2
2026.01.09 17:15:00;VETO;outlier bar masked, z=7.1
2026.01.09 17:45:00;VETO;outlier bar masked, z=5.1
2026.01.09 18:30:00;VETO;outlier bar masked, z=3.6
2026.01.12 00:15:00;VETO;outlier bar masked, z=4.7
2026.01.12 01:45:00;VETO;signal rejected: regime: chop ADX 17.1 < 22.0
2026.01.12 02:15:00;VETO;outlier bar masked, z=12.0
2026.01.12 02:45:00;VETO;outlier bar masked, z=7.9
2026.01.12 07:30:00;VETO;signal rejected: regime: chop ADX 18.3 < 22.0
2026.01.12 09:15:00;DECISION;setup LONG score=0.75 entry=1.17 inv=1.17 tgt=0.00 AWAIT-RETEST [BOS long lvl=1.17|RelVol=1.37|Retest@1.17|VPnode d=0.00|VWAPside|ADX=30]
2026.01.12 15:15:00;VETO;signal rejected: regime: chop ADX 16.6 < 22.0
2026.01.12 16:30:00;VETO;signal rejected: regime: chop ADX 17.4 < 22.0
2026.01.12 19:00:00;VETO;signal rejected: regime: chop ADX 20.2 < 22.0
2026.01.13 02:45:00;DECISION;setup SHORT score=0.70 entry=1.17 inv=1.17 tgt=0.00 [BOS short lvl=1.17|RelVol=1.07|VPnear|VWAPside|CycleTurn w=0.11<-0.87]
2026.01.13 02:45:00;VETO;authorization denied: outside session window (server hour 02, window 13-21)
2026.01.13 03:00:00;VETO;authorization denied: outside session window (server hour 03, window 13-21)
2026.01.13 03:15:00;VETO;authorization denied: outside session window (server hour 03, window 13-21)
2026.01.13 03:30:00;VETO;authorization denied: outside session window (server hour 03, window 13-21)
2026.01.13 06:30:00;DECISION;setup LONG score=0.65 entry=1.17 inv=1.17 tgt=0.00 AWAIT-RETEST [CHoCH long lvl=1.17|RelVol=1.80|Retest@1.17|VPnode d=0.00|VWAPside]
2026.01.13 06:45:01;VETO;authorization denied: outside session window (server hour 06, window 13-21)
2026.01.13 07:00:00;VETO;authorization denied: outside session window (server hour 07, window 13-21)
2026.01.13 07:15:00;VETO;authorization denied: outside session window (server hour 07, window 13-21)
2026.01.13 07:30:00;VETO;authorization denied: outside session window (server hour 07, window 13-21)
2026.01.13 08:30:00;DECISION;setup SHORT score=0.85 entry=1.17 inv=1.17 tgt=0.00 AWAIT-RETEST [CHoCH short lvl=1.17|RelVol=1.16|Retest@1.17|VPnode d=0.00|VWAPside|CycleTurn w=0.74<-0.95]
2026.01.13 08:45:00;VETO;authorization denied: outside session window (server hour 08, window 13-21)
2026.01.13 09:00:00;VETO;authorization denied: outside session window (server hour 09, window 13-21)
2026.01.13 09:15:00;VETO;authorization denied: outside session window (server hour 09, window 13-21)
2026.01.13 09:30:00;VETO;authorization denied: outside session window (server hour 09, window 13-21)
2026.01.13 11:00:00;DECISION;setup LONG score=0.65 entry=1.17 inv=1.17 tgt=0.00 AWAIT-RETEST [CHoCH long lvl=1.17|RelVol=1.45|Retest@1.17|VPnode d=0.00|VWAPside]
2026.01.13 11:15:00;VETO;authorization denied: outside session window (server hour 11, window 13-21)
2026.01.13 11:30:00;VETO;authorization denied: outside session window (server hour 11, window 13-21)
2026.01.13 11:45:00;VETO;authorization denied: outside session window (server hour 11, window 13-21)
2026.01.13 12:00:00;VETO;authorization denied: outside session window (server hour 12, window 13-21)
2026.01.13 15:00:00;DECISION;setup SHORT score=0.65 entry=1.17 inv=1.17 tgt=0.00 AWAIT-RETEST [CHoCH short lvl=1.17|RelVol=1.61|Retest@1.17|VPnode d=0.00|VWAPside]
2026.01.13 15:15:00;DECISION;TP capped 0.00304 -> 0.00228 (3.0xATR)
2026.01.13 15:15:00;ORDER;filled SELL 0.57 lots sl=1.17 tp=1.16 [WT|CHOCH|0.65]
2026.01.13 15:15:00;RISK;sizing: vol_ratio=0.98 scalar=1.00 gap_buf=0.00022 eff_stop=0.00174
2026.01.13 15:15:00;ORDER;entry fill deal #10 SELL 0.57 @ 1.16551
2026.01.13 15:30:01;RISK;deal closed pnl=-90.63 streak=1 lock=0
2026.01.13 15:45:00;VETO;outlier bar masked, z=12.1
2026.01.13 16:45:00;VETO;outlier bar masked, z=4.7
2026.01.13 17:15:00;VETO;outlier bar masked, z=3.9
2026.01.13 17:30:00;DECISION;setup SHORT score=0.60 entry=1.16 inv=1.17 tgt=0.00 [BOS short lvl=1.17|RelVol=1.20|VWAPside|CycleTurn w=-0.18<-0.81]
2026.01.13 17:30:00;DECISION;TP capped 0.00590 -> 0.00443 (3.0xATR)
2026.01.13 17:30:00;ORDER;filled SELL 0.11 lots sl=1.17 tp=1.16 [WT|BOS|0.60]
2026.01.13 17:30:00;RISK;sizing: vol_ratio=1.82 scalar=0.38 gap_buf=0.00043 eff_stop=0.00338
2026.01.13 17:30:00;ORDER;entry fill deal #12 SELL 0.11 @ 1.16480
2026.01.13 18:15:00;VETO;outlier bar masked, z=7.5
2026.01.13 23:00:00;VETO;signal rejected: regime: chop ADX 11.6 < 22.0
2026.01.14 02:15:01;VETO;signal rejected: regime: chop ADX 20.5 < 22.0
2026.01.14 03:15:00;VETO;signal rejected: regime: chop ADX 16.5 < 22.0
2026.01.14 05:45:00;VETO;signal rejected: volume: relVol 0.91 < 1.00
2026.01.14 09:00:00;VETO;signal rejected: volume: relVol 0.86 < 1.00
2026.01.14 12:30:00;VETO;signal rejected: volume: relVol 0.99 < 1.00
2026.01.14 15:00:00;VETO;outlier bar masked, z=5.1
2026.01.14 19:45:00;DECISION;setup SHORT score=0.65 entry=1.16 inv=1.17 tgt=0.00 AWAIT-RETEST [CHoCH short lvl=1.16|RelVol=1.17|Retest@1.16|VPnode d=0.00|VWAPside]
2026.01.14 20:00:00;DECISION;TP capped 0.00300 -> 0.00225 (3.0xATR)
2026.01.14 20:00:00;VETO;risk veto: max positions
2026.01.15 02:45:00;VETO;signal rejected: regime: chop ADX 20.6 < 22.0
2026.01.15 06:30:03;VETO;signal rejected: volume: relVol 0.99 < 1.00
2026.01.15 08:45:00;DECISION;setup SHORT score=0.75 entry=1.16 inv=1.16 tgt=0.00 AWAIT-RETEST [BOS short lvl=1.16|RelVol=1.03|Retest@1.16|VPnode d=0.00|VWAPside|ADX=36]
2026.01.15 09:00:00;VETO;authorization denied: outside session window (server hour 09, window 13-21)
2026.01.15 09:15:00;VETO;authorization denied: outside session window (server hour 09, window 13-21)
2026.01.15 09:30:00;VETO;authorization denied: outside session window (server hour 09, window 13-21)
2026.01.15 09:45:00;VETO;authorization denied: outside session window (server hour 09, window 13-21)
2026.01.15 11:45:00;DECISION;setup LONG score=0.65 entry=1.16 inv=1.16 tgt=0.00 AWAIT-RETEST [CHoCH long lvl=1.16|RelVol=1.00|Retest@1.16|VPnode d=0.00|VWAPside]
2026.01.15 12:00:00;VETO;authorization denied: outside session window (server hour 12, window 13-21)
2026.01.15 12:15:00;VETO;authorization denied: outside session window (server hour 12, window 13-21)
2026.01.15 12:30:00;VETO;authorization denied: outside session window (server hour 12, window 13-21)
2026.01.15 12:45:00;VETO;authorization denied: outside session window (server hour 12, window 13-21)
2026.01.15 15:14:29;VETO;signal rejected: regime: chop ADX 21.7 < 22.0
2026.01.15 15:23:41;MANAGE;#12 SL 1.17 -> 1.16 breakeven
2026.01.15 15:23:41;MANAGE;#12 partial close 0.05 of 0.11 lots
2026.01.15 15:23:41;RISK;deal closed pnl=14.75 streak=0 lock=0
2026.01.15 15:23:41;MANAGE;#12 SL 1.16 -> 1.16 trail
2026.01.15 15:30:00;MANAGE;#12 SL 1.16 -> 1.16 trail
2026.01.15 15:30:00;MANAGE;#12 SL 1.16 -> 1.16 trail
2026.01.15 15:30:00;MANAGE;#12 SL 1.16 -> 1.16 trail
2026.01.15 15:30:52;MANAGE;#12 SL 1.16 -> 1.16 trail
2026.01.15 15:30:57;MANAGE;#12 SL 1.16 -> 1.16 trail
2026.01.15 15:30:59;MANAGE;#12 SL 1.16 -> 1.16 trail
2026.01.15 15:31:44;MANAGE;#12 SL 1.16 -> 1.16 trail
2026.01.15 15:31:44;MANAGE;#12 SL 1.16 -> 1.16 trail
2026.01.15 15:31:44;MANAGE;#12 SL 1.16 -> 1.16 trail
2026.01.15 15:31:59;MANAGE;#12 SL 1.16 -> 1.16 trail
2026.01.15 15:37:25;MANAGE;#12 SL 1.16 -> 1.16 trail
2026.01.15 15:40:04;MANAGE;#12 SL 1.16 -> 1.16 trail
2026.01.15 15:40:12;MANAGE;#12 SL 1.16 -> 1.16 trail
2026.01.15 15:40:56;RISK;deal closed pnl=26.28 streak=0 lock=0
2026.01.15 15:45:00;VETO;outlier bar masked, z=7.7
2026.01.15 16:15:00;VETO;outlier bar masked, z=4.2
2026.01.15 16:45:00;VETO;outlier bar masked, z=6.5
2026.01.16 04:45:00;VETO;signal rejected: regime: chop ADX 21.5 < 22.0
2026.01.16 08:00:00;VETO;signal rejected: volume: relVol 0.95 < 1.00
2026.01.16 12:45:00;VETO;signal rejected: regime: chop ADX 14.7 < 22.0
2026.01.16 17:15:00;VETO;signal rejected: regime: chop ADX 20.1 < 22.0
2026.01.16 17:30:00;VETO;outlier bar masked, z=11.2
2026.01.16 17:45:00;VETO;outlier bar masked, z=8.7
2026.01.16 18:15:00;VETO;outlier bar masked, z=4.3
2026.01.16 22:15:02;VETO;signal rejected: regime: chop ADX 16.6 < 22.0
2026.01.19 00:15:00;VETO;outlier bar masked, z=10.1
2026.01.19 01:15:00;VETO;outlier bar masked, z=14.0
2026.01.19 01:30:01;VETO;outlier bar masked, z=6.5
2026.01.19 01:45:00;VETO;outlier bar masked, z=6.6
2026.01.19 02:15:00;VETO;outlier bar masked, z=6.0
2026.01.19 02:30:00;VETO;outlier bar masked, z=8.3
2026.01.19 02:45:00;VETO;outlier bar masked, z=6.0
2026.01.19 09:15:00;VETO;outlier bar masked, z=4.4
2026.01.19 11:30:00;VETO;signal rejected: regime: chop ADX 21.9 < 22.0
2026.01.19 14:15:03;VETO;signal rejected: regime: chop ADX 22.0 < 22.0
2026.01.19 18:15:00;VETO;signal rejected: volume: relVol 0.79 < 1.00
2026.01.19 20:15:00;VETO;signal rejected: volume: relVol 0.55 < 1.00
2026.01.20 01:30:01;VETO;signal rejected: regime: chop ADX 20.4 < 22.0
2026.01.20 05:30:00;DECISION;setup LONG score=0.65 entry=1.16 inv=1.16 tgt=0.00 AWAIT-RETEST [CHoCH long lvl=1.16|RelVol=1.47|Retest@1.16|VPnode d=0.00|VWAPside]
2026.01.20 09:30:00;VETO;outlier bar masked, z=4.3
2026.01.20 09:45:00;VETO;outlier bar masked, z=7.6
2026.01.20 10:15:00;VETO;outlier bar masked, z=4.5
2026.01.20 10:45:00;VETO;outlier bar masked, z=7.5
2026.01.20 11:00:00;VETO;outlier bar masked, z=4.8
2026.01.20 11:15:00;VETO;outlier bar masked, z=4.3
2026.01.20 12:15:00;VETO;outlier bar masked, z=4.3
2026.01.20 13:45:00;VETO;outlier bar masked, z=3.9
2026.01.20 15:30:00;VETO;outlier bar masked, z=4.3
2026.01.20 15:45:00;VETO;outlier bar masked, z=19.4
2026.01.20 16:15:00;VETO;outlier bar masked, z=4.5
2026.01.20 22:00:00;DECISION;setup SHORT score=0.65 entry=1.17 inv=1.17 tgt=0.00 AWAIT-RETEST [CHoCH short lvl=1.17|RelVol=2.36|Retest@1.17|VPnode d=0.00|VWAPside]
2026.01.20 22:15:00;VETO;authorization denied: outside session window (server hour 22, window 13-21)
2026.01.20 22:30:00;VETO;authorization denied: outside session window (server hour 22, window 13-21)
2026.01.20 22:45:00;VETO;authorization denied: outside session window (server hour 22, window 13-21)
2026.01.20 23:00:00;VETO;authorization denied: outside session window (server hour 23, window 13-21)
2026.01.21 02:00:00;DECISION;setup LONG score=0.65 entry=1.17 inv=1.17 tgt=0.00 AWAIT-RETEST [CHoCH long lvl=1.17|RelVol=1.03|Retest@1.17|VPnode d=0.00|VWAPside]
2026.01.21 02:15:00;VETO;authorization denied: outside session window (server hour 02, window 13-21)
2026.01.21 02:30:00;VETO;authorization denied: outside session window (server hour 02, window 13-21)
2026.01.21 02:45:01;VETO;signal rejected: regime: chop ADX 21.3 < 22.0
2026.01.21 03:30:00;VETO;signal rejected: regime: chop ADX 21.6 < 22.0
2026.01.21 05:30:00;VETO;signal rejected: regime: chop ADX 19.2 < 22.0
2026.01.21 08:45:00;VETO;signal rejected: regime: chop ADX 16.0 < 22.0
2026.01.21 09:15:00;VETO;signal rejected: regime: chop ADX 16.5 < 22.0
2026.01.21 12:30:00;DECISION;setup SHORT score=0.65 entry=1.17 inv=1.17 tgt=0.00 [BOS short lvl=1.17|RelVol=1.12|StopFloored|VPnode d=0.00|VWAPside]
2026.01.21 12:30:00;VETO;authorization denied: outside session window (server hour 12, window 13-21)
2026.01.21 12:45:00;VETO;authorization denied: outside session window (server hour 12, window 13-21)
2026.01.21 13:00:00;ORDER;filled SELL 0.99 lots sl=1.17 tp=1.17 [WT|BOS|0.65]
2026.01.21 13:00:00;RISK;sizing: vol_ratio=0.83 scalar=1.00 gap_buf=0.00028 eff_stop=0.00101
2026.01.21 13:00:00;ORDER;entry fill deal #15 SELL 0.99 @ 1.17069
2026.01.21 13:27:06;RISK;deal closed pnl=-72.27 streak=1 lock=0
2026.01.21 13:30:00;DECISION;setup LONG score=0.60 entry=1.17 inv=1.17 tgt=0.00 AWAIT-RETEST [CHoCH long lvl=1.17|RelVol=1.43|Retest@1.17|VPnear|CycleTurn w=-0.68<--0.93]
2026.01.21 13:45:00;DECISION;TP capped 0.00264 -> 0.00198 (3.0xATR)
2026.01.21 13:45:00;ORDER;filled BUY 0.63 lots sl=1.17 tp=1.17 [WT|CHOCH|0.60]
2026.01.21 13:45:00;RISK;sizing: vol_ratio=0.75 scalar=1.00 gap_buf=0.00025 eff_stop=0.00157
2026.01.21 13:45:00;ORDER;entry fill deal #17 BUY 0.63 @ 1.17145
2026.01.21 14:34:28;MANAGE;#17 SL 1.17 -> 1.17 breakeven
2026.01.21 14:34:28;MANAGE;#17 partial close 0.31 of 0.63 lots
2026.01.21 14:34:28;RISK;deal closed pnl=41.23 streak=0 lock=0
2026.01.21 14:34:29;MANAGE;#17 SL 1.17 -> 1.17 trail
2026.01.21 14:35:03;MANAGE;#17 SL 1.17 -> 1.17 trail
2026.01.21 14:41:56;MANAGE;#17 SL 1.17 -> 1.17 trail
2026.01.21 14:43:40;MANAGE;#17 SL 1.17 -> 1.17 trail
2026.01.21 14:44:25;MANAGE;#17 SL 1.17 -> 1.17 trail
2026.01.21 14:51:59;MANAGE;#17 SL 1.17 -> 1.17 trail
2026.01.21 14:52:51;RISK;deal closed pnl=63.68 streak=0 lock=0
2026.01.21 16:15:00;VETO;outlier bar masked, z=6.9
2026.01.21 17:30:00;VETO;outlier bar masked, z=4.3
2026.01.21 20:45:00;DECISION;setup SHORT score=0.75 entry=1.17 inv=1.17 tgt=0.00 [BOS short lvl=1.17|RelVol=1.47|VPnode d=0.00|VWAPside|ADX=37]
2026.01.21 20:45:00;DECISION;TP capped 0.00288 -> 0.00259 (3.0xATR)
2026.01.21 20:45:00;ORDER;filled SELL 0.34 lots sl=1.17 tp=1.17 [WT|BOS|0.75]
2026.01.21 20:45:00;RISK;sizing: vol_ratio=1.47 scalar=0.65 gap_buf=0.00047 eff_stop=0.00191
2026.01.21 20:45:00;ORDER;entry fill deal #20 SELL 0.34 @ 1.16970
2026.01.21 21:29:06;MANAGE;#20 SL 1.17 -> 1.17 breakeven
2026.01.21 21:29:06;MANAGE;#20 partial close 0.17 of 0.34 lots
2026.01.21 21:29:06;RISK;deal closed pnl=24.65 streak=0 lock=0
2026.01.21 21:30:00;VETO;outlier bar masked, z=6.8
2026.01.21 21:41:32;MANAGE;#20 SL 1.17 -> 1.17 trail
2026.01.21 21:43:10;MANAGE;#20 SL 1.17 -> 1.17 trail
2026.01.22 01:12:22;MANAGE;#20 SL 1.17 -> 1.17 trail
2026.01.22 01:15:00;MANAGE;#20 SL 1.17 -> 1.17 trail
2026.01.22 01:15:00;VETO;signal rejected: volume: relVol 0.84 < 1.00
2026.01.22 01:21:54;MANAGE;#20 SL 1.17 -> 1.17 trail
2026.01.22 01:25:44;MANAGE;#20 SL 1.17 -> 1.17 trail
2026.01.22 01:28:35;MANAGE;#20 SL 1.17 -> 1.17 trail
2026.01.22 01:30:00;MANAGE;#20 SL 1.17 -> 1.17 trail
2026.01.22 01:30:43;MANAGE;#20 SL 1.17 -> 1.17 trail
2026.01.22 01:32:35;MANAGE;#20 SL 1.17 -> 1.17 trail
2026.01.22 01:32:48;MANAGE;#20 SL 1.17 -> 1.17 trail
2026.01.22 01:32:51;MANAGE;#20 SL 1.17 -> 1.17 trail
2026.01.22 01:33:07;RISK;deal closed pnl=43.52 streak=0 lock=0
2026.01.22 03:00:00;VETO;signal rejected: volume: relVol 0.98 < 1.00
2026.01.22 04:15:00;VETO;signal rejected: volume: relVol 0.96 < 1.00
2026.01.22 06:15:00;DECISION;setup LONG score=0.60 entry=1.17 inv=1.17 tgt=0.00 [BOS long lvl=1.17|RelVol=1.41|VPnear|VWAPside|ADX=31]
2026.01.22 06:15:00;VETO;authorization denied: outside session window (server hour 06, window 13-21)
2026.01.22 06:30:00;VETO;authorization denied: outside session window (server hour 06, window 13-21)
2026.01.22 06:45:07;VETO;authorization denied: outside session window (server hour 06, window 13-21)
2026.01.22 07:00:00;VETO;authorization denied: outside session window (server hour 07, window 13-21)
2026.01.22 13:30:00;VETO;signal rejected: regime: chop ADX 21.8 < 22.0
2026.01.22 22:45:00;DECISION;setup LONG score=0.60 entry=1.18 inv=1.17 tgt=0.00 [BOS long lvl=1.17|RelVol=1.13|VWAPside|CycleTurn w=-0.99<--1.00]
2026.01.22 22:45:00;VETO;authorization denied: outside session window (server hour 22, window 13-21)
2026.01.22 23:00:00;VETO;authorization denied: outside session window (server hour 23, window 13-21)
2026.01.22 23:15:00;VETO;authorization denied: outside session window (server hour 23, window 13-21)
2026.01.22 23:30:00;VETO;authorization denied: outside session window (server hour 23, window 13-21)
2026.01.23 01:15:00;DECISION;setup LONG score=0.75 entry=1.18 inv=1.17 tgt=0.00 [BOS long lvl=1.18|RelVol=1.05|VPnode d=0.00|VWAPside|ADX=36]
2026.01.23 01:15:00;VETO;authorization denied: outside session window (server hour 01, window 13-21)
2026.01.23 01:30:00;VETO;authorization denied: outside session window (server hour 01, window 13-21)
2026.01.23 01:45:00;VETO;authorization denied: outside session window (server hour 01, window 13-21)
2026.01.23 02:00:00;VETO;authorization denied: outside session window (server hour 02, window 13-21)
2026.01.23 04:45:00;VETO;signal rejected: volume: relVol 0.78 < 1.00
2026.01.23 06:00:00;DECISION;setup SHORT score=0.65 entry=1.17 inv=1.18 tgt=0.00 [BOS short lvl=1.17|RelVol=1.75|VPnode d=0.00|VWAPside]
2026.01.23 06:00:00;VETO;authorization denied: outside session window (server hour 06, window 13-21)
2026.01.23 06:15:05;VETO;authorization denied: outside session window (server hour 06, window 13-21)
2026.01.23 06:30:00;VETO;authorization denied: outside session window (server hour 06, window 13-21)
2026.01.23 06:45:00;VETO;authorization denied: outside session window (server hour 06, window 13-21)
2026.01.23 09:00:00;DECISION;setup SHORT score=0.85 entry=1.17 inv=1.18 tgt=0.00 [BOS short lvl=1.17|RelVol=2.39|VPnode d=0.00|VWAPside|CycleTurn w=-0.72<-0.18]
2026.01.23 09:00:00;VETO;authorization denied: outside session window (server hour 09, window 13-21)
2026.01.23 09:15:00;VETO;authorization denied: outside session window (server hour 09, window 13-21)
2026.01.23 09:30:00;VETO;authorization denied: outside session window (server hour 09, window 13-21)
2026.01.23 09:45:00;VETO;authorization denied: outside session window (server hour 09, window 13-21)
2026.01.23 10:45:00;VETO;outlier bar masked, z=3.7
2026.01.23 17:15:00;VETO;signal rejected: volume: relVol 0.62 < 1.00
2026.01.23 18:30:00;VETO;outlier bar masked, z=5.2
2026.01.23 19:15:00;VETO;outlier bar masked, z=4.4
2026.01.23 19:30:00;VETO;outlier bar masked, z=3.7
2026.01.23 19:45:00;VETO;outlier bar masked, z=4.8
2026.01.23 20:15:00;VETO;outlier bar masked, z=5.3
2026.01.23 20:30:01;VETO;outlier bar masked, z=4.6
2026.01.23 21:15:00;VETO;signal rejected: score 0.50 < 0.55 [BOS long lvl=1.18|RelVol=1.93|VWAPside|ADX=65]
2026.01.23 22:00:00;VETO;outlier bar masked, z=5.2
2026.01.26 00:15:00;VETO;outlier bar masked, z=9.6
2026.01.26 01:00:00;VETO;outlier bar masked, z=4.9
2026.01.26 01:15:00;VETO;outlier bar masked, z=5.4
2026.01.26 01:30:00;VETO;outlier bar masked, z=9.0
2026.01.26 08:15:00;VETO;signal rejected: regime: chop ADX 18.8 < 22.0
2026.01.26 09:45:00;VETO;signal rejected: regime: chop ADX 17.8 < 22.0
2026.01.26 11:45:00;VETO;signal rejected: regime: chop ADX 19.0 < 22.0
2026.01.26 15:15:00;VETO;signal rejected: score 0.50 < 0.55 [CHoCH short lvl=1.18|RelVol=1.51|Retest@1.18|VPnear|VWAPside]
2026.01.26 16:45:00;DECISION;setup LONG score=0.85 entry=1.19 inv=1.18 tgt=0.00 AWAIT-RETEST [CHoCH long lvl=1.19|RelVol=1.14|Retest@1.19|VPnode d=0.00|VWAPside|CycleTurn w=0.79<-0.12]
2026.01.26 21:30:00;DECISION;setup SHORT score=0.55 entry=1.19 inv=1.19 tgt=0.00 AWAIT-RETEST [CHoCH short lvl=1.19|RelVol=1.87|Retest@1.19|VPnode d=0.00]
2026.01.26 21:45:00;VETO;authorization denied: outside session window (server hour 21, window 13-21)
2026.01.26 22:00:00;VETO;authorization denied: outside session window (server hour 22, window 13-21)
2026.01.26 22:15:00;VETO;authorization denied: outside session window (server hour 22, window 13-21)
2026.01.26 22:30:00;VETO;authorization denied: outside session window (server hour 22, window 13-21)
2026.01.27 02:00:00;VETO;signal rejected: regime: chop ADX 20.1 < 22.0
2026.01.27 04:30:00;VETO;signal rejected: regime: chop ADX 18.1 < 22.0
2026.01.27 06:30:01;VETO;signal rejected: regime: chop ADX 21.8 < 22.0
2026.01.27 10:00:00;VETO;signal rejected: regime: chop ADX 17.7 < 22.0
2026.01.27 12:00:00;VETO;outlier bar masked, z=5.5
2026.01.27 13:15:00;DECISION;setup LONG score=0.75 entry=1.19 inv=1.19 tgt=0.00 [BOS long lvl=1.19|RelVol=1.41|VPnode d=0.00|VWAPside|ADX=43]
2026.01.27 13:15:00;DECISION;TP capped 0.00814 -> 0.00611 (3.0xATR)
2026.01.27 13:15:00;ORDER;filled BUY 0.15 lots sl=1.19 tp=1.20 [WT|BOS|0.75]
2026.01.27 13:15:00;RISK;sizing: vol_ratio=1.40 scalar=0.70 gap_buf=0.00048 eff_stop=0.00455
2026.01.27 13:15:00;ORDER;entry fill deal #23 BUY 0.15 @ 1.18909
2026.01.27 14:26:30;MANAGE;#23 SL 1.19 -> 1.19 breakeven
2026.01.27 14:26:30;MANAGE;#23 partial close 0.07 of 0.15 lots
2026.01.27 14:26:30;RISK;deal closed pnl=29.05 streak=0 lock=0
2026.01.27 14:26:30;MANAGE;#23 SL 1.19 -> 1.19 trail
2026.01.27 14:30:00;VETO;outlier bar masked, z=7.4
2026.01.27 14:31:10;RISK;deal closed pnl=17.84 streak=0 lock=0
2026.01.27 16:00:00;VETO;outlier bar masked, z=4.5
2026.01.27 16:45:00;VETO;outlier bar masked, z=5.6
2026.01.27 17:15:00;VETO;outlier bar masked, z=5.2
2026.01.27 18:45:00;VETO;signal rejected: score 0.50 < 0.55 [BOS long lvl=1.20|RelVol=2.00|Retest@1.20|VWAPside|ADX=56]
2026.01.27 19:45:00;VETO;outlier bar masked, z=4.4
2026.01.27 22:30:00;DECISION;setup LONG score=0.70 entry=1.20 inv=1.20 tgt=0.00 [BOS long lvl=1.20|RelVol=2.46|VWAPside|CycleTurn w=-1.00<--1.00|ADX=33]
2026.01.27 22:30:00;VETO;authorization denied: outside session window (server hour 22, window 13-21)
2026.01.27 22:45:00;VETO;authorization denied: outside session window (server hour 22, window 13-21)
2026.01.27 23:00:00;VETO;outlier bar masked, z=20.8
2026.01.27 23:15:00;VETO;outlier bar masked, z=3.7
2026.01.27 23:30:00;VETO;authorization denied: outside session window (server hour 23, window 13-21)
2026.01.27 23:45:00;VETO;authorization denied: outside session window (server hour 23, window 13-21)
2026.01.28 03:30:00;DECISION;setup SHORT score=0.65 entry=1.20 inv=1.20 tgt=0.00 AWAIT-RETEST [CHoCH short lvl=1.20|RelVol=2.29|Retest@1.20|VPnode d=0.00|VWAPside]
2026.01.28 03:45:00;VETO;authorization denied: outside session window (server hour 03, window 13-21)
2026.01.28 04:00:00;VETO;authorization denied: outside session window (server hour 04, window 13-21)
2026.01.28 04:15:00;VETO;authorization denied: outside session window (server hour 04, window 13-21)
2026.01.28 04:30:00;VETO;authorization denied: outside session window (server hour 04, window 13-21)
2026.01.28 07:15:00;DECISION;setup SHORT score=0.65 entry=1.20 inv=1.20 tgt=0.00 AWAIT-RETEST [BOS short lvl=1.20|RelVol=7.27|Retest@1.20|VPnode d=0.00|VWAPside]
2026.01.28 07:30:00;VETO;authorization denied: outside session window (server hour 07, window 13-21)
2026.01.28 07:45:00;VETO;authorization denied: outside session window (server hour 07, window 13-21)
2026.01.28 08:00:00;VETO;authorization denied: outside session window (server hour 08, window 13-21)
2026.01.28 08:15:00;VETO;authorization denied: outside session window (server hour 08, window 13-21)
2026.01.28 09:15:00;DECISION;setup LONG score=0.65 entry=1.20 inv=1.20 tgt=0.00 AWAIT-RETEST [CHoCH long lvl=1.20|RelVol=2.10|Retest@1.20|VPnode d=0.00|VWAPside]
2026.01.28 09:30:00;VETO;authorization denied: outside session window (server hour 09, window 13-21)
2026.01.28 09:45:00;VETO;authorization denied: outside session window (server hour 09, window 13-21)
2026.01.28 10:00:00;VETO;authorization denied: outside session window (server hour 10, window 13-21)
2026.01.28 10:15:00;VETO;authorization denied: outside session window (server hour 10, window 13-21)
2026.01.28 11:00:00;VETO;signal rejected: regime: chop ADX 18.4 < 22.0
2026.01.28 13:30:00;VETO;signal rejected: regime: chop ADX 16.3 < 22.0
2026.01.28 16:00:00;VETO;signal rejected: regime: chop ADX 22.0 < 22.0
2026.01.28 17:15:00;VETO;outlier bar masked, z=7.2
2026.01.28 20:45:00;VETO;signal rejected: regime: chop ADX 21.4 < 22.0
2026.01.28 21:15:00;VETO;outlier bar masked, z=5.5
2026.01.28 21:45:00;VETO;outlier bar masked, z=3.5
2026.01.28 22:30:00;DECISION;setup LONG score=0.60 entry=1.19 inv=1.19 tgt=0.00 AWAIT-RETEST [CHoCH long lvl=1.19|RelVol=2.74|Retest@1.19|VPnear|CycleTurn w=0.57<--0.42]
2026.01.28 22:45:00;VETO;authorization denied: outside session window (server hour 22, window 13-21)
2026.01.28 23:00:00;VETO;authorization denied: outside session window (server hour 23, window 13-21)
2026.01.28 23:15:00;VETO;authorization denied: outside session window (server hour 23, window 13-21)
2026.01.28 23:30:00;VETO;authorization denied: outside session window (server hour 23, window 13-21)
2026.01.29 06:00:00;DECISION;setup LONG score=0.75 entry=1.20 inv=1.20 tgt=0.00 [BOS long lvl=1.20|RelVol=1.49|VPnode d=0.00|VWAPside|ADX=36]
2026.01.29 06:00:00;VETO;authorization denied: outside session window (server hour 06, window 13-21)
2026.01.29 06:15:00;VETO;authorization denied: outside session window (server hour 06, window 13-21)
2026.01.29 06:30:00;VETO;authorization denied: outside session window (server hour 06, window 13-21)
2026.01.29 06:45:00;VETO;authorization denied: outside session window (server hour 06, window 13-21)
2026.01.29 09:45:00;VETO;signal rejected: regime: chop ADX 18.3 < 22.0
2026.01.29 15:00:00;DECISION;setup LONG score=0.75 entry=1.20 inv=1.19 tgt=0.00 AWAIT-RETEST [CHoCH long lvl=1.20|RelVol=1.78|Retest@1.20|VPnode d=0.00|CycleTurn w=-0.34<--0.86]
2026.01.29 15:45:00;DECISION;TP capped 0.00458 -> 0.00344 (3.0xATR)
2026.01.29 15:45:00;ORDER;filled BUY 0.37 lots sl=1.19 tp=1.20 [WT|CHOCH|0.75]
2026.01.29 15:45:00;RISK;sizing: vol_ratio=0.83 scalar=1.00 gap_buf=0.00045 eff_stop=0.00274
2026.01.29 15:45:00;ORDER;entry fill deal #26 BUY 0.37 @ 1.19649
2026.01.29 15:49:58;RISK;deal closed pnl=-84.73 streak=1 lock=0
2026.01.29 16:00:00;VETO;outlier bar masked, z=3.7
2026.01.29 17:15:00;VETO;outlier bar masked, z=4.3
2026.01.29 17:30:00;VETO;outlier bar masked, z=7.9
2026.01.29 17:45:00;VETO;outlier bar masked, z=4.2
2026.01.29 20:45:00;DECISION;setup LONG score=0.65 entry=1.20 inv=1.19 tgt=0.00 AWAIT-RETEST [CHoCH long lvl=1.20|RelVol=2.30|Retest@1.20|VPnode d=0.00|VWAPside]
2026.01.29 21:00:00;VETO;authorization denied: outside session window (server hour 21, window 13-21)
2026.01.29 21:15:00;VETO;authorization denied: outside session window (server hour 21, window 13-21)
2026.01.29 21:30:00;VETO;authorization denied: outside session window (server hour 21, window 13-21)
2026.01.29 21:45:00;VETO;authorization denied: outside session window (server hour 21, window 13-21)
2026.01.29 23:15:00;VETO;signal rejected: regime: chop ADX 20.2 < 22.0
2026.01.30 01:30:00;VETO;signal rejected: volume: relVol 0.76 < 1.00
2026.01.30 02:30:00;VETO;outlier bar masked, z=6.3
2026.01.30 03:30:00;VETO;outlier bar masked, z=4.6
2026.01.30 04:30:00;VETO;outlier bar masked, z=5.9
2026.01.30 10:00:00;VETO;signal rejected: regime: chop ADX 17.5 < 22.0
2026.01.30 12:00:00;DECISION;setup SHORT score=0.85 entry=1.19 inv=1.19 tgt=0.00 AWAIT-RETEST [CHoCH short lvl=1.19|RelVol=2.90|Retest@1.19|VPnode d=0.00|VWAPside|CycleTurn w=-0.40<-0.62]
2026.01.30 12:15:00;VETO;authorization denied: outside session window (server hour 12, window 13-21)
2026.01.30 12:30:00;VETO;authorization denied: outside session window (server hour 12, window 13-21)
2026.01.30 12:45:07;VETO;authorization denied: outside session window (server hour 12, window 13-21)
2026.01.30 13:00:00;DECISION;TP capped 0.00444 -> 0.00333 (3.0xATR)
2026.01.30 13:00:00;ORDER;filled SELL 0.37 lots sl=1.19 tp=1.19 [WT|CHOCH|0.85]
2026.01.30 13:00:00;RISK;sizing: vol_ratio=0.93 scalar=1.00 gap_buf=0.00050 eff_stop=0.00272
2026.01.30 13:00:00;ORDER;entry fill deal #28 SELL 0.37 @ 1.19209
2026.01.30 13:51:19;RISK;deal closed pnl=-82.88 streak=1 lock=0
2026.01.30 14:00:00;DECISION;setup LONG score=0.65 entry=1.19 inv=1.19 tgt=0.00 AWAIT-RETEST [CHoCH long lvl=1.19|RelVol=2.67|Retest@1.19|VPnode d=0.00|VWAPside]
2026.01.30 14:15:00;DECISION;TP capped 0.01080 -> 0.00810 (3.0xATR)
2026.01.30 14:15:00;ORDER;filled BUY 0.16 lots sl=1.19 tp=1.20 [WT|CHOCH|0.65]
2026.01.30 14:15:00;RISK;sizing: vol_ratio=0.96 scalar=1.00 gap_buf=0.00052 eff_stop=0.00592
2026.01.30 14:15:00;ORDER;entry fill deal #30 BUY 0.16 @ 1.19522
2026.01.30 17:01:26;RISK;deal closed pnl=-86.40 streak=2 lock=0
2026.01.30 17:15:00;DECISION;setup SHORT score=0.65 entry=1.19 inv=1.20 tgt=0.00 AWAIT-RETEST [CHoCH short lvl=1.19|RelVol=1.66|Retest@1.19|VPnode d=0.00|VWAPside]
2026.01.30 17:30:00;DECISION;TP capped 0.01180 -> 0.00885 (3.0xATR)
2026.01.30 17:30:00;ORDER;filled SELL 0.12 lots sl=1.20 tp=1.18 [WT|CHOCH|0.65]
2026.01.30 17:30:00;RISK;sizing: vol_ratio=1.19 scalar=0.86 gap_buf=0.00067 eff_stop=0.00657
2026.01.30 17:30:00;ORDER;entry fill deal #32 SELL 0.12 @ 1.18956
2026.01.30 23:00:00;DECISION;setup SHORT score=0.70 entry=1.19 inv=1.19 tgt=0.00 [BOS short lvl=1.19|RelVol=1.22|VWAPside|CycleTurn w=0.06<-0.75|ADX=61]
2026.01.30 23:00:00;VETO;authorization denied: outside session window (server hour 23, window 13-21)
2026.01.30 23:15:00;VETO;authorization denied: outside session window (server hour 23, window 13-21)
2026.01.30 23:30:00;VETO;authorization denied: outside session window (server hour 23, window 13-21)
2026.01.30 23:45:00;VETO;authorization denied: outside session window (server hour 23, window 13-21)
2026.02.02 02:15:00;VETO;outlier bar masked, z=3.6
2026.02.02 06:45:00;VETO;signal rejected: regime: chop ADX 20.5 < 22.0
2026.02.02 12:15:00;VETO;signal rejected: regime: chop ADX 19.6 < 22.0
2026.02.02 15:03:11;MANAGE;#32 SL 1.20 -> 1.19 breakeven
2026.02.02 15:03:11;MANAGE;#32 partial close 0.06 of 0.12 lots
2026.02.02 15:03:11;RISK;deal closed pnl=35.34 streak=0 lock=0
2026.02.02 15:03:11;MANAGE;#32 SL 1.19 -> 1.19 trail
2026.02.02 15:03:12;MANAGE;#32 SL 1.19 -> 1.19 trail
2026.02.02 15:14:15;MANAGE;#32 SL 1.19 -> 1.19 trail
2026.02.02 15:15:00;VETO;signal rejected: score 0.50 < 0.55 [CHoCH short lvl=1.18|RelVol=2.28|Retest@1.18|VPnear|VWAPside]
2026.02.02 15:19:08;MANAGE;#32 SL 1.19 -> 1.19 trail
2026.02.02 15:20:09;MANAGE;#32 SL 1.19 -> 1.18 trail
2026.02.02 15:30:25;MANAGE;#32 SL 1.18 -> 1.18 trail
2026.02.02 15:31:35;MANAGE;#32 SL 1.18 -> 1.18 trail
2026.02.02 15:31:58;MANAGE;#32 SL 1.18 -> 1.18 trail
2026.02.02 15:32:51;MANAGE;#32 SL 1.18 -> 1.18 trail
2026.02.02 15:32:52;MANAGE;#32 SL 1.18 -> 1.18 trail
2026.02.02 15:35:24;MANAGE;#32 SL 1.18 -> 1.18 trail
2026.02.02 15:35:25;MANAGE;#32 SL 1.18 -> 1.18 trail
2026.02.02 15:35:30;MANAGE;#32 SL 1.18 -> 1.18 trail
2026.02.02 15:36:00;MANAGE;#32 SL 1.18 -> 1.18 trail
2026.02.02 15:39:36;MANAGE;#32 SL 1.18 -> 1.18 trail
2026.02.02 15:58:38;MANAGE;#32 SL 1.18 -> 1.18 trail
2026.02.02 16:09:18;MANAGE;#32 SL 1.18 -> 1.18 trail
2026.02.02 16:09:20;MANAGE;#32 SL 1.18 -> 1.18 trail
2026.02.02 16:09:26;MANAGE;#32 SL 1.18 -> 1.18 trail
2026.02.02 16:09:46;MANAGE;#32 SL 1.18 -> 1.18 trail
2026.02.02 16:11:57;MANAGE;#32 SL 1.18 -> 1.18 trail
2026.02.02 16:13:05;MANAGE;#32 SL 1.18 -> 1.18 trail
2026.02.02 16:14:12;MANAGE;#32 SL 1.18 -> 1.18 trail
2026.02.02 16:14:12;MANAGE;#32 SL 1.18 -> 1.18 trail
2026.02.02 16:14:57;MANAGE;#32 SL 1.18 -> 1.18 trail
2026.02.02 16:19:31;RISK;deal closed pnl=53.10 streak=0 lock=0
2026.02.02 20:15:00;DECISION;setup SHORT score=0.70 entry=1.18 inv=1.18 tgt=0.00 [BOS short lvl=1.18|RelVol=1.88|VWAPside|CycleTurn w=0.95<-1.00|ADX=31]
2026.02.02 20:15:00;DECISION;TP capped 0.00592 -> 0.00444 (3.0xATR)
2026.02.02 20:15:00;ORDER;filled SELL 0.24 lots sl=1.18 tp=1.17 [WT|BOS|0.70]
2026.02.02 20:15:00;RISK;sizing: vol_ratio=1.18 scalar=0.86 gap_buf=0.00057 eff_stop=0.00353
2026.02.02 20:15:00;ORDER;entry fill deal #35 SELL 0.24 @ 1.17828
2026.02.02 23:15:01;VETO;signal rejected: volume: relVol 0.97 < 1.00
2026.02.03 01:30:00;VETO;signal rejected: regime: chop ADX 20.4 < 22.0
2026.02.03 03:35:44;RISK;deal closed pnl=-71.52 streak=1 lock=0
2026.02.03 05:00:00;VETO;signal rejected: volume: relVol 0.99 < 1.00
2026.02.03 09:15:00;VETO;signal rejected: regime: chop ADX 16.9 < 22.0
2026.02.03 10:30:00;VETO;signal rejected: regime: chop ADX 19.7 < 22.0
2026.02.03 11:45:00;VETO;signal rejected: regime: chop ADX 19.5 < 22.0
2026.02.03 17:30:00;VETO;signal rejected: regime: chop ADX 21.9 < 22.0
2026.02.04 01:30:00;VETO;signal rejected: regime: chop ADX 19.7 < 22.0
2026.02.04 03:30:00;VETO;signal rejected: regime: chop ADX 19.7 < 22.0
2026.02.04 07:00:00;VETO;signal rejected: score 0.40 < 0.55 [BOS long lvl=1.18|RelVol=1.06|VWAPside]
2026.02.04 09:00:00;VETO;signal rejected: regime: chop ADX 21.2 < 22.0
2026.02.04 11:45:00;VETO;signal rejected: regime: chop ADX 20.5 < 22.0
2026.02.04 15:30:00;VETO;outlier bar masked, z=3.6
2026.02.04 16:15:00;VETO;outlier bar masked, z=6.2
2026.02.04 17:30:00;VETO;outlier bar masked, z=4.0
2026.02.04 18:00:00;VETO;signal rejected: regime: chop ADX 19.6 < 22.0
2026.02.04 19:45:00;VETO;outlier bar masked, z=3.7
2026.02.05 02:00:00;VETO;signal rejected: volume: relVol 0.79 < 1.00
2026.02.05 04:15:00;VETO;signal rejected: regime: chop ADX 18.8 < 22.0
2026.02.05 09:15:00;VETO;signal rejected: volume: relVol 0.85 < 1.00
2026.02.05 12:00:00;VETO;signal rejected: volume: relVol 0.95 < 1.00
2026.02.05 16:00:00;VETO;signal rejected: score 0.50 < 0.55 [CHoCH long lvl=1.18|RelVol=1.34|Retest@1.18|VPnear|VWAPside]
2026.02.05 16:15:00;VETO;outlier bar masked, z=4.0
2026.02.05 17:30:00;VETO;outlier bar masked, z=3.5
2026.02.05 17:45:00;DECISION;setup SHORT score=0.85 entry=1.18 inv=1.18 tgt=0.00 AWAIT-RETEST [CHoCH short lvl=1.18|RelVol=1.29|Retest@1.18|VPnode d=0.00|VWAPside|CycleTurn w=-0.32<-0.69]
2026.02.05 18:00:00;DECISION;TP capped 0.00612 -> 0.00459 (3.0xATR)
2026.02.05 18:00:00;ORDER;filled SELL 0.09 lots sl=1.18 tp=1.17 [WT|CHOCH|0.85]
2026.02.05 18:00:00;RISK;sizing: vol_ratio=1.88 scalar=0.34 gap_buf=0.00065 eff_stop=0.00371
2026.02.05 18:00:00;ORDER;entry fill deal #37 SELL 0.09 @ 1.17911
2026.02.05 22:15:00;VETO;signal rejected: volume: relVol 0.87 < 1.00
2026.02.06 02:15:00;DECISION;setup SHORT score=0.65 entry=1.18 inv=1.18 tgt=0.00 [BOS short lvl=1.18|RelVol=1.13|VPnode d=0.00|VWAPside]
2026.02.06 02:15:00;VETO;authorization denied: outside session window (server hour 02, window 13-21)
2026.02.06 02:30:00;VETO;authorization denied: outside session window (server hour 02, window 13-21)
2026.02.06 02:45:00;VETO;authorization denied: outside session window (server hour 02, window 13-21)
2026.02.06 03:00:00;DECISION;setup LONG score=0.85 entry=1.18 inv=1.18 tgt=0.00 AWAIT-RETEST [CHoCH long lvl=1.18|RelVol=1.11|Retest@1.18|VPnode d=0.00|VWAPside|CycleTurn w=-0.08<--0.95]
2026.02.06 03:15:00;VETO;authorization denied: outside session window (server hour 03, window 13-21)
2026.02.06 03:30:00;VETO;authorization denied: outside session window (server hour 03, window 13-21)
2026.02.06 03:45:00;VETO;authorization denied: outside session window (server hour 03, window 13-21)
2026.02.06 04:00:00;VETO;authorization denied: outside session window (server hour 04, window 13-21)
2026.02.06 06:45:00;VETO;signal rejected: score 0.50 < 0.55 [BOS long lvl=1.18|RelVol=1.14|Retest@1.18|VPnear|VWAPside]
2026.02.06 09:15:00;VETO;signal rejected: volume: relVol 0.58 < 1.00
2026.02.06 15:30:00;VETO;signal rejected: volume: relVol 0.78 < 1.00
2026.02.06 16:37:36;RISK;deal closed pnl=-27.63 streak=1 lock=0
2026.02.06 16:45:00;VETO;outlier bar masked, z=3.6
2026.02.06 20:45:00;VETO;signal rejected: volume: relVol 0.78 < 1.00
2026.02.09 00:15:00;VETO;signal rejected: volume: relVol 0.80 < 1.00
2026.02.09 02:00:00;DECISION;setup LONG score=0.85 entry=1.18 inv=1.18 tgt=0.00 AWAIT-RETEST [CHoCH long lvl=1.18|RelVol=2.36|Retest@1.18|VPnode d=0.00|VWAPside|CycleTurn w=-0.84<--0.98]
2026.02.09 02:15:00;VETO;authorization denied: outside session window (server hour 02, window 13-21)
2026.02.09 02:30:00;VETO;authorization denied: outside session window (server hour 02, window 13-21)
2026.02.09 02:45:00;VETO;authorization denied: outside session window (server hour 02, window 13-21)
2026.02.09 03:00:00;VETO;authorization denied: outside session window (server hour 03, window 13-21)
2026.02.09 07:45:00;DECISION;setup LONG score=0.60 entry=1.18 inv=1.18 tgt=0.00 [BOS long lvl=1.18|RelVol=1.02|VPnear|VWAPside|ADX=39]
2026.02.09 07:45:00;VETO;authorization denied: outside session window (server hour 07, window 13-21)
2026.02.09 08:00:00;VETO;authorization denied: outside session window (server hour 08, window 13-21)
2026.02.09 08:15:00;VETO;outlier bar masked, z=6.6
2026.02.09 08:30:00;VETO;authorization denied: outside session window (server hour 08, window 13-21)
2026.02.09 08:45:00;VETO;authorization denied: outside session window (server hour 08, window 13-21)
2026.02.09 14:15:00;DECISION;setup LONG score=0.85 entry=1.19 inv=1.19 tgt=0.00 [BOS long lvl=1.19|RelVol=1.19|VPnode d=0.00|VWAPside|CycleTurn w=-0.88<--0.97]
2026.02.09 14:15:00;DECISION;TP capped 0.00394 -> 0.00296 (3.0xATR)
2026.02.09 14:15:00;ORDER;filled BUY 0.37 lots sl=1.19 tp=1.19 [WT|BOS|0.85]
2026.02.09 14:15:00;RISK;sizing: vol_ratio=1.16 scalar=0.88 gap_buf=0.00038 eff_stop=0.00235
2026.02.09 14:15:00;ORDER;entry fill deal #39 BUY 0.37 @ 1.18744
2026.02.09 15:20:30;MANAGE;#39 SL 1.19 -> 1.19 breakeven
2026.02.09 15:20:30;MANAGE;#39 partial close 0.18 of 0.37 lots
2026.02.09 15:20:30;RISK;deal closed pnl=35.46 streak=0 lock=0
2026.02.09 15:20:30;MANAGE;#39 SL 1.19 -> 1.19 trail
2026.02.09 15:24:24;MANAGE;#39 SL 1.19 -> 1.19 trail
2026.02.09 15:24:27;MANAGE;#39 SL 1.19 -> 1.19 trail
2026.02.09 15:24:28;MANAGE;#39 SL 1.19 -> 1.19 trail
2026.02.09 15:24:43;MANAGE;#39 SL 1.19 -> 1.19 trail
2026.02.09 15:25:00;MANAGE;#39 SL 1.19 -> 1.19 trail
2026.02.09 15:27:10;MANAGE;#39 SL 1.19 -> 1.19 trail
2026.02.09 15:27:13;MANAGE;#39 SL 1.19 -> 1.19 trail
2026.02.09 15:53:11;RISK;deal closed pnl=56.24 streak=0 lock=0
2026.02.09 18:30:00;VETO;signal rejected: volume: relVol 0.93 < 1.00
2026.02.09 21:45:00;VETO;signal rejected: volume: relVol 0.95 < 1.00
2026.02.10 01:30:00;VETO;signal rejected: regime: chop ADX 21.3 < 22.0
2026.02.10 05:15:00;DECISION;setup LONG score=0.65 entry=1.19 inv=1.19 tgt=0.00 AWAIT-RETEST [CHoCH long lvl=1.19|RelVol=1.03|Retest@1.19|VPnode d=0.00|VWAPside]
2026.02.10 05:30:00;VETO;authorization denied: outside session window (server hour 05, window 13-21)
2026.02.10 05:45:05;VETO;authorization denied: outside session window (server hour 05, window 13-21)
2026.02.10 06:00:00;VETO;authorization denied: outside session window (server hour 06, window 13-21)
2026.02.10 06:15:00;VETO;authorization denied: outside session window (server hour 06, window 13-21)
2026.02.10 10:45:00;VETO;signal rejected: regime: chop ADX 19.6 < 22.0
2026.02.10 15:00:00;VETO;signal rejected: score 0.50 < 0.55 [CHoCH short lvl=1.19|RelVol=1.61|Retest@1.19|VPnear|VWAPside]
2026.02.10 15:45:00;VETO;outlier bar masked, z=5.0
2026.02.10 16:15:00;VETO;signal rejected: volume: relVol 0.98 < 1.00
2026.02.10 18:00:00;VETO;outlier bar masked, z=5.5
2026.02.10 20:30:00;VETO;signal rejected: volume: relVol 0.89 < 1.00
2026.02.11 00:30:00;DECISION;setup SHORT score=0.75 entry=1.19 inv=1.19 tgt=0.00 [BOS short lvl=1.19|RelVol=1.34|VPnode d=0.00|VWAPside|ADX=31]
2026.02.11 00:30:00;VETO;authorization denied: outside session window (server hour 00, window 13-21)
2026.02.11 00:45:01;VETO;authorization denied: outside session window (server hour 00, window 13-21)
2026.02.11 01:00:00;VETO;authorization denied: outside session window (server hour 01, window 13-21)
2026.02.11 01:15:00;VETO;authorization denied: outside session window (server hour 01, window 13-21)
2026.02.11 02:15:00;VETO;signal rejected: volume: relVol 0.39 < 1.00
2026.02.11 04:30:00;VETO;signal rejected: volume: relVol 0.86 < 1.00
2026.02.11 06:30:00;DECISION;setup LONG score=0.60 entry=1.19 inv=1.19 tgt=0.00 [BOS long lvl=1.19|RelVol=1.01|VPnear|VWAPside|ADX=42]
2026.02.11 06:30:00;VETO;authorization denied: outside session window (server hour 06, window 13-21)
2026.02.11 06:45:00;VETO;authorization denied: outside session window (server hour 06, window 13-21)
2026.02.11 07:00:00;VETO;authorization denied: outside session window (server hour 07, window 13-21)
2026.02.11 07:15:00;VETO;authorization denied: outside session window (server hour 07, window 13-21)
2026.02.11 07:30:00;DECISION;setup LONG score=0.75 entry=1.19 inv=1.19 tgt=0.00 [BOS long lvl=1.19|RelVol=1.11|VPnode d=0.00|VWAPside|ADX=40]
2026.02.11 07:30:00;VETO;authorization denied: outside session window (server hour 07, window 13-21)
2026.02.11 07:45:00;VETO;authorization denied: outside session window (server hour 07, window 13-21)
2026.02.11 08:00:00;VETO;authorization denied: outside session window (server hour 08, window 13-21)
2026.02.11 08:15:00;VETO;authorization denied: outside session window (server hour 08, window 13-21)
2026.02.11 12:45:00;DECISION;setup LONG score=0.95 entry=1.19 inv=1.19 tgt=0.00 [BOS long lvl=1.19|RelVol=1.07|VPnode d=0.00|VWAPside|CycleTurn w=-0.74<--0.93|ADX=32]
2026.02.11 12:45:00;VETO;authorization denied: outside session window (server hour 12, window 13-21)
2026.02.11 13:00:00;DECISION;TP capped 0.00238 -> 0.00179 (3.0xATR)
2026.02.11 13:00:00;ORDER;filled BUY 0.68 lots sl=1.19 tp=1.19 [WT|BOS|0.95]
2026.02.11 13:00:00;RISK;sizing: vol_ratio=0.88 scalar=1.00 gap_buf=0.00027 eff_stop=0.00146
2026.02.11 13:00:00;ORDER;entry fill deal #42 BUY 0.68 @ 1.19219
2026.02.11 13:34:42;RISK;deal closed pnl=-80.92 streak=1 lock=0
2026.02.11 13:45:00;DECISION;setup SHORT score=0.85 entry=1.19 inv=1.19 tgt=0.00 AWAIT-RETEST [CHoCH short lvl=1.19|RelVol=1.34|Retest@1.19|VPnode d=0.00|VWAPside|CycleTurn w=-0.67<-0.01]
2026.02.11 14:00:00;DECISION;TP capped 0.00382 -> 0.00287 (3.0xATR)
2026.02.11 14:00:00;ORDER;filled SELL 0.44 lots sl=1.19 tp=1.19 [WT|CHOCH|0.85]
2026.02.11 14:00:00;RISK;sizing: vol_ratio=0.96 scalar=1.00 gap_buf=0.00030 eff_stop=0.00221
2026.02.11 14:00:00;ORDER;entry fill deal #44 SELL 0.44 @ 1.19081
2026.02.11 15:30:01;MANAGE;#44 SL 1.19 -> 1.19 breakeven
2026.02.11 15:30:01;MANAGE;#44 partial close 0.22 of 0.44 lots
2026.02.11 15:30:01;RISK;deal closed pnl=48.18 streak=0 lock=0
2026.02.11 15:30:01;MANAGE;#44 SL 1.19 -> 1.19 trail
2026.02.11 15:30:01;RISK;deal closed pnl=84.26 streak=0 lock=0
2026.02.11 15:45:00;VETO;outlier bar masked, z=25.5
2026.02.11 16:00:00;VETO;outlier bar masked, z=7.1
2026.02.11 16:15:00;VETO;outlier bar masked, z=7.8
2026.02.11 16:30:00;VETO;outlier bar masked, z=7.2
2026.02.11 18:00:00;VETO;outlier bar masked, z=4.1
2026.02.11 22:45:00;VETO;signal rejected: volume: relVol 0.64 < 1.00
2026.02.12 02:15:00;VETO;signal rejected: regime: chop ADX 21.4 < 22.0
2026.02.12 03:00:00;VETO;signal rejected: regime: chop ADX 17.9 < 22.0
2026.02.12 06:00:00;VETO;signal rejected: regime: chop ADX 18.8 < 22.0
2026.02.12 08:30:00;VETO;signal rejected: score 0.50 < 0.55 [BOS short lvl=1.19|RelVol=1.93|VWAPside|ADX=39]
2026.02.12 09:30:00;VETO;signal rejected: volume: relVol 0.94 < 1.00
2026.02.12 18:15:00;VETO;outlier bar masked, z=6.0
2026.02.12 18:30:00;VETO;signal rejected: regime: chop ADX 16.2 < 22.0
2026.02.12 20:30:00;VETO;signal rejected: score 0.50 < 0.55 [BOS short lvl=1.19|RelVol=1.29|VPnear|VWAPside]
2026.02.13 03:30:00;VETO;signal rejected: regime: chop ADX 17.2 < 22.0
2026.02.13 07:15:00;VETO;signal rejected: volume: relVol 1.00 < 1.00
2026.02.13 08:45:00;VETO;signal rejected: volume: relVol 0.99 < 1.00
2026.02.13 12:45:00;VETO;signal rejected: volume: relVol 0.69 < 1.00
2026.02.13 15:00:00;VETO;signal rejected: regime: chop ADX 21.6 < 22.0
2026.02.13 15:45:00;VETO;outlier bar masked, z=9.2
2026.02.13 16:00:00;VETO;outlier bar masked, z=6.4
2026.02.13 18:00:00;VETO;outlier bar masked, z=3.8
2026.02.13 19:15:00;VETO;outlier bar masked, z=3.7
2026.02.16 00:15:00;VETO;outlier bar masked, z=3.5
2026.02.16 02:15:00;VETO;signal rejected: volume: relVol 0.67 < 1.00
2026.02.16 08:45:00;VETO;signal rejected: volume: relVol 0.48 < 1.00
2026.02.16 10:30:00;VETO;outlier bar masked, z=3.5
2026.02.16 14:45:00;VETO;signal rejected: volume: relVol 0.48 < 1.00
2026.02.16 19:30:00;VETO;signal rejected: volume: relVol 0.31 < 1.00
2026.02.17 02:45:00;VETO;signal rejected: volume: relVol 0.75 < 1.00
2026.02.17 08:15:01;VETO;signal rejected: volume: relVol 0.69 < 1.00
2026.02.17 09:30:00;VETO;signal rejected: volume: relVol 0.72 < 1.00
2026.02.17 11:30:00;VETO;signal rejected: volume: relVol 0.66 < 1.00
2026.02.17 14:00:00;VETO;outlier bar masked, z=5.9
2026.02.17 15:45:00;VETO;signal rejected: volume: relVol 0.60 < 1.00
2026.02.17 16:00:00;VETO;outlier bar masked, z=4.7
2026.02.17 17:15:00;VETO;signal rejected: volume: relVol 0.82 < 1.00
2026.02.17 18:45:00;VETO;signal rejected: volume: relVol 0.97 < 1.00
2026.02.17 23:45:00;VETO;signal rejected: volume: relVol 0.61 < 1.00
2026.02.18 03:00:00;VETO;signal rejected: volume: relVol 0.67 < 1.00
2026.02.18 09:15:00;VETO;signal rejected: regime: chop ADX 19.6 < 22.0
2026.02.18 12:15:00;VETO;signal rejected: volume: relVol 0.72 < 1.00
2026.02.18 14:30:00;VETO;signal rejected: volume: relVol 0.72 < 1.00
2026.02.18 16:00:00;VETO;signal rejected: volume: relVol 0.70 < 1.00
2026.02.18 18:45:00;VETO;signal rejected: volume: relVol 0.72 < 1.00
2026.02.19 01:15:00;VETO;signal rejected: volume: relVol 0.64 < 1.00
2026.02.19 03:00:00;VETO;signal rejected: volume: relVol 0.63 < 1.00
2026.02.19 08:30:00;VETO;signal rejected: volume: relVol 0.80 < 1.00
2026.02.19 12:30:00;VETO;signal rejected: volume: relVol 0.93 < 1.00
2026.02.19 15:15:00;VETO;outlier bar masked, z=5.0
2026.02.19 16:15:00;VETO;outlier bar masked, z=4.8
2026.02.19 17:15:00;VETO;outlier bar masked, z=7.1
2026.02.19 23:45:00;VETO;signal rejected: volume: relVol 0.98 < 1.00
2026.02.20 01:45:00;VETO;signal rejected: volume: relVol 0.48 < 1.00
2026.02.20 03:15:00;VETO;signal rejected: volume: relVol 0.61 < 1.00
2026.02.20 05:00:00;VETO;signal rejected: volume: relVol 0.69 < 1.00
2026.02.20 07:00:00;VETO;signal rejected: volume: relVol 0.83 < 1.00
2026.02.20 09:15:00;VETO;signal rejected: regime: chop ADX 21.2 < 22.0
2026.02.20 10:00:00;VETO;signal rejected: regime: chop ADX 19.1 < 22.0
2026.02.20 11:15:00;VETO;signal rejected: regime: chop ADX 17.8 < 22.0
2026.02.20 15:30:00;VETO;signal rejected: regime: chop ADX 15.7 < 22.0
2026.02.20 15:45:00;VETO;outlier bar masked, z=7.3
2026.02.20 17:15:00;VETO;outlier bar masked, z=14.6
2026.02.20 17:30:00;VETO;outlier bar masked, z=4.6
2026.02.20 17:45:00;VETO;outlier bar masked, z=4.1
2026.02.20 18:00:00;VETO;outlier bar masked, z=3.7
2026.02.20 18:30:00;VETO;outlier bar masked, z=4.8
2026.02.20 20:45:00;VETO;outlier bar masked, z=4.1
2026.02.23 01:15:00;DECISION;setup LONG score=0.65 entry=1.18 inv=1.18 tgt=0.00 AWAIT-RETEST [BOS long lvl=1.18|RelVol=1.23|Retest@1.18|VPnode d=0.00|VWAPside]
2026.02.23 01:30:00;VETO;outlier bar masked, z=4.7
2026.02.23 05:15:00;VETO;signal rejected: volume: relVol 0.99 < 1.00
2026.02.23 07:15:00;VETO;signal rejected: regime: chop ADX 19.7 < 22.0
2026.02.23 08:30:00;VETO;signal rejected: volume: relVol 0.83 < 1.00
2026.02.23 10:45:01;VETO;signal rejected: regime: chop ADX 20.7 < 22.0
2026.02.23 13:15:00;VETO;signal rejected: volume: relVol 0.71 < 1.00
2026.02.23 21:45:00;VETO;signal rejected: regime: chop ADX 15.5 < 22.0
2026.02.24 03:15:00;VETO;signal rejected: volume: relVol 0.92 < 1.00
2026.02.24 06:30:00;VETO;signal rejected: volume: relVol 0.69 < 1.00
2026.02.24 10:30:00;VETO;signal rejected: regime: chop ADX 16.7 < 22.0
2026.02.24 16:15:00;VETO;signal rejected: volume: relVol 0.70 < 1.00
2026.02.24 18:15:00;VETO;outlier bar masked, z=4.0
2026.02.24 23:00:00;VETO;signal rejected: volume: relVol 0.51 < 1.00
2026.02.25 02:45:01;VETO;signal rejected: volume: relVol 0.79 < 1.00
2026.02.25 07:00:00;VETO;signal rejected: volume: relVol 0.91 < 1.00
2026.02.25 16:00:00;VETO;outlier bar masked, z=3.9
2026.02.25 17:15:00;VETO;outlier bar masked, z=5.1
2026.02.25 17:30:00;VETO;outlier bar masked, z=3.6
2026.02.25 19:15:00;VETO;signal rejected: volume: relVol 0.84 < 1.00
2026.02.25 23:45:00;VETO;signal rejected: volume: relVol 0.80 < 1.00
2026.02.26 01:45:00;VETO;signal rejected: volume: relVol 0.45 < 1.00
2026.02.26 09:15:00;VETO;outlier bar masked, z=3.8
2026.02.26 09:30:00;VETO;signal rejected: regime: chop ADX 16.5 < 22.0
2026.02.26 10:15:00;VETO;outlier bar masked, z=4.8
2026.02.26 14:30:00;VETO;signal rejected: volume: relVol 0.74 < 1.00
2026.02.26 15:45:00;VETO;outlier bar masked, z=3.9
2026.02.26 17:30:00;VETO;outlier bar masked, z=12.0
2026.02.26 17:45:00;VETO;outlier bar masked, z=5.4
2026.02.26 19:30:00;VETO;signal rejected: regime: chop ADX 17.7 < 22.0
2026.02.26 20:45:00;VETO;outlier bar masked, z=3.7
2026.02.27 02:30:00;VETO;signal rejected: volume: relVol 0.57 < 1.00
2026.02.27 04:00:00;DECISION;setup SHORT score=0.65 entry=1.18 inv=1.18 tgt=0.00 AWAIT-RETEST [CHoCH short lvl=1.18|RelVol=1.15|Retest@1.18|VPnode d=0.00|VWAPside]
2026.02.27 04:15:00;VETO;authorization denied: outside session window (server hour 04, window 13-21)
2026.02.27 04:30:00;VETO;authorization denied: outside session window (server hour 04, window 13-21)
2026.02.27 04:45:00;VETO;authorization denied: outside session window (server hour 04, window 13-21)
2026.02.27 05:00:00;VETO;authorization denied: outside session window (server hour 05, window 13-21)
2026.02.27 06:30:00;DECISION;setup LONG score=0.65 entry=1.18 inv=1.18 tgt=0.00 AWAIT-RETEST [CHoCH long lvl=1.18|RelVol=1.06|Retest@1.18|VPnode d=0.00|VWAPside]
2026.02.27 07:45:00;VETO;authorization denied: outside session window (server hour 07, window 13-21)
2026.02.27 08:00:00;VETO;authorization denied: outside session window (server hour 08, window 13-21)
2026.02.27 08:15:00;VETO;authorization denied: outside session window (server hour 08, window 13-21)
2026.02.27 08:30:00;VETO;authorization denied: outside session window (server hour 08, window 13-21)
2026.02.27 09:15:00;VETO;signal rejected: volume: relVol 0.68 < 1.00
2026.02.27 10:00:00;DECISION;setup LONG score=0.70 entry=1.18 inv=1.18 tgt=0.00 AWAIT-RETEST [CHoCH long lvl=1.18|RelVol=1.39|Retest@1.18|VPnear|VWAPside|CycleTurn w=-0.91<--0.99]
2026.02.27 10:15:00;VETO;authorization denied: outside session window (server hour 10, window 13-21)
2026.02.27 10:30:00;VETO;authorization denied: outside session window (server hour 10, window 13-21)
2026.02.27 10:45:00;VETO;authorization denied: outside session window (server hour 10, window 13-21)
2026.02.27 11:00:00;VETO;authorization denied: outside session window (server hour 11, window 13-21)
2026.02.27 12:00:00;DECISION;setup SHORT score=0.65 entry=1.18 inv=1.18 tgt=0.00 AWAIT-RETEST [CHoCH short lvl=1.18|RelVol=1.18|Retest@1.18|VPnode d=0.00|VWAPside]
2026.02.27 12:15:00;VETO;authorization denied: outside session window (server hour 12, window 13-21)
2026.02.27 12:30:00;VETO;authorization denied: outside session window (server hour 12, window 13-21)
2026.02.27 12:45:00;VETO;authorization denied: outside session window (server hour 12, window 13-21)
2026.02.27 13:00:00;DECISION;TP capped 0.00456 -> 0.00342 (3.0xATR)
2026.02.27 13:00:00;ORDER;filled SELL 0.33 lots sl=1.18 tp=1.18 [WT|CHOCH|0.65]
2026.02.27 13:00:00;RISK;sizing: vol_ratio=1.19 scalar=0.86 gap_buf=0.00032 eff_stop=0.00260
2026.02.27 13:00:00;ORDER;entry fill deal #47 SELL 0.33 @ 1.17988
2026.02.27 15:45:00;VETO;signal rejected: regime: chop ADX 20.3 < 22.0
2026.02.27 16:45:00;VETO;outlier bar masked, z=4.4
2026.02.27 17:00:00;VETO;outlier bar masked, z=5.6
2026.02.27 18:15:00;VETO;signal rejected: score 0.50 < 0.55 [BOS long lvl=1.18|RelVol=1.07|VPnear|VWAPside]
2026.02.27 18:31:33;RISK;deal closed pnl=-75.24 streak=1 lock=0
2026.03.02 00:15:00;VETO;outlier bar masked, z=18.7
2026.03.02 01:15:00;VETO;outlier bar masked, z=5.9
2026.03.02 01:30:00;VETO;outlier bar masked, z=4.8
2026.03.02 03:45:00;VETO;signal rejected: score 0.50 < 0.55 [CHoCH long lvl=1.18|RelVol=1.73|Retest@1.18|VPnear|VWAPside]
2026.03.02 07:15:00;DECISION;setup SHORT score=0.60 entry=1.18 inv=1.18 tgt=0.00 AWAIT-RETEST [CHoCH short lvl=1.18|RelVol=1.80|Retest@1.18|VPnear|CycleTurn w=0.77<-0.92]
2026.03.02 08:30:00;VETO;outlier bar masked, z=4.6
2026.03.02 11:15:00;VETO;outlier bar masked, z=3.8
2026.03.02 12:30:00;VETO;signal rejected: score 0.40 < 0.55 [CHoCH long lvl=1.17|RelVol=1.46|Retest@1.17|VPnear]
2026.03.02 18:00:00;DECISION;setup SHORT score=0.70 entry=1.17 inv=1.17 tgt=0.00 AWAIT-RETEST [CHoCH short lvl=1.17|RelVol=1.24|Retest@1.17|VPnear|VWAPside|CycleTurn w=0.67<-0.97]
2026.03.02 19:00:00;DECISION;TP capped 0.00686 -> 0.00515 (3.0xATR)
2026.03.02 19:00:00;ORDER;filled SELL 0.19 lots sl=1.17 tp=1.16 [WT|CHOCH|0.70]
2026.03.02 19:00:00;RISK;sizing: vol_ratio=1.29 scalar=0.79 gap_buf=0.00061 eff_stop=0.00404
2026.03.02 19:00:00;ORDER;entry fill deal #49 SELL 0.19 @ 1.16895
2026.03.02 21:30:00;VETO;signal rejected: regime: chop ADX 21.3 < 22.0
2026.03.02 22:15:00;VETO;outlier bar masked, z=5.3
2026.03.03 01:30:00;VETO;signal rejected: regime: chop ADX 20.5 < 22.0
2026.03.03 03:30:00;VETO;signal rejected: regime: chop ADX 19.7 < 22.0
2026.03.03 06:45:00;DECISION;setup SHORT score=0.65 entry=1.17 inv=1.17 tgt=0.00 AWAIT-RETEST [CHoCH short lvl=1.17|RelVol=1.36|Retest@1.17|VPnode d=0.00|VWAPside]
2026.03.03 07:00:00;VETO;authorization denied: outside session window (server hour 07, window 13-21)
2026.03.03 07:15:00;VETO;authorization denied: outside session window (server hour 07, window 13-21)
2026.03.03 07:30:00;VETO;authorization denied: outside session window (server hour 07, window 13-21)
2026.03.03 07:45:00;VETO;authorization denied: outside session window (server hour 07, window 13-21)
2026.03.03 09:30:00;VETO;signal rejected: score 0.50 < 0.55 [BOS short lvl=1.17|RelVol=1.73|VWAPside|ADX=55]
2026.03.03 09:30:51;MANAGE;#49 SL 1.17 -> 1.17 breakeven
2026.03.03 09:30:51;MANAGE;#49 partial close 0.09 of 0.19 lots
2026.03.03 09:30:51;RISK;deal closed pnl=30.87 streak=0 lock=0
2026.03.03 09:30:51;MANAGE;#49 SL 1.17 -> 1.17 trail
2026.03.03 09:32:57;MANAGE;#49 SL 1.17 -> 1.17 trail
2026.03.03 09:35:21;MANAGE;#49 SL 1.17 -> 1.17 trail
2026.03.03 09:35:39;MANAGE;#49 SL 1.17 -> 1.17 trail
2026.03.03 09:41:09;MANAGE;#49 SL 1.17 -> 1.17 trail
2026.03.03 09:41:21;MANAGE;#49 SL 1.17 -> 1.17 trail
2026.03.03 09:41:21;MANAGE;#49 SL 1.17 -> 1.17 trail
2026.03.03 09:41:30;MANAGE;#49 SL 1.17 -> 1.17 trail
2026.03.03 09:41:32;MANAGE;#49 SL 1.17 -> 1.17 trail
2026.03.03 09:58:16;MANAGE;#49 SL 1.17 -> 1.17 trail
2026.03.03 10:05:01;MANAGE;#49 SL 1.17 -> 1.17 trail
2026.03.03 10:06:04;MANAGE;#49 SL 1.17 -> 1.17 trail
2026.03.03 10:06:04;MANAGE;#49 SL 1.17 -> 1.17 trail
2026.03.03 10:06:04;RISK;deal closed pnl=51.40 streak=0 lock=0
2026.03.03 16:30:00;DECISION;setup SHORT score=0.95 entry=1.16 inv=1.16 tgt=0.00 [BOS short lvl=1.16|RelVol=1.89|VPnode d=0.00|VWAPside|CycleTurn w=0.87<-0.96|ADX=41]
2026.03.03 16:30:00;DECISION;TP capped 0.00798 -> 0.00598 (3.0xATR)
2026.03.03 16:30:00;ORDER;filled SELL 0.17 lots sl=1.16 tp=1.15 [WT|BOS|0.95]
2026.03.03 16:30:00;RISK;sizing: vol_ratio=1.28 scalar=0.79 gap_buf=0.00061 eff_stop=0.00460
2026.03.03 16:30:00;ORDER;entry fill deal #52 SELL 0.17 @ 1.15754
2026.03.03 17:15:00;VETO;outlier bar masked, z=4.6
2026.03.03 17:18:32;MANAGE;#52 SL 1.16 -> 1.16 breakeven
2026.03.03 17:18:32;MANAGE;#52 partial close 0.08 of 0.17 lots
2026.03.03 17:18:32;RISK;deal closed pnl=31.92 streak=0 lock=0
2026.03.03 17:18:32;MANAGE;#52 SL 1.16 -> 1.16 trail
2026.03.03 17:18:38;MANAGE;#52 SL 1.16 -> 1.16 trail
2026.03.03 17:18:38;MANAGE;#52 SL 1.16 -> 1.16 trail
2026.03.03 17:19:45;MANAGE;#52 SL 1.16 -> 1.16 trail
2026.03.03 17:20:10;MANAGE;#52 SL 1.16 -> 1.16 trail
2026.03.03 17:20:25;MANAGE;#52 SL 1.16 -> 1.16 trail
2026.03.03 17:30:00;VETO;outlier bar masked, z=3.7
2026.03.03 17:31:13;RISK;deal closed pnl=15.57 streak=0 lock=0
2026.03.03 17:45:00;VETO;outlier bar masked, z=5.3
2026.03.03 20:45:00;DECISION;setup LONG score=0.55 entry=1.16 inv=1.15 tgt=0.00 AWAIT-RETEST [CHoCH long lvl=1.16|RelVol=2.79|Retest@1.16|VPnode d=0.00]
2026.03.03 21:15:00;VETO;authorization denied: outside session window (server hour 21, window 13-21)
2026.03.03 21:30:00;VETO;authorization denied: outside session window (server hour 21, window 13-21)
2026.03.03 21:45:00;VETO;authorization denied: outside session window (server hour 21, window 13-21)
2026.03.03 22:00:00;VETO;authorization denied: outside session window (server hour 22, window 13-21)
2026.03.04 02:15:00;DECISION;setup SHORT score=0.65 entry=1.16 inv=1.16 tgt=0.00 AWAIT-RETEST [CHoCH short lvl=1.16|RelVol=2.07|Retest@1.16|VPnode d=0.00|VWAPside]
2026.03.04 02:30:00;VETO;authorization denied: outside session window (server hour 02, window 13-21)
2026.03.04 02:45:00;VETO;authorization denied: outside session window (server hour 02, window 13-21)
2026.03.04 03:00:00;VETO;authorization denied: outside session window (server hour 03, window 13-21)
2026.03.04 03:15:00;VETO;authorization denied: outside session window (server hour 03, window 13-21)
2026.03.04 06:00:00;DECISION;setup LONG score=0.65 entry=1.16 inv=1.16 tgt=0.00 AWAIT-RETEST [CHoCH long lvl=1.16|RelVol=1.83|Retest@1.16|VPnode d=0.00|VWAPside]
2026.03.04 06:30:00;VETO;authorization denied: outside session window (server hour 06, window 13-21)
2026.03.04 06:45:00;VETO;authorization denied: outside session window (server hour 06, window 13-21)
2026.03.04 07:00:00;VETO;authorization denied: outside session window (server hour 07, window 13-21)
2026.03.04 07:15:00;VETO;authorization denied: outside session window (server hour 07, window 13-21)
2026.03.04 08:45:00;DECISION;setup LONG score=0.70 entry=1.16 inv=1.16 tgt=0.00 [BOS long lvl=1.16|RelVol=1.75|VPnear|VWAPside|CycleTurn w=-0.17<--0.91]
2026.03.04 08:45:00;VETO;authorization denied: outside session window (server hour 08, window 13-21)
2026.03.04 09:00:00;VETO;authorization denied: outside session window (server hour 09, window 13-21)
2026.03.04 09:15:00;VETO;authorization denied: outside session window (server hour 09, window 13-21)
2026.03.04 09:30:00;VETO;authorization denied: outside session window (server hour 09, window 13-21)
2026.03.04 12:15:00;VETO;outlier bar masked, z=5.6
2026.03.04 17:00:00;VETO;signal rejected: regime: chop ADX 17.6 < 22.0
2026.03.04 19:45:00;VETO;signal rejected: regime: chop ADX 13.9 < 22.0
2026.03.05 02:30:00;VETO;signal rejected: regime: chop ADX 17.7 < 22.0
2026.03.05 04:00:00;VETO;signal rejected: regime: chop ADX 17.1 < 22.0
2026.03.05 10:30:00;DECISION;setup SHORT score=0.95 entry=1.16 inv=1.16 tgt=0.00 [BOS short lvl=1.16|RelVol=1.81|VPnode d=0.00|VWAPside|CycleTurn w=0.88<-0.99|ADX=30]
2026.03.05 10:30:00;VETO;authorization denied: outside session window (server hour 10, window 13-21)
2026.03.05 10:45:00;VETO;authorization denied: outside session window (server hour 10, window 13-21)
2026.03.05 11:00:00;VETO;authorization denied: outside session window (server hour 11, window 13-21)
2026.03.05 11:15:00;VETO;outlier bar masked, z=8.3
2026.03.05 15:45:00;VETO;signal rejected: regime: chop ADX 15.7 < 22.0
2026.03.05 17:30:00;VETO;outlier bar masked, z=3.9
2026.03.05 22:15:00;VETO;outlier bar masked, z=5.3
2026.03.06 02:30:00;VETO;signal rejected: regime: chop ADX 16.0 < 22.0
2026.03.06 08:00:00;VETO;signal rejected: score 0.50 < 0.55 [CHoCH short lvl=1.16|RelVol=1.87|Retest@1.16|VPnear|VWAPside]
2026.03.06 11:15:00;VETO;signal rejected: score 0.50 < 0.55 [BOS short lvl=1.16|RelVol=1.22|Retest@1.16|VPnear|VWAPside]
2026.03.06 13:45:00;VETO;signal rejected: score 0.50 < 0.55 [BOS short lvl=1.16|RelVol=1.69|VWAPside|ADX=54]
2026.03.06 15:45:00;VETO;outlier bar masked, z=4.4
2026.03.06 16:00:00;VETO;outlier bar masked, z=6.5
2026.03.06 18:30:00;DECISION;setup LONG score=0.75 entry=1.16 inv=1.15 tgt=0.00 [BOS long lvl=1.16|RelVol=1.97|VPnode d=0.00|VWAPside|ADX=38]
2026.03.06 18:30:00;DECISION;TP capped 0.01032 -> 0.00774 (3.0xATR)
2026.03.06 18:30:00;ORDER;filled BUY 0.06 lots sl=1.15 tp=1.17 [WT|BOS|0.75]
2026.03.06 18:30:00;RISK;sizing: vol_ratio=1.83 scalar=0.37 gap_buf=0.00088 eff_stop=0.00604
2026.03.06 18:30:00;ORDER;entry fill deal #55 BUY 0.06 @ 1.15976
2026.03.06 20:15:00;DECISION;setup LONG score=0.75 entry=1.16 inv=1.16 tgt=0.00 [BOS long lvl=1.16|RelVol=3.58|VPnode d=0.00|VWAPside|ADX=45]
2026.03.06 20:15:00;DECISION;TP capped 0.00882 -> 0.00662 (3.0xATR)
2026.03.06 20:15:00;VETO;risk veto: max positions
2026.03.06 23:15:00;DECISION;setup LONG score=0.85 entry=1.16 inv=1.16 tgt=0.00 [BOS long lvl=1.16|RelVol=3.01|VPnode d=0.00|VWAPside|CycleTurn w=-0.93<--0.96]
2026.03.06 23:15:00;VETO;authorization denied: outside session window (server hour 23, window 13-21)
2026.03.06 23:30:00;VETO;authorization denied: outside session window (server hour 23, window 13-21)
2026.03.06 23:45:00;VETO;authorization denied: outside session window (server hour 23, window 13-21)
2026.03.09 00:00:00;VETO;authorization denied: outside session window (server hour 00, window 13-21)
2026.03.09 00:00:01;RISK;deal closed pnl=-31.06 streak=1 lock=0
2026.03.09 00:15:00;VETO;outlier bar masked, z=15.4
2026.03.09 02:00:00;DECISION;setup SHORT score=0.75 entry=1.15 inv=1.16 tgt=0.00 [BOS short lvl=1.15|RelVol=3.23|VPnode d=0.00|VWAPside|ADX=39]
2026.03.09 02:00:00;VETO;authorization denied: outside session window (server hour 02, window 13-21)
2026.03.09 02:15:00;VETO;authorization denied: outside session window (server hour 02, window 13-21)
2026.03.09 02:30:00;VETO;authorization denied: outside session window (server hour 02, window 13-21)
2026.03.09 02:45:00;VETO;authorization denied: outside session window (server hour 02, window 13-21)
2026.03.09 07:15:00;DECISION;setup LONG score=0.65 entry=1.15 inv=1.15 tgt=0.00 AWAIT-RETEST [CHoCH long lvl=1.15|RelVol=3.10|Retest@1.15|VPnode d=0.00|VWAPside]
2026.03.09 07:30:00;VETO;outlier bar masked, z=5.4
2026.03.09 10:30:00;VETO;outlier bar masked, z=4.7
2026.03.09 11:45:00;VETO;outlier bar masked, z=3.9
2026.03.09 15:00:00;DECISION;setup SHORT score=0.75 entry=1.16 inv=1.16 tgt=0.00 [BOS short lvl=1.16|RelVol=1.98|StopFloored|VPnode d=0.00|CycleTurn w=0.59<-0.95]
2026.03.09 15:00:00;ORDER;filled SELL 0.43 lots sl=1.16 tp=1.15 [WT|BOS|0.75]
2026.03.09 15:00:00;RISK;sizing: vol_ratio=0.91 scalar=1.00 gap_buf=0.00060 eff_stop=0.00229
2026.03.09 15:00:00;ORDER;entry fill deal #57 SELL 0.43 @ 1.15532
2026.03.09 15:14:50;RISK;deal closed pnl=-72.24 streak=2 lock=0
2026.03.09 15:30:00;DECISION;setup LONG score=0.85 entry=1.16 inv=1.16 tgt=0.00 AWAIT-RETEST [CHoCH long lvl=1.16|RelVol=2.11|Retest@1.16|StopFloored|VPnode d=0.00|VWAPside|CycleTurn w=-0.26<--0.30]
2026.03.09 16:00:00;DECISION;TP capped 0.00435 -> 0.00339 (3.0xATR)
2026.03.09 16:00:00;ORDER;filled BUY 0.36 lots sl=1.16 tp=1.16 [WT|CHOCH|0.85]
2026.03.09 16:00:00;RISK;sizing: vol_ratio=0.84 scalar=1.00 gap_buf=0.00057 eff_stop=0.00274
2026.03.09 16:00:00;ORDER;entry fill deal #59 BUY 0.36 @ 1.15760
2026.03.09 16:06:38;RISK;deal closed pnl=-78.84 streak=3 lock=2
2026.03.09 16:15:00;VETO;outlier bar masked, z=5.2
2026.03.09 18:00:00;DECISION;setup LONG score=0.60 entry=1.16 inv=1.15 tgt=0.00 [BOS long lvl=1.16|RelVol=1.10|VPnear|VWAPside|ADX=36]
2026.03.09 18:00:00;VETO;authorization denied: global lock (LOSS_STREAK)
2026.03.09 18:15:00;VETO;authorization denied: global lock (LOSS_STREAK)
2026.03.09 18:30:00;VETO;authorization denied: global lock (LOSS_STREAK)
2026.03.09 18:45:00;VETO;authorization denied: global lock (LOSS_STREAK)
2026.03.09 21:30:00;VETO;outlier bar masked, z=7.5
2026.03.09 22:00:00;VETO;outlier bar masked, z=3.9
2026.03.09 23:00:00;VETO;signal rejected: score 0.50 < 0.55 [BOS long lvl=1.16|RelVol=1.80|VWAPside|ADX=41]
2026.03.10 00:15:00;DECISION;setup LONG score=0.75 entry=1.16 inv=1.16 tgt=0.00 AWAIT-RETEST [BOS long lvl=1.16|RelVol=6.65|Retest@1.16|VPnode d=0.00|VWAPside|ADX=52]
2026.03.10 00:30:00;VETO;authorization denied: outside session window (server hour 00, window 13-21)
2026.03.10 00:45:00;VETO;authorization denied: outside session window (server hour 00, window 13-21)
2026.03.10 01:00:00;VETO;authorization denied: outside session window (server hour 01, window 13-21)
2026.03.10 01:15:00;VETO;authorization denied: outside session window (server hour 01, window 13-21)
2026.03.10 05:30:00;VETO;signal rejected: regime: chop ADX 18.8 < 22.0
2026.03.10 08:15:00;DECISION;setup LONG score=0.85 entry=1.16 inv=1.16 tgt=0.00 AWAIT-RETEST [CHoCH long lvl=1.16|RelVol=1.29|Retest@1.16|VPnode d=0.00|VWAPside|CycleTurn w=0.75<--0.09]
2026.03.10 08:30:00;VETO;authorization denied: outside session window (server hour 08, window 13-21)
2026.03.10 08:45:00;VETO;authorization denied: outside session window (server hour 08, window 13-21)
2026.03.10 09:00:00;VETO;authorization denied: outside session window (server hour 09, window 13-21)
2026.03.10 09:15:00;VETO;authorization denied: outside session window (server hour 09, window 13-21)
2026.03.10 12:45:00;DECISION;setup SHORT score=0.55 entry=1.16 inv=1.17 tgt=0.00 AWAIT-RETEST [CHoCH short lvl=1.16|RelVol=2.63|Retest@1.16|VPnode d=0.00]
2026.03.10 13:15:00;ORDER;filled SELL 0.46 lots sl=1.17 tp=1.16 [WT|CHOCH|0.55]
2026.03.10 13:15:00;RISK;sizing: vol_ratio=1.12 scalar=0.91 gap_buf=0.00055 eff_stop=0.00195
2026.03.10 13:15:00;ORDER;entry fill deal #61 SELL 0.46 @ 1.16450
2026.03.10 14:05:14;MANAGE;#61 SL 1.17 -> 1.16 breakeven
2026.03.10 14:05:14;MANAGE;#61 partial close 0.23 of 0.46 lots
2026.03.10 14:05:14;RISK;deal closed pnl=32.20 streak=0 lock=0
2026.03.10 14:07:25;MANAGE;#61 SL 1.16 -> 1.16 trail
2026.03.10 14:07:26;MANAGE;#61 SL 1.16 -> 1.16 trail
2026.03.10 15:06:04;RISK;deal closed pnl=5.06 streak=0 lock=0
2026.03.10 17:45:00;VETO;signal rejected: volume: relVol 0.87 < 1.00
2026.03.10 19:30:00;DECISION;setup LONG score=0.65 entry=1.17 inv=1.16 tgt=0.00 [BOS long lvl=1.17|RelVol=2.13|VPnode d=0.00|VWAPside]
2026.03.10 19:30:00;DECISION;TP capped 0.00416 -> 0.00312 (3.0xATR)
2026.03.10 19:30:00;ORDER;filled BUY 0.36 lots sl=1.16 tp=1.17 [WT|BOS|0.65]
2026.03.10 19:30:00;RISK;sizing: vol_ratio=1.06 scalar=0.95 gap_buf=0.00050 eff_stop=0.00258
2026.03.10 19:30:00;ORDER;entry fill deal #64 BUY 0.36 @ 1.16597
2026.03.10 20:09:35;RISK;deal closed pnl=-74.88 streak=1 lock=0
2026.03.10 20:15:00;DECISION;setup SHORT score=0.70 entry=1.16 inv=1.17 tgt=0.00 AWAIT-RETEST [CHoCH short lvl=1.16|RelVol=2.10|Retest@1.16|VPnear|VWAPside|CycleTurn w=0.36<-0.95]
2026.03.10 20:30:00;DECISION;TP capped 0.00666 -> 0.00500 (3.0xATR)
2026.03.10 20:30:00;ORDER;filled SELL 0.21 lots sl=1.17 tp=1.16 [WT|CHOCH|0.70]
2026.03.10 20:30:00;RISK;sizing: vol_ratio=1.20 scalar=0.85 gap_buf=0.00058 eff_stop=0.00391
2026.03.10 20:30:00;ORDER;entry fill deal #66 SELL 0.21 @ 1.16340
2026.03.10 22:15:00;DECISION;setup SHORT score=0.75 entry=1.16 inv=1.17 tgt=0.00 [BOS short lvl=1.16|RelVol=1.02|VPnode d=0.00|VWAPside|ADX=39]
2026.03.10 22:15:00;VETO;authorization denied: outside session window (server hour 22, window 13-21)
2026.03.10 22:30:00;VETO;authorization denied: outside session window (server hour 22, window 13-21)
2026.03.10 22:45:00;VETO;authorization denied: outside session window (server hour 22, window 13-21)
2026.03.10 23:00:00;VETO;authorization denied: outside session window (server hour 23, window 13-21)
2026.03.11 00:45:00;DECISION;setup SHORT score=0.75 entry=1.16 inv=1.17 tgt=0.00 [BOS short lvl=1.16|RelVol=1.65|VPnode d=0.00|VWAPside|ADX=52]
2026.03.11 00:45:00;VETO;authorization denied: outside session window (server hour 00, window 13-21)
2026.03.11 01:00:00;VETO;authorization denied: outside session window (server hour 01, window 13-21)
2026.03.11 01:15:00;VETO;authorization denied: outside session window (server hour 01, window 13-21)
2026.03.11 01:30:00;VETO;authorization denied: outside session window (server hour 01, window 13-21)
2026.03.11 02:15:00;DECISION;setup LONG score=0.65 entry=1.16 inv=1.16 tgt=0.00 AWAIT-RETEST [CHoCH long lvl=1.16|RelVol=2.21|Retest@1.16|VPnode d=0.00|VWAPside]
2026.03.11 03:15:00;VETO;authorization denied: outside session window (server hour 03, window 13-21)
2026.03.11 03:30:00;VETO;authorization denied: outside session window (server hour 03, window 13-21)
2026.03.11 03:45:00;VETO;authorization denied: outside session window (server hour 03, window 13-21)
2026.03.11 04:00:00;VETO;authorization denied: outside session window (server hour 04, window 13-21)
2026.03.11 08:15:00;DECISION;setup LONG score=0.60 entry=1.16 inv=1.16 tgt=0.00 [BOS long lvl=1.16|RelVol=1.37|VPnear|VWAPside|ADX=47]
2026.03.11 08:15:00;VETO;authorization denied: outside session window (server hour 08, window 13-21)
2026.03.11 08:30:00;VETO;authorization denied: outside session window (server hour 08, window 13-21)
2026.03.11 08:45:00;VETO;authorization denied: outside session window (server hour 08, window 13-21)
2026.03.11 09:00:00;VETO;authorization denied: outside session window (server hour 09, window 13-21)
2026.03.11 09:15:00;DECISION;setup SHORT score=0.60 entry=1.16 inv=1.16 tgt=0.00 AWAIT-RETEST [CHoCH short lvl=1.16|RelVol=1.30|Retest@1.16|VPnear|CycleTurn w=0.74<-0.99]
2026.03.11 09:30:00;VETO;authorization denied: outside session window (server hour 09, window 13-21)
2026.03.11 09:45:00;VETO;authorization denied: outside session window (server hour 09, window 13-21)
2026.03.11 10:00:00;VETO;authorization denied: outside session window (server hour 10, window 13-21)
2026.03.11 10:15:00;VETO;authorization denied: outside session window (server hour 10, window 13-21)
2026.03.11 11:02:56;MANAGE;#66 SL 1.17 -> 1.16 breakeven
2026.03.11 11:02:56;MANAGE;#66 partial close 0.10 of 0.21 lots
2026.03.11 11:02:56;RISK;deal closed pnl=33.40 streak=0 lock=0
2026.03.11 11:02:56;MANAGE;#66 SL 1.16 -> 1.16 trail
2026.03.11 11:02:56;MANAGE;#66 SL 1.16 -> 1.16 trail
2026.03.11 11:03:15;MANAGE;#66 SL 1.16 -> 1.16 trail
2026.03.11 11:03:15;MANAGE;#66 SL 1.16 -> 1.16 trail
2026.03.11 11:03:20;MANAGE;#66 SL 1.16 -> 1.16 trail
2026.03.11 11:03:32;MANAGE;#66 SL 1.16 -> 1.16 trail
2026.03.11 11:03:36;MANAGE;#66 SL 1.16 -> 1.16 trail
2026.03.11 11:03:57;MANAGE;#66 SL 1.16 -> 1.16 trail
2026.03.11 11:04:03;MANAGE;#66 SL 1.16 -> 1.16 trail
2026.03.11 11:04:07;MANAGE;#66 SL 1.16 -> 1.16 trail
2026.03.11 11:15:00;VETO;outlier bar masked, z=3.7
2026.03.11 12:40:56;RISK;deal closed pnl=26.40 streak=0 lock=0
2026.03.11 15:00:00;VETO;signal rejected: score 0.50 < 0.55 [BOS short lvl=1.16|RelVol=2.73|Retest@1.16|VPnear|VWAPside]
2026.03.11 16:15:00;VETO;outlier bar masked, z=4.8
2026.03.11 17:15:00;VETO;signal rejected: volume: relVol 0.98 < 1.00
2026.03.11 22:45:00;VETO;signal rejected: regime: chop ADX 19.8 < 22.0
2026.03.12 00:30:00;VETO;signal rejected: regime: chop ADX 17.4 < 22.0
2026.03.12 11:45:00;VETO;signal rejected: regime: chop ADX 18.9 < 22.0
2026.03.12 14:15:00;VETO;signal rejected: regime: chop ADX 20.8 < 22.0
2026.03.12 15:30:00;VETO;outlier bar masked, z=4.2
2026.03.12 16:30:00;VETO;signal rejected: score 0.40 < 0.55 [BOS short lvl=1.15|RelVol=1.27|VWAPside]
2026.03.12 22:30:00;VETO;signal rejected: volume: relVol 0.82 < 1.00
2026.03.13 00:45:00;DECISION;setup LONG score=0.65 entry=1.15 inv=1.15 tgt=0.00 AWAIT-RETEST [CHoCH long lvl=1.15|RelVol=2.25|Retest@1.15|VPnode d=0.00|VWAPside]
2026.03.13 01:00:00;VETO;authorization denied: outside session window (server hour 01, window 13-21)
2026.03.13 01:15:00;VETO;authorization denied: outside session window (server hour 01, window 13-21)
2026.03.13 01:30:00;VETO;authorization denied: outside session window (server hour 01, window 13-21)
2026.03.13 01:45:00;VETO;authorization denied: outside session window (server hour 01, window 13-21)
2026.03.13 02:15:00;DECISION;setup LONG score=0.65 entry=1.15 inv=1.15 tgt=0.00 AWAIT-RETEST [BOS long lvl=1.15|RelVol=1.29|Retest@1.15|VPnode d=0.00|VWAPside]
2026.03.13 02:45:00;VETO;authorization denied: outside session window (server hour 02, window 13-21)
2026.03.13 03:00:00;VETO;authorization denied: outside session window (server hour 03, window 13-21)
2026.03.13 03:15:00;VETO;authorization denied: outside session window (server hour 03, window 13-21)
2026.03.13 03:30:00;VETO;authorization denied: outside session window (server hour 03, window 13-21)
2026.03.13 04:45:00;VETO;signal rejected: regime: chop ADX 20.2 < 22.0
2026.03.13 08:30:00;DECISION;setup SHORT score=0.60 entry=1.15 inv=1.15 tgt=0.00 AWAIT-RETEST [BOS short lvl=1.15|RelVol=1.50|Retest@1.15|VPnear|VWAPside|ADX=44]
2026.03.13 10:15:00;VETO;outlier bar masked, z=5.1
2026.03.13 13:00:00;VETO;outlier bar masked, z=4.0
2026.03.13 14:45:00;VETO;signal rejected: score 0.30 < 0.55 [CHoCH long lvl=1.15|RelVol=2.09|Retest@1.15]
2026.03.13 21:15:00;DECISION;setup SHORT score=0.85 entry=1.14 inv=1.14 tgt=0.00 AWAIT-RETEST [CHoCH short lvl=1.14|RelVol=1.03|Retest@1.14|VPnode d=0.00|VWAPside|CycleTurn w=0.02<-0.95]
2026.03.16 00:15:00;VETO;outlier bar masked, z=4.5
2026.03.16 02:15:00;VETO;signal rejected: score 0.50 < 0.55 [CHoCH long lvl=1.14|RelVol=1.71|Retest@1.14|VPnear|VWAPside]
2026.03.16 07:45:00;VETO;signal rejected: volume: relVol 0.98 < 1.00
2026.03.16 12:15:00;DECISION;setup LONG score=0.65 entry=1.15 inv=1.14 tgt=0.00 AWAIT-RETEST [CHoCH long lvl=1.15|RelVol=1.02|Retest@1.15|VPnode d=0.00|VWAPside]
2026.03.16 12:30:00;VETO;outlier bar masked, z=3.5
2026.03.16 13:45:00;VETO;signal rejected: score 0.50 < 0.55 [BOS long lvl=1.15|RelVol=1.22|VWAPside|ADX=46]
2026.03.16 15:45:00;VETO;signal rejected: volume: relVol 0.99 < 1.00
2026.03.16 18:30:00;DECISION;setup SHORT score=0.55 entry=1.15 inv=1.15 tgt=0.00 AWAIT-RETEST [CHoCH short lvl=1.15|RelVol=1.24|Retest@1.15|VPnode d=0.00]
2026.03.16 18:45:00;ORDER;filled SELL 0.50 lots sl=1.15 tp=1.15 [WT|CHOCH|0.55]
2026.03.16 18:45:00;RISK;sizing: vol_ratio=1.42 scalar=0.69 gap_buf=0.00055 eff_stop=0.00136
2026.03.16 18:45:00;ORDER;entry fill deal #69 SELL 0.50 @ 1.14920
2026.03.16 19:00:46;RISK;deal closed pnl=-40.50 streak=1 lock=0
2026.03.16 20:15:00;VETO;signal rejected: regime: chop ADX 20.4 < 22.0
2026.03.16 20:30:00;VETO;outlier bar masked, z=3.6
2026.03.17 00:30:00;VETO;signal rejected: volume: relVol 0.97 < 1.00
2026.03.17 02:15:00;VETO;signal rejected: volume: relVol 0.91 < 1.00
2026.03.17 04:45:00;VETO;signal rejected: volume: relVol 0.58 < 1.00
2026.03.17 07:45:00;VETO;signal rejected: regime: chop ADX 19.5 < 22.0
2026.03.17 10:45:00;VETO;outlier bar masked, z=4.2
2026.03.17 15:15:00;VETO;signal rejected: score 0.50 < 0.55 [BOS long lvl=1.15|RelVol=1.36|Retest@1.15|VPnear|VWAPside]
2026.03.17 20:00:00;VETO;signal rejected: regime: chop ADX 20.7 < 22.0
2026.03.18 00:15:01;VETO;signal rejected: regime: chop ADX 15.0 < 22.0
2026.03.18 02:45:00;VETO;signal rejected: regime: chop ADX 13.6 < 22.0
2026.03.18 06:30:00;VETO;signal rejected: regime: chop ADX 21.7 < 22.0
2026.03.18 09:45:00;VETO;signal rejected: volume: relVol 0.36 < 1.00
2026.03.18 13:15:00;VETO;signal rejected: volume: relVol 0.64 < 1.00
2026.03.18 13:30:00;VETO;outlier bar masked, z=5.6
2026.03.18 14:45:00;DECISION;setup SHORT score=0.60 entry=1.15 inv=1.16 tgt=0.00 AWAIT-RETEST [CHoCH short lvl=1.15|RelVol=1.61|Retest@1.15|VWAPside|CycleTurn w=-0.22<-0.80]
2026.03.18 15:00:00;DECISION;TP capped 0.00956 -> 0.00717 (3.0xATR)
2026.03.18 15:00:00;ORDER;filled SELL 0.09 lots sl=1.16 tp=1.14 [WT|CHOCH|0.60]
2026.03.18 15:00:00;RISK;sizing: vol_ratio=1.61 scalar=0.54 gap_buf=0.00057 eff_stop=0.00535
2026.03.18 15:00:00;ORDER;entry fill deal #71 SELL 0.09 @ 1.15074
2026.03.18 16:15:00;VETO;outlier bar masked, z=3.9
2026.03.18 20:45:00;VETO;outlier bar masked, z=4.2
2026.03.18 22:18:47;MANAGE;#71 SL 1.16 -> 1.15 breakeven
2026.03.18 22:18:47;MANAGE;#71 partial close 0.04 of 0.09 lots
2026.03.18 22:18:47;RISK;deal closed pnl=19.16 streak=0 lock=0
2026.03.18 22:18:47;MANAGE;#71 SL 1.15 -> 1.15 trail
2026.03.18 22:19:54;MANAGE;#71 SL 1.15 -> 1.15 trail
2026.03.18 22:23:26;MANAGE;#71 SL 1.15 -> 1.15 trail
2026.03.18 22:23:50;MANAGE;#71 SL 1.15 -> 1.15 trail
2026.03.18 22:24:24;MANAGE;#71 SL 1.15 -> 1.15 trail
2026.03.18 22:24:49;MANAGE;#71 SL 1.15 -> 1.15 trail
2026.03.18 22:24:55;MANAGE;#71 SL 1.15 -> 1.15 trail
2026.03.18 22:38:00;MANAGE;#71 SL 1.15 -> 1.15 trail
2026.03.18 23:24:27;RISK;deal closed pnl=17.75 streak=0 lock=0
2026.03.19 03:00:00;DECISION;setup LONG score=0.65 entry=1.15 inv=1.15 tgt=0.00 AWAIT-RETEST [CHoCH long lvl=1.15|RelVol=1.13|Retest@1.15|VPnode d=0.00|VWAPside]
2026.03.19 03:15:00;VETO;authorization denied: outside session window (server hour 03, window 13-21)
2026.03.19 03:30:00;VETO;authorization denied: outside session window (server hour 03, window 13-21)
2026.03.19 03:45:00;VETO;authorization denied: outside session window (server hour 03, window 13-21)
2026.03.19 04:00:00;VETO;authorization denied: outside session window (server hour 04, window 13-21)
2026.03.19 06:30:00;DECISION;setup SHORT score=0.70 entry=1.15 inv=1.15 tgt=0.00 AWAIT-RETEST [CHoCH short lvl=1.15|RelVol=1.26|Retest@1.15|VPnear|VWAPside|CycleTurn w=-0.36<-0.62]
2026.03.19 06:45:00;VETO;authorization denied: outside session window (server hour 06, window 13-21)
2026.03.19 07:00:00;VETO;authorization denied: outside session window (server hour 07, window 13-21)
2026.03.19 07:15:00;VETO;authorization denied: outside session window (server hour 07, window 13-21)
2026.03.19 07:30:00;VETO;authorization denied: outside session window (server hour 07, window 13-21)
2026.03.19 09:15:00;VETO;outlier bar masked, z=3.6
2026.03.19 09:45:00;VETO;signal rejected: volume: relVol 0.83 < 1.00
2026.03.19 11:30:00;VETO;outlier bar masked, z=3.5
2026.03.19 12:00:00;DECISION;setup LONG score=0.85 entry=1.15 inv=1.14 tgt=0.00 AWAIT-RETEST [CHoCH long lvl=1.15|RelVol=2.05|Retest@1.15|VPnode d=0.00|VWAPside|CycleTurn w=0.67<--0.33]
2026.03.19 12:15:00;VETO;authorization denied: outside session window (server hour 12, window 13-21)
2026.03.19 12:30:00;VETO;authorization denied: outside session window (server hour 12, window 13-21)
2026.03.19 12:45:00;VETO;authorization denied: outside session window (server hour 12, window 13-21)
2026.03.19 13:00:00;DECISION;TP capped 0.00628 -> 0.00471 (3.0xATR)
2026.03.19 13:00:00;ORDER;filled BUY 0.20 lots sl=1.14 tp=1.15 [WT|CHOCH|0.85]
2026.03.19 13:00:00;RISK;sizing: vol_ratio=1.31 scalar=0.77 gap_buf=0.00063 eff_stop=0.00377
2026.03.19 13:00:00;ORDER;entry fill deal #74 BUY 0.20 @ 1.14742
2026.03.19 14:30:00;VETO;signal rejected: regime: chop ADX 21.3 < 22.0
2026.03.19 14:45:00;VETO;outlier bar masked, z=4.2
2026.03.19 15:30:00;VETO;outlier bar masked, z=4.3
2026.03.19 15:53:39;MANAGE;#74 SL 1.14 -> 1.15 breakeven
2026.03.19 15:53:39;MANAGE;#74 partial close 0.10 of 0.20 lots
2026.03.19 15:53:39;RISK;deal closed pnl=31.50 streak=0 lock=0
2026.03.19 15:53:39;MANAGE;#74 SL 1.15 -> 1.15 trail
2026.03.19 15:53:40;MANAGE;#74 SL 1.15 -> 1.15 trail
2026.03.19 15:53:43;MANAGE;#74 SL 1.15 -> 1.15 trail
2026.03.19 15:54:22;MANAGE;#74 SL 1.15 -> 1.15 trail
2026.03.19 15:54:23;MANAGE;#74 SL 1.15 -> 1.15 trail
2026.03.19 15:54:23;MANAGE;#74 SL 1.15 -> 1.15 trail
2026.03.19 15:54:25;MANAGE;#74 SL 1.15 -> 1.15 trail
2026.03.19 15:54:27;MANAGE;#74 SL 1.15 -> 1.15 trail
2026.03.19 15:54:29;MANAGE;#74 SL 1.15 -> 1.15 trail
2026.03.19 15:54:30;MANAGE;#74 SL 1.15 -> 1.15 trail
2026.03.19 15:54:44;MANAGE;#74 SL 1.15 -> 1.15 trail
2026.03.19 15:54:55;MANAGE;#74 SL 1.15 -> 1.15 trail
2026.03.19 15:55:57;MANAGE;#74 SL 1.15 -> 1.15 trail
2026.03.19 15:55:59;MANAGE;#74 SL 1.15 -> 1.15 trail
2026.03.19 15:56:01;RISK;deal closed pnl=48.00 streak=0 lock=0
2026.03.19 16:00:00;VETO;outlier bar masked, z=9.4
2026.03.19 17:15:00;VETO;outlier bar masked, z=4.2
2026.03.19 17:30:00;VETO;outlier bar masked, z=3.9
2026.03.19 18:15:00;VETO;outlier bar masked, z=3.9
2026.03.19 19:15:00;VETO;signal rejected: score 0.40 < 0.55 [BOS long lvl=1.15|RelVol=1.06|VWAPside]
2026.03.19 21:00:00;VETO;outlier bar masked, z=5.0
2026.03.19 21:15:00;VETO;outlier bar masked, z=4.9
2026.03.19 21:30:00;VETO;outlier bar masked, z=4.3
2026.03.20 01:30:00;VETO;signal rejected: volume: relVol 0.86 < 1.00
2026.03.20 07:00:00;VETO;signal rejected: volume: relVol 0.53 < 1.00
2026.03.20 12:00:00;DECISION;setup SHORT score=0.85 entry=1.16 inv=1.16 tgt=0.00 AWAIT-RETEST [BOS short lvl=1.16|RelVol=1.07|Retest@1.16|VPnode d=0.00|VWAPside|CycleTurn w=-0.66<-0.30]
2026.03.20 12:45:00;VETO;authorization denied: outside session window (server hour 12, window 13-21)
2026.03.20 13:00:00;DECISION;TP capped 0.00418 -> 0.00313 (3.0xATR)
2026.03.20 13:00:00;ORDER;filled SELL 0.39 lots sl=1.16 tp=1.15 [WT|BOS|0.85]
2026.03.20 13:00:00;RISK;sizing: vol_ratio=0.88 scalar=1.00 gap_buf=0.00044 eff_stop=0.00253
2026.03.20 13:00:00;ORDER;entry fill deal #77 SELL 0.39 @ 1.15598
2026.03.20 13:42:24;RISK;deal closed pnl=-81.90 streak=1 lock=0
2026.03.20 16:30:00;VETO;signal rejected: score 0.50 < 0.55 [BOS short lvl=1.15|RelVol=1.30|Retest@1.15|VWAPside|ADX=38]
2026.03.20 19:30:00;VETO;signal rejected: regime: chop ADX 21.1 < 22.0
2026.03.20 20:30:00;VETO;outlier bar masked, z=3.9
2026.03.23 00:15:00;VETO;outlier bar masked, z=6.0
2026.03.23 07:30:00;VETO;signal rejected: volume: relVol 0.84 < 1.00
2026.03.23 11:30:00;VETO;signal rejected: volume: relVol 0.96 < 1.00
2026.03.23 13:15:00;VETO;outlier bar masked, z=26.8
2026.03.23 13:30:00;VETO;outlier bar masked, z=11.1
2026.03.23 13:45:00;VETO;outlier bar masked, z=5.7
2026.03.23 14:00:00;VETO;outlier bar masked, z=5.4
2026.03.23 14:45:00;VETO;outlier bar masked, z=6.6
2026.03.23 16:30:00;VETO;outlier bar masked, z=3.7
2026.03.24 02:00:00;VETO;signal rejected: regime: chop ADX 21.0 < 22.0
2026.03.24 03:45:00;DECISION;setup SHORT score=0.75 entry=1.16 inv=1.16 tgt=0.00 [BOS short lvl=1.16|RelVol=1.48|VPnode d=0.00|VWAPside|ADX=51]
2026.03.24 03:45:00;VETO;authorization denied: outside session window (server hour 03, window 13-21)
2026.03.24 04:00:00;VETO;authorization denied: outside session window (server hour 04, window 13-21)
2026.03.24 04:15:00;VETO;authorization denied: outside session window (server hour 04, window 13-21)
2026.03.24 04:30:00;VETO;authorization denied: outside session window (server hour 04, window 13-21)
2026.03.24 06:15:00;DECISION;setup SHORT score=0.75 entry=1.16 inv=1.16 tgt=0.00 [BOS short lvl=1.16|RelVol=1.29|VPnode d=0.00|VWAPside|ADX=39]
2026.03.24 06:15:00;VETO;authorization denied: outside session window (server hour 06, window 13-21)
2026.03.24 06:30:00;VETO;authorization denied: outside session window (server hour 06, window 13-21)
2026.03.24 06:45:00;VETO;authorization denied: outside session window (server hour 06, window 13-21)
2026.03.24 07:00:00;VETO;authorization denied: outside session window (server hour 07, window 13-21)
2026.03.24 09:00:00;VETO;signal rejected: regime: chop ADX 19.3 < 22.0
2026.03.24 15:15:00;DECISION;setup SHORT score=0.65 entry=1.16 inv=1.16 tgt=0.00 AWAIT-RETEST [CHoCH short lvl=1.16|RelVol=1.41|Retest@1.16|VPnode d=0.00|VWAPside]
2026.03.24 15:30:00;DECISION;TP capped 0.00604 -> 0.00453 (3.0xATR)
2026.03.24 15:30:00;ORDER;filled SELL 0.26 lots sl=1.16 tp=1.15 [WT|CHOCH|0.65]
2026.03.24 15:30:00;RISK;sizing: vol_ratio=1.03 scalar=0.98 gap_buf=0.00057 eff_stop=0.00359
2026.03.24 15:30:00;ORDER;entry fill deal #79 SELL 0.26 @ 1.15703
2026.03.24 16:52:13;RISK;deal closed pnl=-79.04 streak=1 lock=0
2026.03.24 19:15:00;VETO;outlier bar masked, z=4.1
2026.03.24 22:30:00;VETO;outlier bar masked, z=8.8
2026.03.25 02:15:00;VETO;signal rejected: score 0.50 < 0.55 [BOS long lvl=1.16|RelVol=1.29|VPnear|VWAPside]
2026.03.25 06:45:00;DECISION;setup SHORT score=0.65 entry=1.16 inv=1.16 tgt=0.00 AWAIT-RETEST [CHoCH short lvl=1.16|RelVol=1.02|Retest@1.16|VPnode d=0.00|VWAPside]
2026.03.25 07:00:00;VETO;authorization denied: outside session window (server hour 07, window 13-21)
2026.03.25 07:15:01;VETO;authorization denied: outside session window (server hour 07, window 13-21)
2026.03.25 07:30:00;VETO;authorization denied: outside session window (server hour 07, window 13-21)
2026.03.25 07:45:00;VETO;authorization denied: outside session window (server hour 07, window 13-21)
2026.03.25 13:30:00;VETO;signal rejected: regime: chop ADX 17.3 < 22.0
2026.03.25 14:30:00;VETO;outlier bar masked, z=4.7
2026.03.25 14:45:00;VETO;signal rejected: regime: chop ADX 14.4 < 22.0
2026.03.25 18:15:00;VETO;signal rejected: volume: relVol 0.85 < 1.00
2026.03.25 22:30:00;VETO;signal rejected: volume: relVol 0.26 < 1.00
2026.03.26 02:15:00;VETO;signal rejected: volume: relVol 0.50 < 1.00
2026.03.26 02:45:00;VETO;signal rejected: volume: relVol 0.51 < 1.00
2026.03.26 03:45:00;VETO;signal rejected: regime: chop ADX 21.4 < 22.0
2026.03.26 05:30:00;VETO;signal rejected: regime: chop ADX 16.3 < 22.0
2026.03.26 08:15:00;VETO;signal rejected: volume: relVol 0.63 < 1.00
2026.03.26 13:30:00;VETO;signal rejected: volume: relVol 0.56 < 1.00
2026.03.26 19:45:00;VETO;signal rejected: volume: relVol 0.60 < 1.00
2026.03.26 21:15:00;VETO;signal rejected: volume: relVol 0.57 < 1.00
2026.03.26 22:15:00;VETO;outlier bar masked, z=10.0
2026.03.26 22:30:00;VETO;outlier bar masked, z=3.7
2026.03.27 04:00:00;VETO;signal rejected: volume: relVol 0.80 < 1.00
2026.03.27 07:00:00;VETO;signal rejected: volume: relVol 0.77 < 1.00
2026.03.27 09:00:00;VETO;signal rejected: volume: relVol 0.65 < 1.00
2026.03.27 13:00:00;VETO;signal rejected: volume: relVol 0.65 < 1.00
2026.03.27 15:45:00;VETO;signal rejected: volume: relVol 0.79 < 1.00
2026.03.27 17:30:00;VETO;outlier bar masked, z=5.8
2026.03.27 18:00:00;VETO;outlier bar masked, z=6.0
2026.03.27 19:15:00;VETO;outlier bar masked, z=3.7
2026.03.30 00:15:00;VETO;signal rejected: regime: chop ADX 20.6 < 22.0
2026.03.30 01:30:00;DECISION;setup SHORT score=0.75 entry=1.15 inv=1.15 tgt=0.00 [BOS short lvl=1.15|RelVol=1.03|VPnode d=0.00|VWAPside|ADX=38]
2026.03.30 01:30:00;VETO;authorization denied: outside session window (server hour 01, window 13-21)
2026.03.30 01:45:00;VETO;authorization denied: outside session window (server hour 01, window 13-21)
2026.03.30 02:00:00;VETO;authorization denied: outside session window (server hour 02, window 13-21)
2026.03.30 02:15:00;VETO;authorization denied: outside session window (server hour 02, window 13-21)
2026.03.30 03:30:00;VETO;outlier bar masked, z=5.2
2026.03.30 06:15:00;DECISION;setup LONG score=0.65 entry=1.15 inv=1.15 tgt=0.00 AWAIT-RETEST [CHoCH long lvl=1.15|RelVol=1.20|Retest@1.15|VPnode d=0.00|VWAPside]
2026.03.30 07:00:00;VETO;authorization denied: outside session window (server hour 07, window 13-21)
2026.03.30 07:15:00;VETO;authorization denied: outside session window (server hour 07, window 13-21)
2026.03.30 07:30:00;VETO;signal rejected: volume: relVol 0.38 < 1.00
2026.03.30 07:30:00;VETO;authorization denied: outside session window (server hour 07, window 13-21)
2026.03.30 07:45:00;VETO;authorization denied: outside session window (server hour 07, window 13-21)
2026.03.30 10:15:00;VETO;signal rejected: regime: chop ADX 17.4 < 22.0
2026.03.30 15:00:00;VETO;signal rejected: volume: relVol 0.44 < 1.00
2026.03.30 16:45:00;VETO;signal rejected: volume: relVol 0.59 < 1.00
2026.03.30 18:15:00;VETO;outlier bar masked, z=5.1
2026.03.31 02:15:00;VETO;signal rejected: volume: relVol 0.45 < 1.00
2026.03.31 04:00:00;DECISION;setup LONG score=0.85 entry=1.15 inv=1.15 tgt=0.00 AWAIT-RETEST [CHoCH long lvl=1.15|RelVol=2.03|Retest@1.15|VPnode d=0.00|VWAPside|CycleTurn w=0.06<--0.95]
2026.03.31 06:30:00;VETO;signal rejected: regime: chop ADX 17.7 < 22.0
2026.03.31 08:15:00;VETO;signal rejected: volume: relVol 0.45 < 1.00
2026.03.31 14:00:00;VETO;signal rejected: regime: chop ADX 15.6 < 22.0
2026.03.31 14:30:00;VETO;outlier bar masked, z=5.2
2026.03.31 14:45:00;VETO;signal rejected: regime: chop ADX 13.5 < 22.0
2026.03.31 17:45:00;VETO;outlier bar masked, z=4.0
2026.03.31 19:45:00;VETO;outlier bar masked, z=7.7
2026.03.31 23:00:00;DECISION;setup LONG score=0.60 entry=1.16 inv=1.15 tgt=0.00 [BOS long lvl=1.16|RelVol=1.35|VWAPside|CycleTurn w=-0.99<--0.99]
2026.03.31 23:00:00;VETO;authorization denied: outside session window (server hour 23, window 13-21)
2026.03.31 23:15:00;VETO;authorization denied: outside session window (server hour 23, window 13-21)
2026.03.31 23:30:00;VETO;authorization denied: outside session window (server hour 23, window 13-21)
2026.03.31 23:45:00;VETO;authorization denied: outside session window (server hour 23, window 13-21)
2026.04.01 02:15:00;VETO;signal rejected: volume: relVol 0.25 < 1.00
2026.04.01 08:30:00;VETO;signal rejected: volume: relVol 0.62 < 1.00
2026.04.01 09:30:00;VETO;outlier bar masked, z=3.7
2026.04.01 15:45:00;VETO;signal rejected: volume: relVol 0.65 < 1.00
2026.04.01 21:00:00;VETO;signal rejected: regime: chop ADX 19.3 < 22.0
2026.04.02 01:15:00;VETO;signal rejected: volume: relVol 0.49 < 1.00
2026.04.02 04:00:00;VETO;signal rejected: regime: chop ADX 21.3 < 22.0
2026.04.02 04:15:00;VETO;outlier bar masked, z=4.3
2026.04.02 04:30:00;VETO;outlier bar masked, z=5.9
2026.04.02 13:15:00;VETO;signal rejected: volume: relVol 0.58 < 1.00
2026.04.02 17:45:00;VETO;outlier bar masked, z=8.4
2026.04.03 00:15:00;VETO;outlier bar masked, z=9.7
2026.04.03 03:45:00;VETO;signal rejected: volume: relVol 0.29 < 1.00
2026.04.03 08:00:00;VETO;signal rejected: volume: relVol 0.34 < 1.00
2026.04.03 09:00:00;VETO;signal rejected: volume: relVol 0.32 < 1.00
2026.04.03 15:45:00;VETO;outlier bar masked, z=8.6
2026.04.03 20:00:00;VETO;signal rejected: volume: relVol 0.47 < 1.00
2026.04.03 21:45:00;VETO;signal rejected: volume: relVol 0.38 < 1.00
2026.04.03 23:15:00;VETO;outlier bar masked, z=9.6
2026.04.06 00:00:00;VETO;signal rejected: score 0.40 < 0.55 [BOS short lvl=1.15|RelVol=1.09|ADX=33]
2026.04.06 00:15:00;VETO;outlier bar masked, z=5.9
2026.04.06 01:15:00;VETO;outlier bar masked, z=8.5
2026.04.06 04:15:00;VETO;signal rejected: regime: chop ADX 18.8 < 22.0
2026.04.06 05:15:00;VETO;outlier bar masked, z=7.9
2026.04.06 05:30:00;VETO;outlier bar masked, z=4.0
2026.04.06 10:00:00;VETO;outlier bar masked, z=6.9
2026.04.06 10:45:00;VETO;outlier bar masked, z=9.6
2026.04.06 11:00:00;VETO;outlier bar masked, z=7.9
2026.04.06 11:15:00;VETO;outlier bar masked, z=5.6
2026.04.06 13:00:00;VETO;outlier bar masked, z=5.9
2026.04.06 14:00:00;VETO;outlier bar masked, z=5.3
2026.04.06 17:15:00;VETO;outlier bar masked, z=4.4
2026.04.06 17:30:00;VETO;signal rejected: volume: relVol 0.78 < 1.00
2026.04.06 17:45:00;VETO;outlier bar masked, z=7.4
2026.04.06 18:00:00;VETO;outlier bar masked, z=8.4
2026.04.06 21:30:00;VETO;signal rejected: regime: chop ADX 18.0 < 22.0
2026.04.07 04:45:00;VETO;signal rejected: volume: relVol 0.81 < 1.00
2026.04.07 09:45:00;VETO;signal rejected: volume: relVol 0.71 < 1.00
2026.04.07 11:15:00;VETO;outlier bar masked, z=9.3
2026.04.07 13:30:00;VETO;outlier bar masked, z=4.8
2026.04.07 17:30:00;DECISION;setup LONG score=0.85 entry=1.16 inv=1.16 tgt=0.00 [BOS long lvl=1.16|RelVol=1.02|VPnode d=0.00|VWAPside|CycleTurn w=-0.89<--0.99]
2026.04.07 17:30:00;DECISION;TP capped 0.00352 -> 0.00277 (3.0xATR)
2026.04.07 17:30:00;ORDER;filled BUY 0.31 lots sl=1.16 tp=1.16 [WT|BOS|0.85]
2026.04.07 17:30:00;RISK;sizing: vol_ratio=1.38 scalar=0.71 gap_buf=0.00046 eff_stop=0.00222
2026.04.07 17:30:00;ORDER;entry fill deal #81 BUY 0.31 @ 1.15726
2026.04.07 21:30:00;VETO;signal rejected: volume: relVol 0.68 < 1.00
2026.04.07 22:20:21;MANAGE;#81 SL 1.16 -> 1.16 breakeven
2026.04.07 22:20:21;MANAGE;#81 partial close 0.15 of 0.31 lots
2026.04.07 22:20:21;RISK;deal closed pnl=26.40 streak=0 lock=0
2026.04.07 22:20:21;MANAGE;#81 SL 1.16 -> 1.16 trail
2026.04.07 22:30:00;DECISION;setup LONG score=0.65 entry=1.16 inv=1.16 tgt=0.00 [BOS long lvl=1.16|RelVol=2.89|VPnode d=0.00|VWAPside]
2026.04.07 22:30:00;VETO;authorization denied: outside session window (server hour 22, window 13-21)
2026.04.07 22:45:00;VETO;authorization denied: outside session window (server hour 22, window 13-21)
2026.04.07 22:45:47;MANAGE;#81 SL 1.16 -> 1.16 trail
2026.04.07 22:45:47;MANAGE;#81 SL 1.16 -> 1.16 trail
2026.04.07 22:45:48;MANAGE;#81 SL 1.16 -> 1.16 trail
2026.04.07 22:45:48;MANAGE;#81 SL 1.16 -> 1.16 trail
2026.04.07 22:45:48;MANAGE;#81 SL 1.16 -> 1.16 trail
2026.04.07 22:46:59;MANAGE;#81 SL 1.16 -> 1.16 trail
2026.04.07 22:47:22;MANAGE;#81 SL 1.16 -> 1.16 trail
2026.04.07 22:47:25;MANAGE;#81 SL 1.16 -> 1.16 trail
2026.04.07 22:47:42;RISK;deal closed pnl=44.64 streak=0 lock=0
2026.04.07 23:00:00;VETO;authorization denied: outside session window (server hour 23, window 13-21)
2026.04.07 23:15:00;VETO;authorization denied: outside session window (server hour 23, window 13-21)
2026.04.08 01:15:01;VETO;outlier bar masked, z=4.7
2026.04.08 01:45:00;VETO;outlier bar masked, z=17.1
2026.04.08 02:00:00;VETO;outlier bar masked, z=7.4
2026.04.08 02:30:00;VETO;outlier bar masked, z=4.0
2026.04.08 03:15:00;VETO;outlier bar masked, z=4.1
2026.04.08 08:30:00;DECISION;setup LONG score=0.85 entry=1.17 inv=1.17 tgt=0.00 [BOS long lvl=1.17|RelVol=1.45|VPnode d=0.00|VWAPside|CycleTurn w=-1.00<--1.00]
2026.04.08 08:30:00;VETO;authorization denied: outside session window (server hour 08, window 13-21)
2026.04.08 08:45:00;VETO;authorization denied: outside session window (server hour 08, window 13-21)
2026.04.08 09:00:00;VETO;outlier bar masked, z=4.2
2026.04.08 09:15:00;VETO;authorization denied: outside session window (server hour 09, window 13-21)
2026.04.08 09:30:00;VETO;outlier bar masked, z=3.6
2026.04.08 09:45:00;VETO;authorization denied: outside session window (server hour 09, window 13-21)
2026.04.08 11:45:00;DECISION;setup SHORT score=0.55 entry=1.17 inv=1.17 tgt=0.00 AWAIT-RETEST [CHoCH short lvl=1.17|RelVol=1.51|Retest@1.17|VPnode d=0.00]
2026.04.08 12:00:00;VETO;authorization denied: outside session window (server hour 12, window 13-21)
2026.04.08 12:15:00;VETO;authorization denied: outside session window (server hour 12, window 13-21)
2026.04.08 12:30:00;VETO;authorization denied: outside session window (server hour 12, window 13-21)
2026.04.08 12:45:00;VETO;authorization denied: outside session window (server hour 12, window 13-21)
2026.04.08 14:00:00;VETO;signal rejected: regime: chop ADX 17.7 < 22.0
2026.04.08 18:15:00;VETO;signal rejected: regime: chop ADX 20.4 < 22.0
2026.04.08 19:15:00;VETO;signal rejected: regime: chop ADX 17.1 < 22.0
2026.04.09 02:30:02;VETO;signal rejected: volume: relVol 0.34 < 1.00
2026.04.09 05:00:00;VETO;signal rejected: volume: relVol 0.81 < 1.00
2026.04.09 07:15:00;VETO;signal rejected: regime: chop ADX 17.3 < 22.0
2026.04.09 09:15:00;VETO;signal rejected: volume: relVol 0.72 < 1.00
2026.04.09 12:00:00;VETO;signal rejected: volume: relVol 0.74 < 1.00
2026.04.09 14:30:00;VETO;signal rejected: volume: relVol 0.42 < 1.00
2026.04.09 17:45:00;VETO;signal rejected: volume: relVol 0.66 < 1.00
2026.04.09 18:45:00;DECISION;setup LONG score=0.70 entry=1.17 inv=1.17 tgt=0.00 AWAIT-RETEST [CHoCH long lvl=1.17|RelVol=1.43|Retest@1.17|VPnear|VWAPside|CycleTurn w=-0.75<--0.98]
2026.04.09 19:00:00;DECISION;TP capped 0.00654 -> 0.00490 (3.0xATR)
2026.04.09 19:00:00;ORDER;filled BUY 0.16 lots sl=1.17 tp=1.18 [WT|CHOCH|0.70]
2026.04.09 19:00:00;RISK;sizing: vol_ratio=1.50 scalar=0.62 gap_buf=0.00050 eff_stop=0.00377
2026.04.09 19:00:00;ORDER;entry fill deal #84 BUY 0.16 @ 1.17055
2026.04.09 23:45:00;VETO;signal rejected: volume: relVol 0.81 < 1.00
2026.04.10 01:45:00;VETO;signal rejected: regime: chop ADX 16.7 < 22.0
2026.04.10 03:15:00;VETO;signal rejected: regime: chop ADX 19.8 < 22.0
2026.04.10 07:00:00;VETO;signal rejected: regime: chop ADX 20.4 < 22.0
2026.04.10 09:30:00;VETO;signal rejected: volume: relVol 0.57 < 1.00
2026.04.10 12:30:00;VETO;outlier bar masked, z=9.2
2026.04.10 16:00:00;VETO;signal rejected: volume: relVol 0.59 < 1.00
2026.04.10 18:23:20;MANAGE;#84 SL 1.17 -> 1.17 breakeven
2026.04.10 18:23:20;MANAGE;#84 partial close 0.08 of 0.16 lots
2026.04.10 18:23:20;RISK;deal closed pnl=26.18 streak=0 lock=0
2026.04.10 18:23:20;MANAGE;#84 SL 1.17 -> 1.17 trail
2026.04.10 18:24:23;MANAGE;#84 SL 1.17 -> 1.17 trail
2026.04.10 18:57:28;RISK;deal closed pnl=12.67 streak=0 lock=0
2026.04.10 19:45:00;VETO;signal rejected: volume: relVol 0.88 < 1.00
2026.04.13 00:15:00;VETO;outlier bar masked, z=25.8
2026.04.13 09:45:00;VETO;signal rejected: volume: relVol 0.97 < 1.00
2026.04.13 10:30:00;VETO;signal rejected: volume: relVol 0.66 < 1.00
2026.04.13 14:00:00;VETO;signal rejected: regime: chop ADX 16.5 < 22.0
2026.04.13 15:00:00;VETO;signal rejected: regime: chop ADX 19.1 < 22.0
2026.04.13 16:45:00;VETO;signal rejected: volume: relVol 0.55 < 1.00
2026.04.13 19:45:00;VETO;outlier bar masked, z=3.7
2026.04.13 21:45:00;VETO;outlier bar masked, z=3.6
2026.04.13 22:00:00;VETO;outlier bar masked, z=4.4
2026.04.14 03:00:00;VETO;signal rejected: volume: relVol 0.42 < 1.00
2026.04.14 05:00:00;VETO;signal rejected: volume: relVol 0.62 < 1.00
2026.04.14 10:00:00;DECISION;setup LONG score=0.85 entry=1.18 inv=1.18 tgt=0.00 AWAIT-RETEST [CHoCH long lvl=1.18|RelVol=1.05|Retest@1.18|VPnode d=0.00|VWAPside|CycleTurn w=-0.90<--1.00]
2026.04.14 10:15:00;VETO;outlier bar masked, z=6.5
2026.04.14 13:15:00;VETO;signal rejected: volume: relVol 0.65 < 1.00
2026.04.14 14:15:00;VETO;signal rejected: volume: relVol 0.56 < 1.00
2026.04.14 18:00:00;VETO;signal rejected: volume: relVol 0.63 < 1.00
2026.04.14 18:45:00;VETO;signal rejected: volume: relVol 0.83 < 1.00
2026.04.15 00:30:00;VETO;signal rejected: regime: chop ADX 17.3 < 22.0
2026.04.15 02:45:00;VETO;signal rejected: volume: relVol 0.92 < 1.00
2026.04.15 05:15:00;VETO;signal rejected: regime: chop ADX 20.3 < 22.0
2026.04.15 12:15:00;VETO;outlier bar masked, z=5.6
2026.04.15 16:00:00;VETO;outlier bar masked, z=3.9
2026.04.15 16:30:00;VETO;signal rejected: volume: relVol 0.54 < 1.00
2026.04.15 16:45:00;VETO;outlier bar masked, z=3.6
2026.04.15 20:45:00;VETO;signal rejected: volume: relVol 0.60 < 1.00
2026.04.16 02:15:00;VETO;signal rejected: volume: relVol 0.44 < 1.00
2026.04.16 04:45:00;VETO;signal rejected: volume: relVol 0.66 < 1.00
2026.04.16 05:45:00;VETO;outlier bar masked, z=3.6
2026.04.16 11:00:00;VETO;signal rejected: volume: relVol 0.68 < 1.00
2026.04.16 13:30:00;VETO;signal rejected: volume: relVol 0.43 < 1.00
2026.04.16 17:00:00;VETO;signal rejected: volume: relVol 0.96 < 1.00
2026.04.16 19:15:00;VETO;signal rejected: volume: relVol 0.62 < 1.00
2026.04.16 22:15:00;VETO;signal rejected: volume: relVol 0.55 < 1.00
2026.04.17 01:15:00;VETO;signal rejected: regime: chop ADX 19.7 < 22.0
2026.04.17 04:30:00;VETO;signal rejected: volume: relVol 0.50 < 1.00
2026.04.17 05:15:00;VETO;signal rejected: volume: relVol 0.50 < 1.00
2026.04.17 09:15:00;VETO;signal rejected: regime: chop ADX 16.7 < 22.0
2026.04.17 11:45:00;VETO;signal rejected: volume: relVol 0.96 < 1.00
2026.04.17 15:30:00;VETO;outlier bar masked, z=4.1
2026.04.17 16:00:00;VETO;outlier bar masked, z=13.4
2026.04.17 16:15:00;VETO;outlier bar masked, z=7.4
2026.04.17 16:30:00;VETO;outlier bar masked, z=6.6
2026.04.17 16:45:00;VETO;outlier bar masked, z=4.0
2026.04.17 17:00:00;VETO;outlier bar masked, z=4.3
2026.04.17 17:15:00;VETO;outlier bar masked, z=5.9
2026.04.17 17:30:00;VETO;outlier bar masked, z=4.1
2026.04.17 17:45:00;VETO;outlier bar masked, z=5.1
2026.04.17 18:00:00;VETO;outlier bar masked, z=4.7
2026.04.17 18:30:00;VETO;outlier bar masked, z=4.7
2026.04.17 20:15:00;VETO;outlier bar masked, z=4.9
2026.04.17 22:00:00;VETO;outlier bar masked, z=4.4
2026.04.20 00:15:00;VETO;outlier bar masked, z=7.9
2026.04.20 08:45:00;VETO;signal rejected: regime: chop ADX 20.9 < 22.0
2026.04.20 10:00:00;DECISION;setup LONG score=0.85 entry=1.18 inv=1.18 tgt=0.00 AWAIT-RETEST [CHoCH long lvl=1.18|RelVol=1.36|Retest@1.18|VPnode d=0.00|VWAPside|CycleTurn w=-0.48<--0.97]
2026.04.20 10:15:00;VETO;authorization denied: outside session window (server hour 10, window 13-21)
2026.04.20 10:30:00;VETO;authorization denied: outside session window (server hour 10, window 13-21)
2026.04.20 10:45:00;VETO;authorization denied: outside session window (server hour 10, window 13-21)
2026.04.20 11:00:00;VETO;authorization denied: outside session window (server hour 11, window 13-21)
2026.04.20 14:15:00;VETO;signal rejected: regime: chop ADX 19.3 < 22.0
2026.04.20 16:45:00;VETO;signal rejected: volume: relVol 0.86 < 1.00
2026.04.20 18:30:00;VETO;signal rejected: regime: chop ADX 19.3 < 22.0
2026.04.20 22:00:00;VETO;signal rejected: regime: chop ADX 20.7 < 22.0
2026.04.21 02:00:00;VETO;signal rejected: regime: chop ADX 16.0 < 22.0
2026.04.21 05:30:00;VETO;signal rejected: volume: relVol 0.75 < 1.00
2026.04.21 10:45:00;VETO;signal rejected: volume: relVol 0.68 < 1.00
2026.04.21 17:45:00;VETO;outlier bar masked, z=4.4
2026.04.21 18:00:00;VETO;outlier bar masked, z=8.6
2026.04.21 18:30:00;VETO;outlier bar masked, z=4.6
2026.04.21 20:15:00;VETO;outlier bar masked, z=7.9
2026.04.21 20:30:00;VETO;outlier bar masked, z=3.9
2026.04.21 20:45:00;VETO;outlier bar masked, z=13.5
2026.04.21 21:00:00;VETO;outlier bar masked, z=7.7
2026.04.21 21:30:00;VETO;outlier bar masked, z=3.5
2026.04.21 22:00:00;VETO;outlier bar masked, z=3.5
2026.04.21 22:45:00;VETO;outlier bar masked, z=11.8
2026.04.21 23:15:00;VETO;outlier bar masked, z=10.4
2026.04.22 00:15:00;VETO;outlier bar masked, z=3.8
2026.04.22 08:30:00;VETO;outlier bar masked, z=5.5
2026.04.22 11:00:00;VETO;signal rejected: regime: chop ADX 13.6 < 22.0
2026.04.22 13:15:00;VETO;signal rejected: regime: chop ADX 18.3 < 22.0
2026.04.22 14:45:00;VETO;signal rejected: volume: relVol 0.95 < 1.00
2026.04.22 18:00:00;VETO;signal rejected: volume: relVol 0.79 < 1.00
2026.04.22 21:30:00;VETO;signal rejected: volume: relVol 0.54 < 1.00
2026.04.23 03:15:00;DECISION;setup SHORT score=0.85 entry=1.17 inv=1.17 tgt=0.00 AWAIT-RETEST [BOS short lvl=1.17|RelVol=1.13|Retest@1.17|VPnode d=0.00|VWAPside|CycleTurn w=0.99<-1.00]
2026.04.23 03:30:00;VETO;outlier bar masked, z=7.2
2026.04.23 12:30:00;VETO;signal rejected: volume: relVol 0.99 < 1.00
2026.04.23 15:00:00;VETO;outlier bar masked, z=4.6
2026.04.23 17:30:00;VETO;signal rejected: volume: relVol 0.96 < 1.00
2026.04.23 20:15:00;VETO;outlier bar masked, z=7.4
2026.04.23 20:30:00;DECISION;setup SHORT score=0.70 entry=1.17 inv=1.17 tgt=0.00 AWAIT-RETEST [CHoCH short lvl=1.17|RelVol=2.13|Retest@1.17|VPnear|VWAPside|CycleTurn w=-0.77<--0.61]
2026.04.23 20:45:00;VETO;outlier bar masked, z=5.4
2026.04.23 21:00:00;VETO;outlier bar masked, z=8.3
2026.04.23 21:15:00;VETO;authorization denied: outside session window (server hour 21, window 13-21)
2026.04.23 21:30:00;VETO;authorization denied: outside session window (server hour 21, window 13-21)
2026.04.23 21:45:00;VETO;authorization denied: outside session window (server hour 21, window 13-21)
2026.04.23 22:00:00;VETO;authorization denied: outside session window (server hour 22, window 13-21)
2026.04.24 03:15:00;VETO;signal rejected: volume: relVol 0.80 < 1.00
2026.04.24 05:30:00;VETO;signal rejected: regime: chop ADX 17.5 < 22.0
2026.04.24 10:45:00;VETO;signal rejected: regime: chop ADX 14.6 < 22.0
2026.04.24 13:30:00;VETO;signal rejected: volume: relVol 0.87 < 1.00
2026.04.27 00:15:00;VETO;outlier bar masked, z=12.6
2026.04.27 03:45:00;VETO;signal rejected: volume: relVol 0.54 < 1.00
2026.04.27 06:15:00;VETO;signal rejected: volume: relVol 0.99 < 1.00
2026.04.27 10:15:00;VETO;signal rejected: volume: relVol 0.75 < 1.00
2026.04.27 15:15:00;VETO;signal rejected: regime: chop ADX 18.6 < 22.0
2026.04.27 18:00:00;VETO;outlier bar masked, z=5.3
2026.04.27 18:15:00;VETO;signal rejected: volume: relVol 0.63 < 1.00
2026.04.28 03:15:00;VETO;signal rejected: regime: chop ADX 20.3 < 22.0
2026.04.28 04:00:00;VETO;signal rejected: regime: chop ADX 16.0 < 22.0
2026.04.28 08:45:01;VETO;signal rejected: regime: chop ADX 18.6 < 22.0
2026.04.28 10:00:00;VETO;outlier bar masked, z=4.4
2026.04.28 15:00:00;DECISION;setup SHORT score=0.65 entry=1.17 inv=1.17 tgt=0.00 [BOS short lvl=1.17|RelVol=1.43|VPnode d=0.00|VWAPside]
2026.04.28 15:00:00;DECISION;TP capped 0.00328 -> 0.00246 (3.0xATR)
2026.04.28 15:00:00;ORDER;filled SELL 0.43 lots sl=1.17 tp=1.17 [WT|BOS|0.65]
2026.04.28 15:00:00;RISK;sizing: vol_ratio=1.19 scalar=0.85 gap_buf=0.00032 eff_stop=0.00196
2026.04.28 15:00:00;ORDER;entry fill deal #87 SELL 0.43 @ 1.16829
2026.04.28 15:49:14;RISK;deal closed pnl=-70.95 streak=1 lock=0
2026.04.28 16:45:00;VETO;signal rejected: regime: chop ADX 14.7 < 22.0
2026.04.28 18:15:00;VETO;signal rejected: regime: chop ADX 14.1 < 22.0
2026.04.29 01:15:00;VETO;signal rejected: regime: chop ADX 17.4 < 22.0
2026.04.29 03:15:00;VETO;signal rejected: volume: relVol 0.40 < 1.00
2026.04.29 04:15:00;DECISION;setup SHORT score=0.85 entry=1.17 inv=1.17 tgt=0.00 AWAIT-RETEST [CHoCH short lvl=1.17|RelVol=1.16|Retest@1.17|VPnode d=0.00|VWAPside|CycleTurn w=-0.68<--0.25]
2026.04.29 04:30:00;VETO;authorization denied: outside session window (server hour 04, window 13-21)
2026.04.29 04:45:00;VETO;authorization denied: outside session window (server hour 04, window 13-21)
2026.04.29 05:00:00;VETO;authorization denied: outside session window (server hour 05, window 13-21)
2026.04.29 05:15:00;VETO;authorization denied: outside session window (server hour 05, window 13-21)
2026.04.29 07:00:00;VETO;signal rejected: volume: relVol 0.64 < 1.00
2026.04.29 08:15:00;VETO;signal rejected: volume: relVol 0.54 < 1.00
2026.04.29 10:15:00;VETO;signal rejected: volume: relVol 0.85 < 1.00
2026.04.29 11:15:00;DECISION;setup SHORT score=0.65 entry=1.17 inv=1.17 tgt=0.00 AWAIT-RETEST [CHoCH short lvl=1.17|RelVol=1.06|Retest@1.17|VPnode d=0.00|VWAPside]
2026.04.29 11:30:00;VETO;authorization denied: outside session window (server hour 11, window 13-21)
2026.04.29 11:45:00;VETO;authorization denied: outside session window (server hour 11, window 13-21)
2026.04.29 12:00:00;VETO;authorization denied: outside session window (server hour 12, window 13-21)
2026.04.29 12:15:00;VETO;authorization denied: outside session window (server hour 12, window 13-21)
2026.04.29 14:00:00;VETO;signal rejected: regime: chop ADX 15.1 < 22.0
2026.04.29 16:30:00;VETO;signal rejected: regime: chop ADX 17.0 < 22.0
2026.04.29 18:00:00;VETO;outlier bar masked, z=5.3
2026.04.29 19:00:00;VETO;outlier bar masked, z=5.3
2026.04.29 20:15:00;VETO;signal rejected: volume: relVol 0.71 < 1.00
2026.04.29 21:15:00;VETO;outlier bar masked, z=7.3
2026.04.29 21:45:00;VETO;outlier bar masked, z=7.1
2026.04.30 00:15:00;VETO;outlier bar masked, z=5.0
2026.04.30 02:30:00;VETO;signal rejected: regime: chop ADX 16.5 < 22.0
2026.04.30 07:30:00;VETO;signal rejected: score 0.50 < 0.55 [CHoCH short lvl=1.17|RelVol=1.76|Retest@1.17|VPnear|VWAPside]
2026.04.30 09:30:00;DECISION;setup LONG score=0.75 entry=1.17 inv=1.17 tgt=0.00 AWAIT-RETEST [CHoCH long lvl=1.17|RelVol=1.21|Retest@1.17|VPnode d=0.00|CycleTurn w=-0.16<--0.86]
2026.04.30 09:45:00;VETO;authorization denied: outside session window (server hour 09, window 13-21)
2026.04.30 10:00:00;VETO;authorization denied: outside session window (server hour 10, window 13-21)
2026.04.30 10:15:00;VETO;authorization denied: outside session window (server hour 10, window 13-21)
2026.04.30 10:30:00;VETO;authorization denied: outside session window (server hour 10, window 13-21)
2026.04.30 11:15:00;VETO;outlier bar masked, z=5.4
2026.04.30 13:30:00;VETO;outlier bar masked, z=5.0
2026.04.30 14:15:00;VETO;outlier bar masked, z=4.3
2026.04.30 15:00:00;VETO;outlier bar masked, z=3.5
2026.04.30 18:00:00;VETO;outlier bar masked, z=4.1
2026.04.30 21:45:00;VETO;signal rejected: volume: relVol 0.98 < 1.00
2026.05.01 03:15:00;VETO;signal rejected: regime: chop ADX 21.1 < 22.0
2026.05.01 06:15:00;VETO;signal rejected: regime: chop ADX 18.9 < 22.0
2026.05.01 07:30:00;VETO;signal rejected: regime: chop ADX 20.3 < 22.0
2026.05.01 10:00:00;VETO;outlier bar masked, z=4.6
2026.05.01 10:30:00;DECISION;setup LONG score=0.85 entry=1.17 inv=1.17 tgt=0.00 AWAIT-RETEST [CHoCH long lvl=1.17|RelVol=1.74|Retest@1.17|VPnode d=0.00|VWAPside|CycleTurn w=0.42<--0.59]
2026.05.01 10:45:00;VETO;authorization denied: outside session window (server hour 10, window 13-21)
2026.05.01 11:00:00;VETO;authorization denied: outside session window (server hour 11, window 13-21)
2026.05.01 11:15:00;VETO;authorization denied: outside session window (server hour 11, window 13-21)
2026.05.01 11:30:00;VETO;authorization denied: outside session window (server hour 11, window 13-21)
2026.05.01 14:15:00;VETO;signal rejected: regime: chop ADX 21.4 < 22.0
2026.05.01 17:00:00;VETO;outlier bar masked, z=4.5
2026.05.01 17:15:00;VETO;outlier bar masked, z=5.3
2026.05.01 20:00:00;VETO;signal rejected: score 0.50 < 0.55 [CHoCH short lvl=1.17|RelVol=1.12|Retest@1.17|VPnear|VWAPside]
2026.05.01 23:30:00;VETO;signal rejected: volume: relVol 0.77 < 1.00
2026.05.04 00:15:00;VETO;outlier bar masked, z=7.9
2026.05.04 02:45:00;VETO;signal rejected: volume: relVol 0.85 < 1.00
2026.05.04 07:00:00;VETO;signal rejected: score 0.50 < 0.55 [CHoCH long lvl=1.17|RelVol=6.24|Retest@1.17|VPnear|VWAPside]
2026.05.04 10:30:00;VETO;signal rejected: regime: chop ADX 18.4 < 22.0
2026.05.04 13:15:00;VETO;outlier bar masked, z=7.0
2026.05.04 13:30:00;VETO;outlier bar masked, z=3.8
2026.05.04 18:30:00;VETO;outlier bar masked, z=4.7
2026.05.04 19:15:00;VETO;outlier bar masked, z=3.7
2026.05.04 22:00:00;VETO;signal rejected: regime: chop ADX 18.1 < 22.0
2026.05.05 03:15:00;VETO;signal rejected: regime: chop ADX 20.2 < 22.0
2026.05.05 04:15:00;VETO;signal rejected: regime: chop ADX 17.0 < 22.0
2026.05.05 08:00:00;DECISION;setup SHORT score=0.65 entry=1.17 inv=1.17 tgt=0.00 AWAIT-RETEST [BOS short lvl=1.17|RelVol=1.43|Retest@1.17|VPnode d=0.00|VWAPside]
2026.05.05 08:30:00;VETO;authorization denied: outside session window (server hour 08, window 13-21)
2026.05.05 08:45:00;VETO;authorization denied: outside session window (server hour 08, window 13-21)
2026.05.05 09:00:00;VETO;authorization denied: outside session window (server hour 09, window 13-21)
2026.05.05 09:15:00;VETO;authorization denied: outside session window (server hour 09, window 13-21)
2026.05.05 10:15:00;VETO;signal rejected: regime: chop ADX 21.9 < 22.0
2026.05.05 16:15:00;VETO;signal rejected: regime: chop ADX 20.1 < 22.0
2026.05.05 18:15:00;VETO;signal rejected: volume: relVol 0.84 < 1.00
2026.05.05 22:30:00;VETO;signal rejected: regime: chop ADX 15.5 < 22.0
2026.05.06 02:00:00;VETO;outlier bar masked, z=4.7
2026.05.06 02:15:00;VETO;outlier bar masked, z=5.9
2026.05.06 07:30:00;VETO;signal rejected: regime: chop ADX 16.6 < 22.0
2026.05.06 11:45:00;VETO;signal rejected: regime: chop ADX 18.4 < 22.0
2026.05.06 12:00:00;VETO;outlier bar masked, z=7.0
2026.05.06 14:00:00;VETO;outlier bar masked, z=4.1
2026.05.06 15:15:00;VETO;outlier bar masked, z=3.8
2026.05.06 20:00:00;VETO;signal rejected: score 0.50 < 0.55 [CHoCH short lvl=1.17|RelVol=1.50|Retest@1.17|VPnear|VWAPside]
2026.05.07 03:15:00;VETO;signal rejected: regime: chop ADX 16.8 < 22.0
2026.05.07 04:30:00;VETO;signal rejected: regime: chop ADX 17.4 < 22.0
2026.05.07 09:45:00;VETO;signal rejected: regime: chop ADX 20.7 < 22.0
2026.05.07 10:15:00;VETO;outlier bar masked, z=4.5
2026.05.07 11:30:00;VETO;signal rejected: regime: chop ADX 20.4 < 22.0
2026.05.07 14:15:00;DECISION;setup SHORT score=0.75 entry=1.18 inv=1.18 tgt=0.00 AWAIT-RETEST [CHoCH short lvl=1.18|RelVol=1.04|Retest@1.18|VPnode d=0.00|CycleTurn w=0.01<-0.86]
2026.05.07 14:30:00;DECISION;TP capped 0.00282 -> 0.00211 (3.0xATR)
2026.05.07 14:30:00;ORDER;filled SELL 0.55 lots sl=1.18 tp=1.17 [WT|CHOCH|0.75]
2026.05.07 14:30:00;RISK;sizing: vol_ratio=1.04 scalar=0.97 gap_buf=0.00032 eff_stop=0.00173
2026.05.07 14:30:00;ORDER;entry fill deal #89 SELL 0.55 @ 1.17642
2026.05.07 15:52:02;RISK;deal closed pnl=-78.10 streak=1 lock=0
2026.05.07 19:15:00;VETO;signal rejected: regime: chop ADX 18.5 < 22.0
2026.05.07 20:30:00;VETO;outlier bar masked, z=3.5
2026.05.07 20:45:00;VETO;outlier bar masked, z=3.6
2026.05.07 23:00:00;VETO;signal rejected: score 0.50 < 0.55 [BOS short lvl=1.17|RelVol=1.81|VWAPside|ADX=50]
2026.05.08 03:15:00;DECISION;setup LONG score=0.65 entry=1.17 inv=1.17 tgt=0.00 AWAIT-RETEST [CHoCH long lvl=1.17|RelVol=1.24|Retest@1.17|VPnode d=0.00|VWAPside]
2026.05.08 03:30:00;VETO;authorization denied: outside session window (server hour 03, window 13-21)
2026.05.08 03:45:00;VETO;authorization denied: outside session window (server hour 03, window 13-21)
2026.05.08 04:00:00;VETO;authorization denied: outside session window (server hour 04, window 13-21)
2026.05.08 04:15:00;VETO;authorization denied: outside session window (server hour 04, window 13-21)
2026.05.08 08:00:00;VETO;signal rejected: regime: chop ADX 20.6 < 22.0
2026.05.08 11:30:00;DECISION;setup LONG score=0.60 entry=1.17 inv=1.17 tgt=0.00 AWAIT-RETEST [BOS long lvl=1.17|RelVol=1.04|Retest@1.17|StopFloored|VPnear|VWAPside|ADX=48]
2026.05.08 15:15:00;VETO;signal rejected: volume: relVol 0.85 < 1.00
2026.05.08 15:45:00;VETO;outlier bar masked, z=8.6
2026.05.08 21:15:00;VETO;signal rejected: regime: chop ADX 14.0 < 22.0
2026.05.08 22:30:00;VETO;signal rejected: regime: chop ADX 11.8 < 22.0
2026.05.11 00:15:00;VETO;outlier bar masked, z=19.8
2026.05.11 00:45:00;VETO;outlier bar masked, z=6.2
2026.05.11 06:00:00;DECISION;setup SHORT score=0.75 entry=1.18 inv=1.18 tgt=0.00 [BOS short lvl=1.18|RelVol=1.05|VPnode d=0.00|VWAPside|ADX=33]
2026.05.11 06:00:00;VETO;authorization denied: outside session window (server hour 06, window 13-21)
2026.05.11 06:15:00;VETO;authorization denied: outside session window (server hour 06, window 13-21)
2026.05.11 06:30:00;VETO;authorization denied: outside session window (server hour 06, window 13-21)
2026.05.11 06:45:00;VETO;authorization denied: outside session window (server hour 06, window 13-21)
2026.05.11 10:00:00;VETO;signal rejected: volume: relVol 0.71 < 1.00
2026.05.11 16:15:00;VETO;signal rejected: regime: chop ADX 19.4 < 22.0
2026.05.11 19:30:00;VETO;signal rejected: regime: chop ADX 18.0 < 22.0
2026.05.11 23:45:00;VETO;signal rejected: regime: chop ADX 21.4 < 22.0
2026.05.12 00:15:00;VETO;outlier bar masked, z=6.0
2026.05.12 04:00:00;DECISION;setup SHORT score=0.65 entry=1.18 inv=1.18 tgt=0.00 AWAIT-RETEST [CHoCH short lvl=1.18|RelVol=1.07|Retest@1.18|VPnode d=0.00|VWAPside]
2026.05.12 04:45:00;VETO;outlier bar masked, z=3.6
2026.05.12 06:30:00;VETO;signal rejected: volume: relVol 0.85 < 1.00
2026.05.12 08:15:00;DECISION;setup SHORT score=0.75 entry=1.18 inv=1.18 tgt=0.00 [BOS short lvl=1.18|RelVol=1.09|VPnode d=0.00|VWAPside|ADX=55]
2026.05.12 08:15:00;VETO;authorization denied: outside session window (server hour 08, window 13-21)
2026.05.12 08:30:00;VETO;authorization denied: outside session window (server hour 08, window 13-21)
2026.05.12 08:45:00;VETO;authorization denied: outside session window (server hour 08, window 13-21)
2026.05.12 09:00:00;VETO;outlier bar masked, z=5.5
2026.05.12 09:15:00;VETO;authorization denied: outside session window (server hour 09, window 13-21)
2026.05.12 10:00:00;VETO;signal rejected: volume: relVol 0.84 < 1.00
2026.05.12 17:00:00;VETO;outlier bar masked, z=3.6
2026.05.12 18:30:00;VETO;signal rejected: volume: relVol 0.91 < 1.00
2026.05.12 19:15:00;VETO;signal rejected: volume: relVol 0.98 < 1.00
2026.05.12 22:00:00;VETO;signal rejected: volume: relVol 0.58 < 1.00
2026.05.13 09:15:00;VETO;signal rejected: regime: chop ADX 17.1 < 22.0
2026.05.13 15:45:00;VETO;outlier bar masked, z=3.6
2026.05.13 18:45:00;VETO;signal rejected: regime: chop ADX 19.1 < 22.0
2026.05.14 00:15:02;VETO;outlier bar masked, z=3.5
2026.05.14 01:45:00;VETO;signal rejected: volume: relVol 0.60 < 1.00
2026.05.14 05:15:00;VETO;signal rejected: regime: chop ADX 16.8 < 22.0
2026.05.14 09:00:00;VETO;signal rejected: regime: chop ADX 16.7 < 22.0
2026.05.14 10:00:00;VETO;signal rejected: regime: chop ADX 16.2 < 22.0
2026.05.14 14:30:00;VETO;signal rejected: regime: chop ADX 16.4 < 22.0
2026.05.14 15:45:01;VETO;signal rejected: volume: relVol 0.64 < 1.00
2026.05.14 18:00:00;VETO;outlier bar masked, z=6.2
2026.05.14 23:15:00;VETO;signal rejected: volume: relVol 0.74 < 1.00
2026.05.15 02:15:00;VETO;signal rejected: regime: chop ADX 21.5 < 22.0
2026.05.15 08:00:00;DECISION;setup SHORT score=0.95 entry=1.16 inv=1.17 tgt=0.00 [BOS short lvl=1.16|RelVol=1.05|VPnode d=0.00|VWAPside|CycleTurn w=0.98<-1.00|ADX=41]
2026.05.15 08:00:00;VETO;authorization denied: outside session window (server hour 08, window 13-21)
2026.05.15 08:15:00;VETO;authorization denied: outside session window (server hour 08, window 13-21)
2026.05.15 08:30:00;VETO;authorization denied: outside session window (server hour 08, window 13-21)
2026.05.15 08:45:00;VETO;authorization denied: outside session window (server hour 08, window 13-21)
2026.05.15 09:00:00;VETO;outlier bar masked, z=4.2
2026.05.15 10:15:00;VETO;outlier bar masked, z=5.6
2026.05.15 12:15:00;VETO;outlier bar masked, z=5.1
2026.05.15 14:00:00;DECISION;setup LONG score=0.65 entry=1.17 inv=1.16 tgt=0.00 AWAIT-RETEST [CHoCH long lvl=1.16|RelVol=2.16|Retest@1.17|VPnode d=0.00|VWAPside]
2026.05.15 14:15:00;DECISION;TP capped 0.00594 -> 0.00445 (3.0xATR)
2026.05.15 14:15:00;ORDER;filled BUY 0.19 lots sl=1.16 tp=1.17 [WT|CHOCH|0.65]
2026.05.15 14:15:00;RISK;sizing: vol_ratio=1.42 scalar=0.68 gap_buf=0.00041 eff_stop=0.00338
2026.05.15 14:15:00;ORDER;entry fill deal #91 BUY 0.19 @ 1.16465
2026.05.15 21:32:11;RISK;deal closed pnl=-56.62 streak=1 lock=0
2026.05.18 00:15:00;VETO;outlier bar masked, z=4.0
2026.05.18 03:45:00;DECISION;setup SHORT score=0.65 entry=1.16 inv=1.16 tgt=0.00 AWAIT-RETEST [CHoCH short lvl=1.16|RelVol=1.60|Retest@1.16|VPnode d=0.00|VWAPside]
2026.05.18 04:00:00;VETO;authorization denied: outside session window (server hour 04, window 13-21)
2026.05.18 04:15:00;VETO;authorization denied: outside session window (server hour 04, window 13-21)
2026.05.18 04:30:00;VETO;authorization denied: outside session window (server hour 04, window 13-21)
2026.05.18 04:45:00;VETO;authorization denied: outside session window (server hour 04, window 13-21)
2026.05.18 07:15:00;VETO;signal rejected: score 0.50 < 0.55 [CHoCH long lvl=1.16|RelVol=1.57|Retest@1.16|VPnear|VWAPside]
2026.05.18 09:15:00;VETO;signal rejected: score 0.50 < 0.55 [BOS long lvl=1.16|RelVol=1.19|VPnear|VWAPside]
2026.05.18 12:00:00;VETO;signal rejected: score 0.50 < 0.55 [BOS long lvl=1.16|RelVol=1.04|VWAPside|ADX=35]
2026.05.18 14:00:00;VETO;signal rejected: volume: relVol 0.71 < 1.00
2026.05.18 14:45:00;VETO;outlier bar masked, z=8.2
2026.05.18 15:00:00;VETO;outlier bar masked, z=3.8
2026.05.18 15:45:00;VETO;signal rejected: score 0.40 < 0.55 [BOS long lvl=1.16|RelVol=1.68|VWAPside]
2026.05.18 19:15:00;VETO;outlier bar masked, z=3.6
2026.05.18 22:00:00;DECISION;setup SHORT score=0.65 entry=1.16 inv=1.17 tgt=0.00 AWAIT-RETEST [CHoCH short lvl=1.16|RelVol=1.01|Retest@1.16|VPnode d=0.00|VWAPside]
2026.05.18 22:15:00;VETO;outlier bar masked, z=11.7
2026.05.18 22:30:00;VETO;authorization denied: outside session window (server hour 22, window 13-21)
2026.05.18 22:45:00;VETO;authorization denied: outside session window (server hour 22, window 13-21)
2026.05.18 23:00:00;VETO;authorization denied: outside session window (server hour 23, window 13-21)
2026.05.18 23:15:00;VETO;signal rejected: volume: relVol 0.83 < 1.00
2026.05.19 03:45:00;DECISION;setup SHORT score=0.65 entry=1.16 inv=1.17 tgt=0.00 AWAIT-RETEST [CHoCH short lvl=1.16|RelVol=1.03|Retest@1.16|VPnode d=0.00|VWAPside]
2026.05.19 04:45:00;VETO;authorization denied: outside session window (server hour 04, window 13-21)
2026.05.19 05:00:00;VETO;authorization denied: outside session window (server hour 05, window 13-21)
2026.05.19 05:15:00;VETO;authorization denied: outside session window (server hour 05, window 13-21)
2026.05.19 05:30:00;VETO;authorization denied: outside session window (server hour 05, window 13-21)
2026.05.19 07:45:00;DECISION;setup SHORT score=0.75 entry=1.16 inv=1.17 tgt=0.00 [BOS short lvl=1.16|RelVol=1.36|VPnode d=0.00|VWAPside|ADX=39]
2026.05.19 07:45:00;VETO;authorization denied: outside session window (server hour 07, window 13-21)
2026.05.19 08:00:00;VETO;authorization denied: outside session window (server hour 08, window 13-21)
2026.05.19 08:15:00;VETO;authorization denied: outside session window (server hour 08, window 13-21)
2026.05.19 08:30:00;VETO;authorization denied: outside session window (server hour 08, window 13-21)
2026.05.19 10:30:00;VETO;signal rejected: volume: relVol 0.84 < 1.00
2026.05.19 13:45:00;VETO;outlier bar masked, z=3.6
2026.05.19 16:15:00;DECISION;setup SHORT score=0.85 entry=1.16 inv=1.16 tgt=0.00 [BOS short lvl=1.16|RelVol=1.16|VPnode d=0.00|VWAPside|CycleTurn w=0.97<-1.00]
2026.05.19 16:15:00;DECISION;TP capped 0.00192 -> 0.00189 (3.0xATR)
2026.05.19 16:15:00;ORDER;filled SELL 0.67 lots sl=1.16 tp=1.16 [WT|BOS|0.85]
2026.05.19 16:15:00;RISK;sizing: vol_ratio=1.12 scalar=0.91 gap_buf=0.00035 eff_stop=0.00131
2026.05.19 16:15:00;ORDER;entry fill deal #93 SELL 0.67 @ 1.16142
2026.05.19 16:29:16;MANAGE;#93 SL 1.16 -> 1.16 breakeven
2026.05.19 16:29:16;MANAGE;#93 partial close 0.33 of 0.67 lots
2026.05.19 16:29:16;RISK;deal closed pnl=31.68 streak=0 lock=0
2026.05.19 16:55:16;RISK;deal closed pnl=0.68 streak=0 lock=0
2026.05.20 02:00:00;VETO;signal rejected: regime: chop ADX 13.8 < 22.0
2026.05.20 04:30:00;VETO;signal rejected: regime: chop ADX 20.9 < 22.0
2026.05.20 06:45:00;VETO;signal rejected: regime: chop ADX 18.5 < 22.0
2026.05.20 11:15:00;VETO;signal rejected: regime: chop ADX 18.6 < 22.0
2026.05.20 13:30:00;VETO;signal rejected: volume: relVol 0.67 < 1.00
2026.05.20 17:30:00;VETO;outlier bar masked, z=12.7
2026.05.20 17:45:00;VETO;outlier bar masked, z=3.7
2026.05.20 18:30:00;VETO;outlier bar masked, z=12.3
2026.05.21 04:00:00;VETO;signal rejected: regime: chop ADX 21.2 < 22.0
2026.05.21 05:30:00;DECISION;setup SHORT score=0.85 entry=1.16 inv=1.16 tgt=0.00 AWAIT-RETEST [CHoCH short lvl=1.16|RelVol=1.03|Retest@1.16|VPnode d=0.00|VWAPside|CycleTurn w=-0.21<-0.75]
2026.05.21 05:45:00;VETO;authorization denied: outside session window (server hour 05, window 13-21)
2026.05.21 06:00:00;VETO;authorization denied: outside session window (server hour 06, window 13-21)
2026.05.21 06:15:00;VETO;authorization denied: outside session window (server hour 06, window 13-21)
2026.05.21 06:30:00;VETO;authorization denied: outside session window (server hour 06, window 13-21)
2026.05.21 09:15:00;VETO;signal rejected: regime: chop ADX 20.0 < 22.0
2026.05.21 10:30:00;VETO;outlier bar masked, z=8.6
2026.05.21 11:15:00;VETO;outlier bar masked, z=6.6
2026.05.21 11:30:00;DECISION;setup LONG score=0.85 entry=1.16 inv=1.16 tgt=0.00 AWAIT-RETEST [CHoCH long lvl=1.16|RelVol=2.00|Retest@1.16|VPnode d=0.00|VWAPside|CycleTurn w=-0.83<--0.99]
2026.05.21 11:45:00;VETO;authorization denied: outside session window (server hour 11, window 13-21)
2026.05.21 12:00:00;VETO;authorization denied: outside session window (server hour 12, window 13-21)
2026.05.21 12:15:00;VETO;authorization denied: outside session window (server hour 12, window 13-21)
2026.05.21 12:30:00;VETO;authorization denied: outside session window (server hour 12, window 13-21)
2026.05.21 13:30:00;VETO;outlier bar masked, z=4.8
2026.05.21 13:45:00;VETO;outlier bar masked, z=3.6
2026.05.21 15:00:00;VETO;signal rejected: volume: relVol 0.85 < 1.00
2026.05.21 16:30:00;VETO;signal rejected: volume: relVol 0.81 < 1.00
2026.05.21 17:00:00;VETO;outlier bar masked, z=5.3
2026.05.21 20:15:00;DECISION;setup LONG score=0.55 entry=1.16 inv=1.16 tgt=0.00 AWAIT-RETEST [CHoCH long lvl=1.16|RelVol=1.44|Retest@1.16|VPnode d=0.00]
2026.05.21 20:30:00;VETO;outlier bar masked, z=4.3
2026.05.21 22:00:00;VETO;outlier bar masked, z=4.0
2026.05.22 03:15:00;VETO;signal rejected: regime: chop ADX 19.6 < 22.0
2026.05.22 06:15:02;VETO;signal rejected: regime: chop ADX 16.5 < 22.0
2026.05.22 10:15:00;VETO;signal rejected: volume: relVol 0.54 < 1.00
2026.05.22 12:15:00;VETO;signal rejected: regime: chop ADX 19.7 < 22.0
2026.05.22 14:15:00;VETO;signal rejected: volume: relVol 0.52 < 1.00
2026.05.22 16:15:00;DECISION;setup LONG score=0.65 entry=1.16 inv=1.16 tgt=0.00 AWAIT-RETEST [CHoCH long lvl=1.16|RelVol=1.02|Retest@1.16|VPnode d=0.00|VWAPside]
2026.05.22 16:30:00;DECISION;TP capped 0.00360 -> 0.00270 (3.0xATR)
2026.05.22 16:30:00;ORDER;filled BUY 0.42 lots sl=1.16 tp=1.16 [WT|CHOCH|0.65]
2026.05.22 16:30:00;RISK;sizing: vol_ratio=1.12 scalar=0.91 gap_buf=0.00032 eff_stop=0.00212
2026.05.22 16:30:00;ORDER;entry fill deal #96 BUY 0.42 @ 1.16113
2026.05.22 17:01:01;RISK;deal closed pnl=-76.02 streak=1 lock=0
2026.05.22 17:15:00;VETO;signal rejected: volume: relVol 0.90 < 1.00
2026.05.25 00:15:00;VETO;outlier bar masked, z=11.4
2026.05.25 01:30:00;DECISION;setup LONG score=0.75 entry=1.16 inv=1.16 tgt=0.00 [BOS long lvl=1.16|RelVol=1.28|VPnode d=0.00|VWAPside|ADX=35]
2026.05.25 01:30:00;VETO;authorization denied: outside session window (server hour 01, window 13-21)
2026.05.25 01:45:01;VETO;authorization denied: outside session window (server hour 01, window 13-21)
2026.05.25 02:00:00;VETO;authorization denied: outside session window (server hour 02, window 13-21)
2026.05.25 02:15:04;VETO;authorization denied: outside session window (server hour 02, window 13-21)
2026.05.25 04:00:00;VETO;outlier bar masked, z=4.0
2026.05.25 04:30:00;VETO;signal rejected: regime: chop ADX 19.9 < 22.0
2026.05.25 10:30:00;VETO;signal rejected: volume: relVol 0.77 < 1.00
2026.05.25 14:45:00;VETO;signal rejected: volume: relVol 0.43 < 1.00
2026.05.25 17:00:00;VETO;signal rejected: volume: relVol 0.17 < 1.00
2026.05.25 19:30:00;VETO;signal rejected: volume: relVol 0.20 < 1.00
2026.05.26 00:15:00;VETO;signal rejected: regime: chop ADX 12.1 < 22.0
2026.05.26 03:00:00;VETO;signal rejected: regime: chop ADX 14.5 < 22.0
2026.05.26 04:45:00;VETO;signal rejected: regime: chop ADX 15.4 < 22.0
2026.05.26 08:00:00;VETO;signal rejected: regime: chop ADX 19.9 < 22.0
2026.05.26 10:15:00;VETO;outlier bar masked, z=5.7
2026.05.26 11:15:00;VETO;signal rejected: regime: chop ADX 18.4 < 22.0
2026.05.26 13:00:00;VETO;signal rejected: regime: chop ADX 19.1 < 22.0
2026.05.26 14:45:00;VETO;signal rejected: regime: chop ADX 17.3 < 22.0
2026.05.26 16:15:00;VETO;signal rejected: volume: relVol 0.44 < 1.00
2026.05.26 17:00:00;VETO;outlier bar masked, z=5.3
2026.05.26 22:45:00;VETO;signal rejected: volume: relVol 0.32 < 1.00
2026.05.27 02:00:00;VETO;signal rejected: volume: relVol 0.28 < 1.00
2026.05.27 08:15:00;VETO;signal rejected: volume: relVol 0.58 < 1.00
2026.05.27 09:45:00;VETO;signal rejected: volume: relVol 0.81 < 1.00
2026.05.27 13:30:00;VETO;signal rejected: regime: chop ADX 19.9 < 22.0
2026.05.27 15:30:00;VETO;outlier bar masked, z=13.7
2026.05.27 16:00:00;VETO;outlier bar masked, z=6.2
2026.05.27 17:15:00;VETO;outlier bar masked, z=4.7
2026.05.27 18:00:00;VETO;outlier bar masked, z=11.5
2026.05.27 18:15:00;VETO;outlier bar masked, z=4.1
2026.05.27 20:15:00;VETO;signal rejected: volume: relVol 0.91 < 1.00
2026.05.28 02:30:00;DECISION;setup SHORT score=0.85 entry=1.16 inv=1.16 tgt=0.00 AWAIT-RETEST [BOS short lvl=1.16|RelVol=1.17|Retest@1.16|VPnode d=0.00|VWAPside|CycleTurn w=0.77<-0.93]
2026.05.28 05:00:00;VETO;signal rejected: volume: relVol 0.78 < 1.00
2026.05.28 06:15:00;VETO;signal rejected: volume: relVol 0.95 < 1.00
2026.05.28 12:15:00;VETO;signal rejected: volume: relVol 0.52 < 1.00
2026.05.28 13:45:00;VETO;signal rejected: volume: relVol 0.40 < 1.00
2026.05.28 15:00:00;VETO;outlier bar masked, z=3.6
2026.05.28 15:15:00;VETO;signal rejected: volume: relVol 0.55 < 1.00
2026.05.28 17:15:00;VETO;outlier bar masked, z=9.3
2026.05.28 17:30:00;VETO;outlier bar masked, z=4.6
2026.05.29 03:00:00;VETO;signal rejected: regime: chop ADX 18.2 < 22.0
2026.05.29 04:00:00;VETO;signal rejected: regime: chop ADX 19.3 < 22.0
2026.05.29 05:00:00;VETO;signal rejected: regime: chop ADX 19.9 < 22.0
2026.05.29 06:15:00;VETO;signal rejected: volume: relVol 0.74 < 1.00
2026.05.29 12:00:00;VETO;outlier bar masked, z=3.7
2026.05.29 14:45:00;VETO;signal rejected: regime: chop ADX 18.5 < 22.0
2026.05.29 18:00:00;VETO;outlier bar masked, z=10.6
2026.06.01 00:15:00;DECISION;setup SHORT score=0.55 entry=1.17 inv=1.17 tgt=0.00 AWAIT-RETEST [CHoCH short lvl=1.17|RelVol=1.10|Retest@1.17|VPnode d=0.00]
2026.06.01 01:00:00;VETO;authorization denied: outside session window (server hour 01, window 13-21)
2026.06.01 01:15:00;VETO;authorization denied: outside session window (server hour 01, window 13-21)
2026.06.01 01:30:00;VETO;authorization denied: outside session window (server hour 01, window 13-21)
2026.06.01 01:45:00;VETO;authorization denied: outside session window (server hour 01, window 13-21)
2026.06.01 03:00:00;DECISION;setup SHORT score=0.65 entry=1.17 inv=1.17 tgt=0.00 AWAIT-RETEST [BOS short lvl=1.17|RelVol=2.64|Retest@1.17|VPnode d=0.00|VWAPside]
2026.06.01 03:15:00;VETO;authorization denied: outside session window (server hour 03, window 13-21)
2026.06.01 03:30:00;VETO;authorization denied: outside session window (server hour 03, window 13-21)
2026.06.01 03:45:00;VETO;authorization denied: outside session window (server hour 03, window 13-21)
2026.06.01 04:00:00;VETO;authorization denied: outside session window (server hour 04, window 13-21)
2026.06.01 06:45:00;VETO;signal rejected: volume: relVol 0.63 < 1.00
2026.06.01 08:15:00;VETO;signal rejected: volume: relVol 0.77 < 1.00
2026.06.01 12:30:00;VETO;signal rejected: volume: relVol 0.56 < 1.00
2026.06.01 14:00:00;VETO;signal rejected: volume: relVol 0.38 < 1.00
2026.06.01 16:15:00;VETO;outlier bar masked, z=7.4
2026.06.01 16:30:00;VETO;outlier bar masked, z=3.9
2026.06.01 17:00:00;VETO;outlier bar masked, z=3.9
2026.06.01 20:00:00;VETO;signal rejected: score 0.40 < 0.55 [CHoCH long lvl=1.16|RelVol=1.02|Retest@1.16|VPnear]
2026.06.02 00:30:00;VETO;signal rejected: regime: chop ADX 20.9 < 22.0
2026.06.02 07:15:00;VETO;signal rejected: volume: relVol 0.51 < 1.00
2026.06.02 12:00:00;VETO;signal rejected: volume: relVol 0.42 < 1.00
2026.06.02 17:45:00;VETO;outlier bar masked, z=4.0
2026.06.02 19:30:00;VETO;signal rejected: volume: relVol 0.55 < 1.00
2026.06.03 07:30:00;VETO;signal rejected: volume: relVol 0.49 < 1.00
2026.06.03 09:15:00;VETO;outlier bar masked, z=3.5
2026.06.03 10:45:00;VETO;outlier bar masked, z=5.3
2026.06.03 11:45:00;DECISION;setup SHORT score=0.60 entry=1.16 inv=1.16 tgt=0.00 AWAIT-RETEST [BOS short lvl=1.16|RelVol=1.73|Retest@1.16|VPnear|VWAPside|ADX=43]
2026.06.03 12:00:00;VETO;authorization denied: outside session window (server hour 12, window 13-21)
2026.06.03 12:15:00;VETO;authorization denied: outside session window (server hour 12, window 13-21)
2026.06.03 12:30:00;VETO;authorization denied: outside session window (server hour 12, window 13-21)
2026.06.03 12:45:00;VETO;authorization denied: outside session window (server hour 12, window 13-21)
2026.06.03 13:15:00;VETO;outlier bar masked, z=3.7
2026.06.03 15:45:00;VETO;outlier bar masked, z=3.7
2026.06.03 17:45:00;VETO;signal rejected: volume: relVol 0.79 < 1.00
2026.06.03 18:00:00;VETO;outlier bar masked, z=6.3
2026.06.04 00:45:00;DECISION;setup LONG score=0.65 entry=1.16 inv=1.16 tgt=0.00 AWAIT-RETEST [CHoCH long lvl=1.16|RelVol=1.39|Retest@1.16|VPnode d=0.00|VWAPside]
2026.06.04 01:00:00;VETO;authorization denied: outside session window (server hour 01, window 13-21)
2026.06.04 01:15:01;VETO;signal rejected: regime: chop ADX 20.6 < 22.0
2026.06.04 02:00:00;VETO;outlier bar masked, z=6.4
2026.06.04 06:30:00;VETO;signal rejected: volume: relVol 0.71 < 1.00
2026.06.04 09:45:00;VETO;signal rejected: regime: chop ADX 21.0 < 22.0
2026.06.04 10:45:00;VETO;signal rejected: regime: chop ADX 20.9 < 22.0
2026.06.04 12:15:00;DECISION;setup LONG score=0.70 entry=1.16 inv=1.16 tgt=0.00 AWAIT-RETEST [CHoCH long lvl=1.16|RelVol=1.08|Retest@1.16|VPnear|VWAPside|CycleTurn w=-0.15<--0.86]
2026.06.04 17:15:00;VETO;signal rejected: volume: relVol 0.64 < 1.00
2026.06.04 20:15:00;VETO;signal rejected: volume: relVol 0.42 < 1.00
2026.06.05 00:30:00;VETO;signal rejected: volume: relVol 1.00 < 1.00
2026.06.05 05:15:00;VETO;signal rejected: regime: chop ADX 16.0 < 22.0
2026.06.05 08:45:00;VETO;signal rejected: volume: relVol 0.55 < 1.00
2026.06.05 09:45:00;VETO;signal rejected: volume: relVol 0.77 < 1.00
2026.06.05 12:15:00;VETO;outlier bar masked, z=3.7
2026.06.05 15:45:00;VETO;outlier bar masked, z=15.1
2026.06.05 16:00:00;VETO;outlier bar masked, z=10.6
2026.06.05 16:15:00;VETO;outlier bar masked, z=7.1
2026.06.05 16:30:00;VETO;outlier bar masked, z=6.6
2026.06.05 16:45:00;VETO;outlier bar masked, z=3.9
2026.06.05 17:00:00;VETO;outlier bar masked, z=5.8
2026.06.05 17:15:00;VETO;outlier bar masked, z=8.9
2026.06.05 17:45:00;VETO;outlier bar masked, z=5.4
2026.06.05 18:15:00;VETO;outlier bar masked, z=5.7
2026.06.05 18:45:00;VETO;outlier bar masked, z=5.2
2026.06.05 21:15:00;VETO;signal rejected: score 0.50 < 0.55 [BOS short lvl=1.15|RelVol=1.53|VWAPside|ADX=72]
2026.06.05 23:15:01;VETO;signal rejected: score 0.50 < 0.55 [BOS short lvl=1.15|RelVol=1.31|VWAPside|ADX=45]
2026.06.08 00:15:00;VETO;outlier bar masked, z=5.1
2026.06.08 02:45:00;DECISION;setup LONG score=0.65 entry=1.15 inv=1.15 tgt=0.00 AWAIT-RETEST [CHoCH long lvl=1.15|RelVol=1.16|Retest@1.15|VPnode d=0.00|VWAPside]
2026.06.08 03:00:00;VETO;authorization denied: outside session window (server hour 03, window 13-21)
2026.06.08 03:15:00;VETO;authorization denied: outside session window (server hour 03, window 13-21)
2026.06.08 03:30:00;VETO;authorization denied: outside session window (server hour 03, window 13-21)
2026.06.08 03:45:00;VETO;authorization denied: outside session window (server hour 03, window 13-21)
2026.06.08 07:00:00;DECISION;setup LONG score=0.65 entry=1.15 inv=1.15 tgt=0.00 [BOS long lvl=1.15|RelVol=1.31|VPnode d=0.00|VWAPside]
2026.06.08 07:00:00;VETO;authorization denied: outside session window (server hour 07, window 13-21)
2026.06.08 07:15:00;VETO;authorization denied: outside session window (server hour 07, window 13-21)
2026.06.08 07:30:00;VETO;authorization denied: outside session window (server hour 07, window 13-21)
2026.06.08 07:45:00;VETO;authorization denied: outside session window (server hour 07, window 13-21)
2026.06.08 09:00:00;DECISION;setup SHORT score=0.85 entry=1.15 inv=1.15 tgt=0.00 AWAIT-RETEST [CHoCH short lvl=1.15|RelVol=1.63|Retest@1.15|StopFloored|VPnode d=0.00|VWAPside|CycleTurn w=0.75<-0.99]
2026.06.08 09:30:00;VETO;authorization denied: outside session window (server hour 09, window 13-21)
2026.06.08 09:45:00;VETO;authorization denied: outside session window (server hour 09, window 13-21)
2026.06.08 10:00:00;VETO;authorization denied: outside session window (server hour 10, window 13-21)
2026.06.08 10:15:00;VETO;authorization denied: outside session window (server hour 10, window 13-21)
2026.06.08 12:00:00;VETO;signal rejected: score 0.50 < 0.55 [BOS short lvl=1.15|RelVol=1.72|VPnear|VWAPside]
2026.06.08 13:45:00;VETO;outlier bar masked, z=3.5
2026.06.08 14:15:00;DECISION;setup LONG score=0.65 entry=1.15 inv=1.15 tgt=0.00 AWAIT-RETEST [CHoCH long lvl=1.15|RelVol=1.90|Retest@1.15|VPnode d=0.00|VWAPside]
2026.06.08 16:30:00;DECISION;setup LONG score=0.60 entry=1.15 inv=1.15 tgt=0.00 [BOS long lvl=1.15|RelVol=1.61|VPnear|VWAPside|ADX=49]
2026.06.08 16:30:00;DECISION;TP capped 0.01010 -> 0.00757 (3.0xATR)
2026.06.08 16:30:00;ORDER;filled BUY 0.16 lots sl=1.15 tp=1.16 [WT|BOS|0.60]
2026.06.08 16:30:00;RISK;sizing: vol_ratio=1.11 scalar=0.92 gap_buf=0.00045 eff_stop=0.00550
2026.06.08 16:30:00;ORDER;entry fill deal #98 BUY 0.16 @ 1.15496
2026.06.08 22:00:00;VETO;signal rejected: regime: chop ADX 19.6 < 22.0
2026.06.09 02:30:00;VETO;signal rejected: regime: chop ADX 17.0 < 22.0
2026.06.09 07:30:00;VETO;signal rejected: regime: chop ADX 20.0 < 22.0
2026.06.09 09:15:00;DECISION;setup LONG score=0.60 entry=1.15 inv=1.15 tgt=0.00 [BOS long lvl=1.15|RelVol=1.23|VPnear|VWAPside|ADX=30]
2026.06.09 09:15:00;VETO;authorization denied: outside session window (server hour 09, window 13-21)
2026.06.09 09:30:00;VETO;authorization denied: outside session window (server hour 09, window 13-21)
2026.06.09 09:45:00;VETO;authorization denied: outside session window (server hour 09, window 13-21)
2026.06.09 10:00:00;VETO;authorization denied: outside session window (server hour 10, window 13-21)
2026.06.09 12:15:00;VETO;signal rejected: volume: relVol 0.98 < 1.00
2026.06.09 16:15:00;VETO;signal rejected: volume: relVol 0.89 < 1.00
2026.06.09 17:00:00;VETO;outlier bar masked, z=4.3
2026.06.09 18:45:00;VETO;outlier bar masked, z=5.3
2026.06.09 19:15:00;VETO;outlier bar masked, z=3.9
2026.06.09 19:45:00;VETO;outlier bar masked, z=7.6
2026.06.09 20:30:00;VETO;outlier bar masked, z=4.0
2026.06.10 00:45:00;VETO;signal rejected: volume: relVol 0.60 < 1.00
2026.06.10 02:30:02;DECISION;setup SHORT score=0.75 entry=1.15 inv=1.15 tgt=0.00 [BOS short lvl=1.15|RelVol=1.29|VPnode d=0.00|VWAPside|ADX=43]
2026.06.10 02:30:02;VETO;authorization denied: outside session window (server hour 02, window 13-21)
2026.06.10 02:45:01;VETO;authorization denied: outside session window (server hour 02, window 13-21)
2026.06.10 03:00:00;VETO;authorization denied: outside session window (server hour 03, window 13-21)
2026.06.10 03:15:00;DECISION;setup LONG score=0.85 entry=1.15 inv=1.15 tgt=0.00 AWAIT-RETEST [CHoCH long lvl=1.15|RelVol=1.33|Retest@1.15|VPnode d=0.00|VWAPside|CycleTurn w=0.58<-0.40]
2026.06.10 03:30:00;VETO;authorization denied: outside session window (server hour 03, window 13-21)
2026.06.10 05:45:00;DECISION;setup LONG score=0.65 entry=1.15 inv=1.15 tgt=0.00 [BOS long lvl=1.15|RelVol=1.39|VPnode d=0.00|VWAPside]
2026.06.10 05:45:00;VETO;authorization denied: outside session window (server hour 05, window 13-21)
2026.06.10 06:00:00;VETO;authorization denied: outside session window (server hour 06, window 13-21)
2026.06.10 06:15:00;VETO;authorization denied: outside session window (server hour 06, window 13-21)
2026.06.10 06:30:00;VETO;authorization denied: outside session window (server hour 06, window 13-21)
2026.06.10 08:45:00;VETO;signal rejected: score 0.50 < 0.55 [BOS long lvl=1.16|RelVol=1.93|VPnear|VWAPside]
2026.06.10 14:15:00;VETO;outlier bar masked, z=7.0
2026.06.10 15:45:00;VETO;outlier bar masked, z=6.4
2026.06.10 16:00:00;VETO;outlier bar masked, z=6.1
2026.06.10 16:45:00;VETO;outlier bar masked, z=4.7
2026.06.10 19:00:00;VETO;outlier bar masked, z=6.2
2026.06.10 22:15:00;DECISION;setup SHORT score=0.65 entry=1.15 inv=1.16 tgt=0.00 AWAIT-RETEST [CHoCH short lvl=1.15|RelVol=1.32|Retest@1.15|VPnode d=0.00|VWAPside]
2026.06.10 22:30:00;VETO;authorization denied: outside session window (server hour 22, window 13-21)
2026.06.10 22:45:01;VETO;authorization denied: outside session window (server hour 22, window 13-21)
2026.06.10 23:00:00;VETO;authorization denied: outside session window (server hour 23, window 13-21)
2026.06.10 23:15:00;VETO;authorization denied: outside session window (server hour 23, window 13-21)
2026.06.11 01:15:00;DECISION;setup SHORT score=0.75 entry=1.15 inv=1.16 tgt=0.00 AWAIT-RETEST [BOS short lvl=1.15|RelVol=1.25|Retest@1.15|VPnode d=0.00|VWAPside|ADX=41]
2026.06.11 01:45:00;VETO;authorization denied: outside session window (server hour 01, window 13-21)
2026.06.11 02:00:00;VETO;authorization denied: outside session window (server hour 02, window 13-21)
2026.06.11 02:15:00;DECISION;setup SHORT score=0.75 entry=1.15 inv=1.16 tgt=0.00 [BOS short lvl=1.15|RelVol=2.81|VPnode d=0.00|VWAPside|ADX=38]
2026.06.11 02:15:00;VETO;authorization denied: outside session window (server hour 02, window 13-21)
2026.06.11 02:30:00;VETO;authorization denied: outside session window (server hour 02, window 13-21)
2026.06.11 02:45:00;VETO;authorization denied: outside session window (server hour 02, window 13-21)
2026.06.11 03:00:00;VETO;authorization denied: outside session window (server hour 03, window 13-21)
2026.06.11 10:00:00;VETO;signal rejected: volume: relVol 0.92 < 1.00
2026.06.11 10:30:00;DECISION;setup LONG score=0.85 entry=1.16 inv=1.15 tgt=0.00 AWAIT-RETEST [CHoCH long lvl=1.16|RelVol=1.10|Retest@1.16|VPnode d=0.00|VWAPside|CycleTurn w=-0.97<--0.99]
2026.06.11 10:45:00;VETO;authorization denied: outside session window (server hour 10, window 13-21)
2026.06.11 11:00:00;VETO;authorization denied: outside session window (server hour 11, window 13-21)
2026.06.11 11:30:00;VETO;signal rejected: volume: relVol 0.93 < 1.00
2026.06.11 13:15:00;DECISION;setup SHORT score=0.60 entry=1.15 inv=1.16 tgt=0.00 [BOS short lvl=1.15|RelVol=1.19|VPnear|VWAPside|ADX=37]
2026.06.11 13:15:00;DECISION;TP capped 0.00594 -> 0.00446 (3.0xATR)
2026.06.11 13:15:00;VETO;risk veto: max positions
2026.06.11 14:15:00;DECISION;setup LONG score=0.60 entry=1.15 inv=1.15 tgt=0.00 AWAIT-RETEST [CHoCH long lvl=1.15|RelVol=1.28|Retest@1.15|VPnear|CycleTurn w=-0.95<--1.00]
2026.06.11 14:30:00;DECISION;TP capped 0.00312 -> 0.00234 (3.0xATR)
2026.06.11 14:30:00;VETO;risk veto: max positions
2026.06.11 15:30:00;VETO;outlier bar masked, z=8.3
2026.06.11 15:45:00;VETO;outlier bar masked, z=5.0
2026.06.11 16:00:00;VETO;outlier bar masked, z=4.6
2026.06.11 16:15:00;VETO;outlier bar masked, z=5.0
2026.06.11 16:30:00;VETO;outlier bar masked, z=4.6
2026.06.11 19:15:00;VETO;signal rejected: score 0.40 < 0.55 [CHoCH short lvl=1.15|RelVol=1.00|Retest@1.15|VWAPside]
2026.06.11 20:15:00;VETO;signal rejected: score 0.50 < 0.55 [BOS short lvl=1.15|RelVol=1.29|VWAPside|ADX=33]
2026.06.11 20:30:00;VETO;outlier bar masked, z=8.2
2026.06.11 20:45:00;VETO;outlier bar masked, z=17.9
2026.06.11 21:00:00;VETO;outlier bar masked, z=6.0
2026.06.11 22:15:00;VETO;outlier bar masked, z=4.9
2026.06.12 03:15:00;VETO;signal rejected: regime: chop ADX 20.0 < 22.0
2026.06.12 06:45:00;DECISION;setup LONG score=0.85 entry=1.16 inv=1.16 tgt=0.00 AWAIT-RETEST [CHoCH long lvl=1.16|RelVol=2.07|Retest@1.16|VPnode d=0.00|VWAPside|CycleTurn w=-0.92<--0.97]
2026.06.12 07:00:00;VETO;authorization denied: outside session window (server hour 07, window 13-21)
2026.06.12 07:15:00;VETO;authorization denied: outside session window (server hour 07, window 13-21)
2026.06.12 07:30:00;VETO;authorization denied: outside session window (server hour 07, window 13-21)
2026.06.12 07:45:00;VETO;authorization denied: outside session window (server hour 07, window 13-21)
2026.06.12 09:00:00;DECISION;setup SHORT score=0.65 entry=1.16 inv=1.16 tgt=0.00 AWAIT-RETEST [CHoCH short lvl=1.16|RelVol=1.43|Retest@1.16|VPnode d=0.00|VWAPside]
2026.06.12 09:15:00;VETO;authorization denied: outside session window (server hour 09, window 13-21)
2026.06.12 09:30:00;VETO;authorization denied: outside session window (server hour 09, window 13-21)
2026.06.12 09:45:01;VETO;authorization denied: outside session window (server hour 09, window 13-21)
2026.06.12 10:00:00;VETO;authorization denied: outside session window (server hour 10, window 13-21)
2026.06.12 11:30:00;VETO;outlier bar masked, z=4.1
2026.06.12 12:30:00;VETO;signal rejected: regime: chop ADX 21.9 < 22.0
2026.06.12 13:30:00;VETO;outlier bar masked, z=3.8
2026.06.12 15:15:00;VETO;signal rejected: regime: chop ADX 17.0 < 22.0
2026.06.12 18:30:00;DECISION;setup LONG score=0.65 entry=1.16 inv=1.16 tgt=0.00 AWAIT-RETEST [CHoCH long lvl=1.16|RelVol=3.57|Retest@1.16|VPnode d=0.00|VWAPside]
2026.06.12 18:45:00;DECISION;TP capped 0.00320 -> 0.00260 (3.0xATR)
2026.06.12 18:45:00;VETO;risk veto: max positions
2026.06.12 21:45:00;DECISION;setup LONG score=0.65 entry=1.16 inv=1.16 tgt=0.00 [BOS long lvl=1.16|RelVol=3.50|VPnode d=0.00|VWAPside]
2026.06.12 21:45:00;VETO;authorization denied: outside session window (server hour 21, window 13-21)
2026.06.12 22:00:00;VETO;authorization denied: outside session window (server hour 22, window 13-21)
2026.06.12 22:15:00;VETO;authorization denied: outside session window (server hour 22, window 13-21)
2026.06.12 22:30:00;VETO;authorization denied: outside session window (server hour 22, window 13-21)
2026.06.12 23:15:00;DECISION;setup SHORT score=0.65 entry=1.16 inv=1.16 tgt=0.00 AWAIT-RETEST [CHoCH short lvl=1.16|RelVol=5.92|Retest@1.16|VPnode d=0.00|VWAPside]
2026.06.12 23:30:00;VETO;authorization denied: outside session window (server hour 23, window 13-21)
2026.06.12 23:45:00;VETO;authorization denied: outside session window (server hour 23, window 13-21)
2026.06.15 00:00:00;VETO;authorization denied: outside session window (server hour 00, window 13-21)
2026.06.15 00:15:00;VETO;authorization denied: outside session window (server hour 00, window 13-21)
2026.06.15 00:30:00;VETO;outlier bar masked, z=4.9
2026.06.15 00:49:24;MANAGE;#98 SL 1.15 -> 1.16 breakeven
2026.06.15 00:49:24;MANAGE;#98 partial close 0.08 of 0.16 lots
2026.06.15 00:49:24;RISK;deal closed pnl=40.41 streak=0 lock=0
2026.06.15 00:49:24;MANAGE;#98 SL 1.16 -> 1.16 trail
2026.06.15 00:50:00;MANAGE;#98 SL 1.16 -> 1.16 trail
2026.06.15 00:50:17;MANAGE;#98 SL 1.16 -> 1.16 trail
2026.06.15 00:52:30;MANAGE;#98 SL 1.16 -> 1.16 trail
2026.06.15 01:00:34;MANAGE;#98 SL 1.16 -> 1.16 trail
2026.06.15 01:00:55;MANAGE;#98 SL 1.16 -> 1.16 trail
2026.06.15 01:01:46;MANAGE;#98 SL 1.16 -> 1.16 trail
2026.06.15 01:03:52;MANAGE;#98 SL 1.16 -> 1.16 trail
2026.06.15 01:03:53;MANAGE;#98 SL 1.16 -> 1.16 trail
2026.06.15 01:03:57;MANAGE;#98 SL 1.16 -> 1.16 trail
2026.06.15 01:04:54;MANAGE;#98 SL 1.16 -> 1.16 trail
2026.06.15 01:07:35;MANAGE;#98 SL 1.16 -> 1.16 trail
2026.06.15 01:08:13;MANAGE;#98 SL 1.16 -> 1.16 trail
2026.06.15 01:08:40;MANAGE;#98 SL 1.16 -> 1.16 trail
2026.06.15 01:37:58;RISK;deal closed pnl=44.09 streak=0 lock=0
2026.06.15 04:00:00;DECISION;setup SHORT score=0.85 entry=1.16 inv=1.16 tgt=0.00 AWAIT-RETEST [CHoCH short lvl=1.16|RelVol=4.34|Retest@1.16|VPnode d=0.00|VWAPside|CycleTurn w=-0.26<-0.80]
2026.06.15 05:00:00;VETO;authorization denied: outside session window (server hour 05, window 13-21)
2026.06.15 05:15:00;VETO;authorization denied: outside session window (server hour 05, window 13-21)
2026.06.15 05:30:00;VETO;authorization denied: outside session window (server hour 05, window 13-21)
2026.06.15 05:45:00;VETO;authorization denied: outside session window (server hour 05, window 13-21)
2026.06.15 06:45:00;DECISION;setup LONG score=0.60 entry=1.16 inv=1.16 tgt=0.00 AWAIT-RETEST [CHoCH long lvl=1.16|RelVol=4.31|Retest@1.16|VPnear|CycleTurn w=-0.97<--0.98]
2026.06.15 07:00:00;VETO;authorization denied: outside session window (server hour 07, window 13-21)
2026.06.15 07:15:00;VETO;authorization denied: outside session window (server hour 07, window 13-21)
2026.06.15 07:30:00;VETO;authorization denied: outside session window (server hour 07, window 13-21)
2026.06.15 07:45:00;VETO;authorization denied: outside session window (server hour 07, window 13-21)
2026.06.15 12:00:04;DECISION;setup SHORT score=0.65 entry=1.16 inv=1.16 tgt=0.00 AWAIT-RETEST [CHoCH short lvl=1.16|RelVol=3.80|Retest@1.16|VPnode d=0.00|VWAPside]
2026.06.15 12:15:36;VETO;authorization denied: outside session window (server hour 12, window 13-21)
2026.06.15 12:30:07;VETO;authorization denied: outside session window (server hour 12, window 13-21)
2026.06.15 12:45:00;VETO;authorization denied: outside session window (server hour 12, window 13-21)
2026.06.15 13:00:00;ORDER;filled SELL 1.40 lots sl=1.16 tp=1.16 [WT|CHOCH|0.65]
2026.06.15 13:00:00;RISK;sizing: vol_ratio=1.02 scalar=0.99 gap_buf=0.00031 eff_stop=0.00069
2026.06.15 13:00:00;ORDER;entry fill deal #101 SELL 1.40 @ 1.16068
2026.06.15 13:20:09;RISK;deal closed pnl=-53.20 streak=1 lock=0
2026.06.15 13:45:00;VETO;signal rejected: regime: chop ADX 21.3 < 22.0
2026.06.15 16:00:00;VETO;signal rejected: regime: chop ADX 21.8 < 22.0
2026.06.15 18:30:00;DECISION;setup SHORT score=0.65 entry=1.16 inv=1.16 tgt=0.00 AWAIT-RETEST [CHoCH short lvl=1.16|RelVol=1.90|Retest@1.16|VPnode d=0.00|VWAPside]
2026.06.15 18:45:00;DECISION;TP capped 0.00456 -> 0.00342 (3.0xATR)
2026.06.15 18:45:00;ORDER;filled SELL 0.36 lots sl=1.16 tp=1.16 [WT|CHOCH|0.65]
2026.06.15 18:45:00;RISK;sizing: vol_ratio=1.06 scalar=0.95 gap_buf=0.00029 eff_stop=0.00257
2026.06.15 18:45:00;ORDER;entry fill deal #103 SELL 0.36 @ 1.15978
2026.06.15 22:00:00;DECISION;setup SHORT score=0.65 entry=1.16 inv=1.16 tgt=0.00 [BOS short lvl=1.16|RelVol=3.00|VPnode d=0.00|VWAPside]
2026.06.15 22:00:00;VETO;authorization denied: outside session window (server hour 22, window 13-21)
2026.06.15 22:15:00;VETO;authorization denied: outside session window (server hour 22, window 13-21)
2026.06.15 22:30:00;VETO;authorization denied: outside session window (server hour 22, window 13-21)
2026.06.15 22:45:00;VETO;authorization denied: outside session window (server hour 22, window 13-21)
2026.06.16 00:15:00;VETO;outlier bar masked, z=4.9
2026.06.16 05:15:01;VETO;signal rejected: regime: chop ADX 19.0 < 22.0
2026.06.16 07:15:00;VETO;signal rejected: regime: chop ADX 18.4 < 22.0
2026.06.16 09:00:00;VETO;signal rejected: score 0.40 < 0.55 [BOS short lvl=1.16|RelVol=2.94|VWAPside]
2026.06.16 09:00:10;MANAGE;#103 SL 1.16 -> 1.16 breakeven
2026.06.16 09:00:10;MANAGE;#103 partial close 0.18 of 0.36 lots
2026.06.16 09:00:10;RISK;deal closed pnl=40.86 streak=0 lock=0
2026.06.16 09:00:10;MANAGE;#103 SL 1.16 -> 1.16 trail
2026.06.16 09:33:13;RISK;deal closed pnl=27.00 streak=0 lock=0
2026.06.16 10:30:00;DECISION;setup LONG score=0.65 entry=1.16 inv=1.16 tgt=0.00 AWAIT-RETEST [CHoCH long lvl=1.16|RelVol=2.88|Retest@1.16|VPnode d=0.00|VWAPside]
2026.06.16 10:45:00;VETO;authorization denied: outside session window (server hour 10, window 13-21)
2026.06.16 11:00:00;VETO;authorization denied: outside session window (server hour 11, window 13-21)
2026.06.16 11:15:00;VETO;authorization denied: outside session window (server hour 11, window 13-21)
2026.06.16 11:30:00;VETO;authorization denied: outside session window (server hour 11, window 13-21)
2026.06.16 13:45:01;VETO;signal rejected: score 0.50 < 0.55 [BOS long lvl=1.16|RelVol=2.53|VWAPside|ADX=57]
2026.06.16 14:45:00;DECISION;setup SHORT score=0.75 entry=1.16 inv=1.16 tgt=0.00 AWAIT-RETEST [CHoCH short lvl=1.16|RelVol=3.27|Retest@1.16|VPnode d=0.00|CycleTurn w=0.81<-0.98]
2026.06.16 15:00:00;DECISION;TP capped 0.00278 -> 0.00209 (3.0xATR)
2026.06.16 15:00:00;ORDER;filled SELL 0.52 lots sl=1.16 tp=1.16 [WT|CHOCH|0.75]
2026.06.16 15:00:00;RISK;sizing: vol_ratio=1.15 scalar=0.89 gap_buf=0.00028 eff_stop=0.00167
2026.06.16 15:00:00;ORDER;entry fill deal #106 SELL 0.52 @ 1.15991
2026.06.16 17:30:00;VETO;signal rejected: score 0.50 < 0.55 [BOS short lvl=1.16|RelVol=2.02|VPnear|VWAPside]
2026.06.16 18:00:00;VETO;outlier bar masked, z=3.9
2026.06.16 18:53:58;RISK;deal closed pnl=-72.28 streak=1 lock=0
2026.06.16 19:00:00;VETO;outlier bar masked, z=5.5
2026.06.16 21:30:00;VETO;signal rejected: regime: chop ADX 15.5 < 22.0
2026.06.17 02:15:00;DECISION;setup LONG score=0.85 entry=1.16 inv=1.16 tgt=0.00 AWAIT-RETEST [CHoCH long lvl=1.16|RelVol=2.20|Retest@1.16|VPnode d=0.00|VWAPside|CycleTurn w=0.24<--0.69]
2026.06.17 02:30:00;VETO;authorization denied: outside session window (server hour 02, window 13-21)
2026.06.17 02:45:01;VETO;authorization denied: outside session window (server hour 02, window 13-21)
2026.06.17 03:00:00;VETO;authorization denied: outside session window (server hour 03, window 13-21)
2026.06.17 03:15:00;VETO;authorization denied: outside session window (server hour 03, window 13-21)
2026.06.17 06:00:00;VETO;signal rejected: regime: chop ADX 19.4 < 22.0
2026.06.17 09:30:00;VETO;signal rejected: regime: chop ADX 16.7 < 22.0
2026.06.17 11:30:00;VETO;signal rejected: regime: chop ADX 17.5 < 22.0
2026.06.17 13:30:00;VETO;signal rejected: regime: chop ADX 17.1 < 22.0
2026.06.17 18:00:00;VETO;outlier bar masked, z=4.8
2026.06.17 21:15:00;VETO;outlier bar masked, z=33.9
2026.06.17 21:30:00;VETO;outlier bar masked, z=5.4
2026.06.17 21:45:00;VETO;outlier bar masked, z=16.5
2026.06.17 22:00:00;VETO;outlier bar masked, z=13.9
2026.06.17 22:15:00;VETO;outlier bar masked, z=20.3
2026.06.17 22:30:00;VETO;outlier bar masked, z=10.0
2026.06.17 22:45:00;VETO;outlier bar masked, z=8.4
2026.06.17 23:00:00;VETO;outlier bar masked, z=5.0
2026.06.17 23:30:00;VETO;outlier bar masked, z=3.7
2026.06.18 02:15:00;VETO;signal rejected: regime: chop ADX 20.1 < 22.0
2026.06.18 03:15:00;VETO;outlier bar masked, z=5.3
2026.06.18 04:30:00;VETO;signal rejected: score 0.50 < 0.55 [BOS long lvl=1.15|RelVol=2.37|VWAPside|ADX=42]
2026.06.18 06:30:00;DECISION;setup LONG score=0.75 entry=1.15 inv=1.15 tgt=0.00 [BOS long lvl=1.15|RelVol=3.22|VPnode d=0.00|VWAPside|ADX=37]
2026.06.18 06:30:00;VETO;authorization denied: outside session window (server hour 06, window 13-21)
2026.06.18 06:45:00;VETO;authorization denied: outside session window (server hour 06, window 13-21)
2026.06.18 07:00:00;VETO;authorization denied: outside session window (server hour 07, window 13-21)
2026.06.18 07:15:00;VETO;authorization denied: outside session window (server hour 07, window 13-21)
2026.06.18 09:00:00;DECISION;setup SHORT score=0.85 entry=1.15 inv=1.15 tgt=0.00 AWAIT-RETEST [CHoCH short lvl=1.15|RelVol=2.22|Retest@1.15|VPnode d=0.00|VWAPside|CycleTurn w=0.76<-0.95]
2026.06.18 09:15:00;VETO;outlier bar masked, z=4.7
2026.06.18 09:30:00;VETO;signal rejected: score 0.50 < 0.55 [CHoCH long lvl=1.15|RelVol=3.73|Retest@1.15|VPnear|VWAPside]
2026.06.18 11:15:00;DECISION;setup SHORT score=0.65 entry=1.15 inv=1.15 tgt=0.00 AWAIT-RETEST [CHoCH short lvl=1.15|RelVol=3.93|Retest@1.15|VPnode d=0.00|VWAPside]
2026.06.18 13:15:00;VETO;outlier bar masked, z=4.2
2026.06.18 15:15:00;VETO;outlier bar masked, z=4.3
2026.06.18 15:30:00;VETO;outlier bar masked, z=4.3
2026.06.18 18:00:00;VETO;signal rejected: score 0.40 < 0.55 [CHoCH long lvl=1.15|RelVol=2.24|Retest@1.15|VPnear]
2026.06.18 22:00:00;VETO;signal rejected: score 0.50 < 0.55 [CHoCH short lvl=1.15|RelVol=1.91|Retest@1.15|VPnear|VWAPside]
2026.06.19 05:00:00;DECISION;setup SHORT score=0.70 entry=1.15 inv=1.15 tgt=0.00 AWAIT-RETEST [BOS short lvl=1.15|RelVol=1.96|Retest@1.15|VPnear|VWAPside|CycleTurn w=0.83<-0.99]
2026.06.19 05:30:00;VETO;authorization denied: outside session window (server hour 05, window 13-21)
2026.06.19 05:45:00;VETO;authorization denied: outside session window (server hour 05, window 13-21)
2026.06.19 06:00:00;VETO;authorization denied: outside session window (server hour 06, window 13-21)
2026.06.19 06:15:00;DECISION;setup SHORT score=0.60 entry=1.15 inv=1.15 tgt=0.00 [BOS short lvl=1.15|RelVol=2.68|VPnear|VWAPside|ADX=33]
2026.06.19 06:15:00;VETO;authorization denied: outside session window (server hour 06, window 13-21)
2026.06.19 06:30:00;VETO;authorization denied: outside session window (server hour 06, window 13-21)
2026.06.19 06:45:00;VETO;authorization denied: outside session window (server hour 06, window 13-21)
2026.06.19 07:00:00;VETO;authorization denied: outside session window (server hour 07, window 13-21)
2026.06.19 11:15:00;VETO;signal rejected: score 0.50 < 0.55 [CHoCH long lvl=1.14|RelVol=2.27|Retest@1.15|VPnear|VWAPside]
2026.06.19 15:15:00;DECISION;setup LONG score=0.65 entry=1.15 inv=1.15 tgt=0.00 [BOS long lvl=1.15|RelVol=2.01|VPnode d=0.00|VWAPside]
2026.06.19 15:15:00;DECISION;TP capped 0.00282 -> 0.00211 (3.0xATR)
2026.06.19 15:15:00;ORDER;filled BUY 0.58 lots sl=1.15 tp=1.15 [WT|BOS|0.65]
2026.06.19 15:15:00;RISK;sizing: vol_ratio=0.84 scalar=1.00 gap_buf=0.00026 eff_stop=0.00167
2026.06.19 15:15:00;ORDER;entry fill deal #108 BUY 0.58 @ 1.14665
2026.06.19 21:30:00;VETO;signal rejected: volume: relVol 0.41 < 1.00
2026.06.19 21:44:58;MANAGE;#108 SL 1.15 -> 1.15 breakeven
2026.06.19 21:44:58;MANAGE;#108 partial close 0.28 of 0.58 lots
2026.06.19 21:44:58;RISK;deal closed pnl=39.48 streak=0 lock=0
2026.06.19 21:44:59;MANAGE;#108 SL 1.15 -> 1.15 trail
2026.06.19 23:26:17;RISK;deal closed pnl=12.00 streak=0 lock=0
2026.06.22 00:15:00;VETO;outlier bar masked, z=3.6
2026.06.22 06:45:00;VETO;signal rejected: regime: chop ADX 15.9 < 22.0
2026.06.22 10:45:00;VETO;signal rejected: regime: chop ADX 19.8 < 22.0
2026.06.22 12:15:00;VETO;outlier bar masked, z=3.9
2026.06.22 16:15:00;VETO;outlier bar masked, z=6.5
2026.06.22 18:00:00;VETO;outlier bar masked, z=3.8
2026.06.22 22:00:00;DECISION;setup SHORT score=0.70 entry=1.14 inv=1.14 tgt=0.00 [BOS short lvl=1.14|RelVol=1.37|VWAPside|CycleTurn w=0.96<-0.98|ADX=47]
2026.06.22 22:00:00;VETO;authorization denied: outside session window (server hour 22, window 13-21)
2026.06.22 22:15:00;VETO;authorization denied: outside session window (server hour 22, window 13-21)
2026.06.22 22:30:00;VETO;authorization denied: outside session window (server hour 22, window 13-21)
2026.06.22 22:45:00;VETO;authorization denied: outside session window (server hour 22, window 13-21)
2026.06.23 03:15:00;VETO;signal rejected: regime: chop ADX 17.6 < 22.0
2026.06.23 05:15:00;VETO;signal rejected: regime: chop ADX 18.8 < 22.0
2026.06.23 10:15:00;VETO;signal rejected: regime: chop ADX 19.0 < 22.0
2026.06.23 10:45:00;VETO;outlier bar masked, z=8.3
2026.06.23 14:00:00;VETO;signal rejected: score 0.50 < 0.55 [BOS short lvl=1.14|RelVol=2.86|VPnear|VWAPside]
2026.06.23 17:30:00;VETO;signal rejected: score 0.50 < 0.55 [BOS short lvl=1.14|RelVol=2.04|VWAPside|ADX=39]
2026.06.24 00:15:00;VETO;signal rejected: volume: relVol 0.59 < 1.00
2026.06.24 03:30:00;VETO;signal rejected: regime: chop ADX 19.0 < 22.0
2026.06.24 06:00:00;VETO;signal rejected: score 0.50 < 0.55 [BOS short lvl=1.14|RelVol=3.26|VPnear|VWAPside]
2026.06.24 10:00:00;DECISION;setup SHORT score=0.70 entry=1.14 inv=1.14 tgt=0.00 [BOS short lvl=1.14|RelVol=2.30|VPnear|VWAPside|CycleTurn w=0.97<-0.99]
2026.06.24 10:00:00;VETO;authorization denied: outside session window (server hour 10, window 13-21)
2026.06.24 10:15:00;VETO;authorization denied: outside session window (server hour 10, window 13-21)
2026.06.24 10:30:00;VETO;authorization denied: outside session window (server hour 10, window 13-21)
2026.06.24 10:45:00;VETO;authorization denied: outside session window (server hour 10, window 13-21)
2026.06.24 11:15:00;VETO;outlier bar masked, z=5.1
2026.06.24 15:45:00;DECISION;setup SHORT score=0.70 entry=1.13 inv=1.13 tgt=0.00 AWAIT-RETEST [BOS short lvl=1.13|RelVol=2.50|Retest@1.13|VPnear|VWAPside|CycleTurn w=0.85<-1.00]
2026.06.24 16:30:00;ORDER;filled SELL 0.44 lots sl=1.13 tp=1.13 [WT|BOS|0.70]
2026.06.24 16:30:00;RISK;sizing: vol_ratio=1.41 scalar=0.70 gap_buf=0.00040 eff_stop=0.00154
2026.06.24 16:30:00;ORDER;entry fill deal #111 SELL 0.44 @ 1.13378
2026.06.24 17:04:16;RISK;deal closed pnl=-50.16 streak=1 lock=0
2026.06.24 18:30:00;VETO;signal rejected: score 0.50 < 0.55 [CHoCH long lvl=1.14|RelVol=2.38|Retest@1.14|VPnear|VWAPside]
2026.06.25 00:15:00;VETO;outlier bar masked, z=4.8
2026.06.25 04:15:00;VETO;signal rejected: regime: chop ADX 20.8 < 22.0
2026.06.25 06:45:00;DECISION;setup LONG score=0.65 entry=1.14 inv=1.14 tgt=0.00 [BOS long lvl=1.14|RelVol=1.69|VPnode d=0.00|VWAPside]
2026.06.25 06:45:00;VETO;authorization denied: outside session window (server hour 06, window 13-21)
2026.06.25 07:00:00;VETO;authorization denied: outside session window (server hour 07, window 13-21)
2026.06.25 07:15:00;VETO;authorization denied: outside session window (server hour 07, window 13-21)
2026.06.25 07:30:00;VETO;authorization denied: outside session window (server hour 07, window 13-21)
2026.06.25 10:00:00;DECISION;setup SHORT score=0.65 entry=1.14 inv=1.14 tgt=0.00 AWAIT-RETEST [CHoCH short lvl=1.14|RelVol=1.73|Retest@1.14|VPnode d=0.00|VWAPside]
2026.06.25 10:15:00;VETO;authorization denied: outside session window (server hour 10, window 13-21)
2026.06.25 10:30:00;VETO;authorization denied: outside session window (server hour 10, window 13-21)
2026.06.25 10:45:00;VETO;authorization denied: outside session window (server hour 10, window 13-21)
2026.06.25 11:00:00;VETO;authorization denied: outside session window (server hour 11, window 13-21)
2026.06.25 14:15:00;DECISION;setup SHORT score=0.60 entry=1.13 inv=1.14 tgt=0.00 [BOS short lvl=1.13|RelVol=1.32|VPnear|VWAPside|ADX=32]
2026.06.25 14:15:00;DECISION;TP capped 0.00600 -> 0.00450 (3.0xATR)
2026.06.25 14:15:00;ORDER;filled SELL 0.28 lots sl=1.14 tp=1.13 [WT|BOS|0.60]
2026.06.25 14:15:00;RISK;sizing: vol_ratio=1.03 scalar=0.98 gap_buf=0.00032 eff_stop=0.00332
2026.06.25 14:15:00;ORDER;entry fill deal #113 SELL 0.28 @ 1.13442
2026.06.25 15:45:00;VETO;outlier bar masked, z=7.0
2026.06.25 17:03:50;RISK;deal closed pnl=-84.00 streak=1 lock=0
2026.06.25 17:15:00;VETO;outlier bar masked, z=5.4
2026.06.25 17:45:00;VETO;signal rejected: score 0.50 < 0.55 [CHoCH long lvl=1.14|RelVol=2.25|Retest@1.14|VPnear|VWAPside]
2026.06.25 18:30:00;VETO;signal rejected: score 0.50 < 0.55 [BOS long lvl=1.14|RelVol=2.36|VWAPside|ADX=35]
2026.06.26 00:15:00;VETO;outlier bar masked, z=7.8
2026.06.26 04:45:00;DECISION;setup SHORT score=0.65 entry=1.14 inv=1.14 tgt=0.00 AWAIT-RETEST [CHoCH short lvl=1.14|RelVol=2.21|Retest@1.14|VPnode d=0.00|VWAPside]
2026.06.26 05:00:00;VETO;authorization denied: outside session window (server hour 05, window 13-21)
2026.06.26 05:15:00;VETO;authorization denied: outside session window (server hour 05, window 13-21)
2026.06.26 05:30:00;VETO;authorization denied: outside session window (server hour 05, window 13-21)
2026.06.26 05:45:00;VETO;authorization denied: outside session window (server hour 05, window 13-21)
2026.06.26 07:00:00;DECISION;setup LONG score=0.85 entry=1.14 inv=1.14 tgt=0.00 AWAIT-RETEST [CHoCH long lvl=1.14|RelVol=3.12|Retest@1.14|VPnode d=0.00|VWAPside|CycleTurn w=0.79<-0.14]
2026.06.26 07:15:00;VETO;authorization denied: outside session window (server hour 07, window 13-21)
2026.06.26 07:30:00;VETO;authorization denied: outside session window (server hour 07, window 13-21)
2026.06.26 07:45:01;VETO;authorization denied: outside session window (server hour 07, window 13-21)
2026.06.26 08:00:00;VETO;authorization denied: outside session window (server hour 08, window 13-21)
2026.06.26 10:45:00;DECISION;setup LONG score=0.60 entry=1.14 inv=1.14 tgt=0.00 [BOS long lvl=1.14|RelVol=1.65|VPnear|VWAPside|ADX=33]
2026.06.26 10:45:00;VETO;authorization denied: outside session window (server hour 10, window 13-21)
2026.06.26 11:00:00;VETO;authorization denied: outside session window (server hour 11, window 13-21)
2026.06.26 11:15:00;VETO;outlier bar masked, z=3.9
2026.06.26 11:30:00;VETO;authorization denied: outside session window (server hour 11, window 13-21)
2026.06.26 11:45:00;VETO;authorization denied: outside session window (server hour 11, window 13-21)
2026.06.26 15:00:00;DECISION;setup SHORT score=0.55 entry=1.14 inv=1.14 tgt=0.00 AWAIT-RETEST [CHoCH short lvl=1.14|RelVol=1.76|Retest@1.14|VPnode d=0.00]
2026.06.26 15:15:00;DECISION;TP capped 0.00224 -> 0.00190 (3.0xATR)
2026.06.26 15:15:00;ORDER;filled SELL 0.67 lots sl=1.14 tp=1.14 [WT|CHOCH|0.55]
2026.06.26 15:15:00;RISK;sizing: vol_ratio=0.97 scalar=1.00 gap_buf=0.00032 eff_stop=0.00144
2026.06.26 15:15:00;ORDER;entry fill deal #115 SELL 0.67 @ 1.14011
2026.06.26 15:51:13;RISK;deal closed pnl=-75.04 streak=1 lock=0
2026.06.26 16:00:00;VETO;outlier bar masked, z=8.6
2026.06.26 18:00:00;VETO;outlier bar masked, z=7.6
2026.06.26 19:30:00;VETO;signal rejected: score 0.50 < 0.55 [CHoCH short lvl=1.14|RelVol=1.92|Retest@1.14|VPnear|VWAPside]
2026.06.26 22:30:00;VETO;signal rejected: score 0.50 < 0.55 [BOS short lvl=1.14|RelVol=1.10|VWAPside|ADX=41]
2026.06.29 03:45:00;DECISION;setup LONG score=0.65 entry=1.14 inv=1.14 tgt=0.00 AWAIT-RETEST [CHoCH long lvl=1.14|RelVol=2.06|Retest@1.14|VPnode d=0.00|VWAPside]
2026.06.29 04:00:00;VETO;authorization denied: outside session window (server hour 04, window 13-21)
2026.06.29 04:15:00;VETO;authorization denied: outside session window (server hour 04, window 13-21)
2026.06.29 04:30:00;VETO;authorization denied: outside session window (server hour 04, window 13-21)
2026.06.29 04:45:00;VETO;authorization denied: outside session window (server hour 04, window 13-21)
2026.06.29 07:00:00;DECISION;setup SHORT score=0.85 entry=1.14 inv=1.14 tgt=0.00 AWAIT-RETEST [CHoCH short lvl=1.14|RelVol=1.61|Retest@1.14|VPnode d=0.00|VWAPside|CycleTurn w=0.81<-0.96]
2026.06.29 07:15:00;VETO;authorization denied: outside session window (server hour 07, window 13-21)
2026.06.29 07:30:00;VETO;authorization denied: outside session window (server hour 07, window 13-21)
2026.06.29 07:45:00;VETO;authorization denied: outside session window (server hour 07, window 13-21)
2026.06.29 08:00:00;VETO;authorization denied: outside session window (server hour 08, window 13-21)
2026.06.29 08:45:00;VETO;signal rejected: regime: chop ADX 19.8 < 22.0
2026.06.29 10:00:00;VETO;outlier bar masked, z=3.7
2026.06.29 17:30:00;VETO;outlier bar masked, z=4.5
2026.06.30 00:15:01;VETO;outlier bar masked, z=7.4
2026.06.30 05:00:00;DECISION;setup SHORT score=0.65 entry=1.14 inv=1.14 tgt=0.00 AWAIT-RETEST [CHoCH short lvl=1.14|RelVol=1.72|Retest@1.14|VPnode d=0.00|VWAPside]
2026.06.30 05:15:00;VETO;authorization denied: outside session window (server hour 05, window 13-21)
2026.06.30 05:30:00;VETO;authorization denied: outside session window (server hour 05, window 13-21)
2026.06.30 05:45:00;VETO;authorization denied: outside session window (server hour 05, window 13-21)
2026.06.30 06:00:00;VETO;authorization denied: outside session window (server hour 06, window 13-21)
2026.06.30 06:15:00;DECISION;setup SHORT score=0.75 entry=1.14 inv=1.14 tgt=0.00 [BOS short lvl=1.14|RelVol=1.40|VPnode d=0.00|VWAPside|ADX=76]
2026.06.30 06:15:00;VETO;authorization denied: outside session window (server hour 06, window 13-21)
2026.06.30 06:30:00;VETO;authorization denied: outside session window (server hour 06, window 13-21)
2026.06.30 06:45:00;VETO;authorization denied: outside session window (server hour 06, window 13-21)
2026.06.30 07:00:00;VETO;authorization denied: outside session window (server hour 07, window 13-21)
2026.06.30 17:15:00;VETO;outlier bar masked, z=4.3
2026.06.30 17:30:00;VETO;signal rejected: regime: chop ADX 17.2 < 22.0
2026.06.30 18:00:00;VETO;outlier bar masked, z=5.6
2026.07.01 04:15:00;VETO;signal rejected: score 0.50 < 0.55 [CHoCH short lvl=1.14|RelVol=1.43|Retest@1.14|VPnear|VWAPside]
2026.07.01 06:45:00;DECISION;setup SHORT score=0.75 entry=1.14 inv=1.14 tgt=0.00 [BOS short lvl=1.14|RelVol=1.60|VPnode d=0.00|VWAPside|ADX=61]
2026.07.01 06:45:00;VETO;authorization denied: outside session window (server hour 06, window 13-21)
2026.07.01 07:00:00;VETO;authorization denied: outside session window (server hour 07, window 13-21)
2026.07.01 07:15:00;VETO;authorization denied: outside session window (server hour 07, window 13-21)
2026.07.01 07:30:00;VETO;authorization denied: outside session window (server hour 07, window 13-21)
2026.07.01 08:00:00;DECISION;setup LONG score=0.85 entry=1.14 inv=1.14 tgt=0.00 AWAIT-RETEST [CHoCH long lvl=1.14|RelVol=1.31|Retest@1.14|VPnode d=0.00|VWAPside|CycleTurn w=0.73<-0.13]
2026.07.01 08:15:01;VETO;authorization denied: outside session window (server hour 08, window 13-21)
2026.07.01 08:30:00;VETO;authorization denied: outside session window (server hour 08, window 13-21)
2026.07.01 08:45:00;VETO;authorization denied: outside session window (server hour 08, window 13-21)
2026.07.01 09:00:00;VETO;authorization denied: outside session window (server hour 09, window 13-21)
2026.07.01 10:15:00;DECISION;setup SHORT score=0.65 entry=1.14 inv=1.14 tgt=0.00 AWAIT-RETEST [CHoCH short lvl=1.14|RelVol=1.55|Retest@1.14|VPnode d=0.00|VWAPside]
2026.07.01 11:00:00;VETO;authorization denied: outside session window (server hour 11, window 13-21)
2026.07.01 11:15:00;VETO;authorization denied: outside session window (server hour 11, window 13-21)
2026.07.01 11:30:00;VETO;authorization denied: outside session window (server hour 11, window 13-21)
2026.07.01 11:45:00;VETO;authorization denied: outside session window (server hour 11, window 13-21)
2026.07.01 12:45:00;DECISION;setup SHORT score=0.80 entry=1.14 inv=1.14 tgt=0.00 [BOS short lvl=1.14|RelVol=1.59|VPnear|VWAPside|CycleTurn w=-0.74<--0.74|ADX=33]
2026.07.01 12:45:00;VETO;authorization denied: outside session window (server hour 12, window 13-21)
2026.07.01 13:00:00;DECISION;TP capped 0.00320 -> 0.00240 (3.0xATR)
2026.07.01 13:00:00;ORDER;filled SELL 0.47 lots sl=1.14 tp=1.14 [WT|BOS|0.80]
2026.07.01 13:00:00;RISK;sizing: vol_ratio=1.07 scalar=0.95 gap_buf=0.00030 eff_stop=0.00190
2026.07.01 13:00:00;ORDER;entry fill deal #117 SELL 0.47 @ 1.13880
2026.07.01 15:15:00;DECISION;setup SHORT score=0.60 entry=1.14 inv=1.14 tgt=0.00 [BOS short lvl=1.14|RelVol=1.56|VWAPside|CycleTurn w=0.69<-0.98]
2026.07.01 15:15:00;DECISION;TP capped 0.00358 -> 0.00268 (3.0xATR)
2026.07.01 15:15:00;VETO;risk veto: max positions
2026.07.01 15:39:07;MANAGE;#117 SL 1.14 -> 1.14 breakeven
2026.07.01 15:39:07;MANAGE;#117 partial close 0.23 of 0.47 lots
2026.07.01 15:39:07;RISK;deal closed pnl=36.80 streak=0 lock=0
2026.07.01 15:39:07;MANAGE;#117 SL 1.14 -> 1.14 trail
2026.07.01 15:39:32;MANAGE;#117 SL 1.14 -> 1.14 trail
2026.07.01 15:39:37;MANAGE;#117 SL 1.14 -> 1.14 trail
2026.07.01 15:41:15;MANAGE;#117 SL 1.14 -> 1.14 trail
2026.07.01 15:45:00;VETO;outlier bar masked, z=3.9
2026.07.01 16:10:35;MANAGE;#117 SL 1.14 -> 1.14 trail
2026.07.01 16:10:37;MANAGE;#117 SL 1.14 -> 1.14 trail
2026.07.01 16:10:40;MANAGE;#117 SL 1.14 -> 1.14 trail
2026.07.01 16:10:42;RISK;deal closed pnl=57.60 streak=0 lock=0
2026.07.01 16:30:00;VETO;outlier bar masked, z=8.3
2026.07.01 16:45:00;VETO;outlier bar masked, z=6.6
2026.07.01 17:00:00;VETO;outlier bar masked, z=5.8
2026.07.01 17:15:00;VETO;outlier bar masked, z=3.7
2026.07.01 18:00:00;VETO;outlier bar masked, z=3.7
2026.07.01 18:45:00;VETO;outlier bar masked, z=4.2
2026.07.01 21:30:00;VETO;signal rejected: score 0.50 < 0.55 [CHoCH short lvl=1.14|RelVol=1.04|Retest@1.14|StopFloored|VPnear|VWAPside]
2026.07.01 23:45:00;DECISION;setup SHORT score=0.80 entry=1.14 inv=1.14 tgt=0.00 [BOS short lvl=1.14|RelVol=1.38|VPnear|VWAPside|CycleTurn w=0.72<-0.97|ADX=30]
2026.07.01 23:45:00;VETO;authorization denied: outside session window (server hour 23, window 13-21)
2026.07.02 00:00:00;VETO;authorization denied: outside session window (server hour 00, window 13-21)
2026.07.02 00:15:00;VETO;authorization denied: outside session window (server hour 00, window 13-21)
2026.07.02 00:30:00;VETO;authorization denied: outside session window (server hour 00, window 13-21)
2026.07.02 03:15:00;DECISION;setup LONG score=0.65 entry=1.14 inv=1.14 tgt=0.00 AWAIT-RETEST [CHoCH long lvl=1.14|RelVol=1.37|Retest@1.14|VPnode d=0.00|VWAPside]
2026.07.02 03:30:00;VETO;authorization denied: outside session window (server hour 03, window 13-21)
2026.07.02 03:45:00;VETO;authorization denied: outside session window (server hour 03, window 13-21)
2026.07.02 04:00:00;VETO;authorization denied: outside session window (server hour 04, window 13-21)
2026.07.02 04:15:00;VETO;authorization denied: outside session window (server hour 04, window 13-21)
2026.07.02 05:15:00;DECISION;setup LONG score=0.65 entry=1.14 inv=1.14 tgt=0.00 AWAIT-RETEST [BOS long lvl=1.14|RelVol=1.30|Retest@1.14|VPnode d=0.00|VWAPside]
2026.07.02 05:30:00;VETO;authorization denied: outside session window (server hour 05, window 13-21)
2026.07.02 05:45:00;VETO;authorization denied: outside session window (server hour 05, window 13-21)
2026.07.02 06:00:00;VETO;authorization denied: outside session window (server hour 06, window 13-21)
2026.07.02 06:15:00;VETO;authorization denied: outside session window (server hour 06, window 13-21)
2026.07.02 09:15:00;VETO;signal rejected: score 0.50 < 0.55 [BOS long lvl=1.14|RelVol=1.62|VPnear|VWAPside]
2026.07.02 10:00:00;VETO;outlier bar masked, z=3.6
2026.07.02 15:15:00;VETO;signal rejected: score 0.40 < 0.55 [CHoCH short lvl=1.14|RelVol=1.44|Retest@1.14|VPnear]
2026.07.02 15:45:00;VETO;outlier bar masked, z=24.9
2026.07.02 16:00:00;VETO;outlier bar masked, z=6.8
2026.07.02 17:30:00;VETO;outlier bar masked, z=3.9
2026.07.02 20:30:00;VETO;signal rejected: score 0.30 < 0.55 [CHoCH short lvl=1.14|RelVol=1.62|Retest@1.14]
2026.07.03 00:15:00;VETO;outlier bar masked, z=8.8
2026.07.03 04:15:00;DECISION;setup LONG score=0.70 entry=1.14 inv=1.14 tgt=0.00 AWAIT-RETEST [CHoCH long lvl=1.14|RelVol=1.81|Retest@1.14|VPnear|VWAPside|CycleTurn w=-0.83<--0.99]
2026.07.03 04:30:00;VETO;authorization denied: outside session window (server hour 04, window 13-21)
2026.07.03 04:45:00;VETO;authorization denied: outside session window (server hour 04, window 13-21)
2026.07.03 05:00:00;VETO;authorization denied: outside session window (server hour 05, window 13-21)
2026.07.03 05:15:00;VETO;authorization denied: outside session window (server hour 05, window 13-21)
2026.07.03 08:00:00;DECISION;setup LONG score=0.75 entry=1.14 inv=1.14 tgt=0.00 [BOS long lvl=1.14|RelVol=1.08|VPnode d=0.00|VWAPside|ADX=31]
2026.07.03 08:00:00;VETO;authorization denied: outside session window (server hour 08, window 13-21)
2026.07.03 08:15:00;VETO;authorization denied: outside session window (server hour 08, window 13-21)
2026.07.03 08:30:00;VETO;authorization denied: outside session window (server hour 08, window 13-21)
2026.07.03 08:45:00;VETO;authorization denied: outside session window (server hour 08, window 13-21)
2026.07.03 09:45:00;VETO;signal rejected: score 0.50 < 0.55 [BOS long lvl=1.15|RelVol=1.84|Retest@1.15|VWAPside|ADX=45]
2026.07.03 12:45:00;VETO;signal rejected: volume: relVol 0.94 < 1.00
2026.07.03 19:00:00;VETO;signal rejected: volume: relVol 0.48 < 1.00
2026.07.03 23:00:00;VETO;signal rejected: volume: relVol 0.67 < 1.00
2026.07.06 00:15:00;VETO;outlier bar masked, z=7.7
2026.07.06 04:30:00;DECISION;setup SHORT score=0.95 entry=1.14 inv=1.14 tgt=0.00 [BOS short lvl=1.14|RelVol=1.29|VPnode d=0.00|VWAPside|CycleTurn w=0.96<-1.00|ADX=38]
2026.07.06 04:30:00;VETO;authorization denied: outside session window (server hour 04, window 13-21)
2026.07.06 04:45:00;VETO;authorization denied: outside session window (server hour 04, window 13-21)
2026.07.06 05:00:00;VETO;authorization denied: outside session window (server hour 05, window 13-21)
2026.07.06 05:15:00;VETO;authorization denied: outside session window (server hour 05, window 13-21)
2026.07.06 09:00:00;DECISION;setup SHORT score=0.70 entry=1.14 inv=1.14 tgt=0.00 AWAIT-RETEST [BOS short lvl=1.14|RelVol=1.22|Retest@1.14|VPnear|VWAPside|CycleTurn w=-0.39<-0.65]
2026.07.06 09:15:00;VETO;authorization denied: outside session window (server hour 09, window 13-21)
2026.07.06 09:30:00;VETO;authorization denied: outside session window (server hour 09, window 13-21)
2026.07.06 09:45:00;VETO;authorization denied: outside session window (server hour 09, window 13-21)
2026.07.06 10:00:00;VETO;authorization denied: outside session window (server hour 10, window 13-21)
2026.07.06 11:15:00;VETO;outlier bar masked, z=4.8
2026.07.06 13:00:00;VETO;signal rejected: score 0.50 < 0.55 [BOS short lvl=1.14|RelVol=1.26|VWAPside|ADX=40]
2026.07.06 16:30:00;VETO;signal rejected: volume: relVol 0.87 < 1.00
2026.07.06 18:45:00;VETO;signal rejected: volume: relVol 0.82 < 1.00
2026.07.06 21:45:00;VETO;signal rejected: volume: relVol 0.77 < 1.00
2026.07.07 01:00:00;DECISION;setup LONG score=0.75 entry=1.14 inv=1.14 tgt=0.00 AWAIT-RETEST [BOS long lvl=1.14|RelVol=2.34|Retest@1.14|StopFloored|VPnode d=0.00|VWAPside|ADX=41]
2026.07.07 01:15:00;VETO;authorization denied: outside session window (server hour 01, window 13-21)
2026.07.07 01:30:00;VETO;authorization denied: outside session window (server hour 01, window 13-21)
2026.07.07 01:45:00;VETO;authorization denied: outside session window (server hour 01, window 13-21)
2026.07.07 02:00:00;VETO;authorization denied: outside session window (server hour 02, window 13-21)
2026.07.07 07:00:00;DECISION;setup SHORT score=0.65 entry=1.14 inv=1.14 tgt=0.00 AWAIT-RETEST [CHoCH short lvl=1.14|RelVol=1.21|Retest@1.14|VPnode d=0.00|VWAPside]
2026.07.07 07:15:00;VETO;authorization denied: outside session window (server hour 07, window 13-21)
2026.07.07 07:30:00;VETO;authorization denied: outside session window (server hour 07, window 13-21)
2026.07.07 07:45:00;VETO;authorization denied: outside session window (server hour 07, window 13-21)
2026.07.07 08:00:00;VETO;authorization denied: outside session window (server hour 08, window 13-21)
2026.07.07 14:30:00;VETO;signal rejected: score 0.50 < 0.55 [CHoCH long lvl=1.14|RelVol=1.30|Retest@1.14|VPnear|VWAPside]
2026.07.07 15:30:07;VETO;outlier bar masked, z=3.6
2026.07.07 17:15:00;VETO;outlier bar masked, z=5.7
2026.07.07 19:00:00;VETO;signal rejected: regime: chop ADX 18.3 < 22.0
2026.07.07 22:00:00;VETO;outlier bar masked, z=4.6
2026.07.07 22:15:00;DECISION;setup SHORT score=0.60 entry=1.14 inv=1.14 tgt=0.00 AWAIT-RETEST [BOS short lvl=1.14|RelVol=1.58|Retest@1.14|VWAPside|CycleTurn w=0.67<-0.99]
2026.07.07 22:45:00;VETO;authorization denied: outside session window (server hour 22, window 13-21)
2026.07.07 23:00:00;VETO;authorization denied: outside session window (server hour 23, window 13-21)
2026.07.07 23:15:00;VETO;authorization denied: outside session window (server hour 23, window 13-21)
2026.07.07 23:30:00;VETO;authorization denied: outside session window (server hour 23, window 13-21)
