time;tag;message
2026.01.01 00:00:00;RECOVER;init: v2.44 test_case=T1_momentum_m30 lock=0 streak=0 positions=0 equity=10000.00 day_eq=10000.00 peak_eq=10000.00
2026.01.01 00:00:00;RECOVER;symbol overrides [XAUUSD]: XAUUSD: EA defaults are already tuned for this symbol
2026.01.02 01:30:00;DECISION;setup LONG score=1.00 entry=4341.03 inv=4304.62 tgt=0.00 [BOS long lvl=4331.59|RelVol=4.34|VPnode d=1.23|VWAPside|CycleTurn w=-0.73<--1.00|RSI=58]
2026.01.02 01:30:00;VETO;authorization denied: outside session window (server hour 01, window 12-20)
2026.01.02 02:00:00;VETO;authorization denied: outside session window (server hour 02, window 12-20)
2026.01.02 02:30:00;VETO;authorization denied: outside session window (server hour 02, window 12-20)
2026.01.02 03:00:00;VETO;authorization denied: outside session window (server hour 03, window 12-20)
2026.01.02 10:00:00;DECISION;setup LONG score=0.90 entry=4382.82 inv=4304.62 tgt=0.00 [BOS long lvl=4381.74|RelVol=1.42|VPnode d=0.58|VWAPside|ADX=53|RSI=69]
2026.01.02 10:00:00;VETO;authorization denied: outside session window (server hour 10, window 12-20)
2026.01.02 10:30:00;VETO;authorization denied: outside session window (server hour 10, window 12-20)
2026.01.02 11:00:00;VETO;authorization denied: outside session window (server hour 11, window 12-20)
2026.01.02 11:30:00;VETO;authorization denied: outside session window (server hour 11, window 12-20)
2026.01.02 16:00:00;DECISION;setup SHORT score=1.00 entry=4369.49 inv=4399.30 tgt=0.00 AWAIT-RETEST [CHoCH short lvl=4371.99|RelVol=1.17|Retest@4369.49|VPnode d=3.69|VWAPside|CycleTurn w=-0.80<--0.68|RSI=44]
2026.01.02 16:00:00;DECISION;TP capped 59.62250 -> 44.71688 (3.0xATR)
2026.01.02 16:00:00;ORDER;limit SELL 0.02 @ 4369.49 sl=4399.30 tp=4324.77 rc=10009 [WT|CHOCH|1.00|RL]
2026.01.02 16:00:00;RISK;sizing: vol_ratio=0.72 scalar=1.00 gap_buf=5.00250 eff_stop=34.81375
2026.01.02 16:00:40;ORDER;entry fill deal #2 SELL 0.02 @ 4369.49000
2026.01.02 17:06:20;MANAGE;#2 SL 4399.30 -> 4369.45 breakeven
2026.01.02 17:06:20;MANAGE;#2 partial close 0.01 of 0.02 lots
2026.01.02 17:06:20;RISK;deal closed pnl=30.14 streak=0 lock=0
2026.01.02 17:06:59;MANAGE;#2 SL 4369.45 -> 4368.76 trail
2026.01.02 17:07:40;MANAGE;#2 SL 4368.76 -> 4368.16 trail
2026.01.02 17:08:20;MANAGE;#2 SL 4368.16 -> 4367.10 trail
2026.01.02 17:10:40;MANAGE;#2 SL 4367.10 -> 4363.19 trail
2026.01.02 17:11:40;MANAGE;#2 SL 4363.19 -> 4357.44 trail
2026.01.02 17:12:20;MANAGE;#2 SL 4357.44 -> 4356.70 trail
2026.01.02 17:13:20;MANAGE;#2 SL 4356.70 -> 4355.84 trail
2026.01.02 17:23:40;MANAGE;#2 SL 4355.84 -> 4352.66 trail
2026.01.02 17:24:20;MANAGE;#2 SL 4352.66 -> 4352.39 trail
2026.01.02 18:03:40;MANAGE;#2 SL 4352.39 -> 4350.03 trail
2026.01.02 18:04:20;RISK;deal closed pnl=44.72 streak=0 lock=0
2026.01.05 01:30:00;VETO;outlier bar masked, z=5.5
2026.01.05 08:30:00;DECISION;setup LONG score=0.80 entry=4417.46 inv=4396.75 tgt=0.00 AWAIT-RETEST [CHoCH long lvl=4414.01|RelVol=1.42|Retest@4417.46|StopFloored|VPnode d=4.46|VWAPside|RSI=76]
2026.01.05 09:00:00;VETO;authorization denied: outside session window (server hour 09, window 12-20)
2026.01.05 09:30:00;VETO;authorization denied: outside session window (server hour 09, window 12-20)
2026.01.05 10:00:00;VETO;authorization denied: outside session window (server hour 10, window 12-20)
2026.01.05 10:30:00;VETO;authorization denied: outside session window (server hour 10, window 12-20)
2026.01.05 17:30:00;DECISION;setup LONG score=0.95 entry=4444.62 inv=4396.23 tgt=0.00 [BOS long lvl=4439.88|RelVol=1.07|VPnear|VWAPside|CycleTurn w=-0.89<--0.98|ADX=36|RSI=67]
2026.01.05 17:30:00;DECISION;TP capped 96.86000 -> 72.64500 (3.0xATR)
2026.01.05 17:30:00;ORDER;filled BUY 0.01 lots sl=4396.23 tp=4517.31 [WT|BOS|0.95]
2026.01.05 17:30:00;RISK;sizing: vol_ratio=1.12 scalar=1.00 gap_buf=6.96179 eff_stop=55.39179
2026.01.05 17:30:00;ORDER;entry fill deal #5 BUY 0.01 @ 4444.66000
2026.01.06 04:30:00;DECISION;setup LONG score=0.85 entry=4460.32 inv=4434.84 tgt=0.00 [BOS long lvl=4460.12|RelVol=1.50|VPnear|VWAPside|CycleTurn w=-0.97<--1.00|RSI=66]
2026.01.06 04:30:00;VETO;authorization denied: outside session window (server hour 04, window 12-20)
2026.01.06 05:00:00;VETO;authorization denied: outside session window (server hour 05, window 12-20)
2026.01.06 05:30:00;VETO;authorization denied: outside session window (server hour 05, window 12-20)
2026.01.06 06:00:00;VETO;authorization denied: outside session window (server hour 06, window 12-20)
2026.01.06 12:00:00;DECISION;setup SHORT score=0.65 entry=4446.82 inv=4475.71 tgt=0.00 AWAIT-RETEST [CHoCH short lvl=4449.51|RelVol=1.49|Retest@4446.82|VPnode d=2.98|VWAPside]
2026.01.06 12:00:00;VETO;retest limit risk veto: max positions
2026.01.06 12:30:00;DECISION;TP capped 51.12000 -> 38.34000 (3.0xATR)
2026.01.06 12:30:00;VETO;risk veto: max positions
2026.01.06 17:00:00;VETO;signal rejected: volume: relVol 0.94 < 1.00
2026.01.06 20:18:40;MANAGE;#5 SL 4396.23 -> 4444.70 breakeven
2026.01.06 20:18:59;MANAGE;#5 SL 4444.70 -> 4470.34 trail
2026.01.06 20:19:20;MANAGE;#5 SL 4470.34 -> 4471.20 trail
2026.01.06 22:57:40;MANAGE;#5 SL 4471.20 -> 4471.79 trail
2026.01.06 22:58:40;MANAGE;#5 SL 4471.79 -> 4473.73 trail
2026.01.06 23:35:40;ERROR;modify #5 sl=4473.88 tp=4517.31 rejected rc=10018
2026.01.06 23:36:40;ERROR;modify #5 sl=4474.03 tp=4517.31 rejected rc=10018
2026.01.06 23:37:20;ERROR;modify #5 sl=4473.85 tp=4517.31 rejected rc=10018
2026.01.06 23:38:40;ERROR;modify #5 sl=4474.45 tp=4517.31 rejected rc=10018
2026.01.06 23:39:20;ERROR;modify #5 sl=4473.93 tp=4517.31 rejected rc=10018
2026.01.06 23:39:59;ERROR;modify #5 sl=4474.43 tp=4517.31 rejected rc=10018
2026.01.06 23:41:40;ERROR;modify #5 sl=4474.69 tp=4517.31 rejected rc=10018
2026.01.06 23:42:20;ERROR;modify #5 sl=4474.71 tp=4517.31 rejected rc=10018
2026.01.06 23:42:59;ERROR;modify #5 sl=4474.43 tp=4517.31 rejected rc=10018
2026.01.06 23:44:40;ERROR;modify #5 sl=4474.10 tp=4517.31 rejected rc=10018
2026.01.06 23:45:40;ERROR;modify #5 sl=4474.03 tp=4517.31 rejected rc=10018
2026.01.06 23:46:20;ERROR;modify #5 sl=4473.85 tp=4517.31 rejected rc=10018
2026.01.06 23:46:59;ERROR;modify #5 sl=4473.98 tp=4517.31 rejected rc=10018
2026.01.06 23:47:40;ERROR;modify #5 sl=4474.63 tp=4517.31 rejected rc=10018
2026.01.06 23:48:20;ERROR;modify #5 sl=4474.58 tp=4517.31 rejected rc=10018
2026.01.06 23:49:40;ERROR;modify #5 sl=4475.05 tp=4517.31 rejected rc=10018
2026.01.06 23:50:20;ERROR;modify #5 sl=4474.99 tp=4517.31 rejected rc=10018
2026.01.06 23:50:59;ERROR;modify #5 sl=4474.60 tp=4517.31 rejected rc=10018
2026.01.06 23:51:40;ERROR;modify #5 sl=4474.01 tp=4517.31 rejected rc=10018
2026.01.06 23:52:20;ERROR;modify #5 sl=4474.44 tp=4517.31 rejected rc=10018
2026.01.06 23:52:59;ERROR;modify #5 sl=4474.04 tp=4517.31 rejected rc=10018
2026.01.07 01:00:00;MANAGE;#5 SL 4473.73 -> 4475.48 trail
2026.01.07 01:00:00;VETO;signal rejected: volume: relVol 0.70 < 1.00
2026.01.07 01:00:40;MANAGE;#5 SL 4475.48 -> 4478.12 trail
2026.01.07 01:01:40;MANAGE;#5 SL 4478.12 -> 4478.83 trail
2026.01.07 01:03:40;MANAGE;#5 SL 4478.83 -> 4479.10 trail
2026.01.07 01:04:40;MANAGE;#5 SL 4479.10 -> 4479.63 trail
2026.01.07 01:05:40;MANAGE;#5 SL 4479.63 -> 4480.11 trail
2026.01.07 01:20:40;MANAGE;#5 SL 4480.11 -> 4480.34 trail
2026.01.07 01:21:20;MANAGE;#5 SL 4480.34 -> 4480.78 trail
2026.01.07 01:25:40;MANAGE;#5 SL 4480.78 -> 4480.94 trail
2026.01.07 01:26:40;MANAGE;#5 SL 4480.94 -> 4481.18 trail
2026.01.07 01:30:20;MANAGE;#5 SL 4481.18 -> 4482.01 trail
2026.01.07 03:03:40;RISK;deal closed pnl=37.09 streak=0 lock=0
2026.01.07 03:30:00;DECISION;setup SHORT score=0.85 entry=4475.14 inv=4500.42 tgt=0.00 AWAIT-RETEST [CHoCH short lvl=4477.44|RelVol=1.31|Retest@4475.14|VPnode d=2.26|VWAPside|CycleTurn w=-0.55<-0.49]
2026.01.07 04:00:00;VETO;authorization denied: outside session window (server hour 04, window 12-20)
2026.01.07 04:30:00;VETO;authorization denied: outside session window (server hour 04, window 12-20)
2026.01.07 05:00:00;VETO;authorization denied: outside session window (server hour 05, window 12-20)
2026.01.07 05:30:00;VETO;authorization denied: outside session window (server hour 05, window 12-20)
2026.01.07 08:00:00;DECISION;setup SHORT score=0.80 entry=4454.33 inv=4480.23 tgt=0.00 [BOS short lvl=4459.69|RelVol=1.55|VPnode d=6.87|VWAPside|RSI=35]
2026.01.07 08:00:00;VETO;authorization denied: outside session window (server hour 08, window 12-20)
2026.01.07 08:30:00;VETO;authorization denied: outside session window (server hour 08, window 12-20)
2026.01.07 09:00:00;VETO;authorization denied: outside session window (server hour 09, window 12-20)
2026.01.07 09:30:00;VETO;authorization denied: outside session window (server hour 09, window 12-20)
2026.01.08 01:30:00;DECISION;setup LONG score=0.80 entry=4463.84 inv=4445.42 tgt=0.00 AWAIT-RETEST [CHoCH long lvl=4461.55|RelVol=1.76|Retest@4463.84|VPnode d=0.84|VWAPside|RSI=55]
2026.01.08 02:00:00;VETO;authorization denied: outside session window (server hour 02, window 12-20)
2026.01.08 02:30:00;VETO;authorization denied: outside session window (server hour 02, window 12-20)
2026.01.08 03:00:00;VETO;authorization denied: outside session window (server hour 03, window 12-20)
2026.01.08 03:30:00;VETO;authorization denied: outside session window (server hour 03, window 12-20)
2026.01.08 04:00:00;DECISION;setup SHORT score=1.00 entry=4447.45 inv=4466.37 tgt=0.00 AWAIT-RETEST [CHoCH short lvl=4449.74|RelVol=1.06|Retest@4447.45|VPnode d=0.45|VWAPside|CycleTurn w=0.83<-0.95|RSI=44]
2026.01.08 04:30:00;VETO;authorization denied: outside session window (server hour 04, window 12-20)
2026.01.08 05:00:00;VETO;authorization denied: outside session window (server hour 05, window 12-20)
2026.01.08 05:30:00;VETO;authorization denied: outside session window (server hour 05, window 12-20)
2026.01.08 06:00:00;VETO;authorization denied: outside session window (server hour 06, window 12-20)
2026.01.08 07:00:00;DECISION;setup SHORT score=0.80 entry=4431.49 inv=4466.37 tgt=0.00 [BOS short lvl=4433.46|RelVol=1.11|VPnode d=5.31|VWAPside|RSI=34]
2026.01.08 07:00:00;VETO;authorization denied: outside session window (server hour 07, window 12-20)
2026.01.08 07:30:00;VETO;authorization denied: outside session window (server hour 07, window 12-20)
2026.01.08 08:00:00;VETO;authorization denied: outside session window (server hour 08, window 12-20)
2026.01.08 08:30:00;VETO;authorization denied: outside session window (server hour 08, window 12-20)
2026.01.08 17:30:00;VETO;outlier bar masked, z=4.4
2026.01.08 22:30:00;DECISION;setup LONG score=0.55 entry=4469.97 inv=4407.73 tgt=0.00 [BOS long lvl=4465.39|RelVol=1.04|VWAPside|RSI=65]
2026.01.08 22:30:00;VETO;authorization denied: outside session window (server hour 22, window 12-20)
2026.01.08 23:00:00;VETO;authorization denied: outside session window (server hour 23, window 12-20)
2026.01.08 23:30:00;VETO;authorization denied: outside session window (server hour 23, window 12-20)
2026.01.09 01:00:00;VETO;authorization denied: outside session window (server hour 01, window 12-20)
2026.01.09 16:00:00;VETO;outlier bar masked, z=6.3
2026.01.09 20:00:00;VETO;outlier bar masked, z=4.7
2026.01.12 01:30:00;VETO;outlier bar masked, z=4.8
2026.01.12 02:30:00;VETO;outlier bar masked, z=4.6
2026.01.12 03:00:00;VETO;outlier bar masked, z=6.4
2026.01.12 15:30:00;DECISION;setup LONG score=0.80 entry=4605.01 inv=4563.41 tgt=0.00 [BOS long lvl=4599.30|RelVol=1.18|VPnode d=8.01|VWAPside|RSI=69]
2026.01.12 15:30:00;DECISION;TP capped 83.28000 -> 62.46000 (3.0xATR)
2026.01.12 15:30:00;ORDER;filled BUY 0.02 lots sl=4563.41 tp=4667.51 [WT|BOS|0.80]
2026.01.12 15:30:00;RISK;sizing: vol_ratio=0.95 scalar=1.00 gap_buf=5.38000 eff_stop=47.02000
2026.01.12 15:30:00;ORDER;entry fill deal #7 BUY 0.02 @ 4605.05000
2026.01.12 16:30:00;VETO;outlier bar masked, z=5.0
2026.01.12 23:00:00;VETO;signal rejected: score 0.40 < 0.55 [CHoCH short lvl=4600.55|RelVol=1.04|Retest@4597.30|VPnear]
2026.01.13 01:30:00;VETO;outlier bar masked, z=4.3
2026.01.13 04:00:00;DECISION;setup SHORT score=0.90 entry=4577.90 inv=4607.74 tgt=0.00 [BOS short lvl=4578.11|RelVol=1.16|VPnode d=2.30|VWAPside|ADX=34|RSI=41]
2026.01.13 04:00:00;VETO;authorization denied: outside session window (server hour 04, window 12-20)
2026.01.13 04:30:00;VETO;authorization denied: outside session window (server hour 04, window 12-20)
2026.01.13 05:00:00;VETO;authorization denied: outside session window (server hour 05, window 12-20)
2026.01.13 05:30:00;VETO;authorization denied: outside session window (server hour 05, window 12-20)
2026.01.13 15:30:00;DECISION;setup LONG score=1.00 entry=4599.39 inv=4580.42 tgt=0.00 AWAIT-RETEST [CHoCH long lvl=4597.01|RelVol=1.07|Retest@4599.39|VPnode d=5.39|VWAPside|CycleTurn w=0.24<--0.98|RSI=58]
2026.01.13 15:30:00;VETO;retest limit risk veto: max positions
2026.01.13 17:30:00;VETO;outlier bar masked, z=3.5
2026.01.13 18:30:00;VETO;risk veto: max positions
2026.01.14 09:00:00;DECISION;setup LONG score=0.90 entry=4637.27 inv=4613.31 tgt=0.00 [BOS long lvl=4634.60|RelVol=1.10|VPnode d=3.67|VWAPside|ADX=40|RSI=64]
2026.01.14 09:00:00;VETO;authorization denied: outside session window (server hour 09, window 12-20)
2026.01.14 09:30:00;VETO;authorization denied: outside session window (server hour 09, window 12-20)
2026.01.14 10:00:00;VETO;authorization denied: outside session window (server hour 10, window 12-20)
2026.01.14 10:30:00;VETO;authorization denied: outside session window (server hour 10, window 12-20)
2026.01.14 17:00:00;VETO;outlier bar masked, z=3.8
2026.01.15 03:30:00;DECISION;setup SHORT score=0.80 entry=4600.46 inv=4642.91 tgt=0.00 [BOS short lvl=4601.18|RelVol=1.28|VPnode d=7.94|VWAPside|RSI=37]
2026.01.15 03:30:00;VETO;authorization denied: outside session window (server hour 03, window 12-20)
2026.01.15 04:00:00;VETO;authorization denied: outside session window (server hour 04, window 12-20)
2026.01.15 04:30:00;VETO;authorization denied: outside session window (server hour 04, window 12-20)
2026.01.15 05:00:00;VETO;authorization denied: outside session window (server hour 05, window 12-20)
2026.01.15 13:00:00;DECISION;setup LONG score=0.80 entry=4616.04 inv=4597.81 tgt=0.00 AWAIT-RETEST [CHoCH long lvl=4613.52|RelVol=1.11|Retest@4616.04|VPnode d=1.36|VWAPside|RSI=59]
2026.01.15 13:00:00;VETO;retest limit risk veto: max positions
2026.01.15 14:00:00;DECISION;TP capped 42.92000 -> 32.19000 (3.0xATR)
2026.01.15 14:00:00;VETO;risk veto: max positions
2026.01.15 16:00:00;DECISION;setup SHORT score=1.00 entry=4595.55 inv=4622.94 tgt=0.00 AWAIT-RETEST [CHoCH short lvl=4597.81|RelVol=1.24|Retest@4595.55|VPnode d=1.65|VWAPside|CycleTurn w=0.78<-0.97|RSI=35]
2026.01.15 16:00:00;VETO;retest limit risk veto: max positions
2026.01.15 16:30:00;DECISION;TP capped 40.40000 -> 30.46286 (3.0xATR)
2026.01.15 16:30:00;VETO;risk veto: max positions
2026.01.16 03:00:00;DECISION;setup SHORT score=0.80 entry=4599.96 inv=4621.04 tgt=0.00 [BOS short lvl=4600.69|RelVol=1.19|VPnode d=2.44|VWAPside|RSI=42]
2026.01.16 03:00:00;VETO;authorization denied: outside session window (server hour 03, window 12-20)
2026.01.16 03:30:00;VETO;authorization denied: outside session window (server hour 03, window 12-20)
2026.01.16 04:00:00;VETO;authorization denied: outside session window (server hour 04, window 12-20)
2026.01.16 04:30:00;VETO;authorization denied: outside session window (server hour 04, window 12-20)
2026.01.16 15:30:00;DECISION;setup SHORT score=0.85 entry=4586.91 inv=4616.11 tgt=0.00 [BOS short lvl=4594.11|RelVol=1.31|VPnear|VWAPside|CycleTurn w=0.81<-0.99|RSI=38]
2026.01.16 15:30:00;DECISION;TP capped 58.28000 -> 43.71000 (3.0xATR)
2026.01.16 15:30:00;VETO;risk veto: max positions
2026.01.16 17:30:00;VETO;outlier bar masked, z=9.6
2026.01.16 17:30:40;RISK;deal closed pnl=-84.79 streak=1 lock=0
2026.01.16 18:00:00;VETO;outlier bar masked, z=5.9
2026.01.16 18:30:00;VETO;outlier bar masked, z=3.6
2026.01.19 01:00:00;VETO;signal rejected: score 0.30 < 0.55 [CHoCH long lvl=4596.17|RelVol=1.05|Retest@4599.20]
2026.01.19 01:30:00;VETO;outlier bar masked, z=16.2
2026.01.19 02:00:00;VETO;outlier bar masked, z=3.6
2026.01.19 08:00:00;VETO;signal rejected: volume: relVol 0.72 < 1.00
2026.01.19 14:00:00;DECISION;setup SHORT score=0.65 entry=4659.71 inv=4679.08 tgt=0.00 AWAIT-RETEST [CHoCH short lvl=4661.81|RelVol=1.02|Retest@4659.71|VPnode d=0.51|VWAPside]
2026.01.19 14:00:00;DECISION;TP capped 38.74429 -> 29.05821 (3.0xATR)
2026.01.19 14:00:00;ERROR;limit SELL 0.04 @ 4659.71 sl=4679.08 tp=4630.65 rc=10015 [WT|CHOCH|0.65|RL]
2026.01.19 14:30:00;ORDER;filled SELL 0.08 lots sl=4679.08 tp=4654.63 [WT|CHOCH|0.65]
2026.01.19 14:30:00;RISK;sizing: vol_ratio=0.73 scalar=1.00 gap_buf=4.30143 eff_stop=12.45143
2026.01.19 14:30:00;ORDER;entry fill deal #9 SELL 0.08 @ 4670.93000
2026.01.19 16:08:40;MANAGE;#9 SL 4679.08 -> 4670.89 breakeven
2026.01.19 16:08:40;MANAGE;#9 partial close 0.04 of 0.08 lots
2026.01.19 16:08:40;RISK;deal closed pnl=33.92 streak=0 lock=0
2026.01.19 17:08:40;RISK;deal closed pnl=0.16 streak=0 lock=0
2026.01.19 18:00:00;VETO;signal rejected: volume: relVol 0.38 < 1.00
2026.01.19 20:00:00;VETO;signal rejected: volume: relVol 0.43 < 1.00
2026.01.20 02:30:00;VETO;signal rejected: volume: relVol 0.71 < 1.00
2026.01.20 06:00:00;VETO;signal rejected: volume: relVol 0.81 < 1.00
2026.01.20 08:00:00;VETO;outlier bar masked, z=4.0
2026.01.20 15:30:00;VETO;signal rejected: volume: relVol 0.92 < 1.00
2026.01.20 16:00:00;VETO;outlier bar masked, z=3.8
2026.01.20 17:00:00;VETO;outlier bar masked, z=3.6
2026.01.20 17:30:00;VETO;outlier bar masked, z=4.4
2026.01.20 19:00:00;VETO;signal rejected: volume: relVol 0.90 < 1.00
2026.01.21 02:00:00;VETO;outlier bar masked, z=3.6
2026.01.21 03:30:00;VETO;outlier bar masked, z=10.0
2026.01.21 04:00:00;VETO;outlier bar masked, z=5.6
2026.01.21 04:30:00;VETO;outlier bar masked, z=4.3
2026.01.21 05:30:00;VETO;outlier bar masked, z=3.6
2026.01.21 08:30:00;VETO;outlier bar masked, z=3.6
2026.01.21 09:00:00;VETO;outlier bar masked, z=7.9
2026.01.21 16:00:00;VETO;signal rejected: volume: relVol 0.81 < 1.00
2026.01.21 16:30:00;VETO;outlier bar masked, z=6.3
2026.01.21 17:00:00;VETO;signal rejected: score 0.40 < 0.55 [CHoCH short lvl=4855.25|RelVol=1.07|Retest@4851.68|VPnear]
2026.01.21 17:30:00;VETO;outlier bar masked, z=8.8
2026.01.21 19:00:00;VETO;outlier bar masked, z=3.6
2026.01.21 21:30:00;VETO;outlier bar masked, z=6.0
2026.01.21 22:00:00;VETO;outlier bar masked, z=8.2
2026.01.22 01:30:00;VETO;outlier bar masked, z=5.1
2026.01.22 08:00:00;VETO;signal rejected: volume: relVol 0.85 < 1.00
2026.01.22 17:30:00;VETO;signal rejected: volume: relVol 0.90 < 1.00
2026.01.23 10:30:00;VETO;outlier bar masked, z=4.6
2026.01.23 14:30:00;VETO;signal rejected: volume: relVol 0.97 < 1.00
2026.01.26 01:30:00;VETO;outlier bar masked, z=4.3
2026.01.26 03:30:00;VETO;outlier bar masked, z=5.0
2026.01.26 09:00:00;VETO;outlier bar masked, z=3.6
2026.01.26 09:30:00;DECISION;setup LONG score=0.90 entry=5095.38 inv=5052.39 tgt=0.00 [BOS long lvl=5093.05|RelVol=1.20|VPnode d=1.38|VWAPside|ADX=36|RSI=77]
2026.01.26 09:30:00;VETO;authorization denied: outside session window (server hour 09, window 12-20)
2026.01.26 10:00:00;VETO;authorization denied: outside session window (server hour 10, window 12-20)
2026.01.26 10:30:00;VETO;authorization denied: outside session window (server hour 10, window 12-20)
2026.01.26 11:00:00;VETO;authorization denied: outside session window (server hour 11, window 12-20)
2026.01.26 15:30:00;DECISION;setup SHORT score=0.65 entry=5071.55 inv=5098.43 tgt=0.00 AWAIT-RETEST [CHoCH short lvl=5075.46|RelVol=1.10|Retest@5071.55|VPnode d=3.15|VWAPside]
2026.01.26 15:30:00;DECISION;TP capped 53.76000 -> 46.92000 (3.0xATR)
2026.01.26 15:30:00;ERROR;limit SELL 0.02 @ 5071.55 sl=5098.43 tp=5024.63 rc=10015 [WT|CHOCH|0.65|RL]
2026.01.26 16:00:00;DECISION;TP capped 59.60000 -> 44.70000 (3.0xATR)
2026.01.26 16:00:00;ORDER;filled SELL 0.02 lots sl=5098.43 tp=5023.93 [WT|CHOCH|0.65]
2026.01.26 16:00:00;RISK;sizing: vol_ratio=0.90 scalar=1.00 gap_buf=7.29821 eff_stop=37.09821
2026.01.26 16:00:00;ORDER;entry fill deal #12 SELL 0.02 @ 5068.63000
2026.01.26 18:03:40;RISK;deal closed pnl=-59.60 streak=1 lock=0
2026.01.26 20:00:00;DECISION;setup LONG score=1.00 entry=5101.81 inv=5054.59 tgt=0.00 AWAIT-RETEST [CHoCH long lvl=5097.01|RelVol=1.27|Retest@5101.81|VPnode d=5.41|VWAPside|CycleTurn w=-0.99<--1.00|RSI=61]
2026.01.26 20:30:00;VETO;authorization denied: outside session window (server hour 20, window 12-20)
2026.01.26 21:00:00;VETO;authorization denied: outside session window (server hour 21, window 12-20)
2026.01.26 21:30:00;VETO;outlier bar masked, z=4.7
2026.01.26 23:30:00;VETO;outlier bar masked, z=4.3
2026.01.27 03:30:00;VETO;outlier bar masked, z=4.9
2026.01.27 08:00:00;DECISION;setup LONG score=0.80 entry=5084.84 inv=4989.86 tgt=0.00 AWAIT-RETEST [CHoCH long lvl=5079.79|RelVol=1.10|Retest@5084.84|VPnode d=4.24|VWAPside|RSI=57]
2026.01.27 08:30:00;VETO;authorization denied: outside session window (server hour 08, window 12-20)
2026.01.27 09:00:00;VETO;authorization denied: outside session window (server hour 09, window 12-20)
2026.01.27 09:30:00;VETO;authorization denied: outside session window (server hour 09, window 12-20)
2026.01.27 10:00:00;VETO;authorization denied: outside session window (server hour 10, window 12-20)
2026.01.27 16:30:00;DECISION;setup SHORT score=0.80 entry=5063.41 inv=5099.53 tgt=0.00 AWAIT-RETEST [CHoCH short lvl=5066.97|RelVol=1.54|Retest@5063.41|VPnode d=0.20|VWAPside|RSI=42]
2026.01.27 16:30:00;DECISION;TP capped 72.25000 -> 54.18750 (3.0xATR)
2026.01.27 16:30:00;ORDER;limit SELL 0.02 @ 5063.41 sl=5099.53 tp=5009.22 rc=10009 [WT|CHOCH|0.80|RL]
2026.01.27 16:30:00;RISK;sizing: vol_ratio=0.75 scalar=1.00 gap_buf=7.13000 eff_stop=43.25500
2026.01.27 16:30:40;ORDER;entry fill deal #14 SELL 0.02 @ 5063.41000
2026.01.27 18:18:40;RISK;deal closed pnl=-72.24 streak=1 lock=0
2026.01.27 18:30:00;DECISION;setup LONG score=1.00 entry=5097.41 inv=5046.65 tgt=0.00 AWAIT-RETEST [CHoCH long lvl=5092.92|RelVol=1.17|Retest@5097.41|VPnode d=7.01|VWAPside|CycleTurn w=-0.90<--0.99|RSI=59]
2026.01.27 18:30:00;DECISION;TP capped 101.51464 -> 76.13598 (3.0xATR)
2026.01.27 18:30:00;ORDER;limit BUY 0.01 @ 5097.41 sl=5046.65 tp=5173.54 rc=10009 [WT|CHOCH|1.00|RL]
2026.01.27 18:30:00;RISK;sizing: vol_ratio=0.91 scalar=1.00 gap_buf=8.97464 eff_stop=59.73196
2026.01.27 18:30:40;ORDER;entry fill deal #16 BUY 0.01 @ 5097.41000
2026.01.27 22:20:40;MANAGE;#16 SL 5046.65 -> 5097.45 breakeven
2026.01.27 22:20:59;MANAGE;#16 SL 5097.45 -> 5110.79 trail
2026.01.27 22:21:20;MANAGE;#16 SL 5110.79 -> 5115.23 trail
2026.01.27 22:30:00;VETO;outlier bar masked, z=4.8
2026.01.27 22:46:40;MANAGE;#16 SL 5115.23 -> 5116.32 trail
2026.01.27 22:47:20;MANAGE;#16 SL 5116.32 -> 5119.42 trail
2026.01.27 22:48:40;MANAGE;#16 SL 5119.42 -> 5127.38 trail
2026.01.27 22:53:40;RISK;deal closed pnl=76.13 streak=0 lock=0
2026.01.27 23:00:00;VETO;outlier bar masked, z=4.3
2026.01.28 03:30:00;DECISION;setup LONG score=0.75 entry=5193.91 inv=5076.37 tgt=0.00 [BOS long lvl=5190.46|RelVol=1.25|VPnear|VWAPside|ADX=33|RSI=75]
2026.01.28 03:30:00;VETO;authorization denied: outside session window (server hour 03, window 12-20)
2026.01.28 04:00:00;VETO;authorization denied: outside session window (server hour 04, window 12-20)
2026.01.28 04:30:00;VETO;authorization denied: outside session window (server hour 04, window 12-20)
2026.01.28 05:00:00;VETO;authorization denied: outside session window (server hour 05, window 12-20)
2026.01.28 17:30:00;VETO;outlier bar masked, z=7.1
2026.01.28 19:00:00;DECISION;setup LONG score=1.00 entry=5299.87 inv=5235.23 tgt=0.00 [BOS long lvl=5289.53|RelVol=1.31|VPnode d=0.27|VWAPside|CycleTurn w=-0.98<--1.00|RSI=66]
2026.01.28 19:00:00;DECISION;TP capped 129.30000 -> 96.97500 (3.0xATR)
2026.01.28 19:00:00;ORDER;filled BUY 0.01 lots sl=5235.23 tp=5396.86 [WT|BOS|1.00]
2026.01.28 19:00:00;RISK;sizing: vol_ratio=1.12 scalar=1.00 gap_buf=12.14000 eff_stop=76.79000
2026.01.28 19:00:00;ORDER;entry fill deal #18 BUY 0.01 @ 5299.88000
2026.01.28 22:00:00;VETO;outlier bar masked, z=4.1
2026.01.28 22:35:40;MANAGE;#18 SL 5235.23 -> 5299.92 breakeven
2026.01.28 22:35:59;MANAGE;#18 SL 5299.92 -> 5302.76 trail
2026.01.28 22:36:40;MANAGE;#18 SL 5302.76 -> 5307.03 trail
2026.01.28 22:37:40;MANAGE;#18 SL 5307.03 -> 5310.52 trail
2026.01.28 22:38:40;MANAGE;#18 SL 5310.52 -> 5314.23 trail
2026.01.28 22:39:20;MANAGE;#18 SL 5314.23 -> 5314.75 trail
2026.01.28 22:40:20;MANAGE;#18 SL 5314.75 -> 5317.61 trail
2026.01.28 22:41:40;MANAGE;#18 SL 5317.61 -> 5321.07 trail
2026.01.28 22:42:40;MANAGE;#18 SL 5321.07 -> 5327.24 trail
2026.01.28 22:43:20;MANAGE;#18 SL 5327.24 -> 5328.07 trail
2026.01.28 23:06:40;ERROR;modify #18 sl=5331.26 tp=5396.86 rejected rc=10018
2026.01.28 23:07:20;ERROR;modify #18 sl=5331.38 tp=5396.86 rejected rc=10018
2026.01.28 23:08:40;ERROR;modify #18 sl=5330.31 tp=5396.86 rejected rc=10018
2026.01.28 23:09:20;ERROR;modify #18 sl=5328.64 tp=5396.86 rejected rc=10018
2026.01.28 23:10:20;ERROR;modify #18 sl=5330.25 tp=5396.86 rejected rc=10018
2026.01.28 23:48:40;ERROR;modify #18 sl=5337.55 tp=5396.86 rejected rc=10018
2026.01.28 23:49:20;ERROR;modify #18 sl=5336.03 tp=5396.86 rejected rc=10018
2026.01.28 23:49:59;ERROR;modify #18 sl=5335.02 tp=5396.86 rejected rc=10018
2026.01.28 23:50:40;ERROR;modify #18 sl=5328.59 tp=5396.86 rejected rc=10018
2026.01.28 23:51:40;ERROR;modify #18 sl=5332.70 tp=5396.86 rejected rc=10018
2026.01.28 23:52:20;ERROR;modify #18 sl=5332.44 tp=5396.86 rejected rc=10018
2026.01.28 23:52:59;ERROR;modify #18 sl=5337.96 tp=5396.86 rejected rc=10018
2026.01.28 23:53:40;ERROR;modify #18 sl=5345.45 tp=5396.86 rejected rc=10018
2026.01.28 23:54:20;ERROR;modify #18 sl=5347.01 tp=5396.86 rejected rc=10018
2026.01.28 23:54:59;ERROR;modify #18 sl=5344.43 tp=5396.86 rejected rc=10018
2026.01.28 23:55:40;ERROR;modify #18 sl=5351.33 tp=5396.86 rejected rc=10018
2026.01.28 23:56:20;ERROR;modify #18 sl=5351.54 tp=5396.86 rejected rc=10018
2026.01.28 23:56:59;ERROR;modify #18 sl=5350.64 tp=5396.86 rejected rc=10018
2026.01.28 23:57:40;ERROR;modify #18 sl=5353.17 tp=5396.86 rejected rc=10018
2026.01.28 23:58:20;ERROR;modify #18 sl=5354.70 tp=5396.86 rejected rc=10018
2026.01.28 23:58:59;ERROR;modify #18 sl=5352.90 tp=5396.86 rejected rc=10018
2026.01.28 23:59:40;ERROR;modify #18 sl=5350.42 tp=5396.86 rejected rc=10018
2026.01.29 01:00:00;RISK;deal closed pnl=96.60 streak=0 lock=0
2026.01.29 01:30:00;VETO;outlier bar masked, z=7.4
2026.01.29 02:00:00;VETO;outlier bar masked, z=11.5
2026.01.29 02:30:00;VETO;outlier bar masked, z=5.1
2026.01.29 03:30:00;VETO;outlier bar masked, z=7.6
2026.01.29 07:00:00;DECISION;setup LONG score=0.90 entry=5558.36 inv=5445.46 tgt=0.00 [BOS long lvl=5551.81|RelVol=1.77|VPnode d=8.16|VWAPside|ADX=47|RSI=77]
2026.01.29 07:00:00;VETO;authorization denied: outside session window (server hour 07, window 12-20)
2026.01.29 07:30:00;VETO;authorization denied: outside session window (server hour 07, window 12-20)
2026.01.29 08:00:00;VETO;authorization denied: outside session window (server hour 08, window 12-20)
2026.01.29 08:30:00;VETO;authorization denied: outside session window (server hour 08, window 12-20)
2026.01.29 11:00:00;VETO;outlier bar masked, z=3.8
2026.01.29 16:30:00;DECISION;setup LONG score=0.80 entry=5550.20 inv=5470.82 tgt=0.00 AWAIT-RETEST [CHoCH long lvl=5542.99|RelVol=1.47|Retest@5550.20|VPnode d=1.60|VWAPside|RSI=59]
2026.01.29 16:30:00;DECISION;TP capped 158.77000 -> 119.07750 (3.0xATR)
2026.01.29 16:30:00;ERROR;limit BUY 0.01 @ 5550.20 sl=5470.82 tp=5669.28 rc=10015 [WT|CHOCH|0.80|RL]
2026.01.29 17:00:00;ORDER;filled BUY 0.02 lots sl=5470.82 tp=5549.33 [WT|CHOCH|0.80]
2026.01.29 17:00:00;RISK;sizing: vol_ratio=1.13 scalar=1.00 gap_buf=15.78607 eff_stop=41.95607
2026.01.29 17:00:00;ORDER;entry fill deal #20 BUY 0.02 @ 5496.99000
2026.01.29 17:01:40;RISK;deal closed pnl=-52.34 streak=1 lock=0
2026.01.29 17:30:00;VETO;outlier bar masked, z=32.7
2026.01.29 18:00:00;VETO;outlier bar masked, z=11.3
2026.01.29 18:30:00;VETO;outlier bar masked, z=8.1
2026.01.29 19:00:00;VETO;outlier bar masked, z=5.0
2026.01.29 19:30:00;VETO;outlier bar masked, z=6.8
2026.01.29 23:00:00;VETO;outlier bar masked, z=4.4
2026.01.30 03:30:00;VETO;outlier bar masked, z=4.2
2026.01.30 04:30:00;VETO;outlier bar masked, z=9.1
2026.01.30 05:00:00;VETO;outlier bar masked, z=4.0
2026.01.30 11:30:00;VETO;outlier bar masked, z=3.7
2026.01.30 12:00:00;VETO;outlier bar masked, z=3.8
2026.01.30 19:30:00;DECISION;setup SHORT score=0.85 entry=4925.38 inv=5113.56 tgt=0.00 [BOS short lvl=4941.99|RelVol=1.79|VWAPside|CycleTurn w=0.23<-0.95|ADX=34|RSI=29]
2026.01.30 19:30:00;DECISION;TP capped 376.36000 -> 282.27000 (3.0xATR)
2026.01.30 19:30:00;VETO;risk veto: size 0.00 < broker min 0.01 (risk too small for stop)
2026.01.30 20:30:00;VETO;outlier bar masked, z=5.7
2026.01.30 21:00:00;VETO;outlier bar masked, z=6.3
2026.02.02 01:30:00;VETO;outlier bar masked, z=6.2
2026.02.02 02:30:00;VETO;outlier bar masked, z=3.6
2026.02.02 03:30:00;VETO;outlier bar masked, z=5.0
2026.02.02 08:00:00;DECISION;setup SHORT score=0.75 entry=4549.57 inv=4947.93 tgt=0.00 [BOS short lvl=4584.54|RelVol=2.20|VPnear|VWAPside|ADX=47|RSI=29]
2026.02.02 08:00:00;VETO;authorization denied: outside session window (server hour 08, window 12-20)
2026.02.02 08:30:00;VETO;authorization denied: outside session window (server hour 08, window 12-20)
2026.02.02 09:00:00;VETO;authorization denied: outside session window (server hour 09, window 12-20)
2026.02.02 09:30:00;VETO;authorization denied: outside session window (server hour 09, window 12-20)
2026.02.02 18:00:00;DECISION;setup SHORT score=1.00 entry=4653.13 inv=4812.64 tgt=0.00 AWAIT-RETEST [BOS short lvl=4669.45|RelVol=1.28|Retest@4653.13|VPnode d=11.13|VWAPside|CycleTurn w=0.86<-0.95|RSI=39]
2026.02.02 18:00:00;VETO;retest limit risk veto: size 0.00 < broker min 0.01 (risk too small for stop)
2026.02.02 18:30:00;DECISION;TP capped 282.12000 -> 211.59000 (3.0xATR)
2026.02.02 18:30:00;VETO;risk veto: size 0.00 < broker min 0.01 (risk too small for stop)
2026.02.03 01:30:00;DECISION;setup LONG score=0.70 entry=4727.39 inv=4618.36 tgt=0.00 AWAIT-RETEST [CHoCH long lvl=4712.85|RelVol=1.64|Retest@4727.39|VPnode d=9.09|RSI=56]
2026.02.03 02:00:00;VETO;authorization denied: outside session window (server hour 02, window 12-20)
2026.02.03 02:30:00;VETO;authorization denied: outside session window (server hour 02, window 12-20)
2026.02.03 03:00:00;VETO;authorization denied: outside session window (server hour 03, window 12-20)
2026.02.03 03:30:00;VETO;authorization denied: outside session window (server hour 03, window 12-20)
2026.02.03 08:30:00;DECISION;setup LONG score=0.75 entry=4871.64 inv=4745.49 tgt=0.00 [BOS long lvl=4856.59|RelVol=1.39|VPnear|VWAPside|ADX=38|RSI=63]
2026.02.03 08:30:00;VETO;authorization denied: outside session window (server hour 08, window 12-20)
2026.02.03 09:00:00;VETO;authorization denied: outside session window (server hour 09, window 12-20)
2026.02.03 09:30:00;VETO;authorization denied: outside session window (server hour 09, window 12-20)
2026.02.03 10:00:00;VETO;authorization denied: outside session window (server hour 10, window 12-20)
2026.02.03 18:30:00;DECISION;setup LONG score=1.00 entry=4973.17 inv=4893.75 tgt=0.00 [BOS long lvl=4950.99|RelVol=1.18|VPnode d=22.17|VWAPside|CycleTurn w=-0.99<--0.99|ADX=30|RSI=69]
2026.02.03 18:30:00;DECISION;TP capped 158.90000 -> 119.17500 (3.0xATR)
2026.02.03 18:30:00;ORDER;filled BUY 0.01 lots sl=4893.75 tp=5092.38 [WT|BOS|1.00]
2026.02.03 18:30:00;RISK;sizing: vol_ratio=0.49 scalar=1.00 gap_buf=16.34321 eff_stop=95.79321
2026.02.03 18:30:00;ORDER;entry fill deal #22 BUY 0.01 @ 4973.20000
2026.02.03 20:32:40;RISK;deal closed pnl=-79.45 streak=1 lock=0
2026.02.04 03:00:00;DECISION;setup LONG score=1.00 entry=5015.72 inv=4910.22 tgt=0.00 [BOS long lvl=4993.77|RelVol=1.37|VPnode d=28.52|VWAPside|CycleTurn w=-0.67<--0.99|RSI=69]
2026.02.04 03:00:00;VETO;authorization denied: outside session window (server hour 03, window 12-20)
2026.02.04 03:30:00;VETO;authorization denied: outside session window (server hour 03, window 12-20)
2026.02.04 04:00:00;VETO;authorization denied: outside session window (server hour 04, window 12-20)
2026.02.04 04:30:00;VETO;authorization denied: outside session window (server hour 04, window 12-20)
2026.02.04 12:30:00;DECISION;setup SHORT score=0.55 entry=5045.52 inv=5091.94 tgt=0.00 AWAIT-RETEST [CHoCH short lvl=5051.10|RelVol=1.38|Retest@5045.52|VPnode d=7.72]
2026.02.04 12:30:00;DECISION;TP capped 92.83321 -> 69.62491 (3.0xATR)
2026.02.04 12:30:00;ORDER;limit SELL 0.01 @ 5045.52 sl=5091.94 tp=4975.90 rc=10009 [WT|CHOCH|0.55|RL]
2026.02.04 12:30:00;RISK;sizing: vol_ratio=0.49 scalar=1.00 gap_buf=11.15321 eff_stop=57.56982
2026.02.04 12:30:40;ORDER;entry fill deal #24 SELL 0.01 @ 5045.52000
2026.02.04 16:37:40;MANAGE;#24 SL 5091.94 -> 5045.48 breakeven
2026.02.04 16:38:40;RISK;deal closed pnl=69.62 streak=0 lock=0
2026.02.04 17:00:00;DECISION;setup SHORT score=0.65 entry=5006.44 inv=5091.94 tgt=0.00 AWAIT-RETEST [BOS short lvl=5013.69|RelVol=1.41|Retest@5006.44|VPnear|VWAPside|RSI=38]
2026.02.04 17:00:00;DECISION;TP capped 171.00821 -> 128.25616 (3.0xATR)
2026.02.04 17:00:00;ORDER;limit SELL 0.01 @ 5006.44 sl=5091.94 tp=4878.18 rc=10009 [WT|BOS|0.65|RL]
2026.02.04 17:00:00;RISK;sizing: vol_ratio=0.70 scalar=1.00 gap_buf=14.50821 eff_stop=100.01232
2026.02.04 17:07:40;ORDER;entry fill deal #26 SELL 0.01 @ 5006.44000
2026.02.04 17:33:40;MANAGE;#26 SL 5091.94 -> 5006.40 breakeven
2026.02.04 17:33:59;MANAGE;#26 SL 5006.40 -> 4988.21 trail
2026.02.04 17:34:40;MANAGE;#26 SL 4988.21 -> 4978.57 trail
2026.02.04 17:35:40;MANAGE;#26 SL 4978.57 -> 4974.68 trail
2026.02.04 17:36:40;MANAGE;#26 SL 4974.68 -> 4951.56 trail
2026.02.04 18:48:40;RISK;deal closed pnl=128.26 streak=0 lock=0
2026.02.05 05:00:00;VETO;outlier bar masked, z=6.7
2026.02.05 05:30:00;VETO;outlier bar masked, z=4.3
2026.02.05 16:00:00;DECISION;setup SHORT score=0.90 entry=4835.69 inv=4895.06 tgt=0.00 [BOS short lvl=4847.78|RelVol=1.29|StopFloored|VPnode d=15.49|VWAPside|ADX=33|RSI=38]
2026.02.05 16:00:00;ORDER;filled SELL 0.01 lots sl=4895.06 tp=4716.96 [WT|BOS|0.90]
2026.02.05 16:00:00;RISK;sizing: vol_ratio=1.04 scalar=1.00 gap_buf=19.78893 eff_stop=79.15571
2026.02.05 16:00:00;ORDER;entry fill deal #28 SELL 0.01 @ 4835.69000
2026.02.05 18:50:40;RISK;deal closed pnl=-59.37 streak=1 lock=0
2026.02.05 19:00:00;DECISION;setup LONG score=0.75 entry=4881.13 inv=4802.07 tgt=0.00 AWAIT-RETEST [CHoCH long lvl=4869.99|RelVol=1.55|Retest@4881.13|VPnode d=24.03|CycleTurn w=-0.53<--0.99]
2026.02.05 19:00:00;VETO;retest limit risk veto: size 0.00 < broker min 0.01 (risk too small for stop)
2026.02.05 19:30:00;ORDER;filled BUY 0.01 lots sl=4802.07 tp=4997.88 [WT|CHOCH|0.75]
2026.02.05 19:30:00;RISK;sizing: vol_ratio=1.13 scalar=1.00 gap_buf=22.31143 eff_stop=87.58143
2026.02.05 19:30:00;ORDER;entry fill deal #30 BUY 0.01 @ 4867.34000
2026.02.05 22:54:40;RISK;deal closed pnl=-65.27 streak=2 lock=0
2026.02.06 01:00:00;VETO;signal rejected: score 0.45 < 0.55 [CHoCH short lvl=4800.53|RelVol=1.87|Retest@4791.59|RSI=31]
2026.02.06 07:30:00;DECISION;setup LONG score=0.80 entry=4858.59 inv=4655.27 tgt=0.00 AWAIT-RETEST [CHoCH long lvl=4846.61|RelVol=1.15|Retest@4858.59|VPnode d=10.19|VWAPside|RSI=56]
2026.02.06 08:00:00;VETO;authorization denied: outside session window (server hour 08, window 12-20)
2026.02.06 08:30:00;VETO;authorization denied: outside session window (server hour 08, window 12-20)
2026.02.06 09:00:00;VETO;authorization denied: outside session window (server hour 09, window 12-20)
2026.02.06 09:30:00;VETO;authorization denied: outside session window (server hour 09, window 12-20)
2026.02.06 13:30:00;DECISION;setup LONG score=0.80 entry=4890.99 inv=4655.27 tgt=0.00 [BOS long lvl=4882.36|RelVol=1.14|VPnode d=12.41|VWAPside|RSI=59]
2026.02.06 13:30:00;DECISION;TP capped 471.52000 -> 353.64000 (3.0xATR)
2026.02.06 13:30:00;VETO;risk veto: size 0.00 < broker min 0.01 (risk too small for stop)
2026.02.09 01:30:00;DECISION;setup LONG score=1.00 entry=4976.91 inv=4936.61 tgt=0.00 AWAIT-RETEST [BOS long lvl=4971.48|RelVol=1.13|Retest@4976.91|VPnode d=9.31|CycleTurn w=-0.94<--0.98|ADX=31|RSI=76]
2026.02.09 04:00:00;VETO;authorization denied: outside session window (server hour 04, window 12-20)
2026.02.09 04:30:00;VETO;authorization denied: outside session window (server hour 04, window 12-20)
2026.02.09 05:00:00;VETO;authorization denied: outside session window (server hour 05, window 12-20)
2026.02.09 05:30:00;VETO;authorization denied: outside session window (server hour 05, window 12-20)
2026.02.09 12:30:00;DECISION;setup SHORT score=0.65 entry=4992.16 inv=5045.72 tgt=0.00 AWAIT-RETEST [CHoCH short lvl=4997.68|RelVol=1.21|Retest@4992.16|VPnode d=15.44|VWAPside]
2026.02.09 12:30:00;DECISION;TP capped 107.12286 -> 80.34214 (3.0xATR)
2026.02.09 12:30:00;ORDER;limit SELL 0.01 @ 4992.16 sl=5045.72 tp=4911.82 rc=10009 [WT|CHOCH|0.65|RL]
2026.02.09 12:30:00;RISK;sizing: vol_ratio=0.66 scalar=1.00 gap_buf=11.04286 eff_stop=64.60429
2026.02.09 12:30:20;ORDER;entry fill deal #32 SELL 0.01 @ 4992.16000
2026.02.09 17:33:40;RISK;deal closed pnl=-53.56 streak=1 lock=0
2026.02.09 18:00:00;VETO;signal rejected: volume: relVol 0.72 < 1.00
2026.02.10 01:30:00;VETO;outlier bar masked, z=5.8
2026.02.10 11:30:00;VETO;signal rejected: volume: relVol 0.81 < 1.00
2026.02.10 16:30:00;VETO;signal rejected: volume: relVol 0.81 < 1.00
2026.02.10 17:00:00;VETO;outlier bar masked, z=4.1
2026.02.10 18:00:00;DECISION;setup SHORT score=1.00 entry=5014.76 inv=5063.31 tgt=0.00 AWAIT-RETEST [CHoCH short lvl=5019.68|RelVol=1.22|Retest@5014.76|VPnode d=5.84|VWAPside|CycleTurn w=0.03<-0.84|RSI=42]
2026.02.10 18:00:00;DECISION;TP capped 97.10000 -> 72.82500 (3.0xATR)
2026.02.10 18:00:00;ERROR;limit SELL 0.01 @ 5014.76 sl=5063.31 tp=4941.93 rc=10015 [WT|CHOCH|1.00|RL]
2026.02.10 18:30:00;DECISION;TP capped 106.30000 -> 79.72500 (3.0xATR)
2026.02.10 18:30:00;ORDER;filled SELL 0.01 lots sl=5063.31 tp=4930.43 [WT|CHOCH|1.00]
2026.02.10 18:30:00;RISK;sizing: vol_ratio=0.97 scalar=1.00 gap_buf=11.02929 eff_stop=64.17929
2026.02.10 18:30:00;ORDER;entry fill deal #34 SELL 0.01 @ 5010.16000
2026.02.11 01:30:00;VETO;signal rejected: volume: relVol 0.64 < 1.00
2026.02.11 05:00:00;VETO;signal rejected: volume: relVol 0.54 < 1.00
2026.02.11 07:41:20;RISK;deal closed pnl=-53.20 streak=1 lock=0
2026.02.11 09:00:00;VETO;signal rejected: volume: relVol 0.73 < 1.00
2026.02.11 12:30:00;VETO;signal rejected: volume: relVol 0.87 < 1.00
2026.02.11 15:00:00;VETO;outlier bar masked, z=4.5
2026.02.11 16:00:00;VETO;outlier bar masked, z=7.1
2026.02.11 17:00:00;VETO;outlier bar masked, z=3.6
2026.02.12 01:30:00;VETO;outlier bar masked, z=4.6
2026.02.12 08:00:00;VETO;signal rejected: volume: relVol 0.53 < 1.00
2026.02.12 15:00:00;VETO;signal rejected: volume: relVol 0.83 < 1.00
2026.02.12 17:00:00;VETO;signal rejected: volume: relVol 0.89 < 1.00
2026.02.12 18:30:00;VETO;outlier bar masked, z=26.2
2026.02.12 19:00:00;VETO;outlier bar masked, z=8.4
2026.02.12 19:30:00;VETO;outlier bar masked, z=3.9
2026.02.12 20:30:00;VETO;outlier bar masked, z=3.8
2026.02.13 01:30:00;VETO;outlier bar masked, z=3.6
2026.02.13 03:30:00;VETO;outlier bar masked, z=4.8
2026.02.13 16:30:00;VETO;signal rejected: volume: relVol 0.85 < 1.00
2026.02.13 18:30:00;VETO;outlier bar masked, z=4.7
2026.02.13 21:30:00;VETO;signal rejected: volume: relVol 0.85 < 1.00
2026.02.16 05:00:00;VETO;signal rejected: volume: relVol 0.62 < 1.00
2026.02.17 03:00:00;VETO;outlier bar masked, z=4.1
2026.02.17 07:30:00;VETO;outlier bar masked, z=7.0
2026.02.17 08:00:00;VETO;outlier bar masked, z=3.8
2026.02.17 14:30:00;VETO;signal rejected: volume: relVol 0.84 < 1.00
2026.02.17 16:00:00;VETO;outlier bar masked, z=5.5
2026.02.17 16:30:00;VETO;outlier bar masked, z=6.8
2026.02.17 17:00:00;VETO;outlier bar masked, z=4.9
2026.02.18 02:00:00;VETO;signal rejected: volume: relVol 0.79 < 1.00
2026.02.18 05:30:00;VETO;signal rejected: volume: relVol 0.48 < 1.00
2026.02.18 11:00:00;VETO;signal rejected: volume: relVol 0.56 < 1.00
2026.02.18 15:00:00;VETO;signal rejected: volume: relVol 0.81 < 1.00
2026.02.18 17:00:00;VETO;outlier bar masked, z=4.3
2026.02.19 02:30:00;VETO;signal rejected: volume: relVol 0.62 < 1.00
2026.02.19 07:30:00;VETO;signal rejected: volume: relVol 0.61 < 1.00
2026.02.19 17:00:00;VETO;outlier bar masked, z=5.7
2026.02.20 08:30:00;VETO;signal rejected: volume: relVol 0.60 < 1.00
2026.02.20 11:30:00;VETO;signal rejected: volume: relVol 0.85 < 1.00
2026.02.20 16:00:00;VETO;outlier bar masked, z=3.7
2026.02.20 17:30:00;VETO;outlier bar masked, z=12.2
2026.02.20 18:00:00;VETO;outlier bar masked, z=4.4
2026.02.20 22:00:00;VETO;signal rejected: volume: relVol 0.58 < 1.00
2026.02.23 01:30:00;VETO;outlier bar masked, z=7.0
2026.02.23 02:30:00;VETO;outlier bar masked, z=4.5
2026.02.23 05:00:00;VETO;signal rejected: volume: relVol 0.72 < 1.00
2026.02.23 09:00:00;VETO;signal rejected: volume: relVol 0.70 < 1.00
2026.02.23 15:00:00;VETO;signal rejected: volume: relVol 0.82 < 1.00
2026.02.23 18:30:00;VETO;outlier bar masked, z=4.4
2026.02.23 22:30:00;VETO;signal rejected: volume: relVol 0.74 < 1.00
2026.02.24 03:30:00;VETO;outlier bar masked, z=9.9
2026.02.24 15:00:00;VETO;signal rejected: volume: relVol 0.98 < 1.00
2026.02.24 16:00:00;VETO;outlier bar masked, z=4.9
2026.02.25 01:00:00;VETO;signal rejected: volume: relVol 0.66 < 1.00
2026.02.25 03:30:00;VETO;outlier bar masked, z=4.1
2026.02.25 07:30:00;VETO;signal rejected: volume: relVol 0.78 < 1.00
2026.02.25 18:30:00;VETO;signal rejected: volume: relVol 0.65 < 1.00
2026.02.25 23:00:00;VETO;outlier bar masked, z=4.8
2026.02.26 07:30:00;VETO;signal rejected: volume: relVol 0.80 < 1.00
2026.02.26 14:00:00;VETO;signal rejected: volume: relVol 0.77 < 1.00
2026.02.26 17:00:00;VETO;outlier bar masked, z=3.7
2026.02.26 17:30:00;VETO;outlier bar masked, z=4.4
2026.02.26 18:00:00;VETO;outlier bar masked, z=6.0
2026.02.27 04:00:00;VETO;signal rejected: volume: relVol 0.86 < 1.00
2026.02.27 09:30:00;VETO;signal rejected: volume: relVol 0.88 < 1.00
2026.02.27 14:00:00;VETO;signal rejected: volume: relVol 0.72 < 1.00
2026.02.27 15:30:00;VETO;outlier bar masked, z=7.7
2026.02.27 18:30:00;VETO;outlier bar masked, z=4.2
2026.02.27 23:00:00;VETO;signal rejected: volume: relVol 0.91 < 1.00
2026.03.02 01:30:00;VETO;outlier bar masked, z=15.1
2026.03.02 02:00:00;VETO;outlier bar masked, z=4.7
2026.03.02 02:30:00;VETO;outlier bar masked, z=4.5
2026.03.02 03:30:00;VETO;outlier bar masked, z=5.4
2026.03.02 08:30:00;VETO;signal rejected: volume: relVol 0.91 < 1.00
2026.03.02 16:30:00;VETO;outlier bar masked, z=10.0
2026.03.02 17:00:00;VETO;outlier bar masked, z=4.8
2026.03.02 18:00:00;VETO;outlier bar masked, z=3.7
2026.03.02 18:30:00;VETO;outlier bar masked, z=5.5
2026.03.03 02:30:00;VETO;signal rejected: volume: relVol 0.59 < 1.00
2026.03.03 08:00:00;VETO;outlier bar masked, z=4.6
2026.03.03 11:30:00;VETO;outlier bar masked, z=6.6
2026.03.03 13:30:00;VETO;outlier bar masked, z=13.2
2026.03.03 14:00:00;VETO;outlier bar masked, z=6.3
2026.03.03 14:30:00;VETO;outlier bar masked, z=5.0
2026.03.03 15:30:00;VETO;outlier bar masked, z=5.6
2026.03.03 16:00:00;VETO;outlier bar masked, z=3.8
2026.03.03 17:00:00;VETO;outlier bar masked, z=10.3
2026.03.03 17:30:00;VETO;outlier bar masked, z=4.9
2026.03.03 21:00:00;DECISION;setup LONG score=0.75 entry=5144.15 inv=4995.97 tgt=0.00 AWAIT-RETEST [CHoCH long lvl=5134.82|RelVol=1.53|Retest@5144.15|VPnode d=21.35|CycleTurn w=0.10<--0.79]
2026.03.03 21:30:00;VETO;authorization denied: outside session window (server hour 21, window 12-20)
2026.03.03 22:00:00;VETO;authorization denied: outside session window (server hour 22, window 12-20)
2026.03.03 22:30:00;VETO;authorization denied: outside session window (server hour 22, window 12-20)
2026.03.03 23:00:00;VETO;authorization denied: outside session window (server hour 23, window 12-20)
2026.03.04 04:00:00;DECISION;setup LONG score=0.80 entry=5156.15 inv=5082.96 tgt=0.00 AWAIT-RETEST [BOS long lvl=5149.04|RelVol=1.44|Retest@5156.15|VPnode d=0.75|VWAPside|RSI=56]
2026.03.04 05:00:00;VETO;authorization denied: outside session window (server hour 05, window 12-20)
2026.03.04 05:30:00;VETO;authorization denied: outside session window (server hour 05, window 12-20)
2026.03.04 06:00:00;VETO;authorization denied: outside session window (server hour 06, window 12-20)
2026.03.04 06:30:00;VETO;authorization denied: outside session window (server hour 06, window 12-20)
2026.03.04 08:30:00;DECISION;setup SHORT score=0.85 entry=5135.32 inv=5191.09 tgt=0.00 AWAIT-RETEST [CHoCH short lvl=5141.03|RelVol=1.61|Retest@5135.32|VPnode d=8.48|VWAPside|CycleTurn w=0.97<-0.98]
2026.03.04 09:00:00;VETO;authorization denied: outside session window (server hour 09, window 12-20)
2026.03.04 09:30:00;VETO;authorization denied: outside session window (server hour 09, window 12-20)
2026.03.04 10:00:00;VETO;authorization denied: outside session window (server hour 10, window 12-20)
2026.03.04 10:30:00;VETO;authorization denied: outside session window (server hour 10, window 12-20)
2026.03.04 13:30:00;VETO;signal rejected: volume: relVol 0.83 < 1.00
2026.03.04 17:00:00;DECISION;setup SHORT score=1.00 entry=5150.74 inv=5206.14 tgt=0.00 AWAIT-RETEST [CHoCH short lvl=5156.27|RelVol=1.26|Retest@5150.74|VPnode d=1.74|VWAPside|CycleTurn w=-0.69<-0.14|RSI=43]
2026.03.04 17:00:00;DECISION;TP capped 110.79643 -> 83.09732 (3.0xATR)
2026.03.04 17:00:00;ORDER;limit SELL 0.01 @ 5150.74 sl=5206.14 tp=5067.64 rc=10009 [WT|CHOCH|1.00|RL]
2026.03.04 17:00:00;RISK;sizing: vol_ratio=0.71 scalar=1.00 gap_buf=11.05643 eff_stop=66.45464
2026.03.04 17:00:40;ORDER;entry fill deal #36 SELL 0.01 @ 5150.74000
2026.03.04 20:30:00;DECISION;setup SHORT score=0.80 entry=5124.01 inv=5206.14 tgt=0.00 [BOS short lvl=5131.30|RelVol=1.45|VPnode d=13.79|VWAPside|RSI=38]
2026.03.04 20:30:00;VETO;authorization denied: outside session window (server hour 20, window 12-20)
2026.03.04 21:00:00;VETO;authorization denied: outside session window (server hour 21, window 12-20)
2026.03.04 21:30:00;VETO;authorization denied: outside session window (server hour 21, window 12-20)
2026.03.04 22:00:00;VETO;authorization denied: outside session window (server hour 22, window 12-20)
2026.03.05 15:23:40;MANAGE;#36 SL 5206.14 -> 5150.70 breakeven
2026.03.05 15:23:59;MANAGE;#36 SL 5150.70 -> 5121.19 trail
2026.03.05 15:24:20;MANAGE;#36 SL 5121.19 -> 5121.01 trail
2026.03.05 15:28:40;RISK;deal closed pnl=29.59 streak=0 lock=0
2026.03.05 15:30:00;VETO;outlier bar masked, z=5.2
2026.03.05 18:30:00;DECISION;setup SHORT score=0.65 entry=5077.60 inv=5171.53 tgt=0.00 AWAIT-RETEST [BOS short lvl=5083.30|RelVol=1.06|Retest@5077.60|VWAPside|ADX=38|RSI=27]
2026.03.05 18:30:00;VETO;retest limit risk veto: size 0.00 < broker min 0.01 (risk too small for stop)
2026.03.05 19:00:00;DECISION;TP capped 187.60000 -> 140.70000 (3.0xATR)
2026.03.05 19:00:00;VETO;risk veto: size 0.00 < broker min 0.01 (risk too small for stop)
2026.03.06 04:00:00;VETO;outlier bar masked, z=4.3
2026.03.06 16:00:00;VETO;outlier bar masked, z=5.3
2026.03.06 16:30:00;DECISION;setup LONG score=0.95 entry=5104.49 inv=5062.82 tgt=0.00 [BOS long lvl=5099.82|RelVol=1.30|VPnode d=13.31|VWAPside|CycleTurn w=-0.94<--0.99|ADX=50]
2026.03.06 16:30:00;DECISION;TP capped 83.42000 -> 62.56500 (3.0xATR)
2026.03.06 16:30:00;ORDER;filled BUY 0.01 lots sl=5062.82 tp=5167.09 [WT|BOS|0.95]
2026.03.06 16:30:00;RISK;sizing: vol_ratio=1.11 scalar=1.00 gap_buf=11.45857 eff_stop=53.16857
2026.03.06 16:30:00;ORDER;entry fill deal #38 BUY 0.01 @ 5104.53000
2026.03.06 17:00:00;VETO;outlier bar masked, z=3.9
2026.03.06 17:02:40;MANAGE;#38 SL 5062.82 -> 5104.57 breakeven
2026.03.06 17:02:59;MANAGE;#38 SL 5104.57 -> 5106.69 trail
2026.03.06 17:03:20;MANAGE;#38 SL 5106.69 -> 5108.10 trail
2026.03.06 17:06:40;MANAGE;#38 SL 5108.10 -> 5108.50 trail
2026.03.06 17:24:40;RISK;deal closed pnl=62.57 streak=0 lock=0
2026.03.09 01:30:00;VETO;outlier bar masked, z=8.2
2026.03.09 02:00:00;VETO;outlier bar masked, z=5.8
2026.03.09 02:30:00;VETO;outlier bar masked, z=4.6
2026.03.09 03:30:00;VETO;outlier bar masked, z=7.2
2026.03.09 08:00:00;VETO;outlier bar masked, z=3.7
2026.03.09 13:30:00;DECISION;setup SHORT score=1.00 entry=5081.57 inv=5132.61 tgt=0.00 AWAIT-RETEST [CHoCH short lvl=5087.10|RelVol=1.26|Retest@5081.57|VPnode d=9.73|VWAPside|CycleTurn w=0.66<-0.97|RSI=45]
2026.03.09 13:30:00;DECISION;TP capped 102.08107 -> 76.56080 (3.0xATR)
2026.03.09 13:30:00;ERROR;limit SELL 0.01 @ 5081.57 sl=5132.61 tp=5005.01 rc=10015 [WT|CHOCH|1.00|RL]
2026.03.09 14:00:00;DECISION;TP capped 89.08000 -> 67.38857 (3.0xATR)
2026.03.09 14:00:00;ORDER;filled SELL 0.01 lots sl=5132.61 tp=5020.68 [WT|CHOCH|1.00]
2026.03.09 14:00:00;RISK;sizing: vol_ratio=0.97 scalar=1.00 gap_buf=11.23143 eff_stop=55.77143
2026.03.09 14:00:00;ORDER;entry fill deal #40 SELL 0.01 @ 5088.07000
2026.03.09 16:00:00;DECISION;setup SHORT score=1.00 entry=5074.14 inv=5132.61 tgt=0.00 [BOS short lvl=5079.84|RelVol=1.51|VPnode d=0.14|VWAPside|CycleTurn w=-0.76<--0.69|RSI=42]
2026.03.09 16:00:00;DECISION;TP capped 116.94000 -> 87.70500 (3.0xATR)
2026.03.09 16:00:00;VETO;risk veto: max positions
2026.03.09 21:00:00;VETO;signal rejected: volume: relVol 0.77 < 1.00
2026.03.09 21:19:40;RISK;deal closed pnl=-44.54 streak=1 lock=0
2026.03.10 03:30:00;VETO;outlier bar masked, z=3.5
2026.03.10 15:30:00;VETO;outlier bar masked, z=3.5
2026.03.10 18:30:00;VETO;signal rejected: volume: relVol 0.58 < 1.00
2026.03.10 20:30:00;VETO;outlier bar masked, z=6.4
2026.03.11 10:30:00;VETO;signal rejected: volume: relVol 0.84 < 1.00
2026.03.11 15:00:00;DECISION;setup SHORT score=0.75 entry=5167.57 inv=5210.82 tgt=0.00 [BOS short lvl=5175.44|RelVol=1.57|VPnear|VWAPside|ADX=31|RSI=35]
2026.03.11 15:00:00;DECISION;TP capped 86.50000 -> 64.87500 (3.0xATR)
2026.03.11 15:00:00;ORDER;filled SELL 0.01 lots sl=5210.82 tp=5102.69 [WT|BOS|0.75]
2026.03.11 15:00:00;RISK;sizing: vol_ratio=0.88 scalar=1.00 gap_buf=7.24071 eff_stop=50.49071
2026.03.11 15:00:00;ORDER;entry fill deal #42 SELL 0.01 @ 5167.57000
2026.03.11 22:00:00;VETO;signal rejected: volume: relVol 0.63 < 1.00
2026.03.12 01:00:00;VETO;outlier bar masked, z=4.3
2026.03.12 07:00:00;VETO;signal rejected: volume: relVol 0.80 < 1.00
2026.03.12 10:00:00;VETO;signal rejected: volume: relVol 0.77 < 1.00
2026.03.12 17:11:40;MANAGE;#42 SL 5210.82 -> 5167.53 breakeven
2026.03.12 17:11:59;MANAGE;#42 SL 5167.53 -> 5145.59 trail
2026.03.12 17:12:00;MANAGE;#42 SL 5145.59 -> 5145.42 trail
2026.03.12 17:12:40;MANAGE;#42 SL 5145.42 -> 5141.80 trail
2026.03.12 17:30:00;VETO;signal rejected: volume: relVol 0.78 < 1.00
2026.03.12 19:41:40;MANAGE;#42 SL 5141.80 -> 5139.62 trail
2026.03.12 19:55:20;MANAGE;#42 SL 5139.62 -> 5138.46 trail
2026.03.12 19:58:40;RISK;deal closed pnl=64.73 streak=0 lock=0
2026.03.12 20:00:00;VETO;signal rejected: volume: relVol 0.98 < 1.00
2026.03.13 17:00:00;VETO;outlier bar masked, z=7.8
2026.03.13 17:30:00;VETO;outlier bar masked, z=3.5
2026.03.13 18:00:00;VETO;outlier bar masked, z=4.1
2026.03.13 22:00:00;DECISION;setup SHORT score=0.55 entry=5016.44 inv=5063.88 tgt=0.00 [BOS short lvl=5019.04|RelVol=1.09|VWAPside|RSI=31]
2026.03.13 22:00:00;VETO;authorization denied: outside session window (server hour 22, window 12-20)
2026.03.13 22:30:00;VETO;authorization denied: outside session window (server hour 22, window 12-20)
2026.03.16 00:00:00;VETO;authorization denied: outside session window (server hour 00, window 12-20)
2026.03.16 00:30:00;VETO;authorization denied: outside session window (server hour 00, window 12-20)
2026.03.16 01:30:00;VETO;outlier bar masked, z=7.6
2026.03.16 03:30:00;VETO;outlier bar masked, z=4.5
2026.03.16 08:30:00;VETO;signal rejected: volume: relVol 0.90 < 1.00
2026.03.16 12:00:00;VETO;signal rejected: volume: relVol 0.95 < 1.00
2026.03.17 04:00:00;VETO;signal rejected: volume: relVol 0.66 < 1.00
2026.03.17 12:30:00;VETO;signal rejected: volume: relVol 0.65 < 1.00
2026.03.18 05:00:00;VETO;signal rejected: volume: relVol 0.61 < 1.00
2026.03.18 13:00:00;VETO;signal rejected: volume: relVol 0.93 < 1.00
2026.03.18 14:00:00;VETO;outlier bar masked, z=3.8
2026.03.18 14:30:00;VETO;outlier bar masked, z=3.8
2026.03.18 15:30:00;VETO;outlier bar masked, z=5.3
2026.03.18 21:00:00;VETO;outlier bar masked, z=3.5
2026.03.18 22:30:00;VETO;outlier bar masked, z=4.2
2026.03.19 09:00:00;VETO;outlier bar masked, z=8.8
2026.03.19 10:00:00;VETO;outlier bar masked, z=4.2
2026.03.19 12:30:00;VETO;outlier bar masked, z=4.2
2026.03.19 14:30:00;VETO;outlier bar masked, z=4.0
2026.03.19 15:00:00;VETO;outlier bar masked, z=7.7
2026.03.19 15:30:00;VETO;outlier bar masked, z=6.9
2026.03.19 16:00:00;VETO;outlier bar masked, z=7.0
2026.03.19 16:30:00;VETO;outlier bar masked, z=4.9
2026.03.19 22:30:00;VETO;signal rejected: volume: relVol 0.78 < 1.00
2026.03.20 00:30:00;DECISION;setup LONG score=0.75 entry=4666.41 inv=4566.23 tgt=0.00 [BOS long lvl=4663.38|RelVol=1.16|VPnode d=0.91|VWAPside|ADX=36]
2026.03.20 00:30:00;VETO;authorization denied: outside session window (server hour 00, window 12-20)
2026.03.20 01:00:00;VETO;authorization denied: outside session window (server hour 01, window 12-20)
2026.03.20 01:30:00;VETO;authorization denied: outside session window (server hour 01, window 12-20)
2026.03.20 02:00:00;VETO;authorization denied: outside session window (server hour 02, window 12-20)
2026.03.20 04:00:00;VETO;signal rejected: volume: relVol 0.88 < 1.00
2026.03.20 12:30:00;DECISION;setup SHORT score=1.00 entry=4655.79 inv=4734.87 tgt=0.00 AWAIT-RETEST [CHoCH short lvl=4661.50|RelVol=1.31|Retest@4655.79|VPnode d=12.79|VWAPside|CycleTurn w=-0.59<-0.22|RSI=43]
2026.03.20 12:30:00;DECISION;TP capped 158.15857 -> 118.61893 (3.0xATR)
2026.03.20 12:30:00;ERROR;limit SELL 0.01 @ 4655.79 sl=4734.87 tp=4537.17 rc=10015 [WT|CHOCH|1.00|RL]
2026.03.20 13:00:00;DECISION;TP capped 179.00000 -> 134.25000 (3.0xATR)
2026.03.20 13:00:00;VETO;risk veto: size 0.00 < broker min 0.01 (risk too small for stop)
2026.03.20 16:00:00;DECISION;setup SHORT score=0.65 entry=4616.45 inv=4695.44 tgt=0.00 [BOS short lvl=4637.22|RelVol=1.10|VPnear|VWAPside|RSI=35]
2026.03.20 16:00:00;DECISION;TP capped 158.06000 -> 118.54500 (3.0xATR)
2026.03.20 16:00:00;ORDER;filled SELL 0.01 lots sl=4695.44 tp=4497.86 [WT|BOS|0.65]
2026.03.20 16:00:00;RISK;sizing: vol_ratio=0.98 scalar=1.00 gap_buf=13.90679 eff_stop=92.93679
2026.03.20 16:00:00;ORDER;entry fill deal #44 SELL 0.01 @ 4616.41000
2026.03.20 20:22:40;MANAGE;#44 SL 4695.44 -> 4616.37 breakeven
2026.03.20 20:22:59;MANAGE;#44 SL 4616.37 -> 4609.44 trail
2026.03.20 20:23:20;MANAGE;#44 SL 4609.44 -> 4607.58 trail
2026.03.20 20:42:40;MANAGE;#44 SL 4607.58 -> 4603.94 trail
2026.03.20 20:43:40;MANAGE;#44 SL 4603.94 -> 4598.38 trail
2026.03.20 20:44:40;MANAGE;#44 SL 4598.38 -> 4596.41 trail
2026.03.20 20:45:20;MANAGE;#44 SL 4596.41 -> 4595.83 trail
2026.03.20 20:46:40;MANAGE;#44 SL 4595.83 -> 4594.46 trail
2026.03.20 20:47:40;MANAGE;#44 SL 4594.46 -> 4585.84 trail
2026.03.20 20:48:40;MANAGE;#44 SL 4585.84 -> 4582.76 trail
2026.03.20 20:49:40;MANAGE;#44 SL 4582.76 -> 4582.31 trail
2026.03.20 20:50:40;MANAGE;#44 SL 4582.31 -> 4572.76 trail
2026.03.20 20:55:40;RISK;deal closed pnl=118.54 streak=0 lock=0
2026.03.20 21:00:00;VETO;outlier bar masked, z=3.9
2026.03.23 00:30:00;VETO;outlier bar masked, z=3.9
2026.03.23 02:30:00;DECISION;setup SHORT score=0.90 entry=4427.03 inv=4536.29 tgt=0.00 [BOS short lvl=4449.59|RelVol=1.47|VPnode d=20.57|VWAPside|ADX=58|RSI=23]
2026.03.23 02:30:00;VETO;authorization denied: outside session window (server hour 02, window 12-20)
2026.03.23 03:00:00;VETO;outlier bar masked, z=5.6
2026.03.23 03:30:00;VETO;outlier bar masked, z=5.4
2026.03.23 04:00:00;VETO;authorization denied: outside session window (server hour 04, window 12-20)
2026.03.23 04:30:00;VETO;authorization denied: outside session window (server hour 04, window 12-20)
2026.03.23 05:00:00;VETO;authorization denied: outside session window (server hour 05, window 12-20)
2026.03.23 08:00:00;DECISION;setup SHORT score=0.90 entry=4310.34 inv=4536.29 tgt=0.00 [BOS short lvl=4335.18|RelVol=1.44|VPnode d=7.06|VWAPside|ADX=62|RSI=26]
2026.03.23 08:00:00;VETO;authorization denied: outside session window (server hour 08, window 12-20)
2026.03.23 08:30:00;VETO;authorization denied: outside session window (server hour 08, window 12-20)
2026.03.23 09:00:00;VETO;outlier bar masked, z=3.5
2026.03.23 09:30:00;VETO;outlier bar masked, z=5.8
2026.03.23 10:00:00;VETO;outlier bar masked, z=4.5
2026.03.23 10:30:00;VETO;authorization denied: outside session window (server hour 10, window 12-20)
2026.03.23 11:00:00;VETO;authorization denied: outside session window (server hour 11, window 12-20)
2026.03.23 13:30:00;VETO;outlier bar masked, z=10.1
2026.03.23 15:00:00;VETO;outlier bar masked, z=4.8
2026.03.24 03:30:00;DECISION;setup SHORT score=1.00 entry=4351.26 inv=4448.36 tgt=0.00 AWAIT-RETEST [CHoCH short lvl=4361.27|RelVol=1.16|Retest@4351.26|VPnode d=11.94|VWAPside|CycleTurn w=-0.54<-0.40|RSI=43]
2026.03.24 04:00:00;VETO;authorization denied: outside session window (server hour 04, window 12-20)
2026.03.24 04:30:00;VETO;authorization denied: outside session window (server hour 04, window 12-20)
2026.03.24 05:00:00;VETO;authorization denied: outside session window (server hour 05, window 12-20)
2026.03.24 05:30:00;VETO;authorization denied: outside session window (server hour 05, window 12-20)
2026.03.24 08:30:00;DECISION;setup LONG score=0.85 entry=4389.57 inv=4305.89 tgt=0.00 AWAIT-RETEST [CHoCH long lvl=4379.28|RelVol=1.22|Retest@4389.57|VPnode d=15.77|VWAPside|CycleTurn w=-0.95<--1.00]
2026.03.24 09:00:00;VETO;authorization denied: outside session window (server hour 09, window 12-20)
2026.03.24 09:30:00;VETO;authorization denied: outside session window (server hour 09, window 12-20)
2026.03.24 10:00:00;VETO;authorization denied: outside session window (server hour 10, window 12-20)
2026.03.24 10:30:00;VETO;authorization denied: outside session window (server hour 10, window 12-20)
2026.03.24 13:00:00;DECISION;setup LONG score=0.90 entry=4438.77 inv=4319.88 tgt=0.00 [BOS long lvl=4432.68|RelVol=1.03|VPnode d=3.23|VWAPside|ADX=34|RSI=61]
2026.03.24 13:00:00;DECISION;TP capped 237.86000 -> 178.39500 (3.0xATR)
2026.03.24 13:00:00;VETO;risk veto: size 0.00 < broker min 0.01 (risk too small for stop)
2026.03.24 22:30:00;DECISION;setup LONG score=0.85 entry=4455.64 inv=4372.15 tgt=0.00 [BOS long lvl=4433.89|RelVol=1.26|VPnear|VWAPside|CycleTurn w=-0.84<--1.00|RSI=62]
2026.03.24 22:30:00;VETO;authorization denied: outside session window (server hour 22, window 12-20)
2026.03.25 00:00:00;VETO;authorization denied: outside session window (server hour 00, window 12-20)
2026.03.25 00:30:00;VETO;authorization denied: outside session window (server hour 00, window 12-20)
2026.03.25 01:00:00;VETO;authorization denied: outside session window (server hour 01, window 12-20)
2026.03.25 13:30:00;VETO;signal rejected: volume: relVol 0.90 < 1.00
2026.03.25 21:30:00;DECISION;setup SHORT score=0.65 entry=4518.46 inv=4579.26 tgt=0.00 AWAIT-RETEST [CHoCH short lvl=4525.13|RelVol=1.27|Retest@4518.46|VPnear|VWAPside|RSI=37]
2026.03.25 22:00:00;VETO;authorization denied: outside session window (server hour 22, window 12-20)
2026.03.25 22:30:00;VETO;authorization denied: outside session window (server hour 22, window 12-20)
2026.03.26 00:00:00;VETO;authorization denied: outside session window (server hour 00, window 12-20)
2026.03.26 00:30:00;VETO;authorization denied: outside session window (server hour 00, window 12-20)
2026.03.26 07:30:00;DECISION;setup SHORT score=0.65 entry=4493.63 inv=4544.42 tgt=0.00 [BOS short lvl=4499.96|RelVol=1.10|VPnear|VWAPside|RSI=38]
2026.03.26 07:30:00;VETO;authorization denied: outside session window (server hour 07, window 12-20)
2026.03.26 08:00:00;VETO;authorization denied: outside session window (server hour 08, window 12-20)
2026.03.26 08:30:00;VETO;authorization denied: outside session window (server hour 08, window 12-20)
2026.03.26 09:00:00;VETO;authorization denied: outside session window (server hour 09, window 12-20)
2026.03.26 16:30:00;VETO;signal rejected: volume: relVol 0.99 < 1.00
2026.03.26 18:30:00;VETO;signal rejected: volume: relVol 0.90 < 1.00
2026.03.26 22:00:00;VETO;signal rejected: volume: relVol 0.97 < 1.00
2026.03.26 22:30:00;VETO;outlier bar masked, z=4.1
2026.03.27 04:30:00;VETO;signal rejected: volume: relVol 0.82 < 1.00
2026.03.27 17:00:00;VETO;outlier bar masked, z=4.1
2026.03.30 02:00:00;VETO;signal rejected: volume: relVol 0.94 < 1.00
2026.03.30 09:00:00;VETO;signal rejected: volume: relVol 0.92 < 1.00
2026.03.30 14:30:00;VETO;signal rejected: volume: relVol 0.79 < 1.00
2026.03.30 22:00:00;VETO;signal rejected: volume: relVol 0.74 < 1.00
2026.03.31 04:00:00;DECISION;setup LONG score=1.00 entry=4528.16 inv=4493.05 tgt=0.00 AWAIT-RETEST [CHoCH long lvl=4523.00|RelVol=1.01|Retest@4528.16|VPnode d=2.56|VWAPside|CycleTurn w=-0.90<--0.98|RSI=60]
2026.03.31 14:30:00;DECISION;setup LONG score=0.80 entry=4575.31 inv=4543.24 tgt=0.00 [BOS long lvl=4575.21|RelVol=1.14|VPnode d=9.69|VWAPside|RSI=58]
2026.03.31 14:30:00;DECISION;TP capped 64.22000 -> 51.74786 (3.0xATR)
2026.03.31 14:30:00;ORDER;filled BUY 0.02 lots sl=4543.24 tp=4627.10 [WT|BOS|0.80]
2026.03.31 14:30:00;RISK;sizing: vol_ratio=0.77 scalar=1.00 gap_buf=8.62464 eff_stop=40.73464
2026.03.31 14:30:00;ORDER;entry fill deal #46 BUY 0.02 @ 4575.35000
2026.03.31 16:54:40;MANAGE;#46 SL 4543.24 -> 4575.39 breakeven
2026.03.31 16:54:40;MANAGE;#46 partial close 0.01 of 0.02 lots
2026.03.31 16:54:40;RISK;deal closed pnl=34.58 streak=0 lock=0
2026.03.31 17:01:20;MANAGE;#46 SL 4575.39 -> 4575.55 trail
2026.03.31 17:02:40;MANAGE;#46 SL 4575.55 -> 4581.01 trail
2026.03.31 17:03:20;MANAGE;#46 SL 4581.01 -> 4583.56 trail
2026.03.31 17:33:40;MANAGE;#46 SL 4583.56 -> 4584.91 trail
2026.03.31 17:34:20;RISK;deal closed pnl=51.75 streak=0 lock=0
2026.03.31 20:00:00;DECISION;setup LONG score=0.65 entry=4638.14 inv=4567.84 tgt=0.00 [BOS long lvl=4630.13|RelVol=1.37|VPnear|VWAPside|RSI=69]
2026.03.31 20:00:00;VETO;authorization denied: outside session window (server hour 20, window 12-20)
2026.03.31 20:30:00;VETO;authorization denied: outside session window (server hour 20, window 12-20)
2026.03.31 21:00:00;VETO;authorization denied: outside session window (server hour 21, window 12-20)
2026.03.31 21:30:00;VETO;authorization denied: outside session window (server hour 21, window 12-20)
2026.04.01 10:00:00;DECISION;setup LONG score=0.95 entry=4730.62 inv=4667.06 tgt=0.00 [BOS long lvl=4724.23|RelVol=1.21|VPnear|VWAPside|CycleTurn w=-0.93<--0.99|ADX=33|RSI=72]
2026.04.01 10:00:00;VETO;authorization denied: outside session window (server hour 10, window 12-20)
2026.04.01 10:30:00;VETO;authorization denied: outside session window (server hour 10, window 12-20)
2026.04.01 11:00:00;VETO;authorization denied: outside session window (server hour 11, window 12-20)
2026.04.01 11:30:00;VETO;authorization denied: outside session window (server hour 11, window 12-20)
2026.04.01 15:00:00;VETO;signal rejected: volume: relVol 0.74 < 1.00
2026.04.01 18:30:00;VETO;signal rejected: volume: relVol 0.88 < 1.00
2026.04.02 02:30:00;VETO;signal rejected: volume: relVol 0.68 < 1.00
2026.04.02 04:30:00;VETO;outlier bar masked, z=8.8
2026.04.02 05:00:00;VETO;outlier bar masked, z=4.5
2026.04.02 09:00:00;VETO;outlier bar masked, z=8.1
2026.04.02 17:00:00;VETO;outlier bar masked, z=4.8
2026.04.02 17:30:00;VETO;signal rejected: score 0.50 < 0.55 [CHoCH long lvl=4651.00|RelVol=1.02|Retest@4657.59|VPnear|VWAPside]
2026.04.06 01:30:00;VETO;outlier bar masked, z=4.3
2026.04.06 11:00:00;VETO;signal rejected: volume: relVol 0.85 < 1.00
2026.04.06 20:30:00;VETO;signal rejected: volume: relVol 0.82 < 1.00
2026.04.07 05:00:00;DECISION;setup SHORT score=0.90 entry=4641.52 inv=4667.86 tgt=0.00 AWAIT-RETEST [BOS short lvl=4645.47|RelVol=1.23|Retest@4641.52|VPnode d=4.08|VWAPside|ADX=37|RSI=33]
2026.04.07 06:00:00;VETO;authorization denied: outside session window (server hour 06, window 12-20)
2026.04.07 06:30:00;VETO;authorization denied: outside session window (server hour 06, window 12-20)
2026.04.07 07:00:00;VETO;authorization denied: outside session window (server hour 07, window 12-20)
2026.04.07 07:30:00;VETO;authorization denied: outside session window (server hour 07, window 12-20)
2026.04.07 11:30:00;DECISION;setup LONG score=1.00 entry=4669.17 inv=4623.10 tgt=0.00 AWAIT-RETEST [CHoCH long lvl=4664.12|RelVol=1.38|Retest@4669.17|VPnode d=6.57|VWAPside|CycleTurn w=0.75<-0.69|RSI=59]
2026.04.07 13:00:00;DECISION;TP capped 95.78000 -> 71.83500 (3.0xATR)
2026.04.07 13:00:00;ORDER;filled BUY 0.01 lots sl=4623.10 tp=4742.82 [WT|CHOCH|1.00]
2026.04.07 13:00:00;RISK;sizing: vol_ratio=0.82 scalar=1.00 gap_buf=9.05286 eff_stop=56.94286
2026.04.07 13:00:00;ORDER;entry fill deal #49 BUY 0.01 @ 4670.99000
2026.04.07 17:04:40;RISK;deal closed pnl=-47.89 streak=1 lock=0
2026.04.08 01:00:00;VETO;signal rejected: score 0.45 < 0.55 [BOS long lvl=4694.49|RelVol=2.24|RSI=63]
2026.04.08 01:30:00;VETO;outlier bar masked, z=4.0
2026.04.08 02:00:00;VETO;outlier bar masked, z=10.6
2026.04.08 13:00:00;DECISION;setup SHORT score=0.65 entry=4786.09 inv=4843.82 tgt=0.00 AWAIT-RETEST [CHoCH short lvl=4790.20|RelVol=1.03|Retest@4786.09|VPnode d=7.51|VWAPside]
2026.04.08 13:00:00;DECISION;TP capped 115.46857 -> 86.60143 (3.0xATR)
2026.04.08 13:00:00;ORDER;limit SELL 0.01 @ 4786.09 sl=4843.82 tp=4699.48 rc=10009 [WT|CHOCH|0.65|RL]
2026.04.08 13:00:00;RISK;sizing: vol_ratio=0.80 scalar=1.00 gap_buf=8.22857 eff_stop=65.96286
2026.04.08 13:01:40;ORDER;entry fill deal #51 SELL 0.01 @ 4786.09000
2026.04.08 17:30:00;DECISION;setup SHORT score=0.80 entry=4768.06 inv=4807.19 tgt=0.00 [BOS short lvl=4771.27|RelVol=1.02|VPnode d=6.54|VWAPside|RSI=44]
2026.04.08 17:30:00;DECISION;TP capped 78.26000 -> 65.34214 (3.0xATR)
2026.04.08 17:30:00;VETO;risk veto: max positions
2026.04.08 21:00:20;MANAGE;#51 SL 4843.82 -> 4786.05 breakeven
2026.04.08 21:00:40;MANAGE;#51 SL 4786.05 -> 4781.70 trail
2026.04.08 21:00:59;MANAGE;#51 SL 4781.70 -> 4781.37 trail
2026.04.08 21:01:20;MANAGE;#51 SL 4781.37 -> 4779.95 trail
2026.04.08 21:18:40;MANAGE;#51 SL 4779.95 -> 4763.73 trail
2026.04.08 21:30:00;DECISION;setup SHORT score=0.65 entry=4722.45 inv=4765.62 tgt=0.00 [BOS short lvl=4732.41|RelVol=1.41|VWAPside|ADX=39|RSI=35]
2026.04.08 21:30:00;VETO;authorization denied: outside session window (server hour 21, window 12-20)
2026.04.08 21:38:40;MANAGE;#51 SL 4763.73 -> 4762.12 trail
2026.04.08 21:39:40;MANAGE;#51 SL 4762.12 -> 4761.24 trail
2026.04.08 21:41:40;MANAGE;#51 SL 4761.24 -> 4760.84 trail
2026.04.08 21:42:20;MANAGE;#51 SL 4760.84 -> 4759.07 trail
2026.04.08 21:43:40;MANAGE;#51 SL 4759.07 -> 4756.05 trail
2026.04.08 21:45:20;MANAGE;#51 SL 4756.05 -> 4755.86 trail
2026.04.08 21:50:40;MANAGE;#51 SL 4755.86 -> 4754.12 trail
2026.04.08 21:51:40;MANAGE;#51 SL 4754.12 -> 4751.95 trail
2026.04.08 21:56:20;MANAGE;#51 SL 4751.95 -> 4751.34 trail
2026.04.08 22:00:00;VETO;authorization denied: outside session window (server hour 22, window 12-20)
2026.04.08 22:00:40;MANAGE;#51 SL 4751.34 -> 4748.62 trail
2026.04.08 22:05:40;MANAGE;#51 SL 4748.62 -> 4746.98 trail
2026.04.08 22:30:00;VETO;authorization denied: outside session window (server hour 22, window 12-20)
2026.04.09 01:00:00;VETO;authorization denied: outside session window (server hour 01, window 12-20)
2026.04.09 03:01:40;MANAGE;#51 SL 4746.98 -> 4745.26 trail
2026.04.09 03:02:40;MANAGE;#51 SL 4745.26 -> 4744.26 trail
2026.04.09 03:04:40;MANAGE;#51 SL 4744.26 -> 4741.83 trail
2026.04.09 03:05:40;MANAGE;#51 SL 4741.83 -> 4740.30 trail
2026.04.09 03:06:40;MANAGE;#51 SL 4740.30 -> 4739.84 trail
2026.04.09 03:07:40;RISK;deal closed pnl=86.47 streak=0 lock=0
2026.04.09 12:30:00;VETO;signal rejected: volume: relVol 0.77 < 1.00
2026.04.10 05:30:00;VETO;signal rejected: volume: relVol 0.95 < 1.00
2026.04.10 14:30:00;VETO;signal rejected: volume: relVol 0.59 < 1.00
2026.04.13 01:30:00;VETO;outlier bar masked, z=23.6
2026.04.13 09:00:00;VETO;signal rejected: volume: relVol 0.80 < 1.00
2026.04.13 15:00:00;VETO;signal rejected: volume: relVol 0.81 < 1.00
2026.04.13 16:30:00;VETO;signal rejected: volume: relVol 0.75 < 1.00
2026.04.14 02:00:00;VETO;signal rejected: volume: relVol 0.65 < 1.00
2026.04.14 10:00:00;VETO;signal rejected: volume: relVol 0.94 < 1.00
2026.04.14 14:00:00;VETO;outlier bar masked, z=3.8
2026.04.14 17:30:00;DECISION;setup LONG score=0.85 entry=4800.16 inv=4762.31 tgt=0.00 AWAIT-RETEST [BOS long lvl=4796.35|RelVol=1.07|Retest@4800.16|VPnear|VWAPside|CycleTurn w=-0.65<--0.96|RSI=68]
2026.04.14 17:30:00;DECISION;TP capped 75.69071 -> 56.76804 (3.0xATR)
2026.04.14 17:30:00;ORDER;limit BUY 0.02 @ 4800.16 sl=4762.31 tp=4856.92 rc=10009 [WT|BOS|0.85|RL]
2026.04.14 17:30:00;RISK;sizing: vol_ratio=0.95 scalar=1.00 gap_buf=7.61071 eff_stop=45.45607
2026.04.14 17:41:20;ORDER;entry fill deal #53 BUY 0.02 @ 4800.16000
2026.04.14 20:38:40;MANAGE;#53 SL 4762.31 -> 4800.20 breakeven
2026.04.14 20:38:40;MANAGE;#53 partial close 0.01 of 0.02 lots
2026.04.14 20:38:40;RISK;deal closed pnl=39.22 streak=0 lock=0
2026.04.14 20:38:59;MANAGE;#53 SL 4800.20 -> 4801.97 trail
2026.04.14 20:39:20;MANAGE;#53 SL 4801.97 -> 4803.63 trail
2026.04.14 20:40:40;MANAGE;#53 SL 4803.63 -> 4805.31 trail
2026.04.14 21:07:40;MANAGE;#53 SL 4805.31 -> 4805.84 trail
2026.04.14 21:08:40;MANAGE;#53 SL 4805.84 -> 4808.60 trail
2026.04.14 21:09:40;MANAGE;#53 SL 4808.60 -> 4809.14 trail
2026.04.14 21:10:20;MANAGE;#53 SL 4809.14 -> 4809.55 trail
2026.04.14 22:10:40;MANAGE;#53 SL 4809.55 -> 4810.13 trail
2026.04.14 22:31:40;MANAGE;#53 SL 4810.13 -> 4812.38 trail
2026.04.14 22:50:20;MANAGE;#53 SL 4812.38 -> 4813.09 trail
2026.04.14 22:56:40;MANAGE;#53 SL 4813.09 -> 4814.45 trail
2026.04.14 22:59:20;MANAGE;#53 SL 4814.45 -> 4815.10 trail
2026.04.15 01:00:20;MANAGE;#53 SL 4815.10 -> 4815.95 trail
2026.04.15 01:02:40;MANAGE;#53 SL 4815.95 -> 4819.83 trail
2026.04.15 01:05:40;MANAGE;#53 SL 4819.83 -> 4820.33 trail
2026.04.15 04:11:40;MANAGE;#53 SL 4820.33 -> 4828.95 trail
2026.04.15 04:16:40;RISK;deal closed pnl=56.63 streak=0 lock=0
2026.04.15 04:30:00;VETO;outlier bar masked, z=6.2
2026.04.15 06:00:00;DECISION;setup SHORT score=0.65 entry=4824.13 inv=4871.42 tgt=0.00 AWAIT-RETEST [CHoCH short lvl=4827.02|RelVol=1.38|Retest@4824.13|VPnode d=8.27|VWAPside]
2026.04.15 06:30:00;VETO;authorization denied: outside session window (server hour 06, window 12-20)
2026.04.15 07:00:00;VETO;authorization denied: outside session window (server hour 07, window 12-20)
2026.04.15 07:30:00;VETO;authorization denied: outside session window (server hour 07, window 12-20)
2026.04.15 08:00:00;VETO;authorization denied: outside session window (server hour 08, window 12-20)
2026.04.15 09:30:00;VETO;signal rejected: volume: relVol 1.00 < 1.00
2026.04.15 12:30:00;DECISION;setup SHORT score=0.90 entry=4798.00 inv=4830.39 tgt=0.00 [BOS short lvl=4803.98|RelVol=1.43|VPnode d=6.80|VWAPside|ADX=33|RSI=37]
2026.04.15 12:30:00;DECISION;TP capped 65.02000 -> 48.76500 (3.0xATR)
2026.04.15 12:30:00;ORDER;filled SELL 0.02 lots sl=4830.39 tp=4749.11 [WT|BOS|0.90]
2026.04.15 12:30:00;RISK;sizing: vol_ratio=0.85 scalar=1.00 gap_buf=5.89321 eff_stop=38.40321
2026.04.15 12:30:00;ORDER;entry fill deal #56 SELL 0.02 @ 4797.88000
2026.04.15 16:30:00;VETO;signal rejected: volume: relVol 0.85 < 1.00
2026.04.15 17:17:20;RISK;deal closed pnl=-65.02 streak=1 lock=0
2026.04.16 04:00:00;VETO;signal rejected: volume: relVol 0.67 < 1.00
2026.04.16 11:30:00;VETO;signal rejected: volume: relVol 0.89 < 1.00
2026.04.16 17:00:00;VETO;outlier bar masked, z=6.9
2026.04.16 18:00:00;VETO;outlier bar masked, z=3.8
2026.04.17 04:30:00;VETO;outlier bar masked, z=4.5
2026.04.17 08:00:00;VETO;signal rejected: volume: relVol 0.49 < 1.00
2026.04.17 15:30:00;VETO;signal rejected: volume: relVol 0.87 < 1.00
2026.04.17 16:00:00;VETO;outlier bar masked, z=5.8
2026.04.17 16:30:00;VETO;outlier bar masked, z=11.4
2026.04.17 17:00:00;VETO;outlier bar masked, z=5.8
2026.04.20 01:30:00;VETO;outlier bar masked, z=21.7
2026.04.20 03:00:00;VETO;outlier bar masked, z=6.3
2026.04.20 04:30:00;VETO;outlier bar masked, z=5.2
2026.04.20 15:00:00;VETO;signal rejected: volume: relVol 0.83 < 1.00
2026.04.20 16:30:00;VETO;outlier bar masked, z=3.6
2026.04.20 18:00:00;VETO;outlier bar masked, z=5.7
2026.04.21 01:30:00;VETO;signal rejected: volume: relVol 0.83 < 1.00
2026.04.21 07:30:00;VETO;signal rejected: volume: relVol 0.79 < 1.00
2026.04.21 15:00:00;VETO;signal rejected: volume: relVol 0.74 < 1.00
2026.04.21 18:00:00;VETO;outlier bar masked, z=8.1
2026.04.21 18:30:00;VETO;outlier bar masked, z=3.8
2026.04.22 01:00:00;VETO;outlier bar masked, z=6.2
2026.04.22 01:30:00;VETO;outlier bar masked, z=6.7
2026.04.22 16:00:00;VETO;signal rejected: volume: relVol 0.77 < 1.00
2026.04.23 03:30:00;VETO;outlier bar masked, z=8.4
2026.04.23 13:30:00;DECISION;setup SHORT score=0.95 entry=4686.69 inv=4724.78 tgt=0.00 [BOS short lvl=4692.60|RelVol=1.22|VPnear|VWAPside|CycleTurn w=0.09<-0.82|ADX=36|RSI=32]
2026.04.23 13:30:00;DECISION;TP capped 76.18000 -> 57.13500 (3.0xATR)
2026.04.23 13:30:00;ORDER;filled SELL 0.02 lots sl=4724.78 tp=4629.55 [WT|BOS|0.95]
2026.04.23 13:30:00;RISK;sizing: vol_ratio=0.85 scalar=1.00 gap_buf=5.77036 eff_stop=43.86036
2026.04.23 13:30:00;ORDER;entry fill deal #58 SELL 0.02 @ 4686.69000
2026.04.23 15:00:40;RISK;deal closed pnl=-76.18 streak=1 lock=0
2026.04.23 15:30:00;DECISION;setup LONG score=1.00 entry=4728.31 inv=4684.31 tgt=0.00 AWAIT-RETEST [CHoCH long lvl=4724.78|RelVol=1.18|Retest@4728.31|VPnode d=1.31|VWAPside|CycleTurn w=0.15<--0.85|RSI=60]
2026.04.23 15:30:00;DECISION;TP capped 88.00000 -> 66.00000 (3.0xATR)
2026.04.23 15:30:00;ORDER;limit BUY 0.02 @ 4728.31 sl=4684.31 tp=4794.31 rc=10009 [WT|CHOCH|1.00|RL]
2026.04.23 15:30:00;RISK;sizing: vol_ratio=1.02 scalar=1.00 gap_buf=7.06000 eff_stop=51.06000
2026.04.23 16:07:40;ORDER;entry fill deal #60 BUY 0.02 @ 4728.31000
2026.04.23 20:42:40;RISK;deal closed pnl=-88.00 streak=2 lock=0
2026.04.23 21:00:00;VETO;outlier bar masked, z=6.4
2026.04.24 05:30:00;DECISION;setup SHORT score=0.80 entry=4683.54 inv=4743.13 tgt=0.00 AWAIT-RETEST [CHoCH short lvl=4686.73|RelVol=1.10|Retest@4683.54|VPnode d=7.06|VWAPside|RSI=36]
2026.04.24 06:00:00;VETO;authorization denied: outside session window (server hour 06, window 12-20)
2026.04.24 06:30:00;VETO;authorization denied: outside session window (server hour 06, window 12-20)
2026.04.24 07:00:00;VETO;authorization denied: outside session window (server hour 07, window 12-20)
2026.04.24 07:30:00;VETO;authorization denied: outside session window (server hour 07, window 12-20)
2026.04.24 14:30:00;VETO;outlier bar masked, z=5.9
2026.04.24 17:30:00;VETO;outlier bar masked, z=4.5
2026.04.27 01:30:00;VETO;outlier bar masked, z=5.3
2026.04.27 12:00:00;VETO;signal rejected: volume: relVol 0.93 < 1.00
2026.04.27 16:00:00;VETO;signal rejected: volume: relVol 0.84 < 1.00
2026.04.28 01:30:00;VETO;signal rejected: volume: relVol 0.55 < 1.00
2026.04.28 05:00:00;VETO;signal rejected: volume: relVol 0.91 < 1.00
2026.04.28 08:30:00;DECISION;setup SHORT score=0.90 entry=4664.33 inv=4701.24 tgt=0.00 AWAIT-RETEST [BOS short lvl=4666.44|RelVol=1.32|Retest@4664.33|VPnode d=2.53|VWAPside|ADX=31|RSI=32]
2026.04.28 09:00:00;VETO;outlier bar masked, z=6.1
2026.04.28 15:00:00;VETO;outlier bar masked, z=7.4
2026.04.28 15:30:00;VETO;outlier bar masked, z=7.1
2026.04.28 16:00:00;VETO;outlier bar masked, z=4.2
2026.04.29 10:30:00;DECISION;setup SHORT score=0.85 entry=4575.18 inv=4607.73 tgt=0.00 [BOS short lvl=4575.99|RelVol=1.05|VPnear|VWAPside|CycleTurn w=0.29<-0.84|RSI=37]
2026.04.29 10:30:00;VETO;authorization denied: outside session window (server hour 10, window 12-20)
2026.04.29 11:00:00;VETO;authorization denied: outside session window (server hour 11, window 12-20)
2026.04.29 11:30:00;VETO;authorization denied: outside session window (server hour 11, window 12-20)
2026.04.29 12:00:00;DECISION;TP capped 69.20000 -> 51.90000 (3.0xATR)
2026.04.29 12:00:00;ORDER;filled SELL 0.02 lots sl=4607.73 tp=4521.23 [WT|BOS|0.85]
2026.04.29 12:00:00;RISK;sizing: vol_ratio=1.00 scalar=1.00 gap_buf=5.82357 eff_stop=40.42357
2026.04.29 12:00:00;ORDER;entry fill deal #62 SELL 0.02 @ 4573.13000
2026.04.29 16:00:00;VETO;signal rejected: volume: relVol 1.00 < 1.00
2026.04.29 16:20:40;MANAGE;#62 SL 4607.73 -> 4573.09 breakeven
2026.04.29 16:20:40;MANAGE;#62 partial close 0.01 of 0.02 lots
2026.04.29 16:20:40;RISK;deal closed pnl=38.17 streak=0 lock=0
2026.04.29 16:20:59;MANAGE;#62 SL 4573.09 -> 4567.93 trail
2026.04.29 16:21:40;MANAGE;#62 SL 4567.93 -> 4567.40 trail
2026.04.29 16:22:40;MANAGE;#62 SL 4567.40 -> 4563.99 trail
2026.04.29 16:23:40;MANAGE;#62 SL 4563.99 -> 4563.32 trail
2026.04.29 16:25:40;MANAGE;#62 SL 4563.32 -> 4562.41 trail
2026.04.29 16:30:40;MANAGE;#62 SL 4562.41 -> 4557.97 trail
2026.04.29 16:36:40;MANAGE;#62 SL 4557.97 -> 4557.71 trail
2026.04.29 16:38:40;MANAGE;#62 SL 4557.71 -> 4556.41 trail
2026.04.29 16:39:40;MANAGE;#62 SL 4556.41 -> 4552.29 trail
2026.04.29 16:40:40;RISK;deal closed pnl=51.90 streak=0 lock=0
2026.04.30 04:00:00;DECISION;setup LONG score=0.80 entry=4568.26 inv=4518.33 tgt=0.00 AWAIT-RETEST [CHoCH long lvl=4564.85|RelVol=1.14|Retest@4568.26|VPnode d=4.86|VWAPside|RSI=59]
2026.04.30 04:30:00;VETO;authorization denied: outside session window (server hour 04, window 12-20)
2026.04.30 05:00:00;VETO;authorization denied: outside session window (server hour 05, window 12-20)
2026.04.30 05:30:00;VETO;authorization denied: outside session window (server hour 05, window 12-20)
2026.04.30 06:00:00;VETO;authorization denied: outside session window (server hour 06, window 12-20)
2026.04.30 10:00:00;DECISION;setup LONG score=0.85 entry=4589.54 inv=4540.93 tgt=0.00 [BOS long lvl=4582.57|RelVol=1.17|VPnear|VWAPside|CycleTurn w=-0.25<--0.91|RSI=64]
2026.04.30 10:00:00;VETO;authorization denied: outside session window (server hour 10, window 12-20)
2026.04.30 10:30:00;VETO;authorization denied: outside session window (server hour 10, window 12-20)
2026.04.30 11:00:00;VETO;authorization denied: outside session window (server hour 11, window 12-20)
2026.04.30 11:30:00;VETO;authorization denied: outside session window (server hour 11, window 12-20)
2026.04.30 19:30:00;VETO;signal rejected: score 0.40 < 0.55 [CHoCH short lvl=4609.41|RelVol=1.09|Retest@4605.82|VPnear]
2026.05.01 08:00:00;VETO;signal rejected: volume: relVol 0.96 < 1.00
2026.05.01 15:30:00;VETO;outlier bar masked, z=4.0
2026.05.01 17:00:00;VETO;outlier bar masked, z=6.0
2026.05.01 17:30:00;VETO;outlier bar masked, z=4.3
2026.05.04 03:30:00;DECISION;setup SHORT score=0.80 entry=4605.73 inv=4629.40 tgt=0.00 AWAIT-RETEST [CHoCH short lvl=4608.70|RelVol=1.10|Retest@4605.73|VPnode d=3.67|VWAPside|RSI=45]
2026.05.04 04:00:00;VETO;authorization denied: outside session window (server hour 04, window 12-20)
2026.05.04 04:30:00;VETO;authorization denied: outside session window (server hour 04, window 12-20)
2026.05.04 05:00:00;VETO;authorization denied: outside session window (server hour 05, window 12-20)
2026.05.04 05:30:00;VETO;authorization denied: outside session window (server hour 05, window 12-20)
2026.05.04 10:00:00;VETO;signal rejected: volume: relVol 0.95 < 1.00
2026.05.04 13:30:00;VETO;outlier bar masked, z=7.1
2026.05.04 18:30:00;VETO;outlier bar masked, z=7.4
2026.05.04 19:00:00;DECISION;setup SHORT score=0.85 entry=4521.57 inv=4579.32 tgt=0.00 [BOS short lvl=4527.28|RelVol=1.32|VWAPside|CycleTurn w=-0.06<-0.92|ADX=40|RSI=28]
2026.05.04 19:00:00;DECISION;TP capped 115.50000 -> 86.62500 (3.0xATR)
2026.05.04 19:00:00;ORDER;filled SELL 0.01 lots sl=4579.32 tp=4434.94 [WT|BOS|0.85]
2026.05.04 19:00:00;RISK;sizing: vol_ratio=1.58 scalar=1.00 gap_buf=11.33036 eff_stop=69.08036
2026.05.04 19:00:00;ORDER;entry fill deal #65 SELL 0.01 @ 4521.57000
2026.05.05 04:00:00;VETO;signal rejected: volume: relVol 0.82 < 1.00
2026.05.05 10:00:00;VETO;signal rejected: volume: relVol 0.90 < 1.00
2026.05.05 15:00:00;VETO;signal rejected: volume: relVol 0.87 < 1.00
2026.05.05 16:08:40;RISK;deal closed pnl=-57.80 streak=1 lock=0
2026.05.06 01:30:00;VETO;signal rejected: volume: relVol 0.61 < 1.00
2026.05.06 02:00:00;VETO;outlier bar masked, z=3.5
2026.05.06 15:30:00;VETO;outlier bar masked, z=3.7
2026.05.07 04:30:00;VETO;outlier bar masked, z=3.8
2026.05.07 10:00:00;VETO;outlier bar masked, z=4.4
2026.05.07 17:30:00;VETO;signal rejected: volume: relVol 0.98 < 1.00
2026.05.07 19:00:00;DECISION;setup SHORT score=0.85 entry=4727.17 inv=4753.48 tgt=0.00 AWAIT-RETEST [CHoCH short lvl=4731.21|RelVol=1.03|Retest@4727.17|VPnode d=8.53|VWAPside|CycleTurn w=0.55<-0.97]
2026.05.07 19:00:00;DECISION;TP capped 52.61393 -> 48.44357 (3.0xATR)
2026.05.07 19:00:00;ERROR;limit SELL 0.02 @ 4727.17 sl=4753.48 tp=4678.73 rc=10015 [WT|CHOCH|0.85|RL]
2026.05.07 19:30:00;DECISION;TP capped 66.60000 -> 50.22857 (3.0xATR)
2026.05.07 19:30:00;ORDER;filled SELL 0.02 lots sl=4753.48 tp=4669.95 [WT|CHOCH|0.85]
2026.05.07 19:30:00;RISK;sizing: vol_ratio=1.19 scalar=1.00 gap_buf=8.37143 eff_stop=41.67143
2026.05.07 19:30:00;ORDER;entry fill deal #67 SELL 0.02 @ 4720.18000
2026.05.08 01:00:00;MANAGE;#67 SL 4753.48 -> 4719.92 breakeven
2026.05.08 01:00:00;MANAGE;#67 partial close 0.01 of 0.02 lots
2026.05.08 01:00:00;RISK;deal closed pnl=34.96 streak=0 lock=0
2026.05.08 01:00:20;MANAGE;#67 SL 4719.92 -> 4716.04 trail
2026.05.08 02:00:00;DECISION;setup SHORT score=0.90 entry=4685.87 inv=4764.81 tgt=0.00 [BOS short lvl=4687.61|RelVol=1.32|VPnode d=1.67|VWAPside|ADX=48|RSI=34]
2026.05.08 02:00:00;VETO;authorization denied: outside session window (server hour 02, window 12-20)
2026.05.08 02:30:00;VETO;authorization denied: outside session window (server hour 02, window 12-20)
2026.05.08 03:00:00;VETO;authorization denied: outside session window (server hour 03, window 12-20)
2026.05.08 03:30:00;VETO;authorization denied: outside session window (server hour 03, window 12-20)
2026.05.08 04:05:40;RISK;deal closed pnl=4.10 streak=0 lock=0
2026.05.08 09:30:00;DECISION;setup LONG score=0.80 entry=4736.29 inv=4709.10 tgt=0.00 AWAIT-RETEST [CHoCH long lvl=4732.78|RelVol=1.36|Retest@4736.29|VPnode d=6.09|VWAPside|RSI=60]
2026.05.08 10:00:00;VETO;authorization denied: outside session window (server hour 10, window 12-20)
2026.05.08 10:30:00;DECISION;setup SHORT score=0.65 entry=4705.30 inv=4732.78 tgt=0.00 AWAIT-RETEST [CHoCH short lvl=4709.10|RelVol=1.23|Retest@4705.30|VPnode d=2.30|VWAPside]
2026.05.08 11:00:00;VETO;authorization denied: outside session window (server hour 11, window 12-20)
2026.05.08 11:30:00;VETO;authorization denied: outside session window (server hour 11, window 12-20)
2026.05.08 12:00:00;ORDER;filled SELL 0.04 lots sl=4732.78 tp=4681.99 [WT|CHOCH|0.65]
2026.05.08 12:00:00;RISK;sizing: vol_ratio=0.97 scalar=1.00 gap_buf=7.09000 eff_stop=24.02000
2026.05.08 12:00:00;ORDER;entry fill deal #70 SELL 0.04 @ 4715.85000
2026.05.08 16:30:40;RISK;deal closed pnl=-67.72 streak=1 lock=0
2026.05.08 17:00:00;DECISION;setup LONG score=0.80 entry=4731.68 inv=4702.79 tgt=0.00 AWAIT-RETEST [CHoCH long lvl=4727.89|RelVol=1.08|Retest@4731.68|VPnode d=4.28|VWAPside|RSI=64]
2026.05.08 17:00:00;DECISION;TP capped 57.78179 -> 45.49071 (3.0xATR)
2026.05.08 17:00:00;ORDER;limit BUY 0.02 @ 4731.68 sl=4702.79 tp=4777.17 rc=10009 [WT|CHOCH|0.80|RL]
2026.05.08 17:00:00;RISK;sizing: vol_ratio=1.02 scalar=1.00 gap_buf=7.58179 eff_stop=36.47268
2026.05.08 17:07:40;ORDER;entry fill deal #72 BUY 0.02 @ 4731.68000
2026.05.08 18:45:40;RISK;deal closed pnl=-57.78 streak=2 lock=0
2026.05.11 01:30:00;VETO;outlier bar masked, z=5.8
2026.05.11 09:00:00;DECISION;setup SHORT score=0.80 entry=4666.15 inv=4705.52 tgt=0.00 AWAIT-RETEST [BOS short lvl=4670.27|RelVol=1.37|Retest@4666.15|VPnode d=11.85|VWAPside|RSI=29]
2026.05.11 09:30:00;VETO;authorization denied: outside session window (server hour 09, window 12-20)
2026.05.11 10:00:00;VETO;authorization denied: outside session window (server hour 10, window 12-20)
2026.05.11 10:30:00;VETO;authorization denied: outside session window (server hour 10, window 12-20)
2026.05.11 11:00:00;VETO;authorization denied: outside session window (server hour 11, window 12-20)
2026.05.11 15:30:00;VETO;signal rejected: volume: relVol 0.98 < 1.00
2026.05.11 16:30:00;VETO;outlier bar masked, z=4.2
2026.05.12 02:00:00;DECISION;setup LONG score=0.90 entry=4750.87 inv=4708.08 tgt=0.00 [BOS long lvl=4748.62|RelVol=1.20|VPnode d=0.07|VWAPside|ADX=36|RSI=71]
2026.05.12 02:00:00;VETO;authorization denied: outside session window (server hour 02, window 12-20)
2026.05.12 02:30:00;VETO;authorization denied: outside session window (server hour 02, window 12-20)
2026.05.12 03:00:00;VETO;authorization denied: outside session window (server hour 03, window 12-20)
2026.05.12 03:30:00;VETO;authorization denied: outside session window (server hour 03, window 12-20)
2026.05.12 07:00:00;DECISION;setup SHORT score=0.65 entry=4716.92 inv=4773.42 tgt=0.00 AWAIT-RETEST [CHoCH short lvl=4720.28|RelVol=1.12|Retest@4716.92|VPnode d=2.08|VWAPside]
2026.05.12 07:30:00;VETO;authorization denied: outside session window (server hour 07, window 12-20)
2026.05.12 08:00:00;VETO;authorization denied: outside session window (server hour 08, window 12-20)
2026.05.12 08:30:00;VETO;authorization denied: outside session window (server hour 08, window 12-20)
2026.05.12 09:00:00;VETO;authorization denied: outside session window (server hour 09, window 12-20)
2026.05.12 17:00:00;DECISION;setup SHORT score=1.00 entry=4679.40 inv=4706.81 tgt=0.00 [BOS short lvl=4685.17|RelVol=1.07|VPnode d=5.40|VWAPside|CycleTurn w=-0.30<-0.09|RSI=34]
2026.05.12 17:00:00;DECISION;TP capped 54.82000 -> 41.85643 (3.0xATR)
2026.05.12 17:00:00;ORDER;filled SELL 0.02 lots sl=4706.81 tp=4637.54 [WT|BOS|1.00]
2026.05.12 17:00:00;RISK;sizing: vol_ratio=0.99 scalar=1.00 gap_buf=6.97607 eff_stop=34.38607
2026.05.12 17:00:00;ORDER;entry fill deal #74 SELL 0.02 @ 4679.40000
2026.05.12 18:22:40;MANAGE;#74 SL 4706.81 -> 4679.36 breakeven
2026.05.12 18:22:40;MANAGE;#74 partial close 0.01 of 0.02 lots
2026.05.12 18:22:40;RISK;deal closed pnl=32.76 streak=0 lock=0
2026.05.12 18:22:59;MANAGE;#74 SL 4679.36 -> 4677.87 trail
2026.05.12 18:23:40;MANAGE;#74 SL 4677.87 -> 4669.49 trail
2026.05.12 18:24:20;MANAGE;#74 SL 4669.49 -> 4668.87 trail
2026.05.12 18:25:20;MANAGE;#74 SL 4668.87 -> 4668.60 trail
2026.05.12 18:30:00;VETO;outlier bar masked, z=4.4
2026.05.12 18:45:40;RISK;deal closed pnl=10.80 streak=0 lock=0
2026.05.13 01:00:00;VETO;signal rejected: score 0.45 < 0.55 [CHoCH long lvl=4711.85|RelVol=1.06|Retest@4715.62|RSI=62]
2026.05.13 12:30:00;DECISION;setup SHORT score=1.00 entry=4691.02 inv=4715.41 tgt=0.00 AWAIT-RETEST [CHoCH short lvl=4693.70|RelVol=1.07|Retest@4691.02|VPnode d=2.38|VWAPside|CycleTurn w=-0.58<-0.44|RSI=42]
2026.05.13 12:30:00;DECISION;TP capped 48.77750 -> 36.58313 (3.0xATR)
2026.05.13 12:30:00;ORDER;limit SELL 0.03 @ 4691.02 sl=4715.41 tp=4654.44 rc=10009 [WT|CHOCH|1.00|RL]
2026.05.13 12:30:00;RISK;sizing: vol_ratio=0.83 scalar=1.00 gap_buf=5.35750 eff_stop=29.74625
2026.05.13 12:32:40;ORDER;entry fill deal #77 SELL 0.03 @ 4691.02000
2026.05.13 15:30:00;DECISION;setup SHORT score=0.80 entry=4684.69 inv=4710.45 tgt=0.00 [BOS short lvl=4686.01|RelVol=1.12|VPnode d=6.51|VWAPside|RSI=41]
2026.05.13 15:30:00;DECISION;TP capped 51.52000 -> 38.64000 (3.0xATR)
2026.05.13 15:30:00;VETO;risk veto: max positions
2026.05.14 07:00:00;DECISION;setup SHORT score=0.65 entry=4674.97 inv=4707.01 tgt=0.00 [BOS short lvl=4677.63|RelVol=1.27|VPnear|VWAPside|RSI=40]
2026.05.14 07:00:00;VETO;authorization denied: outside session window (server hour 07, window 12-20)
2026.05.14 07:30:00;VETO;outlier bar masked, z=6.9
2026.05.14 08:00:00;VETO;authorization denied: outside session window (server hour 08, window 12-20)
2026.05.14 08:30:00;VETO;authorization denied: outside session window (server hour 08, window 12-20)
2026.05.14 09:00:00;VETO;authorization denied: outside session window (server hour 09, window 12-20)
2026.05.14 10:36:40;RISK;deal closed pnl=-73.58 streak=1 lock=0
2026.05.14 11:00:00;VETO;outlier bar masked, z=4.6
2026.05.14 16:30:00;VETO;signal rejected: volume: relVol 0.94 < 1.00
2026.05.14 22:30:00;VETO;signal rejected: volume: relVol 0.70 < 1.00
2026.05.15 03:30:00;VETO;outlier bar masked, z=4.5
2026.05.15 08:00:00;DECISION;setup SHORT score=0.90 entry=4605.82 inv=4665.28 tgt=0.00 [BOS short lvl=4607.10|RelVol=1.34|VPnode d=2.18|VWAPside|ADX=49|RSI=27]
2026.05.15 08:00:00;VETO;authorization denied: outside session window (server hour 08, window 12-20)
2026.05.15 08:30:00;VETO;outlier bar masked, z=3.5
2026.05.15 09:00:00;VETO;outlier bar masked, z=5.1
2026.05.15 09:30:00;VETO;authorization denied: outside session window (server hour 09, window 12-20)
2026.05.15 10:00:00;VETO;authorization denied: outside session window (server hour 10, window 12-20)
2026.05.15 10:30:00;VETO;authorization denied: outside session window (server hour 10, window 12-20)
2026.05.15 12:00:00;DECISION;setup SHORT score=0.75 entry=4554.42 inv=4665.28 tgt=0.00 [BOS short lvl=4556.34|RelVol=1.55|VPnear|VWAPside|ADX=54|RSI=26]
2026.05.15 12:00:00;DECISION;TP capped 221.72000 -> 166.29000 (3.0xATR)
2026.05.15 12:00:00;VETO;risk veto: size 0.00 < broker min 0.01 (risk too small for stop)
2026.05.15 17:00:00;VETO;outlier bar masked, z=5.4
2026.05.15 17:30:00;VETO;outlier bar masked, z=4.9
2026.05.18 01:30:00;VETO;outlier bar masked, z=7.2
2026.05.18 04:00:00;VETO;outlier bar masked, z=4.3
2026.05.18 05:00:00;VETO;outlier bar masked, z=3.8
2026.05.18 16:00:00;DECISION;setup LONG score=0.80 entry=4563.60 inv=4529.85 tgt=0.00 AWAIT-RETEST [CHoCH long lvl=4559.92|RelVol=1.29|Retest@4563.60|VPnode d=9.60|VWAPside|RSI=64]
2026.05.18 16:00:00;DECISION;TP capped 67.50143 -> 50.62607 (3.0xATR)
2026.05.18 16:00:00;ORDER;limit BUY 0.02 @ 4563.60 sl=4529.85 tp=4614.23 rc=10009 [WT|CHOCH|0.80|RL]
2026.05.18 16:00:00;RISK;sizing: vol_ratio=0.89 scalar=1.00 gap_buf=7.36143 eff_stop=41.11214
2026.05.18 16:07:20;ORDER;entry fill deal #79 BUY 0.02 @ 4563.60000
2026.05.19 01:00:00;VETO;signal rejected: score 0.50 < 0.55 [BOS long lvl=4558.32|RelVol=1.15|CycleTurn w=-0.93<--0.99]
2026.05.19 13:43:40;RISK;deal closed pnl=-67.75 streak=1 lock=0
2026.05.19 15:00:00;VETO;signal rejected: volume: relVol 0.86 < 1.00
2026.05.19 16:30:00;VETO;outlier bar masked, z=5.5
2026.05.19 17:00:00;VETO;outlier bar masked, z=5.6
2026.05.20 04:30:00;VETO;outlier bar masked, z=4.0
2026.05.20 05:00:00;VETO;outlier bar masked, z=3.7
2026.05.20 17:30:00;VETO;outlier bar masked, z=6.6
2026.05.20 18:00:00;VETO;outlier bar masked, z=3.6
2026.05.21 04:30:00;VETO;outlier bar masked, z=4.1
2026.05.21 06:00:00;DECISION;setup SHORT score=0.85 entry=4531.62 inv=4550.23 tgt=0.00 AWAIT-RETEST [CHoCH short lvl=4534.58|RelVol=1.08|Retest@4531.62|VPnode d=1.38|VWAPside|CycleTurn w=0.58<-0.89]
2026.05.21 06:30:00;VETO;authorization denied: outside session window (server hour 06, window 12-20)
2026.05.21 07:00:00;VETO;authorization denied: outside session window (server hour 07, window 12-20)
2026.05.21 07:30:00;VETO;authorization denied: outside session window (server hour 07, window 12-20)
2026.05.21 08:00:00;VETO;authorization denied: outside session window (server hour 08, window 12-20)
2026.05.21 14:00:00;DECISION;setup SHORT score=0.80 entry=4511.49 inv=4540.51 tgt=0.00 [BOS short lvl=4511.83|RelVol=1.76|VPnode d=10.11|VWAPside|RSI=42]
2026.05.21 14:00:00;DECISION;TP capped 58.04000 -> 43.53000 (3.0xATR)
2026.05.21 14:00:00;ORDER;filled SELL 0.02 lots sl=4540.51 tp=4467.96 [WT|BOS|0.80]
2026.05.21 14:00:00;RISK;sizing: vol_ratio=0.98 scalar=1.00 gap_buf=6.96286 eff_stop=35.98286
2026.05.21 14:00:00;ORDER;entry fill deal #81 SELL 0.02 @ 4511.49000
2026.05.21 17:00:00;VETO;outlier bar masked, z=4.8
2026.05.21 20:17:20;RISK;deal closed pnl=-58.04 streak=1 lock=0
2026.05.21 20:30:00;VETO;outlier bar masked, z=5.1
2026.05.22 09:00:00;VETO;outlier bar masked, z=3.8
2026.05.22 17:30:00;DECISION;setup SHORT score=1.00 entry=4506.96 inv=4535.94 tgt=0.00 AWAIT-RETEST [BOS short lvl=4510.36|RelVol=1.11|Retest@4506.96|VPnode d=8.84|VWAPside|CycleTurn w=-0.24<-0.01|RSI=37]
2026.05.22 17:30:00;DECISION;TP capped 57.96750 -> 43.47563 (3.0xATR)
2026.05.22 17:30:00;ORDER;limit SELL 0.02 @ 4506.96 sl=4535.94 tp=4463.48 rc=10009 [WT|BOS|1.00|RL]
2026.05.22 17:30:00;RISK;sizing: vol_ratio=1.04 scalar=1.00 gap_buf=6.80750 eff_stop=35.79125
2026.05.22 17:45:40;ORDER;entry fill deal #83 SELL 0.02 @ 4506.96000
2026.05.22 22:00:00;RISK;FLATTEN ALL: Friday flatten: weekend gap protection
2026.05.22 22:00:00;RISK;deal closed pnl=-16.46 streak=1 lock=0
2026.05.25 01:30:00;VETO;outlier bar masked, z=7.5
2026.05.25 13:00:00;VETO;signal rejected: volume: relVol 0.64 < 1.00
2026.05.26 03:00:00;DECISION;setup SHORT score=0.65 entry=4561.47 inv=4577.98 tgt=0.00 AWAIT-RETEST [CHoCH short lvl=4563.29|RelVol=1.35|Retest@4561.47|VPnode d=0.33|VWAPside]
2026.05.26 08:00:00;VETO;signal rejected: volume: relVol 0.91 < 1.00
2026.05.26 11:30:00;VETO;signal rejected: volume: relVol 0.80 < 1.00
2026.05.26 15:00:00;DECISION;setup SHORT score=0.65 entry=4507.17 inv=4538.98 tgt=0.00 [BOS short lvl=4512.08|RelVol=1.24|VPnear|VWAPside|RSI=33]
2026.05.26 15:00:00;DECISION;TP capped 63.62000 -> 47.71500 (3.0xATR)
2026.05.26 15:00:00;ORDER;filled SELL 0.02 lots sl=4538.98 tp=4459.46 [WT|BOS|0.65]
2026.05.26 15:00:00;RISK;sizing: vol_ratio=1.11 scalar=1.00 gap_buf=6.05250 eff_stop=37.86250
2026.05.26 15:00:00;ORDER;entry fill deal #85 SELL 0.02 @ 4507.17000
2026.05.26 21:00:00;DECISION;setup SHORT score=0.90 entry=4497.53 inv=4531.31 tgt=0.00 AWAIT-RETEST [BOS short lvl=4500.73|RelVol=1.06|Retest@4497.53|VPnode d=9.27|VWAPside|ADX=33|RSI=30]
2026.05.26 22:00:00;VETO;authorization denied: outside session window (server hour 22, window 12-20)
2026.05.26 22:30:00;VETO;authorization denied: outside session window (server hour 22, window 12-20)
2026.05.27 01:00:00;VETO;authorization denied: outside session window (server hour 01, window 12-20)
2026.05.27 01:30:00;VETO;outlier bar masked, z=6.9
2026.05.27 02:00:00;VETO;authorization denied: outside session window (server hour 02, window 12-20)
2026.05.27 11:00:00;VETO;signal rejected: volume: relVol 0.84 < 1.00
2026.05.27 13:30:40;MANAGE;#85 SL 4538.98 -> 4507.13 breakeven
2026.05.27 13:30:40;MANAGE;#85 partial close 0.01 of 0.02 lots
2026.05.27 13:30:40;RISK;deal closed pnl=32.95 streak=0 lock=0
2026.05.27 13:30:59;MANAGE;#85 SL 4507.13 -> 4498.65 trail
2026.05.27 13:31:40;MANAGE;#85 SL 4498.65 -> 4498.00 trail
2026.05.27 13:32:40;MANAGE;#85 SL 4498.00 -> 4496.27 trail
2026.05.27 13:38:40;MANAGE;#85 SL 4496.27 -> 4495.26 trail
2026.05.27 13:39:40;MANAGE;#85 SL 4495.26 -> 4485.84 trail
2026.05.27 13:46:40;RISK;deal closed pnl=47.67 streak=0 lock=0
2026.05.27 14:00:00;VETO;outlier bar masked, z=6.9
2026.05.27 15:30:00;VETO;outlier bar masked, z=7.6
2026.05.27 16:30:00;VETO;outlier bar masked, z=6.4
2026.05.27 17:00:00;VETO;outlier bar masked, z=4.5
2026.05.27 17:30:00;VETO;outlier bar masked, z=4.4
2026.05.28 01:30:00;VETO;signal rejected: volume: relVol 0.65 < 1.00
2026.05.28 04:30:00;VETO;outlier bar masked, z=6.9
2026.05.28 06:00:00;DECISION;setup SHORT score=0.65 entry=4398.86 inv=4458.74 tgt=0.00 AWAIT-RETEST [CHoCH short lvl=4401.52|RelVol=1.01|Retest@4398.86|VPnear|VWAPside|RSI=29]
2026.05.28 12:30:00;VETO;signal rejected: volume: relVol 0.87 < 1.00
2026.05.28 14:00:00;VETO;outlier bar masked, z=3.6
2026.05.28 16:00:00;VETO;outlier bar masked, z=8.0
2026.05.28 17:30:00;VETO;outlier bar masked, z=7.9
2026.05.29 04:30:00;VETO;outlier bar masked, z=3.5
2026.05.29 10:00:00;VETO;signal rejected: volume: relVol 0.92 < 1.00
2026.05.29 18:00:00;VETO;outlier bar masked, z=5.4
2026.06.01 01:30:00;VETO;outlier bar masked, z=4.3
2026.06.01 10:00:00;VETO;signal rejected: volume: relVol 0.88 < 1.00
2026.06.01 16:30:00;VETO;outlier bar masked, z=8.2
2026.06.01 17:00:00;VETO;outlier bar masked, z=5.0
2026.06.02 05:00:00;VETO;outlier bar masked, z=3.6
2026.06.02 07:00:00;VETO;signal rejected: volume: relVol 0.83 < 1.00
2026.06.02 16:00:00;VETO;signal rejected: volume: relVol 0.76 < 1.00
2026.06.02 21:00:00;VETO;signal rejected: volume: relVol 0.84 < 1.00
2026.06.03 02:30:00;VETO;outlier bar masked, z=3.9
2026.06.03 09:00:00;VETO;signal rejected: volume: relVol 0.82 < 1.00
2026.06.04 01:30:00;DECISION;setup SHORT score=0.70 entry=4433.88 inv=4451.71 tgt=0.00 [BOS short lvl=4435.30|RelVol=1.30|StopFloored|VPnode d=0.98|RSI=38]
2026.06.04 01:30:00;VETO;authorization denied: outside session window (server hour 01, window 12-20)
2026.06.04 02:00:00;VETO;signal rejected: score 0.50 < 0.55 [CHoCH long lvl=4448.40|RelVol=1.43|Retest@4451.23|StopFloored|VPnear|VWAPside]
2026.06.04 02:00:00;VETO;authorization denied: outside session window (server hour 02, window 12-20)
2026.06.04 02:30:00;VETO;authorization denied: outside session window (server hour 02, window 12-20)
2026.06.04 04:30:00;VETO;outlier bar masked, z=4.1
2026.06.04 14:30:00;DECISION;setup LONG score=0.85 entry=4489.56 inv=4458.56 tgt=0.00 [BOS long lvl=4484.00|RelVol=1.04|VPnear|VWAPside|CycleTurn w=0.02<--0.86|RSI=66]
2026.06.04 14:30:00;DECISION;TP capped 62.08000 -> 46.56000 (3.0xATR)
2026.06.04 14:30:00;ORDER;filled BUY 0.02 lots sl=4458.56 tp=4536.16 [WT|BOS|0.85]
2026.06.04 14:30:00;RISK;sizing: vol_ratio=0.91 scalar=1.00 gap_buf=5.38500 eff_stop=36.42500
2026.06.04 14:30:00;ORDER;entry fill deal #88 BUY 0.02 @ 4489.60000
2026.06.04 15:00:00;VETO;outlier bar masked, z=6.1
2026.06.04 17:53:40;RISK;deal closed pnl=-62.08 streak=1 lock=0
2026.06.04 18:00:00;VETO;outlier bar masked, z=4.7
2026.06.05 05:00:00;VETO;signal rejected: volume: relVol 0.90 < 1.00
2026.06.05 15:00:00;VETO;signal rejected: volume: relVol 0.89 < 1.00
2026.06.05 16:00:00;VETO;outlier bar masked, z=11.7
2026.06.05 17:00:00;VETO;outlier bar masked, z=7.5
2026.06.08 01:30:00;VETO;outlier bar masked, z=3.7
2026.06.08 03:30:00;VETO;signal rejected: volume: relVol 1.00 < 1.00
2026.06.08 04:30:00;VETO;outlier bar masked, z=5.5
2026.06.08 05:00:00;VETO;outlier bar masked, z=4.2
2026.06.08 09:00:00;VETO;outlier bar masked, z=7.0
2026.06.08 14:30:00;VETO;outlier bar masked, z=4.2
2026.06.09 09:00:00;DECISION;setup LONG score=0.80 entry=4343.47 inv=4312.79 tgt=0.00 [BOS long lvl=4342.22|RelVol=1.07|VPnode d=2.87|VWAPside|RSI=62]
2026.06.09 09:00:00;VETO;authorization denied: outside session window (server hour 09, window 12-20)
2026.06.09 09:30:00;VETO;authorization denied: outside session window (server hour 09, window 12-20)
2026.06.09 10:00:00;VETO;authorization denied: outside session window (server hour 10, window 12-20)
2026.06.09 10:30:00;VETO;authorization denied: outside session window (server hour 10, window 12-20)
2026.06.09 17:00:00;VETO;outlier bar masked, z=5.5
2026.06.09 17:30:00;VETO;outlier bar masked, z=3.8
2026.06.09 18:00:00;VETO;outlier bar masked, z=6.3
2026.06.10 02:30:00;DECISION;setup SHORT score=0.90 entry=4224.19 inv=4274.27 tgt=0.00 [BOS short lvl=4236.55|RelVol=1.80|VPnode d=11.61|VWAPside|ADX=51|RSI=20]
2026.06.10 02:30:00;VETO;authorization denied: outside session window (server hour 02, window 12-20)
2026.06.10 03:00:00;VETO;authorization denied: outside session window (server hour 03, window 12-20)
2026.06.10 03:30:00;VETO;authorization denied: outside session window (server hour 03, window 12-20)
2026.06.10 04:00:00;VETO;authorization denied: outside session window (server hour 04, window 12-20)
2026.06.10 04:30:00;VETO;outlier bar masked, z=3.9
2026.06.10 11:30:00;DECISION;setup SHORT score=1.00 entry=4172.28 inv=4221.87 tgt=0.00 [BOS short lvl=4172.45|RelVol=1.62|VPnode d=0.72|VWAPside|CycleTurn w=0.99<-1.00|ADX=38|RSI=30]
2026.06.10 11:30:00;VETO;authorization denied: outside session window (server hour 11, window 12-20)
2026.06.10 12:00:00;DECISION;TP capped 105.68000 -> 79.26000 (3.0xATR)
2026.06.10 12:00:00;ORDER;filled SELL 0.01 lots sl=4221.87 tp=4089.77 [WT|BOS|1.00]
2026.06.10 12:00:00;RISK;sizing: vol_ratio=0.99 scalar=1.00 gap_buf=7.39893 eff_stop=60.23893
2026.06.10 12:00:00;ORDER;entry fill deal #90 SELL 0.01 @ 4169.03000
2026.06.10 15:00:00;DECISION;setup SHORT score=0.90 entry=4157.05 inv=4221.87 tgt=0.00 AWAIT-RETEST [BOS short lvl=4161.35|RelVol=1.75|Retest@4157.05|VPnode d=2.55|VWAPside|ADX=33|RSI=28]
2026.06.10 15:00:00;VETO;retest limit risk veto: max positions
2026.06.10 16:00:00;VETO;outlier bar masked, z=3.6
2026.06.10 16:30:00;DECISION;TP capped 144.30000 -> 108.22500 (3.0xATR)
2026.06.10 16:30:00;VETO;risk veto: max positions
2026.06.10 17:00:00;VETO;outlier bar masked, z=5.2
2026.06.10 18:00:00;VETO;outlier bar masked, z=5.0
2026.06.10 18:18:40;MANAGE;#90 SL 4221.87 -> 4168.99 breakeven
2026.06.10 18:18:59;MANAGE;#90 SL 4168.99 -> 4162.32 trail
2026.06.10 18:19:20;MANAGE;#90 SL 4162.32 -> 4161.09 trail
2026.06.10 18:48:40;MANAGE;#90 SL 4161.09 -> 4155.90 trail
2026.06.10 18:51:40;MANAGE;#90 SL 4155.90 -> 4154.24 trail
2026.06.10 18:52:20;MANAGE;#90 SL 4154.24 -> 4154.14 trail
2026.06.10 20:44:40;MANAGE;#90 SL 4154.14 -> 4152.57 trail
2026.06.10 20:45:20;MANAGE;#90 SL 4152.57 -> 4151.42 trail
2026.06.10 21:50:40;MANAGE;#90 SL 4151.42 -> 4145.56 trail
2026.06.10 22:00:00;DECISION;setup SHORT score=0.65 entry=4101.57 inv=4186.31 tgt=0.00 [BOS short lvl=4106.82|RelVol=1.77|VWAPside|ADX=34|RSI=28]
2026.06.10 22:00:00;VETO;authorization denied: outside session window (server hour 22, window 12-20)
2026.06.10 22:04:40;MANAGE;#90 SL 4145.56 -> 4143.61 trail
2026.06.10 22:05:20;MANAGE;#90 SL 4143.61 -> 4143.16 trail
2026.06.10 22:09:40;MANAGE;#90 SL 4143.16 -> 4142.57 trail
2026.06.10 22:10:40;MANAGE;#90 SL 4142.57 -> 4140.36 trail
2026.06.10 22:11:40;RISK;deal closed pnl=79.26 streak=0 lock=0
2026.06.10 22:30:00;VETO;authorization denied: outside session window (server hour 22, window 12-20)
2026.06.11 01:00:00;VETO;authorization denied: outside session window (server hour 01, window 12-20)
2026.06.11 01:30:00;VETO;outlier bar masked, z=4.6
2026.06.11 02:00:00;VETO;authorization denied: outside session window (server hour 02, window 12-20)
2026.06.11 02:30:00;VETO;outlier bar masked, z=3.6
2026.06.11 04:30:00;VETO;outlier bar masked, z=3.6
2026.06.11 15:30:00;DECISION;setup SHORT score=1.00 entry=4068.92 inv=4112.64 tgt=0.00 [BOS short lvl=4077.37|RelVol=1.54|VPnode d=9.32|VWAPside|CycleTurn w=0.95<-1.00|RSI=40]
2026.06.11 15:30:00;DECISION;TP capped 87.46000 -> 65.59500 (3.0xATR)
2026.06.11 15:30:00;ORDER;filled SELL 0.01 lots sl=4112.64 tp=4003.31 [WT|BOS|1.00]
2026.06.11 15:30:00;RISK;sizing: vol_ratio=0.83 scalar=1.00 gap_buf=7.87179 eff_stop=51.60179
2026.06.11 15:30:00;ORDER;entry fill deal #92 SELL 0.01 @ 4068.91000
2026.06.11 20:30:00;DECISION;setup LONG score=0.80 entry=4097.50 inv=4052.88 tgt=0.00 AWAIT-RETEST [CHoCH long lvl=4092.57|RelVol=1.68|Retest@4097.50|VPnode d=0.50|VWAPside|RSI=57]
2026.06.11 20:30:40;RISK;deal closed pnl=-43.73 streak=1 lock=0
2026.06.11 21:00:00;VETO;outlier bar masked, z=5.5
2026.06.12 11:30:00;DECISION;setup LONG score=1.00 entry=4213.06 inv=4170.58 tgt=0.00 [BOS long lvl=4204.95|RelVol=1.55|VPnode d=8.66|VWAPside|CycleTurn w=-0.98<--1.00|RSI=63]
2026.06.12 11:30:00;VETO;authorization denied: outside session window (server hour 11, window 12-20)
2026.06.12 12:00:00;DECISION;TP capped 98.20000 -> 73.65000 (3.0xATR)
2026.06.12 12:00:00;ORDER;filled BUY 0.01 lots sl=4170.58 tp=4293.33 [WT|BOS|1.00]
2026.06.12 12:00:00;RISK;sizing: vol_ratio=0.71 scalar=1.00 gap_buf=7.18929 eff_stop=56.28929
2026.06.12 12:00:00;ORDER;entry fill deal #94 BUY 0.01 @ 4219.68000
2026.06.12 22:00:00;RISK;FLATTEN ALL: Friday flatten: weekend gap protection
2026.06.12 22:00:00;RISK;deal closed pnl=-4.05 streak=1 lock=0
2026.06.15 01:30:00;VETO;outlier bar masked, z=8.4
2026.06.15 05:00:00;VETO;signal rejected: volume: relVol 0.97 < 1.00
2026.06.15 12:00:00;DECISION;setup LONG score=1.00 entry=4334.06 inv=4300.80 tgt=0.00 [BOS long lvl=4332.99|RelVol=1.07|VPnode d=0.66|VWAPside|CycleTurn w=-0.98<--1.00|ADX=32|RSI=69]
2026.06.15 12:00:00;DECISION;TP capped 67.56000 -> 50.67000 (3.0xATR)
2026.06.15 12:00:00;ORDER;filled BUY 0.02 lots sl=4300.80 tp=4385.25 [WT|BOS|1.00]
2026.06.15 12:00:00;RISK;sizing: vol_ratio=0.63 scalar=1.00 gap_buf=5.69429 eff_stop=39.47429
2026.06.15 12:00:00;ORDER;entry fill deal #96 BUY 0.02 @ 4334.58000
2026.06.15 16:00:00;VETO;signal rejected: volume: relVol 0.77 < 1.00
2026.06.15 16:41:40;MANAGE;#96 SL 4300.80 -> 4334.61 breakeven
2026.06.15 16:41:40;MANAGE;#96 partial close 0.01 of 0.02 lots
2026.06.15 16:41:40;RISK;deal closed pnl=34.09 streak=0 lock=0
2026.06.15 16:41:59;MANAGE;#96 SL 4334.61 -> 4345.70 trail
2026.06.15 16:42:20;MANAGE;#96 SL 4345.70 -> 4345.93 trail
2026.06.15 17:06:40;MANAGE;#96 SL 4345.93 -> 4346.31 trail
2026.06.15 19:18:40;RISK;deal closed pnl=11.73 streak=0 lock=0
2026.06.15 22:30:00;VETO;signal rejected: volume: relVol 0.93 < 1.00
2026.06.16 07:00:00;DECISION;setup LONG score=0.85 entry=4328.24 inv=4307.61 tgt=0.00 AWAIT-RETEST [CHoCH long lvl=4325.90|RelVol=1.03|Retest@4328.24|VPnear|VWAPside|CycleTurn w=-0.81<--0.97|RSI=56]
2026.06.16 07:30:00;VETO;authorization denied: outside session window (server hour 07, window 12-20)
2026.06.16 08:00:00;VETO;authorization denied: outside session window (server hour 08, window 12-20)
2026.06.16 08:30:00;VETO;authorization denied: outside session window (server hour 08, window 12-20)
2026.06.16 09:00:00;VETO;authorization denied: outside session window (server hour 09, window 12-20)
2026.06.16 11:00:00;DECISION;setup LONG score=0.85 entry=4335.12 inv=4313.33 tgt=0.00 [BOS long lvl=4333.17|RelVol=1.04|VPnear|VWAPside|CycleTurn w=0.53<-0.29|RSI=59]
2026.06.16 11:00:00;VETO;authorization denied: outside session window (server hour 11, window 12-20)
2026.06.16 11:30:00;VETO;authorization denied: outside session window (server hour 11, window 12-20)
2026.06.16 12:00:00;DECISION;TP capped 67.30000 -> 50.47500 (3.0xATR)
2026.06.16 12:00:00;ORDER;filled BUY 0.02 lots sl=4313.33 tp=4397.45 [WT|BOS|0.85]
2026.06.16 12:00:00;RISK;sizing: vol_ratio=0.68 scalar=1.00 gap_buf=4.59964 eff_stop=38.24964
2026.06.16 12:00:00;ORDER;entry fill deal #99 BUY 0.02 @ 4346.98000
2026.06.16 17:34:20;RISK;deal closed pnl=-67.30 streak=1 lock=0
2026.06.17 04:30:00;VETO;signal rejected: volume: relVol 0.88 < 1.00
2026.06.17 07:30:00;VETO;signal rejected: volume: relVol 0.90 < 1.00
2026.06.17 17:00:00;VETO;signal rejected: volume: relVol 0.83 < 1.00
2026.06.17 17:30:00;VETO;outlier bar masked, z=4.6
2026.06.17 18:00:00;VETO;outlier bar masked, z=6.1
2026.06.17 21:30:00;VETO;outlier bar masked, z=24.1
2026.06.17 22:00:00;VETO;outlier bar masked, z=13.7
2026.06.17 22:30:00;VETO;outlier bar masked, z=15.3
2026.06.18 01:00:00;VETO;outlier bar masked, z=4.8
2026.06.18 01:30:00;VETO;outlier bar masked, z=6.8
2026.06.18 03:30:00;VETO;outlier bar masked, z=3.8
2026.06.18 09:00:00;DECISION;setup SHORT score=0.65 entry=4308.11 inv=4329.91 tgt=0.00 [BOS short lvl=4309.09|RelVol=1.14|VPnode d=4.11|ADX=37]
2026.06.18 09:00:00;VETO;authorization denied: outside session window (server hour 09, window 12-20)
2026.06.18 09:30:00;VETO;authorization denied: outside session window (server hour 09, window 12-20)
2026.06.18 10:00:00;VETO;authorization denied: outside session window (server hour 10, window 12-20)
2026.06.18 10:30:00;VETO;authorization denied: outside session window (server hour 10, window 12-20)
2026.06.18 15:30:00;VETO;outlier bar masked, z=4.0
2026.06.18 18:30:00;DECISION;setup SHORT score=0.90 entry=4235.76 inv=4276.73 tgt=0.00 [BOS short lvl=4239.95|RelVol=1.15|VPnode d=3.64|VWAPside|ADX=33|RSI=35]
2026.06.18 18:30:00;DECISION;TP capped 81.94000 -> 61.45500 (3.0xATR)
2026.06.18 18:30:00;ORDER;filled SELL 0.02 lots sl=4276.73 tp=4174.31 [WT|BOS|0.90]
2026.06.18 18:30:00;RISK;sizing: vol_ratio=1.22 scalar=1.00 gap_buf=8.79643 eff_stop=49.76643
2026.06.18 18:30:00;ORDER;entry fill deal #101 SELL 0.02 @ 4235.76000
2026.06.18 22:30:00;DECISION;setup SHORT score=0.65 entry=4205.09 inv=4276.73 tgt=0.00 [BOS short lvl=4214.00|RelVol=1.27|VWAPside|ADX=47|RSI=30]
2026.06.18 22:30:00;VETO;authorization denied: outside session window (server hour 22, window 12-20)
2026.06.19 01:00:00;VETO;authorization denied: outside session window (server hour 01, window 12-20)
2026.06.19 01:30:00;VETO;authorization denied: outside session window (server hour 01, window 12-20)
2026.06.19 02:00:00;VETO;authorization denied: outside session window (server hour 02, window 12-20)
2026.06.19 02:14:40;MANAGE;#101 SL 4276.73 -> 4235.75 breakeven
2026.06.19 02:14:40;MANAGE;#101 partial close 0.01 of 0.02 lots
2026.06.19 02:14:40;RISK;deal closed pnl=41.78 streak=0 lock=0
2026.06.19 02:14:59;MANAGE;#101 SL 4235.75 -> 4223.32 trail
2026.06.19 02:16:40;MANAGE;#101 SL 4223.32 -> 4222.72 trail
2026.06.19 02:17:20;MANAGE;#101 SL 4222.72 -> 4221.79 trail
2026.06.19 02:25:40;MANAGE;#101 SL 4221.79 -> 4221.50 trail
2026.06.19 02:43:40;MANAGE;#101 SL 4221.50 -> 4220.78 trail
2026.06.19 02:45:40;MANAGE;#101 SL 4220.78 -> 4214.92 trail
2026.06.19 02:49:20;MANAGE;#101 SL 4214.92 -> 4214.71 trail
2026.06.19 02:56:40;MANAGE;#101 SL 4214.71 -> 4214.19 trail
2026.06.19 02:57:20;MANAGE;#101 SL 4214.19 -> 4213.62 trail
2026.06.19 03:06:40;MANAGE;#101 SL 4213.62 -> 4211.83 trail
2026.06.19 03:07:40;MANAGE;#101 SL 4211.83 -> 4210.97 trail
2026.06.19 03:18:20;MANAGE;#101 SL 4210.97 -> 4210.77 trail
2026.06.19 03:30:20;MANAGE;#101 SL 4210.77 -> 4210.07 trail
2026.06.19 04:05:40;MANAGE;#101 SL 4210.07 -> 4209.22 trail
2026.06.19 04:18:20;MANAGE;#101 SL 4209.22 -> 4209.09 trail
2026.06.19 04:20:40;MANAGE;#101 SL 4209.09 -> 4208.89 trail
2026.06.19 04:51:20;MANAGE;#101 SL 4208.89 -> 4208.76 trail
2026.06.19 05:00:00;MANAGE;#101 SL 4208.76 -> 4208.37 trail
2026.06.19 05:01:40;MANAGE;#101 SL 4208.37 -> 4208.16 trail
2026.06.19 05:02:40;MANAGE;#101 SL 4208.16 -> 4207.79 trail
2026.06.19 05:06:20;MANAGE;#101 SL 4207.79 -> 4205.94 trail
2026.06.19 05:07:40;MANAGE;#101 SL 4205.94 -> 4203.53 trail
2026.06.19 05:08:40;MANAGE;#101 SL 4203.53 -> 4202.72 trail
2026.06.19 05:14:40;MANAGE;#101 SL 4202.72 -> 4201.78 trail
2026.06.19 05:15:40;MANAGE;#101 SL 4201.78 -> 4199.23 trail
2026.06.19 05:16:20;MANAGE;#101 SL 4199.23 -> 4198.95 trail
2026.06.19 05:17:40;MANAGE;#101 SL 4198.95 -> 4198.52 trail
2026.06.19 05:50:40;MANAGE;#101 SL 4198.52 -> 4197.51 trail
2026.06.19 05:51:40;RISK;deal closed pnl=61.41 streak=0 lock=0
2026.06.19 16:00:00;VETO;outlier bar masked, z=3.8
2026.06.22 04:00:00;DECISION;setup LONG score=0.55 entry=4186.52 inv=4133.63 tgt=0.00 AWAIT-RETEST [BOS long lvl=4182.96|RelVol=1.31|Retest@4186.52|VWAPside|RSI=65]
2026.06.22 05:30:00;VETO;authorization denied: outside session window (server hour 05, window 12-20)
2026.06.22 06:00:00;VETO;authorization denied: outside session window (server hour 06, window 12-20)
2026.06.22 06:30:00;VETO;authorization denied: outside session window (server hour 06, window 12-20)
2026.06.22 07:00:00;VETO;authorization denied: outside session window (server hour 07, window 12-20)
2026.06.22 13:00:00;DECISION;setup LONG score=0.80 entry=4208.23 inv=4188.65 tgt=0.00 [BOS long lvl=4207.37|RelVol=1.08|VPnode d=5.77|VWAPside|RSI=64]
2026.06.22 13:00:00;DECISION;TP capped 39.20000 -> 30.37929 (3.0xATR)
2026.06.22 13:00:00;ORDER;filled BUY 0.04 lots sl=4188.65 tp=4238.63 [WT|BOS|0.80]
2026.06.22 13:00:00;RISK;sizing: vol_ratio=0.75 scalar=1.00 gap_buf=5.06321 eff_stop=24.66321
2026.06.22 13:00:00;ORDER;entry fill deal #104 BUY 0.04 @ 4208.25000
2026.06.22 16:07:40;RISK;deal closed pnl=-78.40 streak=1 lock=0
2026.06.22 16:30:00;DECISION;setup SHORT score=0.85 entry=4186.26 inv=4215.34 tgt=0.00 AWAIT-RETEST [CHoCH short lvl=4188.65|RelVol=1.19|Retest@4186.26|VPnode d=0.34|VWAPside|CycleTurn w=-0.41<-0.69]
2026.06.22 16:30:00;DECISION;TP capped 58.15000 -> 43.61250 (3.0xATR)
2026.06.22 16:30:00;ERROR;limit SELL 0.02 @ 4186.26 sl=4215.34 tp=4142.65 rc=10015 [WT|CHOCH|0.85|RL]
2026.06.22 17:00:00;DECISION;TP capped 30.94000 -> 30.85500 (3.0xATR)
2026.06.22 17:00:00;ORDER;filled SELL 0.04 lots sl=4215.34 tp=4169.01 [WT|CHOCH|0.85]
2026.06.22 17:00:00;RISK;sizing: vol_ratio=0.76 scalar=1.00 gap_buf=5.14250 eff_stop=20.61250
2026.06.22 17:00:00;ORDER;entry fill deal #106 SELL 0.04 @ 4199.87000
2026.06.22 18:38:40;MANAGE;#106 SL 4215.34 -> 4199.81 breakeven
2026.06.22 18:38:40;MANAGE;#106 partial close 0.02 of 0.04 lots
2026.06.22 18:38:40;RISK;deal closed pnl=33.48 streak=0 lock=0
2026.06.22 18:49:40;MANAGE;#106 SL 4199.81 -> 4194.84 trail
2026.06.22 19:30:00;DECISION;setup SHORT score=0.80 entry=4182.67 inv=4210.74 tgt=0.00 [BOS short lvl=4182.88|RelVol=1.14|VPnode d=3.73|VWAPside|RSI=45]
2026.06.22 19:30:00;DECISION;TP capped 56.14000 -> 42.10500 (3.0xATR)
2026.06.22 19:30:00;VETO;risk veto: max positions
2026.06.23 02:37:40;RISK;deal closed pnl=9.97 streak=0 lock=0
2026.06.23 05:00:00;DECISION;setup SHORT score=0.65 entry=4167.09 inv=4210.74 tgt=0.00 AWAIT-RETEST [BOS short lvl=4169.82|RelVol=1.22|Retest@4167.09|VPnear|VWAPside|RSI=34]
2026.06.23 17:00:00;VETO;outlier bar masked, z=3.8
2026.06.24 02:00:00;DECISION;setup SHORT score=0.80 entry=4102.58 inv=4143.88 tgt=0.00 AWAIT-RETEST [CHoCH short lvl=4105.31|RelVol=1.61|Retest@4102.58|VPnode d=2.38|VWAPside|RSI=36]
2026.06.24 02:30:00;VETO;authorization denied: outside session window (server hour 02, window 12-20)
2026.06.24 03:00:00;VETO;authorization denied: outside session window (server hour 03, window 12-20)
2026.06.24 03:30:00;VETO;authorization denied: outside session window (server hour 03, window 12-20)
2026.06.24 04:00:00;VETO;authorization denied: outside session window (server hour 04, window 12-20)
2026.06.24 04:30:00;VETO;outlier bar masked, z=4.2
2026.06.24 14:30:00;DECISION;setup SHORT score=0.85 entry=4044.25 inv=4097.57 tgt=0.00 [BOS short lvl=4050.33|RelVol=1.46|VWAPside|CycleTurn w=-0.65<-0.37|ADX=33|RSI=27]
2026.06.24 14:30:00;DECISION;TP capped 106.64000 -> 79.98000 (3.0xATR)
2026.06.24 14:30:00;ORDER;filled SELL 0.01 lots sl=4097.57 tp=3964.27 [WT|BOS|0.85]
2026.06.24 14:30:00;RISK;sizing: vol_ratio=0.92 scalar=1.00 gap_buf=6.02250 eff_stop=59.34250
2026.06.24 14:30:00;ORDER;entry fill deal #109 SELL 0.01 @ 4044.25000
2026.06.24 15:30:00;VETO;outlier bar masked, z=6.2
2026.06.24 15:59:40;MANAGE;#109 SL 4097.57 -> 4044.22 breakeven
2026.06.24 15:59:59;MANAGE;#109 SL 4044.22 -> 4017.72 trail
2026.06.24 16:00:00;VETO;outlier bar masked, z=4.1
2026.06.24 16:00:40;MANAGE;#109 SL 4017.72 -> 4011.53 trail
2026.06.24 16:01:40;MANAGE;#109 SL 4011.53 -> 4004.32 trail
2026.06.24 16:11:40;MANAGE;#109 SL 4004.32 -> 3999.70 trail
2026.06.24 16:15:40;MANAGE;#109 SL 3999.70 -> 3999.52 trail
2026.06.24 16:16:20;MANAGE;#109 SL 3999.52 -> 3997.64 trail
2026.06.24 16:21:40;MANAGE;#109 SL 3997.64 -> 3997.12 trail
2026.06.24 16:30:00;VETO;outlier bar masked, z=3.7
2026.06.24 16:38:40;RISK;deal closed pnl=47.13 streak=0 lock=0
2026.06.24 17:00:00;VETO;outlier bar masked, z=10.6
2026.06.24 18:00:00;VETO;outlier bar masked, z=3.6
2026.06.24 21:30:00;VETO;outlier bar masked, z=3.7
2026.06.25 16:00:00;VETO;outlier bar masked, z=3.7
2026.06.25 19:00:00;DECISION;setup LONG score=0.55 entry=4041.09 inv=3973.64 tgt=0.00 [BOS long lvl=4034.11|RelVol=1.28|VWAPside|RSI=63]
2026.06.25 19:00:00;DECISION;TP capped 134.94000 -> 101.20500 (3.0xATR)
2026.06.25 19:00:00;ORDER;filled BUY 0.01 lots sl=3973.64 tp=4142.32 [WT|BOS|0.55]
2026.06.25 19:00:00;RISK;sizing: vol_ratio=1.05 scalar=1.00 gap_buf=9.03107 eff_stop=76.50107
2026.06.25 19:00:00;ORDER;entry fill deal #111 BUY 0.01 @ 4041.11000
2026.06.25 21:30:00;DECISION;setup LONG score=0.65 entry=4044.12 inv=3973.64 tgt=0.00 [BOS long lvl=4044.08|RelVol=1.18|VPnear|VWAPside|RSI=63]
2026.06.25 21:30:00;VETO;authorization denied: outside session window (server hour 21, window 12-20)
2026.06.25 22:00:00;VETO;authorization denied: outside session window (server hour 22, window 12-20)
2026.06.25 22:30:00;VETO;authorization denied: outside session window (server hour 22, window 12-20)
2026.06.26 01:00:00;VETO;authorization denied: outside session window (server hour 01, window 12-20)
2026.06.26 01:30:00;VETO;outlier bar masked, z=3.6
2026.06.26 05:30:00;DECISION;setup SHORT score=0.80 entry=4008.09 inv=4044.22 tgt=0.00 AWAIT-RETEST [CHoCH short lvl=4011.43|RelVol=1.08|Retest@4008.09|VPnode d=6.11|VWAPside|RSI=44]
2026.06.26 06:00:00;VETO;authorization denied: outside session window (server hour 06, window 12-20)
2026.06.26 06:30:00;VETO;authorization denied: outside session window (server hour 06, window 12-20)
2026.06.26 07:00:00;VETO;authorization denied: outside session window (server hour 07, window 12-20)
2026.06.26 07:30:00;VETO;authorization denied: outside session window (server hour 07, window 12-20)
2026.06.26 12:30:00;DECISION;setup LONG score=0.80 entry=4043.45 inv=3982.99 tgt=0.00 AWAIT-RETEST [CHoCH long lvl=4039.83|RelVol=1.21|Retest@4043.45|VPnode d=8.25|VWAPside|RSI=63]
2026.06.26 12:30:00;VETO;retest limit risk veto: max positions
2026.06.26 13:30:00;DECISION;TP capped 130.32000 -> 97.74000 (3.0xATR)
2026.06.26 13:30:00;VETO;risk veto: max positions
2026.06.26 22:00:00;RISK;FLATTEN ALL: Friday flatten: weekend gap protection
2026.06.26 22:00:00;RISK;deal closed pnl=26.11 streak=0 lock=0
2026.06.29 13:00:00;DECISION;setup SHORT score=0.55 entry=4036.28 inv=4068.60 tgt=0.00 AWAIT-RETEST [CHoCH short lvl=4039.36|RelVol=1.47|Retest@4036.28|VWAPside|RSI=35]
2026.06.29 13:00:00;DECISION;TP capped 64.63571 -> 48.47679 (3.0xATR)
2026.06.29 13:00:00;ORDER;limit SELL 0.02 @ 4036.28 sl=4068.60 tp=3987.81 rc=10009 [WT|CHOCH|0.55|RL]
2026.06.29 13:00:00;RISK;sizing: vol_ratio=0.84 scalar=1.00 gap_buf=6.15571 eff_stop=38.47357
2026.06.29 13:12:40;ORDER;entry fill deal #113 SELL 0.02 @ 4036.28000
2026.06.29 17:15:40;MANAGE;#113 SL 4068.60 -> 4036.24 breakeven
2026.06.29 17:15:40;MANAGE;#113 partial close 0.01 of 0.02 lots
2026.06.29 17:15:40;RISK;deal closed pnl=35.94 streak=0 lock=0
2026.06.29 17:15:59;MANAGE;#113 SL 4036.24 -> 4027.56 trail
2026.06.29 17:26:40;RISK;deal closed pnl=8.72 streak=0 lock=0
2026.06.29 17:30:00;VETO;outlier bar masked, z=4.5
2026.06.29 18:30:00;VETO;signal rejected: volume: relVol 0.92 < 1.00
2026.06.30 04:00:00;DECISION;setup SHORT score=1.00 entry=4002.75 inv=4022.42 tgt=0.00 AWAIT-RETEST [BOS short lvl=4005.24|RelVol=1.41|Retest@4002.75|VPnode d=1.25|VWAPside|CycleTurn w=-0.15<-0.78|ADX=30|RSI=21]
2026.06.30 04:30:00;VETO;outlier bar masked, z=7.2
2026.06.30 09:30:00;VETO;outlier bar masked, z=5.0
2026.06.30 10:00:00;DECISION;setup LONG score=0.55 entry=4026.09 inv=3942.48 tgt=0.00 AWAIT-RETEST [CHoCH long lvl=4022.42|RelVol=1.71|Retest@4026.09|VWAPside|RSI=64]
2026.06.30 10:30:00;VETO;authorization denied: outside session window (server hour 10, window 12-20)
2026.06.30 11:00:00;VETO;authorization denied: outside session window (server hour 11, window 12-20)
2026.06.30 11:30:00;VETO;authorization denied: outside session window (server hour 11, window 12-20)
2026.06.30 12:00:00;DECISION;TP capped 146.24000 -> 109.68000 (3.0xATR)
2026.06.30 12:00:00;ORDER;filled BUY 0.01 lots sl=3942.48 tp=4125.28 [WT|CHOCH|0.55]
2026.06.30 12:00:00;RISK;sizing: vol_ratio=1.12 scalar=1.00 gap_buf=7.72429 eff_stop=80.84429
2026.06.30 12:00:00;ORDER;entry fill deal #116 BUY 0.01 @ 4015.60000
2026.06.30 16:00:00;VETO;signal rejected: volume: relVol 0.83 < 1.00
2026.06.30 17:30:00;VETO;outlier bar masked, z=5.8
2026.07.01 01:00:00;VETO;signal rejected: volume: relVol 0.84 < 1.00
2026.07.01 04:00:00;VETO;signal rejected: volume: relVol 0.91 < 1.00
2026.07.01 09:30:00;VETO;signal rejected: volume: relVol 0.99 < 1.00
2026.07.01 14:30:00;VETO;outlier bar masked, z=4.5
2026.07.01 16:30:00;VETO;outlier bar masked, z=5.0
2026.07.01 16:44:40;MANAGE;#116 SL 3942.48 -> 4015.61 breakeven
2026.07.01 16:44:59;MANAGE;#116 SL 4015.61 -> 4068.82 trail
2026.07.01 16:45:40;MANAGE;#116 SL 4068.82 -> 4078.85 trail
2026.07.01 17:00:00;VETO;outlier bar masked, z=11.0
2026.07.01 18:24:20;RISK;deal closed pnl=63.12 streak=0 lock=0
2026.07.02 01:30:00;VETO;outlier bar masked, z=6.1
2026.07.02 07:00:00;DECISION;setup LONG score=1.00 entry=4069.99 inv=4030.72 tgt=0.00 [BOS long lvl=4068.54|RelVol=1.05|VPnode d=2.19|VWAPside|CycleTurn w=-0.58<--0.92|RSI=63]
2026.07.02 07:00:00;VETO;authorization denied: outside session window (server hour 07, window 12-20)
2026.07.02 07:30:00;VETO;authorization denied: outside session window (server hour 07, window 12-20)
2026.07.02 08:00:00;VETO;authorization denied: outside session window (server hour 08, window 12-20)
2026.07.02 08:30:00;VETO;authorization denied: outside session window (server hour 08, window 12-20)
2026.07.02 09:30:00;DECISION;setup LONG score=0.80 entry=4074.32 inv=4030.72 tgt=0.00 [BOS long lvl=4074.13|RelVol=1.01|VPnode d=0.52|VWAPside|RSI=63]
2026.07.02 09:30:00;VETO;authorization denied: outside session window (server hour 09, window 12-20)
2026.07.02 10:00:00;VETO;authorization denied: outside session window (server hour 10, window 12-20)
2026.07.02 10:30:00;VETO;authorization denied: outside session window (server hour 10, window 12-20)
2026.07.02 11:00:00;VETO;authorization denied: outside session window (server hour 11, window 12-20)
2026.07.02 16:00:00;VETO;outlier bar masked, z=13.7
2026.07.02 17:00:00;VETO;outlier bar masked, z=4.6
2026.07.03 01:30:00;VETO;outlier bar masked, z=5.2
2026.07.03 04:00:00;VETO;signal rejected: volume: relVol 0.92 < 1.00
2026.07.03 04:30:00;VETO;outlier bar masked, z=7.1
2026.07.03 17:00:00;VETO;signal rejected: volume: relVol 0.45 < 1.00
2026.07.06 02:00:00;DECISION;setup LONG score=1.00 entry=4188.41 inv=4162.74 tgt=0.00 AWAIT-RETEST [CHoCH long lvl=4186.22|RelVol=1.04|Retest@4188.41|VPnode d=1.01|VWAPside|CycleTurn w=-0.79<--0.95|RSI=64]
2026.07.06 02:30:00;VETO;authorization denied: outside session window (server hour 02, window 12-20)
2026.07.06 03:00:00;VETO;authorization denied: outside session window (server hour 03, window 12-20)
2026.07.06 03:30:00;VETO;authorization denied: outside session window (server hour 03, window 12-20)
2026.07.06 04:00:00;VETO;authorization denied: outside session window (server hour 04, window 12-20)
2026.07.06 06:30:00;VETO;signal rejected: volume: relVol 0.91 < 1.00
2026.07.06 12:30:00;VETO;signal rejected: volume: relVol 0.72 < 1.00
2026.07.06 21:00:00;VETO;signal rejected: volume: relVol 0.79 < 1.00
2026.07.07 09:00:00;VETO;signal rejected: volume: relVol 0.97 < 1.00
2026.07.07 14:30:00;VETO;signal rejected: volume: relVol 0.83 < 1.00
2026.07.07 17:00:00;VETO;outlier bar masked, z=3.8
2026.07.07 22:00:00;DECISION;setup SHORT score=0.80 entry=4132.58 inv=4180.51 tgt=0.00 AWAIT-RETEST [CHoCH short lvl=4135.78|RelVol=1.01|Retest@4132.58|VPnode d=9.52|VWAPside|RSI=38]
2026.07.07 22:30:00;VETO;outlier bar masked, z=5.7
