time;tag;message
2026.01.01 00:00:00;RECOVER;init: v2.43 test_case=G7_gbp_tuned lock=0 streak=0 positions=0 equity=10000.00 day_eq=10000.00 peak_eq=10000.00
2026.01.01 00:00:00;RECOVER;symbol overrides [GBPUSD]: GBPUSD: profile_bin 0.20 -> 0.0002 (SEEDED from EURUSD, UNCONFIRMED - own campaign pending)
2026.01.02 03:00:00;VETO;signal rejected: volume: relVol 0.80 < 1.00
2026.01.02 09:45:00;VETO;signal rejected: volume: relVol 0.88 < 1.00
2026.01.02 12:30:00;VETO;signal rejected: score 0.50 < 0.55 [BOS short lvl=1.34|RelVol=1.10|VPnear|VWAPside]
2026.01.02 15:30:00;DECISION;setup LONG score=0.55 entry=1.35 inv=1.34 tgt=0.00 AWAIT-RETEST [CHoCH long lvl=1.34|RelVol=1.00|Retest@1.35|VPnode d=0.00]
2026.01.02 15:30:00;DECISION;TP capped 0.00348 -> 0.00261 (3.0xATR)
2026.01.02 15:30:00;ERROR;limit BUY 0.41 @ 1.35 sl=1.34 tp=1.35 rc=10015 [WT|CHOCH|0.55|RL]
2026.01.02 15:45:00;DECISION;TP capped 0.00412 -> 0.00309 (3.0xATR)
2026.01.02 15:45:00;ORDER;filled BUY 0.35 lots sl=1.34 tp=1.35 [WT|CHOCH|0.55]
2026.01.02 15:45:00;RISK;sizing: vol_ratio=1.14 scalar=0.89 gap_buf=0.00043 eff_stop=0.00249
2026.01.02 15:45:00;ORDER;entry fill deal #2 BUY 0.35 @ 1.34549
2026.01.02 17:06:40;MANAGE;#2 SL 1.34 -> 1.35 breakeven
2026.01.02 17:06:40;MANAGE;#2 partial close 0.17 of 0.35 lots
2026.01.02 17:06:40;RISK;deal closed pnl=35.87 streak=0 lock=0
2026.01.02 17:06:59;MANAGE;#2 SL 1.35 -> 1.35 trail
2026.01.02 17:07:40;MANAGE;#2 SL 1.35 -> 1.35 trail
2026.01.02 17:35:40;MANAGE;#2 SL 1.35 -> 1.35 trail
2026.01.02 17:36:20;MANAGE;#2 SL 1.35 -> 1.35 trail
2026.01.02 17:40:40;RISK;deal closed pnl=55.62 streak=0 lock=0
2026.01.02 23:15:00;VETO;signal rejected: volume: relVol 0.79 < 1.00
2026.01.05 01:45:00;DECISION;setup SHORT score=0.65 entry=1.34 inv=1.35 tgt=0.00 AWAIT-RETEST [CHoCH short lvl=1.34|RelVol=1.08|Retest@1.34|VPnode d=0.00|VWAPside]
2026.01.05 02:00:00;VETO;authorization denied: outside session window (server hour 02, window 12-20)
2026.01.05 02:15:00;VETO;authorization denied: outside session window (server hour 02, window 12-20)
2026.01.05 02:30:00;VETO;authorization denied: outside session window (server hour 02, window 12-20)
2026.01.05 02:45:00;VETO;authorization denied: outside session window (server hour 02, window 12-20)
2026.01.05 04:15:00;DECISION;setup SHORT score=0.65 entry=1.34 inv=1.35 tgt=0.00 [BOS short lvl=1.34|RelVol=1.22|StopFloored|VPnode d=0.00|VWAPside]
2026.01.05 04:15:00;VETO;authorization denied: outside session window (server hour 04, window 12-20)
2026.01.05 04:30:00;VETO;authorization denied: outside session window (server hour 04, window 12-20)
2026.01.05 04:45:00;VETO;authorization denied: outside session window (server hour 04, window 12-20)
2026.01.05 05:00:00;VETO;authorization denied: outside session window (server hour 05, window 12-20)
2026.01.05 12:00:00;DECISION;setup LONG score=0.65 entry=1.34 inv=1.34 tgt=0.00 AWAIT-RETEST [CHoCH long lvl=1.34|RelVol=1.19|Retest@1.34|VPnode d=0.00|VWAPside]
2026.01.05 12:00:00;DECISION;TP capped 0.00378 -> 0.00283 (3.0xATR)
2026.01.05 12:00:00;ORDER;limit BUY 0.38 @ 1.34 sl=1.34 tp=1.35 rc=10009 [WT|CHOCH|0.65|RL]
2026.01.05 12:00:00;RISK;sizing: vol_ratio=1.13 scalar=0.90 gap_buf=0.00046 eff_stop=0.00235
2026.01.05 12:04:40;ORDER;entry fill deal #5 BUY 0.38 @ 1.34407
2026.01.05 12:47:40;MANAGE;#5 SL 1.34 -> 1.34 breakeven
2026.01.05 12:47:40;MANAGE;#5 partial close 0.19 of 0.38 lots
2026.01.05 12:47:40;RISK;deal closed pnl=36.86 streak=0 lock=0
2026.01.05 12:48:40;MANAGE;#5 SL 1.34 -> 1.34 trail
2026.01.05 12:49:40;MANAGE;#5 SL 1.34 -> 1.34 trail
2026.01.05 13:03:40;MANAGE;#5 SL 1.34 -> 1.34 trail
2026.01.05 13:17:40;MANAGE;#5 SL 1.34 -> 1.34 trail
2026.01.05 13:20:40;RISK;deal closed pnl=53.77 streak=0 lock=0
2026.01.05 16:00:00;VETO;outlier bar masked, z=6.4
2026.01.05 17:15:00;DECISION;setup LONG score=0.60 entry=1.35 inv=1.34 tgt=0.00 [BOS long lvl=1.35|RelVol=1.23|VWAPside|CycleTurn w=0.76<--0.12]
2026.01.05 17:15:00;DECISION;TP capped 0.01140 -> 0.00855 (3.0xATR)
2026.01.05 17:15:00;ORDER;filled BUY 0.10 lots sl=1.34 tp=1.36 [WT|BOS|0.60]
2026.01.05 17:15:00;RISK;sizing: vol_ratio=1.44 scalar=0.67 gap_buf=0.00063 eff_stop=0.00633
2026.01.05 17:15:00;ORDER;entry fill deal #8 BUY 0.10 @ 1.34818
2026.01.05 19:22:40;MANAGE;#8 SL 1.34 -> 1.35 breakeven
2026.01.05 19:22:40;MANAGE;#8 partial close 0.05 of 0.10 lots
2026.01.05 19:22:40;RISK;deal closed pnl=28.75 streak=0 lock=0
2026.01.05 19:22:59;MANAGE;#8 SL 1.35 -> 1.35 trail
2026.01.05 19:38:20;MANAGE;#8 SL 1.35 -> 1.35 trail
2026.01.05 20:10:40;MANAGE;#8 SL 1.35 -> 1.35 trail
2026.01.05 20:17:40;MANAGE;#8 SL 1.35 -> 1.35 trail
2026.01.05 20:19:40;MANAGE;#8 SL 1.35 -> 1.35 trail
2026.01.05 20:59:40;MANAGE;#8 SL 1.35 -> 1.35 trail
2026.01.05 21:00:00;MANAGE;#8 SL 1.35 -> 1.35 trail
2026.01.05 21:00:00;VETO;signal rejected: score 0.50 < 0.55 [BOS long lvl=1.35|RelVol=1.11|VWAPside|ADX=72]
2026.01.05 21:01:20;MANAGE;#8 SL 1.35 -> 1.35 trail
2026.01.05 21:25:40;MANAGE;#8 SL 1.35 -> 1.35 trail
2026.01.05 21:26:20;MANAGE;#8 SL 1.35 -> 1.35 trail
2026.01.05 21:33:20;MANAGE;#8 SL 1.35 -> 1.35 trail
2026.01.05 21:49:20;MANAGE;#8 SL 1.35 -> 1.35 trail
2026.01.05 22:31:40;MANAGE;#8 SL 1.35 -> 1.35 trail
2026.01.05 23:16:00;MANAGE;#8 SL 1.35 -> 1.35 trail
2026.01.05 23:19:40;MANAGE;#8 SL 1.35 -> 1.35 trail
2026.01.05 23:21:00;MANAGE;#8 SL 1.35 -> 1.35 trail
2026.01.06 01:10:40;RISK;deal closed pnl=27.54 streak=0 lock=0
2026.01.06 01:30:00;VETO;signal rejected: volume: relVol 0.65 < 1.00
2026.01.06 03:45:00;VETO;signal rejected: volume: relVol 0.96 < 1.00
2026.01.06 11:30:00;DECISION;setup SHORT score=0.65 entry=1.35 inv=1.36 tgt=0.00 AWAIT-RETEST [CHoCH short lvl=1.35|RelVol=1.32|Retest@1.35|VPnode d=0.00|VWAPside]
2026.01.06 11:45:00;VETO;authorization denied: outside session window (server hour 11, window 12-20)
2026.01.06 12:00:00;DECISION;TP capped 0.00630 -> 0.00472 (3.0xATR)
2026.01.06 12:00:00;ORDER;filled SELL 0.23 lots sl=1.36 tp=1.35 [WT|CHOCH|0.65]
2026.01.06 12:00:00;RISK;sizing: vol_ratio=1.24 scalar=0.82 gap_buf=0.00048 eff_stop=0.00363
2026.01.06 12:00:00;ORDER;entry fill deal #11 SELL 0.23 @ 1.35354
2026.01.06 17:20:40;MANAGE;#11 SL 1.36 -> 1.35 breakeven
2026.01.06 17:20:40;MANAGE;#11 partial close 0.11 of 0.23 lots
2026.01.06 17:20:40;RISK;deal closed pnl=35.97 streak=0 lock=0
2026.01.06 17:20:59;MANAGE;#11 SL 1.35 -> 1.35 trail
2026.01.06 17:23:20;MANAGE;#11 SL 1.35 -> 1.35 trail
2026.01.06 17:24:40;MANAGE;#11 SL 1.35 -> 1.35 trail
2026.01.06 17:25:40;MANAGE;#11 SL 1.35 -> 1.35 trail
2026.01.06 17:30:00;DECISION;setup SHORT score=0.60 entry=1.35 inv=1.35 tgt=0.00 [BOS short lvl=1.35|RelVol=1.19|VWAPside|CycleTurn w=0.85<-1.00]
2026.01.06 17:30:00;DECISION;TP capped 0.00686 -> 0.00515 (3.0xATR)
2026.01.06 17:30:00;VETO;risk veto: max positions
2026.01.06 17:36:40;MANAGE;#11 SL 1.35 -> 1.35 trail
2026.01.06 17:41:40;MANAGE;#11 SL 1.35 -> 1.35 trail
2026.01.06 18:08:40;MANAGE;#11 SL 1.35 -> 1.35 trail
2026.01.06 21:03:20;MANAGE;#11 SL 1.35 -> 1.35 trail
2026.01.06 21:04:40;MANAGE;#11 SL 1.35 -> 1.35 trail
2026.01.06 21:05:40;MANAGE;#11 SL 1.35 -> 1.35 trail
2026.01.06 21:10:20;MANAGE;#11 SL 1.35 -> 1.35 trail
2026.01.06 21:34:40;MANAGE;#11 SL 1.35 -> 1.35 trail
2026.01.07 00:03:30;RISK;deal closed pnl=32.74 streak=0 lock=0
2026.01.07 01:30:00;VETO;signal rejected: volume: relVol 0.47 < 1.00
2026.01.07 03:45:00;DECISION;setup LONG score=0.65 entry=1.35 inv=1.35 tgt=0.00 AWAIT-RETEST [BOS long lvl=1.35|RelVol=1.17|Retest@1.35|VPnode d=0.00|VWAPside]
2026.01.07 05:45:00;DECISION;setup LONG score=0.60 entry=1.35 inv=1.35 tgt=0.00 [BOS long lvl=1.35|RelVol=1.19|VPnear|VWAPside|ADX=36]
2026.01.07 05:45:00;VETO;authorization denied: outside session window (server hour 05, window 12-20)
2026.01.07 06:00:00;VETO;authorization denied: outside session window (server hour 06, window 12-20)
2026.01.07 06:15:00;VETO;authorization denied: outside session window (server hour 06, window 12-20)
2026.01.07 06:30:00;VETO;authorization denied: outside session window (server hour 06, window 12-20)
2026.01.07 09:30:00;DECISION;setup SHORT score=0.65 entry=1.35 inv=1.35 tgt=0.00 AWAIT-RETEST [CHoCH short lvl=1.35|RelVol=1.10|Retest@1.35|VPnode d=0.00|VWAPside]
2026.01.07 09:45:00;VETO;authorization denied: outside session window (server hour 09, window 12-20)
2026.01.07 10:00:00;VETO;authorization denied: outside session window (server hour 10, window 12-20)
2026.01.07 10:15:00;VETO;authorization denied: outside session window (server hour 10, window 12-20)
2026.01.07 10:30:00;VETO;authorization denied: outside session window (server hour 10, window 12-20)
2026.01.07 12:15:00;DECISION;setup LONG score=0.75 entry=1.35 inv=1.35 tgt=0.00 AWAIT-RETEST [CHoCH long lvl=1.35|RelVol=1.01|Retest@1.35|VPnode d=0.00|CycleTurn w=-0.69<--0.90]
2026.01.07 12:15:00;DECISION;TP capped 0.00305 -> 0.00255 (3.0xATR)
2026.01.07 12:15:00;ERROR;limit BUY 0.44 @ 1.35 sl=1.35 tp=1.35 rc=10015 [WT|CHOCH|0.75|RL]
2026.01.07 12:30:00;DECISION;TP capped 0.00292 -> 0.00241 (3.0xATR)
2026.01.07 12:30:00;ORDER;filled BUY 0.49 lots sl=1.35 tp=1.35 [WT|CHOCH|0.75]
2026.01.07 12:30:00;RISK;sizing: vol_ratio=1.14 scalar=0.90 gap_buf=0.00040 eff_stop=0.00186
2026.01.07 12:30:00;ORDER;entry fill deal #14 BUY 0.49 @ 1.34995
2026.01.07 14:15:00;DECISION;setup SHORT score=0.85 entry=1.35 inv=1.35 tgt=0.00 AWAIT-RETEST [CHoCH short lvl=1.35|RelVol=1.05|Retest@1.35|VPnode d=0.00|VWAPside|CycleTurn w=0.98<-1.00]
2026.01.07 14:15:00;VETO;retest limit risk veto: max positions
2026.01.07 14:30:00;DECISION;TP capped 0.00352 -> 0.00264 (3.0xATR)
2026.01.07 14:30:00;VETO;risk veto: max positions
2026.01.07 15:07:40;RISK;deal closed pnl=-71.54 streak=1 lock=0
2026.01.07 17:00:00;DECISION;setup LONG score=0.65 entry=1.35 inv=1.35 tgt=0.00 AWAIT-RETEST [CHoCH long lvl=1.35|RelVol=1.15|Retest@1.35|VPnode d=0.00|VWAPside]
2026.01.07 17:00:00;DECISION;TP capped 0.00423 -> 0.00317 (3.0xATR)
2026.01.07 17:00:00;ERROR;limit BUY 0.33 @ 1.35 sl=1.35 tp=1.35 rc=10015 [WT|CHOCH|0.65|RL]
2026.01.07 17:15:00;VETO;outlier bar masked, z=4.1
2026.01.07 17:30:00;ORDER;filled BUY 0.62 lots sl=1.35 tp=1.35 [WT|CHOCH|0.65]
2026.01.07 17:30:00;RISK;sizing: vol_ratio=1.44 scalar=0.67 gap_buf=0.00050 eff_stop=0.00108
2026.01.07 17:30:00;ORDER;entry fill deal #16 BUY 0.62 @ 1.34874
2026.01.07 17:35:40;MANAGE;#16 SL 1.35 -> 1.35 breakeven
2026.01.07 17:35:40;MANAGE;#16 partial close 0.31 of 0.62 lots
2026.01.07 17:35:40;RISK;deal closed pnl=31.62 streak=0 lock=0
2026.01.07 17:44:20;RISK;deal closed pnl=0.62 streak=0 lock=0
2026.01.07 18:00:00;VETO;outlier bar masked, z=4.3
2026.01.07 21:15:00;VETO;signal rejected: score 0.40 < 0.55 [BOS short lvl=1.35|RelVol=1.07|VWAPside]
2026.01.07 23:30:00;VETO;signal rejected: score 0.40 < 0.55 [BOS short lvl=1.35|RelVol=1.36|VWAPside]
2026.01.08 03:45:00;VETO;signal rejected: volume: relVol 0.97 < 1.00
2026.01.08 05:30:00;DECISION;setup LONG score=0.65 entry=1.35 inv=1.35 tgt=0.00 AWAIT-RETEST [CHoCH long lvl=1.35|RelVol=1.20|Retest@1.35|VPnode d=0.00|VWAPside]
2026.01.08 05:45:00;VETO;authorization denied: outside session window (server hour 05, window 12-20)
2026.01.08 06:00:00;VETO;authorization denied: outside session window (server hour 06, window 12-20)
2026.01.08 06:15:00;VETO;authorization denied: outside session window (server hour 06, window 12-20)
2026.01.08 06:30:00;VETO;authorization denied: outside session window (server hour 06, window 12-20)
2026.01.08 10:00:00;VETO;signal rejected: score 0.50 < 0.55 [CHoCH short lvl=1.35|RelVol=1.08|Retest@1.34|VPnear|VWAPside]
2026.01.08 13:00:00;VETO;signal rejected: volume: relVol 0.92 < 1.00
2026.01.08 15:45:00;VETO;signal rejected: volume: relVol 0.90 < 1.00
2026.01.08 16:00:00;VETO;outlier bar masked, z=4.1
2026.01.08 21:00:00;VETO;signal rejected: volume: relVol 0.91 < 1.00
2026.01.08 23:45:00;DECISION;setup LONG score=0.55 entry=1.34 inv=1.34 tgt=0.00 AWAIT-RETEST [CHoCH long lvl=1.34|RelVol=1.21|Retest@1.34|VPnode d=0.00]
2026.01.09 00:01:00;VETO;authorization denied: outside session window (server hour 00, window 12-20)
2026.01.09 00:15:00;VETO;outlier bar masked, z=4.3
2026.01.09 00:30:00;VETO;authorization denied: outside session window (server hour 00, window 12-20)
2026.01.09 00:45:00;VETO;authorization denied: outside session window (server hour 00, window 12-20)
2026.01.09 01:00:00;VETO;authorization denied: outside session window (server hour 01, window 12-20)
2026.01.09 05:15:00;DECISION;setup LONG score=0.85 entry=1.34 inv=1.34 tgt=0.00 [BOS long lvl=1.34|RelVol=1.13|VPnode d=0.00|VWAPside|CycleTurn w=-0.68<--0.93]
2026.01.09 05:15:00;VETO;authorization denied: outside session window (server hour 05, window 12-20)
2026.01.09 05:30:00;VETO;authorization denied: outside session window (server hour 05, window 12-20)
2026.01.09 05:45:00;VETO;authorization denied: outside session window (server hour 05, window 12-20)
2026.01.09 06:00:00;VETO;authorization denied: outside session window (server hour 06, window 12-20)
2026.01.09 07:45:00;DECISION;setup SHORT score=0.85 entry=1.34 inv=1.34 tgt=0.00 AWAIT-RETEST [CHoCH short lvl=1.34|RelVol=1.17|Retest@1.34|VPnode d=0.00|VWAPside|CycleTurn w=0.87<-1.00]
2026.01.09 08:00:00;VETO;authorization denied: outside session window (server hour 08, window 12-20)
2026.01.09 08:15:00;VETO;authorization denied: outside session window (server hour 08, window 12-20)
2026.01.09 08:30:00;VETO;authorization denied: outside session window (server hour 08, window 12-20)
2026.01.09 08:45:00;VETO;authorization denied: outside session window (server hour 08, window 12-20)
2026.01.09 09:15:00;VETO;signal rejected: score 0.50 < 0.55 [BOS short lvl=1.34|RelVol=1.04|Retest@1.34|VPnear|VWAPside]
2026.01.09 11:30:00;VETO;signal rejected: score 0.40 < 0.55 [BOS short lvl=1.34|RelVol=1.12|VWAPside]
2026.01.09 15:00:00;DECISION;setup LONG score=0.55 entry=1.34 inv=1.34 tgt=0.00 AWAIT-RETEST [CHoCH long lvl=1.34|RelVol=1.14|Retest@1.34|VPnode d=0.00]
2026.01.09 15:00:00;DECISION;TP capped 0.00243 -> 0.00183 (3.0xATR)
2026.01.09 15:00:00;ORDER;limit BUY 0.67 @ 1.34 sl=1.34 tp=1.34 rc=10009 [WT|CHOCH|0.55|RL]
2026.01.09 15:00:00;RISK;sizing: vol_ratio=0.92 scalar=1.00 gap_buf=0.00029 eff_stop=0.00151
2026.01.09 15:30:40;ORDER;entry fill deal #19 BUY 0.67 @ 1.34159
2026.01.09 15:32:40;RISK;deal closed pnl=121.94 streak=0 lock=0
2026.01.09 15:45:00;VETO;outlier bar masked, z=19.3
2026.01.09 16:00:00;VETO;outlier bar masked, z=4.4
2026.01.09 16:15:00;VETO;outlier bar masked, z=7.5
2026.01.09 16:30:00;VETO;outlier bar masked, z=3.5
2026.01.09 17:15:00;VETO;outlier bar masked, z=6.8
2026.01.09 17:30:00;VETO;outlier bar masked, z=4.5
2026.01.12 00:01:00;VETO;signal rejected: volume: relVol 0.84 < 1.00
2026.01.12 02:15:00;VETO;outlier bar masked, z=6.8
2026.01.12 02:45:00;VETO;outlier bar masked, z=5.5
2026.01.12 09:15:00;VETO;signal rejected: volume: relVol 0.90 < 1.00
2026.01.12 10:15:00;VETO;outlier bar masked, z=4.0
2026.01.12 13:00:00;DECISION;setup LONG score=0.75 entry=1.35 inv=1.34 tgt=0.00 [BOS long lvl=1.35|RelVol=1.17|VPnode d=0.00|VWAPside|ADX=32]
2026.01.12 13:00:00;DECISION;TP capped 0.01094 -> 0.00820 (3.0xATR)
2026.01.12 13:00:00;ORDER;filled BUY 0.15 lots sl=1.34 tp=1.36 [WT|BOS|0.75]
2026.01.12 13:00:00;RISK;sizing: vol_ratio=1.18 scalar=0.86 gap_buf=0.00049 eff_stop=0.00596
2026.01.12 13:00:00;ORDER;entry fill deal #21 BUY 0.15 @ 1.34713
2026.01.12 15:15:00;VETO;outlier bar masked, z=4.0
2026.01.12 19:30:00;VETO;signal rejected: score 0.40 < 0.55 [CHoCH short lvl=1.35|RelVol=1.37|Retest@1.35|VPnear]
2026.01.13 00:15:00;VETO;signal rejected: volume: relVol 0.29 < 1.00
2026.01.13 03:00:00;DECISION;setup LONG score=0.65 entry=1.35 inv=1.35 tgt=0.00 AWAIT-RETEST [CHoCH long lvl=1.35|RelVol=1.07|Retest@1.35|VPnode d=0.00|VWAPside]
2026.01.13 03:30:00;VETO;authorization denied: outside session window (server hour 03, window 12-20)
2026.01.13 03:45:00;VETO;authorization denied: outside session window (server hour 03, window 12-20)
2026.01.13 04:00:00;VETO;authorization denied: outside session window (server hour 04, window 12-20)
2026.01.13 04:15:00;VETO;authorization denied: outside session window (server hour 04, window 12-20)
2026.01.13 05:30:00;DECISION;setup LONG score=0.75 entry=1.35 inv=1.35 tgt=0.00 [BOS long lvl=1.35|RelVol=1.18|VPnode d=0.00|VWAPside|ADX=31]
2026.01.13 05:30:00;VETO;authorization denied: outside session window (server hour 05, window 12-20)
2026.01.13 05:45:00;VETO;authorization denied: outside session window (server hour 05, window 12-20)
2026.01.13 06:00:00;VETO;authorization denied: outside session window (server hour 06, window 12-20)
2026.01.13 06:15:00;VETO;authorization denied: outside session window (server hour 06, window 12-20)
2026.01.13 08:15:00;DECISION;setup SHORT score=0.65 entry=1.35 inv=1.35 tgt=0.00 AWAIT-RETEST [CHoCH short lvl=1.35|RelVol=1.04|Retest@1.35|VPnode d=0.00|VWAPside]
2026.01.13 08:30:00;VETO;authorization denied: outside session window (server hour 08, window 12-20)
2026.01.13 08:45:00;VETO;authorization denied: outside session window (server hour 08, window 12-20)
2026.01.13 09:00:00;VETO;authorization denied: outside session window (server hour 09, window 12-20)
2026.01.13 09:15:00;VETO;authorization denied: outside session window (server hour 09, window 12-20)
2026.01.13 11:00:00;VETO;signal rejected: volume: relVol 0.91 < 1.00
2026.01.13 14:45:00;DECISION;setup SHORT score=0.65 entry=1.35 inv=1.35 tgt=0.00 AWAIT-RETEST [CHoCH short lvl=1.35|RelVol=1.05|Retest@1.35|VPnode d=0.00|VWAPside]
2026.01.13 14:45:00;VETO;retest limit risk veto: max positions
2026.01.13 15:45:00;VETO;outlier bar masked, z=13.7
2026.01.13 16:45:00;VETO;outlier bar masked, z=6.1
2026.01.13 17:15:00;DECISION;setup SHORT score=0.60 entry=1.35 inv=1.35 tgt=0.00 AWAIT-RETEST [CHoCH short lvl=1.35|RelVol=1.09|Retest@1.35|VWAPside|CycleTurn w=-0.46<-0.54]
2026.01.13 17:15:00;VETO;retest limit risk veto: max positions
2026.01.13 18:15:00;VETO;outlier bar masked, z=5.4
2026.01.13 21:00:00;VETO;signal rejected: score 0.50 < 0.55 [CHoCH long lvl=1.34|RelVol=1.13|Retest@1.34|CycleTurn w=0.68<--0.16]
2026.01.13 23:15:00;VETO;signal rejected: volume: relVol 0.96 < 1.00
2026.01.14 03:15:00;VETO;signal rejected: volume: relVol 0.81 < 1.00
2026.01.14 04:30:00;DECISION;setup LONG score=0.65 entry=1.34 inv=1.34 tgt=0.00 AWAIT-RETEST [CHoCH long lvl=1.34|RelVol=1.17|Retest@1.34|VPnode d=0.00|VWAPside]
2026.01.14 11:00:00;DECISION;setup LONG score=0.65 entry=1.35 inv=1.34 tgt=0.00 [BOS long lvl=1.34|RelVol=1.32|VPnode d=0.00|VWAPside]
2026.01.14 11:00:00;VETO;authorization denied: outside session window (server hour 11, window 12-20)
2026.01.14 11:15:00;VETO;authorization denied: outside session window (server hour 11, window 12-20)
2026.01.14 11:30:00;VETO;authorization denied: outside session window (server hour 11, window 12-20)
2026.01.14 11:45:00;VETO;authorization denied: outside session window (server hour 11, window 12-20)
2026.01.14 16:30:00;DECISION;setup LONG score=0.85 entry=1.35 inv=1.34 tgt=0.00 [BOS long lvl=1.35|RelVol=1.10|VPnode d=0.00|VWAPside|CycleTurn w=-0.88<--0.98]
2026.01.14 16:30:00;DECISION;TP capped 0.00294 -> 0.00259 (3.0xATR)
2026.01.14 16:30:00;VETO;risk veto: max positions
2026.01.14 19:15:00;VETO;signal rejected: volume: relVol 0.94 < 1.00
2026.01.15 00:01:00;VETO;signal rejected: score 0.30 < 0.55 [CHoCH long lvl=1.34|RelVol=1.52|Retest@1.34]
2026.01.15 00:15:00;VETO;outlier bar masked, z=5.1
2026.01.15 06:00:00;DECISION;setup SHORT score=0.65 entry=1.34 inv=1.34 tgt=0.00 AWAIT-RETEST [CHoCH short lvl=1.34|RelVol=1.24|Retest@1.34|VPnode d=0.00|VWAPside]
2026.01.15 06:15:00;VETO;authorization denied: outside session window (server hour 06, window 12-20)
2026.01.15 06:30:00;VETO;authorization denied: outside session window (server hour 06, window 12-20)
2026.01.15 06:45:00;VETO;authorization denied: outside session window (server hour 06, window 12-20)
2026.01.15 07:00:00;VETO;authorization denied: outside session window (server hour 07, window 12-20)
2026.01.15 09:15:00;VETO;outlier bar masked, z=4.3
2026.01.15 12:45:00;DECISION;setup SHORT score=0.95 entry=1.34 inv=1.34 tgt=0.00 [BOS short lvl=1.34|RelVol=1.03|VPnode d=0.00|VWAPside|CycleTurn w=0.02<-0.82|ADX=32]
2026.01.15 12:45:00;DECISION;TP capped 0.00414 -> 0.00311 (3.0xATR)
2026.01.15 12:45:00;VETO;risk veto: max positions
2026.01.15 12:51:40;RISK;deal closed pnl=-82.20 streak=1 lock=0
2026.01.15 14:15:00;VETO;signal rejected: volume: relVol 0.83 < 1.00
2026.01.15 15:45:00;VETO;outlier bar masked, z=3.7
2026.01.15 16:45:00;VETO;outlier bar masked, z=5.3
2026.01.15 22:15:00;VETO;signal rejected: volume: relVol 0.87 < 1.00
2026.01.16 04:30:00;DECISION;setup LONG score=0.65 entry=1.34 inv=1.34 tgt=0.00 AWAIT-RETEST [CHoCH long lvl=1.34|RelVol=1.06|Retest@1.34|VPnode d=0.00|VWAPside]
2026.01.16 04:45:00;VETO;authorization denied: outside session window (server hour 04, window 12-20)
2026.01.16 05:00:00;VETO;authorization denied: outside session window (server hour 05, window 12-20)
2026.01.16 05:15:00;VETO;authorization denied: outside session window (server hour 05, window 12-20)
2026.01.16 05:30:00;VETO;authorization denied: outside session window (server hour 05, window 12-20)
2026.01.16 10:15:00;VETO;signal rejected: volume: relVol 0.81 < 1.00
2026.01.16 17:30:00;VETO;outlier bar masked, z=7.1
2026.01.16 17:45:00;VETO;outlier bar masked, z=4.3
2026.01.16 20:15:00;VETO;signal rejected: volume: relVol 0.71 < 1.00
2026.01.16 23:45:00;DECISION;setup SHORT score=0.85 entry=1.34 inv=1.34 tgt=0.00 [BOS short lvl=1.34|RelVol=1.03|VPnode d=0.00|VWAPside|CycleTurn w=0.79<-0.95]
2026.01.16 23:45:00;VETO;authorization denied: outside session window (server hour 23, window 12-20)
2026.01.19 00:01:00;VETO;authorization denied: outside session window (server hour 00, window 12-20)
2026.01.19 00:15:00;VETO;outlier bar masked, z=14.1
2026.01.19 00:30:00;VETO;outlier bar masked, z=3.5
2026.01.19 00:45:00;VETO;authorization denied: outside session window (server hour 00, window 12-20)
2026.01.19 01:00:00;VETO;authorization denied: outside session window (server hour 01, window 12-20)
2026.01.19 01:15:00;VETO;outlier bar masked, z=11.7
2026.01.19 01:45:00;VETO;outlier bar masked, z=7.9
2026.01.19 02:15:00;VETO;outlier bar masked, z=5.6
2026.01.19 02:30:00;VETO;outlier bar masked, z=4.4
2026.01.19 02:45:00;DECISION;setup LONG score=0.65 entry=1.34 inv=1.33 tgt=0.00 [BOS long lvl=1.34|RelVol=2.10|VPnode d=0.00|VWAPside]
2026.01.19 02:45:00;VETO;authorization denied: outside session window (server hour 02, window 12-20)
2026.01.19 03:00:00;VETO;authorization denied: outside session window (server hour 03, window 12-20)
2026.01.19 03:15:00;VETO;authorization denied: outside session window (server hour 03, window 12-20)
2026.01.19 03:30:00;VETO;authorization denied: outside session window (server hour 03, window 12-20)
2026.01.19 09:15:00;DECISION;setup LONG score=0.80 entry=1.34 inv=1.34 tgt=0.00 [BOS long lvl=1.34|RelVol=1.34|VPnear|VWAPside|CycleTurn w=0.78<-0.74|ADX=37]
2026.01.19 09:15:00;VETO;authorization denied: outside session window (server hour 09, window 12-20)
2026.01.19 09:30:00;VETO;authorization denied: outside session window (server hour 09, window 12-20)
2026.01.19 09:45:00;VETO;outlier bar masked, z=4.6
2026.01.19 15:45:00;VETO;signal rejected: volume: relVol 0.51 < 1.00
2026.01.19 23:30:00;VETO;signal rejected: volume: relVol 0.30 < 1.00
2026.01.20 00:15:00;VETO;outlier bar masked, z=4.5
2026.01.20 01:00:00;VETO;outlier bar masked, z=4.4
2026.01.20 05:30:00;DECISION;setup LONG score=0.65 entry=1.34 inv=1.34 tgt=0.00 AWAIT-RETEST [CHoCH long lvl=1.34|RelVol=1.10|Retest@1.34|VPnode d=0.00|VWAPside]
2026.01.20 09:30:00;VETO;outlier bar masked, z=5.6
2026.01.20 09:45:00;VETO;outlier bar masked, z=14.0
2026.01.20 10:15:00;VETO;outlier bar masked, z=5.0
2026.01.20 10:30:00;VETO;outlier bar masked, z=4.7
2026.01.20 11:15:00;VETO;outlier bar masked, z=3.7
2026.01.20 13:15:00;VETO;outlier bar masked, z=5.5
2026.01.20 15:45:00;VETO;outlier bar masked, z=8.1
2026.01.20 18:00:00;VETO;outlier bar masked, z=3.7
2026.01.20 20:45:00;VETO;signal rejected: volume: relVol 0.86 < 1.00
2026.01.21 03:30:00;VETO;signal rejected: volume: relVol 0.98 < 1.00
2026.01.21 09:30:00;VETO;signal rejected: score 0.50 < 0.55 [BOS long lvl=1.34|RelVol=1.30|Retest@1.34|StopFloored|VPnear|VWAPside]
2026.01.21 11:15:00;VETO;signal rejected: volume: relVol 0.73 < 1.00
2026.01.21 16:45:00;VETO;outlier bar masked, z=3.7
2026.01.21 17:30:00;VETO;outlier bar masked, z=4.3
2026.01.21 19:45:00;DECISION;setup SHORT score=0.65 entry=1.34 inv=1.35 tgt=0.00 AWAIT-RETEST [CHoCH short lvl=1.34|RelVol=1.46|Retest@1.34|VPnode d=0.00|VWAPside]
2026.01.21 19:45:00;DECISION;TP capped 0.00765 -> 0.00574 (3.0xATR)
2026.01.21 19:45:00;ERROR;limit SELL 0.11 @ 1.34 sl=1.35 tp=1.34 rc=10015 [WT|CHOCH|0.65|RL]
2026.01.21 20:00:00;VETO;authorization denied: outside session window (server hour 20, window 12-20)
2026.01.21 20:15:00;VETO;authorization denied: outside session window (server hour 20, window 12-20)
2026.01.21 20:30:00;VETO;authorization denied: outside session window (server hour 20, window 12-20)
2026.01.21 20:45:00;VETO;authorization denied: outside session window (server hour 20, window 12-20)
2026.01.21 21:45:00;DECISION;setup SHORT score=0.65 entry=1.34 inv=1.35 tgt=0.00 [BOS short lvl=1.34|RelVol=2.62|VPnode d=0.00|VWAPside]
2026.01.21 21:45:00;VETO;authorization denied: outside session window (server hour 21, window 12-20)
2026.01.21 22:00:00;VETO;authorization denied: outside session window (server hour 22, window 12-20)
2026.01.21 22:15:00;VETO;authorization denied: outside session window (server hour 22, window 12-20)
2026.01.21 22:30:00;VETO;authorization denied: outside session window (server hour 22, window 12-20)
2026.01.22 00:30:00;DECISION;setup LONG score=0.65 entry=1.34 inv=1.34 tgt=0.00 AWAIT-RETEST [CHoCH long lvl=1.34|RelVol=1.01|Retest@1.34|VPnode d=0.00|VWAPside]
2026.01.22 00:45:00;VETO;authorization denied: outside session window (server hour 00, window 12-20)
2026.01.22 01:00:00;VETO;authorization denied: outside session window (server hour 01, window 12-20)
2026.01.22 01:15:00;VETO;authorization denied: outside session window (server hour 01, window 12-20)
2026.01.22 01:30:00;VETO;authorization denied: outside session window (server hour 01, window 12-20)
2026.01.22 06:15:00;VETO;signal rejected: volume: relVol 0.97 < 1.00
2026.01.22 10:45:00;VETO;signal rejected: volume: relVol 0.92 < 1.00
2026.01.22 11:30:00;DECISION;setup LONG score=0.70 entry=1.34 inv=1.34 tgt=0.00 AWAIT-RETEST [CHoCH long lvl=1.34|RelVol=1.11|Retest@1.34|VPnear|VWAPside|CycleTurn w=-0.93<--0.97]
2026.01.22 11:45:00;VETO;authorization denied: outside session window (server hour 11, window 12-20)
2026.01.22 12:00:00;DECISION;TP capped 0.00702 -> 0.00526 (3.0xATR)
2026.01.22 12:00:00;ORDER;filled BUY 0.26 lots sl=1.34 tp=1.35 [WT|CHOCH|0.70]
2026.01.22 12:00:00;RISK;sizing: vol_ratio=0.95 scalar=1.00 gap_buf=0.00042 eff_stop=0.00393
2026.01.22 12:00:00;ORDER;entry fill deal #23 BUY 0.26 @ 1.34445
2026.01.22 13:15:00;VETO;outlier bar masked, z=5.4
2026.01.22 13:16:40;RISK;deal closed pnl=-91.26 streak=1 lock=0
2026.01.22 13:30:00;VETO;outlier bar masked, z=4.3
2026.01.22 15:45:00;VETO;outlier bar masked, z=5.1
2026.01.22 16:45:00;VETO;signal rejected: volume: relVol 0.99 < 1.00
2026.01.22 23:30:00;VETO;signal rejected: volume: relVol 0.82 < 1.00
2026.01.23 00:15:00;VETO;outlier bar masked, z=5.1
2026.01.23 04:30:00;VETO;signal rejected: volume: relVol 0.66 < 1.00
2026.01.23 09:00:00;DECISION;setup SHORT score=0.85 entry=1.35 inv=1.35 tgt=0.00 AWAIT-RETEST [BOS short lvl=1.35|RelVol=1.14|Retest@1.35|VPnode d=0.00|VWAPside|CycleTurn w=-0.77<--0.05]
2026.01.23 09:15:00;VETO;authorization denied: outside session window (server hour 09, window 12-20)
2026.01.23 09:30:00;VETO;authorization denied: outside session window (server hour 09, window 12-20)
2026.01.23 09:45:00;VETO;outlier bar masked, z=4.4
2026.01.23 10:00:00;VETO;authorization denied: outside session window (server hour 10, window 12-20)
2026.01.23 10:15:00;VETO;authorization denied: outside session window (server hour 10, window 12-20)
2026.01.23 11:45:00;VETO;signal rejected: score 0.50 < 0.55 [CHoCH long lvl=1.35|RelVol=1.55|Retest@1.35|VPnear|VWAPside]
2026.01.23 17:00:00;VETO;signal rejected: volume: relVol 0.81 < 1.00
2026.01.23 18:45:00;VETO;outlier bar masked, z=3.5
2026.01.23 19:45:00;VETO;outlier bar masked, z=4.6
2026.01.23 22:00:00;DECISION;setup LONG score=0.75 entry=1.36 inv=1.36 tgt=0.00 [BOS long lvl=1.36|RelVol=1.60|VPnode d=0.00|VWAPside|ADX=67]
2026.01.23 22:00:00;VETO;authorization denied: outside session window (server hour 22, window 12-20)
2026.01.23 22:15:00;VETO;authorization denied: outside session window (server hour 22, window 12-20)
2026.01.23 22:30:00;VETO;authorization denied: outside session window (server hour 22, window 12-20)
2026.01.23 22:45:00;VETO;authorization denied: outside session window (server hour 22, window 12-20)
2026.01.26 04:15:00;DECISION;setup LONG score=0.75 entry=1.37 inv=1.36 tgt=0.00 [BOS long lvl=1.37|RelVol=1.63|VPnode d=0.00|VWAPside|ADX=38]
2026.01.26 04:15:00;VETO;authorization denied: outside session window (server hour 04, window 12-20)
2026.01.26 04:30:00;VETO;authorization denied: outside session window (server hour 04, window 12-20)
2026.01.26 04:45:00;VETO;authorization denied: outside session window (server hour 04, window 12-20)
2026.01.26 05:00:00;VETO;authorization denied: outside session window (server hour 05, window 12-20)
2026.01.26 09:30:00;DECISION;setup LONG score=0.85 entry=1.37 inv=1.37 tgt=0.00 [BOS long lvl=1.37|RelVol=1.49|VPnode d=0.00|VWAPside|CycleTurn w=-0.99<--1.00]
2026.01.26 09:30:00;VETO;authorization denied: outside session window (server hour 09, window 12-20)
2026.01.26 09:45:00;VETO;outlier bar masked, z=3.6
2026.01.26 10:00:00;DECISION;setup SHORT score=0.65 entry=1.37 inv=1.37 tgt=0.00 AWAIT-RETEST [CHoCH short lvl=1.37|RelVol=1.40|Retest@1.37|VPnode d=0.00|VWAPside]
2026.01.26 10:15:00;VETO;authorization denied: outside session window (server hour 10, window 12-20)
2026.01.26 10:30:00;VETO;authorization denied: outside session window (server hour 10, window 12-20)
2026.01.26 10:45:00;VETO;authorization denied: outside session window (server hour 10, window 12-20)
2026.01.26 11:00:00;VETO;authorization denied: outside session window (server hour 11, window 12-20)
2026.01.26 16:30:00;VETO;signal rejected: volume: relVol 0.84 < 1.00
2026.01.26 21:15:00;DECISION;setup SHORT score=0.55 entry=1.37 inv=1.37 tgt=0.00 AWAIT-RETEST [CHoCH short lvl=1.37|RelVol=1.31|Retest@1.37|VPnode d=0.00]
2026.01.26 22:00:00;VETO;authorization denied: outside session window (server hour 22, window 12-20)
2026.01.26 22:15:00;VETO;authorization denied: outside session window (server hour 22, window 12-20)
2026.01.26 22:30:00;VETO;authorization denied: outside session window (server hour 22, window 12-20)
2026.01.26 22:45:00;VETO;authorization denied: outside session window (server hour 22, window 12-20)
2026.01.27 00:15:00;VETO;signal rejected: volume: relVol 0.33 < 1.00
2026.01.27 02:15:00;DECISION;setup LONG score=0.65 entry=1.37 inv=1.37 tgt=0.00 AWAIT-RETEST [CHoCH long lvl=1.37|RelVol=1.25|Retest@1.37|VPnode d=0.00|VWAPside]
2026.01.27 02:30:00;VETO;authorization denied: outside session window (server hour 02, window 12-20)
2026.01.27 02:45:00;VETO;authorization denied: outside session window (server hour 02, window 12-20)
2026.01.27 03:00:00;DECISION;setup SHORT score=0.85 entry=1.37 inv=1.37 tgt=0.00 AWAIT-RETEST [CHoCH short lvl=1.37|RelVol=1.15|Retest@1.37|StopFloored|VPnode d=0.00|VWAPside|CycleTurn w=0.14<-0.91]
2026.01.27 03:15:00;VETO;authorization denied: outside session window (server hour 03, window 12-20)
2026.01.27 03:30:00;VETO;authorization denied: outside session window (server hour 03, window 12-20)
2026.01.27 03:45:00;VETO;authorization denied: outside session window (server hour 03, window 12-20)
2026.01.27 04:00:00;VETO;authorization denied: outside session window (server hour 04, window 12-20)
2026.01.27 04:15:00;VETO;signal rejected: volume: relVol 0.99 < 1.00
2026.01.27 10:00:00;VETO;outlier bar masked, z=3.7
2026.01.27 10:15:00;DECISION;setup SHORT score=0.85 entry=1.37 inv=1.37 tgt=0.00 AWAIT-RETEST [CHoCH short lvl=1.37|RelVol=1.07|Retest@1.37|VPnode d=0.00|VWAPside|CycleTurn w=0.26<-0.94]
2026.01.27 10:30:00;VETO;authorization denied: outside session window (server hour 10, window 12-20)
2026.01.27 10:45:00;VETO;authorization denied: outside session window (server hour 10, window 12-20)
2026.01.27 11:00:00;VETO;authorization denied: outside session window (server hour 11, window 12-20)
2026.01.27 11:15:00;VETO;authorization denied: outside session window (server hour 11, window 12-20)
2026.01.27 12:00:00;VETO;outlier bar masked, z=5.5
2026.01.27 14:30:00;VETO;outlier bar masked, z=4.3
2026.01.27 16:45:00;VETO;outlier bar masked, z=6.9
2026.01.27 17:45:00;VETO;outlier bar masked, z=6.0
2026.01.27 18:45:00;VETO;outlier bar masked, z=5.0
2026.01.27 19:45:00;VETO;outlier bar masked, z=3.9
2026.01.27 22:30:00;DECISION;setup LONG score=0.60 entry=1.38 inv=1.38 tgt=0.00 [BOS long lvl=1.38|RelVol=1.50|VWAPside|CycleTurn w=-0.99<--1.00]
2026.01.27 22:30:00;VETO;authorization denied: outside session window (server hour 22, window 12-20)
2026.01.27 22:45:00;VETO;authorization denied: outside session window (server hour 22, window 12-20)
2026.01.27 23:00:00;VETO;outlier bar masked, z=20.4
2026.01.27 23:15:00;VETO;authorization denied: outside session window (server hour 23, window 12-20)
2026.01.27 23:30:00;VETO;authorization denied: outside session window (server hour 23, window 12-20)
2026.01.28 00:15:00;VETO;outlier bar masked, z=3.7
2026.01.28 02:15:00;DECISION;setup SHORT score=0.65 entry=1.38 inv=1.38 tgt=0.00 AWAIT-RETEST [CHoCH short lvl=1.38|RelVol=1.62|Retest@1.38|VPnode d=0.00|VWAPside]
2026.01.28 02:30:00;VETO;authorization denied: outside session window (server hour 02, window 12-20)
2026.01.28 02:45:00;VETO;authorization denied: outside session window (server hour 02, window 12-20)
2026.01.28 03:00:00;VETO;authorization denied: outside session window (server hour 03, window 12-20)
2026.01.28 03:15:00;VETO;authorization denied: outside session window (server hour 03, window 12-20)
2026.01.28 09:15:00;DECISION;setup LONG score=0.65 entry=1.38 inv=1.38 tgt=0.00 AWAIT-RETEST [CHoCH long lvl=1.38|RelVol=1.47|Retest@1.38|VPnode d=0.00|VWAPside]
2026.01.28 09:30:00;VETO;authorization denied: outside session window (server hour 09, window 12-20)
2026.01.28 09:45:00;VETO;authorization denied: outside session window (server hour 09, window 12-20)
2026.01.28 10:00:00;VETO;authorization denied: outside session window (server hour 10, window 12-20)
2026.01.28 10:15:00;VETO;authorization denied: outside session window (server hour 10, window 12-20)
2026.01.28 11:00:00;DECISION;setup SHORT score=0.65 entry=1.38 inv=1.38 tgt=0.00 AWAIT-RETEST [CHoCH short lvl=1.38|RelVol=1.96|Retest@1.38|VPnode d=0.00|VWAPside]
2026.01.28 11:15:00;VETO;authorization denied: outside session window (server hour 11, window 12-20)
2026.01.28 11:30:00;VETO;authorization denied: outside session window (server hour 11, window 12-20)
2026.01.28 11:45:00;VETO;authorization denied: outside session window (server hour 11, window 12-20)
2026.01.28 12:00:00;DECISION;TP capped 0.00886 -> 0.00664 (3.0xATR)
2026.01.28 12:00:00;ORDER;filled SELL 0.18 lots sl=1.38 tp=1.37 [WT|CHOCH|0.65]
2026.01.28 12:00:00;RISK;sizing: vol_ratio=1.07 scalar=0.95 gap_buf=0.00069 eff_stop=0.00512
2026.01.28 12:00:00;ORDER;entry fill deal #25 SELL 0.18 @ 1.37868
2026.01.28 14:00:00;DECISION;setup SHORT score=0.65 entry=1.38 inv=1.38 tgt=0.00 [BOS short lvl=1.38|RelVol=1.16|VPnode d=0.00|VWAPside]
2026.01.28 14:00:00;DECISION;TP capped 0.00604 -> 0.00453 (3.0xATR)
2026.01.28 14:00:00;VETO;risk veto: max positions
2026.01.28 16:45:00;DECISION;setup LONG score=0.85 entry=1.38 inv=1.38 tgt=0.00 AWAIT-RETEST [CHoCH long lvl=1.38|RelVol=1.09|Retest@1.38|VPnode d=0.00|VWAPside|CycleTurn w=0.49<-0.05]
2026.01.28 16:45:00;VETO;retest limit risk veto: max positions
2026.01.28 17:00:00;DECISION;TP capped 0.00444 -> 0.00438 (3.0xATR)
2026.01.28 17:00:00;VETO;risk veto: max positions
2026.01.28 17:15:00;VETO;outlier bar masked, z=6.4
2026.01.28 21:15:00;VETO;outlier bar masked, z=3.9
2026.01.28 22:00:00;DECISION;setup LONG score=0.65 entry=1.38 inv=1.38 tgt=0.00 AWAIT-RETEST [CHoCH long lvl=1.38|RelVol=2.73|Retest@1.38|VPnode d=0.00|VWAPside]
2026.01.28 22:15:00;VETO;authorization denied: outside session window (server hour 22, window 12-20)
2026.01.28 22:30:00;VETO;authorization denied: outside session window (server hour 22, window 12-20)
2026.01.28 22:45:00;VETO;authorization denied: outside session window (server hour 22, window 12-20)
2026.01.28 23:00:00;VETO;authorization denied: outside session window (server hour 23, window 12-20)
2026.01.29 01:30:00;VETO;signal rejected: score 0.50 < 0.55 [BOS long lvl=1.38|RelVol=1.69|VPnear|VWAPside]
2026.01.29 02:33:40;RISK;deal closed pnl=-80.93 streak=1 lock=0
2026.01.29 07:00:00;VETO;signal rejected: score 0.50 < 0.55 [BOS long lvl=1.38|RelVol=1.60|VWAPside|ADX=38]
2026.01.29 11:00:00;VETO;signal rejected: score 0.50 < 0.55 [CHoCH short lvl=1.38|RelVol=1.64|Retest@1.38|VPnear|VWAPside]
2026.01.29 17:15:00;VETO;outlier bar masked, z=6.8
2026.01.29 17:30:00;VETO;outlier bar masked, z=5.6
2026.01.29 17:45:00;VETO;outlier bar masked, z=3.8
2026.01.29 23:30:00;VETO;signal rejected: score 0.50 < 0.55 [CHoCH long lvl=1.38|RelVol=1.52|Retest@1.38|VPnear|VWAPside]
2026.01.30 02:30:00;VETO;outlier bar masked, z=3.8
2026.01.30 04:30:00;VETO;outlier bar masked, z=6.8
2026.01.30 07:45:00;DECISION;setup SHORT score=0.65 entry=1.37 inv=1.38 tgt=0.00 [BOS short lvl=1.37|RelVol=1.49|VPnode d=0.00|VWAPside]
2026.01.30 07:45:00;VETO;authorization denied: outside session window (server hour 07, window 12-20)
2026.01.30 08:00:00;VETO;authorization denied: outside session window (server hour 08, window 12-20)
2026.01.30 08:15:00;VETO;authorization denied: outside session window (server hour 08, window 12-20)
2026.01.30 08:30:00;VETO;authorization denied: outside session window (server hour 08, window 12-20)
2026.01.30 10:00:00;DECISION;setup LONG score=0.65 entry=1.38 inv=1.37 tgt=0.00 AWAIT-RETEST [CHoCH long lvl=1.38|RelVol=1.48|Retest@1.38|VPnode d=0.00|VWAPside]
2026.01.30 10:30:00;VETO;authorization denied: outside session window (server hour 10, window 12-20)
2026.01.30 10:45:00;VETO;authorization denied: outside session window (server hour 10, window 12-20)
2026.01.30 11:00:00;VETO;authorization denied: outside session window (server hour 11, window 12-20)
2026.01.30 11:15:00;VETO;authorization denied: outside session window (server hour 11, window 12-20)
2026.01.30 12:00:00;DECISION;setup SHORT score=0.85 entry=1.37 inv=1.38 tgt=0.00 AWAIT-RETEST [CHoCH short lvl=1.37|RelVol=1.78|Retest@1.37|VPnode d=0.00|VWAPside|CycleTurn w=-0.49<-0.54]
2026.01.30 12:00:00;DECISION;TP capped 0.00937 -> 0.00703 (3.0xATR)
2026.01.30 12:00:00;ORDER;limit SELL 0.17 @ 1.37 sl=1.38 tp=1.37 rc=10009 [WT|CHOCH|0.85|RL]
2026.01.30 12:00:00;RISK;sizing: vol_ratio=1.08 scalar=0.94 gap_buf=0.00067 eff_stop=0.00535
2026.01.30 12:00:40;ORDER;entry fill deal #27 SELL 0.17 @ 1.37365
2026.01.30 14:00:40;RISK;deal closed pnl=-79.56 streak=1 lock=0
2026.01.30 14:15:00;VETO;signal rejected: score 0.50 < 0.55 [CHoCH long lvl=1.38|RelVol=1.37|Retest@1.38|VPnear|VWAPside]
2026.01.30 17:15:00;DECISION;setup SHORT score=0.65 entry=1.37 inv=1.38 tgt=0.00 AWAIT-RETEST [CHoCH short lvl=1.37|RelVol=1.37|Retest@1.37|VPnode d=0.00|VWAPside]
2026.01.30 17:15:00;DECISION;TP capped 0.01125 -> 0.00844 (3.0xATR)
2026.01.30 17:15:00;ORDER;limit SELL 0.14 @ 1.37 sl=1.38 tp=1.36 rc=10009 [WT|CHOCH|0.65|RL]
2026.01.30 17:15:00;RISK;sizing: vol_ratio=1.12 scalar=0.91 gap_buf=0.00071 eff_stop=0.00634
2026.01.30 17:17:40;ORDER;entry fill deal #29 SELL 0.14 @ 1.37315
2026.01.30 19:15:00;VETO;outlier bar masked, z=3.7
2026.01.30 22:00:00;RISK;FLATTEN ALL: Friday flatten: weekend gap protection
2026.01.30 22:00:00;RISK;deal closed pnl=46.48 streak=0 lock=0
2026.01.30 23:30:00;VETO;signal rejected: score 0.50 < 0.55 [BOS short lvl=1.37|RelVol=2.18|VWAPside|ADX=52]
2026.02.02 01:15:00;DECISION;setup SHORT score=0.75 entry=1.37 inv=1.37 tgt=0.00 AWAIT-RETEST [BOS short lvl=1.37|RelVol=1.94|Retest@1.37|VPnode d=0.00|VWAPside|ADX=44]
2026.02.02 01:30:00;VETO;authorization denied: outside session window (server hour 01, window 12-20)
2026.02.02 01:45:00;VETO;authorization denied: outside session window (server hour 01, window 12-20)
2026.02.02 02:00:00;VETO;authorization denied: outside session window (server hour 02, window 12-20)
2026.02.02 02:15:00;VETO;outlier bar masked, z=3.9
2026.02.02 02:30:00;VETO;authorization denied: outside session window (server hour 02, window 12-20)
2026.02.02 07:30:00;DECISION;setup SHORT score=0.65 entry=1.37 inv=1.37 tgt=0.00 [BOS short lvl=1.37|RelVol=1.85|VPnode d=0.00|VWAPside]
2026.02.02 07:30:00;VETO;authorization denied: outside session window (server hour 07, window 12-20)
2026.02.02 07:45:00;VETO;authorization denied: outside session window (server hour 07, window 12-20)
2026.02.02 08:00:00;VETO;authorization denied: outside session window (server hour 08, window 12-20)
2026.02.02 08:15:00;VETO;authorization denied: outside session window (server hour 08, window 12-20)
2026.02.02 12:00:00;DECISION;setup LONG score=0.65 entry=1.37 inv=1.37 tgt=0.00 AWAIT-RETEST [CHoCH long lvl=1.37|RelVol=1.41|Retest@1.37|VPnode d=0.00|VWAPside]
2026.02.02 12:00:00;DECISION;TP capped 0.00437 -> 0.00332 (3.0xATR)
2026.02.02 12:00:00;ORDER;limit BUY 0.36 @ 1.37 sl=1.37 tp=1.37 rc=10009 [WT|CHOCH|0.65|RL]
2026.02.02 12:00:00;RISK;sizing: vol_ratio=0.91 scalar=1.00 gap_buf=0.00055 eff_stop=0.00274
2026.02.02 12:35:40;ORDER;entry fill deal #31 BUY 0.36 @ 1.37038
2026.02.02 14:15:00;DECISION;setup SHORT score=0.60 entry=1.37 inv=1.37 tgt=0.00 AWAIT-RETEST [CHoCH short lvl=1.37|RelVol=1.38|Retest@1.37|VPnear|CycleTurn w=-0.26<-0.69]
2026.02.02 14:15:00;VETO;retest limit risk veto: max positions
2026.02.02 14:30:00;DECISION;TP capped 0.00438 -> 0.00328 (3.0xATR)
2026.02.02 14:30:00;VETO;risk veto: max positions
2026.02.02 15:01:40;RISK;deal closed pnl=-78.84 streak=1 lock=0
2026.02.02 16:45:00;VETO;outlier bar masked, z=4.2
2026.02.02 17:15:00;VETO;outlier bar masked, z=4.2
2026.02.02 18:00:00;VETO;signal rejected: score 0.50 < 0.55 [BOS short lvl=1.36|RelVol=1.25|VWAPside|ADX=38]
2026.02.02 18:15:00;VETO;outlier bar masked, z=4.2
2026.02.02 23:00:00;VETO;signal rejected: score 0.40 < 0.55 [CHoCH long lvl=1.37|RelVol=1.11|Retest@1.37|VPnear]
2026.02.03 01:30:00;VETO;signal rejected: volume: relVol 0.89 < 1.00
2026.02.03 05:45:00;DECISION;setup LONG score=0.75 entry=1.37 inv=1.37 tgt=0.00 [BOS long lvl=1.37|RelVol=2.35|VPnode d=0.00|VWAPside|ADX=32]
2026.02.03 05:45:00;VETO;authorization denied: outside session window (server hour 05, window 12-20)
2026.02.03 06:00:00;VETO;authorization denied: outside session window (server hour 06, window 12-20)
2026.02.03 06:15:00;VETO;authorization denied: outside session window (server hour 06, window 12-20)
2026.02.03 06:30:00;VETO;authorization denied: outside session window (server hour 06, window 12-20)
2026.02.03 08:15:00;DECISION;setup LONG score=0.65 entry=1.37 inv=1.37 tgt=0.00 [BOS long lvl=1.37|RelVol=1.05|VPnode d=0.00|VWAPside]
2026.02.03 08:15:00;VETO;authorization denied: outside session window (server hour 08, window 12-20)
2026.02.03 08:30:00;VETO;authorization denied: outside session window (server hour 08, window 12-20)
2026.02.03 08:45:00;VETO;authorization denied: outside session window (server hour 08, window 12-20)
2026.02.03 09:00:00;VETO;authorization denied: outside session window (server hour 09, window 12-20)
2026.02.03 09:45:00;VETO;signal rejected: score 0.50 < 0.55 [BOS long lvl=1.37|RelVol=1.36|VPnear|VWAPside]
2026.02.03 12:00:00;DECISION;setup SHORT score=0.65 entry=1.37 inv=1.37 tgt=0.00 AWAIT-RETEST [CHoCH short lvl=1.37|RelVol=1.24|Retest@1.37|VPnode d=0.00|VWAPside]
2026.02.03 12:00:00;DECISION;TP capped 0.00660 -> 0.00495 (3.0xATR)
2026.02.03 12:00:00;ORDER;limit SELL 0.22 @ 1.37 sl=1.37 tp=1.36 rc=10009 [WT|CHOCH|0.65|RL]
2026.02.03 12:00:00;RISK;sizing: vol_ratio=1.20 scalar=0.85 gap_buf=0.00056 eff_stop=0.00386
2026.02.03 12:10:40;ORDER;entry fill deal #33 SELL 0.22 @ 1.36737
2026.02.03 17:30:00;DECISION;setup LONG score=0.65 entry=1.37 inv=1.37 tgt=0.00 AWAIT-RETEST [CHoCH long lvl=1.37|RelVol=1.09|Retest@1.37|VPnode d=0.00|VWAPside]
2026.02.03 17:30:00;VETO;retest limit risk veto: max positions
2026.02.03 17:45:00;DECISION;TP capped 0.00786 -> 0.00589 (3.0xATR)
2026.02.03 17:45:00;VETO;risk veto: max positions
2026.02.03 18:04:20;RISK;deal closed pnl=-72.60 streak=1 lock=0
2026.02.03 20:15:00;DECISION;setup SHORT score=0.75 entry=1.37 inv=1.37 tgt=0.00 AWAIT-RETEST [CHoCH short lvl=1.37|RelVol=1.27|Retest@1.37|VPnode d=0.00|CycleTurn w=0.73<-0.92]
2026.02.03 20:30:00;VETO;authorization denied: outside session window (server hour 20, window 12-20)
2026.02.03 20:45:00;VETO;authorization denied: outside session window (server hour 20, window 12-20)
2026.02.03 21:00:00;VETO;authorization denied: outside session window (server hour 21, window 12-20)
2026.02.03 21:15:00;VETO;authorization denied: outside session window (server hour 21, window 12-20)
2026.02.04 03:30:00;DECISION;setup LONG score=0.85 entry=1.37 inv=1.37 tgt=0.00 AWAIT-RETEST [CHoCH long lvl=1.37|RelVol=1.14|Retest@1.37|VPnode d=0.00|VWAPside|CycleTurn w=-0.72<--1.00]
2026.02.04 03:45:00;VETO;authorization denied: outside session window (server hour 03, window 12-20)
2026.02.04 04:00:00;VETO;authorization denied: outside session window (server hour 04, window 12-20)
2026.02.04 04:15:00;VETO;authorization denied: outside session window (server hour 04, window 12-20)
2026.02.04 04:30:00;VETO;authorization denied: outside session window (server hour 04, window 12-20)
2026.02.04 07:00:00;VETO;signal rejected: volume: relVol 0.92 < 1.00
2026.02.04 10:15:00;VETO;outlier bar masked, z=3.9
2026.02.04 12:30:00;DECISION;setup SHORT score=0.65 entry=1.37 inv=1.37 tgt=0.00 AWAIT-RETEST [CHoCH short lvl=1.37|RelVol=1.07|Retest@1.37|VPnode d=0.00|VWAPside]
2026.02.04 12:30:00;DECISION;TP capped 0.00605 -> 0.00453 (3.0xATR)
2026.02.04 12:30:00;ORDER;limit SELL 0.23 @ 1.37 sl=1.37 tp=1.37 rc=10009 [WT|CHOCH|0.65|RL]
2026.02.04 12:30:00;RISK;sizing: vol_ratio=1.22 scalar=0.83 gap_buf=0.00053 eff_stop=0.00356
2026.02.04 12:30:40;ORDER;entry fill deal #35 SELL 0.23 @ 1.37032
2026.02.04 14:30:00;VETO;signal rejected: volume: relVol 0.88 < 1.00
2026.02.04 16:15:00;VETO;outlier bar masked, z=5.6
2026.02.04 17:30:00;VETO;signal rejected: score 0.50 < 0.55 [BOS short lvl=1.37|RelVol=1.12|VPnear|VWAPside]
2026.02.04 17:31:40;MANAGE;#35 SL 1.37 -> 1.37 breakeven
2026.02.04 17:31:40;MANAGE;#35 partial close 0.11 of 0.23 lots
2026.02.04 17:31:40;RISK;deal closed pnl=39.82 streak=0 lock=0
2026.02.04 17:31:59;MANAGE;#35 SL 1.37 -> 1.37 trail
2026.02.04 17:32:40;MANAGE;#35 SL 1.37 -> 1.37 trail
2026.02.04 18:02:40;RISK;deal closed pnl=54.48 streak=0 lock=0
2026.02.04 22:00:00;VETO;signal rejected: score 0.30 < 0.55 [CHoCH long lvl=1.37|RelVol=1.27|Retest@1.37]
2026.02.05 04:15:00;DECISION;setup SHORT score=0.85 entry=1.36 inv=1.37 tgt=0.00 AWAIT-RETEST [CHoCH short lvl=1.36|RelVol=1.20|Retest@1.36|VPnode d=0.00|VWAPside|CycleTurn w=0.95<-0.99]
2026.02.05 08:15:00;DECISION;setup SHORT score=0.80 entry=1.36 inv=1.36 tgt=0.00 AWAIT-RETEST [BOS short lvl=1.36|RelVol=1.22|Retest@1.36|VPnear|VWAPside|CycleTurn w=0.48<-0.96|ADX=35]
2026.02.05 09:00:00;VETO;authorization denied: outside session window (server hour 09, window 12-20)
2026.02.05 09:15:00;VETO;authorization denied: outside session window (server hour 09, window 12-20)
2026.02.05 09:30:00;VETO;authorization denied: outside session window (server hour 09, window 12-20)
2026.02.05 09:45:00;VETO;authorization denied: outside session window (server hour 09, window 12-20)
2026.02.05 11:00:00;VETO;signal rejected: volume: relVol 0.98 < 1.00
2026.02.05 11:15:00;VETO;outlier bar masked, z=3.6
2026.02.05 11:45:00;VETO;outlier bar masked, z=4.0
2026.02.05 14:00:00;VETO;outlier bar masked, z=4.7
2026.02.05 14:15:00;VETO;outlier bar masked, z=7.8
2026.02.05 14:30:00;VETO;outlier bar masked, z=3.8
2026.02.05 17:00:00;VETO;outlier bar masked, z=4.6
2026.02.05 17:30:00;VETO;signal rejected: score 0.50 < 0.55 [BOS short lvl=1.35|RelVol=1.25|VPnear|VWAPside]
2026.02.05 23:00:00;DECISION;setup SHORT score=0.70 entry=1.35 inv=1.36 tgt=0.00 [BOS short lvl=1.35|RelVol=1.08|VPnear|VWAPside|CycleTurn w=0.99<-1.00]
2026.02.05 23:00:00;VETO;authorization denied: outside session window (server hour 23, window 12-20)
2026.02.05 23:15:00;VETO;authorization denied: outside session window (server hour 23, window 12-20)
2026.02.05 23:30:00;VETO;authorization denied: outside session window (server hour 23, window 12-20)
2026.02.05 23:45:00;VETO;authorization denied: outside session window (server hour 23, window 12-20)
2026.02.06 02:15:00;DECISION;setup SHORT score=0.95 entry=1.35 inv=1.35 tgt=0.00 AWAIT-RETEST [BOS short lvl=1.35|RelVol=1.33|Retest@1.35|VPnode d=0.00|VWAPside|CycleTurn w=-0.77<--0.19|ADX=41]
2026.02.06 02:30:00;VETO;authorization denied: outside session window (server hour 02, window 12-20)
2026.02.06 02:45:00;VETO;authorization denied: outside session window (server hour 02, window 12-20)
2026.02.06 03:00:00;VETO;authorization denied: outside session window (server hour 03, window 12-20)
2026.02.06 03:15:00;VETO;authorization denied: outside session window (server hour 03, window 12-20)
2026.02.06 04:00:00;DECISION;setup LONG score=0.65 entry=1.35 inv=1.35 tgt=0.00 AWAIT-RETEST [CHoCH long lvl=1.35|RelVol=1.21|Retest@1.35|VPnode d=0.00|VWAPside]
2026.02.06 04:15:00;VETO;authorization denied: outside session window (server hour 04, window 12-20)
2026.02.06 04:30:00;VETO;authorization denied: outside session window (server hour 04, window 12-20)
2026.02.06 04:45:00;VETO;authorization denied: outside session window (server hour 04, window 12-20)
2026.02.06 05:00:00;VETO;authorization denied: outside session window (server hour 05, window 12-20)
2026.02.06 06:15:00;VETO;signal rejected: volume: relVol 0.85 < 1.00
2026.02.06 10:45:00;VETO;signal rejected: volume: relVol 0.97 < 1.00
2026.02.06 11:45:00;VETO;signal rejected: volume: relVol 0.98 < 1.00
2026.02.06 13:30:00;VETO;signal rejected: volume: relVol 0.99 < 1.00
2026.02.09 00:01:30;VETO;signal rejected: score 0.30 < 0.55 [CHoCH short lvl=1.36|RelVol=1.09|Retest@1.36]
2026.02.09 00:15:00;VETO;outlier bar masked, z=4.3
2026.02.09 01:15:00;VETO;outlier bar masked, z=4.0
2026.02.09 07:30:00;VETO;signal rejected: volume: relVol 0.60 < 1.00
2026.02.09 09:30:00;DECISION;setup SHORT score=0.85 entry=1.36 inv=1.36 tgt=0.00 AWAIT-RETEST [CHoCH short lvl=1.36|RelVol=1.08|Retest@1.36|VPnode d=0.00|VWAPside|CycleTurn w=0.58<-0.97]
2026.02.09 09:45:00;VETO;authorization denied: outside session window (server hour 09, window 12-20)
2026.02.09 10:00:00;VETO;authorization denied: outside session window (server hour 10, window 12-20)
2026.02.09 10:15:00;VETO;authorization denied: outside session window (server hour 10, window 12-20)
2026.02.09 10:30:00;VETO;authorization denied: outside session window (server hour 10, window 12-20)
2026.02.09 13:15:00;VETO;outlier bar masked, z=5.5
2026.02.09 16:15:00;VETO;outlier bar masked, z=4.7
2026.02.09 16:30:00;VETO;outlier bar masked, z=3.7
2026.02.09 16:45:00;VETO;outlier bar masked, z=3.5
2026.02.09 17:45:00;DECISION;setup LONG score=0.60 entry=1.37 inv=1.36 tgt=0.00 [BOS long lvl=1.37|RelVol=1.07|VWAPside|CycleTurn w=-0.00<--0.82]
2026.02.09 17:45:00;DECISION;TP capped 0.01082 -> 0.00811 (3.0xATR)
2026.02.09 17:45:00;ORDER;filled BUY 0.08 lots sl=1.36 tp=1.38 [WT|BOS|0.60]
2026.02.09 17:45:00;RISK;sizing: vol_ratio=1.62 scalar=0.54 gap_buf=0.00086 eff_stop=0.00627
2026.02.09 17:45:00;ORDER;entry fill deal #38 BUY 0.08 @ 1.36755
2026.02.09 21:30:00;VETO;signal rejected: volume: relVol 0.73 < 1.00
2026.02.10 02:45:00;VETO;signal rejected: volume: relVol 0.65 < 1.00
2026.02.10 05:00:00;DECISION;setup LONG score=0.85 entry=1.37 inv=1.37 tgt=0.00 AWAIT-RETEST [CHoCH long lvl=1.37|RelVol=1.05|Retest@1.37|VPnode d=0.00|VWAPside|CycleTurn w=0.40<--0.62]
2026.02.10 05:15:00;VETO;authorization denied: outside session window (server hour 05, window 12-20)
2026.02.10 05:30:00;VETO;authorization denied: outside session window (server hour 05, window 12-20)
2026.02.10 05:45:00;VETO;authorization denied: outside session window (server hour 05, window 12-20)
2026.02.10 06:00:00;VETO;authorization denied: outside session window (server hour 06, window 12-20)
2026.02.10 08:45:00;VETO;signal rejected: volume: relVol 0.74 < 1.00
2026.02.10 12:30:00;VETO;signal rejected: volume: relVol 0.97 < 1.00
2026.02.10 15:00:00;VETO;outlier bar masked, z=3.6
2026.02.10 17:15:00;VETO;signal rejected: volume: relVol 0.77 < 1.00
2026.02.10 18:00:00;VETO;outlier bar masked, z=4.6
2026.02.10 20:00:00;VETO;signal rejected: score 0.50 < 0.55 [BOS short lvl=1.37|RelVol=1.10|VPnear|VWAPside]
2026.02.10 23:15:00;DECISION;setup SHORT score=0.60 entry=1.36 inv=1.37 tgt=0.00 [BOS short lvl=1.36|RelVol=1.17|VWAPside|CycleTurn w=0.87<-0.99]
2026.02.10 23:15:00;VETO;authorization denied: outside session window (server hour 23, window 12-20)
2026.02.10 23:30:00;VETO;authorization denied: outside session window (server hour 23, window 12-20)
2026.02.10 23:45:00;VETO;authorization denied: outside session window (server hour 23, window 12-20)
2026.02.11 00:01:00;VETO;authorization denied: outside session window (server hour 00, window 12-20)
2026.02.11 01:15:00;VETO;signal rejected: volume: relVol 0.92 < 1.00
2026.02.11 04:30:00;VETO;signal rejected: volume: relVol 0.97 < 1.00
2026.02.11 08:15:00;VETO;signal rejected: volume: relVol 0.92 < 1.00
2026.02.11 10:30:00;VETO;signal rejected: volume: relVol 0.95 < 1.00
2026.02.11 12:45:00;VETO;outlier bar masked, z=4.5
2026.02.11 14:30:00;VETO;signal rejected: score 0.30 < 0.55 [CHoCH short lvl=1.37|RelVol=1.10|Retest@1.37]
2026.02.11 15:30:40;RISK;deal closed pnl=-43.32 streak=1 lock=0
2026.02.11 15:45:00;VETO;outlier bar masked, z=17.9
2026.02.11 16:00:00;VETO;outlier bar masked, z=4.4
2026.02.11 16:15:00;VETO;outlier bar masked, z=6.6
2026.02.11 16:30:00;VETO;outlier bar masked, z=5.2
2026.02.11 18:00:00;VETO;outlier bar masked, z=4.5
2026.02.11 22:45:00;VETO;signal rejected: volume: relVol 0.73 < 1.00
2026.02.12 03:00:00;VETO;signal rejected: volume: relVol 0.80 < 1.00
2026.02.12 06:15:00;DECISION;setup SHORT score=0.85 entry=1.36 inv=1.36 tgt=0.00 AWAIT-RETEST [CHoCH short lvl=1.36|RelVol=1.09|Retest@1.36|VPnode d=0.00|VWAPside|CycleTurn w=0.93<-0.98]
2026.02.12 06:30:00;VETO;authorization denied: outside session window (server hour 06, window 12-20)
2026.02.12 06:45:00;VETO;authorization denied: outside session window (server hour 06, window 12-20)
2026.02.12 07:00:00;VETO;authorization denied: outside session window (server hour 07, window 12-20)
2026.02.12 07:15:00;VETO;authorization denied: outside session window (server hour 07, window 12-20)
2026.02.12 09:30:00;VETO;signal rejected: volume: relVol 0.89 < 1.00
2026.02.12 14:45:00;VETO;signal rejected: volume: relVol 0.84 < 1.00
2026.02.12 16:30:00;VETO;signal rejected: volume: relVol 0.98 < 1.00
2026.02.12 18:15:00;VETO;outlier bar masked, z=5.4
2026.02.12 18:30:00;DECISION;setup SHORT score=0.85 entry=1.36 inv=1.37 tgt=0.00 AWAIT-RETEST [CHoCH short lvl=1.36|RelVol=1.61|Retest@1.36|VPnode d=0.00|VWAPside|CycleTurn w=-0.39<-0.65]
2026.02.12 18:30:00;DECISION;TP capped 0.01048 -> 0.00786 (3.0xATR)
2026.02.12 18:30:00;ERROR;limit SELL 0.11 @ 1.36 sl=1.37 tp=1.35 rc=10015 [WT|CHOCH|0.85|RL]
2026.02.12 18:45:00;DECISION;TP capped 0.00828 -> 0.00621 (3.0xATR)
2026.02.12 18:45:00;ORDER;filled SELL 0.13 lots sl=1.37 tp=1.36 [WT|CHOCH|0.85]
2026.02.12 18:45:00;RISK;sizing: vol_ratio=1.49 scalar=0.64 gap_buf=0.00068 eff_stop=0.00482
2026.02.12 18:45:00;ORDER;entry fill deal #40 SELL 0.13 @ 1.36302
2026.02.12 20:15:00;DECISION;setup SHORT score=0.75 entry=1.36 inv=1.37 tgt=0.00 [BOS short lvl=1.36|RelVol=1.39|VPnode d=0.00|VWAPside|ADX=39]
2026.02.12 20:15:00;VETO;authorization denied: outside session window (server hour 20, window 12-20)
2026.02.12 20:30:00;VETO;authorization denied: outside session window (server hour 20, window 12-20)
2026.02.12 20:45:00;VETO;authorization denied: outside session window (server hour 20, window 12-20)
2026.02.12 21:00:00;VETO;authorization denied: outside session window (server hour 21, window 12-20)
2026.02.13 07:00:00;DECISION;setup SHORT score=0.65 entry=1.36 inv=1.36 tgt=0.00 [BOS short lvl=1.36|RelVol=1.06|VPnode d=0.00|VWAPside]
2026.02.13 07:00:00;VETO;authorization denied: outside session window (server hour 07, window 12-20)
2026.02.13 07:15:00;VETO;authorization denied: outside session window (server hour 07, window 12-20)
2026.02.13 07:30:00;VETO;authorization denied: outside session window (server hour 07, window 12-20)
2026.02.13 07:45:00;VETO;authorization denied: outside session window (server hour 07, window 12-20)
2026.02.13 09:45:00;VETO;outlier bar masked, z=4.5
2026.02.13 11:15:00;VETO;signal rejected: volume: relVol 0.86 < 1.00
2026.02.13 15:45:00;VETO;outlier bar masked, z=10.6
2026.02.13 16:00:00;VETO;outlier bar masked, z=7.5
2026.02.13 16:45:00;VETO;outlier bar masked, z=7.1
2026.02.13 17:00:00;VETO;outlier bar masked, z=3.8
2026.02.13 17:15:00;VETO;outlier bar masked, z=6.2
2026.02.13 17:30:00;VETO;outlier bar masked, z=4.2
2026.02.13 18:00:00;VETO;outlier bar masked, z=3.5
2026.02.13 18:30:00;VETO;outlier bar masked, z=3.9
2026.02.13 19:15:00;VETO;signal rejected: volume: relVol 0.74 < 1.00
2026.02.13 22:00:00;RISK;FLATTEN ALL: Friday flatten: weekend gap protection
2026.02.13 22:00:00;RISK;deal closed pnl=-16.80 streak=1 lock=0
2026.02.13 23:00:00;VETO;signal rejected: volume: relVol 0.97 < 1.00
2026.02.16 00:15:00;VETO;signal rejected: volume: relVol 0.44 < 1.00
2026.02.16 06:45:00;VETO;signal rejected: volume: relVol 0.62 < 1.00
2026.02.16 08:45:00;VETO;signal rejected: volume: relVol 0.46 < 1.00
2026.02.16 10:15:00;VETO;outlier bar masked, z=4.2
2026.02.16 15:00:00;VETO;signal rejected: volume: relVol 0.69 < 1.00
2026.02.16 19:00:00;VETO;signal rejected: volume: relVol 0.53 < 1.00
2026.02.16 22:00:00;VETO;signal rejected: volume: relVol 0.26 < 1.00
2026.02.16 23:15:00;VETO;signal rejected: volume: relVol 0.42 < 1.00
2026.02.17 00:15:00;VETO;outlier bar masked, z=3.6
2026.02.17 02:45:00;VETO;signal rejected: volume: relVol 0.76 < 1.00
2026.02.17 09:15:00;VETO;outlier bar masked, z=13.8
2026.02.17 09:45:00;VETO;outlier bar masked, z=6.8
2026.02.17 10:15:00;VETO;outlier bar masked, z=4.5
2026.02.17 10:30:00;VETO;outlier bar masked, z=4.2
2026.02.17 14:00:00;VETO;outlier bar masked, z=5.0
2026.02.17 14:30:00;VETO;outlier bar masked, z=3.6
2026.02.17 15:00:00;VETO;signal rejected: volume: relVol 0.77 < 1.00
2026.02.17 15:45:00;VETO;outlier bar masked, z=4.6
2026.02.17 23:45:00;VETO;signal rejected: volume: relVol 0.59 < 1.00
2026.02.18 00:15:00;VETO;outlier bar masked, z=5.0
2026.02.18 08:00:00;VETO;signal rejected: volume: relVol 0.75 < 1.00
2026.02.18 11:15:00;VETO;signal rejected: volume: relVol 0.86 < 1.00
2026.02.18 15:30:00;VETO;signal rejected: volume: relVol 0.82 < 1.00
2026.02.18 19:30:00;VETO;signal rejected: volume: relVol 0.70 < 1.00
2026.02.19 00:00:00;VETO;signal rejected: volume: relVol 0.57 < 1.00
2026.02.19 05:45:00;VETO;signal rejected: volume: relVol 0.86 < 1.00
2026.02.19 09:45:00;VETO;signal rejected: volume: relVol 0.71 < 1.00
2026.02.19 12:30:00;VETO;signal rejected: volume: relVol 0.82 < 1.00
2026.02.19 16:15:00;VETO;outlier bar masked, z=5.0
2026.02.19 17:15:00;VETO;outlier bar masked, z=5.5
2026.02.19 23:45:00;VETO;signal rejected: score 0.30 < 0.55 [CHoCH long lvl=1.35|RelVol=1.54|Retest@1.35]
2026.02.20 03:30:00;DECISION;setup SHORT score=0.65 entry=1.35 inv=1.35 tgt=0.00 AWAIT-RETEST [CHoCH short lvl=1.35|RelVol=1.04|Retest@1.35|VPnode d=0.00|VWAPside]
2026.02.20 06:15:00;VETO;signal rejected: volume: relVol 0.72 < 1.00
2026.02.20 09:00:00;VETO;signal rejected: volume: relVol 0.69 < 1.00
2026.02.20 11:30:00;DECISION;setup LONG score=0.80 entry=1.35 inv=1.34 tgt=0.00 [BOS long lvl=1.35|RelVol=1.02|VPnear|VWAPside|CycleTurn w=0.74<-0.70|ADX=31]
2026.02.20 11:30:00;VETO;authorization denied: outside session window (server hour 11, window 12-20)
2026.02.20 11:45:00;VETO;authorization denied: outside session window (server hour 11, window 12-20)
2026.02.20 12:00:00;DECISION;TP capped 0.00638 -> 0.00479 (3.0xATR)
2026.02.20 12:00:00;ORDER;filled BUY 0.23 lots sl=1.34 tp=1.35 [WT|BOS|0.80]
2026.02.20 12:00:00;RISK;sizing: vol_ratio=1.17 scalar=0.87 gap_buf=0.00053 eff_stop=0.00372
2026.02.20 12:00:00;ORDER;entry fill deal #42 BUY 0.23 @ 1.34679
2026.02.20 15:30:00;VETO;signal rejected: volume: relVol 1.00 < 1.00
2026.02.20 15:45:00;VETO;outlier bar masked, z=5.3
2026.02.20 17:01:40;MANAGE;#42 SL 1.34 -> 1.35 breakeven
2026.02.20 17:01:40;MANAGE;#42 partial close 0.11 of 0.23 lots
2026.02.20 17:01:40;RISK;deal closed pnl=37.51 streak=0 lock=0
2026.02.20 17:01:59;MANAGE;#42 SL 1.35 -> 1.35 trail
2026.02.20 17:02:20;MANAGE;#42 SL 1.35 -> 1.35 trail
2026.02.20 17:03:40;RISK;deal closed pnl=10.68 streak=0 lock=0
2026.02.20 17:15:00;VETO;outlier bar masked, z=9.0
2026.02.23 00:01:30;VETO;signal rejected: volume: relVol 0.78 < 1.00
2026.02.23 01:15:00;DECISION;setup LONG score=0.85 entry=1.35 inv=1.35 tgt=0.00 AWAIT-RETEST [CHoCH long lvl=1.35|RelVol=2.37|Retest@1.35|VPnode d=0.00|VWAPside|CycleTurn w=0.09<--0.77]
2026.02.23 05:15:00;VETO;signal rejected: volume: relVol 0.90 < 1.00
2026.02.23 08:15:00;VETO;signal rejected: volume: relVol 0.83 < 1.00
2026.02.23 12:00:00;VETO;signal rejected: volume: relVol 0.84 < 1.00
2026.02.23 13:30:00;VETO;signal rejected: volume: relVol 0.72 < 1.00
2026.02.24 00:30:00;DECISION;setup SHORT score=0.75 entry=1.35 inv=1.35 tgt=0.00 [BOS short lvl=1.35|RelVol=3.38|VPnode d=0.00|CycleTurn w=0.92<-0.99]
2026.02.24 00:30:00;VETO;authorization denied: outside session window (server hour 00, window 12-20)
2026.02.24 00:45:00;VETO;authorization denied: outside session window (server hour 00, window 12-20)
2026.02.24 01:00:00;VETO;authorization denied: outside session window (server hour 01, window 12-20)
2026.02.24 01:15:00;VETO;authorization denied: outside session window (server hour 01, window 12-20)
2026.02.24 03:30:00;DECISION;setup SHORT score=0.70 entry=1.35 inv=1.35 tgt=0.00 [BOS short lvl=1.35|RelVol=1.41|VPnear|VWAPside|CycleTurn w=0.60<-0.96]
2026.02.24 03:30:00;VETO;authorization denied: outside session window (server hour 03, window 12-20)
2026.02.24 03:45:00;VETO;authorization denied: outside session window (server hour 03, window 12-20)
2026.02.24 04:00:00;VETO;authorization denied: outside session window (server hour 04, window 12-20)
2026.02.24 04:15:00;VETO;authorization denied: outside session window (server hour 04, window 12-20)
2026.02.24 09:15:00;VETO;signal rejected: score 0.50 < 0.55 [BOS short lvl=1.35|RelVol=1.34|VPnear|VWAPside]
2026.02.24 11:30:00;VETO;signal rejected: volume: relVol 0.91 < 1.00
2026.02.24 17:00:00;VETO;outlier bar masked, z=3.9
2026.02.25 01:30:00;VETO;signal rejected: volume: relVol 0.43 < 1.00
2026.02.25 02:45:00;VETO;signal rejected: volume: relVol 0.99 < 1.00
2026.02.25 07:45:00;VETO;signal rejected: volume: relVol 0.98 < 1.00
2026.02.25 10:15:00;VETO;outlier bar masked, z=3.9
2026.02.25 13:15:00;VETO;signal rejected: volume: relVol 0.72 < 1.00
2026.02.25 18:15:00;VETO;signal rejected: volume: relVol 0.81 < 1.00
2026.02.25 23:45:00;VETO;signal rejected: volume: relVol 0.83 < 1.00
2026.02.26 02:45:00;VETO;signal rejected: volume: relVol 0.72 < 1.00
2026.02.26 06:15:00;VETO;signal rejected: volume: relVol 0.79 < 1.00
2026.02.26 09:30:00;VETO;signal rejected: volume: relVol 0.95 < 1.00
2026.02.26 13:00:00;VETO;signal rejected: volume: relVol 0.73 < 1.00
2026.02.26 15:00:00;VETO;signal rejected: volume: relVol 0.74 < 1.00
2026.02.26 17:30:00;VETO;outlier bar masked, z=11.5
2026.02.26 17:45:00;VETO;outlier bar masked, z=6.2
2026.02.26 19:15:00;VETO;signal rejected: volume: relVol 0.77 < 1.00
2026.02.26 19:30:00;VETO;outlier bar masked, z=6.2
2026.02.26 20:00:00;VETO;outlier bar masked, z=4.4
2026.02.26 20:45:00;VETO;outlier bar masked, z=4.9
2026.02.27 05:30:00;DECISION;setup LONG score=0.65 entry=1.35 inv=1.35 tgt=0.00 AWAIT-RETEST [CHoCH long lvl=1.35|RelVol=1.06|Retest@1.35|VPnode d=0.00|VWAPside]
2026.02.27 05:45:00;VETO;authorization denied: outside session window (server hour 05, window 12-20)
2026.02.27 06:00:00;VETO;authorization denied: outside session window (server hour 06, window 12-20)
2026.02.27 06:15:00;VETO;authorization denied: outside session window (server hour 06, window 12-20)
2026.02.27 06:30:00;DECISION;setup LONG score=0.75 entry=1.35 inv=1.35 tgt=0.00 [BOS long lvl=1.35|RelVol=1.11|VPnode d=0.00|VWAPside|ADX=47]
2026.02.27 06:30:00;VETO;authorization denied: outside session window (server hour 06, window 12-20)
2026.02.27 06:45:00;VETO;authorization denied: outside session window (server hour 06, window 12-20)
2026.02.27 07:00:00;VETO;authorization denied: outside session window (server hour 07, window 12-20)
2026.02.27 07:15:00;VETO;authorization denied: outside session window (server hour 07, window 12-20)
2026.02.27 08:30:00;VETO;outlier bar masked, z=3.6
2026.02.27 15:30:00;DECISION;setup SHORT score=0.60 entry=1.35 inv=1.35 tgt=0.00 [BOS short lvl=1.35|RelVol=1.08|VPnear|VWAPside|ADX=45]
2026.02.27 15:30:00;DECISION;TP capped 0.00384 -> 0.00288 (3.0xATR)
2026.02.27 15:30:00;ORDER;filled SELL 0.41 lots sl=1.35 tp=1.34 [WT|BOS|0.60]
2026.02.27 15:30:00;RISK;sizing: vol_ratio=0.99 scalar=1.00 gap_buf=0.00048 eff_stop=0.00240
2026.02.27 15:30:00;ORDER;entry fill deal #45 SELL 0.41 @ 1.34597
2026.02.27 15:51:40;MANAGE;#45 SL 1.35 -> 1.35 breakeven
2026.02.27 15:51:40;MANAGE;#45 partial close 0.20 of 0.41 lots
2026.02.27 15:51:40;RISK;deal closed pnl=40.40 streak=0 lock=0
2026.02.27 16:15:40;RISK;deal closed pnl=0.42 streak=0 lock=0
2026.02.27 17:00:00;VETO;outlier bar masked, z=3.9
2026.02.27 18:00:00;VETO;outlier bar masked, z=4.5
2026.02.27 20:45:00;VETO;signal rejected: volume: relVol 0.85 < 1.00
2026.03.02 00:15:30;VETO;outlier bar masked, z=19.1
2026.03.02 01:15:00;VETO;outlier bar masked, z=4.0
2026.03.02 03:15:00;DECISION;setup LONG score=0.70 entry=1.34 inv=1.34 tgt=0.00 AWAIT-RETEST [CHoCH long lvl=1.34|RelVol=1.63|Retest@1.34|VPnear|VWAPside|CycleTurn w=0.03<--0.80]
2026.03.02 03:30:00;VETO;authorization denied: outside session window (server hour 03, window 12-20)
2026.03.02 03:45:00;VETO;authorization denied: outside session window (server hour 03, window 12-20)
2026.03.02 04:00:00;VETO;authorization denied: outside session window (server hour 04, window 12-20)
2026.03.02 04:15:00;VETO;authorization denied: outside session window (server hour 04, window 12-20)
2026.03.02 05:30:00;DECISION;setup LONG score=0.75 entry=1.35 inv=1.34 tgt=0.00 [BOS long lvl=1.35|RelVol=1.23|StopFloored|VPnode d=0.00|VWAPside|ADX=41]
2026.03.02 05:30:00;VETO;authorization denied: outside session window (server hour 05, window 12-20)
2026.03.02 05:45:00;VETO;authorization denied: outside session window (server hour 05, window 12-20)
2026.03.02 06:00:00;VETO;authorization denied: outside session window (server hour 06, window 12-20)
2026.03.02 06:15:00;VETO;authorization denied: outside session window (server hour 06, window 12-20)
2026.03.02 07:15:00;VETO;signal rejected: score 0.50 < 0.55 [CHoCH short lvl=1.34|RelVol=1.26|Retest@1.34|CycleTurn w=0.29<-0.85]
2026.03.02 18:00:00;DECISION;setup SHORT score=0.85 entry=1.34 inv=1.34 tgt=0.00 [BOS short lvl=1.34|RelVol=1.21|VPnode d=0.00|VWAPside|CycleTurn w=0.24<-0.90]
2026.03.02 18:00:00;DECISION;TP capped 0.01082 -> 0.00811 (3.0xATR)
2026.03.02 18:00:00;ORDER;filled SELL 0.12 lots sl=1.34 tp=1.33 [WT|BOS|0.85]
2026.03.02 18:00:00;RISK;sizing: vol_ratio=1.32 scalar=0.76 gap_buf=0.00093 eff_stop=0.00634
2026.03.02 18:00:00;ORDER;entry fill deal #48 SELL 0.12 @ 1.33717
2026.03.02 21:15:00;DECISION;setup LONG score=0.65 entry=1.34 inv=1.34 tgt=0.00 AWAIT-RETEST [CHoCH long lvl=1.34|RelVol=1.10|Retest@1.34|VPnode d=0.00|VWAPside]
2026.03.02 21:30:00;VETO;authorization denied: outside session window (server hour 21, window 12-20)
2026.03.02 21:38:40;RISK;deal closed pnl=-64.92 streak=1 lock=0
2026.03.02 21:45:00;VETO;authorization denied: outside session window (server hour 21, window 12-20)
2026.03.02 22:00:00;VETO;authorization denied: outside session window (server hour 22, window 12-20)
2026.03.02 22:15:00;VETO;outlier bar masked, z=4.3
2026.03.02 22:30:00;VETO;authorization denied: outside session window (server hour 22, window 12-20)
2026.03.03 01:30:00;VETO;signal rejected: volume: relVol 0.63 < 1.00
2026.03.03 03:30:00;DECISION;setup LONG score=0.85 entry=1.34 inv=1.34 tgt=0.00 AWAIT-RETEST [BOS long lvl=1.34|RelVol=1.66|Retest@1.34|VPnode d=0.00|VWAPside|CycleTurn w=-0.20<--0.92]
2026.03.03 03:45:00;VETO;authorization denied: outside session window (server hour 03, window 12-20)
2026.03.03 04:00:00;VETO;authorization denied: outside session window (server hour 04, window 12-20)
2026.03.03 04:15:00;VETO;authorization denied: outside session window (server hour 04, window 12-20)
2026.03.03 04:30:00;VETO;authorization denied: outside session window (server hour 04, window 12-20)
2026.03.03 06:45:00;VETO;signal rejected: score 0.50 < 0.55 [CHoCH short lvl=1.34|RelVol=1.37|Retest@1.34|VPnear|VWAPside]
2026.03.03 13:15:00;VETO;signal rejected: score 0.50 < 0.55 [BOS short lvl=1.33|RelVol=1.88|VWAPside|ADX=66]
2026.03.03 14:30:00;DECISION;setup LONG score=0.75 entry=1.33 inv=1.33 tgt=0.00 AWAIT-RETEST [CHoCH long lvl=1.33|RelVol=2.02|Retest@1.33|VPnode d=0.00|CycleTurn w=0.76<-0.23]
2026.03.03 14:30:00;DECISION;TP capped 0.01036 -> 0.00777 (3.0xATR)
2026.03.03 14:30:00;ORDER;limit BUY 0.11 @ 1.33 sl=1.33 tp=1.34 rc=10009 [WT|CHOCH|0.75|RL]
2026.03.03 14:30:00;RISK;sizing: vol_ratio=1.37 scalar=0.72 gap_buf=0.00090 eff_stop=0.00608
2026.03.03 14:30:20;ORDER;entry fill deal #50 BUY 0.11 @ 1.33143
2026.03.03 17:17:40;RISK;deal closed pnl=-56.98 streak=1 lock=0
2026.03.03 17:45:00;VETO;outlier bar masked, z=4.3
2026.03.03 18:45:00;VETO;signal rejected: score 0.40 < 0.55 [BOS long lvl=1.33|RelVol=1.74|VPnear]
2026.03.03 20:15:00;DECISION;setup LONG score=0.65 entry=1.33 inv=1.33 tgt=0.00 [BOS long lvl=1.33|RelVol=1.62|VPnode d=0.00|VWAPside]
2026.03.03 20:15:00;VETO;authorization denied: outside session window (server hour 20, window 12-20)
2026.03.03 20:30:00;VETO;authorization denied: outside session window (server hour 20, window 12-20)
2026.03.03 20:45:00;VETO;authorization denied: outside session window (server hour 20, window 12-20)
2026.03.03 21:00:00;VETO;authorization denied: outside session window (server hour 21, window 12-20)
2026.03.03 21:45:00;VETO;outlier bar masked, z=3.8
2026.03.03 22:15:00;DECISION;setup LONG score=0.65 entry=1.34 inv=1.33 tgt=0.00 [BOS long lvl=1.34|RelVol=2.09|VPnode d=0.00|VWAPside]
2026.03.03 22:15:00;VETO;authorization denied: outside session window (server hour 22, window 12-20)
2026.03.03 22:30:00;VETO;authorization denied: outside session window (server hour 22, window 12-20)
2026.03.03 22:45:00;VETO;authorization denied: outside session window (server hour 22, window 12-20)
2026.03.03 23:00:00;VETO;authorization denied: outside session window (server hour 23, window 12-20)
2026.03.04 02:15:00;DECISION;setup SHORT score=0.65 entry=1.33 inv=1.34 tgt=0.00 AWAIT-RETEST [CHoCH short lvl=1.33|RelVol=1.85|Retest@1.33|VPnode d=0.00|VWAPside]
2026.03.04 02:30:00;VETO;authorization denied: outside session window (server hour 02, window 12-20)
2026.03.04 02:45:00;VETO;authorization denied: outside session window (server hour 02, window 12-20)
2026.03.04 03:00:00;VETO;authorization denied: outside session window (server hour 03, window 12-20)
2026.03.04 03:15:00;VETO;authorization denied: outside session window (server hour 03, window 12-20)
2026.03.04 06:45:00;DECISION;setup SHORT score=0.65 entry=1.33 inv=1.33 tgt=0.00 [BOS short lvl=1.33|RelVol=2.08|VPnode d=0.00|VWAPside]
2026.03.04 06:45:00;VETO;authorization denied: outside session window (server hour 06, window 12-20)
2026.03.04 07:00:00;VETO;authorization denied: outside session window (server hour 07, window 12-20)
2026.03.04 07:15:00;VETO;authorization denied: outside session window (server hour 07, window 12-20)
2026.03.04 07:30:00;VETO;authorization denied: outside session window (server hour 07, window 12-20)
2026.03.04 09:30:00;DECISION;setup LONG score=0.65 entry=1.33 inv=1.33 tgt=0.00 AWAIT-RETEST [CHoCH long lvl=1.33|RelVol=1.47|Retest@1.33|VPnode d=0.00|VWAPside]
2026.03.04 10:30:00;VETO;authorization denied: outside session window (server hour 10, window 12-20)
2026.03.04 10:45:00;VETO;authorization denied: outside session window (server hour 10, window 12-20)
2026.03.04 11:00:00;VETO;authorization denied: outside session window (server hour 11, window 12-20)
2026.03.04 11:15:00;VETO;authorization denied: outside session window (server hour 11, window 12-20)
2026.03.04 12:15:00;VETO;outlier bar masked, z=4.9
2026.03.04 15:15:00;VETO;outlier bar masked, z=3.9
2026.03.04 19:30:00;VETO;signal rejected: score 0.50 < 0.55 [CHoCH short lvl=1.34|RelVol=1.28|Retest@1.33|VPnear|VWAPside]
2026.03.05 02:30:00;DECISION;setup LONG score=0.85 entry=1.34 inv=1.34 tgt=0.00 AWAIT-RETEST [CHoCH long lvl=1.34|RelVol=1.17|Retest@1.34|VPnode d=0.00|VWAPside|CycleTurn w=-0.98<--1.00]
2026.03.05 02:45:00;VETO;authorization denied: outside session window (server hour 02, window 12-20)
2026.03.05 03:00:00;VETO;authorization denied: outside session window (server hour 03, window 12-20)
2026.03.05 03:15:00;VETO;authorization denied: outside session window (server hour 03, window 12-20)
2026.03.05 03:30:00;VETO;authorization denied: outside session window (server hour 03, window 12-20)
2026.03.05 05:00:00;DECISION;setup SHORT score=0.65 entry=1.34 inv=1.34 tgt=0.00 AWAIT-RETEST [CHoCH short lvl=1.34|RelVol=1.35|Retest@1.34|VPnode d=0.00|VWAPside]
2026.03.05 05:15:00;VETO;authorization denied: outside session window (server hour 05, window 12-20)
2026.03.05 05:30:00;VETO;authorization denied: outside session window (server hour 05, window 12-20)
2026.03.05 05:45:00;VETO;authorization denied: outside session window (server hour 05, window 12-20)
2026.03.05 06:00:00;VETO;authorization denied: outside session window (server hour 06, window 12-20)
2026.03.05 09:30:00;DECISION;setup LONG score=0.75 entry=1.33 inv=1.33 tgt=0.00 AWAIT-RETEST [CHoCH long lvl=1.33|RelVol=1.44|Retest@1.33|VPnode d=0.00|CycleTurn w=0.03<--0.78]
2026.03.05 09:45:00;VETO;authorization denied: outside session window (server hour 09, window 12-20)
2026.03.05 10:00:00;VETO;authorization denied: outside session window (server hour 10, window 12-20)
2026.03.05 10:15:00;VETO;authorization denied: outside session window (server hour 10, window 12-20)
2026.03.05 10:30:00;VETO;authorization denied: outside session window (server hour 10, window 12-20)
2026.03.05 11:15:00;VETO;outlier bar masked, z=6.6
2026.03.05 17:30:00;DECISION;setup SHORT score=0.65 entry=1.33 inv=1.34 tgt=0.00 AWAIT-RETEST [CHoCH short lvl=1.33|RelVol=1.13|Retest@1.33|VPnode d=0.00|VWAPside]
2026.03.05 17:30:00;DECISION;TP capped 0.00908 -> 0.00681 (3.0xATR)
2026.03.05 17:30:00;ORDER;limit SELL 0.15 @ 1.33 sl=1.34 tp=1.33 rc=10009 [WT|CHOCH|0.65|RL]
2026.03.05 17:30:00;RISK;sizing: vol_ratio=1.23 scalar=0.83 gap_buf=0.00072 eff_stop=0.00527
2026.03.05 17:30:20;ORDER;entry fill deal #52 SELL 0.15 @ 1.33286
2026.03.05 20:45:00;DECISION;setup LONG score=0.55 entry=1.33 inv=1.33 tgt=0.00 AWAIT-RETEST [CHoCH long lvl=1.33|RelVol=1.82|Retest@1.33|VPnode d=0.00]
2026.03.05 21:00:00;VETO;authorization denied: outside session window (server hour 21, window 12-20)
2026.03.05 21:15:00;VETO;authorization denied: outside session window (server hour 21, window 12-20)
2026.03.05 21:30:00;VETO;authorization denied: outside session window (server hour 21, window 12-20)
2026.03.05 21:45:00;VETO;authorization denied: outside session window (server hour 21, window 12-20)
2026.03.05 22:15:00;VETO;outlier bar masked, z=4.8
2026.03.06 03:15:00;DECISION;setup LONG score=0.75 entry=1.34 inv=1.33 tgt=0.00 [BOS long lvl=1.34|RelVol=1.04|VPnode d=0.00|VWAPside|ADX=37]
2026.03.06 03:15:00;VETO;authorization denied: outside session window (server hour 03, window 12-20)
2026.03.06 03:30:00;VETO;authorization denied: outside session window (server hour 03, window 12-20)
2026.03.06 03:45:00;VETO;authorization denied: outside session window (server hour 03, window 12-20)
2026.03.06 04:00:00;VETO;authorization denied: outside session window (server hour 04, window 12-20)
2026.03.06 08:15:00;VETO;signal rejected: score 0.50 < 0.55 [CHoCH short lvl=1.34|RelVol=1.27|Retest@1.34|VPnear|VWAPside]
2026.03.06 10:39:40;RISK;deal closed pnl=-68.43 streak=1 lock=0
2026.03.06 10:45:00;DECISION;setup LONG score=0.65 entry=1.34 inv=1.34 tgt=0.00 AWAIT-RETEST [CHoCH long lvl=1.34|RelVol=2.42|Retest@1.34|VPnode d=0.00|VWAPside]
2026.03.06 11:00:00;VETO;authorization denied: outside session window (server hour 11, window 12-20)
2026.03.06 11:15:00;DECISION;setup SHORT score=0.70 entry=1.33 inv=1.34 tgt=0.00 AWAIT-RETEST [CHoCH short lvl=1.34|RelVol=2.61|Retest@1.33|VPnear|VWAPside|CycleTurn w=0.06<-0.98]
2026.03.06 14:15:00;DECISION;setup SHORT score=0.60 entry=1.33 inv=1.33 tgt=0.00 [BOS short lvl=1.33|RelVol=3.77|VPnear|VWAPside|ADX=42]
2026.03.06 14:15:00;DECISION;TP capped 0.00666 -> 0.00499 (3.0xATR)
2026.03.06 14:15:00;ORDER;filled SELL 0.18 lots sl=1.33 tp=1.33 [WT|BOS|0.60]
2026.03.06 14:15:00;RISK;sizing: vol_ratio=1.29 scalar=0.78 gap_buf=0.00074 eff_stop=0.00407
2026.03.06 14:15:00;ORDER;entry fill deal #54 SELL 0.18 @ 1.33125
2026.03.06 15:12:20;RISK;deal closed pnl=-59.94 streak=2 lock=0
2026.03.06 15:30:00;DECISION;setup LONG score=0.70 entry=1.33 inv=1.33 tgt=0.00 AWAIT-RETEST [CHoCH long lvl=1.33|RelVol=2.87|Retest@1.33|VPnear|VWAPside|CycleTurn w=0.44<--0.62]
2026.03.06 15:30:00;DECISION;TP capped 0.00765 -> 0.00574 (3.0xATR)
2026.03.06 15:30:00;ORDER;limit BUY 0.16 @ 1.33 sl=1.33 tp=1.34 rc=10009 [WT|CHOCH|0.70|RL]
2026.03.06 15:30:00;RISK;sizing: vol_ratio=1.33 scalar=0.75 gap_buf=0.00077 eff_stop=0.00459
2026.03.06 15:45:00;VETO;outlier bar masked, z=4.5
2026.03.06 15:54:20;ORDER;entry fill deal #56 BUY 0.16 @ 1.33496
2026.03.06 16:00:00;VETO;outlier bar masked, z=5.3
2026.03.06 17:15:00;VETO;outlier bar masked, z=4.3
2026.03.06 18:04:40;MANAGE;#56 SL 1.33 -> 1.33 breakeven
2026.03.06 18:04:40;MANAGE;#56 partial close 0.08 of 0.16 lots
2026.03.06 18:04:40;RISK;deal closed pnl=30.80 streak=0 lock=0
2026.03.06 18:15:00;VETO;outlier bar masked, z=3.8
2026.03.06 18:30:00;DECISION;setup LONG score=0.60 entry=1.34 inv=1.33 tgt=0.00 [BOS long lvl=1.34|RelVol=3.95|VPnear|VWAPside|ADX=40]
2026.03.06 18:30:00;DECISION;TP capped 0.01298 -> 0.00974 (3.0xATR)
2026.03.06 18:30:00;VETO;risk veto: max positions
2026.03.06 18:36:40;MANAGE;#56 SL 1.33 -> 1.34 trail
2026.03.06 18:37:40;MANAGE;#56 SL 1.34 -> 1.34 trail
2026.03.06 18:43:40;MANAGE;#56 SL 1.34 -> 1.34 trail
2026.03.06 18:45:40;RISK;deal closed pnl=45.92 streak=0 lock=0
2026.03.06 23:15:00;DECISION;setup LONG score=0.85 entry=1.34 inv=1.34 tgt=0.00 [BOS long lvl=1.34|RelVol=2.75|VPnode d=0.00|VWAPside|CycleTurn w=-0.99<--1.00]
2026.03.06 23:15:00;VETO;authorization denied: outside session window (server hour 23, window 12-20)
2026.03.06 23:30:00;VETO;authorization denied: outside session window (server hour 23, window 12-20)
2026.03.06 23:45:00;VETO;authorization denied: outside session window (server hour 23, window 12-20)
2026.03.09 00:00:00;VETO;authorization denied: outside session window (server hour 00, window 12-20)
2026.03.09 00:15:00;VETO;outlier bar masked, z=13.3
2026.03.09 07:30:00;VETO;outlier bar masked, z=4.2
2026.03.09 10:00:00;VETO;signal rejected: score 0.50 < 0.55 [BOS long lvl=1.33|RelVol=2.65|VPnear|VWAPside]
2026.03.09 15:15:00;DECISION;setup LONG score=0.65 entry=1.34 inv=1.33 tgt=0.00 AWAIT-RETEST [BOS long lvl=1.34|RelVol=3.27|Retest@1.34|VPnode d=0.00|VWAPside]
2026.03.09 15:15:00;DECISION;TP capped 0.00427 -> 0.00412 (3.0xATR)
2026.03.09 15:15:00;ORDER;limit BUY 0.35 @ 1.34 sl=1.33 tp=1.34 rc=10009 [WT|BOS|0.65|RL]
2026.03.09 15:15:00;RISK;sizing: vol_ratio=0.85 scalar=1.00 gap_buf=0.00069 eff_stop=0.00282
2026.03.09 16:05:40;ORDER;entry fill deal #59 BUY 0.35 @ 1.33603
2026.03.09 17:00:40;MANAGE;#59 SL 1.33 -> 1.34 breakeven
2026.03.09 17:00:40;MANAGE;#59 partial close 0.17 of 0.35 lots
2026.03.09 17:00:40;RISK;deal closed pnl=41.14 streak=0 lock=0
2026.03.09 17:01:40;MANAGE;#59 SL 1.34 -> 1.34 trail
2026.03.09 17:02:20;MANAGE;#59 SL 1.34 -> 1.34 trail
2026.03.09 17:07:40;MANAGE;#59 SL 1.34 -> 1.34 trail
2026.03.09 17:10:40;MANAGE;#59 SL 1.34 -> 1.34 trail
2026.03.09 17:11:20;MANAGE;#59 SL 1.34 -> 1.34 trail
2026.03.09 17:15:00;VETO;signal rejected: score 0.50 < 0.55 [BOS long lvl=1.34|RelVol=2.26|Retest@1.34|VWAPside|ADX=33]
2026.03.09 18:03:40;RISK;deal closed pnl=74.34 streak=0 lock=0
2026.03.09 18:45:00;VETO;signal rejected: score 0.50 < 0.55 [BOS long lvl=1.34|RelVol=2.71|VWAPside|ADX=43]
2026.03.09 21:30:00;VETO;outlier bar masked, z=6.8
2026.03.10 01:45:00;DECISION;setup SHORT score=0.65 entry=1.34 inv=1.34 tgt=0.00 AWAIT-RETEST [CHoCH short lvl=1.34|RelVol=2.58|Retest@1.34|VPnode d=0.00|VWAPside]
2026.03.10 02:00:00;VETO;authorization denied: outside session window (server hour 02, window 12-20)
2026.03.10 02:15:00;VETO;authorization denied: outside session window (server hour 02, window 12-20)
2026.03.10 02:30:00;VETO;authorization denied: outside session window (server hour 02, window 12-20)
2026.03.10 02:45:00;DECISION;setup LONG score=0.85 entry=1.34 inv=1.34 tgt=0.00 AWAIT-RETEST [CHoCH long lvl=1.34|RelVol=4.47|Retest@1.34|VPnode d=0.00|VWAPside|CycleTurn w=-0.98<--1.00]
2026.03.10 03:00:00;VETO;authorization denied: outside session window (server hour 03, window 12-20)
2026.03.10 03:15:00;VETO;authorization denied: outside session window (server hour 03, window 12-20)
2026.03.10 03:30:00;VETO;authorization denied: outside session window (server hour 03, window 12-20)
2026.03.10 03:45:00;VETO;authorization denied: outside session window (server hour 03, window 12-20)
2026.03.10 05:15:00;DECISION;setup SHORT score=0.65 entry=1.34 inv=1.34 tgt=0.00 AWAIT-RETEST [CHoCH short lvl=1.34|RelVol=3.22|Retest@1.34|VPnode d=0.00|VWAPside]
2026.03.10 05:30:00;VETO;authorization denied: outside session window (server hour 05, window 12-20)
2026.03.10 05:45:00;VETO;authorization denied: outside session window (server hour 05, window 12-20)
2026.03.10 06:00:00;VETO;authorization denied: outside session window (server hour 06, window 12-20)
2026.03.10 06:15:00;VETO;authorization denied: outside session window (server hour 06, window 12-20)
2026.03.10 08:15:00;DECISION;setup LONG score=0.65 entry=1.34 inv=1.34 tgt=0.00 AWAIT-RETEST [CHoCH long lvl=1.34|RelVol=2.18|Retest@1.34|VPnode d=0.00|VWAPside]
2026.03.10 08:30:00;VETO;authorization denied: outside session window (server hour 08, window 12-20)
2026.03.10 08:45:00;VETO;authorization denied: outside session window (server hour 08, window 12-20)
2026.03.10 09:00:00;VETO;authorization denied: outside session window (server hour 09, window 12-20)
2026.03.10 09:15:00;VETO;authorization denied: outside session window (server hour 09, window 12-20)
2026.03.10 12:15:00;DECISION;setup SHORT score=0.55 entry=1.34 inv=1.35 tgt=0.00 AWAIT-RETEST [CHoCH short lvl=1.35|RelVol=2.12|Retest@1.34|VPnode d=0.00]
2026.03.10 12:15:00;DECISION;TP capped 0.00684 -> 0.00513 (3.0xATR)
2026.03.10 12:15:00;ORDER;limit SELL 0.22 @ 1.34 sl=1.35 tp=1.34 rc=10009 [WT|CHOCH|0.55|RL]
2026.03.10 12:15:00;RISK;sizing: vol_ratio=1.09 scalar=0.93 gap_buf=0.00066 eff_stop=0.00408
2026.03.10 12:15:40;ORDER;entry fill deal #62 SELL 0.22 @ 1.34492
2026.03.10 14:15:00;DECISION;setup SHORT score=0.65 entry=1.34 inv=1.35 tgt=0.00 [BOS short lvl=1.34|RelVol=3.78|VPnode d=0.00|VWAPside]
2026.03.10 14:15:00;DECISION;TP capped 0.00644 -> 0.00483 (3.0xATR)
2026.03.10 14:15:00;VETO;risk veto: max positions
2026.03.10 17:45:00;VETO;signal rejected: score 0.50 < 0.55 [CHoCH long lvl=1.35|RelVol=2.00|Retest@1.35|VPnear|VWAPside]
2026.03.10 19:30:00;DECISION;setup LONG score=0.85 entry=1.35 inv=1.34 tgt=0.00 [BOS long lvl=1.35|RelVol=2.82|VPnode d=0.00|VWAPside|CycleTurn w=-0.02<--0.89]
2026.03.10 19:30:00;DECISION;TP capped 0.00540 -> 0.00405 (3.0xATR)
2026.03.10 19:30:00;VETO;risk veto: max positions
2026.03.10 20:15:00;DECISION;setup SHORT score=0.85 entry=1.34 inv=1.35 tgt=0.00 AWAIT-RETEST [CHoCH short lvl=1.34|RelVol=3.26|Retest@1.34|VPnode d=0.00|VWAPside|CycleTurn w=0.57<-0.98]
2026.03.10 20:30:00;VETO;authorization denied: outside session window (server hour 20, window 12-20)
2026.03.10 20:45:00;VETO;authorization denied: outside session window (server hour 20, window 12-20)
2026.03.10 21:00:00;VETO;authorization denied: outside session window (server hour 21, window 12-20)
2026.03.10 21:15:00;VETO;authorization denied: outside session window (server hour 21, window 12-20)
2026.03.10 21:40:20;MANAGE;#62 SL 1.35 -> 1.34 breakeven
2026.03.10 21:40:20;MANAGE;#62 partial close 0.11 of 0.22 lots
2026.03.10 21:40:20;RISK;deal closed pnl=40.26 streak=0 lock=0
2026.03.10 21:41:40;MANAGE;#62 SL 1.34 -> 1.34 trail
2026.03.10 21:42:20;MANAGE;#62 SL 1.34 -> 1.34 trail
2026.03.10 21:46:40;MANAGE;#62 SL 1.34 -> 1.34 trail
2026.03.10 21:48:40;MANAGE;#62 SL 1.34 -> 1.34 trail
2026.03.10 21:49:20;MANAGE;#62 SL 1.34 -> 1.34 trail
2026.03.10 23:56:40;MANAGE;#62 SL 1.34 -> 1.34 trail
2026.03.10 23:57:40;MANAGE;#62 SL 1.34 -> 1.34 trail
2026.03.10 23:59:40;MANAGE;#62 SL 1.34 -> 1.34 trail
2026.03.11 00:00:00;VETO;signal rejected: score 0.30 < 0.55 [BOS short lvl=1.34|RelVol=1.64|StopFloored]
2026.03.11 00:17:20;MANAGE;#62 SL 1.34 -> 1.34 trail
2026.03.11 00:30:00;MANAGE;#62 SL 1.34 -> 1.34 trail
2026.03.11 00:33:40;MANAGE;#62 SL 1.34 -> 1.34 trail
2026.03.11 00:46:40;MANAGE;#62 SL 1.34 -> 1.34 trail
2026.03.11 02:05:20;MANAGE;#62 SL 1.34 -> 1.34 trail
2026.03.11 02:12:40;RISK;deal closed pnl=26.49 streak=0 lock=0
2026.03.11 02:15:00;VETO;signal rejected: score 0.50 < 0.55 [CHoCH long lvl=1.34|RelVol=2.92|Retest@1.34|VPnear|VWAPside]
2026.03.11 05:45:00;DECISION;setup LONG score=0.75 entry=1.35 inv=1.34 tgt=0.00 [BOS long lvl=1.34|RelVol=1.67|VPnode d=0.00|VWAPside|ADX=35]
2026.03.11 05:45:00;VETO;authorization denied: outside session window (server hour 05, window 12-20)
2026.03.11 06:00:00;VETO;authorization denied: outside session window (server hour 06, window 12-20)
2026.03.11 06:15:00;VETO;authorization denied: outside session window (server hour 06, window 12-20)
2026.03.11 06:30:00;VETO;authorization denied: outside session window (server hour 06, window 12-20)
2026.03.11 09:15:00;DECISION;setup SHORT score=0.55 entry=1.34 inv=1.35 tgt=0.00 AWAIT-RETEST [CHoCH short lvl=1.34|RelVol=2.10|Retest@1.34|VPnode d=0.00]
2026.03.11 09:30:00;VETO;authorization denied: outside session window (server hour 09, window 12-20)
2026.03.11 09:45:00;VETO;authorization denied: outside session window (server hour 09, window 12-20)
2026.03.11 10:00:00;VETO;authorization denied: outside session window (server hour 10, window 12-20)
2026.03.11 10:15:00;VETO;authorization denied: outside session window (server hour 10, window 12-20)
2026.03.11 15:00:00;VETO;signal rejected: score 0.50 < 0.55 [BOS short lvl=1.34|RelVol=3.70|VWAPside|ADX=36]
2026.03.11 21:45:00;VETO;signal rejected: volume: relVol 0.93 < 1.00
2026.03.11 23:00:00;DECISION;setup SHORT score=0.85 entry=1.34 inv=1.34 tgt=0.00 AWAIT-RETEST [CHoCH short lvl=1.34|RelVol=1.47|Retest@1.34|VPnode d=0.00|VWAPside|CycleTurn w=0.94<-0.99]
2026.03.11 23:15:00;VETO;authorization denied: outside session window (server hour 23, window 12-20)
2026.03.11 23:30:00;VETO;authorization denied: outside session window (server hour 23, window 12-20)
2026.03.11 23:45:00;VETO;authorization denied: outside session window (server hour 23, window 12-20)
2026.03.12 00:00:00;VETO;authorization denied: outside session window (server hour 00, window 12-20)
2026.03.12 00:30:00;DECISION;setup SHORT score=0.75 entry=1.34 inv=1.34 tgt=0.00 AWAIT-RETEST [BOS short lvl=1.34|RelVol=2.68|Retest@1.34|VPnode d=0.00|VWAPside|ADX=39]
2026.03.12 04:45:00;DECISION;setup SHORT score=0.80 entry=1.34 inv=1.34 tgt=0.00 [BOS short lvl=1.34|RelVol=2.46|VPnear|VWAPside|CycleTurn w=0.89<-0.99|ADX=38]
2026.03.12 04:45:00;VETO;authorization denied: outside session window (server hour 04, window 12-20)
2026.03.12 05:00:00;VETO;authorization denied: outside session window (server hour 05, window 12-20)
2026.03.12 05:15:00;VETO;authorization denied: outside session window (server hour 05, window 12-20)
2026.03.12 05:30:00;VETO;authorization denied: outside session window (server hour 05, window 12-20)
2026.03.12 06:45:00;DECISION;setup SHORT score=0.75 entry=1.34 inv=1.34 tgt=0.00 [BOS short lvl=1.34|RelVol=1.85|VPnode d=0.00|VWAPside|ADX=31]
2026.03.12 06:45:00;VETO;authorization denied: outside session window (server hour 06, window 12-20)
2026.03.12 07:00:00;VETO;authorization denied: outside session window (server hour 07, window 12-20)
2026.03.12 07:15:00;VETO;authorization denied: outside session window (server hour 07, window 12-20)
2026.03.12 07:30:00;VETO;authorization denied: outside session window (server hour 07, window 12-20)
2026.03.12 08:45:00;VETO;signal rejected: score 0.40 < 0.55 [CHoCH long lvl=1.34|RelVol=1.63|Retest@1.34|VPnear]
2026.03.12 16:00:00;DECISION;setup SHORT score=0.65 entry=1.34 inv=1.34 tgt=0.00 AWAIT-RETEST [CHoCH short lvl=1.34|RelVol=2.30|Retest@1.34|VPnode d=0.00|VWAPside]
2026.03.12 16:00:00;DECISION;TP capped 0.00471 -> 0.00354 (3.0xATR)
2026.03.12 16:00:00;ERROR;limit SELL 0.36 @ 1.34 sl=1.34 tp=1.33 rc=10015 [WT|CHOCH|0.65|RL]
2026.03.12 16:15:00;DECISION;TP capped 0.00448 -> 0.00336 (3.0xATR)
2026.03.12 16:15:00;ORDER;filled SELL 0.37 lots sl=1.34 tp=1.33 [WT|CHOCH|0.65]
2026.03.12 16:15:00;RISK;sizing: vol_ratio=0.93 scalar=1.00 gap_buf=0.00042 eff_stop=0.00266
2026.03.12 16:15:00;ORDER;entry fill deal #65 SELL 0.37 @ 1.33693
2026.03.12 17:05:40;MANAGE;#65 SL 1.34 -> 1.34 breakeven
2026.03.12 17:05:40;MANAGE;#65 partial close 0.18 of 0.37 lots
2026.03.12 17:05:40;RISK;deal closed pnl=40.50 streak=0 lock=0
2026.03.12 17:08:40;MANAGE;#65 SL 1.34 -> 1.34 trail
2026.03.12 17:10:40;MANAGE;#65 SL 1.34 -> 1.34 trail
2026.03.12 17:11:40;MANAGE;#65 SL 1.34 -> 1.34 trail
2026.03.12 17:12:40;MANAGE;#65 SL 1.34 -> 1.34 trail
2026.03.12 18:21:40;RISK;deal closed pnl=13.49 streak=0 lock=0
2026.03.12 23:00:00;DECISION;setup SHORT score=0.65 entry=1.33 inv=1.33 tgt=0.00 [BOS short lvl=1.33|RelVol=1.52|VPnode d=0.00|VWAPside]
2026.03.12 23:00:00;VETO;authorization denied: outside session window (server hour 23, window 12-20)
2026.03.12 23:15:00;VETO;authorization denied: outside session window (server hour 23, window 12-20)
2026.03.12 23:30:00;VETO;authorization denied: outside session window (server hour 23, window 12-20)
2026.03.12 23:45:00;VETO;authorization denied: outside session window (server hour 23, window 12-20)
2026.03.13 02:15:00;DECISION;setup LONG score=0.65 entry=1.34 inv=1.33 tgt=0.00 AWAIT-RETEST [CHoCH long lvl=1.34|RelVol=1.73|Retest@1.34|StopFloored|VPnode d=0.00|VWAPside]
2026.03.13 05:15:00;DECISION;setup SHORT score=0.65 entry=1.33 inv=1.34 tgt=0.00 AWAIT-RETEST [CHoCH short lvl=1.33|RelVol=1.57|Retest@1.33|VPnode d=0.00|VWAPside]
2026.03.13 05:30:00;VETO;authorization denied: outside session window (server hour 05, window 12-20)
2026.03.13 05:45:00;VETO;authorization denied: outside session window (server hour 05, window 12-20)
2026.03.13 06:00:00;VETO;authorization denied: outside session window (server hour 06, window 12-20)
2026.03.13 06:15:00;VETO;authorization denied: outside session window (server hour 06, window 12-20)
2026.03.13 08:15:00;DECISION;setup SHORT score=0.75 entry=1.33 inv=1.34 tgt=0.00 [BOS short lvl=1.33|RelVol=1.45|VPnode d=0.00|VWAPside|ADX=39]
2026.03.13 08:15:00;VETO;authorization denied: outside session window (server hour 08, window 12-20)
2026.03.13 08:30:00;VETO;authorization denied: outside session window (server hour 08, window 12-20)
2026.03.13 08:45:00;VETO;authorization denied: outside session window (server hour 08, window 12-20)
2026.03.13 09:00:00;VETO;authorization denied: outside session window (server hour 09, window 12-20)
2026.03.13 09:15:00;VETO;outlier bar masked, z=4.7
2026.03.13 13:00:00;VETO;outlier bar masked, z=3.6
2026.03.13 13:15:00;DECISION;setup SHORT score=0.75 entry=1.32 inv=1.33 tgt=0.00 [BOS short lvl=1.33|RelVol=2.49|VPnode d=0.00|VWAPside|ADX=39]
2026.03.13 13:15:00;DECISION;TP capped 0.00626 -> 0.00469 (3.0xATR)
2026.03.13 13:15:00;ORDER;filled SELL 0.14 lots sl=1.33 tp=1.32 [WT|BOS|0.75]
2026.03.13 13:15:00;RISK;sizing: vol_ratio=1.59 scalar=0.56 gap_buf=0.00073 eff_stop=0.00386
2026.03.13 13:15:00;ORDER;entry fill deal #68 SELL 0.14 @ 1.32488
2026.03.13 14:45:40;RISK;deal closed pnl=-43.82 streak=1 lock=0
2026.03.13 17:30:00;DECISION;setup SHORT score=0.85 entry=1.32 inv=1.33 tgt=0.00 [BOS short lvl=1.32|RelVol=1.72|VPnode d=0.00|VWAPside|CycleTurn w=0.66<-0.89]
2026.03.13 17:30:00;DECISION;TP capped 0.00886 -> 0.00664 (3.0xATR)
2026.03.13 17:30:00;ORDER;filled SELL 0.13 lots sl=1.33 tp=1.32 [WT|BOS|0.85]
2026.03.13 17:30:00;RISK;sizing: vol_ratio=1.40 scalar=0.70 gap_buf=0.00069 eff_stop=0.00512
2026.03.13 17:30:00;ORDER;entry fill deal #70 SELL 0.13 @ 1.32451
2026.03.13 21:30:00;DECISION;setup SHORT score=0.85 entry=1.32 inv=1.33 tgt=0.00 [BOS short lvl=1.32|RelVol=1.39|VPnode d=0.00|VWAPside|CycleTurn w=0.95<-1.00]
2026.03.13 21:30:00;VETO;authorization denied: outside session window (server hour 21, window 12-20)
2026.03.13 21:45:00;VETO;authorization denied: outside session window (server hour 21, window 12-20)
2026.03.13 22:00:00;VETO;authorization denied: outside session window (server hour 22, window 12-20)
2026.03.13 22:00:00;RISK;FLATTEN ALL: Friday flatten: weekend gap protection
2026.03.13 22:00:00;RISK;deal closed pnl=23.27 streak=0 lock=0
2026.03.13 22:15:00;VETO;authorization denied: outside session window (server hour 22, window 12-20)
2026.03.16 02:15:00;VETO;signal rejected: score 0.50 < 0.55 [CHoCH long lvl=1.33|RelVol=2.13|Retest@1.33|VPnear|VWAPside]
2026.03.16 05:45:00;DECISION;setup LONG score=0.65 entry=1.33 inv=1.32 tgt=0.00 [BOS long lvl=1.33|RelVol=1.28|VPnode d=0.00|VWAPside]
2026.03.16 05:45:00;VETO;authorization denied: outside session window (server hour 05, window 12-20)
2026.03.16 06:00:00;VETO;authorization denied: outside session window (server hour 06, window 12-20)
2026.03.16 06:15:00;VETO;authorization denied: outside session window (server hour 06, window 12-20)
2026.03.16 06:30:00;VETO;authorization denied: outside session window (server hour 06, window 12-20)
2026.03.16 07:00:00;DECISION;setup SHORT score=0.85 entry=1.33 inv=1.33 tgt=0.00 AWAIT-RETEST [CHoCH short lvl=1.33|RelVol=1.34|Retest@1.33|VPnode d=0.00|VWAPside|CycleTurn w=-0.32<-0.68]
2026.03.16 07:15:00;VETO;authorization denied: outside session window (server hour 07, window 12-20)
2026.03.16 07:30:00;VETO;authorization denied: outside session window (server hour 07, window 12-20)
2026.03.16 07:45:00;VETO;authorization denied: outside session window (server hour 07, window 12-20)
2026.03.16 08:00:00;VETO;authorization denied: outside session window (server hour 08, window 12-20)
2026.03.16 09:45:00;DECISION;setup SHORT score=0.65 entry=1.32 inv=1.33 tgt=0.00 [BOS short lvl=1.32|RelVol=1.81|VPnode d=0.00|VWAPside]
2026.03.16 09:45:00;VETO;authorization denied: outside session window (server hour 09, window 12-20)
2026.03.16 10:00:00;VETO;authorization denied: outside session window (server hour 10, window 12-20)
2026.03.16 10:15:00;VETO;authorization denied: outside session window (server hour 10, window 12-20)
2026.03.16 10:30:00;VETO;authorization denied: outside session window (server hour 10, window 12-20)
2026.03.16 12:15:00;DECISION;setup LONG score=0.65 entry=1.33 inv=1.32 tgt=0.00 AWAIT-RETEST [CHoCH long lvl=1.33|RelVol=1.99|Retest@1.33|VPnode d=0.00|VWAPside]
2026.03.16 12:15:00;DECISION;TP capped 0.00538 -> 0.00403 (3.0xATR)
2026.03.16 12:15:00;ERROR;limit BUY 0.30 @ 1.33 sl=1.32 tp=1.33 rc=10015 [WT|CHOCH|0.65|RL]
2026.03.16 12:30:00;DECISION;TP capped 0.00768 -> 0.00576 (3.0xATR)
2026.03.16 12:30:00;ORDER;filled BUY 0.21 lots sl=1.32 tp=1.33 [WT|CHOCH|0.65]
2026.03.16 12:30:00;RISK;sizing: vol_ratio=1.09 scalar=0.94 gap_buf=0.00054 eff_stop=0.00438
2026.03.16 12:30:00;ORDER;entry fill deal #72 BUY 0.21 @ 1.32686
2026.03.16 15:55:40;MANAGE;#72 SL 1.32 -> 1.33 breakeven
2026.03.16 15:55:40;MANAGE;#72 partial close 0.10 of 0.21 lots
2026.03.16 15:55:40;RISK;deal closed pnl=41.30 streak=0 lock=0
2026.03.16 15:55:59;MANAGE;#72 SL 1.33 -> 1.33 trail
2026.03.16 15:57:20;MANAGE;#72 SL 1.33 -> 1.33 trail
2026.03.16 16:02:40;MANAGE;#72 SL 1.33 -> 1.33 trail
2026.03.16 16:41:40;RISK;deal closed pnl=29.15 streak=0 lock=0
2026.03.16 18:30:00;DECISION;setup SHORT score=0.75 entry=1.33 inv=1.33 tgt=0.00 AWAIT-RETEST [CHoCH short lvl=1.33|RelVol=1.91|Retest@1.33|VPnode d=0.00|CycleTurn w=-0.69<--0.07]
2026.03.16 18:30:00;DECISION;TP capped 0.00545 -> 0.00409 (3.0xATR)
2026.03.16 18:30:00;ERROR;limit SELL 0.24 @ 1.33 sl=1.33 tp=1.32 rc=10015 [WT|CHOCH|0.75|RL]
2026.03.16 18:45:00;ORDER;filled SELL 0.33 lots sl=1.33 tp=1.33 [WT|CHOCH|0.75]
2026.03.16 18:45:00;RISK;sizing: vol_ratio=1.31 scalar=0.77 gap_buf=0.00059 eff_stop=0.00232
2026.03.16 18:45:00;ORDER;entry fill deal #75 SELL 0.33 @ 1.33001
2026.03.16 19:05:40;RISK;deal closed pnl=-57.09 streak=1 lock=0
2026.03.16 20:30:00;DECISION;setup LONG score=0.60 entry=1.33 inv=1.33 tgt=0.00 AWAIT-RETEST [CHoCH long lvl=1.33|RelVol=1.43|Retest@1.33|VWAPside|CycleTurn w=-0.74<--1.00]
2026.03.16 22:30:00;VETO;authorization denied: outside session window (server hour 22, window 12-20)
2026.03.16 22:45:00;VETO;authorization denied: outside session window (server hour 22, window 12-20)
2026.03.16 23:00:00;VETO;authorization denied: outside session window (server hour 23, window 12-20)
2026.03.16 23:15:30;VETO;authorization denied: outside session window (server hour 23, window 12-20)
2026.03.17 00:45:00;VETO;signal rejected: volume: relVol 0.48 < 1.00
2026.03.17 08:00:00;DECISION;setup SHORT score=0.85 entry=1.33 inv=1.33 tgt=0.00 AWAIT-RETEST [BOS short lvl=1.33|RelVol=1.72|Retest@1.33|VPnode d=0.00|VWAPside|CycleTurn w=0.59<-0.98]
2026.03.17 09:30:00;VETO;authorization denied: outside session window (server hour 09, window 12-20)
2026.03.17 09:45:00;VETO;authorization denied: outside session window (server hour 09, window 12-20)
2026.03.17 10:00:00;VETO;authorization denied: outside session window (server hour 10, window 12-20)
2026.03.17 10:15:00;VETO;authorization denied: outside session window (server hour 10, window 12-20)
2026.03.17 10:45:00;DECISION;setup LONG score=0.65 entry=1.33 inv=1.33 tgt=0.00 AWAIT-RETEST [CHoCH long lvl=1.33|RelVol=1.58|Retest@1.33|VPnode d=0.00|VWAPside]
2026.03.17 14:00:00;VETO;outlier bar masked, z=4.1
2026.03.17 14:15:00;VETO;outlier bar masked, z=4.1
2026.03.17 15:15:00;DECISION;setup LONG score=0.60 entry=1.33 inv=1.33 tgt=0.00 AWAIT-RETEST [CHoCH long lvl=1.33|RelVol=1.16|Retest@1.33|VWAPside|CycleTurn w=-0.92<--1.00]
2026.03.17 15:15:00;DECISION;TP capped 0.00621 -> 0.00466 (3.0xATR)
2026.03.17 15:15:00;ORDER;limit BUY 0.19 @ 1.33 sl=1.33 tp=1.34 rc=10009 [WT|CHOCH|0.60|RL]
2026.03.17 15:15:00;RISK;sizing: vol_ratio=1.36 scalar=0.73 gap_buf=0.00061 eff_stop=0.00371
2026.03.17 16:00:40;ORDER;entry fill deal #77 BUY 0.19 @ 1.33422
2026.03.17 20:00:00;VETO;signal rejected: volume: relVol 0.77 < 1.00
2026.03.18 00:15:00;DECISION;setup LONG score=0.85 entry=1.34 inv=1.33 tgt=0.00 [BOS long lvl=1.34|RelVol=1.75|VPnode d=0.00|VWAPside|CycleTurn w=-0.98<--0.99]
2026.03.18 00:15:00;VETO;authorization denied: outside session window (server hour 00, window 12-20)
2026.03.18 00:30:00;VETO;authorization denied: outside session window (server hour 00, window 12-20)
2026.03.18 00:45:00;VETO;authorization denied: outside session window (server hour 00, window 12-20)
2026.03.18 01:00:00;VETO;authorization denied: outside session window (server hour 01, window 12-20)
2026.03.18 02:30:00;DECISION;setup SHORT score=0.65 entry=1.34 inv=1.34 tgt=0.00 AWAIT-RETEST [CHoCH short lvl=1.34|RelVol=1.27|Retest@1.34|StopFloored|VPnode d=0.00|VWAPside]
2026.03.18 02:45:00;VETO;authorization denied: outside session window (server hour 02, window 12-20)
2026.03.18 03:00:00;VETO;authorization denied: outside session window (server hour 03, window 12-20)
2026.03.18 03:15:00;VETO;authorization denied: outside session window (server hour 03, window 12-20)
2026.03.18 03:30:00;VETO;authorization denied: outside session window (server hour 03, window 12-20)
2026.03.18 06:00:00;VETO;signal rejected: volume: relVol 0.48 < 1.00
2026.03.18 08:20:40;MANAGE;#77 SL 1.33 -> 1.33 breakeven
2026.03.18 08:20:40;MANAGE;#77 partial close 0.09 of 0.19 lots
2026.03.18 08:20:40;RISK;deal closed pnl=28.15 streak=0 lock=0
2026.03.18 08:20:59;MANAGE;#77 SL 1.33 -> 1.34 trail
2026.03.18 08:30:00;MANAGE;#77 SL 1.34 -> 1.34 trail
2026.03.18 08:38:40;RISK;deal closed pnl=24.48 streak=0 lock=0
2026.03.18 10:30:00;VETO;signal rejected: volume: relVol 0.70 < 1.00
2026.03.18 13:15:00;VETO;signal rejected: volume: relVol 0.65 < 1.00
2026.03.18 13:30:00;VETO;outlier bar masked, z=4.6
2026.03.18 14:15:00;VETO;outlier bar masked, z=3.6
2026.03.18 14:30:00;DECISION;setup SHORT score=0.70 entry=1.33 inv=1.34 tgt=0.00 AWAIT-RETEST [CHoCH short lvl=1.33|RelVol=1.76|Retest@1.33|VPnear|VWAPside|CycleTurn w=-0.15<-0.97]
2026.03.18 14:30:00;DECISION;TP capped 0.00649 -> 0.00487 (3.0xATR)
2026.03.18 14:30:00;ORDER;limit SELL 0.17 @ 1.33 sl=1.34 tp=1.33 rc=10009 [WT|CHOCH|0.70|RL]
2026.03.18 14:30:00;RISK;sizing: vol_ratio=1.48 scalar=0.64 gap_buf=0.00057 eff_stop=0.00381
2026.03.18 16:15:00;VETO;outlier bar masked, z=6.6
2026.03.18 17:00:00;ORDER;cancelled 1 pending: setup expired/invalidated
2026.03.18 19:45:00;VETO;signal rejected: volume: relVol 0.95 < 1.00
2026.03.18 20:45:00;VETO;outlier bar masked, z=3.7
2026.03.19 00:15:00;DECISION;setup SHORT score=0.75 entry=1.33 inv=1.34 tgt=0.00 [BOS short lvl=1.33|RelVol=1.15|VPnode d=0.00|VWAPside|ADX=40]
2026.03.19 00:15:00;VETO;authorization denied: outside session window (server hour 00, window 12-20)
2026.03.19 00:30:00;VETO;authorization denied: outside session window (server hour 00, window 12-20)
2026.03.19 00:45:00;VETO;authorization denied: outside session window (server hour 00, window 12-20)
2026.03.19 01:00:00;VETO;authorization denied: outside session window (server hour 01, window 12-20)
2026.03.19 02:15:00;DECISION;setup LONG score=0.65 entry=1.33 inv=1.33 tgt=0.00 AWAIT-RETEST [CHoCH long lvl=1.33|RelVol=1.01|Retest@1.33|VPnode d=0.00|VWAPside]
2026.03.19 02:30:00;VETO;authorization denied: outside session window (server hour 02, window 12-20)
2026.03.19 02:45:00;VETO;authorization denied: outside session window (server hour 02, window 12-20)
2026.03.19 03:00:00;VETO;authorization denied: outside session window (server hour 03, window 12-20)
2026.03.19 03:15:00;VETO;authorization denied: outside session window (server hour 03, window 12-20)
2026.03.19 06:15:00;VETO;signal rejected: volume: relVol 0.86 < 1.00
2026.03.19 07:45:00;DECISION;setup SHORT score=0.60 entry=1.33 inv=1.33 tgt=0.00 [BOS short lvl=1.33|RelVol=1.04|VPnear|VWAPside|ADX=52]
2026.03.19 07:45:00;VETO;authorization denied: outside session window (server hour 07, window 12-20)
2026.03.19 08:00:00;VETO;authorization denied: outside session window (server hour 08, window 12-20)
2026.03.19 08:15:00;VETO;authorization denied: outside session window (server hour 08, window 12-20)
2026.03.19 08:30:00;VETO;authorization denied: outside session window (server hour 08, window 12-20)
2026.03.19 10:45:00;DECISION;setup SHORT score=0.75 entry=1.32 inv=1.33 tgt=0.00 [BOS short lvl=1.33|RelVol=1.46|VPnode d=0.00|VWAPside|ADX=44]
2026.03.19 10:45:00;VETO;authorization denied: outside session window (server hour 10, window 12-20)
2026.03.19 11:00:00;VETO;authorization denied: outside session window (server hour 11, window 12-20)
2026.03.19 11:15:00;VETO;authorization denied: outside session window (server hour 11, window 12-20)
2026.03.19 11:30:00;VETO;authorization denied: outside session window (server hour 11, window 12-20)
2026.03.19 12:00:00;DECISION;setup LONG score=0.85 entry=1.33 inv=1.32 tgt=0.00 AWAIT-RETEST [CHoCH long lvl=1.33|RelVol=2.41|Retest@1.33|VPnode d=0.00|VWAPside|CycleTurn w=0.49<--0.57]
2026.03.19 12:00:00;DECISION;TP capped 0.00631 -> 0.00473 (3.0xATR)
2026.03.19 12:00:00;ORDER;limit BUY 0.20 @ 1.33 sl=1.32 tp=1.33 rc=10009 [WT|CHOCH|0.85|RL]
2026.03.19 12:00:00;RISK;sizing: vol_ratio=1.30 scalar=0.78 gap_buf=0.00069 eff_stop=0.00385
2026.03.19 12:20:40;ORDER;entry fill deal #80 BUY 0.20 @ 1.32772
2026.03.19 14:00:00;DECISION;setup LONG score=0.65 entry=1.33 inv=1.32 tgt=0.00 [BOS long lvl=1.33|RelVol=1.14|VPnode d=0.00|VWAPside]
2026.03.19 14:00:00;DECISION;TP capped 0.00934 -> 0.00700 (3.0xATR)
2026.03.19 14:00:00;VETO;risk veto: max positions
2026.03.19 14:00:40;MANAGE;#81 SL 1.32 -> 1.33 breakeven
2026.03.19 14:00:40;MANAGE;#81 partial close 0.10 of 0.20 lots
2026.03.19 14:00:40;RISK;deal closed pnl=32.40 streak=0 lock=0
2026.03.19 14:07:40;MANAGE;#81 SL 1.33 -> 1.33 trail
2026.03.19 14:26:40;RISK;deal closed pnl=6.80 streak=0 lock=0
2026.03.19 15:30:00;VETO;outlier bar masked, z=3.5
2026.03.19 15:45:00;VETO;outlier bar masked, z=3.6
2026.03.19 16:00:00;VETO;outlier bar masked, z=9.7
2026.03.19 16:15:00;VETO;outlier bar masked, z=4.4
2026.03.19 17:15:00;VETO;outlier bar masked, z=4.0
2026.03.19 19:30:00;VETO;signal rejected: score 0.50 < 0.55 [BOS long lvl=1.34|RelVol=1.33|VWAPside|ADX=35]
2026.03.19 21:00:00;VETO;signal rejected: score 0.50 < 0.55 [BOS long lvl=1.34|RelVol=1.16|VWAPside|ADX=42]
2026.03.19 21:15:00;VETO;outlier bar masked, z=6.3
2026.03.19 21:30:00;VETO;outlier bar masked, z=3.9
2026.03.20 04:00:00;VETO;signal rejected: volume: relVol 0.81 < 1.00
2026.03.20 10:15:00;VETO;signal rejected: volume: relVol 0.93 < 1.00
2026.03.20 12:00:00;VETO;signal rejected: score 0.50 < 0.55 [CHoCH short lvl=1.34|RelVol=1.56|Retest@1.34|VPnear|VWAPside]
2026.03.20 16:00:00;VETO;signal rejected: score 0.50 < 0.55 [BOS short lvl=1.34|RelVol=1.43|Retest@1.34|VWAPside|ADX=32]
2026.03.20 18:00:00;VETO;signal rejected: score 0.50 < 0.55 [BOS short lvl=1.33|RelVol=1.23|VWAPside|ADX=40]
2026.03.23 00:15:00;VETO;outlier bar masked, z=4.7
2026.03.23 03:45:00;DECISION;setup LONG score=0.85 entry=1.33 inv=1.33 tgt=0.00 AWAIT-RETEST [CHoCH long lvl=1.33|RelVol=1.91|Retest@1.33|VPnode d=0.00|VWAPside|CycleTurn w=0.71<-0.63]
2026.03.23 04:00:00;VETO;authorization denied: outside session window (server hour 04, window 12-20)
2026.03.23 04:15:00;VETO;authorization denied: outside session window (server hour 04, window 12-20)
2026.03.23 04:30:00;VETO;authorization denied: outside session window (server hour 04, window 12-20)
2026.03.23 04:45:00;VETO;authorization denied: outside session window (server hour 04, window 12-20)
2026.03.23 07:30:00;DECISION;setup SHORT score=0.65 entry=1.33 inv=1.33 tgt=0.00 AWAIT-RETEST [CHoCH short lvl=1.33|RelVol=1.17|Retest@1.33|VPnode d=0.00|VWAPside]
2026.03.23 07:45:00;VETO;authorization denied: outside session window (server hour 07, window 12-20)
2026.03.23 08:00:00;VETO;authorization denied: outside session window (server hour 08, window 12-20)
2026.03.23 08:15:00;VETO;authorization denied: outside session window (server hour 08, window 12-20)
2026.03.23 08:30:00;VETO;authorization denied: outside session window (server hour 08, window 12-20)
2026.03.23 10:30:00;DECISION;setup LONG score=0.85 entry=1.33 inv=1.33 tgt=0.00 AWAIT-RETEST [CHoCH long lvl=1.33|RelVol=1.66|Retest@1.33|VPnode d=0.00|VWAPside|CycleTurn w=0.59<--0.46]
2026.03.23 10:45:00;VETO;authorization denied: outside session window (server hour 10, window 12-20)
2026.03.23 11:00:00;VETO;authorization denied: outside session window (server hour 11, window 12-20)
2026.03.23 11:15:00;VETO;authorization denied: outside session window (server hour 11, window 12-20)
2026.03.23 11:30:00;VETO;authorization denied: outside session window (server hour 11, window 12-20)
2026.03.23 11:45:00;DECISION;setup SHORT score=0.70 entry=1.33 inv=1.33 tgt=0.00 AWAIT-RETEST [CHoCH short lvl=1.33|RelVol=1.42|Retest@1.33|VPnear|VWAPside|CycleTurn w=0.83<-0.97]
2026.03.23 13:00:00;DECISION;TP capped 0.01370 -> 0.01028 (3.0xATR)
2026.03.23 13:00:00;ORDER;filled SELL 0.10 lots sl=1.33 tp=1.32 [WT|CHOCH|0.70]
2026.03.23 13:00:00;RISK;sizing: vol_ratio=1.32 scalar=0.76 gap_buf=0.00090 eff_stop=0.00775
2026.03.23 13:00:00;ORDER;entry fill deal #83 SELL 0.10 @ 1.32624
2026.03.23 13:05:40;RISK;deal closed pnl=-68.50 streak=1 lock=0
2026.03.23 13:15:00;VETO;outlier bar masked, z=29.4
2026.03.23 13:30:00;VETO;outlier bar masked, z=9.9
2026.03.23 13:45:00;VETO;outlier bar masked, z=3.9
2026.03.23 14:00:00;VETO;outlier bar masked, z=4.6
2026.03.23 14:15:00;VETO;outlier bar masked, z=3.7
2026.03.23 14:45:00;VETO;outlier bar masked, z=6.6
2026.03.23 16:30:00;VETO;outlier bar masked, z=5.1
2026.03.23 18:00:00;DECISION;setup SHORT score=0.60 entry=1.34 inv=1.35 tgt=0.00 AWAIT-RETEST [CHoCH short lvl=1.34|RelVol=2.03|Retest@1.34|VPnear|CycleTurn w=0.18<-0.86]
2026.03.23 18:00:00;DECISION;TP capped 0.01946 -> 0.01460 (3.0xATR)
2026.03.23 18:00:00;ERROR;limit SELL 0.05 @ 1.34 sl=1.35 tp=1.32 rc=10015 [WT|CHOCH|0.60|RL]
2026.03.23 18:15:00;DECISION;TP capped 0.01798 -> 0.01349 (3.0xATR)
2026.03.23 18:15:00;ORDER;filled SELL 0.06 lots sl=1.35 tp=1.33 [WT|CHOCH|0.60]
2026.03.23 18:15:00;RISK;sizing: vol_ratio=1.42 scalar=0.69 gap_buf=0.00131 eff_stop=0.01030
2026.03.23 18:15:00;ORDER;entry fill deal #85 SELL 0.06 @ 1.33891
2026.03.24 00:15:00;VETO;signal rejected: volume: relVol 0.79 < 1.00
2026.03.24 02:15:00;DECISION;setup SHORT score=0.65 entry=1.34 inv=1.34 tgt=0.00 AWAIT-RETEST [CHoCH short lvl=1.34|RelVol=1.20|Retest@1.34|VPnode d=0.00|VWAPside]
2026.03.24 09:15:00;VETO;signal rejected: score 0.50 < 0.55 [CHoCH long lvl=1.34|RelVol=1.65|Retest@1.34|VPnear|VWAPside]
2026.03.24 15:15:00;DECISION;setup SHORT score=0.65 entry=1.34 inv=1.34 tgt=0.00 AWAIT-RETEST [CHoCH short lvl=1.34|RelVol=1.55|Retest@1.34|VPnode d=0.00|VWAPside]
2026.03.24 15:15:00;VETO;retest limit risk veto: max positions
2026.03.24 16:00:00;DECISION;TP capped 0.00762 -> 0.00572 (3.0xATR)
2026.03.24 16:00:00;VETO;risk veto: max positions
2026.03.24 17:00:00;VETO;outlier bar masked, z=4.0
2026.03.24 19:15:00;VETO;outlier bar masked, z=3.8
2026.03.24 22:30:00;VETO;outlier bar masked, z=7.2
2026.03.25 02:45:00;DECISION;setup LONG score=0.60 entry=1.34 inv=1.34 tgt=0.00 [BOS long lvl=1.34|RelVol=1.27|VPnear|VWAPside|ADX=31]
2026.03.25 02:45:00;VETO;authorization denied: outside session window (server hour 02, window 12-20)
2026.03.25 03:00:00;VETO;authorization denied: outside session window (server hour 03, window 12-20)
2026.03.25 03:15:00;VETO;authorization denied: outside session window (server hour 03, window 12-20)
2026.03.25 03:30:00;VETO;authorization denied: outside session window (server hour 03, window 12-20)
2026.03.25 04:15:00;DECISION;setup SHORT score=0.85 entry=1.34 inv=1.34 tgt=0.00 AWAIT-RETEST [CHoCH short lvl=1.34|RelVol=1.08|Retest@1.34|VPnode d=0.00|VWAPside|CycleTurn w=-0.65<-0.24]
2026.03.25 04:30:00;VETO;authorization denied: outside session window (server hour 04, window 12-20)
2026.03.25 04:45:00;VETO;authorization denied: outside session window (server hour 04, window 12-20)
2026.03.25 05:00:00;VETO;authorization denied: outside session window (server hour 05, window 12-20)
2026.03.25 05:15:00;VETO;authorization denied: outside session window (server hour 05, window 12-20)
2026.03.25 15:30:00;VETO;signal rejected: volume: relVol 0.64 < 1.00
2026.03.25 21:15:00;VETO;signal rejected: volume: relVol 0.81 < 1.00
2026.03.25 22:30:00;VETO;signal rejected: volume: relVol 0.38 < 1.00
2026.03.26 02:45:00;VETO;signal rejected: volume: relVol 0.44 < 1.00
2026.03.26 04:45:00;VETO;signal rejected: volume: relVol 0.70 < 1.00
2026.03.26 10:15:00;VETO;signal rejected: volume: relVol 0.72 < 1.00
2026.03.26 13:45:00;VETO;signal rejected: volume: relVol 0.62 < 1.00
2026.03.26 15:45:00;VETO;signal rejected: volume: relVol 0.87 < 1.00
2026.03.26 19:45:00;VETO;signal rejected: volume: relVol 0.78 < 1.00
2026.03.26 22:00:00;VETO;signal rejected: volume: relVol 0.75 < 1.00
2026.03.26 22:15:00;VETO;outlier bar masked, z=11.5
2026.03.27 03:45:00;VETO;signal rejected: volume: relVol 0.62 < 1.00
2026.03.27 09:00:00;VETO;signal rejected: volume: relVol 0.90 < 1.00
2026.03.27 13:00:00;VETO;signal rejected: volume: relVol 0.84 < 1.00
2026.03.27 13:38:40;MANAGE;#86 SL 1.35 -> 1.34 breakeven
2026.03.27 13:38:40;MANAGE;#86 partial close 0.03 of 0.06 lots
2026.03.27 13:38:40;RISK;deal closed pnl=26.78 streak=0 lock=0
2026.03.27 13:38:59;MANAGE;#86 SL 1.34 -> 1.33 trail
2026.03.27 13:42:40;MANAGE;#86 SL 1.33 -> 1.33 trail
2026.03.27 13:45:40;MANAGE;#86 SL 1.33 -> 1.33 trail
2026.03.27 13:46:40;MANAGE;#86 SL 1.33 -> 1.33 trail
2026.03.27 13:48:40;MANAGE;#86 SL 1.33 -> 1.33 trail
2026.03.27 13:49:40;MANAGE;#86 SL 1.33 -> 1.33 trail
2026.03.27 13:50:40;MANAGE;#86 SL 1.33 -> 1.33 trail
2026.03.27 13:57:40;MANAGE;#86 SL 1.33 -> 1.33 trail
2026.03.27 13:59:40;MANAGE;#86 SL 1.33 -> 1.33 trail
2026.03.27 14:01:40;MANAGE;#86 SL 1.33 -> 1.33 trail
2026.03.27 14:03:00;MANAGE;#86 SL 1.33 -> 1.33 trail
2026.03.27 14:03:20;MANAGE;#86 SL 1.33 -> 1.33 trail
2026.03.27 14:06:40;MANAGE;#86 SL 1.33 -> 1.33 trail
2026.03.27 14:17:20;MANAGE;#86 SL 1.33 -> 1.33 trail
2026.03.27 14:34:40;MANAGE;#86 SL 1.33 -> 1.33 trail
2026.03.27 15:25:20;RISK;deal closed pnl=29.55 streak=0 lock=0
2026.03.27 17:30:00;DECISION;setup LONG score=0.65 entry=1.33 inv=1.33 tgt=0.00 AWAIT-RETEST [CHoCH long lvl=1.33|RelVol=1.18|Retest@1.33|VPnode d=0.00|VWAPside]
2026.03.27 17:30:00;DECISION;TP capped 0.00988 -> 0.00741 (3.0xATR)
2026.03.27 17:30:00;ORDER;limit BUY 0.15 @ 1.33 sl=1.33 tp=1.34 rc=10009 [WT|CHOCH|0.65|RL]
2026.03.27 17:30:00;RISK;sizing: vol_ratio=1.25 scalar=0.81 gap_buf=0.00056 eff_stop=0.00550
2026.03.27 17:40:40;ORDER;entry fill deal #88 BUY 0.15 @ 1.33212
2026.03.27 18:00:00;VETO;outlier bar masked, z=7.3
2026.03.27 19:12:40;RISK;deal closed pnl=-74.10 streak=1 lock=0
2026.03.27 19:30:00;VETO;signal rejected: volume: relVol 0.65 < 1.00
2026.03.30 00:00:00;VETO;signal rejected: volume: relVol 0.95 < 1.00
2026.03.30 01:15:00;VETO;outlier bar masked, z=6.0
2026.03.30 03:30:00;VETO;outlier bar masked, z=4.9
2026.03.30 06:15:00;DECISION;setup LONG score=0.65 entry=1.33 inv=1.32 tgt=0.00 [BOS long lvl=1.33|RelVol=1.52|VPnode d=0.00|VWAPside]
2026.03.30 06:15:00;VETO;authorization denied: outside session window (server hour 06, window 12-20)
2026.03.30 06:30:00;VETO;authorization denied: outside session window (server hour 06, window 12-20)
2026.03.30 06:45:00;VETO;authorization denied: outside session window (server hour 06, window 12-20)
2026.03.30 07:00:00;VETO;authorization denied: outside session window (server hour 07, window 12-20)
2026.03.30 09:45:00;VETO;signal rejected: volume: relVol 0.53 < 1.00
2026.03.30 10:00:00;VETO;signal rejected: volume: relVol 0.52 < 1.00
2026.03.30 14:30:00;VETO;outlier bar masked, z=4.2
2026.03.30 15:15:00;VETO;signal rejected: volume: relVol 0.48 < 1.00
2026.03.30 16:45:00;VETO;outlier bar masked, z=9.8
2026.03.30 18:00:00;VETO;outlier bar masked, z=3.7
2026.03.30 18:15:00;VETO;outlier bar masked, z=4.3
2026.03.30 22:15:00;DECISION;setup SHORT score=0.70 entry=1.32 inv=1.32 tgt=0.00 [BOS short lvl=1.32|RelVol=1.30|VPnear|VWAPside|CycleTurn w=0.99<-1.00]
2026.03.30 22:15:00;VETO;authorization denied: outside session window (server hour 22, window 12-20)
2026.03.30 22:30:00;VETO;authorization denied: outside session window (server hour 22, window 12-20)
2026.03.30 22:45:00;VETO;authorization denied: outside session window (server hour 22, window 12-20)
2026.03.30 23:00:00;VETO;authorization denied: outside session window (server hour 23, window 12-20)
2026.03.31 02:15:00;VETO;signal rejected: volume: relVol 0.49 < 1.00
2026.03.31 03:45:00;VETO;outlier bar masked, z=5.5
2026.03.31 08:00:00;VETO;signal rejected: volume: relVol 0.58 < 1.00
2026.03.31 09:30:00;VETO;signal rejected: volume: relVol 0.90 < 1.00
2026.03.31 11:45:00;VETO;signal rejected: volume: relVol 0.64 < 1.00
2026.03.31 14:30:00;VETO;outlier bar masked, z=4.2
2026.03.31 14:45:00;VETO;signal rejected: volume: relVol 0.65 < 1.00
2026.03.31 17:45:00;VETO;outlier bar masked, z=5.2
2026.03.31 18:00:00;VETO;outlier bar masked, z=12.7
2026.03.31 18:15:00;VETO;outlier bar masked, z=5.7
2026.03.31 19:45:00;VETO;outlier bar masked, z=8.2
2026.04.01 02:15:00;VETO;signal rejected: volume: relVol 0.25 < 1.00
2026.04.01 08:15:00;VETO;signal rejected: volume: relVol 0.63 < 1.00
2026.04.01 11:45:00;VETO;signal rejected: volume: relVol 0.90 < 1.00
2026.04.01 13:15:00;VETO;signal rejected: volume: relVol 0.66 < 1.00
2026.04.01 18:00:00;VETO;signal rejected: volume: relVol 0.99 < 1.00
2026.04.01 20:00:00;VETO;signal rejected: volume: relVol 0.53 < 1.00
2026.04.01 21:15:00;DECISION;setup SHORT score=0.75 entry=1.33 inv=1.33 tgt=0.00 AWAIT-RETEST [CHoCH short lvl=1.33|RelVol=1.17|Retest@1.33|VPnode d=0.00|CycleTurn w=-0.73<--0.39]
2026.04.02 04:00:00;VETO;signal rejected: volume: relVol 0.92 < 1.00
2026.04.02 04:15:00;VETO;outlier bar masked, z=4.7
2026.04.02 04:30:00;VETO;outlier bar masked, z=5.9
2026.04.02 11:45:00;VETO;signal rejected: volume: relVol 0.71 < 1.00
2026.04.02 15:15:00;VETO;signal rejected: volume: relVol 0.71 < 1.00
2026.04.02 17:00:00;VETO;signal rejected: volume: relVol 0.81 < 1.00
2026.04.02 17:45:00;VETO;outlier bar masked, z=6.6
2026.04.02 21:00:00;VETO;signal rejected: volume: relVol 0.79 < 1.00
2026.04.03 00:15:00;VETO;signal rejected: volume: relVol 0.18 < 1.00
2026.04.03 02:45:00;VETO;signal rejected: volume: relVol 0.10 < 1.00
2026.04.03 08:15:00;VETO;signal rejected: volume: relVol 0.16 < 1.00
2026.04.03 09:00:00;VETO;signal rejected: volume: relVol 0.27 < 1.00
2026.04.03 10:30:00;VETO;signal rejected: volume: relVol 0.20 < 1.00
2026.04.03 13:45:00;VETO;signal rejected: volume: relVol 0.09 < 1.00
2026.04.03 15:45:00;VETO;outlier bar masked, z=6.8
2026.04.03 18:15:00;VETO;signal rejected: volume: relVol 0.28 < 1.00
2026.04.03 21:45:00;VETO;signal rejected: volume: relVol 0.11 < 1.00
2026.04.03 23:15:00;VETO;outlier bar masked, z=6.7
2026.04.03 23:45:00;DECISION;setup SHORT score=0.65 entry=1.32 inv=1.32 tgt=0.00 [BOS short lvl=1.32|RelVol=1.12|VPnode d=0.00|VWAPside]
2026.04.03 23:45:00;VETO;authorization denied: outside session window (server hour 23, window 12-20)
2026.04.06 00:00:00;VETO;outlier bar masked, z=5.4
2026.04.06 00:15:00;VETO;outlier bar masked, z=5.3
2026.04.06 00:30:00;VETO;authorization denied: outside session window (server hour 00, window 12-20)
2026.04.06 00:45:00;VETO;authorization denied: outside session window (server hour 00, window 12-20)
2026.04.06 01:00:00;VETO;authorization denied: outside session window (server hour 01, window 12-20)
2026.04.06 01:15:00;VETO;outlier bar masked, z=4.9
2026.04.06 03:30:00;DECISION;setup LONG score=0.65 entry=1.32 inv=1.32 tgt=0.00 AWAIT-RETEST [CHoCH long lvl=1.32|RelVol=1.05|Retest@1.32|VPnode d=0.00|VWAPside]
2026.04.06 03:45:00;VETO;authorization denied: outside session window (server hour 03, window 12-20)
2026.04.06 04:00:00;VETO;authorization denied: outside session window (server hour 04, window 12-20)
2026.04.06 04:15:00;VETO;authorization denied: outside session window (server hour 04, window 12-20)
2026.04.06 04:30:00;VETO;authorization denied: outside session window (server hour 04, window 12-20)
2026.04.06 05:15:00;VETO;outlier bar masked, z=6.3
2026.04.06 10:00:00;VETO;outlier bar masked, z=4.7
2026.04.06 10:45:00;VETO;outlier bar masked, z=5.9
2026.04.06 11:00:00;VETO;outlier bar masked, z=8.6
2026.04.06 11:15:00;VETO;outlier bar masked, z=3.8
2026.04.06 13:00:00;VETO;outlier bar masked, z=3.7
2026.04.06 14:00:00;VETO;outlier bar masked, z=4.4
2026.04.06 14:15:00;VETO;signal rejected: volume: relVol 0.37 < 1.00
2026.04.06 17:00:00;VETO;signal rejected: volume: relVol 0.34 < 1.00
2026.04.06 17:15:00;VETO;outlier bar masked, z=7.0
2026.04.06 17:30:00;VETO;outlier bar masked, z=4.0
2026.04.06 17:45:00;VETO;outlier bar masked, z=6.4
2026.04.06 18:00:00;VETO;outlier bar masked, z=8.0
2026.04.06 18:15:00;VETO;signal rejected: volume: relVol 0.86 < 1.00
2026.04.06 20:15:00;VETO;outlier bar masked, z=4.0
2026.04.06 20:30:00;VETO;outlier bar masked, z=3.7
2026.04.06 21:30:00;VETO;signal rejected: volume: relVol 0.73 < 1.00
2026.04.07 04:15:00;DECISION;setup SHORT score=0.70 entry=1.32 inv=1.32 tgt=0.00 AWAIT-RETEST [CHoCH short lvl=1.32|RelVol=1.17|Retest@1.32|VPnear|VWAPside|CycleTurn w=0.14<-0.80]
2026.04.07 04:30:00;VETO;authorization denied: outside session window (server hour 04, window 12-20)
2026.04.07 04:45:00;VETO;authorization denied: outside session window (server hour 04, window 12-20)
2026.04.07 05:00:00;VETO;authorization denied: outside session window (server hour 05, window 12-20)
2026.04.07 05:15:00;VETO;authorization denied: outside session window (server hour 05, window 12-20)
2026.04.07 09:30:00;VETO;outlier bar masked, z=3.6
2026.04.07 11:15:00;VETO;outlier bar masked, z=9.1
2026.04.07 11:45:00;VETO;outlier bar masked, z=4.8
2026.04.07 13:15:00;VETO;outlier bar masked, z=4.2
2026.04.07 13:30:00;VETO;outlier bar masked, z=5.4
2026.04.07 16:00:00;VETO;outlier bar masked, z=3.8
2026.04.07 20:45:00;VETO;signal rejected: volume: relVol 0.86 < 1.00
2026.04.07 22:30:00;VETO;signal rejected: score 0.50 < 0.55 [BOS long lvl=1.33|RelVol=2.59|VPnear|VWAPside]
2026.04.08 01:15:00;VETO;signal rejected: score 0.50 < 0.55 [BOS long lvl=1.33|RelVol=1.20|Retest@1.33|VPnear|VWAPside]
2026.04.08 01:45:00;VETO;outlier bar masked, z=12.7
2026.04.08 02:00:00;VETO;outlier bar masked, z=3.5
2026.04.08 02:30:00;VETO;outlier bar masked, z=3.8
2026.04.08 04:30:00;DECISION;setup LONG score=0.75 entry=1.34 inv=1.33 tgt=0.00 [BOS long lvl=1.34|RelVol=1.83|VPnode d=0.00|VWAPside|ADX=54]
2026.04.08 04:30:00;VETO;authorization denied: outside session window (server hour 04, window 12-20)
2026.04.08 04:45:00;VETO;authorization denied: outside session window (server hour 04, window 12-20)
2026.04.08 05:00:00;VETO;authorization denied: outside session window (server hour 05, window 12-20)
2026.04.08 05:15:00;VETO;authorization denied: outside session window (server hour 05, window 12-20)
2026.04.08 08:00:00;DECISION;setup LONG score=0.95 entry=1.34 inv=1.34 tgt=0.00 [BOS long lvl=1.34|RelVol=1.38|VPnode d=0.00|VWAPside|CycleTurn w=-0.98<--0.99|ADX=36]
2026.04.08 08:00:00;VETO;authorization denied: outside session window (server hour 08, window 12-20)
2026.04.08 08:15:00;VETO;authorization denied: outside session window (server hour 08, window 12-20)
2026.04.08 08:30:00;VETO;authorization denied: outside session window (server hour 08, window 12-20)
2026.04.08 08:45:00;VETO;authorization denied: outside session window (server hour 08, window 12-20)
2026.04.08 12:15:00;VETO;signal rejected: volume: relVol 0.98 < 1.00
2026.04.08 14:00:00;VETO;signal rejected: volume: relVol 0.54 < 1.00
2026.04.08 16:45:00;DECISION;setup SHORT score=0.75 entry=1.34 inv=1.35 tgt=0.00 AWAIT-RETEST [CHoCH short lvl=1.35|RelVol=1.23|Retest@1.34|VPnode d=0.00|CycleTurn w=0.61<-0.95]
2026.04.08 16:45:00;DECISION;TP capped 0.00715 -> 0.00536 (3.0xATR)
2026.04.08 16:45:00;ORDER;limit SELL 0.22 @ 1.34 sl=1.35 tp=1.34 rc=10009 [WT|CHOCH|0.75|RL]
2026.04.08 16:45:00;RISK;sizing: vol_ratio=1.07 scalar=0.95 gap_buf=0.00071 eff_stop=0.00428
2026.04.08 16:46:40;ORDER;entry fill deal #90 SELL 0.22 @ 1.34484
2026.04.08 18:15:00;VETO;signal rejected: volume: relVol 0.95 < 1.00
2026.04.08 19:15:00;DECISION;setup SHORT score=0.65 entry=1.34 inv=1.35 tgt=0.00 [BOS short lvl=1.34|RelVol=1.00|VPnode d=0.00|ADX=33]
2026.04.08 19:15:00;DECISION;TP capped 0.01144 -> 0.00858 (3.0xATR)
2026.04.08 19:15:00;VETO;risk veto: max positions
2026.04.08 20:27:40;MANAGE;#91 SL 1.35 -> 1.34 breakeven
2026.04.08 20:27:40;MANAGE;#91 partial close 0.11 of 0.22 lots
2026.04.08 20:27:40;RISK;deal closed pnl=39.49 streak=0 lock=0
2026.04.08 20:27:59;MANAGE;#91 SL 1.34 -> 1.34 trail
2026.04.08 20:37:40;MANAGE;#91 SL 1.34 -> 1.34 trail
2026.04.08 21:18:40;MANAGE;#91 SL 1.34 -> 1.34 trail
2026.04.08 21:19:40;MANAGE;#91 SL 1.34 -> 1.34 trail
2026.04.08 21:22:40;MANAGE;#91 SL 1.34 -> 1.34 trail
2026.04.08 21:25:40;MANAGE;#91 SL 1.34 -> 1.34 trail
2026.04.08 21:27:40;MANAGE;#91 SL 1.34 -> 1.34 trail
2026.04.08 21:33:40;MANAGE;#91 SL 1.34 -> 1.34 trail
2026.04.08 21:39:40;MANAGE;#91 SL 1.34 -> 1.34 trail
2026.04.08 21:41:40;RISK;deal closed pnl=58.96 streak=0 lock=0
2026.04.09 03:00:00;VETO;signal rejected: volume: relVol 0.53 < 1.00
2026.04.09 04:30:00;VETO;signal rejected: volume: relVol 0.88 < 1.00
2026.04.09 07:15:00;VETO;signal rejected: score 0.50 < 0.55 [CHoCH long lvl=1.34|RelVol=1.09|Retest@1.34|VPnear|VWAPside]
2026.04.09 09:15:00;VETO;signal rejected: volume: relVol 0.56 < 1.00
2026.04.09 12:00:00;VETO;signal rejected: volume: relVol 0.80 < 1.00
2026.04.09 14:45:00;VETO;signal rejected: volume: relVol 0.56 < 1.00
2026.04.09 18:30:00;VETO;outlier bar masked, z=3.9
2026.04.09 18:45:00;VETO;outlier bar masked, z=3.7
2026.04.10 01:45:00;VETO;signal rejected: volume: relVol 0.87 < 1.00
2026.04.10 03:15:00;VETO;signal rejected: volume: relVol 0.57 < 1.00
2026.04.10 05:30:00;VETO;signal rejected: volume: relVol 0.75 < 1.00
2026.04.10 07:45:00;VETO;signal rejected: volume: relVol 0.46 < 1.00
2026.04.10 10:30:00;VETO;signal rejected: volume: relVol 0.55 < 1.00
2026.04.10 11:00:00;VETO;signal rejected: volume: relVol 0.52 < 1.00
2026.04.10 12:45:00;VETO;signal rejected: volume: relVol 0.95 < 1.00
2026.04.10 15:15:00;VETO;signal rejected: volume: relVol 0.45 < 1.00
2026.04.10 17:45:00;VETO;outlier bar masked, z=3.6
2026.04.10 19:45:00;VETO;signal rejected: volume: relVol 0.79 < 1.00
2026.04.13 00:15:00;VETO;outlier bar masked, z=22.6
2026.04.13 00:30:00;VETO;outlier bar masked, z=4.0
2026.04.13 07:15:00;VETO;signal rejected: volume: relVol 0.52 < 1.00
2026.04.13 09:15:00;VETO;signal rejected: volume: relVol 0.89 < 1.00
2026.04.13 10:15:00;VETO;signal rejected: volume: relVol 0.53 < 1.00
2026.04.13 14:00:00;VETO;signal rejected: volume: relVol 0.52 < 1.00
2026.04.13 15:00:00;VETO;signal rejected: volume: relVol 0.81 < 1.00
2026.04.13 16:30:00;VETO;signal rejected: volume: relVol 0.58 < 1.00
2026.04.13 19:45:00;DECISION;setup LONG score=0.70 entry=1.35 inv=1.34 tgt=0.00 AWAIT-RETEST [BOS long lvl=1.35|RelVol=1.49|Retest@1.35|VWAPside|CycleTurn w=-0.23<--0.81|ADX=43]
2026.04.13 19:45:00;DECISION;TP capped 0.00392 -> 0.00326 (3.0xATR)
2026.04.13 19:45:00;ORDER;limit BUY 0.30 @ 1.35 sl=1.34 tp=1.35 rc=10009 [WT|BOS|0.70|RL]
2026.04.13 19:45:00;RISK;sizing: vol_ratio=1.35 scalar=0.74 gap_buf=0.00054 eff_stop=0.00251
2026.04.13 22:00:00;ORDER;cancelled 1 pending: setup expired/invalidated
2026.04.14 01:15:00;VETO;signal rejected: volume: relVol 0.62 < 1.00
2026.04.14 02:15:00;VETO;signal rejected: volume: relVol 0.35 < 1.00
2026.04.14 04:45:00;VETO;signal rejected: volume: relVol 0.70 < 1.00
2026.04.14 07:30:00;VETO;signal rejected: volume: relVol 0.49 < 1.00
2026.04.14 10:00:00;DECISION;setup LONG score=0.80 entry=1.35 inv=1.35 tgt=0.00 [BOS long lvl=1.35|RelVol=1.02|VPnear|VWAPside|CycleTurn w=-0.93<--1.00|ADX=32]
2026.04.14 10:00:00;VETO;authorization denied: outside session window (server hour 10, window 12-20)
2026.04.14 10:15:00;VETO;authorization denied: outside session window (server hour 10, window 12-20)
2026.04.14 10:30:00;VETO;authorization denied: outside session window (server hour 10, window 12-20)
2026.04.14 10:45:00;VETO;authorization denied: outside session window (server hour 10, window 12-20)
2026.04.14 12:15:00;VETO;signal rejected: volume: relVol 0.90 < 1.00
2026.04.14 18:30:00;VETO;signal rejected: volume: relVol 0.89 < 1.00
2026.04.15 00:30:00;VETO;signal rejected: volume: relVol 0.23 < 1.00
2026.04.15 02:30:00;VETO;signal rejected: volume: relVol 0.24 < 1.00
2026.04.15 05:30:00;VETO;signal rejected: volume: relVol 0.73 < 1.00
2026.04.15 08:15:00;VETO;signal rejected: volume: relVol 0.97 < 1.00
2026.04.15 12:15:00;VETO;outlier bar masked, z=5.0
2026.04.15 16:30:00;VETO;signal rejected: volume: relVol 0.63 < 1.00
2026.04.15 23:30:00;VETO;signal rejected: volume: relVol 0.81 < 1.00
2026.04.16 05:45:00;DECISION;setup LONG score=0.85 entry=1.36 inv=1.36 tgt=0.00 AWAIT-RETEST [CHoCH long lvl=1.36|RelVol=1.08|Retest@1.36|VPnode d=0.00|VWAPside|CycleTurn w=-0.62<--0.94]
2026.04.16 11:00:00;VETO;signal rejected: volume: relVol 0.69 < 1.00
2026.04.16 17:30:00;VETO;outlier bar masked, z=6.5
2026.04.17 01:15:00;VETO;signal rejected: volume: relVol 0.41 < 1.00
2026.04.17 04:15:00;VETO;signal rejected: volume: relVol 0.69 < 1.00
2026.04.17 09:15:00;VETO;signal rejected: volume: relVol 0.88 < 1.00
2026.04.17 11:45:00;VETO;signal rejected: volume: relVol 0.69 < 1.00
2026.04.17 15:30:00;VETO;signal rejected: volume: relVol 0.94 < 1.00
2026.04.17 16:00:00;VETO;outlier bar masked, z=10.5
2026.04.17 16:15:00;VETO;outlier bar masked, z=4.5
2026.04.17 16:30:00;VETO;outlier bar masked, z=4.0
2026.04.17 17:00:00;VETO;outlier bar masked, z=4.0
2026.04.17 18:30:00;VETO;signal rejected: score 0.50 < 0.55 [CHoCH short lvl=1.36|RelVol=1.10|Retest@1.36|CycleTurn w=0.04<-0.81]
2026.04.17 20:45:00;VETO;signal rejected: score 0.50 < 0.55 [BOS short lvl=1.35|RelVol=1.07|StopFloored|VWAPside|ADX=33]
2026.04.17 22:00:00;VETO;signal rejected: score 0.50 < 0.55 [BOS short lvl=1.35|RelVol=1.29|VPnear|VWAPside]
2026.04.20 00:15:00;VETO;outlier bar masked, z=7.4
2026.04.20 03:30:00;VETO;signal rejected: volume: relVol 0.93 < 1.00
2026.04.20 06:45:00;DECISION;setup LONG score=0.60 entry=1.35 inv=1.35 tgt=0.00 [BOS long lvl=1.35|RelVol=1.08|VPnear|VWAPside|ADX=31]
2026.04.20 06:45:00;VETO;authorization denied: outside session window (server hour 06, window 12-20)
2026.04.20 07:00:00;VETO;authorization denied: outside session window (server hour 07, window 12-20)
2026.04.20 07:15:00;VETO;authorization denied: outside session window (server hour 07, window 12-20)
2026.04.20 07:30:00;VETO;authorization denied: outside session window (server hour 07, window 12-20)
2026.04.20 08:45:00;DECISION;setup SHORT score=0.85 entry=1.35 inv=1.35 tgt=0.00 AWAIT-RETEST [CHoCH short lvl=1.35|RelVol=1.11|Retest@1.35|VPnode d=0.00|VWAPside|CycleTurn w=0.63<-0.94]
2026.04.20 09:00:00;VETO;authorization denied: outside session window (server hour 09, window 12-20)
2026.04.20 09:15:00;VETO;authorization denied: outside session window (server hour 09, window 12-20)
2026.04.20 09:30:00;VETO;authorization denied: outside session window (server hour 09, window 12-20)
2026.04.20 09:45:00;VETO;authorization denied: outside session window (server hour 09, window 12-20)
2026.04.20 10:15:00;DECISION;setup LONG score=0.70 entry=1.35 inv=1.35 tgt=0.00 AWAIT-RETEST [CHoCH long lvl=1.35|RelVol=1.06|Retest@1.35|VPnear|VWAPside|CycleTurn w=-0.25<--0.90]
2026.04.20 10:30:00;VETO;authorization denied: outside session window (server hour 10, window 12-20)
2026.04.20 10:45:00;VETO;authorization denied: outside session window (server hour 10, window 12-20)
2026.04.20 11:00:00;VETO;authorization denied: outside session window (server hour 11, window 12-20)
2026.04.20 11:15:00;VETO;authorization denied: outside session window (server hour 11, window 12-20)
2026.04.20 14:15:00;VETO;signal rejected: volume: relVol 0.93 < 1.00
2026.04.20 16:45:00;VETO;signal rejected: volume: relVol 1.00 < 1.00
2026.04.20 18:00:00;VETO;outlier bar masked, z=4.2
2026.04.20 18:30:00;VETO;signal rejected: score 0.50 < 0.55 [BOS long lvl=1.35|RelVol=1.44|VPnear|VWAPside]
2026.04.21 00:15:00;VETO;signal rejected: volume: relVol 0.28 < 1.00
2026.04.21 02:00:00;VETO;signal rejected: volume: relVol 0.54 < 1.00
2026.04.21 05:45:00;VETO;signal rejected: volume: relVol 0.95 < 1.00
2026.04.21 08:00:00;VETO;signal rejected: volume: relVol 0.97 < 1.00
2026.04.21 11:00:00;VETO;outlier bar masked, z=4.1
2026.04.21 11:15:00;VETO;outlier bar masked, z=8.9
2026.04.21 11:30:00;VETO;outlier bar masked, z=4.2
2026.04.21 11:45:00;VETO;outlier bar masked, z=4.3
2026.04.21 16:45:00;VETO;signal rejected: volume: relVol 0.96 < 1.00
2026.04.21 17:45:00;VETO;outlier bar masked, z=5.5
2026.04.21 18:00:00;VETO;outlier bar masked, z=8.5
2026.04.21 18:15:00;VETO;outlier bar masked, z=3.7
2026.04.21 20:00:00;VETO;signal rejected: volume: relVol 0.80 < 1.00
2026.04.21 20:15:00;VETO;outlier bar masked, z=5.5
2026.04.21 20:45:00;VETO;outlier bar masked, z=10.9
2026.04.21 21:00:00;VETO;outlier bar masked, z=4.7
2026.04.21 22:00:00;VETO;outlier bar masked, z=3.7
2026.04.21 22:45:00;VETO;outlier bar masked, z=9.9
2026.04.21 23:15:00;VETO;outlier bar masked, z=8.0
2026.04.22 02:30:00;VETO;signal rejected: volume: relVol 0.50 < 1.00
2026.04.22 08:30:00;VETO;outlier bar masked, z=4.6
2026.04.22 14:15:00;DECISION;setup SHORT score=0.65 entry=1.35 inv=1.35 tgt=0.00 AWAIT-RETEST [CHoCH short lvl=1.35|RelVol=1.04|Retest@1.35|VPnode d=0.00|VWAPside]
2026.04.22 14:15:00;DECISION;TP capped 0.00459 -> 0.00344 (3.0xATR)
2026.04.22 14:15:00;ERROR;limit SELL 0.38 @ 1.35 sl=1.35 tp=1.35 rc=10015 [WT|CHOCH|0.65|RL]
2026.04.22 14:30:00;DECISION;TP capped 0.00516 -> 0.00387 (3.0xATR)
2026.04.22 14:30:00;ORDER;filled SELL 0.35 lots sl=1.35 tp=1.35 [WT|CHOCH|0.65]
2026.04.22 14:30:00;RISK;sizing: vol_ratio=0.74 scalar=1.00 gap_buf=0.00033 eff_stop=0.00291
2026.04.22 14:30:00;ORDER;entry fill deal #93 SELL 0.35 @ 1.35093
2026.04.22 23:15:00;VETO;signal rejected: volume: relVol 0.92 < 1.00
2026.04.23 03:15:00;DECISION;setup SHORT score=0.95 entry=1.35 inv=1.35 tgt=0.00 AWAIT-RETEST [BOS short lvl=1.35|RelVol=1.47|Retest@1.35|VPnode d=0.00|VWAPside|CycleTurn w=-0.33<-0.94|ADX=43]
2026.04.23 03:15:40;MANAGE;#95 SL 1.35 -> 1.35 breakeven
2026.04.23 03:15:40;MANAGE;#95 partial close 0.17 of 0.35 lots
2026.04.23 03:15:40;RISK;deal closed pnl=47.16 streak=0 lock=0
2026.04.23 03:15:59;MANAGE;#95 SL 1.35 -> 1.35 trail
2026.04.23 03:16:40;MANAGE;#95 SL 1.35 -> 1.35 trail
2026.04.23 03:18:40;RISK;deal closed pnl=36.79 streak=0 lock=0
2026.04.23 03:30:00;VETO;outlier bar masked, z=6.5
2026.04.23 03:45:00;VETO;authorization denied: outside session window (server hour 03, window 12-20)
2026.04.23 04:00:00;DECISION;setup LONG score=0.85 entry=1.35 inv=1.35 tgt=0.00 AWAIT-RETEST [CHoCH long lvl=1.35|RelVol=1.14|Retest@1.35|VPnode d=0.00|VWAPside|CycleTurn w=-0.11<--0.88]
2026.04.23 04:15:00;VETO;authorization denied: outside session window (server hour 04, window 12-20)
2026.04.23 04:30:00;VETO;authorization denied: outside session window (server hour 04, window 12-20)
2026.04.23 04:45:00;VETO;authorization denied: outside session window (server hour 04, window 12-20)
2026.04.23 05:00:00;VETO;authorization denied: outside session window (server hour 05, window 12-20)
2026.04.23 10:45:00;DECISION;setup SHORT score=0.85 entry=1.35 inv=1.35 tgt=0.00 AWAIT-RETEST [CHoCH short lvl=1.35|RelVol=1.02|Retest@1.35|VPnode d=0.00|VWAPside|CycleTurn w=0.98<-1.00]
2026.04.23 11:00:00;VETO;authorization denied: outside session window (server hour 11, window 12-20)
2026.04.23 11:15:00;VETO;authorization denied: outside session window (server hour 11, window 12-20)
2026.04.23 11:30:00;VETO;authorization denied: outside session window (server hour 11, window 12-20)
2026.04.23 11:45:00;DECISION;setup LONG score=0.85 entry=1.35 inv=1.35 tgt=0.00 AWAIT-RETEST [CHoCH long lvl=1.35|RelVol=1.44|Retest@1.35|VPnode d=0.00|VWAPside|CycleTurn w=0.43<-0.22]
2026.04.23 12:00:00;DECISION;TP capped 0.00474 -> 0.00356 (3.0xATR)
2026.04.23 12:00:00;ORDER;filled BUY 0.34 lots sl=1.35 tp=1.35 [WT|CHOCH|0.85]
2026.04.23 12:00:00;RISK;sizing: vol_ratio=1.10 scalar=0.93 gap_buf=0.00037 eff_stop=0.00274
2026.04.23 12:00:00;ORDER;entry fill deal #96 BUY 0.34 @ 1.35048
2026.04.23 15:15:00;DECISION;setup LONG score=0.85 entry=1.35 inv=1.35 tgt=0.00 [BOS long lvl=1.35|RelVol=1.51|VPnode d=0.00|VWAPside|CycleTurn w=0.24<--0.72]
2026.04.23 15:15:00;DECISION;TP capped 0.00514 -> 0.00385 (3.0xATR)
2026.04.23 15:15:00;VETO;risk veto: max positions
2026.04.23 16:14:40;RISK;deal closed pnl=-80.58 streak=1 lock=0
2026.04.23 16:15:00;VETO;signal rejected: volume: relVol 0.69 < 1.00
2026.04.23 20:15:00;VETO;outlier bar masked, z=6.3
2026.04.23 20:45:00;VETO;outlier bar masked, z=3.5
2026.04.23 21:00:00;VETO;outlier bar masked, z=6.1
2026.04.24 00:45:00;DECISION;setup SHORT score=0.75 entry=1.35 inv=1.35 tgt=0.00 [BOS short lvl=1.35|RelVol=1.03|VPnode d=0.00|VWAPside|ADX=53]
2026.04.24 00:45:00;VETO;authorization denied: outside session window (server hour 00, window 12-20)
2026.04.24 01:00:00;VETO;authorization denied: outside session window (server hour 01, window 12-20)
2026.04.24 01:15:00;VETO;authorization denied: outside session window (server hour 01, window 12-20)
2026.04.24 01:30:00;VETO;authorization denied: outside session window (server hour 01, window 12-20)
2026.04.24 03:15:00;VETO;signal rejected: volume: relVol 0.96 < 1.00
2026.04.24 05:00:00;VETO;signal rejected: volume: relVol 0.64 < 1.00
2026.04.24 05:30:00;DECISION;setup SHORT score=0.85 entry=1.35 inv=1.35 tgt=0.00 AWAIT-RETEST [CHoCH short lvl=1.35|RelVol=1.02|Retest@1.35|VPnode d=0.00|VWAPside|CycleTurn w=0.99<-1.00]
2026.04.24 05:45:00;VETO;authorization denied: outside session window (server hour 05, window 12-20)
2026.04.24 06:00:00;VETO;authorization denied: outside session window (server hour 06, window 12-20)
2026.04.24 06:15:00;VETO;authorization denied: outside session window (server hour 06, window 12-20)
2026.04.24 06:30:00;VETO;authorization denied: outside session window (server hour 06, window 12-20)
2026.04.24 11:00:00;VETO;signal rejected: volume: relVol 0.71 < 1.00
2026.04.24 13:30:00;VETO;signal rejected: volume: relVol 0.90 < 1.00
2026.04.24 17:15:00;VETO;signal rejected: score 0.50 < 0.55 [BOS long lvl=1.35|RelVol=1.28|VPnear|VWAPside]
2026.04.24 19:00:00;DECISION;setup LONG score=0.60 entry=1.35 inv=1.35 tgt=0.00 [BOS long lvl=1.35|RelVol=1.73|VWAPside|CycleTurn w=-0.50<--0.51]
2026.04.24 19:00:00;DECISION;TP capped 0.00622 -> 0.00466 (3.0xATR)
2026.04.24 19:00:00;ORDER;filled BUY 0.18 lots sl=1.35 tp=1.36 [WT|BOS|0.60]
2026.04.24 19:00:00;RISK;sizing: vol_ratio=1.47 scalar=0.65 gap_buf=0.00055 eff_stop=0.00366
2026.04.24 19:00:00;ORDER;entry fill deal #98 BUY 0.18 @ 1.35154
2026.04.24 20:00:00;VETO;signal rejected: volume: relVol 0.71 < 1.00
2026.04.24 22:00:00;RISK;FLATTEN ALL: Friday flatten: weekend gap protection
2026.04.24 22:00:00;RISK;deal closed pnl=22.86 streak=0 lock=0
2026.04.27 00:15:00;VETO;outlier bar masked, z=10.0
2026.04.27 03:45:00;VETO;signal rejected: volume: relVol 0.62 < 1.00
2026.04.27 11:30:00;VETO;signal rejected: volume: relVol 0.92 < 1.00
2026.04.27 14:00:00;VETO;signal rejected: score 0.50 < 0.55 [BOS long lvl=1.36|RelVol=1.06|VPnear|VWAPside]
2026.04.27 15:15:00;VETO;signal rejected: volume: relVol 0.81 < 1.00
2026.04.27 16:00:00;VETO;outlier bar masked, z=3.9
2026.04.27 16:15:00;VETO;outlier bar masked, z=4.1
2026.04.27 20:00:00;VETO;signal rejected: volume: relVol 0.75 < 1.00
2026.04.28 03:00:00;VETO;signal rejected: volume: relVol 0.84 < 1.00
2026.04.28 03:30:00;VETO;signal rejected: volume: relVol 0.77 < 1.00
2026.04.28 08:45:00;DECISION;setup SHORT score=0.70 entry=1.35 inv=1.35 tgt=0.00 [BOS short lvl=1.35|RelVol=1.33|VPnear|VWAPside|CycleTurn w=0.73<-0.93]
2026.04.28 08:45:00;VETO;authorization denied: outside session window (server hour 08, window 12-20)
2026.04.28 09:00:00;VETO;authorization denied: outside session window (server hour 09, window 12-20)
2026.04.28 09:15:00;VETO;authorization denied: outside session window (server hour 09, window 12-20)
2026.04.28 09:30:00;VETO;authorization denied: outside session window (server hour 09, window 12-20)
2026.04.28 12:15:00;DECISION;setup SHORT score=0.75 entry=1.35 inv=1.35 tgt=0.00 [BOS short lvl=1.35|RelVol=1.24|VPnode d=0.00|VWAPside|ADX=39]
2026.04.28 12:15:00;DECISION;TP capped 0.00670 -> 0.00502 (3.0xATR)
2026.04.28 12:15:00;ORDER;filled SELL 0.23 lots sl=1.35 tp=1.35 [WT|BOS|0.75]
2026.04.28 12:15:00;RISK;sizing: vol_ratio=1.22 scalar=0.84 gap_buf=0.00036 eff_stop=0.00371
2026.04.28 12:15:00;ORDER;entry fill deal #100 SELL 0.23 @ 1.35007
2026.04.28 14:00:00;VETO;signal rejected: score 0.50 < 0.55 [BOS short lvl=1.35|RelVol=1.30|VWAPside|ADX=56]
2026.04.28 14:50:40;MANAGE;#102 SL 1.35 -> 1.35 breakeven
2026.04.28 14:50:40;MANAGE;#102 partial close 0.11 of 0.23 lots
2026.04.28 14:50:40;RISK;deal closed pnl=37.40 streak=0 lock=0
2026.04.28 14:50:59;MANAGE;#102 SL 1.35 -> 1.35 trail
2026.04.28 14:51:20;MANAGE;#102 SL 1.35 -> 1.35 trail
2026.04.28 14:52:40;MANAGE;#102 SL 1.35 -> 1.35 trail
2026.04.28 15:20:40;RISK;deal closed pnl=27.48 streak=0 lock=0
2026.04.28 15:45:00;VETO;outlier bar masked, z=4.1
2026.04.28 20:45:00;VETO;signal rejected: volume: relVol 0.70 < 1.00
2026.04.28 23:45:00;VETO;signal rejected: volume: relVol 0.76 < 1.00
2026.04.29 03:00:00;VETO;signal rejected: volume: relVol 0.70 < 1.00
2026.04.29 04:15:00;DECISION;setup SHORT score=0.70 entry=1.35 inv=1.35 tgt=0.00 AWAIT-RETEST [CHoCH short lvl=1.35|RelVol=1.33|Retest@1.35|VPnear|VWAPside|CycleTurn w=-0.35<-0.91]
2026.04.29 04:45:00;VETO;authorization denied: outside session window (server hour 04, window 12-20)
2026.04.29 05:00:00;VETO;authorization denied: outside session window (server hour 05, window 12-20)
2026.04.29 05:15:00;VETO;authorization denied: outside session window (server hour 05, window 12-20)
2026.04.29 05:30:00;VETO;authorization denied: outside session window (server hour 05, window 12-20)
2026.04.29 05:45:00;DECISION;setup SHORT score=0.65 entry=1.35 inv=1.35 tgt=0.00 [BOS short lvl=1.35|RelVol=1.07|VPnode d=0.00|VWAPside]
2026.04.29 05:45:00;VETO;authorization denied: outside session window (server hour 05, window 12-20)
2026.04.29 06:00:00;VETO;authorization denied: outside session window (server hour 06, window 12-20)
2026.04.29 06:15:00;VETO;authorization denied: outside session window (server hour 06, window 12-20)
2026.04.29 06:30:00;VETO;authorization denied: outside session window (server hour 06, window 12-20)
2026.04.29 08:15:00;DECISION;setup SHORT score=0.65 entry=1.35 inv=1.35 tgt=0.00 [BOS short lvl=1.35|RelVol=1.03|VPnode d=0.00|VWAPside]
2026.04.29 08:15:00;VETO;authorization denied: outside session window (server hour 08, window 12-20)
2026.04.29 08:30:00;VETO;authorization denied: outside session window (server hour 08, window 12-20)
2026.04.29 08:45:00;VETO;authorization denied: outside session window (server hour 08, window 12-20)
2026.04.29 09:00:00;VETO;authorization denied: outside session window (server hour 09, window 12-20)
2026.04.29 13:15:00;VETO;signal rejected: score 0.50 < 0.55 [CHoCH long lvl=1.35|RelVol=1.02|Retest@1.35|VPnear|VWAPside]
2026.04.29 16:00:00;DECISION;setup SHORT score=0.85 entry=1.35 inv=1.35 tgt=0.00 AWAIT-RETEST [CHoCH short lvl=1.35|RelVol=1.02|Retest@1.35|VPnode d=0.00|VWAPside|CycleTurn w=0.94<-1.00]
2026.04.29 16:00:00;DECISION;TP capped 0.00247 -> 0.00211 (3.0xATR)
2026.04.29 16:00:00;ERROR;limit SELL 0.58 @ 1.35 sl=1.35 tp=1.35 rc=10015 [WT|CHOCH|0.85|RL]
2026.04.29 16:15:00;ORDER;filled SELL 0.89 lots sl=1.35 tp=1.35 [WT|CHOCH|0.85]
2026.04.29 16:15:00;RISK;sizing: vol_ratio=1.14 scalar=0.90 gap_buf=0.00035 eff_stop=0.00103
2026.04.29 16:15:00;ORDER;entry fill deal #103 SELL 0.89 @ 1.35054
2026.04.29 16:19:40;MANAGE;#105 SL 1.35 -> 1.35 breakeven
2026.04.29 16:19:40;MANAGE;#105 partial close 0.44 of 0.89 lots
2026.04.29 16:19:40;RISK;deal closed pnl=36.52 streak=0 lock=0
2026.04.29 16:30:40;RISK;deal closed pnl=61.20 streak=0 lock=0
2026.04.29 18:00:00;VETO;outlier bar masked, z=4.3
2026.04.29 19:00:00;VETO;outlier bar masked, z=4.3
2026.04.29 20:15:00;DECISION;setup SHORT score=0.85 entry=1.35 inv=1.35 tgt=0.00 [BOS short lvl=1.35|RelVol=1.02|VPnode d=0.00|VWAPside|CycleTurn w=0.48<-0.95]
2026.04.29 20:15:00;VETO;authorization denied: outside session window (server hour 20, window 12-20)
2026.04.29 20:30:00;VETO;authorization denied: outside session window (server hour 20, window 12-20)
2026.04.29 20:45:00;VETO;authorization denied: outside session window (server hour 20, window 12-20)
2026.04.29 21:00:00;VETO;authorization denied: outside session window (server hour 21, window 12-20)
2026.04.29 21:15:00;VETO;outlier bar masked, z=5.7
2026.04.29 21:45:00;VETO;outlier bar masked, z=4.7
2026.04.30 01:30:00;DECISION;setup LONG score=0.65 entry=1.35 inv=1.35 tgt=0.00 AWAIT-RETEST [CHoCH long lvl=1.35|RelVol=1.97|Retest@1.35|VPnode d=0.00|VWAPside]
2026.04.30 01:45:00;VETO;authorization denied: outside session window (server hour 01, window 12-20)
2026.04.30 02:00:00;VETO;authorization denied: outside session window (server hour 02, window 12-20)
2026.04.30 02:15:00;VETO;authorization denied: outside session window (server hour 02, window 12-20)
2026.04.30 02:30:00;VETO;authorization denied: outside session window (server hour 02, window 12-20)
2026.04.30 02:45:00;DECISION;setup LONG score=0.65 entry=1.35 inv=1.35 tgt=0.00 AWAIT-RETEST [BOS long lvl=1.35|RelVol=1.19|Retest@1.35|VPnode d=0.00|VWAPside]
2026.04.30 04:15:00;VETO;authorization denied: outside session window (server hour 04, window 12-20)
2026.04.30 04:30:00;VETO;authorization denied: outside session window (server hour 04, window 12-20)
2026.04.30 04:45:00;VETO;authorization denied: outside session window (server hour 04, window 12-20)
2026.04.30 05:00:00;VETO;authorization denied: outside session window (server hour 05, window 12-20)
2026.04.30 07:30:00;DECISION;setup SHORT score=0.65 entry=1.35 inv=1.35 tgt=0.00 AWAIT-RETEST [CHoCH short lvl=1.35|RelVol=2.09|Retest@1.35|VPnode d=0.00|VWAPside]
2026.04.30 08:15:00;VETO;authorization denied: outside session window (server hour 08, window 12-20)
2026.04.30 08:30:00;VETO;authorization denied: outside session window (server hour 08, window 12-20)
2026.04.30 08:45:00;VETO;authorization denied: outside session window (server hour 08, window 12-20)
2026.04.30 09:00:00;VETO;authorization denied: outside session window (server hour 09, window 12-20)
2026.04.30 09:45:00;DECISION;setup LONG score=0.75 entry=1.35 inv=1.35 tgt=0.00 AWAIT-RETEST [CHoCH long lvl=1.35|RelVol=1.74|Retest@1.35|VPnode d=0.00|CycleTurn w=-0.79<--0.99]
2026.04.30 13:00:00;DECISION;setup LONG score=0.75 entry=1.35 inv=1.35 tgt=0.00 [BOS long lvl=1.35|RelVol=1.41|VPnode d=0.00|VWAPside|ADX=41]
2026.04.30 13:00:00;DECISION;TP capped 0.00478 -> 0.00359 (3.0xATR)
2026.04.30 13:00:00;ORDER;filled BUY 0.31 lots sl=1.35 tp=1.35 [WT|BOS|0.75]
2026.04.30 13:00:00;RISK;sizing: vol_ratio=1.17 scalar=0.87 gap_buf=0.00050 eff_stop=0.00289
2026.04.30 13:00:00;ORDER;entry fill deal #106 BUY 0.31 @ 1.35027
2026.04.30 13:30:00;VETO;outlier bar masked, z=4.0
2026.04.30 13:57:40;MANAGE;#108 SL 1.35 -> 1.35 breakeven
2026.04.30 13:57:40;MANAGE;#108 partial close 0.15 of 0.31 lots
2026.04.30 13:57:40;RISK;deal closed pnl=38.25 streak=0 lock=0
2026.04.30 13:57:59;MANAGE;#108 SL 1.35 -> 1.35 trail
2026.04.30 13:58:40;MANAGE;#108 SL 1.35 -> 1.35 trail
2026.04.30 14:00:20;MANAGE;#108 SL 1.35 -> 1.35 trail
2026.04.30 14:28:20;MANAGE;#108 SL 1.35 -> 1.35 trail
2026.04.30 15:03:40;RISK;deal closed pnl=12.32 streak=0 lock=0
2026.04.30 17:15:00;VETO;outlier bar masked, z=3.8
2026.04.30 17:30:00;VETO;outlier bar masked, z=4.2
2026.04.30 17:45:00;VETO;outlier bar masked, z=3.6
2026.04.30 18:00:00;VETO;outlier bar masked, z=8.6
2026.04.30 21:45:00;VETO;signal rejected: volume: relVol 0.92 < 1.00
2026.05.01 05:15:00;VETO;signal rejected: volume: relVol 0.93 < 1.00
2026.05.01 06:30:00;VETO;signal rejected: volume: relVol 0.78 < 1.00
2026.05.01 07:15:00;DECISION;setup SHORT score=0.65 entry=1.36 inv=1.36 tgt=0.00 AWAIT-RETEST [CHoCH short lvl=1.36|RelVol=1.28|Retest@1.36|VPnode d=0.00|VWAPside]
2026.05.01 07:30:00;VETO;authorization denied: outside session window (server hour 07, window 12-20)
2026.05.01 07:45:00;VETO;authorization denied: outside session window (server hour 07, window 12-20)
2026.05.01 08:00:00;VETO;authorization denied: outside session window (server hour 08, window 12-20)
2026.05.01 08:15:00;VETO;authorization denied: outside session window (server hour 08, window 12-20)
2026.05.01 10:00:00;VETO;outlier bar masked, z=4.2
2026.05.01 12:30:00;VETO;signal rejected: volume: relVol 0.75 < 1.00
2026.05.01 14:15:00;VETO;signal rejected: volume: relVol 0.90 < 1.00
2026.05.01 17:00:00;VETO;outlier bar masked, z=4.4
2026.05.01 17:15:00;VETO;outlier bar masked, z=3.6
2026.05.01 18:00:00;VETO;outlier bar masked, z=4.0
2026.05.01 19:30:00;DECISION;setup SHORT score=0.65 entry=1.36 inv=1.37 tgt=0.00 AWAIT-RETEST [CHoCH short lvl=1.36|RelVol=1.40|Retest@1.36|VPnode d=0.00|VWAPside]
2026.05.01 19:30:00;DECISION;TP capped 0.00858 -> 0.00643 (3.0xATR)
2026.05.01 19:30:00;ORDER;limit SELL 0.10 @ 1.36 sl=1.37 tp=1.36 rc=10009 [WT|CHOCH|0.65|RL]
2026.05.01 19:30:00;RISK;sizing: vol_ratio=1.70 scalar=0.48 gap_buf=0.00065 eff_stop=0.00494
2026.05.01 21:45:00;ORDER;cancelled 1 pending: setup expired/invalidated
2026.05.01 23:00:00;VETO;signal rejected: volume: relVol 0.66 < 1.00
2026.05.04 00:15:00;VETO;outlier bar masked, z=7.1
2026.05.04 02:45:00;VETO;signal rejected: volume: relVol 0.65 < 1.00
2026.05.04 07:00:00;DECISION;setup LONG score=0.65 entry=1.36 inv=1.36 tgt=0.00 AWAIT-RETEST [CHoCH long lvl=1.36|RelVol=4.91|Retest@1.36|VPnode d=0.00|VWAPside]
2026.05.04 07:30:00;VETO;authorization denied: outside session window (server hour 07, window 12-20)
2026.05.04 07:45:00;VETO;authorization denied: outside session window (server hour 07, window 12-20)
2026.05.04 08:00:00;VETO;authorization denied: outside session window (server hour 08, window 12-20)
2026.05.04 08:15:00;VETO;authorization denied: outside session window (server hour 08, window 12-20)
2026.05.04 09:45:00;DECISION;setup SHORT score=0.65 entry=1.36 inv=1.36 tgt=0.00 AWAIT-RETEST [CHoCH short lvl=1.36|RelVol=1.04|Retest@1.36|VPnode d=0.00|VWAPside]
2026.05.04 10:00:00;VETO;authorization denied: outside session window (server hour 10, window 12-20)
2026.05.04 10:15:00;VETO;authorization denied: outside session window (server hour 10, window 12-20)
2026.05.04 10:30:00;VETO;authorization denied: outside session window (server hour 10, window 12-20)
2026.05.04 10:45:00;VETO;authorization denied: outside session window (server hour 10, window 12-20)
2026.05.04 13:00:00;VETO;signal rejected: volume: relVol 0.78 < 1.00
2026.05.04 13:15:00;VETO;outlier bar masked, z=7.3
2026.05.04 13:30:00;VETO;outlier bar masked, z=4.3
2026.05.04 18:30:00;VETO;outlier bar masked, z=5.5
2026.05.04 19:15:00;VETO;outlier bar masked, z=4.7
2026.05.04 19:30:00;VETO;outlier bar masked, z=4.8
2026.05.05 08:00:00;VETO;signal rejected: score 0.50 < 0.55 [BOS short lvl=1.35|RelVol=1.15|VPnear|VWAPside]
2026.05.05 09:45:00;DECISION;setup LONG score=0.65 entry=1.35 inv=1.35 tgt=0.00 AWAIT-RETEST [CHoCH long lvl=1.35|RelVol=1.08|Retest@1.35|VPnode d=0.00|VWAPside]
2026.05.05 10:00:00;VETO;authorization denied: outside session window (server hour 10, window 12-20)
2026.05.05 10:15:00;VETO;authorization denied: outside session window (server hour 10, window 12-20)
2026.05.05 10:30:00;VETO;authorization denied: outside session window (server hour 10, window 12-20)
2026.05.05 10:45:00;VETO;authorization denied: outside session window (server hour 10, window 12-20)
2026.05.05 16:15:00;VETO;signal rejected: volume: relVol 0.87 < 1.00
2026.05.05 18:45:00;VETO;signal rejected: volume: relVol 0.85 < 1.00
2026.05.05 22:15:00;VETO;signal rejected: volume: relVol 0.74 < 1.00
2026.05.06 02:00:00;VETO;outlier bar masked, z=3.8
2026.05.06 02:15:00;VETO;outlier bar masked, z=3.7
2026.05.06 07:45:00;DECISION;setup LONG score=0.85 entry=1.36 inv=1.36 tgt=0.00 [BOS long lvl=1.36|RelVol=5.21|VPnode d=0.00|VWAPside|CycleTurn w=-0.89<--1.00]
2026.05.06 07:45:00;VETO;authorization denied: outside session window (server hour 07, window 12-20)
2026.05.06 08:00:00;VETO;authorization denied: outside session window (server hour 08, window 12-20)
2026.05.06 08:15:00;VETO;authorization denied: outside session window (server hour 08, window 12-20)
2026.05.06 08:30:00;VETO;authorization denied: outside session window (server hour 08, window 12-20)
2026.05.06 11:00:00;DECISION;setup LONG score=0.85 entry=1.36 inv=1.36 tgt=0.00 [BOS long lvl=1.36|RelVol=1.60|VPnode d=0.00|VWAPside|CycleTurn w=-0.74<--0.99]
2026.05.06 11:00:00;VETO;authorization denied: outside session window (server hour 11, window 12-20)
2026.05.06 11:15:00;VETO;authorization denied: outside session window (server hour 11, window 12-20)
2026.05.06 11:30:00;VETO;authorization denied: outside session window (server hour 11, window 12-20)
2026.05.06 11:45:00;VETO;authorization denied: outside session window (server hour 11, window 12-20)
2026.05.06 12:00:00;VETO;outlier bar masked, z=4.9
2026.05.06 14:00:00;VETO;outlier bar masked, z=4.0
2026.05.06 15:15:00;DECISION;setup SHORT score=0.60 entry=1.36 inv=1.36 tgt=0.00 AWAIT-RETEST [CHoCH short lvl=1.36|RelVol=1.40|Retest@1.36|VPnear|CycleTurn w=0.03<-0.89]
2026.05.06 15:15:00;DECISION;TP capped 0.00652 -> 0.00489 (3.0xATR)
2026.05.06 15:15:00;ORDER;limit SELL 0.15 @ 1.36 sl=1.36 tp=1.36 rc=10009 [WT|CHOCH|0.60|RL]
2026.05.06 15:15:00;RISK;sizing: vol_ratio=1.55 scalar=0.58 gap_buf=0.00064 eff_stop=0.00390
2026.05.06 15:15:40;ORDER;entry fill deal #109 SELL 0.15 @ 1.36106
2026.05.06 19:15:00;DECISION;setup SHORT score=0.75 entry=1.36 inv=1.36 tgt=0.00 [BOS short lvl=1.36|RelVol=1.03|VPnode d=0.00|VWAPside|ADX=38]
2026.05.06 19:15:00;DECISION;TP capped 0.00566 -> 0.00424 (3.0xATR)
2026.05.06 19:15:00;VETO;risk veto: max positions
2026.05.07 00:15:00;VETO;signal rejected: volume: relVol 0.41 < 1.00
2026.05.07 03:15:00;DECISION;setup LONG score=0.65 entry=1.36 inv=1.36 tgt=0.00 AWAIT-RETEST [CHoCH long lvl=1.36|RelVol=1.45|Retest@1.36|VPnode d=0.00|VWAPside]
2026.05.07 03:30:00;VETO;authorization denied: outside session window (server hour 03, window 12-20)
2026.05.07 03:45:00;VETO;authorization denied: outside session window (server hour 03, window 12-20)
2026.05.07 04:00:00;VETO;authorization denied: outside session window (server hour 04, window 12-20)
2026.05.07 04:15:00;VETO;authorization denied: outside session window (server hour 04, window 12-20)
2026.05.07 09:45:00;DECISION;setup LONG score=0.65 entry=1.36 inv=1.36 tgt=0.00 AWAIT-RETEST [BOS long lvl=1.36|RelVol=1.55|Retest@1.36|VPnode d=0.00|VWAPside]
2026.05.07 10:00:00;VETO;authorization denied: outside session window (server hour 10, window 12-20)
2026.05.07 10:15:00;VETO;outlier bar masked, z=3.8
2026.05.07 10:30:00;VETO;authorization denied: outside session window (server hour 10, window 12-20)
2026.05.07 10:45:00;VETO;authorization denied: outside session window (server hour 10, window 12-20)
2026.05.07 11:00:00;VETO;authorization denied: outside session window (server hour 11, window 12-20)
2026.05.07 13:30:00;DECISION;setup LONG score=0.85 entry=1.36 inv=1.36 tgt=0.00 [BOS long lvl=1.36|RelVol=1.04|VPnode d=0.00|VWAPside|CycleTurn w=0.79<-0.73]
2026.05.07 13:30:00;DECISION;TP capped 0.00770 -> 0.00577 (3.0xATR)
2026.05.07 13:30:00;VETO;risk veto: max positions
2026.05.07 14:15:00;VETO;signal rejected: volume: relVol 0.92 < 1.00
2026.05.07 18:00:00;VETO;signal rejected: volume: relVol 0.87 < 1.00
2026.05.07 18:30:00;VETO;outlier bar masked, z=4.9
2026.05.07 20:26:40;MANAGE;#112 SL 1.36 -> 1.36 breakeven
2026.05.07 20:26:40;MANAGE;#112 partial close 0.07 of 0.15 lots
2026.05.07 20:26:40;RISK;deal closed pnl=22.71 streak=0 lock=0
2026.05.07 20:26:59;MANAGE;#112 SL 1.36 -> 1.36 trail
2026.05.07 20:27:20;MANAGE;#112 SL 1.36 -> 1.36 trail
2026.05.07 20:29:40;MANAGE;#112 SL 1.36 -> 1.36 trail
2026.05.07 20:33:40;MANAGE;#112 SL 1.36 -> 1.36 trail
2026.05.07 20:36:40;MANAGE;#112 SL 1.36 -> 1.36 trail
2026.05.07 22:20:20;MANAGE;#112 SL 1.36 -> 1.36 trail
2026.05.07 22:25:40;MANAGE;#112 SL 1.36 -> 1.36 trail
2026.05.07 22:57:40;MANAGE;#112 SL 1.36 -> 1.36 trail
2026.05.07 22:58:40;MANAGE;#112 SL 1.36 -> 1.36 trail
2026.05.07 22:59:40;MANAGE;#112 SL 1.36 -> 1.36 trail
2026.05.07 23:00:00;VETO;signal rejected: score 0.50 < 0.55 [BOS short lvl=1.36|RelVol=1.49|VWAPside|ADX=52]
2026.05.07 23:00:40;RISK;deal closed pnl=38.59 streak=0 lock=0
2026.05.08 00:15:00;VETO;outlier bar masked, z=4.1
2026.05.08 03:00:00;DECISION;setup LONG score=0.65 entry=1.36 inv=1.35 tgt=0.00 AWAIT-RETEST [CHoCH long lvl=1.36|RelVol=1.15|Retest@1.36|VPnode d=0.00|VWAPside]
2026.05.08 03:15:00;VETO;authorization denied: outside session window (server hour 03, window 12-20)
2026.05.08 03:30:00;VETO;authorization denied: outside session window (server hour 03, window 12-20)
2026.05.08 03:45:00;VETO;authorization denied: outside session window (server hour 03, window 12-20)
2026.05.08 04:00:00;VETO;authorization denied: outside session window (server hour 04, window 12-20)
2026.05.08 07:45:00;VETO;signal rejected: volume: relVol 0.87 < 1.00
2026.05.08 11:30:00;VETO;signal rejected: volume: relVol 0.98 < 1.00
2026.05.08 15:45:00;VETO;outlier bar masked, z=5.9
2026.05.08 16:45:00;DECISION;setup LONG score=0.60 entry=1.36 inv=1.36 tgt=0.00 [BOS long lvl=1.36|RelVol=1.04|VWAPside|CycleTurn w=-0.97<--1.00]
2026.05.08 16:45:00;DECISION;TP capped 0.00478 -> 0.00358 (3.0xATR)
2026.05.08 16:45:00;ORDER;filled BUY 0.33 lots sl=1.36 tp=1.37 [WT|BOS|0.60]
2026.05.08 16:45:00;RISK;sizing: vol_ratio=1.13 scalar=0.90 gap_buf=0.00043 eff_stop=0.00282
2026.05.08 16:45:00;ORDER;entry fill deal #112 BUY 0.33 @ 1.36249
2026.05.08 22:00:00;RISK;FLATTEN ALL: Friday flatten: weekend gap protection
2026.05.08 22:00:00;RISK;deal closed pnl=-10.56 streak=1 lock=0
2026.05.08 23:15:00;VETO;signal rejected: volume: relVol 0.99 < 1.00
2026.05.11 00:15:00;VETO;outlier bar masked, z=28.3
2026.05.11 00:45:00;VETO;outlier bar masked, z=5.7
2026.05.11 01:15:00;VETO;outlier bar masked, z=4.6
2026.05.11 07:45:00;VETO;signal rejected: volume: relVol 0.75 < 1.00
2026.05.11 10:00:00;VETO;signal rejected: volume: relVol 0.73 < 1.00
2026.05.11 13:45:00;VETO;outlier bar masked, z=5.1
2026.05.11 14:00:00;VETO;outlier bar masked, z=3.5
2026.05.11 14:15:00;VETO;outlier bar masked, z=6.0
2026.05.11 16:15:00;VETO;signal rejected: volume: relVol 0.76 < 1.00
2026.05.11 18:00:00;VETO;outlier bar masked, z=4.2
2026.05.11 21:45:00;VETO;signal rejected: volume: relVol 0.77 < 1.00
2026.05.12 00:45:00;VETO;signal rejected: volume: relVol 0.35 < 1.00
2026.05.12 03:00:00;VETO;signal rejected: volume: relVol 0.75 < 1.00
2026.05.12 08:15:00;DECISION;setup SHORT score=0.75 entry=1.36 inv=1.36 tgt=0.00 AWAIT-RETEST [BOS short lvl=1.36|RelVol=1.08|Retest@1.36|VPnode d=0.00|VWAPside|ADX=41]
2026.05.12 09:00:00;VETO;authorization denied: outside session window (server hour 09, window 12-20)
2026.05.12 09:15:00;VETO;authorization denied: outside session window (server hour 09, window 12-20)
2026.05.12 09:30:00;VETO;authorization denied: outside session window (server hour 09, window 12-20)
2026.05.12 09:45:00;VETO;authorization denied: outside session window (server hour 09, window 12-20)
2026.05.12 10:15:00;VETO;outlier bar masked, z=4.6
2026.05.12 10:45:00;VETO;outlier bar masked, z=4.0
2026.05.12 11:15:00;VETO;outlier bar masked, z=4.5
2026.05.12 11:30:00;VETO;outlier bar masked, z=10.4
2026.05.12 12:00:00;VETO;outlier bar masked, z=6.2
2026.05.12 14:15:00;VETO;outlier bar masked, z=3.6
2026.05.12 17:00:00;DECISION;setup SHORT score=0.85 entry=1.35 inv=1.35 tgt=0.00 [BOS short lvl=1.35|RelVol=1.20|VPnode d=0.00|VWAPside|CycleTurn w=0.68<-0.96]
2026.05.12 17:00:00;DECISION;TP capped 0.00652 -> 0.00489 (3.0xATR)
2026.05.12 17:00:00;ORDER;filled SELL 0.13 lots sl=1.35 tp=1.35 [WT|BOS|0.85]
2026.05.12 17:00:00;RISK;sizing: vol_ratio=1.64 scalar=0.52 gap_buf=0.00069 eff_stop=0.00395
2026.05.12 17:00:00;ORDER;entry fill deal #114 SELL 0.13 @ 1.35103
2026.05.12 17:15:00;VETO;outlier bar masked, z=4.3
2026.05.12 18:30:00;DECISION;setup SHORT score=0.85 entry=1.35 inv=1.35 tgt=0.00 [BOS short lvl=1.35|RelVol=1.19|VPnode d=0.00|VWAPside|CycleTurn w=0.84<-0.99]
2026.05.12 18:30:00;DECISION;TP capped 0.00630 -> 0.00472 (3.0xATR)
2026.05.12 18:30:00;VETO;risk veto: max positions
2026.05.12 21:45:00;VETO;signal rejected: score 0.40 < 0.55 [CHoCH long lvl=1.35|RelVol=1.28|Retest@1.35|VPnear]
2026.05.12 22:34:40;RISK;deal closed pnl=-42.38 streak=1 lock=0
2026.05.13 09:00:00;DECISION;setup LONG score=0.60 entry=1.35 inv=1.35 tgt=0.00 [BOS long lvl=1.35|RelVol=1.06|VWAPside|CycleTurn w=0.76<-0.01]
2026.05.13 09:00:00;VETO;authorization denied: outside session window (server hour 09, window 12-20)
2026.05.13 09:15:00;VETO;authorization denied: outside session window (server hour 09, window 12-20)
2026.05.13 09:30:00;VETO;authorization denied: outside session window (server hour 09, window 12-20)
2026.05.13 09:45:00;VETO;authorization denied: outside session window (server hour 09, window 12-20)
2026.05.13 10:00:00;DECISION;setup SHORT score=0.85 entry=1.35 inv=1.36 tgt=0.00 AWAIT-RETEST [CHoCH short lvl=1.35|RelVol=1.05|Retest@1.35|VPnode d=0.00|VWAPside|CycleTurn w=0.51<-0.93]
2026.05.13 10:15:00;VETO;authorization denied: outside session window (server hour 10, window 12-20)
2026.05.13 10:30:00;VETO;authorization denied: outside session window (server hour 10, window 12-20)
2026.05.13 10:45:00;VETO;authorization denied: outside session window (server hour 10, window 12-20)
2026.05.13 11:00:00;VETO;authorization denied: outside session window (server hour 11, window 12-20)
2026.05.13 12:30:00;VETO;signal rejected: volume: relVol 0.99 < 1.00
2026.05.13 13:15:00;VETO;outlier bar masked, z=4.8
2026.05.13 15:30:00;VETO;signal rejected: score 0.50 < 0.55 [BOS short lvl=1.35|RelVol=1.06|VWAPside|ADX=36]
2026.05.13 16:45:00;DECISION;setup LONG score=0.75 entry=1.35 inv=1.35 tgt=0.00 AWAIT-RETEST [CHoCH long lvl=1.35|RelVol=1.03|Retest@1.35|VPnode d=0.00|CycleTurn w=-0.84<--0.99]
2026.05.13 16:45:00;DECISION;TP capped 0.00572 -> 0.00429 (3.0xATR)
2026.05.13 16:45:00;ORDER;limit BUY 0.24 @ 1.35 sl=1.35 tp=1.36 rc=10009 [WT|CHOCH|0.75|RL]
2026.05.13 16:45:00;RISK;sizing: vol_ratio=1.27 scalar=0.80 gap_buf=0.00052 eff_stop=0.00339
2026.05.13 16:45:20;ORDER;entry fill deal #116 BUY 0.24 @ 1.35127
2026.05.13 18:45:00;VETO;signal rejected: volume: relVol 0.86 < 1.00
2026.05.14 01:15:00;VETO;signal rejected: score 0.50 < 0.55 [BOS long lvl=1.35|RelVol=1.02|VPnear|VWAPside]
2026.05.14 05:00:00;VETO;signal rejected: volume: relVol 0.80 < 1.00
2026.05.14 08:15:00;DECISION;setup SHORT score=0.85 entry=1.35 inv=1.35 tgt=0.00 [BOS short lvl=1.35|RelVol=1.22|VPnode d=0.00|VWAPside|CycleTurn w=0.68<-0.99]
2026.05.14 08:15:00;VETO;authorization denied: outside session window (server hour 08, window 12-20)
2026.05.14 08:30:00;VETO;authorization denied: outside session window (server hour 08, window 12-20)
2026.05.14 08:45:00;VETO;authorization denied: outside session window (server hour 08, window 12-20)
2026.05.14 09:00:00;VETO;authorization denied: outside session window (server hour 09, window 12-20)
2026.05.14 10:30:00;VETO;signal rejected: volume: relVol 0.85 < 1.00
2026.05.14 15:00:00;VETO;outlier bar masked, z=4.8
2026.05.14 15:15:00;VETO;outlier bar masked, z=4.3
2026.05.14 17:59:40;RISK;deal closed pnl=-68.78 streak=1 lock=0
2026.05.14 18:00:00;VETO;outlier bar masked, z=4.8
2026.05.14 19:15:00;VETO;outlier bar masked, z=4.3
2026.05.14 19:30:00;VETO;outlier bar masked, z=3.9
2026.05.15 02:15:00;DECISION;setup SHORT score=0.85 entry=1.34 inv=1.34 tgt=0.00 AWAIT-RETEST [BOS short lvl=1.34|RelVol=1.29|Retest@1.34|VPnode d=0.00|VWAPside|CycleTurn w=1.00<-1.00]
2026.05.15 02:45:00;VETO;authorization denied: outside session window (server hour 02, window 12-20)
2026.05.15 03:00:00;VETO;authorization denied: outside session window (server hour 03, window 12-20)
2026.05.15 03:15:00;VETO;authorization denied: outside session window (server hour 03, window 12-20)
2026.05.15 03:30:00;VETO;authorization denied: outside session window (server hour 03, window 12-20)
2026.05.15 03:45:00;DECISION;setup SHORT score=0.85 entry=1.34 inv=1.34 tgt=0.00 AWAIT-RETEST [BOS short lvl=1.34|RelVol=1.40|Retest@1.34|VPnode d=0.00|VWAPside|CycleTurn w=0.99<-1.00]
2026.05.15 08:00:00;VETO;signal rejected: volume: relVol 0.98 < 1.00
2026.05.15 09:45:00;VETO;outlier bar masked, z=3.8
2026.05.15 10:15:00;VETO;outlier bar masked, z=4.1
2026.05.15 12:15:00;DECISION;setup SHORT score=0.80 entry=1.33 inv=1.34 tgt=0.00 [BOS short lvl=1.33|RelVol=1.28|VPnear|VWAPside|CycleTurn w=0.31<-0.84|ADX=43]
2026.05.15 12:15:00;DECISION;TP capped 0.00876 -> 0.00657 (3.0xATR)
2026.05.15 12:15:00;ORDER;filled SELL 0.11 lots sl=1.34 tp=1.33 [WT|BOS|0.80]
2026.05.15 12:15:00;RISK;sizing: vol_ratio=1.57 scalar=0.57 gap_buf=0.00068 eff_stop=0.00506
2026.05.15 12:15:00;ORDER;entry fill deal #118 SELL 0.11 @ 1.33315
2026.05.15 13:45:40;RISK;deal closed pnl=-48.18 streak=1 lock=0
2026.05.15 14:00:00;DECISION;setup LONG score=0.65 entry=1.34 inv=1.33 tgt=0.00 AWAIT-RETEST [CHoCH long lvl=1.34|RelVol=1.91|Retest@1.34|VPnode d=0.00|VWAPside]
2026.05.15 14:00:00;DECISION;TP capped 0.01009 -> 0.00756 (3.0xATR)
2026.05.15 14:00:00;ORDER;limit BUY 0.14 @ 1.34 sl=1.33 tp=1.35 rc=10009 [WT|CHOCH|0.65|RL]
2026.05.15 14:00:00;RISK;sizing: vol_ratio=1.29 scalar=0.78 gap_buf=0.00059 eff_stop=0.00563
2026.05.15 14:03:40;ORDER;entry fill deal #120 BUY 0.14 @ 1.33782
2026.05.15 18:19:40;RISK;deal closed pnl=-70.56 streak=2 lock=0
2026.05.15 18:30:00;DECISION;setup SHORT score=0.65 entry=1.33 inv=1.34 tgt=0.00 AWAIT-RETEST [CHoCH short lvl=1.33|RelVol=1.16|Retest@1.33|VPnode d=0.00|VWAPside]
2026.05.15 18:30:00;DECISION;TP capped 0.00605 -> 0.00454 (3.0xATR)
2026.05.15 18:30:00;ORDER;limit SELL 0.21 @ 1.33 sl=1.34 tp=1.33 rc=10009 [WT|CHOCH|0.65|RL]
2026.05.15 18:30:00;RISK;sizing: vol_ratio=1.33 scalar=0.75 gap_buf=0.00063 eff_stop=0.00366
2026.05.15 19:42:40;ORDER;entry fill deal #122 SELL 0.21 @ 1.33318
2026.05.15 22:00:00;RISK;FLATTEN ALL: Friday flatten: weekend gap protection
2026.05.15 22:00:00;RISK;deal closed pnl=20.16 streak=0 lock=0
2026.05.15 23:15:00;VETO;signal rejected: volume: relVol 0.60 < 1.00
2026.05.18 01:30:00;DECISION;setup SHORT score=0.85 entry=1.33 inv=1.33 tgt=0.00 [BOS short lvl=1.33|RelVol=1.41|VPnode d=0.00|VWAPside|CycleTurn w=0.99<-1.00]
2026.05.18 01:30:00;VETO;authorization denied: outside session window (server hour 01, window 12-20)
2026.05.18 01:45:00;VETO;authorization denied: outside session window (server hour 01, window 12-20)
2026.05.18 02:00:00;VETO;authorization denied: outside session window (server hour 02, window 12-20)
2026.05.18 02:15:00;VETO;authorization denied: outside session window (server hour 02, window 12-20)
2026.05.18 03:00:00;DECISION;setup SHORT score=0.85 entry=1.33 inv=1.33 tgt=0.00 [BOS short lvl=1.33|RelVol=1.16|VPnode d=0.00|VWAPside|CycleTurn w=0.86<-0.99]
2026.05.18 03:00:00;VETO;authorization denied: outside session window (server hour 03, window 12-20)
2026.05.18 03:15:00;VETO;authorization denied: outside session window (server hour 03, window 12-20)
2026.05.18 03:30:00;VETO;authorization denied: outside session window (server hour 03, window 12-20)
2026.05.18 03:45:00;DECISION;setup SHORT score=0.65 entry=1.33 inv=1.33 tgt=0.00 [BOS short lvl=1.33|RelVol=1.26|VPnode d=0.00|VWAPside]
2026.05.18 03:45:00;VETO;authorization denied: outside session window (server hour 03, window 12-20)
2026.05.18 04:00:00;VETO;authorization denied: outside session window (server hour 04, window 12-20)
2026.05.18 04:15:00;VETO;authorization denied: outside session window (server hour 04, window 12-20)
2026.05.18 04:30:00;VETO;authorization denied: outside session window (server hour 04, window 12-20)
2026.05.18 07:15:00;DECISION;setup LONG score=0.65 entry=1.33 inv=1.33 tgt=0.00 AWAIT-RETEST [CHoCH long lvl=1.33|RelVol=1.72|Retest@1.33|VPnode d=0.00|VWAPside]
2026.05.18 07:30:00;VETO;authorization denied: outside session window (server hour 07, window 12-20)
2026.05.18 07:45:00;VETO;authorization denied: outside session window (server hour 07, window 12-20)
2026.05.18 08:00:00;VETO;authorization denied: outside session window (server hour 08, window 12-20)
2026.05.18 08:15:00;VETO;authorization denied: outside session window (server hour 08, window 12-20)
2026.05.18 08:30:00;DECISION;setup LONG score=0.60 entry=1.33 inv=1.33 tgt=0.00 [BOS long lvl=1.33|RelVol=1.22|VPnear|VWAPside|ADX=38]
2026.05.18 08:30:00;VETO;authorization denied: outside session window (server hour 08, window 12-20)
2026.05.18 08:45:00;VETO;authorization denied: outside session window (server hour 08, window 12-20)
2026.05.18 09:00:00;VETO;authorization denied: outside session window (server hour 09, window 12-20)
2026.05.18 09:15:00;VETO;authorization denied: outside session window (server hour 09, window 12-20)
2026.05.18 11:30:00;VETO;signal rejected: volume: relVol 0.80 < 1.00
2026.05.18 14:45:00;VETO;outlier bar masked, z=5.5
2026.05.18 15:30:00;VETO;signal rejected: volume: relVol 0.85 < 1.00
2026.05.18 18:45:00;VETO;signal rejected: volume: relVol 0.86 < 1.00
2026.05.18 19:00:00;VETO;outlier bar masked, z=4.5
2026.05.18 19:15:00;VETO;outlier bar masked, z=6.3
2026.05.18 19:30:00;VETO;outlier bar masked, z=4.9
2026.05.18 22:15:00;VETO;outlier bar masked, z=7.1
2026.05.19 05:15:00;DECISION;setup SHORT score=0.65 entry=1.34 inv=1.34 tgt=0.00 AWAIT-RETEST [CHoCH short lvl=1.34|RelVol=1.38|Retest@1.34|VPnode d=0.00|VWAPside]
2026.05.19 05:30:00;VETO;authorization denied: outside session window (server hour 05, window 12-20)
2026.05.19 05:45:00;VETO;authorization denied: outside session window (server hour 05, window 12-20)
2026.05.19 06:00:00;VETO;authorization denied: outside session window (server hour 06, window 12-20)
2026.05.19 06:15:00;VETO;authorization denied: outside session window (server hour 06, window 12-20)
2026.05.19 08:00:00;DECISION;setup SHORT score=0.75 entry=1.34 inv=1.34 tgt=0.00 [BOS short lvl=1.34|RelVol=1.12|VPnode d=0.00|VWAPside|ADX=49]
2026.05.19 08:00:00;VETO;authorization denied: outside session window (server hour 08, window 12-20)
2026.05.19 08:15:00;VETO;authorization denied: outside session window (server hour 08, window 12-20)
2026.05.19 08:30:00;VETO;authorization denied: outside session window (server hour 08, window 12-20)
2026.05.19 08:45:00;VETO;authorization denied: outside session window (server hour 08, window 12-20)
2026.05.19 10:00:00;VETO;signal rejected: volume: relVol 0.92 < 1.00
2026.05.19 12:15:00;VETO;signal rejected: volume: relVol 0.74 < 1.00
2026.05.19 13:00:00;VETO;signal rejected: volume: relVol 0.92 < 1.00
2026.05.19 15:30:00;VETO;signal rejected: volume: relVol 0.50 < 1.00
2026.05.19 16:15:00;DECISION;setup SHORT score=0.85 entry=1.34 inv=1.34 tgt=0.00 AWAIT-RETEST [CHoCH short lvl=1.34|RelVol=1.01|Retest@1.34|VPnode d=0.00|VWAPside|CycleTurn w=0.97<-1.00]
2026.05.19 16:15:00;DECISION;TP capped 0.00398 -> 0.00298 (3.0xATR)
2026.05.19 16:15:00;ORDER;limit SELL 0.39 @ 1.34 sl=1.34 tp=1.34 rc=10009 [WT|CHOCH|0.85|RL]
2026.05.19 16:15:00;RISK;sizing: vol_ratio=1.07 scalar=0.95 gap_buf=0.00048 eff_stop=0.00247
2026.05.19 16:50:40;ORDER;entry fill deal #124 SELL 0.39 @ 1.33996
2026.05.19 17:25:40;MANAGE;#127 SL 1.34 -> 1.34 breakeven
2026.05.19 17:25:40;MANAGE;#127 partial close 0.19 of 0.39 lots
2026.05.19 17:25:40;RISK;deal closed pnl=40.09 streak=0 lock=0
2026.05.19 18:41:40;RISK;deal closed pnl=0.80 streak=0 lock=0
2026.05.19 20:15:00;VETO;signal rejected: volume: relVol 0.61 < 1.00
2026.05.20 00:00:00;VETO;signal rejected: score 0.30 < 0.55 [CHoCH short lvl=1.34|RelVol=1.02|Retest@1.34]
2026.05.20 03:15:00;DECISION;setup SHORT score=0.85 entry=1.34 inv=1.34 tgt=0.00 AWAIT-RETEST [BOS short lvl=1.34|RelVol=1.47|Retest@1.34|VPnode d=0.00|VWAPside|CycleTurn w=0.90<-0.93]
2026.05.20 03:30:00;VETO;authorization denied: outside session window (server hour 03, window 12-20)
2026.05.20 03:45:00;VETO;authorization denied: outside session window (server hour 03, window 12-20)
2026.05.20 04:00:00;VETO;authorization denied: outside session window (server hour 04, window 12-20)
2026.05.20 04:15:00;VETO;authorization denied: outside session window (server hour 04, window 12-20)
2026.05.20 06:30:00;DECISION;setup LONG score=0.65 entry=1.34 inv=1.34 tgt=0.00 AWAIT-RETEST [CHoCH long lvl=1.34|RelVol=1.64|Retest@1.34|VPnode d=0.00|VWAPside]
2026.05.20 06:45:00;VETO;authorization denied: outside session window (server hour 06, window 12-20)
2026.05.20 07:00:00;VETO;authorization denied: outside session window (server hour 07, window 12-20)
2026.05.20 07:15:00;VETO;authorization denied: outside session window (server hour 07, window 12-20)
2026.05.20 07:30:00;VETO;authorization denied: outside session window (server hour 07, window 12-20)
2026.05.20 09:45:00;VETO;signal rejected: volume: relVol 0.96 < 1.00
2026.05.20 13:45:00;VETO;signal rejected: volume: relVol 0.92 < 1.00
2026.05.20 17:30:00;VETO;outlier bar masked, z=11.2
2026.05.20 18:00:00;VETO;outlier bar masked, z=3.6
2026.05.20 18:15:00;VETO;outlier bar masked, z=3.7
2026.05.20 18:30:00;VETO;outlier bar masked, z=10.6
2026.05.21 02:45:00;VETO;signal rejected: volume: relVol 0.69 < 1.00
2026.05.21 04:15:00;VETO;signal rejected: volume: relVol 0.74 < 1.00
2026.05.21 05:30:00;DECISION;setup SHORT score=0.85 entry=1.34 inv=1.34 tgt=0.00 AWAIT-RETEST [CHoCH short lvl=1.34|RelVol=1.03|Retest@1.34|VPnode d=0.00|VWAPside|CycleTurn w=-0.14<-0.82]
2026.05.21 05:45:00;VETO;authorization denied: outside session window (server hour 05, window 12-20)
2026.05.21 06:00:00;VETO;authorization denied: outside session window (server hour 06, window 12-20)
2026.05.21 06:15:00;VETO;authorization denied: outside session window (server hour 06, window 12-20)
2026.05.21 06:30:00;VETO;authorization denied: outside session window (server hour 06, window 12-20)
2026.05.21 08:00:00;DECISION;setup LONG score=0.75 entry=1.34 inv=1.34 tgt=0.00 AWAIT-RETEST [CHoCH long lvl=1.34|RelVol=1.03|Retest@1.34|VPnode d=0.00|CycleTurn w=-0.74<--0.92]
2026.05.21 08:15:00;VETO;authorization denied: outside session window (server hour 08, window 12-20)
2026.05.21 08:30:00;VETO;authorization denied: outside session window (server hour 08, window 12-20)
2026.05.21 08:45:00;VETO;authorization denied: outside session window (server hour 08, window 12-20)
2026.05.21 09:00:00;VETO;authorization denied: outside session window (server hour 09, window 12-20)
2026.05.21 09:15:00;VETO;signal rejected: volume: relVol 0.63 < 1.00
2026.05.21 10:30:00;VETO;outlier bar masked, z=3.5
2026.05.21 11:15:00;VETO;outlier bar masked, z=3.7
2026.05.21 15:30:00;VETO;signal rejected: volume: relVol 0.78 < 1.00
2026.05.21 17:00:00;VETO;outlier bar masked, z=4.0
2026.05.21 20:15:00;DECISION;setup LONG score=0.55 entry=1.34 inv=1.34 tgt=0.00 AWAIT-RETEST [CHoCH long lvl=1.34|RelVol=1.18|Retest@1.34|VPnode d=0.00]
2026.05.21 22:00:00;VETO;outlier bar masked, z=4.4
2026.05.22 06:15:00;VETO;signal rejected: volume: relVol 0.87 < 1.00
2026.05.22 09:00:00;VETO;signal rejected: volume: relVol 0.94 < 1.00
2026.05.22 10:15:00;VETO;signal rejected: volume: relVol 0.59 < 1.00
2026.05.22 11:30:00;VETO;signal rejected: volume: relVol 0.89 < 1.00
2026.05.22 16:00:00;VETO;signal rejected: volume: relVol 0.52 < 1.00
2026.05.22 16:15:00;VETO;outlier bar masked, z=5.5
2026.05.25 00:00:00;VETO;signal rejected: score 0.30 < 0.55 [CHoCH short lvl=1.34|RelVol=1.24|Retest@1.34]
2026.05.25 00:15:00;VETO;outlier bar masked, z=5.4
2026.05.25 00:30:00;DECISION;setup LONG score=0.85 entry=1.35 inv=1.34 tgt=0.00 AWAIT-RETEST [CHoCH long lvl=1.35|RelVol=1.65|Retest@1.35|VPnode d=0.00|VWAPside|CycleTurn w=-0.86<--1.00]
2026.05.25 00:45:00;VETO;authorization denied: outside session window (server hour 00, window 12-20)
2026.05.25 01:00:00;VETO;authorization denied: outside session window (server hour 01, window 12-20)
2026.05.25 01:15:00;VETO;outlier bar masked, z=6.0
2026.05.25 01:30:00;VETO;authorization denied: outside session window (server hour 01, window 12-20)
2026.05.25 01:45:00;VETO;authorization denied: outside session window (server hour 01, window 12-20)
2026.05.25 04:30:00;VETO;signal rejected: volume: relVol 0.64 < 1.00
2026.05.25 06:00:00;VETO;signal rejected: volume: relVol 0.77 < 1.00
2026.05.25 10:30:00;VETO;signal rejected: volume: relVol 0.84 < 1.00
2026.05.25 11:30:00;VETO;signal rejected: volume: relVol 0.49 < 1.00
2026.05.25 14:45:00;VETO;signal rejected: volume: relVol 0.49 < 1.00
2026.05.25 20:30:00;VETO;signal rejected: volume: relVol 0.13 < 1.00
2026.05.25 22:45:00;VETO;signal rejected: volume: relVol 0.12 < 1.00
2026.05.26 00:15:00;VETO;outlier bar masked, z=6.0
2026.05.26 00:30:00;VETO;signal rejected: volume: relVol 0.93 < 1.00
2026.05.26 04:45:00;VETO;signal rejected: volume: relVol 0.82 < 1.00
2026.05.26 08:00:00;VETO;signal rejected: volume: relVol 0.47 < 1.00
2026.05.26 10:15:00;VETO;outlier bar masked, z=4.8
2026.05.26 10:30:00;VETO;signal rejected: volume: relVol 0.87 < 1.00
2026.05.26 12:30:00;VETO;signal rejected: volume: relVol 0.92 < 1.00
2026.05.26 16:30:00;VETO;signal rejected: volume: relVol 0.92 < 1.00
2026.05.26 18:00:00;VETO;signal rejected: volume: relVol 0.84 < 1.00
2026.05.26 23:15:00;VETO;signal rejected: volume: relVol 0.61 < 1.00
2026.05.27 02:15:00;VETO;signal rejected: volume: relVol 0.61 < 1.00
2026.05.27 09:00:00;VETO;signal rejected: volume: relVol 0.65 < 1.00
2026.05.27 11:00:00;VETO;signal rejected: volume: relVol 0.74 < 1.00
2026.05.27 13:30:00;VETO;signal rejected: volume: relVol 0.62 < 1.00
2026.05.27 15:30:00;VETO;outlier bar masked, z=8.9
2026.05.27 17:45:00;VETO;outlier bar masked, z=3.7
2026.05.27 18:00:00;VETO;outlier bar masked, z=11.9
2026.05.27 20:15:00;VETO;outlier bar masked, z=3.6
2026.05.28 00:15:00;VETO;outlier bar masked, z=4.6
2026.05.28 04:00:00;VETO;signal rejected: volume: relVol 0.86 < 1.00
2026.05.28 06:15:00;DECISION;setup SHORT score=0.60 entry=1.34 inv=1.34 tgt=0.00 [BOS short lvl=1.34|RelVol=1.01|VPnear|VWAPside|ADX=44]
2026.05.28 06:15:00;VETO;authorization denied: outside session window (server hour 06, window 12-20)
2026.05.28 06:30:00;VETO;authorization denied: outside session window (server hour 06, window 12-20)
2026.05.28 06:45:00;VETO;authorization denied: outside session window (server hour 06, window 12-20)
2026.05.28 07:00:00;VETO;authorization denied: outside session window (server hour 07, window 12-20)
2026.05.28 10:15:00;VETO;signal rejected: volume: relVol 0.98 < 1.00
2026.05.28 13:15:00;VETO;signal rejected: volume: relVol 0.80 < 1.00
2026.05.28 15:30:00;VETO;signal rejected: volume: relVol 0.58 < 1.00
2026.05.28 17:15:00;VETO;outlier bar masked, z=12.2
2026.05.29 03:30:00;VETO;signal rejected: volume: relVol 0.52 < 1.00
2026.05.29 06:15:00;VETO;signal rejected: volume: relVol 0.82 < 1.00
2026.05.29 10:15:00;VETO;signal rejected: volume: relVol 0.74 < 1.00
2026.05.29 11:45:00;VETO;signal rejected: volume: relVol 0.74 < 1.00
2026.05.29 16:45:00;VETO;signal rejected: volume: relVol 0.68 < 1.00
2026.05.29 18:00:00;VETO;outlier bar masked, z=15.0
2026.05.29 18:45:00;VETO;outlier bar masked, z=4.2
2026.06.01 00:00:30;VETO;signal rejected: score 0.30 < 0.55 [CHoCH short lvl=1.35|RelVol=2.02|Retest@1.35]
2026.06.01 01:00:00;VETO;outlier bar masked, z=3.6
2026.06.01 01:45:00;DECISION;setup SHORT score=0.75 entry=1.34 inv=1.35 tgt=0.00 [BOS short lvl=1.34|RelVol=2.25|VPnode d=0.00|VWAPside|ADX=37]
2026.06.01 01:45:00;VETO;authorization denied: outside session window (server hour 01, window 12-20)
2026.06.01 02:00:00;VETO;authorization denied: outside session window (server hour 02, window 12-20)
2026.06.01 02:15:00;VETO;authorization denied: outside session window (server hour 02, window 12-20)
2026.06.01 02:30:00;VETO;authorization denied: outside session window (server hour 02, window 12-20)
2026.06.01 08:15:00;VETO;signal rejected: volume: relVol 0.73 < 1.00
2026.06.01 16:15:00;VETO;outlier bar masked, z=7.2
2026.06.01 16:30:00;VETO;outlier bar masked, z=4.3
2026.06.01 20:00:00;DECISION;setup LONG score=0.65 entry=1.35 inv=1.34 tgt=0.00 AWAIT-RETEST [CHoCH long lvl=1.35|RelVol=1.22|Retest@1.35|VPnode d=0.00|VWAPside]
2026.06.01 20:15:00;VETO;authorization denied: outside session window (server hour 20, window 12-20)
2026.06.01 20:30:00;VETO;authorization denied: outside session window (server hour 20, window 12-20)
2026.06.01 20:45:00;VETO;authorization denied: outside session window (server hour 20, window 12-20)
2026.06.01 21:00:00;VETO;authorization denied: outside session window (server hour 21, window 12-20)
2026.06.02 00:30:00;DECISION;setup SHORT score=0.65 entry=1.35 inv=1.35 tgt=0.00 AWAIT-RETEST [CHoCH short lvl=1.35|RelVol=2.14|Retest@1.35|VPnode d=0.00|VWAPside]
2026.06.02 00:45:00;VETO;authorization denied: outside session window (server hour 00, window 12-20)
2026.06.02 01:00:00;VETO;authorization denied: outside session window (server hour 01, window 12-20)
2026.06.02 01:15:00;VETO;authorization denied: outside session window (server hour 01, window 12-20)
2026.06.02 01:30:00;VETO;authorization denied: outside session window (server hour 01, window 12-20)
2026.06.02 05:00:00;DECISION;setup SHORT score=0.65 entry=1.35 inv=1.35 tgt=0.00 [BOS short lvl=1.35|RelVol=1.10|VPnode d=0.00|VWAPside]
2026.06.02 05:00:00;VETO;authorization denied: outside session window (server hour 05, window 12-20)
2026.06.02 05:15:00;VETO;authorization denied: outside session window (server hour 05, window 12-20)
2026.06.02 05:30:00;VETO;authorization denied: outside session window (server hour 05, window 12-20)
2026.06.02 05:45:00;VETO;authorization denied: outside session window (server hour 05, window 12-20)
2026.06.02 07:45:00;VETO;signal rejected: volume: relVol 0.49 < 1.00
2026.06.02 11:30:00;VETO;signal rejected: volume: relVol 0.88 < 1.00
2026.06.02 15:30:00;VETO;signal rejected: volume: relVol 0.66 < 1.00
2026.06.02 17:45:00;VETO;signal rejected: volume: relVol 0.61 < 1.00
2026.06.02 20:30:00;VETO;signal rejected: volume: relVol 0.64 < 1.00
2026.06.03 02:30:00;DECISION;setup SHORT score=0.60 entry=1.35 inv=1.35 tgt=0.00 [BOS short lvl=1.35|RelVol=1.42|VPnear|VWAPside|ADX=35]
2026.06.03 02:30:00;VETO;authorization denied: outside session window (server hour 02, window 12-20)
2026.06.03 02:45:00;VETO;authorization denied: outside session window (server hour 02, window 12-20)
2026.06.03 03:00:00;VETO;authorization denied: outside session window (server hour 03, window 12-20)
2026.06.03 03:15:00;VETO;authorization denied: outside session window (server hour 03, window 12-20)
2026.06.03 04:45:00;VETO;signal rejected: volume: relVol 0.66 < 1.00
2026.06.03 09:00:00;VETO;signal rejected: volume: relVol 0.66 < 1.00
2026.06.03 10:45:00;VETO;outlier bar masked, z=6.1
2026.06.03 11:45:00;VETO;outlier bar masked, z=4.1
2026.06.03 15:45:00;VETO;signal rejected: volume: relVol 0.96 < 1.00
2026.06.03 19:45:00;VETO;signal rejected: volume: relVol 0.87 < 1.00
2026.06.03 21:15:00;VETO;signal rejected: volume: relVol 0.63 < 1.00
2026.06.04 02:00:00;VETO;signal rejected: score 0.50 < 0.55 [CHoCH long lvl=1.34|RelVol=1.48|Retest@1.34|VPnear|VWAPside]
2026.06.04 03:45:00;VETO;signal rejected: volume: relVol 0.90 < 1.00
2026.06.04 06:15:00;VETO;signal rejected: volume: relVol 0.65 < 1.00
2026.06.04 07:45:00;DECISION;setup LONG score=0.85 entry=1.34 inv=1.34 tgt=0.00 AWAIT-RETEST [CHoCH long lvl=1.34|RelVol=1.26|Retest@1.34|VPnode d=0.00|VWAPside|CycleTurn w=-0.65<--0.94]
2026.06.04 08:00:00;VETO;authorization denied: outside session window (server hour 08, window 12-20)
2026.06.04 08:15:00;VETO;authorization denied: outside session window (server hour 08, window 12-20)
2026.06.04 08:30:00;VETO;authorization denied: outside session window (server hour 08, window 12-20)
2026.06.04 08:45:00;VETO;authorization denied: outside session window (server hour 08, window 12-20)
2026.06.04 09:15:00;VETO;signal rejected: volume: relVol 0.94 < 1.00
2026.06.04 10:45:00;VETO;signal rejected: volume: relVol 0.97 < 1.00
2026.06.04 12:30:00;VETO;signal rejected: volume: relVol 0.97 < 1.00
2026.06.04 14:00:00;VETO;signal rejected: volume: relVol 0.87 < 1.00
2026.06.04 18:30:00;VETO;signal rejected: volume: relVol 0.64 < 1.00
2026.06.04 20:45:00;VETO;signal rejected: volume: relVol 0.45 < 1.00
2026.06.04 23:30:00;VETO;signal rejected: volume: relVol 0.54 < 1.00
2026.06.05 07:45:00;VETO;signal rejected: volume: relVol 0.94 < 1.00
2026.06.05 09:45:00;VETO;signal rejected: volume: relVol 0.78 < 1.00
2026.06.05 12:15:00;VETO;outlier bar masked, z=6.1
2026.06.05 13:30:00;VETO;signal rejected: volume: relVol 0.78 < 1.00
2026.06.05 15:45:00;VETO;outlier bar masked, z=14.1
2026.06.05 16:00:00;VETO;outlier bar masked, z=11.7
2026.06.05 16:15:00;VETO;outlier bar masked, z=6.0
2026.06.05 16:30:00;VETO;outlier bar masked, z=6.0
2026.06.05 16:45:00;VETO;outlier bar masked, z=4.0
2026.06.05 17:15:00;VETO;outlier bar masked, z=6.8
2026.06.05 18:15:00;VETO;outlier bar masked, z=3.5
2026.06.05 18:45:00;VETO;outlier bar masked, z=4.1
2026.06.05 19:15:00;VETO;outlier bar masked, z=3.6
2026.06.05 21:15:00;VETO;signal rejected: score 0.50 < 0.55 [BOS short lvl=1.33|RelVol=1.30|VWAPside|ADX=70]
2026.06.08 00:00:00;VETO;signal rejected: score 0.30 < 0.55 [CHoCH long lvl=1.33|RelVol=1.63|Retest@1.33]
2026.06.08 00:15:00;VETO;outlier bar masked, z=4.9
2026.06.08 02:45:00;DECISION;setup LONG score=0.65 entry=1.33 inv=1.33 tgt=0.00 AWAIT-RETEST [CHoCH long lvl=1.33|RelVol=1.03|Retest@1.33|VPnode d=0.00|VWAPside]
2026.06.08 03:00:00;VETO;authorization denied: outside session window (server hour 03, window 12-20)
2026.06.08 03:15:00;VETO;authorization denied: outside session window (server hour 03, window 12-20)
2026.06.08 03:30:00;VETO;authorization denied: outside session window (server hour 03, window 12-20)
2026.06.08 03:45:00;VETO;authorization denied: outside session window (server hour 03, window 12-20)
2026.06.08 04:30:00;VETO;outlier bar masked, z=4.1
2026.06.08 07:30:00;VETO;signal rejected: volume: relVol 0.70 < 1.00
2026.06.08 08:45:00;DECISION;setup SHORT score=0.55 entry=1.33 inv=1.33 tgt=0.00 AWAIT-RETEST [CHoCH short lvl=1.33|RelVol=2.66|Retest@1.33|VPnode d=0.00]
2026.06.08 09:00:00;VETO;authorization denied: outside session window (server hour 09, window 12-20)
2026.06.08 09:15:00;VETO;authorization denied: outside session window (server hour 09, window 12-20)
2026.06.08 09:30:00;VETO;authorization denied: outside session window (server hour 09, window 12-20)
2026.06.08 09:45:00;VETO;authorization denied: outside session window (server hour 09, window 12-20)
2026.06.08 12:15:00;DECISION;setup SHORT score=0.85 entry=1.33 inv=1.33 tgt=0.00 [BOS short lvl=1.33|RelVol=1.38|VPnode d=0.00|VWAPside|CycleTurn w=-0.56<-0.40]
2026.06.08 12:15:00;DECISION;TP capped 0.00580 -> 0.00435 (3.0xATR)
2026.06.08 12:15:00;ORDER;filled SELL 0.24 lots sl=1.33 tp=1.33 [WT|BOS|0.85]
2026.06.08 12:15:00;RISK;sizing: vol_ratio=1.23 scalar=0.83 gap_buf=0.00054 eff_stop=0.00344
2026.06.08 12:15:00;ORDER;entry fill deal #127 SELL 0.24 @ 1.33177
2026.06.08 13:34:40;RISK;deal closed pnl=-69.60 streak=1 lock=0
2026.06.08 14:15:00;DECISION;setup LONG score=0.65 entry=1.33 inv=1.33 tgt=0.00 AWAIT-RETEST [CHoCH long lvl=1.33|RelVol=1.32|Retest@1.33|VPnode d=0.00|VWAPside]
2026.06.08 14:15:00;DECISION;TP capped 0.00880 -> 0.00660 (3.0xATR)
2026.06.08 14:15:00;ORDER;limit BUY 0.16 @ 1.33 sl=1.33 tp=1.34 rc=10009 [WT|CHOCH|0.65|RL]
2026.06.08 14:15:00;RISK;sizing: vol_ratio=1.26 scalar=0.80 gap_buf=0.00058 eff_stop=0.00498
2026.06.08 15:50:40;ORDER;entry fill deal #129 BUY 0.16 @ 1.33496
2026.06.08 17:30:00;DECISION;setup SHORT score=0.75 entry=1.33 inv=1.34 tgt=0.00 AWAIT-RETEST [CHoCH short lvl=1.33|RelVol=1.18|Retest@1.33|VPnode d=0.00|CycleTurn w=-0.69<-0.07]
2026.06.08 17:30:00;VETO;retest limit risk veto: max positions
2026.06.08 17:45:00;DECISION;TP capped 0.00428 -> 0.00321 (3.0xATR)
2026.06.08 17:45:00;VETO;risk veto: max positions
2026.06.08 22:00:00;VETO;signal rejected: score 0.50 < 0.55 [BOS short lvl=1.33|RelVol=1.08|VPnear|VWAPside]
2026.06.09 03:00:00;VETO;signal rejected: volume: relVol 0.88 < 1.00
2026.06.09 04:30:00;DECISION;setup LONG score=0.85 entry=1.33 inv=1.33 tgt=0.00 AWAIT-RETEST [CHoCH long lvl=1.33|RelVol=1.23|Retest@1.33|VPnode d=0.00|VWAPside|CycleTurn w=-0.22<--0.89]
2026.06.09 07:30:00;VETO;signal rejected: volume: relVol 0.65 < 1.00
2026.06.09 11:30:00;DECISION;setup LONG score=0.70 entry=1.34 inv=1.34 tgt=0.00 [BOS long lvl=1.34|RelVol=1.01|VWAPside|CycleTurn w=0.59<--0.33|ADX=33]
2026.06.09 11:30:00;VETO;authorization denied: outside session window (server hour 11, window 12-20)
2026.06.09 11:45:00;VETO;authorization denied: outside session window (server hour 11, window 12-20)
2026.06.09 12:00:00;DECISION;TP capped 0.00446 -> 0.00335 (3.0xATR)
2026.06.09 12:00:00;VETO;risk veto: max positions
2026.06.09 13:21:40;MANAGE;#132 SL 1.33 -> 1.34 breakeven
2026.06.09 13:21:40;MANAGE;#132 partial close 0.08 of 0.16 lots
2026.06.09 13:21:40;RISK;deal closed pnl=35.58 streak=0 lock=0
2026.06.09 13:21:59;MANAGE;#132 SL 1.34 -> 1.34 trail
2026.06.09 13:25:40;MANAGE;#132 SL 1.34 -> 1.34 trail
2026.06.09 13:26:40;MANAGE;#132 SL 1.34 -> 1.34 trail
2026.06.09 13:30:00;VETO;signal rejected: volume: relVol 0.87 < 1.00
2026.06.09 13:44:40;MANAGE;#132 SL 1.34 -> 1.34 trail
2026.06.09 14:06:40;MANAGE;#132 SL 1.34 -> 1.34 trail
2026.06.09 14:08:40;MANAGE;#132 SL 1.34 -> 1.34 trail
2026.06.09 14:28:20;MANAGE;#132 SL 1.34 -> 1.34 trail
2026.06.09 14:50:40;MANAGE;#132 SL 1.34 -> 1.34 trail
2026.06.09 14:51:40;MANAGE;#132 SL 1.34 -> 1.34 trail
2026.06.09 14:54:40;MANAGE;#132 SL 1.34 -> 1.34 trail
2026.06.09 14:57:40;MANAGE;#132 SL 1.34 -> 1.34 trail
2026.06.09 15:03:40;MANAGE;#132 SL 1.34 -> 1.34 trail
2026.06.09 16:00:40;MANAGE;#132 SL 1.34 -> 1.34 trail
2026.06.09 16:13:40;MANAGE;#132 SL 1.34 -> 1.34 trail
2026.06.09 16:34:40;RISK;deal closed pnl=37.99 streak=0 lock=0
2026.06.09 17:00:00;VETO;outlier bar masked, z=4.0
2026.06.09 18:30:00;VETO;outlier bar masked, z=3.8
2026.06.09 18:45:00;VETO;outlier bar masked, z=4.0
2026.06.09 19:45:00;VETO;outlier bar masked, z=6.5
2026.06.09 20:30:00;VETO;outlier bar masked, z=3.9
2026.06.10 00:30:00;DECISION;setup SHORT score=0.65 entry=1.34 inv=1.34 tgt=0.00 AWAIT-RETEST [BOS short lvl=1.34|RelVol=1.28|Retest@1.34|VPnode d=0.00|ADX=32]
2026.06.10 00:45:00;VETO;authorization denied: outside session window (server hour 00, window 12-20)
2026.06.10 01:00:00;VETO;authorization denied: outside session window (server hour 01, window 12-20)
2026.06.10 01:15:00;VETO;authorization denied: outside session window (server hour 01, window 12-20)
2026.06.10 01:30:00;VETO;authorization denied: outside session window (server hour 01, window 12-20)
2026.06.10 03:15:00;DECISION;setup LONG score=0.85 entry=1.34 inv=1.34 tgt=0.00 AWAIT-RETEST [CHoCH long lvl=1.34|RelVol=1.30|Retest@1.34|VPnode d=0.00|VWAPside|CycleTurn w=-0.48<--0.95]
2026.06.10 03:30:00;VETO;authorization denied: outside session window (server hour 03, window 12-20)
2026.06.10 03:45:00;VETO;authorization denied: outside session window (server hour 03, window 12-20)
2026.06.10 04:00:00;VETO;authorization denied: outside session window (server hour 04, window 12-20)
2026.06.10 04:15:00;VETO;authorization denied: outside session window (server hour 04, window 12-20)
2026.06.10 05:30:00;DECISION;setup LONG score=0.65 entry=1.34 inv=1.34 tgt=0.00 [BOS long lvl=1.34|RelVol=1.11|VPnode d=0.00|VWAPside]
2026.06.10 05:30:00;VETO;authorization denied: outside session window (server hour 05, window 12-20)
2026.06.10 05:45:00;VETO;authorization denied: outside session window (server hour 05, window 12-20)
2026.06.10 06:00:00;VETO;authorization denied: outside session window (server hour 06, window 12-20)
2026.06.10 06:15:00;VETO;authorization denied: outside session window (server hour 06, window 12-20)
2026.06.10 08:45:00;DECISION;setup LONG score=0.60 entry=1.34 inv=1.34 tgt=0.00 [BOS long lvl=1.34|RelVol=1.60|VWAPside|CycleTurn w=0.72<-0.69]
2026.06.10 08:45:00;VETO;authorization denied: outside session window (server hour 08, window 12-20)
2026.06.10 09:00:00;VETO;authorization denied: outside session window (server hour 09, window 12-20)
2026.06.10 09:15:00;VETO;authorization denied: outside session window (server hour 09, window 12-20)
2026.06.10 09:30:00;VETO;authorization denied: outside session window (server hour 09, window 12-20)
2026.06.10 12:15:00;DECISION;setup SHORT score=0.65 entry=1.34 inv=1.34 tgt=0.00 AWAIT-RETEST [CHoCH short lvl=1.34|RelVol=1.09|Retest@1.34|VPnode d=0.00|VWAPside]
2026.06.10 12:15:00;DECISION;TP capped 0.00331 -> 0.00248 (3.0xATR)
2026.06.10 12:15:00;ERROR;limit SELL 0.52 @ 1.34 sl=1.34 tp=1.34 rc=10015 [WT|CHOCH|0.65|RL]
2026.06.10 12:30:00;DECISION;TP capped 0.00204 -> 0.00203 (3.0xATR)
2026.06.10 12:30:00;ORDER;filled SELL 0.76 lots sl=1.34 tp=1.34 [WT|CHOCH|0.65]
2026.06.10 12:30:00;RISK;sizing: vol_ratio=0.98 scalar=1.00 gap_buf=0.00034 eff_stop=0.00136
2026.06.10 12:30:00;ORDER;entry fill deal #132 SELL 0.76 @ 1.33866
2026.06.10 12:45:00;DECISION;setup LONG score=0.65 entry=1.34 inv=1.34 tgt=0.00 AWAIT-RETEST [CHoCH long lvl=1.34|RelVol=1.35|Retest@1.34|VPnode d=0.00|VWAPside]
2026.06.10 12:45:00;VETO;retest limit risk veto: max positions
2026.06.10 12:45:40;RISK;deal closed pnl=-77.52 streak=1 lock=0
2026.06.10 13:45:00;DECISION;TP capped 0.00250 -> 0.00187 (3.0xATR)
2026.06.10 13:45:00;ORDER;filled BUY 0.66 lots sl=1.34 tp=1.34 [WT|CHOCH|0.65]
2026.06.10 13:45:00;RISK;sizing: vol_ratio=0.87 scalar=1.00 gap_buf=0.00029 eff_stop=0.00154
2026.06.10 13:45:00;ORDER;entry fill deal #134 BUY 0.66 @ 1.33944
2026.06.10 14:04:40;RISK;deal closed pnl=-82.50 streak=2 lock=0
2026.06.10 14:15:00;VETO;outlier bar masked, z=4.1
2026.06.10 14:45:00;DECISION;setup SHORT score=0.85 entry=1.34 inv=1.34 tgt=0.00 AWAIT-RETEST [CHoCH short lvl=1.34|RelVol=1.72|Retest@1.34|VPnode d=0.00|VWAPside|CycleTurn w=-0.69<-0.20]
2026.06.10 14:45:00;DECISION;TP capped 0.00408 -> 0.00306 (3.0xATR)
2026.06.10 14:45:00;ORDER;limit SELL 0.41 @ 1.34 sl=1.34 tp=1.33 rc=10009 [WT|CHOCH|0.85|RL]
2026.06.10 14:45:00;RISK;sizing: vol_ratio=1.04 scalar=0.97 gap_buf=0.00037 eff_stop=0.00240
2026.06.10 14:47:40;ORDER;entry fill deal #136 SELL 0.41 @ 1.33790
2026.06.10 15:30:40;RISK;deal closed pnl=-83.64 streak=3 lock=2
2026.06.10 15:45:00;VETO;outlier bar masked, z=4.6
2026.06.10 16:00:00;VETO;outlier bar masked, z=4.4
2026.06.10 16:45:00;VETO;outlier bar masked, z=4.0
2026.06.10 19:00:00;VETO;outlier bar masked, z=3.6
2026.06.10 22:15:00;DECISION;setup SHORT score=0.65 entry=1.34 inv=1.34 tgt=0.00 AWAIT-RETEST [CHoCH short lvl=1.34|RelVol=1.49|Retest@1.34|VPnode d=0.00|VWAPside]
2026.06.10 22:45:00;VETO;authorization denied: global lock (LOSS_STREAK)
2026.06.10 23:00:00;VETO;authorization denied: global lock (LOSS_STREAK)
2026.06.10 23:15:00;VETO;authorization denied: global lock (LOSS_STREAK)
2026.06.10 23:30:00;VETO;authorization denied: global lock (LOSS_STREAK)
2026.06.11 02:15:00;DECISION;setup SHORT score=0.60 entry=1.34 inv=1.34 tgt=0.00 AWAIT-RETEST [BOS short lvl=1.34|RelVol=2.35|Retest@1.34|VPnear|VWAPside|ADX=42]
2026.06.11 02:30:00;VETO;authorization denied: outside session window (server hour 02, window 12-20)
2026.06.11 02:45:00;VETO;authorization denied: outside session window (server hour 02, window 12-20)
2026.06.11 03:00:00;VETO;authorization denied: outside session window (server hour 03, window 12-20)
2026.06.11 03:15:00;VETO;authorization denied: outside session window (server hour 03, window 12-20)
2026.06.11 04:15:00;DECISION;setup LONG score=0.65 entry=1.34 inv=1.33 tgt=0.00 AWAIT-RETEST [CHoCH long lvl=1.34|RelVol=1.40|Retest@1.34|VPnode d=0.00|VWAPside]
2026.06.11 10:30:00;VETO;signal rejected: volume: relVol 0.91 < 1.00
2026.06.11 11:30:00;VETO;signal rejected: volume: relVol 0.81 < 1.00
2026.06.11 13:15:00;VETO;signal rejected: volume: relVol 0.90 < 1.00
2026.06.11 15:30:00;VETO;outlier bar masked, z=6.8
2026.06.11 15:45:00;VETO;outlier bar masked, z=3.8
2026.06.11 17:15:00;VETO;outlier bar masked, z=3.6
2026.06.11 17:30:00;VETO;signal rejected: volume: relVol 0.97 < 1.00
2026.06.11 20:30:00;VETO;outlier bar masked, z=8.1
2026.06.11 20:45:00;VETO;outlier bar masked, z=18.0
2026.06.11 21:00:00;VETO;outlier bar masked, z=5.6
2026.06.11 22:15:00;VETO;outlier bar masked, z=4.9
2026.06.12 00:15:00;VETO;outlier bar masked, z=5.9
2026.06.12 01:15:00;VETO;outlier bar masked, z=3.6
2026.06.12 06:45:00;DECISION;setup LONG score=0.85 entry=1.34 inv=1.34 tgt=0.00 [BOS long lvl=1.34|RelVol=1.61|VPnode d=0.00|VWAPside|CycleTurn w=-0.93<--0.98]
2026.06.12 06:45:00;VETO;authorization denied: outside session window (server hour 06, window 12-20)
2026.06.12 07:00:00;VETO;authorization denied: outside session window (server hour 07, window 12-20)
2026.06.12 07:15:00;VETO;authorization denied: outside session window (server hour 07, window 12-20)
2026.06.12 07:30:00;VETO;authorization denied: outside session window (server hour 07, window 12-20)
2026.06.12 09:00:00;DECISION;setup SHORT score=0.65 entry=1.34 inv=1.34 tgt=0.00 AWAIT-RETEST [CHoCH short lvl=1.34|RelVol=1.60|Retest@1.34|VPnode d=0.00|VWAPside]
2026.06.12 09:15:00;VETO;authorization denied: outside session window (server hour 09, window 12-20)
2026.06.12 09:30:00;VETO;authorization denied: outside session window (server hour 09, window 12-20)
2026.06.12 09:45:00;VETO;authorization denied: outside session window (server hour 09, window 12-20)
2026.06.12 10:00:00;VETO;authorization denied: outside session window (server hour 10, window 12-20)
2026.06.12 10:30:00;VETO;signal rejected: score 0.50 < 0.55 [BOS short lvl=1.34|RelVol=1.17|VPnear|VWAPside]
2026.06.12 11:30:00;VETO;outlier bar masked, z=4.2
2026.06.12 11:45:00;DECISION;setup LONG score=0.85 entry=1.34 inv=1.34 tgt=0.00 AWAIT-RETEST [CHoCH long lvl=1.34|RelVol=1.65|Retest@1.34|VPnode d=0.00|VWAPside|CycleTurn w=-0.68<--0.95]
2026.06.12 12:00:00;DECISION;TP capped 0.00608 -> 0.00456 (3.0xATR)
2026.06.12 12:00:00;ORDER;filled BUY 0.27 lots sl=1.34 tp=1.35 [WT|CHOCH|0.85]
2026.06.12 12:00:00;RISK;sizing: vol_ratio=1.06 scalar=0.96 gap_buf=0.00048 eff_stop=0.00352
2026.06.12 12:00:00;ORDER;entry fill deal #138 BUY 0.27 @ 1.34136
2026.06.12 15:15:00;DECISION;setup SHORT score=0.65 entry=1.34 inv=1.34 tgt=0.00 AWAIT-RETEST [CHoCH short lvl=1.34|RelVol=1.23|Retest@1.34|VPnode d=0.00|VWAPside]
2026.06.12 15:15:00;VETO;retest limit risk veto: max positions
2026.06.12 15:30:00;DECISION;TP capped 0.00720 -> 0.00540 (3.0xATR)
2026.06.12 15:30:00;VETO;risk veto: max positions
2026.06.12 18:00:00;VETO;outlier bar masked, z=3.8
2026.06.12 18:15:00;DECISION;setup LONG score=0.85 entry=1.34 inv=1.34 tgt=0.00 AWAIT-RETEST [CHoCH long lvl=1.34|RelVol=5.06|Retest@1.34|VPnode d=0.00|VWAPside|CycleTurn w=0.79<-0.74]
2026.06.12 18:15:00;VETO;retest limit risk veto: max positions
2026.06.12 18:30:00;DECISION;TP capped 0.00686 -> 0.00515 (3.0xATR)
2026.06.12 18:30:00;VETO;risk veto: max positions
2026.06.12 22:00:00;RISK;FLATTEN ALL: Friday flatten: weekend gap protection
2026.06.12 22:00:00;RISK;deal closed pnl=6.21 streak=0 lock=0
2026.06.12 23:00:00;DECISION;setup SHORT score=0.60 entry=1.34 inv=1.34 tgt=0.00 AWAIT-RETEST [CHoCH short lvl=1.34|RelVol=5.06|Retest@1.34|VPnear|CycleTurn w=-0.63<-0.24]
2026.06.12 23:15:00;VETO;authorization denied: outside session window (server hour 23, window 12-20)
2026.06.12 23:30:00;VETO;authorization denied: outside session window (server hour 23, window 12-20)
2026.06.12 23:45:00;VETO;authorization denied: outside session window (server hour 23, window 12-20)
2026.06.15 00:00:00;VETO;authorization denied: outside session window (server hour 00, window 12-20)
2026.06.15 00:45:00;DECISION;setup LONG score=0.85 entry=1.34 inv=1.34 tgt=0.00 AWAIT-RETEST [CHoCH long lvl=1.34|RelVol=1.55|Retest@1.34|VPnode d=0.00|VWAPside|CycleTurn w=-0.86<--0.98]
2026.06.15 01:00:00;VETO;authorization denied: outside session window (server hour 01, window 12-20)
2026.06.15 01:15:00;VETO;outlier bar masked, z=6.3
2026.06.15 01:30:00;VETO;authorization denied: outside session window (server hour 01, window 12-20)
2026.06.15 01:45:00;VETO;authorization denied: outside session window (server hour 01, window 12-20)
2026.06.15 02:00:00;VETO;authorization denied: outside session window (server hour 02, window 12-20)
2026.06.15 03:15:00;DECISION;setup LONG score=0.65 entry=1.35 inv=1.34 tgt=0.00 [BOS long lvl=1.35|RelVol=3.74|VPnode d=0.00|VWAPside]
2026.06.15 03:15:00;VETO;authorization denied: outside session window (server hour 03, window 12-20)
2026.06.15 03:30:00;VETO;authorization denied: outside session window (server hour 03, window 12-20)
2026.06.15 03:45:00;VETO;authorization denied: outside session window (server hour 03, window 12-20)
2026.06.15 04:00:00;DECISION;setup SHORT score=0.85 entry=1.34 inv=1.35 tgt=0.00 AWAIT-RETEST [CHoCH short lvl=1.34|RelVol=3.93|Retest@1.34|StopFloored|VPnode d=0.00|VWAPside|CycleTurn w=0.96<-1.00]
2026.06.15 04:15:00;VETO;authorization denied: outside session window (server hour 04, window 12-20)
2026.06.15 04:30:00;VETO;authorization denied: outside session window (server hour 04, window 12-20)
2026.06.15 04:45:00;VETO;authorization denied: outside session window (server hour 04, window 12-20)
2026.06.15 05:00:00;VETO;authorization denied: outside session window (server hour 05, window 12-20)
2026.06.15 11:15:00;DECISION;setup SHORT score=0.75 entry=1.34 inv=1.35 tgt=0.00 [BOS short lvl=1.34|RelVol=3.22|VPnode d=0.00|VWAPside|ADX=35]
2026.06.15 11:15:00;VETO;authorization denied: outside session window (server hour 11, window 12-20)
2026.06.15 11:30:00;VETO;authorization denied: outside session window (server hour 11, window 12-20)
2026.06.15 11:45:00;DECISION;setup SHORT score=0.60 entry=1.34 inv=1.35 tgt=0.00 [BOS short lvl=1.34|RelVol=3.66|VPnear|VWAPside|ADX=34]
2026.06.15 11:45:00;VETO;authorization denied: outside session window (server hour 11, window 12-20)
2026.06.15 12:00:00;DECISION;TP capped 0.00752 -> 0.00564 (3.0xATR)
2026.06.15 12:00:00;ORDER;filled SELL 0.24 lots sl=1.35 tp=1.34 [WT|BOS|0.60]
2026.06.15 12:00:00;RISK;sizing: vol_ratio=0.99 scalar=1.00 gap_buf=0.00039 eff_stop=0.00415
2026.06.15 12:00:00;ORDER;entry fill deal #140 SELL 0.24 @ 1.34228
2026.06.15 14:45:00;DECISION;setup SHORT score=0.70 entry=1.34 inv=1.34 tgt=0.00 [BOS short lvl=1.34|RelVol=3.38|VPnear|VWAPside|CycleTurn w=-0.68<--0.27]
2026.06.15 14:45:00;DECISION;TP capped 0.00250 -> 0.00214 (3.0xATR)
2026.06.15 14:45:00;VETO;risk veto: max positions
2026.06.15 16:30:00;DECISION;setup LONG score=0.75 entry=1.34 inv=1.34 tgt=0.00 AWAIT-RETEST [CHoCH long lvl=1.34|RelVol=2.49|Retest@1.34|VPnode d=0.00|CycleTurn w=0.78<-0.23]
2026.06.15 16:30:00;VETO;retest limit risk veto: max positions
2026.06.15 16:45:00;DECISION;TP capped 0.00336 -> 0.00252 (3.0xATR)
2026.06.15 16:45:00;VETO;risk veto: max positions
2026.06.15 18:45:00;DECISION;setup SHORT score=0.85 entry=1.34 inv=1.34 tgt=0.00 AWAIT-RETEST [CHoCH short lvl=1.34|RelVol=2.10|Retest@1.34|VPnode d=0.00|VWAPside|CycleTurn w=0.98<-1.00]
2026.06.15 18:45:00;VETO;retest limit risk veto: max positions
2026.06.15 19:00:00;DECISION;TP capped 0.00388 -> 0.00291 (3.0xATR)
2026.06.15 19:00:00;VETO;risk veto: max positions
2026.06.15 21:30:00;DECISION;setup SHORT score=0.65 entry=1.34 inv=1.34 tgt=0.00 [BOS short lvl=1.34|RelVol=1.84|VPnode d=0.00|VWAPside]
2026.06.15 21:30:00;VETO;authorization denied: outside session window (server hour 21, window 12-20)
2026.06.15 21:45:00;VETO;authorization denied: outside session window (server hour 21, window 12-20)
2026.06.15 22:00:00;VETO;authorization denied: outside session window (server hour 22, window 12-20)
2026.06.15 22:15:00;VETO;authorization denied: outside session window (server hour 22, window 12-20)
2026.06.16 05:15:00;DECISION;setup SHORT score=0.70 entry=1.34 inv=1.34 tgt=0.00 [BOS short lvl=1.34|RelVol=2.87|VPnear|VWAPside|CycleTurn w=0.09<-0.87]
2026.06.16 05:15:00;VETO;authorization denied: outside session window (server hour 05, window 12-20)
2026.06.16 05:30:00;VETO;authorization denied: outside session window (server hour 05, window 12-20)
2026.06.16 05:45:00;VETO;authorization denied: outside session window (server hour 05, window 12-20)
2026.06.16 06:00:00;VETO;authorization denied: outside session window (server hour 06, window 12-20)
2026.06.16 07:15:00;VETO;signal rejected: score 0.40 < 0.55 [BOS short lvl=1.34|RelVol=3.96|VWAPside]
2026.06.16 10:00:00;DECISION;setup LONG score=0.75 entry=1.34 inv=1.34 tgt=0.00 AWAIT-RETEST [CHoCH long lvl=1.34|RelVol=4.08|Retest@1.34|VPnode d=0.00|CycleTurn w=0.62<-0.02]
2026.06.16 10:15:00;VETO;authorization denied: outside session window (server hour 10, window 12-20)
2026.06.16 10:30:00;VETO;authorization denied: outside session window (server hour 10, window 12-20)
2026.06.16 10:45:00;VETO;authorization denied: outside session window (server hour 10, window 12-20)
2026.06.16 11:00:00;VETO;authorization denied: outside session window (server hour 11, window 12-20)
2026.06.16 14:00:00;DECISION;setup LONG score=0.60 entry=1.34 inv=1.34 tgt=0.00 [BOS long lvl=1.34|RelVol=3.66|VPnear|VWAPside|ADX=40]
2026.06.16 14:00:00;DECISION;TP capped 0.00330 -> 0.00247 (3.0xATR)
2026.06.16 14:00:00;VETO;risk veto: max positions
2026.06.16 15:15:00;DECISION;setup SHORT score=0.75 entry=1.34 inv=1.34 tgt=0.00 AWAIT-RETEST [CHoCH short lvl=1.34|RelVol=3.13|Retest@1.34|VPnode d=0.00|CycleTurn w=-0.60<-0.40]
2026.06.16 15:15:00;VETO;retest limit risk veto: max positions
2026.06.16 15:30:00;DECISION;TP capped 0.00418 -> 0.00313 (3.0xATR)
2026.06.16 15:30:00;VETO;risk veto: max positions
2026.06.16 18:00:00;VETO;outlier bar masked, z=4.6
2026.06.16 19:00:00;VETO;outlier bar masked, z=7.2
2026.06.16 23:15:00;VETO;signal rejected: score 0.30 < 0.55 [CHoCH short lvl=1.34|RelVol=2.15|Retest@1.34]
2026.06.17 09:15:00;VETO;outlier bar masked, z=6.9
2026.06.17 14:15:00;DECISION;setup SHORT score=0.70 entry=1.34 inv=1.34 tgt=0.00 [BOS short lvl=1.34|RelVol=3.64|VPnear|VWAPside|CycleTurn w=-0.66<-0.39]
2026.06.17 14:15:00;DECISION;TP capped 0.00258 -> 0.00194 (3.0xATR)
2026.06.17 14:15:00;VETO;risk veto: max positions
2026.06.17 18:00:00;VETO;outlier bar masked, z=5.6
2026.06.17 21:00:40;RISK;deal closed pnl=134.30 streak=0 lock=0
2026.06.17 21:15:00;VETO;outlier bar masked, z=23.3
2026.06.17 21:30:00;VETO;outlier bar masked, z=3.6
2026.06.17 21:45:00;VETO;outlier bar masked, z=13.6
2026.06.17 22:00:00;VETO;outlier bar masked, z=11.9
2026.06.17 22:15:00;VETO;outlier bar masked, z=21.3
2026.06.17 22:30:00;VETO;outlier bar masked, z=7.1
2026.06.17 22:45:00;VETO;outlier bar masked, z=5.9
2026.06.17 23:00:00;VETO;outlier bar masked, z=5.0
2026.06.18 01:00:00;VETO;outlier bar masked, z=3.8
2026.06.18 02:45:00;DECISION;setup LONG score=0.65 entry=1.33 inv=1.33 tgt=0.00 AWAIT-RETEST [CHoCH long lvl=1.33|RelVol=3.38|Retest@1.33|VPnode d=0.00|VWAPside]
2026.06.18 03:00:00;VETO;authorization denied: outside session window (server hour 03, window 12-20)
2026.06.18 03:15:00;VETO;outlier bar masked, z=4.3
2026.06.18 03:30:00;VETO;authorization denied: outside session window (server hour 03, window 12-20)
2026.06.18 03:45:00;VETO;authorization denied: outside session window (server hour 03, window 12-20)
2026.06.18 04:00:00;VETO;authorization denied: outside session window (server hour 04, window 12-20)
2026.06.18 09:00:00;DECISION;setup SHORT score=0.85 entry=1.33 inv=1.33 tgt=0.00 AWAIT-RETEST [CHoCH short lvl=1.33|RelVol=2.83|Retest@1.33|VPnode d=0.00|VWAPside|CycleTurn w=0.35<-0.88]
2026.06.18 09:15:00;VETO;outlier bar masked, z=5.1
2026.06.18 09:30:00;DECISION;setup LONG score=0.85 entry=1.33 inv=1.33 tgt=0.00 AWAIT-RETEST [CHoCH long lvl=1.33|RelVol=4.30|Retest@1.33|VPnode d=0.00|VWAPside|CycleTurn w=-0.51<--0.60]
2026.06.18 09:45:00;VETO;authorization denied: outside session window (server hour 09, window 12-20)
2026.06.18 10:00:00;VETO;authorization denied: outside session window (server hour 10, window 12-20)
2026.06.18 10:15:00;VETO;outlier bar masked, z=4.1
2026.06.18 10:30:00;DECISION;setup SHORT score=0.70 entry=1.33 inv=1.33 tgt=0.00 AWAIT-RETEST [CHoCH short lvl=1.33|RelVol=2.65|Retest@1.33|VPnear|VWAPside|CycleTurn w=0.73<-0.98]
2026.06.18 11:00:00;VETO;authorization denied: outside session window (server hour 11, window 12-20)
2026.06.18 11:15:00;VETO;outlier bar masked, z=3.5
2026.06.18 11:30:00;VETO;authorization denied: outside session window (server hour 11, window 12-20)
2026.06.18 11:45:00;VETO;outlier bar masked, z=3.6
2026.06.18 12:00:00;VETO;outlier bar masked, z=4.6
2026.06.18 12:15:00;DECISION;TP capped 0.01778 -> 0.01334 (3.0xATR)
2026.06.18 12:15:00;ORDER;filled SELL 0.07 lots sl=1.33 tp=1.31 [WT|CHOCH|0.70]
2026.06.18 12:15:00;RISK;sizing: vol_ratio=1.43 scalar=0.68 gap_buf=0.00067 eff_stop=0.00956
2026.06.18 12:15:00;ORDER;entry fill deal #142 SELL 0.07 @ 1.32362
2026.06.18 14:15:00;VETO;outlier bar masked, z=3.9
2026.06.18 15:15:00;VETO;outlier bar masked, z=3.9
2026.06.18 18:00:00;VETO;signal rejected: score 0.40 < 0.55 [CHoCH long lvl=1.32|RelVol=2.09|Retest@1.33|VPnear]
2026.06.18 19:15:00;DECISION;setup SHORT score=0.70 entry=1.32 inv=1.33 tgt=0.00 AWAIT-RETEST [CHoCH short lvl=1.32|RelVol=2.94|Retest@1.32|VPnear|VWAPside|CycleTurn w=0.85<-0.95]
2026.06.18 19:15:00;VETO;retest limit risk veto: max positions
2026.06.18 19:45:00;DECISION;TP capped 0.00686 -> 0.00514 (3.0xATR)
2026.06.18 19:45:00;VETO;risk veto: max positions
2026.06.18 21:00:00;VETO;signal rejected: score 0.40 < 0.55 [BOS short lvl=1.32|RelVol=2.21|VWAPside]
2026.06.19 05:00:00;DECISION;setup SHORT score=0.85 entry=1.32 inv=1.32 tgt=0.00 AWAIT-RETEST [BOS short lvl=1.32|RelVol=1.64|Retest@1.32|VPnode d=0.00|VWAPside|CycleTurn w=0.93<-0.99]
2026.06.19 05:30:00;VETO;authorization denied: outside session window (server hour 05, window 12-20)
2026.06.19 05:45:00;VETO;authorization denied: outside session window (server hour 05, window 12-20)
2026.06.19 06:00:00;VETO;authorization denied: outside session window (server hour 06, window 12-20)
2026.06.19 06:15:00;VETO;authorization denied: outside session window (server hour 06, window 12-20)
2026.06.19 06:30:00;DECISION;setup SHORT score=0.70 entry=1.32 inv=1.32 tgt=0.00 AWAIT-RETEST [BOS short lvl=1.32|RelVol=3.37|Retest@1.32|VPnear|VWAPside|CycleTurn w=-0.10<-0.52]
2026.06.19 11:30:00;DECISION;setup LONG score=0.65 entry=1.32 inv=1.32 tgt=0.00 AWAIT-RETEST [CHoCH long lvl=1.32|RelVol=1.93|Retest@1.32|VPnode d=0.00|VWAPside]
2026.06.19 16:45:00;VETO;signal rejected: score 0.40 < 0.55 [CHoCH short lvl=1.32|RelVol=1.32|Retest@1.32|VPnear]
2026.06.19 20:45:00;VETO;signal rejected: volume: relVol 0.96 < 1.00
2026.06.19 22:00:00;RISK;FLATTEN ALL: Friday flatten: weekend gap protection
2026.06.19 22:00:00;RISK;deal closed pnl=1.67 streak=0 lock=0
2026.06.22 00:15:00;VETO;outlier bar masked, z=15.4
2026.06.22 03:15:00;DECISION;setup LONG score=0.85 entry=1.32 inv=1.32 tgt=0.00 AWAIT-RETEST [CHoCH long lvl=1.32|RelVol=1.34|Retest@1.32|VPnode d=0.00|VWAPside|CycleTurn w=0.70<--0.41]
2026.06.22 03:30:00;VETO;authorization denied: outside session window (server hour 03, window 12-20)
2026.06.22 03:45:00;VETO;authorization denied: outside session window (server hour 03, window 12-20)
2026.06.22 04:00:00;VETO;authorization denied: outside session window (server hour 04, window 12-20)
2026.06.22 04:15:00;VETO;authorization denied: outside session window (server hour 04, window 12-20)
2026.06.22 07:00:00;DECISION;setup SHORT score=0.70 entry=1.32 inv=1.32 tgt=0.00 AWAIT-RETEST [CHoCH short lvl=1.32|RelVol=2.23|Retest@1.32|VPnear|VWAPside|CycleTurn w=0.80<-0.98]
2026.06.22 08:30:00;VETO;authorization denied: outside session window (server hour 08, window 12-20)
2026.06.22 08:45:00;VETO;authorization denied: outside session window (server hour 08, window 12-20)
2026.06.22 09:00:00;VETO;authorization denied: outside session window (server hour 09, window 12-20)
2026.06.22 09:15:00;VETO;authorization denied: outside session window (server hour 09, window 12-20)
2026.06.22 09:45:00;DECISION;setup SHORT score=0.85 entry=1.32 inv=1.32 tgt=0.00 [BOS short lvl=1.32|RelVol=1.88|VPnode d=0.00|VWAPside|CycleTurn w=0.37<-0.99]
2026.06.22 09:45:00;VETO;authorization denied: outside session window (server hour 09, window 12-20)
2026.06.22 10:00:00;VETO;authorization denied: outside session window (server hour 10, window 12-20)
2026.06.22 10:15:00;VETO;authorization denied: outside session window (server hour 10, window 12-20)
2026.06.22 10:30:00;VETO;authorization denied: outside session window (server hour 10, window 12-20)
2026.06.22 11:30:00;VETO;outlier bar masked, z=6.2
2026.06.22 11:45:00;VETO;outlier bar masked, z=4.1
2026.06.22 12:15:00;VETO;outlier bar masked, z=4.3
2026.06.22 13:15:00;VETO;outlier bar masked, z=3.9
2026.06.22 15:15:00;VETO;outlier bar masked, z=3.9
2026.06.22 17:15:00;VETO;outlier bar masked, z=3.5
2026.06.22 23:00:00;DECISION;setup LONG score=0.70 entry=1.32 inv=1.32 tgt=0.00 [BOS long lvl=1.32|RelVol=1.53|VPnear|VWAPside|CycleTurn w=-0.99<--0.99]
2026.06.22 23:00:00;VETO;authorization denied: outside session window (server hour 23, window 12-20)
2026.06.22 23:15:00;VETO;authorization denied: outside session window (server hour 23, window 12-20)
2026.06.22 23:30:00;VETO;authorization denied: outside session window (server hour 23, window 12-20)
2026.06.22 23:45:00;VETO;authorization denied: outside session window (server hour 23, window 12-20)
2026.06.23 03:15:00;DECISION;setup SHORT score=0.65 entry=1.32 inv=1.33 tgt=0.00 AWAIT-RETEST [CHoCH short lvl=1.32|RelVol=1.57|Retest@1.32|VPnode d=0.00|VWAPside]
2026.06.23 03:45:00;VETO;authorization denied: outside session window (server hour 03, window 12-20)
2026.06.23 04:00:00;VETO;authorization denied: outside session window (server hour 04, window 12-20)
2026.06.23 04:15:00;VETO;authorization denied: outside session window (server hour 04, window 12-20)
2026.06.23 04:30:00;VETO;authorization denied: outside session window (server hour 04, window 12-20)
2026.06.23 09:45:00;VETO;signal rejected: score 0.50 < 0.55 [BOS short lvl=1.32|RelVol=2.58|VPnear|VWAPside]
2026.06.23 10:45:00;VETO;outlier bar masked, z=3.5
2026.06.23 15:00:00;VETO;signal rejected: score 0.40 < 0.55 [BOS short lvl=1.32|RelVol=2.54|VWAPside]
2026.06.23 17:30:00;DECISION;setup SHORT score=0.60 entry=1.32 inv=1.32 tgt=0.00 [BOS short lvl=1.32|RelVol=1.71|VPnear|VWAPside|ADX=32]
2026.06.23 17:30:00;DECISION;TP capped 0.00334 -> 0.00282 (3.0xATR)
2026.06.23 17:30:00;ORDER;filled SELL 0.36 lots sl=1.32 tp=1.32 [WT|BOS|0.60]
2026.06.23 17:30:00;RISK;sizing: vol_ratio=1.32 scalar=0.76 gap_buf=0.00047 eff_stop=0.00214
2026.06.23 17:30:00;ORDER;entry fill deal #144 SELL 0.36 @ 1.32038
2026.06.23 18:41:40;MANAGE;#147 SL 1.32 -> 1.32 breakeven
2026.06.23 18:41:40;MANAGE;#147 partial close 0.18 of 0.36 lots
2026.06.23 18:41:40;RISK;deal closed pnl=31.14 streak=0 lock=0
2026.06.23 20:04:40;MANAGE;#147 SL 1.32 -> 1.32 trail
2026.06.23 20:06:40;MANAGE;#147 SL 1.32 -> 1.32 trail
2026.06.23 21:20:40;MANAGE;#147 SL 1.32 -> 1.32 trail
2026.06.23 21:30:40;MANAGE;#147 SL 1.32 -> 1.32 trail
2026.06.23 21:32:40;MANAGE;#147 SL 1.32 -> 1.32 trail
2026.06.23 22:05:40;RISK;deal closed pnl=14.40 streak=0 lock=0
2026.06.24 03:30:00;DECISION;setup SHORT score=0.85 entry=1.32 inv=1.32 tgt=0.00 [BOS short lvl=1.32|RelVol=2.30|VPnode d=0.00|VWAPside|CycleTurn w=0.81<-0.99]
2026.06.24 03:30:00;VETO;authorization denied: outside session window (server hour 03, window 12-20)
2026.06.24 03:45:00;VETO;authorization denied: outside session window (server hour 03, window 12-20)
2026.06.24 04:00:00;VETO;authorization denied: outside session window (server hour 04, window 12-20)
2026.06.24 04:15:00;VETO;authorization denied: outside session window (server hour 04, window 12-20)
2026.06.24 06:00:00;DECISION;setup SHORT score=0.65 entry=1.32 inv=1.32 tgt=0.00 [BOS short lvl=1.32|RelVol=2.70|VPnode d=0.00|VWAPside]
2026.06.24 06:00:00;VETO;authorization denied: outside session window (server hour 06, window 12-20)
2026.06.24 06:15:00;VETO;authorization denied: outside session window (server hour 06, window 12-20)
2026.06.24 06:30:00;VETO;authorization denied: outside session window (server hour 06, window 12-20)
2026.06.24 06:45:00;VETO;authorization denied: outside session window (server hour 06, window 12-20)
2026.06.24 09:15:00;DECISION;setup LONG score=0.85 entry=1.32 inv=1.32 tgt=0.00 AWAIT-RETEST [CHoCH long lvl=1.32|RelVol=2.00|Retest@1.32|VPnode d=0.00|VWAPside|CycleTurn w=0.21<--0.96]
2026.06.24 09:30:00;VETO;authorization denied: outside session window (server hour 09, window 12-20)
2026.06.24 09:45:00;VETO;authorization denied: outside session window (server hour 09, window 12-20)
2026.06.24 10:00:00;DECISION;setup SHORT score=0.70 entry=1.32 inv=1.32 tgt=0.00 AWAIT-RETEST [CHoCH short lvl=1.32|RelVol=2.19|Retest@1.32|VPnear|VWAPside|CycleTurn w=0.76<-0.96]
2026.06.24 10:15:00;VETO;authorization denied: outside session window (server hour 10, window 12-20)
2026.06.24 10:30:00;VETO;authorization denied: outside session window (server hour 10, window 12-20)
2026.06.24 10:45:00;VETO;authorization denied: outside session window (server hour 10, window 12-20)
2026.06.24 11:00:00;VETO;authorization denied: outside session window (server hour 11, window 12-20)
2026.06.24 11:15:00;VETO;signal rejected: score 0.40 < 0.55 [BOS short lvl=1.32|RelVol=2.51|VWAPside]
2026.06.24 13:15:00;VETO;signal rejected: score 0.40 < 0.55 [BOS short lvl=1.32|RelVol=1.86|VWAPside]
2026.06.24 15:45:00;VETO;signal rejected: score 0.40 < 0.55 [BOS short lvl=1.31|RelVol=2.42|VWAPside]
2026.06.24 19:30:00;VETO;signal rejected: score 0.40 < 0.55 [CHoCH long lvl=1.32|RelVol=1.84|Retest@1.32|VPnear]
2026.06.25 04:15:00;DECISION;setup LONG score=0.85 entry=1.32 inv=1.32 tgt=0.00 AWAIT-RETEST [BOS long lvl=1.32|RelVol=2.52|Retest@1.32|VPnode d=0.00|VWAPside|CycleTurn w=-0.90<--0.97]
2026.06.25 07:15:00;DECISION;setup LONG score=0.75 entry=1.32 inv=1.32 tgt=0.00 [BOS long lvl=1.32|RelVol=2.73|VPnode d=0.00|VWAPside|ADX=37]
2026.06.25 07:15:00;VETO;authorization denied: outside session window (server hour 07, window 12-20)
2026.06.25 07:30:00;VETO;authorization denied: outside session window (server hour 07, window 12-20)
2026.06.25 07:45:00;VETO;authorization denied: outside session window (server hour 07, window 12-20)
2026.06.25 08:00:00;VETO;authorization denied: outside session window (server hour 08, window 12-20)
2026.06.25 11:30:00;DECISION;setup LONG score=0.85 entry=1.32 inv=1.32 tgt=0.00 AWAIT-RETEST [BOS long lvl=1.32|RelVol=1.48|Retest@1.32|VPnode d=0.00|VWAPside|CycleTurn w=0.42<--0.61]
2026.06.25 12:15:00;DECISION;TP capped 0.00450 -> 0.00338 (3.0xATR)
2026.06.25 12:15:00;ORDER;filled BUY 0.39 lots sl=1.32 tp=1.32 [WT|BOS|0.85]
2026.06.25 12:15:00;RISK;sizing: vol_ratio=0.92 scalar=1.00 gap_buf=0.00035 eff_stop=0.00260
2026.06.25 12:15:00;ORDER;entry fill deal #147 BUY 0.39 @ 1.31901
2026.06.25 13:45:40;RISK;deal closed pnl=-87.75 streak=1 lock=0
2026.06.25 14:15:00;DECISION;setup SHORT score=0.65 entry=1.32 inv=1.32 tgt=0.00 AWAIT-RETEST [CHoCH short lvl=1.32|RelVol=1.20|Retest@1.32|VPnode d=0.00|VWAPside]
2026.06.25 14:15:00;DECISION;TP capped 0.00637 -> 0.00477 (3.0xATR)
2026.06.25 14:15:00;ORDER;limit SELL 0.28 @ 1.32 sl=1.32 tp=1.31 rc=10009 [WT|CHOCH|0.65|RL]
2026.06.25 14:15:00;RISK;sizing: vol_ratio=0.99 scalar=1.00 gap_buf=0.00037 eff_stop=0.00355
2026.06.25 14:15:40;ORDER;entry fill deal #149 SELL 0.28 @ 1.31658
2026.06.25 15:45:00;VETO;outlier bar masked, z=6.9
2026.06.25 16:30:40;RISK;deal closed pnl=-89.04 streak=2 lock=0
2026.06.25 17:15:00;VETO;outlier bar masked, z=6.9
2026.06.25 18:15:00;VETO;outlier bar masked, z=3.8
2026.06.25 18:30:00;VETO;outlier bar masked, z=3.6
2026.06.26 00:00:00;VETO;signal rejected: score 0.30 < 0.55 [CHoCH short lvl=1.32|RelVol=1.71|Retest@1.32]
2026.06.26 03:00:00;DECISION;setup SHORT score=0.75 entry=1.32 inv=1.32 tgt=0.00 [BOS short lvl=1.32|RelVol=2.06|VPnode d=0.00|VWAPside|ADX=38]
2026.06.26 03:00:00;VETO;authorization denied: outside session window (server hour 03, window 12-20)
2026.06.26 03:15:00;VETO;authorization denied: outside session window (server hour 03, window 12-20)
2026.06.26 03:30:00;VETO;authorization denied: outside session window (server hour 03, window 12-20)
2026.06.26 03:45:00;VETO;authorization denied: outside session window (server hour 03, window 12-20)
2026.06.26 05:30:00;DECISION;setup SHORT score=0.85 entry=1.32 inv=1.32 tgt=0.00 [BOS short lvl=1.32|RelVol=2.66|VPnode d=0.00|VWAPside|CycleTurn w=0.23<-0.87]
2026.06.26 05:30:00;VETO;authorization denied: outside session window (server hour 05, window 12-20)
2026.06.26 05:45:00;VETO;authorization denied: outside session window (server hour 05, window 12-20)
2026.06.26 06:00:00;VETO;authorization denied: outside session window (server hour 06, window 12-20)
2026.06.26 06:15:00;VETO;authorization denied: outside session window (server hour 06, window 12-20)
2026.06.26 07:30:00;DECISION;setup LONG score=0.65 entry=1.32 inv=1.32 tgt=0.00 AWAIT-RETEST [CHoCH long lvl=1.32|RelVol=2.61|Retest@1.32|VPnode d=0.00|VWAPside]
2026.06.26 07:45:00;VETO;authorization denied: outside session window (server hour 07, window 12-20)
2026.06.26 08:00:00;VETO;authorization denied: outside session window (server hour 08, window 12-20)
2026.06.26 08:15:00;VETO;authorization denied: outside session window (server hour 08, window 12-20)
2026.06.26 08:30:00;VETO;authorization denied: outside session window (server hour 08, window 12-20)
2026.06.26 10:45:00;VETO;outlier bar masked, z=5.1
2026.06.26 11:15:00;DECISION;setup LONG score=0.70 entry=1.32 inv=1.32 tgt=0.00 [BOS long lvl=1.32|RelVol=1.95|VPnear|VWAPside|CycleTurn w=-0.46<--0.92]
2026.06.26 11:15:00;VETO;authorization denied: outside session window (server hour 11, window 12-20)
2026.06.26 11:30:00;VETO;authorization denied: outside session window (server hour 11, window 12-20)
2026.06.26 11:45:00;VETO;authorization denied: outside session window (server hour 11, window 12-20)
2026.06.26 12:00:00;DECISION;TP capped 0.00726 -> 0.00545 (3.0xATR)
2026.06.26 12:00:00;ORDER;filled BUY 0.20 lots sl=1.32 tp=1.33 [WT|BOS|0.70]
2026.06.26 12:00:00;RISK;sizing: vol_ratio=1.21 scalar=0.84 gap_buf=0.00047 eff_stop=0.00410
2026.06.26 12:00:00;ORDER;entry fill deal #151 BUY 0.20 @ 1.32165
2026.06.26 16:00:00;VETO;outlier bar masked, z=3.6
2026.06.26 17:00:00;DECISION;setup LONG score=0.85 entry=1.32 inv=1.32 tgt=0.00 [BOS long lvl=1.32|RelVol=1.59|VPnode d=0.00|VWAPside|CycleTurn w=-0.91<--0.97]
2026.06.26 17:00:00;DECISION;TP capped 0.00500 -> 0.00375 (3.0xATR)
2026.06.26 17:00:00;VETO;risk veto: max positions
2026.06.26 18:00:00;VETO;outlier bar masked, z=4.6
2026.06.26 22:00:00;RISK;FLATTEN ALL: Friday flatten: weekend gap protection
2026.06.26 22:00:00;RISK;deal closed pnl=-33.20 streak=1 lock=0
2026.06.26 22:30:00;DECISION;setup SHORT score=0.65 entry=1.32 inv=1.32 tgt=0.00 [BOS short lvl=1.32|RelVol=1.23|VPnode d=0.00|VWAPside]
2026.06.26 22:30:00;VETO;authorization denied: outside session window (server hour 22, window 12-20)
2026.06.26 22:45:00;VETO;authorization denied: outside session window (server hour 22, window 12-20)
2026.06.26 23:00:00;VETO;authorization denied: outside session window (server hour 23, window 12-20)
2026.06.26 23:15:00;VETO;authorization denied: outside session window (server hour 23, window 12-20)
2026.06.29 04:45:00;DECISION;setup LONG score=0.65 entry=1.32 inv=1.32 tgt=0.00 AWAIT-RETEST [CHoCH long lvl=1.32|RelVol=1.99|Retest@1.32|VPnode d=0.00|VWAPside]
2026.06.29 05:00:00;VETO;authorization denied: outside session window (server hour 05, window 12-20)
2026.06.29 05:15:00;VETO;authorization denied: outside session window (server hour 05, window 12-20)
2026.06.29 05:30:00;VETO;authorization denied: outside session window (server hour 05, window 12-20)
2026.06.29 05:45:00;VETO;authorization denied: outside session window (server hour 05, window 12-20)
2026.06.29 09:00:00;VETO;signal rejected: score 0.40 < 0.55 [BOS long lvl=1.32|RelVol=1.27|VWAPside]
2026.06.29 14:00:00;DECISION;setup LONG score=0.70 entry=1.32 inv=1.32 tgt=0.00 [BOS long lvl=1.32|RelVol=1.90|VPnear|VWAPside|CycleTurn w=-0.94<--0.96]
2026.06.29 14:00:00;DECISION;TP capped 0.00448 -> 0.00336 (3.0xATR)
2026.06.29 14:00:00;ORDER;filled BUY 0.35 lots sl=1.32 tp=1.33 [WT|BOS|0.70]
2026.06.29 14:00:00;RISK;sizing: vol_ratio=1.11 scalar=0.92 gap_buf=0.00038 eff_stop=0.00262
2026.06.29 14:00:00;ORDER;entry fill deal #153 BUY 0.35 @ 1.32255
2026.06.29 17:54:40;MANAGE;#156 SL 1.32 -> 1.32 breakeven
2026.06.29 17:54:40;MANAGE;#156 partial close 0.17 of 0.35 lots
2026.06.29 17:54:40;RISK;deal closed pnl=38.42 streak=0 lock=0
2026.06.29 17:54:59;MANAGE;#156 SL 1.32 -> 1.32 trail
2026.06.29 18:30:00;DECISION;setup LONG score=0.70 entry=1.32 inv=1.32 tgt=0.00 [BOS long lvl=1.32|RelVol=1.36|VWAPside|CycleTurn w=0.75<-0.58|ADX=38]
2026.06.29 18:30:00;DECISION;TP capped 0.00468 -> 0.00351 (3.0xATR)
2026.06.29 18:30:00;VETO;risk veto: max positions
2026.06.29 18:30:40;MANAGE;#156 SL 1.32 -> 1.32 trail
2026.06.29 18:31:40;MANAGE;#156 SL 1.32 -> 1.32 trail
2026.06.29 18:34:20;MANAGE;#156 SL 1.32 -> 1.32 trail
2026.06.29 18:59:40;MANAGE;#156 SL 1.32 -> 1.32 trail
2026.06.29 19:01:40;MANAGE;#156 SL 1.32 -> 1.32 trail
2026.06.29 19:02:40;MANAGE;#156 SL 1.32 -> 1.32 trail
2026.06.29 19:49:40;MANAGE;#156 SL 1.32 -> 1.32 trail
2026.06.29 20:53:40;MANAGE;#156 SL 1.32 -> 1.32 trail
2026.06.29 21:00:00;MANAGE;#156 SL 1.32 -> 1.32 trail
2026.06.29 21:00:40;RISK;deal closed pnl=60.48 streak=0 lock=0
2026.06.29 21:15:00;VETO;signal rejected: volume: relVol 0.91 < 1.00
2026.06.29 22:45:00;VETO;signal rejected: volume: relVol 0.78 < 1.00
2026.06.30 00:15:00;VETO;outlier bar masked, z=3.9
2026.06.30 04:15:00;DECISION;setup SHORT score=0.75 entry=1.32 inv=1.33 tgt=0.00 AWAIT-RETEST [BOS short lvl=1.32|RelVol=2.75|Retest@1.32|VPnode d=0.00|VWAPside|ADX=45]
2026.06.30 04:30:00;VETO;authorization denied: outside session window (server hour 04, window 12-20)
2026.06.30 04:45:00;VETO;authorization denied: outside session window (server hour 04, window 12-20)
2026.06.30 05:00:00;VETO;authorization denied: outside session window (server hour 05, window 12-20)
2026.06.30 05:15:00;VETO;authorization denied: outside session window (server hour 05, window 12-20)
2026.06.30 06:45:00;DECISION;setup SHORT score=0.75 entry=1.32 inv=1.32 tgt=0.00 [BOS short lvl=1.32|RelVol=2.17|StopFloored|VPnode d=0.00|VWAPside|ADX=53]
2026.06.30 06:45:00;VETO;authorization denied: outside session window (server hour 06, window 12-20)
2026.06.30 07:00:00;VETO;authorization denied: outside session window (server hour 07, window 12-20)
2026.06.30 07:15:00;VETO;authorization denied: outside session window (server hour 07, window 12-20)
2026.06.30 07:30:00;VETO;authorization denied: outside session window (server hour 07, window 12-20)
2026.06.30 08:00:00;DECISION;setup SHORT score=0.75 entry=1.32 inv=1.32 tgt=0.00 [BOS short lvl=1.32|RelVol=2.03|VPnode d=0.00|VWAPside|ADX=44]
2026.06.30 08:00:00;VETO;authorization denied: outside session window (server hour 08, window 12-20)
2026.06.30 08:15:00;VETO;authorization denied: outside session window (server hour 08, window 12-20)
2026.06.30 08:30:00;VETO;authorization denied: outside session window (server hour 08, window 12-20)
2026.06.30 08:45:00;VETO;authorization denied: outside session window (server hour 08, window 12-20)
2026.06.30 09:30:00;DECISION;setup LONG score=0.75 entry=1.32 inv=1.32 tgt=0.00 AWAIT-RETEST [CHoCH long lvl=1.32|RelVol=1.77|Retest@1.32|StopFloored|VPnode d=0.00|CycleTurn w=0.31<--0.89]
2026.06.30 09:45:00;VETO;authorization denied: outside session window (server hour 09, window 12-20)
2026.06.30 10:00:00;VETO;authorization denied: outside session window (server hour 10, window 12-20)
2026.06.30 10:15:00;VETO;authorization denied: outside session window (server hour 10, window 12-20)
2026.06.30 10:30:00;VETO;authorization denied: outside session window (server hour 10, window 12-20)
2026.06.30 15:30:00;VETO;signal rejected: score 0.50 < 0.55 [CHoCH short lvl=1.32|RelVol=1.40|Retest@1.32|VPnear|VWAPside]
2026.06.30 17:15:00;VETO;outlier bar masked, z=4.8
2026.06.30 17:30:00;DECISION;setup LONG score=0.65 entry=1.32 inv=1.32 tgt=0.00 AWAIT-RETEST [CHoCH long lvl=1.32|RelVol=1.44|Retest@1.32|VPnode d=0.00|VWAPside]
2026.06.30 17:30:00;DECISION;TP capped 0.00599 -> 0.00450 (3.0xATR)
2026.06.30 17:30:00;ORDER;limit BUY 0.15 @ 1.32 sl=1.32 tp=1.33 rc=10009 [WT|CHOCH|0.65|RL]
2026.06.30 17:30:00;RISK;sizing: vol_ratio=1.61 scalar=0.54 gap_buf=0.00051 eff_stop=0.00351
2026.06.30 17:30:20;ORDER;entry fill deal #156 BUY 0.15 @ 1.32423
2026.06.30 17:57:40;MANAGE;#159 SL 1.32 -> 1.32 breakeven
2026.06.30 17:57:40;MANAGE;#159 partial close 0.07 of 0.15 lots
2026.06.30 17:57:40;RISK;deal closed pnl=23.45 streak=0 lock=0
2026.06.30 17:57:59;MANAGE;#159 SL 1.32 -> 1.33 trail
2026.06.30 17:58:40;MANAGE;#159 SL 1.33 -> 1.33 trail
2026.06.30 18:00:00;VETO;outlier bar masked, z=7.0
2026.06.30 19:05:40;RISK;deal closed pnl=9.12 streak=0 lock=0
2026.06.30 23:00:00;VETO;signal rejected: score 0.40 < 0.55 [BOS long lvl=1.33|RelVol=1.57|VWAPside]
2026.07.01 03:00:00;VETO;signal rejected: volume: relVol 0.86 < 1.00
2026.07.01 06:45:00;DECISION;setup SHORT score=0.75 entry=1.32 inv=1.33 tgt=0.00 [BOS short lvl=1.32|RelVol=1.96|VPnode d=0.00|VWAPside|ADX=63]
2026.07.01 06:45:00;VETO;authorization denied: outside session window (server hour 06, window 12-20)
2026.07.01 07:00:00;VETO;authorization denied: outside session window (server hour 07, window 12-20)
2026.07.01 07:15:00;VETO;authorization denied: outside session window (server hour 07, window 12-20)
2026.07.01 07:30:00;VETO;authorization denied: outside session window (server hour 07, window 12-20)
2026.07.01 10:30:00;DECISION;setup SHORT score=0.70 entry=1.32 inv=1.32 tgt=0.00 [BOS short lvl=1.32|RelVol=1.12|VPnear|VWAPside|CycleTurn w=0.67<-0.96]
2026.07.01 10:30:00;VETO;authorization denied: outside session window (server hour 10, window 12-20)
2026.07.01 10:45:00;VETO;authorization denied: outside session window (server hour 10, window 12-20)
2026.07.01 11:00:00;VETO;authorization denied: outside session window (server hour 11, window 12-20)
2026.07.01 11:15:00;VETO;authorization denied: outside session window (server hour 11, window 12-20)
2026.07.01 11:30:00;DECISION;setup LONG score=0.85 entry=1.32 inv=1.32 tgt=0.00 AWAIT-RETEST [CHoCH long lvl=1.32|RelVol=1.36|Retest@1.32|VPnode d=0.00|VWAPside|CycleTurn w=0.73<-0.07]
2026.07.01 11:45:00;VETO;authorization denied: outside session window (server hour 11, window 12-20)
2026.07.01 12:00:00;DECISION;TP capped 0.00360 -> 0.00270 (3.0xATR)
2026.07.01 12:00:00;ORDER;filled BUY 0.44 lots sl=1.32 tp=1.33 [WT|CHOCH|0.85]
2026.07.01 12:00:00;RISK;sizing: vol_ratio=1.07 scalar=0.94 gap_buf=0.00036 eff_stop=0.00216
2026.07.01 12:00:00;ORDER;entry fill deal #159 BUY 0.44 @ 1.32468
2026.07.01 14:15:00;DECISION;setup SHORT score=0.85 entry=1.32 inv=1.33 tgt=0.00 AWAIT-RETEST [CHoCH short lvl=1.32|RelVol=1.46|Retest@1.32|VPnode d=0.00|VWAPside|CycleTurn w=0.98<-1.00]
2026.07.01 14:15:00;VETO;retest limit risk veto: max positions
2026.07.01 14:30:00;DECISION;TP capped 0.00244 -> 0.00215 (3.0xATR)
2026.07.01 14:30:00;VETO;risk veto: max positions
2026.07.01 16:10:40;RISK;deal closed pnl=-79.20 streak=1 lock=0
2026.07.01 16:15:00;VETO;outlier bar masked, z=6.0
2026.07.01 16:30:00;VETO;outlier bar masked, z=9.0
2026.07.01 16:45:00;VETO;outlier bar masked, z=6.6
2026.07.01 17:00:00;VETO;outlier bar masked, z=3.9
2026.07.01 17:45:00;VETO;outlier bar masked, z=4.9
2026.07.01 23:45:00;VETO;signal rejected: score 0.40 < 0.55 [CHoCH short lvl=1.33|RelVol=1.13|Retest@1.33|VPnear]
2026.07.02 03:15:00;DECISION;setup LONG score=0.85 entry=1.33 inv=1.33 tgt=0.00 AWAIT-RETEST [CHoCH long lvl=1.33|RelVol=1.62|Retest@1.33|VPnode d=0.00|VWAPside|CycleTurn w=-0.92<--0.92]
2026.07.02 03:30:00;VETO;authorization denied: outside session window (server hour 03, window 12-20)
2026.07.02 03:45:00;VETO;authorization denied: outside session window (server hour 03, window 12-20)
2026.07.02 04:00:00;VETO;authorization denied: outside session window (server hour 04, window 12-20)
2026.07.02 04:15:00;VETO;authorization denied: outside session window (server hour 04, window 12-20)
2026.07.02 05:00:00;DECISION;setup LONG score=0.85 entry=1.33 inv=1.33 tgt=0.00 [BOS long lvl=1.33|RelVol=1.43|VPnode d=0.00|VWAPside|CycleTurn w=-0.38<--0.89]
2026.07.02 05:00:00;VETO;authorization denied: outside session window (server hour 05, window 12-20)
2026.07.02 05:15:00;VETO;authorization denied: outside session window (server hour 05, window 12-20)
2026.07.02 05:30:00;VETO;authorization denied: outside session window (server hour 05, window 12-20)
2026.07.02 05:45:00;VETO;authorization denied: outside session window (server hour 05, window 12-20)
2026.07.02 09:15:00;DECISION;setup LONG score=0.65 entry=1.33 inv=1.33 tgt=0.00 [BOS long lvl=1.33|RelVol=1.90|VPnode d=0.00|VWAPside]
2026.07.02 09:15:00;VETO;authorization denied: outside session window (server hour 09, window 12-20)
2026.07.02 09:30:00;VETO;authorization denied: outside session window (server hour 09, window 12-20)
2026.07.02 09:45:00;VETO;authorization denied: outside session window (server hour 09, window 12-20)
2026.07.02 10:00:00;VETO;outlier bar masked, z=6.4
2026.07.02 10:15:00;VETO;authorization denied: outside session window (server hour 10, window 12-20)
2026.07.02 10:45:00;VETO;outlier bar masked, z=3.8
2026.07.02 12:15:00;VETO;outlier bar masked, z=3.7
2026.07.02 13:30:00;DECISION;setup SHORT score=0.75 entry=1.33 inv=1.34 tgt=0.00 AWAIT-RETEST [CHoCH short lvl=1.33|RelVol=1.35|Retest@1.33|VPnode d=0.00|CycleTurn w=-0.62<-0.42]
2026.07.02 13:30:00;DECISION;TP capped 0.00556 -> 0.00417 (3.0xATR)
2026.07.02 13:30:00;ORDER;limit SELL 0.18 @ 1.33 sl=1.34 tp=1.33 rc=10009 [WT|CHOCH|0.75|RL]
2026.07.02 13:30:00;RISK;sizing: vol_ratio=1.51 scalar=0.61 gap_buf=0.00062 eff_stop=0.00339
2026.07.02 15:30:40;ORDER;entry fill deal #161 SELL 0.18 @ 1.33354
2026.07.02 15:35:20;RISK;deal closed pnl=-50.04 streak=1 lock=0
2026.07.02 15:45:00;VETO;outlier bar masked, z=17.4
2026.07.02 19:30:00;VETO;signal rejected: score 0.40 < 0.55 [CHoCH short lvl=1.34|RelVol=2.38|Retest@1.34|VPnear]
2026.07.03 00:30:00;VETO;signal rejected: volume: relVol 0.51 < 1.00
2026.07.03 03:15:00;DECISION;setup SHORT score=0.65 entry=1.33 inv=1.33 tgt=0.00 [BOS short lvl=1.33|RelVol=1.56|VPnode d=0.00|VWAPside]
2026.07.03 03:15:00;VETO;authorization denied: outside session window (server hour 03, window 12-20)
2026.07.03 03:30:00;VETO;authorization denied: outside session window (server hour 03, window 12-20)
2026.07.03 03:45:00;VETO;authorization denied: outside session window (server hour 03, window 12-20)
2026.07.03 04:00:00;VETO;authorization denied: outside session window (server hour 04, window 12-20)
2026.07.03 04:15:00;DECISION;setup LONG score=0.70 entry=1.34 inv=1.33 tgt=0.00 AWAIT-RETEST [CHoCH long lvl=1.33|RelVol=1.46|Retest@1.34|VPnear|VWAPside|CycleTurn w=-0.80<--0.99]
2026.07.03 05:30:00;DECISION;setup LONG score=0.60 entry=1.34 inv=1.33 tgt=0.00 [BOS long lvl=1.34|RelVol=1.11|VPnear|VWAPside|ADX=33]
2026.07.03 05:30:00;VETO;authorization denied: outside session window (server hour 05, window 12-20)
2026.07.03 05:45:00;VETO;authorization denied: outside session window (server hour 05, window 12-20)
2026.07.03 06:00:00;VETO;authorization denied: outside session window (server hour 06, window 12-20)
2026.07.03 06:15:00;VETO;authorization denied: outside session window (server hour 06, window 12-20)
2026.07.03 08:15:00;VETO;signal rejected: score 0.50 < 0.55 [BOS long lvl=1.34|RelVol=2.08|Retest@1.34|VWAPside|ADX=36]
2026.07.03 11:45:00;DECISION;setup SHORT score=0.55 entry=1.34 inv=1.34 tgt=0.00 AWAIT-RETEST [CHoCH short lvl=1.34|RelVol=1.07|Retest@1.34|VPnode d=0.00]
2026.07.03 12:00:00;DECISION;TP capped 0.00324 -> 0.00249 (3.0xATR)
2026.07.03 12:00:00;ORDER;filled SELL 0.49 lots sl=1.34 tp=1.33 [WT|CHOCH|0.55]
2026.07.03 12:00:00;RISK;sizing: vol_ratio=0.96 scalar=1.00 gap_buf=0.00041 eff_stop=0.00203
2026.07.03 12:00:00;ORDER;entry fill deal #163 SELL 0.49 @ 1.33602
2026.07.03 16:15:00;VETO;signal rejected: volume: relVol 0.80 < 1.00
2026.07.03 22:00:00;RISK;FLATTEN ALL: Friday flatten: weekend gap protection
2026.07.03 22:00:00;RISK;deal closed pnl=20.09 streak=0 lock=0
2026.07.03 23:15:00;DECISION;setup SHORT score=0.85 entry=1.33 inv=1.34 tgt=0.00 AWAIT-RETEST [BOS short lvl=1.34|RelVol=3.84|Retest@1.33|VPnode d=0.00|VWAPside|CycleTurn w=-0.34<-0.77]
2026.07.03 23:30:00;VETO;authorization denied: outside session window (server hour 23, window 12-20)
2026.07.03 23:45:00;VETO;authorization denied: outside session window (server hour 23, window 12-20)
2026.07.06 00:00:00;VETO;authorization denied: outside session window (server hour 00, window 12-20)
2026.07.06 00:15:00;VETO;authorization denied: outside session window (server hour 00, window 12-20)
2026.07.06 04:30:00;DECISION;setup SHORT score=0.70 entry=1.33 inv=1.34 tgt=0.00 [BOS short lvl=1.33|RelVol=1.40|VPnear|VWAPside|CycleTurn w=0.95<-1.00]
2026.07.06 04:30:00;VETO;authorization denied: outside session window (server hour 04, window 12-20)
2026.07.06 04:45:00;VETO;authorization denied: outside session window (server hour 04, window 12-20)
2026.07.06 05:00:00;VETO;authorization denied: outside session window (server hour 05, window 12-20)
2026.07.06 05:15:00;VETO;authorization denied: outside session window (server hour 05, window 12-20)
2026.07.06 08:15:00;DECISION;setup SHORT score=0.65 entry=1.33 inv=1.33 tgt=0.00 [BOS short lvl=1.33|RelVol=1.26|VPnode d=0.00|VWAPside]
2026.07.06 08:15:00;VETO;authorization denied: outside session window (server hour 08, window 12-20)
2026.07.06 08:30:00;VETO;authorization denied: outside session window (server hour 08, window 12-20)
2026.07.06 08:45:00;VETO;authorization denied: outside session window (server hour 08, window 12-20)
2026.07.06 09:00:00;VETO;authorization denied: outside session window (server hour 09, window 12-20)
2026.07.06 10:45:00;DECISION;setup LONG score=0.85 entry=1.33 inv=1.33 tgt=0.00 AWAIT-RETEST [CHoCH long lvl=1.33|RelVol=1.25|Retest@1.33|StopFloored|VPnode d=0.00|VWAPside|CycleTurn w=0.05<--0.81]
2026.07.06 11:00:00;VETO;authorization denied: outside session window (server hour 11, window 12-20)
2026.07.06 11:15:00;VETO;authorization denied: outside session window (server hour 11, window 12-20)
2026.07.06 11:30:00;VETO;authorization denied: outside session window (server hour 11, window 12-20)
2026.07.06 15:15:00;DECISION;setup LONG score=0.65 entry=1.33 inv=1.33 tgt=0.00 [BOS long lvl=1.33|RelVol=1.17|VPnode d=0.00|VWAPside]
2026.07.06 15:15:00;DECISION;TP capped 0.00248 -> 0.00196 (3.0xATR)
2026.07.06 15:15:00;ORDER;filled BUY 0.53 lots sl=1.33 tp=1.34 [WT|BOS|0.65]
2026.07.06 15:15:00;RISK;sizing: vol_ratio=1.23 scalar=0.83 gap_buf=0.00033 eff_stop=0.00157
2026.07.06 15:15:00;ORDER;entry fill deal #165 BUY 0.53 @ 1.33484
2026.07.06 16:30:00;VETO;signal rejected: volume: relVol 0.85 < 1.00
2026.07.06 17:15:00;VETO;outlier bar masked, z=3.8
2026.07.06 18:06:40;MANAGE;#168 SL 1.33 -> 1.33 breakeven
2026.07.06 18:06:40;MANAGE;#168 partial close 0.26 of 0.53 lots
2026.07.06 18:06:40;RISK;deal closed pnl=32.24 streak=0 lock=0
2026.07.06 18:45:00;VETO;signal rejected: volume: relVol 0.93 < 1.00
2026.07.06 18:52:20;MANAGE;#168 SL 1.33 -> 1.33 trail
2026.07.06 18:59:40;RISK;deal closed pnl=52.92 streak=0 lock=0
2026.07.07 02:15:00;VETO;signal rejected: volume: relVol 0.97 < 1.00
2026.07.07 08:15:00;DECISION;setup SHORT score=0.65 entry=1.34 inv=1.34 tgt=0.00 AWAIT-RETEST [CHoCH short lvl=1.34|RelVol=1.39|Retest@1.34|VPnode d=0.00|VWAPside]
2026.07.07 09:15:00;VETO;authorization denied: outside session window (server hour 09, window 12-20)
2026.07.07 09:30:00;VETO;authorization denied: outside session window (server hour 09, window 12-20)
2026.07.07 09:45:00;VETO;authorization denied: outside session window (server hour 09, window 12-20)
2026.07.07 10:00:00;VETO;authorization denied: outside session window (server hour 10, window 12-20)
2026.07.07 11:30:00;DECISION;setup LONG score=0.85 entry=1.34 inv=1.34 tgt=0.00 AWAIT-RETEST [CHoCH long lvl=1.34|RelVol=1.27|Retest@1.34|VPnode d=0.00|VWAPside|CycleTurn w=-0.20<--0.92]
2026.07.07 11:45:00;VETO;authorization denied: outside session window (server hour 11, window 12-20)
2026.07.07 12:00:00;DECISION;TP capped 0.00354 -> 0.00266 (3.0xATR)
2026.07.07 12:00:00;ORDER;filled BUY 0.41 lots sl=1.34 tp=1.34 [WT|CHOCH|0.85]
2026.07.07 12:00:00;RISK;sizing: vol_ratio=1.17 scalar=0.87 gap_buf=0.00035 eff_stop=0.00212
2026.07.07 12:00:00;ORDER;entry fill deal #168 BUY 0.41 @ 1.33927
2026.07.07 13:01:20;RISK;deal closed pnl=-72.57 streak=1 lock=0
2026.07.07 17:00:00;VETO;outlier bar masked, z=4.0
2026.07.07 17:15:00;VETO;outlier bar masked, z=3.8
2026.07.07 22:00:00;VETO;outlier bar masked, z=4.4
2026.07.07 22:15:00;VETO;outlier bar masked, z=4.0
