time;tag;message
2026.01.01 00:00:00;RECOVER;init: v2.30 test_case=A2_tuned lock=0 streak=0 positions=0 equity=10000.00 day_eq=10000.00 peak_eq=10000.00
2026.01.02 01:15:00;DECISION;setup LONG score=0.75 entry=4326.41 inv=4304.62 tgt=0.00 AWAIT-RETEST [BOS long lvl=4324.38|RelVol=3.76|Retest@4326.41|VPnode d=2.59|CycleTurn w=-0.09<--0.95]
2026.01.02 05:00:00;VETO;signal rejected: volume: relVol 0.94 < 1.00
2026.01.02 07:30:00;DECISION;setup LONG score=0.60 entry=4378.45 inv=4345.03 tgt=0.00 [BOS long lvl=4378.41|RelVol=1.03|VPnear|VWAPside|ADX=58]
2026.01.02 07:30:00;VETO;authorization denied: outside session window (server hour 07, window 12-20)
2026.01.02 07:45:00;VETO;authorization denied: outside session window (server hour 07, window 12-20)
2026.01.02 08:00:00;VETO;authorization denied: outside session window (server hour 08, window 12-20)
2026.01.02 08:15:00;VETO;authorization denied: outside session window (server hour 08, window 12-20)
2026.01.02 10:00:00;DECISION;setup LONG score=0.75 entry=4382.82 inv=4371.13 tgt=0.00 [BOS long lvl=4381.74|RelVol=1.52|VPnode d=0.58|VWAPside|ADX=35]
2026.01.02 10:00:00;VETO;authorization denied: outside session window (server hour 10, window 12-20)
2026.01.02 10:15:00;VETO;authorization denied: outside session window (server hour 10, window 12-20)
2026.01.02 10:30:00;VETO;authorization denied: outside session window (server hour 10, window 12-20)
2026.01.02 10:45:00;VETO;authorization denied: outside session window (server hour 10, window 12-20)
2026.01.02 15:15:00;VETO;signal rejected: volume: relVol 0.79 < 1.00
2026.01.02 15:30:00;VETO;outlier bar masked, z=7.0
2026.01.02 16:45:00;VETO;outlier bar masked, z=4.4
2026.01.02 17:15:00;VETO;outlier bar masked, z=4.5
2026.01.02 20:15:00;VETO;signal rejected: score 0.50 < 0.55 [BOS short lvl=4315.03|RelVol=1.35|VWAPside|ADX=40]
2026.01.05 01:15:00;VETO;outlier bar masked, z=10.0
2026.01.05 03:15:00;VETO;outlier bar masked, z=5.5
2026.01.05 08:15:00;DECISION;setup LONG score=0.95 entry=4418.34 inv=4397.33 tgt=0.00 [BOS long lvl=4414.01|RelVol=1.48|VPnode d=5.34|VWAPside|CycleTurn w=-0.99<--1.00|ADX=41]
2026.01.05 08:15:00;VETO;authorization denied: outside session window (server hour 08, window 12-20)
2026.01.05 08:30:00;VETO;authorization denied: outside session window (server hour 08, window 12-20)
2026.01.05 08:45:00;VETO;authorization denied: outside session window (server hour 08, window 12-20)
2026.01.05 09:00:00;VETO;authorization denied: outside session window (server hour 09, window 12-20)
2026.01.05 10:30:00;DECISION;setup LONG score=0.60 entry=4426.57 inv=4401.07 tgt=0.00 [BOS long lvl=4426.41|RelVol=1.13|VPnear|VWAPside|ADX=58]
2026.01.05 10:30:00;VETO;authorization denied: outside session window (server hour 10, window 12-20)
2026.01.05 10:45:00;VETO;authorization denied: outside session window (server hour 10, window 12-20)
2026.01.05 11:00:00;VETO;authorization denied: outside session window (server hour 11, window 12-20)
2026.01.05 11:15:00;VETO;authorization denied: outside session window (server hour 11, window 12-20)
2026.01.05 13:30:00;VETO;outlier bar masked, z=3.8
2026.01.05 14:45:00;VETO;signal rejected: score 0.40 < 0.55 [CHoCH short lvl=4411.07|RelVol=1.39|Retest@4409.49|VWAPside]
2026.01.05 16:15:00;DECISION;setup LONG score=0.85 entry=4421.51 inv=4406.14 tgt=0.00 AWAIT-RETEST [CHoCH long lvl=4418.95|RelVol=1.34|Retest@4421.51|StopFloored|VPnode d=4.69|VWAPside|CycleTurn w=-0.95<--0.99]
2026.01.05 16:15:00;DECISION;TP capped 30.74786 -> 30.74786 (3.0xATR)
2026.01.05 16:15:00;ORDER;limit BUY 0.04 @ 4421.51 sl=4406.14 tp=4452.26 rc=10009 [WT|CHOCH|0.85|RL]
2026.01.05 16:15:00;RISK;sizing: vol_ratio=1.07 scalar=1.00 gap_buf=5.12464 eff_stop=20.49857
2026.01.05 16:24:40;ORDER;entry fill deal #2 BUY 0.04 @ 4421.51000
2026.01.05 16:49:40;MANAGE;#2 SL 4406.14 -> 4421.55 breakeven
2026.01.05 16:49:40;MANAGE;#2 partial close 0.02 of 0.04 lots
2026.01.05 16:49:40;RISK;deal closed pnl=34.16 streak=0 lock=0
2026.01.05 17:00:40;MANAGE;#2 SL 4421.55 -> 4424.16 trail
2026.01.05 17:01:40;MANAGE;#2 SL 4424.16 -> 4424.63 trail
2026.01.05 17:02:40;MANAGE;#2 SL 4424.63 -> 4426.51 trail
2026.01.05 17:03:40;MANAGE;#2 SL 4426.51 -> 4431.20 trail
2026.01.05 17:04:40;RISK;deal closed pnl=61.50 streak=0 lock=0
2026.01.06 01:15:00;DECISION;setup LONG score=0.75 entry=4451.55 inv=4438.04 tgt=0.00 [BOS long lvl=4449.42|RelVol=3.16|VPnode d=0.65|CycleTurn w=-0.57<--0.92]
2026.01.06 01:15:00;VETO;authorization denied: outside session window (server hour 01, window 12-20)
2026.01.06 01:30:00;VETO;authorization denied: outside session window (server hour 01, window 12-20)
2026.01.06 01:45:00;VETO;authorization denied: outside session window (server hour 01, window 12-20)
2026.01.06 02:00:00;VETO;authorization denied: outside session window (server hour 02, window 12-20)
2026.01.06 02:45:00;DECISION;setup SHORT score=0.65 entry=4436.41 inv=4460.12 tgt=0.00 AWAIT-RETEST [CHoCH short lvl=4438.04|RelVol=1.36|Retest@4436.41|VPnode d=3.81|VWAPside]
2026.01.06 03:00:00;VETO;authorization denied: outside session window (server hour 03, window 12-20)
2026.01.06 03:15:00;VETO;authorization denied: outside session window (server hour 03, window 12-20)
2026.01.06 03:30:00;VETO;authorization denied: outside session window (server hour 03, window 12-20)
2026.01.06 03:45:00;VETO;authorization denied: outside session window (server hour 03, window 12-20)
2026.01.06 04:00:00;DECISION;setup LONG score=0.85 entry=4446.84 inv=4427.96 tgt=0.00 AWAIT-RETEST [CHoCH long lvl=4444.75|RelVol=1.43|Retest@4446.84|VPnode d=4.24|VWAPside|CycleTurn w=-0.97<--1.00]
2026.01.06 07:30:00;VETO;signal rejected: volume: relVol 0.94 < 1.00
2026.01.06 08:00:00;DECISION;setup SHORT score=0.60 entry=4460.16 inv=4470.44 tgt=0.00 AWAIT-RETEST [CHoCH short lvl=4461.87|RelVol=1.34|Retest@4460.16|StopFloored|VPnear|CycleTurn w=0.11<-0.96]
2026.01.06 08:30:00;VETO;authorization denied: outside session window (server hour 08, window 12-20)
2026.01.06 08:45:00;VETO;authorization denied: outside session window (server hour 08, window 12-20)
2026.01.06 09:00:00;VETO;authorization denied: outside session window (server hour 09, window 12-20)
2026.01.06 09:15:00;VETO;authorization denied: outside session window (server hour 09, window 12-20)
2026.01.06 10:30:00;DECISION;setup LONG score=0.65 entry=4472.31 inv=4449.51 tgt=0.00 AWAIT-RETEST [CHoCH long lvl=4470.41|RelVol=1.10|Retest@4472.31|VPnode d=1.91|VWAPside]
2026.01.06 10:45:00;VETO;authorization denied: outside session window (server hour 10, window 12-20)
2026.01.06 11:00:00;VETO;authorization denied: outside session window (server hour 11, window 12-20)
2026.01.06 11:15:00;VETO;authorization denied: outside session window (server hour 11, window 12-20)
2026.01.06 11:30:00;DECISION;setup SHORT score=0.65 entry=4455.30 inv=4475.71 tgt=0.00 AWAIT-RETEST [CHoCH short lvl=4457.19|RelVol=1.32|Retest@4455.30|VPnode d=4.30|VWAPside]
2026.01.06 11:45:00;VETO;authorization denied: outside session window (server hour 11, window 12-20)
2026.01.06 12:00:00;DECISION;TP capped 58.64000 -> 43.98000 (3.0xATR)
2026.01.06 12:00:00;ORDER;filled SELL 0.03 lots sl=4475.71 tp=4402.41 [WT|CHOCH|0.65]
2026.01.06 12:00:00;RISK;sizing: vol_ratio=0.96 scalar=1.00 gap_buf=3.84500 eff_stop=33.16500
2026.01.06 12:00:00;ORDER;entry fill deal #5 SELL 0.03 @ 4446.39000
2026.01.06 16:33:40;RISK;deal closed pnl=-87.96 streak=1 lock=0
2026.01.06 16:45:00;VETO;signal rejected: volume: relVol 0.97 < 1.00
2026.01.06 20:15:00;DECISION;setup LONG score=0.60 entry=4491.11 inv=4463.08 tgt=0.00 [BOS long lvl=4490.93|RelVol=1.17|VPnear|VWAPside|ADX=32]
2026.01.06 20:15:00;VETO;authorization denied: outside session window (server hour 20, window 12-20)
2026.01.06 20:30:00;VETO;authorization denied: outside session window (server hour 20, window 12-20)
2026.01.06 20:45:00;VETO;authorization denied: outside session window (server hour 20, window 12-20)
2026.01.06 21:00:00;VETO;authorization denied: outside session window (server hour 21, window 12-20)
2026.01.06 21:30:00;DECISION;setup SHORT score=0.55 entry=4479.95 inv=4494.11 tgt=0.00 AWAIT-RETEST [CHoCH short lvl=4481.67|RelVol=1.22|Retest@4479.95|VPnode d=3.85]
2026.01.06 21:45:00;VETO;authorization denied: outside session window (server hour 21, window 12-20)
2026.01.06 22:00:00;VETO;authorization denied: outside session window (server hour 22, window 12-20)
2026.01.06 22:15:00;VETO;authorization denied: outside session window (server hour 22, window 12-20)
2026.01.06 22:30:00;VETO;authorization denied: outside session window (server hour 22, window 12-20)
2026.01.07 01:15:00;DECISION;setup LONG score=0.65 entry=4498.14 inv=4477.44 tgt=0.00 AWAIT-RETEST [CHoCH long lvl=4496.89|RelVol=2.53|Retest@4498.14|VPnode d=0.14|VWAPside]
2026.01.07 01:30:00;VETO;authorization denied: outside session window (server hour 01, window 12-20)
2026.01.07 01:45:00;VETO;authorization denied: outside session window (server hour 01, window 12-20)
2026.01.07 02:00:00;VETO;authorization denied: outside session window (server hour 02, window 12-20)
2026.01.07 02:15:00;VETO;authorization denied: outside session window (server hour 02, window 12-20)
2026.01.07 03:15:00;VETO;outlier bar masked, z=6.2
2026.01.07 07:45:00;VETO;outlier bar masked, z=4.9
2026.01.07 13:45:00;VETO;signal rejected: volume: relVol 0.29 < 1.00
2026.01.07 15:15:00;VETO;outlier bar masked, z=5.4
2026.01.07 15:30:00;VETO;outlier bar masked, z=3.7
2026.01.07 17:15:00;VETO;outlier bar masked, z=3.9
2026.01.07 17:30:00;VETO;outlier bar masked, z=3.9
2026.01.07 18:30:00;VETO;signal rejected: volume: relVol 0.94 < 1.00
2026.01.08 01:30:00;DECISION;setup LONG score=0.85 entry=4461.97 inv=4449.74 tgt=0.00 [BOS long lvl=4461.55|RelVol=1.58|VPnode d=0.27|VWAPside|CycleTurn w=0.22<--0.80]
2026.01.08 01:30:00;VETO;authorization denied: outside session window (server hour 01, window 12-20)
2026.01.08 01:45:00;VETO;authorization denied: outside session window (server hour 01, window 12-20)
2026.01.08 02:00:00;VETO;authorization denied: outside session window (server hour 02, window 12-20)
2026.01.08 02:15:00;VETO;authorization denied: outside session window (server hour 02, window 12-20)
2026.01.08 03:45:00;DECISION;setup SHORT score=0.65 entry=4448.12 inv=4466.37 tgt=0.00 AWAIT-RETEST [CHoCH short lvl=4449.74|RelVol=1.12|Retest@4448.12|VPnode d=0.68|VWAPside]
2026.01.08 04:00:00;VETO;authorization denied: outside session window (server hour 04, window 12-20)
2026.01.08 04:15:00;VETO;authorization denied: outside session window (server hour 04, window 12-20)
2026.01.08 04:30:00;VETO;authorization denied: outside session window (server hour 04, window 12-20)
2026.01.08 04:45:00;VETO;authorization denied: outside session window (server hour 04, window 12-20)
2026.01.08 06:45:00;DECISION;setup SHORT score=0.75 entry=4432.05 inv=4446.48 tgt=0.00 [BOS short lvl=4433.46|RelVol=1.05|VPnode d=4.75|VWAPside|ADX=40]
2026.01.08 06:45:00;VETO;authorization denied: outside session window (server hour 06, window 12-20)
2026.01.08 07:00:00;VETO;authorization denied: outside session window (server hour 07, window 12-20)
2026.01.08 07:15:00;VETO;authorization denied: outside session window (server hour 07, window 12-20)
2026.01.08 07:30:00;VETO;authorization denied: outside session window (server hour 07, window 12-20)
2026.01.08 14:00:00;VETO;signal rejected: volume: relVol 0.97 < 1.00
2026.01.08 17:15:00;VETO;outlier bar masked, z=4.3
2026.01.08 22:30:00;DECISION;setup LONG score=0.60 entry=4469.97 inv=4444.65 tgt=0.00 [BOS long lvl=4465.39|RelVol=1.19|VWAPside|CycleTurn w=-0.88<--0.98]
2026.01.08 22:30:00;VETO;authorization denied: outside session window (server hour 22, window 12-20)
2026.01.08 22:45:00;VETO;authorization denied: outside session window (server hour 22, window 12-20)
2026.01.08 23:00:00;VETO;authorization denied: outside session window (server hour 23, window 12-20)
2026.01.08 23:15:00;VETO;authorization denied: outside session window (server hour 23, window 12-20)
2026.01.09 14:45:00;VETO;signal rejected: volume: relVol 0.92 < 1.00
2026.01.09 15:45:00;VETO;outlier bar masked, z=9.6
2026.01.09 20:00:00;VETO;outlier bar masked, z=5.8
2026.01.09 22:15:00;VETO;signal rejected: volume: relVol 0.87 < 1.00
2026.01.12 01:15:00;VETO;outlier bar masked, z=6.0
2026.01.12 02:15:00;VETO;outlier bar masked, z=4.4
2026.01.12 02:45:00;VETO;outlier bar masked, z=9.2
2026.01.12 03:15:00;VETO;outlier bar masked, z=3.5
2026.01.12 10:00:00;VETO;signal rejected: volume: relVol 0.91 < 1.00
2026.01.12 11:00:00;DECISION;setup LONG score=0.75 entry=4591.59 inv=4569.79 tgt=0.00 AWAIT-RETEST [BOS long lvl=4589.64|RelVol=1.30|Retest@4591.59|VPnode d=3.99|VWAPside|ADX=31]
2026.01.12 12:00:00;DECISION;TP capped 38.64000 -> 28.98000 (3.0xATR)
2026.01.12 12:00:00;ORDER;filled BUY 0.04 lots sl=4569.79 tp=4618.09 [WT|BOS|0.75]
2026.01.12 12:00:00;RISK;sizing: vol_ratio=0.80 scalar=1.00 gap_buf=3.40714 eff_stop=22.72714
2026.01.12 12:00:00;ORDER;entry fill deal #7 BUY 0.04 @ 4589.11000
2026.01.12 13:30:00;VETO;signal rejected: score 0.40 < 0.55 [CHoCH short lvl=4586.06|RelVol=1.07|Retest@4584.37|VPnear]
2026.01.12 15:13:40;MANAGE;#7 SL 4569.79 -> 4589.15 breakeven
2026.01.12 15:13:40;MANAGE;#7 partial close 0.02 of 0.04 lots
2026.01.12 15:13:40;RISK;deal closed pnl=40.62 streak=0 lock=0
2026.01.12 15:13:59;MANAGE;#7 SL 4589.15 -> 4594.88 trail
2026.01.12 15:14:20;MANAGE;#7 SL 4594.88 -> 4595.15 trail
2026.01.12 15:15:00;VETO;outlier bar masked, z=3.9
2026.01.12 15:23:40;MANAGE;#7 SL 4595.15 -> 4595.47 trail
2026.01.12 15:24:20;MANAGE;#7 SL 4595.47 -> 4595.66 trail
2026.01.12 15:40:40;MANAGE;#7 SL 4595.66 -> 4597.98 trail
2026.01.12 15:48:20;MANAGE;#7 SL 4597.98 -> 4599.05 trail
2026.01.12 15:49:40;MANAGE;#7 SL 4599.05 -> 4599.72 trail
2026.01.12 15:50:40;MANAGE;#7 SL 4599.72 -> 4600.91 trail
2026.01.12 15:51:40;RISK;deal closed pnl=57.96 streak=0 lock=0
2026.01.12 16:15:00;VETO;outlier bar masked, z=4.8
2026.01.12 16:45:00;VETO;outlier bar masked, z=5.1
2026.01.12 17:45:00;VETO;signal rejected: volume: relVol 0.86 < 1.00
2026.01.12 20:30:00;DECISION;setup SHORT score=0.55 entry=4605.52 inv=4630.13 tgt=0.00 AWAIT-RETEST [CHoCH short lvl=4607.89|RelVol=1.09|Retest@4605.52|VPnode d=1.48]
2026.01.12 20:45:00;VETO;authorization denied: outside session window (server hour 20, window 12-20)
2026.01.12 21:00:00;VETO;authorization denied: outside session window (server hour 21, window 12-20)
2026.01.12 21:15:00;VETO;authorization denied: outside session window (server hour 21, window 12-20)
2026.01.12 21:30:00;VETO;authorization denied: outside session window (server hour 21, window 12-20)
2026.01.12 22:45:00;VETO;signal rejected: score 0.40 < 0.55 [BOS short lvl=4600.55|RelVol=1.08|Retest@4598.67|VPnear]
2026.01.13 01:15:00;VETO;outlier bar masked, z=6.7
2026.01.13 04:00:00;DECISION;setup SHORT score=0.75 entry=4577.90 inv=4607.74 tgt=0.00 [BOS short lvl=4578.11|RelVol=1.22|VPnode d=2.30|VWAPside|ADX=31]
2026.01.13 04:00:00;VETO;authorization denied: outside session window (server hour 04, window 12-20)
2026.01.13 04:15:00;VETO;authorization denied: outside session window (server hour 04, window 12-20)
2026.01.13 04:30:00;VETO;authorization denied: outside session window (server hour 04, window 12-20)
2026.01.13 04:45:00;VETO;authorization denied: outside session window (server hour 04, window 12-20)
2026.01.13 07:30:00;VETO;signal rejected: volume: relVol 0.68 < 1.00
2026.01.13 08:00:00;VETO;signal rejected: volume: relVol 0.76 < 1.00
2026.01.13 15:00:00;DECISION;setup LONG score=0.65 entry=4593.49 inv=4580.42 tgt=0.00 AWAIT-RETEST [CHoCH long lvl=4592.01|RelVol=1.14|Retest@4593.49|VPnode d=0.09|VWAPside]
2026.01.13 15:00:00;DECISION;TP capped 26.13321 -> 19.59991 (3.0xATR)
2026.01.13 15:00:00;ERROR;limit BUY 0.06 @ 4593.49 sl=4580.42 tp=4613.09 rc=10015 [WT|CHOCH|0.65|RL]
2026.01.13 15:15:00;DECISION;TP capped 44.76000 -> 33.57000 (3.0xATR)
2026.01.13 15:15:00;ORDER;filled BUY 0.03 lots sl=4580.42 tp=4636.37 [WT|CHOCH|0.65]
2026.01.13 15:15:00;RISK;sizing: vol_ratio=0.79 scalar=1.00 gap_buf=3.32071 eff_stop=25.70071
2026.01.13 15:15:00;ORDER;entry fill deal #10 BUY 0.03 @ 4602.80000
2026.01.13 15:45:00;VETO;outlier bar masked, z=4.8
2026.01.13 16:44:40;MANAGE;#10 SL 4580.42 -> 4602.84 breakeven
2026.01.13 16:44:40;MANAGE;#10 partial close 0.01 of 0.03 lots
2026.01.13 16:44:40;RISK;deal closed pnl=23.21 streak=0 lock=0
2026.01.13 16:44:59;MANAGE;#10 SL 4602.84 -> 4607.80 trail
2026.01.13 16:45:40;MANAGE;#10 SL 4607.80 -> 4608.56 trail
2026.01.13 16:46:40;MANAGE;#10 SL 4608.56 -> 4609.98 trail
2026.01.13 16:47:40;MANAGE;#10 SL 4609.98 -> 4613.95 trail
2026.01.13 16:48:20;MANAGE;#10 SL 4613.95 -> 4614.37 trail
2026.01.13 16:49:40;MANAGE;#10 SL 4614.37 -> 4614.77 trail
2026.01.13 16:50:20;MANAGE;#10 SL 4614.77 -> 4615.11 trail
2026.01.13 17:04:20;RISK;deal closed pnl=24.62 streak=0 lock=0
2026.01.13 17:30:00;VETO;outlier bar masked, z=4.5
2026.01.13 18:30:00;VETO;outlier bar masked, z=3.5
2026.01.13 20:00:00;VETO;outlier bar masked, z=4.4
2026.01.13 22:45:00;VETO;outlier bar masked, z=3.6
2026.01.14 02:15:00;DECISION;setup LONG score=0.65 entry=4600.63 inv=4569.58 tgt=0.00 AWAIT-RETEST [CHoCH long lvl=4598.99|RelVol=1.45|Retest@4600.63|VPnode d=0.83|VWAPside]
2026.01.14 08:00:00;VETO;outlier bar masked, z=4.8
2026.01.14 15:00:00;DECISION;setup LONG score=0.85 entry=4638.71 inv=4626.08 tgt=0.00 [BOS long lvl=4638.21|RelVol=1.21|VPnode d=0.29|VWAPside|CycleTurn w=-0.88<--0.94]
2026.01.14 15:00:00;DECISION;TP capped 25.34000 -> 19.00500 (3.0xATR)
2026.01.14 15:00:00;ORDER;filled BUY 0.06 lots sl=4626.08 tp=4657.76 [WT|BOS|0.85]
2026.01.14 15:00:00;RISK;sizing: vol_ratio=0.75 scalar=1.00 gap_buf=3.10714 eff_stop=15.77714
2026.01.14 15:00:00;ORDER;entry fill deal #13 BUY 0.06 @ 4638.75000
2026.01.14 15:30:40;RISK;deal closed pnl=-76.02 streak=1 lock=0
2026.01.14 16:45:00;VETO;outlier bar masked, z=4.0
2026.01.14 20:30:00;DECISION;setup LONG score=0.85 entry=4627.39 inv=4601.18 tgt=0.00 AWAIT-RETEST [CHoCH long lvl=4624.79|RelVol=1.36|Retest@4627.39|VPnode d=7.51|VWAPside|CycleTurn w=-0.55<--0.97]
2026.01.14 22:15:00;VETO;authorization denied: outside session window (server hour 22, window 12-20)
2026.01.14 22:30:00;VETO;authorization denied: outside session window (server hour 22, window 12-20)
2026.01.14 22:45:00;VETO;authorization denied: outside session window (server hour 22, window 12-20)
2026.01.14 23:00:00;VETO;authorization denied: outside session window (server hour 23, window 12-20)
2026.01.15 01:15:00;VETO;outlier bar masked, z=5.2
2026.01.15 03:30:00;VETO;signal rejected: score 0.50 < 0.55 [CHoCH short lvl=4602.82|RelVol=1.47|Retest@4600.77|VPnear|VWAPside]
2026.01.15 03:45:00;VETO;outlier bar masked, z=4.0
2026.01.15 11:45:00;VETO;signal rejected: score 0.50 < 0.55 [CHoCH long lvl=4607.18|RelVol=1.40|Retest@4608.77|VPnear|VWAPside]
2026.01.15 15:45:00;DECISION;setup SHORT score=0.65 entry=4596.32 inv=4622.94 tgt=0.00 AWAIT-RETEST [CHoCH short lvl=4597.81|RelVol=1.20|Retest@4596.32|VPnode d=1.28|VWAPside]
2026.01.15 15:45:00;DECISION;TP capped 53.23143 -> 39.92357 (3.0xATR)
2026.01.15 15:45:00;ORDER;limit SELL 0.03 @ 4596.32 sl=4622.94 tp=4556.40 rc=10009 [WT|CHOCH|0.65|RL]
2026.01.15 15:45:00;RISK;sizing: vol_ratio=0.68 scalar=1.00 gap_buf=2.97143 eff_stop=29.58714
2026.01.15 16:09:40;ORDER;entry fill deal #15 SELL 0.03 @ 4596.32000
2026.01.15 18:11:40;RISK;deal closed pnl=-79.86 streak=1 lock=0
2026.01.15 22:15:00;DECISION;setup SHORT score=0.75 entry=4612.21 inv=4621.59 tgt=0.00 AWAIT-RETEST [BOS short lvl=4613.52|RelVol=1.06|Retest@4612.21|VPnode d=3.49|CycleTurn w=0.41<-0.94]
2026.01.15 23:30:00;VETO;authorization denied: outside session window (server hour 23, window 12-20)
2026.01.15 23:45:00;VETO;authorization denied: outside session window (server hour 23, window 12-20)
2026.01.16 01:00:00;VETO;authorization denied: outside session window (server hour 01, window 12-20)
2026.01.16 01:15:00;VETO;authorization denied: outside session window (server hour 01, window 12-20)
2026.01.16 03:00:00;VETO;signal rejected: volume: relVol 0.97 < 1.00
2026.01.16 08:00:00;VETO;signal rejected: volume: relVol 0.90 < 1.00
2026.01.16 09:15:00;VETO;outlier bar masked, z=3.5
2026.01.16 13:30:00;VETO;signal rejected: volume: relVol 0.86 < 1.00
2026.01.16 15:15:00;DECISION;setup SHORT score=0.85 entry=4597.04 inv=4616.11 tgt=0.00 AWAIT-RETEST [CHoCH short lvl=4598.58|RelVol=1.25|Retest@4597.04|VPnode d=1.04|VWAPside|CycleTurn w=-0.52<-0.52]
2026.01.16 15:15:00;DECISION;TP capped 38.13500 -> 28.60125 (3.0xATR)
2026.01.16 15:15:00;ORDER;limit SELL 0.04 @ 4597.04 sl=4616.11 tp=4568.44 rc=10009 [WT|CHOCH|0.85|RL]
2026.01.16 15:15:00;RISK;sizing: vol_ratio=0.91 scalar=1.00 gap_buf=3.07500 eff_stop=22.14250
2026.01.16 15:15:20;ORDER;entry fill deal #17 SELL 0.04 @ 4597.04000
2026.01.16 15:30:00;VETO;outlier bar masked, z=3.6
2026.01.16 15:45:00;VETO;outlier bar masked, z=3.8
2026.01.16 17:05:40;RISK;deal closed pnl=-76.28 streak=1 lock=0
2026.01.16 17:30:00;VETO;outlier bar masked, z=16.7
2026.01.16 17:45:00;VETO;outlier bar masked, z=9.8
2026.01.16 18:00:00;VETO;outlier bar masked, z=4.9
2026.01.16 18:15:00;VETO;outlier bar masked, z=6.8
2026.01.19 01:00:00;VETO;signal rejected: volume: relVol 0.95 < 1.00
2026.01.19 01:15:00;VETO;outlier bar masked, z=17.7
2026.01.19 01:30:00;VETO;outlier bar masked, z=7.1
2026.01.19 01:45:00;VETO;outlier bar masked, z=5.6
2026.01.19 04:00:00;DECISION;setup SHORT score=0.85 entry=4658.73 inv=4682.03 tgt=0.00 AWAIT-RETEST [CHoCH short lvl=4661.18|RelVol=1.15|Retest@4658.73|VPnode d=2.87|VWAPside|CycleTurn w=0.63<-0.87]
2026.01.19 04:15:00;VETO;authorization denied: outside session window (server hour 04, window 12-20)
2026.01.19 04:30:00;VETO;authorization denied: outside session window (server hour 04, window 12-20)
2026.01.19 04:45:00;VETO;authorization denied: outside session window (server hour 04, window 12-20)
2026.01.19 05:00:00;VETO;authorization denied: outside session window (server hour 05, window 12-20)
2026.01.19 08:00:00;VETO;signal rejected: volume: relVol 0.69 < 1.00
2026.01.19 09:00:00;VETO;signal rejected: volume: relVol 0.77 < 1.00
2026.01.19 12:45:00;VETO;signal rejected: volume: relVol 0.78 < 1.00
2026.01.19 14:00:00;DECISION;setup SHORT score=0.65 entry=4660.68 inv=4671.21 tgt=0.00 [BOS short lvl=4661.27|RelVol=1.25|VPnode d=1.48|VWAPside]
2026.01.19 14:00:00;DECISION;TP capped 21.06000 -> 17.16429 (3.0xATR)
2026.01.19 14:00:00;ORDER;filled SELL 0.07 lots sl=4671.21 tp=4643.52 [WT|BOS|0.65]
2026.01.19 14:00:00;RISK;sizing: vol_ratio=0.59 scalar=1.00 gap_buf=2.86071 eff_stop=13.39071
2026.01.19 14:00:00;ORDER;entry fill deal #19 SELL 0.07 @ 4660.68000
2026.01.19 14:17:40;RISK;deal closed pnl=-73.71 streak=1 lock=0
2026.01.19 14:45:00;VETO;signal rejected: volume: relVol 0.63 < 1.00
2026.01.19 18:00:00;VETO;signal rejected: volume: relVol 0.42 < 1.00
2026.01.19 19:45:00;VETO;signal rejected: volume: relVol 0.38 < 1.00
2026.01.20 01:30:00;VETO;signal rejected: volume: relVol 0.62 < 1.00
2026.01.20 05:45:00;VETO;signal rejected: volume: relVol 0.74 < 1.00
2026.01.20 09:30:00;VETO;signal rejected: score 0.50 < 0.55 [BOS long lvl=4717.01|RelVol=1.06|VWAPside|ADX=68]
2026.01.20 15:30:00;VETO;signal rejected: volume: relVol 0.89 < 1.00
2026.01.20 15:45:00;VETO;outlier bar masked, z=5.2
2026.01.20 16:00:00;DECISION;setup LONG score=0.85 entry=4736.72 inv=4721.65 tgt=0.00 AWAIT-RETEST [CHoCH long lvl=4735.25|RelVol=1.14|Retest@4736.72|VPnode d=1.68|VWAPside|CycleTurn w=-0.99<--1.00]
2026.01.20 16:00:00;DECISION;TP capped 30.13143 -> 22.59857 (3.0xATR)
2026.01.20 16:00:00;ORDER;limit BUY 0.05 @ 4736.72 sl=4721.65 tp=4759.31 rc=10009 [WT|CHOCH|0.85|RL]
2026.01.20 16:00:00;RISK;sizing: vol_ratio=1.09 scalar=1.00 gap_buf=3.27643 eff_stop=18.34214
2026.01.20 16:00:20;ORDER;entry fill deal #21 BUY 0.05 @ 4736.72000
2026.01.20 16:15:00;VETO;outlier bar masked, z=5.7
2026.01.20 16:45:00;VETO;outlier bar masked, z=9.0
2026.01.20 17:30:00;VETO;outlier bar masked, z=7.4
2026.01.20 18:15:00;VETO;outlier bar masked, z=3.8
2026.01.20 18:55:40;MANAGE;#21 SL 4721.65 -> 4736.76 breakeven
2026.01.20 18:55:40;MANAGE;#21 partial close 0.02 of 0.05 lots
2026.01.20 18:55:40;RISK;deal closed pnl=33.12 streak=0 lock=0
2026.01.20 19:00:00;DECISION;setup LONG score=0.85 entry=4753.64 inv=4722.41 tgt=0.00 [BOS long lvl=4751.14|RelVol=1.04|VPnode d=5.04|VWAPside|CycleTurn w=-0.60<--0.93]
2026.01.20 19:00:00;DECISION;TP capped 62.54000 -> 46.90500 (3.0xATR)
2026.01.20 19:00:00;VETO;risk veto: max positions
2026.01.20 19:55:40;RISK;deal closed pnl=67.77 streak=0 lock=0
2026.01.20 22:30:00;VETO;signal rejected: score 0.40 < 0.55 [CHoCH short lvl=4752.87|RelVol=1.22|Retest@4751.11|VPnear]
2026.01.21 01:45:00;VETO;signal rejected: volume: relVol 0.68 < 1.00
2026.01.21 03:15:00;VETO;outlier bar masked, z=6.9
2026.01.21 03:30:00;VETO;outlier bar masked, z=5.6
2026.01.21 03:45:00;VETO;outlier bar masked, z=5.0
2026.01.21 04:00:00;VETO;outlier bar masked, z=6.2
2026.01.21 04:15:00;VETO;outlier bar masked, z=4.1
2026.01.21 06:30:00;DECISION;setup LONG score=0.75 entry=4849.85 inv=4747.47 tgt=0.00 [BOS long lvl=4849.75|RelVol=1.57|VPnode d=2.75|VWAPside|ADX=56]
2026.01.21 06:30:00;VETO;authorization denied: outside session window (server hour 06, window 12-20)
2026.01.21 06:45:00;VETO;authorization denied: outside session window (server hour 06, window 12-20)
2026.01.21 07:00:00;VETO;authorization denied: outside session window (server hour 07, window 12-20)
2026.01.21 07:15:00;VETO;authorization denied: outside session window (server hour 07, window 12-20)
2026.01.21 08:45:00;VETO;outlier bar masked, z=5.2
2026.01.21 15:45:00;VETO;signal rejected: volume: relVol 0.73 < 1.00
2026.01.21 16:15:00;VETO;outlier bar masked, z=6.9
2026.01.21 17:30:00;VETO;outlier bar masked, z=8.1
2026.01.21 19:45:00;VETO;signal rejected: score 0.50 < 0.55 [BOS short lvl=4812.84|RelVol=1.94|VPnear|VWAPside]
2026.01.21 21:30:00;VETO;outlier bar masked, z=6.6
2026.01.21 21:45:00;VETO;outlier bar masked, z=7.6
2026.01.22 07:45:00;VETO;signal rejected: volume: relVol 0.77 < 1.00
2026.01.22 11:45:00;DECISION;setup SHORT score=0.75 entry=4820.36 inv=4839.00 tgt=0.00 AWAIT-RETEST [CHoCH short lvl=4822.32|RelVol=1.38|Retest@4820.36|VPnode d=0.24|CycleTurn w=-0.33<-0.84]
2026.01.22 12:00:00;DECISION;TP capped 31.72000 -> 23.79000 (3.0xATR)
2026.01.22 12:00:00;ORDER;filled SELL 0.05 lots sl=4839.00 tp=4799.35 [WT|CHOCH|0.75]
2026.01.22 12:00:00;RISK;sizing: vol_ratio=0.56 scalar=1.00 gap_buf=3.79464 eff_stop=19.65464
2026.01.22 12:00:00;ORDER;entry fill deal #24 SELL 0.05 @ 4823.14000
2026.01.22 15:45:00;VETO;signal rejected: volume: relVol 0.86 < 1.00
2026.01.22 16:32:40;RISK;deal closed pnl=-79.30 streak=1 lock=0
2026.01.22 16:45:00;VETO;signal rejected: volume: relVol 0.90 < 1.00
2026.01.22 22:15:00;VETO;signal rejected: volume: relVol 0.80 < 1.00
2026.01.22 23:45:00;VETO;signal rejected: score 0.50 < 0.55 [BOS long lvl=4928.50|RelVol=1.66|Retest@4930.77|VWAPside|ADX=36]
2026.01.23 03:15:00;VETO;outlier bar masked, z=4.6
2026.01.23 10:00:00;DECISION;setup SHORT score=0.65 entry=4943.83 inv=4967.30 tgt=0.00 AWAIT-RETEST [CHoCH short lvl=4945.59|RelVol=1.07|Retest@4943.83|VPnode d=3.97|VWAPside]
2026.01.23 10:15:00;VETO;authorization denied: outside session window (server hour 10, window 12-20)
2026.01.23 10:30:00;VETO;outlier bar masked, z=8.3
2026.01.23 10:45:00;VETO;authorization denied: outside session window (server hour 10, window 12-20)
2026.01.23 11:00:00;VETO;authorization denied: outside session window (server hour 11, window 12-20)
2026.01.23 11:15:00;VETO;authorization denied: outside session window (server hour 11, window 12-20)
2026.01.23 14:15:00;DECISION;setup LONG score=0.55 entry=4935.02 inv=4912.21 tgt=0.00 AWAIT-RETEST [CHoCH long lvl=4932.45|RelVol=1.09|Retest@4935.02|VPnode d=5.62]
2026.01.23 14:15:00;DECISION;TP capped 45.61571 -> 34.21179 (3.0xATR)
2026.01.23 14:15:00;ERROR;limit BUY 0.03 @ 4935.02 sl=4912.21 tp=4969.23 rc=10015 [WT|CHOCH|0.55|RL]
2026.01.23 14:30:00;DECISION;TP capped 44.00000 -> 33.00000 (3.0xATR)
2026.01.23 14:30:00;ORDER;filled BUY 0.03 lots sl=4912.21 tp=4967.21 [WT|CHOCH|0.55]
2026.01.23 14:30:00;RISK;sizing: vol_ratio=0.94 scalar=1.00 gap_buf=4.77964 eff_stop=26.77964
2026.01.23 14:30:00;ORDER;entry fill deal #26 BUY 0.03 @ 4934.21000
2026.01.23 16:52:20;MANAGE;#26 SL 4912.21 -> 4934.25 breakeven
2026.01.23 16:52:20;MANAGE;#26 partial close 0.01 of 0.03 lots
2026.01.23 16:52:20;RISK;deal closed pnl=22.23 streak=0 lock=0
2026.01.23 16:53:20;MANAGE;#26 SL 4934.25 -> 4934.47 trail
2026.01.23 17:15:00;VETO;signal rejected: volume: relVol 0.79 < 1.00
2026.01.23 17:42:40;MANAGE;#26 SL 4934.47 -> 4935.31 trail
2026.01.23 17:43:20;MANAGE;#26 SL 4935.31 -> 4936.93 trail
2026.01.23 17:47:40;MANAGE;#26 SL 4936.93 -> 4939.10 trail
2026.01.23 18:02:40;MANAGE;#26 SL 4939.10 -> 4940.66 trail
2026.01.23 18:04:40;MANAGE;#26 SL 4940.66 -> 4941.37 trail
2026.01.23 18:09:40;RISK;deal closed pnl=66.00 streak=0 lock=0
2026.01.26 01:15:00;VETO;outlier bar masked, z=6.3
2026.01.26 03:15:00;VETO;outlier bar masked, z=3.6
2026.01.26 09:00:00;VETO;outlier bar masked, z=3.5
2026.01.26 09:30:00;DECISION;setup LONG score=0.95 entry=5095.38 inv=5052.39 tgt=0.00 [BOS long lvl=5093.05|RelVol=1.01|VPnode d=1.38|VWAPside|CycleTurn w=-0.76<--0.90|ADX=32]
2026.01.26 09:30:00;VETO;authorization denied: outside session window (server hour 09, window 12-20)
2026.01.26 09:45:00;VETO;authorization denied: outside session window (server hour 09, window 12-20)
2026.01.26 10:00:00;VETO;authorization denied: outside session window (server hour 10, window 12-20)
2026.01.26 10:15:00;VETO;authorization denied: outside session window (server hour 10, window 12-20)
2026.01.26 15:30:00;VETO;signal rejected: score 0.40 < 0.55 [CHoCH short lvl=5078.55|RelVol=1.03|Retest@5076.26|VPnear]
2026.01.26 18:15:00;DECISION;setup LONG score=0.65 entry=5101.10 inv=5054.59 tgt=0.00 AWAIT-RETEST [CHoCH long lvl=5097.34|RelVol=1.08|Retest@5101.10|VPnode d=5.70|VWAPside]
2026.01.26 18:15:00;DECISION;TP capped 93.02714 -> 69.77036 (3.0xATR)
2026.01.26 18:15:00;ORDER;limit BUY 0.01 @ 5101.10 sl=5054.59 tp=5170.87 rc=10009 [WT|CHOCH|0.65|RL]
2026.01.26 18:15:00;RISK;sizing: vol_ratio=1.21 scalar=1.00 gap_buf=7.52714 eff_stop=54.04071
2026.01.26 18:15:40;ORDER;entry fill deal #29 BUY 0.01 @ 5101.10000
2026.01.26 18:30:00;VETO;outlier bar masked, z=3.6
2026.01.26 20:45:00;DECISION;setup SHORT score=0.85 entry=5061.18 inv=5105.05 tgt=0.00 AWAIT-RETEST [CHoCH short lvl=5065.35|RelVol=2.58|Retest@5061.18|VPnode d=8.62|VWAPside|CycleTurn w=0.12<-0.89]
2026.01.26 21:00:00;VETO;authorization denied: outside session window (server hour 21, window 12-20)
2026.01.26 21:02:40;RISK;deal closed pnl=-46.51 streak=1 lock=0
2026.01.26 21:15:00;VETO;outlier bar masked, z=3.6
2026.01.26 21:30:00;VETO;outlier bar masked, z=4.8
2026.01.26 21:45:00;VETO;authorization denied: outside session window (server hour 21, window 12-20)
2026.01.26 22:00:00;VETO;authorization denied: outside session window (server hour 22, window 12-20)
2026.01.26 22:15:00;VETO;authorization denied: outside session window (server hour 22, window 12-20)
2026.01.26 23:45:00;VETO;signal rejected: score 0.50 < 0.55 [BOS short lvl=5008.51|RelVol=3.96|VWAPside|ADX=34]
2026.01.27 03:15:00;VETO;outlier bar masked, z=6.5
2026.01.27 04:45:00;VETO;signal rejected: volume: relVol 0.84 < 1.00
2026.01.27 08:00:00;DECISION;setup LONG score=0.85 entry=5082.99 inv=5057.34 tgt=0.00 [BOS long lvl=5079.17|RelVol=1.00|VPnode d=2.39|VWAPside|CycleTurn w=-0.82<--0.86]
2026.01.27 08:00:00;VETO;authorization denied: outside session window (server hour 08, window 12-20)
2026.01.27 08:15:00;VETO;authorization denied: outside session window (server hour 08, window 12-20)
2026.01.27 08:30:00;VETO;authorization denied: outside session window (server hour 08, window 12-20)
2026.01.27 08:45:00;VETO;authorization denied: outside session window (server hour 08, window 12-20)
2026.01.27 14:00:00;DECISION;setup SHORT score=0.55 entry=5079.74 inv=5099.53 tgt=0.00 AWAIT-RETEST [CHoCH short lvl=5081.90|RelVol=1.63|Retest@5079.74|VPnode d=6.36]
2026.01.27 14:00:00;DECISION;TP capped 39.58071 -> 29.68554 (3.0xATR)
2026.01.27 14:00:00;ORDER;limit SELL 0.04 @ 5079.74 sl=5099.53 tp=5050.05 rc=10009 [WT|CHOCH|0.55|RL]
2026.01.27 14:00:00;RISK;sizing: vol_ratio=0.59 scalar=1.00 gap_buf=4.32071 eff_stop=24.11107
2026.01.27 14:00:40;ORDER;entry fill deal #31 SELL 0.04 @ 5079.74000
2026.01.27 16:05:40;MANAGE;#31 SL 5099.53 -> 5079.70 breakeven
2026.01.27 16:05:40;MANAGE;#31 partial close 0.02 of 0.04 lots
2026.01.27 16:05:40;RISK;deal closed pnl=40.68 streak=0 lock=0
2026.01.27 16:06:20;MANAGE;#31 SL 5079.70 -> 5079.49 trail
2026.01.27 16:13:40;MANAGE;#31 SL 5079.49 -> 5075.63 trail
2026.01.27 16:15:00;DECISION;setup SHORT score=0.65 entry=5060.11 inv=5092.92 tgt=0.00 [BOS short lvl=5066.97|RelVol=1.36|VPnode d=4.09|VWAPside]
2026.01.27 16:15:00;DECISION;TP capped 65.62000 -> 49.21500 (3.0xATR)
2026.01.27 16:15:00;VETO;risk veto: max positions
2026.01.27 16:16:40;RISK;deal closed pnl=59.38 streak=0 lock=0
2026.01.27 18:00:00;DECISION;setup LONG score=0.85 entry=5086.67 inv=5046.65 tgt=0.00 AWAIT-RETEST [CHoCH long lvl=5082.29|RelVol=1.29|Retest@5086.67|VPnode d=0.57|VWAPside|CycleTurn w=-0.77<--0.97]
2026.01.27 18:00:00;DECISION;TP capped 80.03679 -> 60.02759 (3.0xATR)
2026.01.27 18:00:00;ORDER;limit BUY 0.02 @ 5086.67 sl=5046.65 tp=5146.70 rc=10009 [WT|CHOCH|0.85|RL]
2026.01.27 18:00:00;RISK;sizing: vol_ratio=1.12 scalar=1.00 gap_buf=8.75679 eff_stop=48.77518
2026.01.27 18:04:40;ORDER;entry fill deal #34 BUY 0.02 @ 5086.67000
2026.01.27 22:00:00;DECISION;setup LONG score=0.65 entry=5098.94 inv=5076.37 tgt=0.00 [BOS long lvl=5095.54|RelVol=1.02|VPnode d=6.14|VWAPside]
2026.01.27 22:00:00;VETO;authorization denied: outside session window (server hour 22, window 12-20)
2026.01.27 22:09:40;MANAGE;#34 SL 5046.65 -> 5086.71 breakeven
2026.01.27 22:09:40;MANAGE;#34 partial close 0.01 of 0.02 lots
2026.01.27 22:09:40;RISK;deal closed pnl=40.18 streak=0 lock=0
2026.01.27 22:09:59;MANAGE;#34 SL 5086.71 -> 5106.57 trail
2026.01.27 22:10:40;MANAGE;#34 SL 5106.57 -> 5116.87 trail
2026.01.27 22:11:20;MANAGE;#34 SL 5116.87 -> 5121.03 trail
2026.01.27 22:14:40;MANAGE;#34 SL 5121.03 -> 5124.32 trail
2026.01.27 22:15:00;VETO;outlier bar masked, z=5.5
2026.01.27 22:20:40;RISK;deal closed pnl=60.03 streak=0 lock=0
2026.01.27 22:30:00;VETO;authorization denied: outside session window (server hour 22, window 12-20)
2026.01.27 22:45:00;VETO;authorization denied: outside session window (server hour 22, window 12-20)
2026.01.27 23:00:00;VETO;outlier bar masked, z=4.7
2026.01.27 23:15:00;VETO;authorization denied: outside session window (server hour 23, window 12-20)
2026.01.28 03:15:00;VETO;outlier bar masked, z=4.4
2026.01.28 07:15:00;DECISION;setup LONG score=0.75 entry=5253.91 inv=5157.31 tgt=0.00 [BOS long lvl=5247.63|RelVol=1.68|VPnode d=4.91|VWAPside|ADX=55]
2026.01.28 07:15:00;VETO;authorization denied: outside session window (server hour 07, window 12-20)
2026.01.28 07:30:00;VETO;authorization denied: outside session window (server hour 07, window 12-20)
2026.01.28 07:45:00;VETO;authorization denied: outside session window (server hour 07, window 12-20)
2026.01.28 08:00:00;VETO;authorization denied: outside session window (server hour 08, window 12-20)
2026.01.28 09:00:00;VETO;signal rejected: score 0.50 < 0.55 [BOS long lvl=5266.49|RelVol=1.10|VWAPside|ADX=56]
2026.01.28 13:15:00;VETO;outlier bar masked, z=3.8
2026.01.28 16:45:00;VETO;outlier bar masked, z=4.8
2026.01.28 17:15:00;VETO;outlier bar masked, z=11.3
2026.01.28 19:00:00;DECISION;setup LONG score=0.65 entry=5302.31 inv=5235.23 tgt=0.00 AWAIT-RETEST [CHoCH long lvl=5298.29|RelVol=1.28|Retest@5302.31|VPnode d=2.71|VWAPside]
2026.01.28 19:00:00;DECISION;TP capped 134.16643 -> 100.62482 (3.0xATR)
2026.01.28 19:00:00;ERROR;limit BUY 0.01 @ 5302.31 sl=5235.23 tp=5402.94 rc=10015 [WT|CHOCH|0.65|RL]
2026.01.28 19:15:00;DECISION;TP capped 120.92000 -> 90.69000 (3.0xATR)
2026.01.28 19:15:00;ORDER;filled BUY 0.01 lots sl=5235.23 tp=5386.38 [WT|CHOCH|0.65]
2026.01.28 19:15:00;RISK;sizing: vol_ratio=1.39 scalar=1.00 gap_buf=10.47214 eff_stop=70.93214
2026.01.28 19:15:00;ORDER;entry fill deal #37 BUY 0.01 @ 5295.69000
2026.01.28 20:45:00;VETO;outlier bar masked, z=6.1
2026.01.28 21:45:00;VETO;outlier bar masked, z=3.9
2026.01.28 22:15:00;DECISION;setup LONG score=0.80 entry=5326.60 inv=5268.78 tgt=0.00 [BOS long lvl=5326.02|RelVol=1.65|VPnear|VWAPside|CycleTurn w=0.40<--0.61|ADX=34]
2026.01.28 22:15:00;VETO;authorization denied: outside session window (server hour 22, window 12-20)
2026.01.28 22:30:00;VETO;outlier bar masked, z=4.2
2026.01.28 22:30:40;MANAGE;#37 SL 5235.23 -> 5295.73 breakeven
2026.01.28 22:30:59;MANAGE;#37 SL 5295.73 -> 5313.65 trail
2026.01.28 22:31:20;MANAGE;#37 SL 5313.65 -> 5317.48 trail
2026.01.28 22:34:20;MANAGE;#37 SL 5317.48 -> 5318.44 trail
2026.01.28 22:35:40;MANAGE;#37 SL 5318.44 -> 5320.54 trail
2026.01.28 22:36:40;MANAGE;#37 SL 5320.54 -> 5324.81 trail
2026.01.28 22:37:40;MANAGE;#37 SL 5324.81 -> 5328.30 trail
2026.01.28 22:38:40;MANAGE;#37 SL 5328.30 -> 5332.01 trail
2026.01.28 22:39:20;MANAGE;#37 SL 5332.01 -> 5332.53 trail
2026.01.28 22:40:20;MANAGE;#37 SL 5332.53 -> 5335.39 trail
2026.01.28 22:41:40;MANAGE;#37 SL 5335.39 -> 5338.85 trail
2026.01.28 22:42:40;RISK;deal closed pnl=90.69 streak=0 lock=0
2026.01.28 22:45:00;VETO;outlier bar masked, z=5.0
2026.01.28 23:00:00;VETO;authorization denied: outside session window (server hour 23, window 12-20)
2026.01.28 23:15:00;VETO;authorization denied: outside session window (server hour 23, window 12-20)
2026.01.28 23:30:00;VETO;authorization denied: outside session window (server hour 23, window 12-20)
2026.01.29 01:00:00;VETO;outlier bar masked, z=4.3
2026.01.29 01:15:00;VETO;outlier bar masked, z=8.7
2026.01.29 01:45:00;VETO;outlier bar masked, z=18.4
2026.01.29 02:00:00;VETO;outlier bar masked, z=8.5
2026.01.29 02:15:00;VETO;outlier bar masked, z=8.7
2026.01.29 02:30:00;VETO;outlier bar masked, z=4.4
2026.01.29 02:45:00;VETO;outlier bar masked, z=3.6
2026.01.29 03:15:00;VETO;outlier bar masked, z=11.2
2026.01.29 03:45:00;VETO;outlier bar masked, z=4.8
2026.01.29 04:15:00;VETO;outlier bar masked, z=4.1
2026.01.29 05:15:00;VETO;outlier bar masked, z=3.7
2026.01.29 06:45:00;DECISION;setup LONG score=0.95 entry=5557.40 inv=5508.32 tgt=0.00 [BOS long lvl=5550.19|RelVol=1.73|VPnode d=7.20|VWAPside|CycleTurn w=-1.00<--1.00|ADX=43]
2026.01.29 06:45:00;VETO;authorization denied: outside session window (server hour 06, window 12-20)
2026.01.29 07:00:00;VETO;authorization denied: outside session window (server hour 07, window 12-20)
2026.01.29 07:15:00;VETO;authorization denied: outside session window (server hour 07, window 12-20)
2026.01.29 07:30:00;VETO;outlier bar masked, z=3.8
2026.01.29 07:45:00;VETO;authorization denied: outside session window (server hour 07, window 12-20)
2026.01.29 08:15:00;DECISION;setup LONG score=0.75 entry=5569.62 inv=5516.27 tgt=0.00 AWAIT-RETEST [BOS long lvl=5564.55|RelVol=1.48|Retest@5569.62|VPnode d=9.22|VWAPside|ADX=36]
2026.01.29 09:00:00;VETO;authorization denied: outside session window (server hour 09, window 12-20)
2026.01.29 09:15:00;VETO;authorization denied: outside session window (server hour 09, window 12-20)
2026.01.29 09:30:00;VETO;authorization denied: outside session window (server hour 09, window 12-20)
2026.01.29 09:45:00;VETO;authorization denied: outside session window (server hour 09, window 12-20)
2026.01.29 10:45:00;VETO;outlier bar masked, z=4.1
2026.01.29 14:15:00;DECISION;setup LONG score=0.70 entry=5534.76 inv=5470.82 tgt=0.00 AWAIT-RETEST [CHoCH long lvl=5529.64|RelVol=1.45|Retest@5534.76|VPnear|VWAPside|CycleTurn w=-0.78<--0.94]
2026.01.29 14:15:00;DECISION;TP capped 127.87107 -> 95.90330 (3.0xATR)
2026.01.29 14:15:00;ORDER;limit BUY 0.01 @ 5534.76 sl=5470.82 tp=5630.66 rc=10009 [WT|CHOCH|0.70|RL]
2026.01.29 14:15:00;RISK;sizing: vol_ratio=0.84 scalar=1.00 gap_buf=10.23107 eff_stop=74.16661
2026.01.29 14:15:20;ORDER;entry fill deal #39 BUY 0.01 @ 5534.76000
2026.01.29 16:30:00;DECISION;setup LONG score=0.65 entry=5543.92 inv=5500.19 tgt=0.00 [BOS long lvl=5542.99|RelVol=1.51|VPnode d=7.88|VWAPside]
2026.01.29 16:30:00;DECISION;TP capped 87.54000 -> 65.65500 (3.0xATR)
2026.01.29 16:30:00;VETO;risk veto: max positions
2026.01.29 17:00:00;DECISION;setup SHORT score=0.65 entry=5494.39 inv=5542.99 tgt=0.00 AWAIT-RETEST [CHoCH short lvl=5500.19|RelVol=1.60|Retest@5494.39|VPnode d=7.81|VWAPside]
2026.01.29 17:00:00;VETO;retest limit risk veto: max positions
2026.01.29 17:01:40;RISK;deal closed pnl=-63.94 streak=1 lock=0
2026.01.29 17:15:00;VETO;outlier bar masked, z=10.4
2026.01.29 17:30:00;VETO;outlier bar masked, z=24.9
2026.01.29 17:45:00;VETO;outlier bar masked, z=12.7
2026.01.29 18:00:00;VETO;outlier bar masked, z=6.7
2026.01.29 18:15:00;VETO;outlier bar masked, z=7.9
2026.01.29 18:30:00;VETO;outlier bar masked, z=3.7
2026.01.29 18:45:00;VETO;outlier bar masked, z=4.1
2026.01.29 19:30:00;VETO;outlier bar masked, z=4.4
2026.01.29 23:00:00;DECISION;setup LONG score=0.55 entry=5371.57 inv=5282.73 tgt=0.00 AWAIT-RETEST [CHoCH long lvl=5362.06|RelVol=1.71|Retest@5371.57|VPnode d=21.03]
2026.01.30 01:00:00;VETO;authorization denied: outside session window (server hour 01, window 12-20)
2026.01.30 01:15:00;VETO;authorization denied: outside session window (server hour 01, window 12-20)
2026.01.30 01:30:00;VETO;authorization denied: outside session window (server hour 01, window 12-20)
2026.01.30 01:45:00;VETO;authorization denied: outside session window (server hour 01, window 12-20)
2026.01.30 03:15:00;VETO;outlier bar masked, z=5.1
2026.01.30 04:15:00;VETO;outlier bar masked, z=5.5
2026.01.30 04:30:00;VETO;outlier bar masked, z=4.6
2026.01.30 04:45:00;VETO;outlier bar masked, z=3.8
2026.01.30 07:45:00;VETO;signal rejected: score 0.40 < 0.55 [CHoCH long lvl=5230.78|RelVol=1.13|Retest@5239.97|VPnear]
2026.01.30 09:45:00;VETO;signal rejected: score 0.50 < 0.55 [CHoCH short lvl=5151.34|RelVol=2.26|Retest@5143.07|VPnear|VWAPside]
2026.01.30 10:45:00;VETO;outlier bar masked, z=3.7
2026.01.30 11:15:00;VETO;outlier bar masked, z=4.8
2026.01.30 15:00:00;DECISION;setup SHORT score=0.85 entry=5064.54 inv=5145.74 tgt=0.00 [BOS short lvl=5090.11|RelVol=1.56|VPnode d=13.14|VWAPside|CycleTurn w=0.98<-0.99]
2026.01.30 15:00:00;DECISION;TP capped 162.40000 -> 138.08143 (3.0xATR)
2026.01.30 15:00:00;VETO;risk veto: size 0.00 < broker min 0.01 (risk too small for stop)
2026.01.30 19:15:00;DECISION;setup SHORT score=0.60 entry=4967.16 inv=5073.84 tgt=0.00 AWAIT-RETEST [BOS short lvl=4980.60|RelVol=1.62|Retest@4967.16|VPnear|VWAPside|ADX=31]
2026.01.30 19:15:00;VETO;retest limit risk veto: size 0.00 < broker min 0.01 (risk too small for stop)
2026.01.30 20:30:00;VETO;outlier bar masked, z=4.3
2026.01.30 21:00:00;VETO;outlier bar masked, z=4.1
2026.02.02 01:15:00;VETO;outlier bar masked, z=7.2
2026.02.02 03:15:00;VETO;outlier bar masked, z=7.0
2026.02.02 07:45:00;DECISION;setup SHORT score=0.70 entry=4575.94 inv=4713.46 tgt=0.00 [BOS short lvl=4603.84|RelVol=1.98|VPnear|VWAPside|CycleTurn w=0.95<-0.97]
2026.02.02 07:45:00;VETO;authorization denied: outside session window (server hour 07, window 12-20)
2026.02.02 08:00:00;VETO;authorization denied: outside session window (server hour 08, window 12-20)
2026.02.02 08:15:00;VETO;authorization denied: outside session window (server hour 08, window 12-20)
2026.02.02 08:30:00;VETO;authorization denied: outside session window (server hour 08, window 12-20)
2026.02.02 12:00:00;DECISION;setup LONG score=0.65 entry=4727.88 inv=4402.14 tgt=0.00 AWAIT-RETEST [CHoCH long lvl=4713.46|RelVol=1.71|Retest@4727.88|VPnode d=10.18|VWAPside]
2026.02.02 12:00:00;VETO;retest limit risk veto: size 0.00 < broker min 0.01 (risk too small for stop)
2026.02.02 12:15:00;DECISION;TP capped 656.54000 -> 492.40500 (3.0xATR)
2026.02.02 12:15:00;VETO;risk veto: size 0.00 < broker min 0.01 (risk too small for stop)
2026.02.02 13:15:00;DECISION;setup LONG score=0.65 entry=4749.18 inv=4402.14 tgt=0.00 [BOS long lvl=4734.09|RelVol=1.56|VPnode d=22.02|VWAPside]
2026.02.02 13:15:00;DECISION;TP capped 694.16000 -> 520.62000 (3.0xATR)
2026.02.02 13:15:00;VETO;risk veto: size 0.00 < broker min 0.01 (risk too small for stop)
2026.02.02 18:00:00;DECISION;setup SHORT score=0.65 entry=4655.37 inv=4794.23 tgt=0.00 AWAIT-RETEST [CHoCH short lvl=4669.45|RelVol=1.33|Retest@4655.37|VPnode d=13.37|VWAPside]
2026.02.02 18:00:00;VETO;retest limit risk veto: size 0.00 < broker min 0.01 (risk too small for stop)
2026.02.02 18:15:00;DECISION;TP capped 194.12000 -> 186.23571 (3.0xATR)
2026.02.02 18:15:00;VETO;risk veto: size 0.00 < broker min 0.01 (risk too small for stop)
2026.02.03 01:15:00;DECISION;setup LONG score=0.65 entry=4721.50 inv=4643.83 tgt=0.00 AWAIT-RETEST [CHoCH long lvl=4712.85|RelVol=1.48|Retest@4721.50|VPnode d=0.90|VWAPside]
2026.02.03 01:30:00;VETO;authorization denied: outside session window (server hour 01, window 12-20)
2026.02.03 01:45:00;VETO;authorization denied: outside session window (server hour 01, window 12-20)
2026.02.03 02:00:00;VETO;authorization denied: outside session window (server hour 02, window 12-20)
2026.02.03 02:15:00;VETO;authorization denied: outside session window (server hour 02, window 12-20)
2026.02.03 04:45:00;DECISION;setup SHORT score=0.85 entry=4756.78 inv=4856.59 tgt=0.00 AWAIT-RETEST [CHoCH short lvl=4766.57|RelVol=1.62|Retest@4756.78|VPnode d=17.82|VWAPside|CycleTurn w=0.54<-0.91]
2026.02.03 05:00:00;VETO;authorization denied: outside session window (server hour 05, window 12-20)
2026.02.03 05:15:00;VETO;authorization denied: outside session window (server hour 05, window 12-20)
2026.02.03 05:30:00;VETO;authorization denied: outside session window (server hour 05, window 12-20)
2026.02.03 05:45:00;VETO;authorization denied: outside session window (server hour 05, window 12-20)
2026.02.03 08:30:00;DECISION;setup LONG score=0.70 entry=4862.81 inv=4745.49 tgt=0.00 AWAIT-RETEST [CHoCH long lvl=4856.59|RelVol=1.68|Retest@4862.81|VPnear|VWAPside|CycleTurn w=0.35<--0.84]
2026.02.03 15:45:00;DECISION;setup LONG score=0.85 entry=4941.67 inv=4892.40 tgt=0.00 [BOS long lvl=4936.29|RelVol=1.31|VPnode d=3.13|VWAPside|CycleTurn w=-0.92<--0.98]
2026.02.03 15:45:00;DECISION;TP capped 98.62000 -> 73.96500 (3.0xATR)
2026.02.03 15:45:00;ORDER;filled BUY 0.01 lots sl=4892.40 tp=5015.68 [WT|BOS|0.85]
2026.02.03 15:45:00;RISK;sizing: vol_ratio=0.59 scalar=1.00 gap_buf=10.11893 eff_stop=59.42893
2026.02.03 15:45:00;ORDER;entry fill deal #41 BUY 0.01 @ 4941.71000
2026.02.03 18:30:00;DECISION;setup LONG score=0.95 entry=4955.14 inv=4893.75 tgt=0.00 AWAIT-RETEST [BOS long lvl=4948.56|RelVol=1.39|Retest@4955.14|VPnode d=4.14|VWAPside|CycleTurn w=-0.74<--0.97|ADX=31]
2026.02.03 18:30:00;VETO;retest limit risk veto: max positions
2026.02.03 18:38:40;MANAGE;#41 SL 4892.40 -> 4941.75 breakeven
2026.02.03 19:00:00;DECISION;TP capped 123.64000 -> 92.73000 (3.0xATR)
2026.02.03 19:00:00;VETO;risk veto: max positions
2026.02.03 19:08:40;RISK;deal closed pnl=0.04 streak=0 lock=0
2026.02.03 22:45:00;DECISION;setup LONG score=0.70 entry=4951.73 inv=4880.86 tgt=0.00 [BOS long lvl=4948.85|RelVol=1.07|VPnear|VWAPside|CycleTurn w=-0.58<--0.93]
2026.02.03 22:45:00;VETO;authorization denied: outside session window (server hour 22, window 12-20)
2026.02.03 23:00:00;VETO;authorization denied: outside session window (server hour 23, window 12-20)
2026.02.03 23:15:00;VETO;authorization denied: outside session window (server hour 23, window 12-20)
2026.02.03 23:30:00;VETO;authorization denied: outside session window (server hour 23, window 12-20)
2026.02.04 02:15:00;DECISION;setup LONG score=0.70 entry=4986.97 inv=4910.22 tgt=0.00 [BOS long lvl=4972.25|RelVol=1.57|VPnear|VWAPside|CycleTurn w=-0.64<--0.98]
2026.02.04 02:15:00;VETO;authorization denied: outside session window (server hour 02, window 12-20)
2026.02.04 02:30:00;VETO;authorization denied: outside session window (server hour 02, window 12-20)
2026.02.04 02:45:00;VETO;authorization denied: outside session window (server hour 02, window 12-20)
2026.02.04 03:00:00;VETO;authorization denied: outside session window (server hour 03, window 12-20)
2026.02.04 03:15:00;VETO;outlier bar masked, z=3.9
2026.02.04 06:00:00;VETO;signal rejected: volume: relVol 0.82 < 1.00
2026.02.04 12:30:00;DECISION;setup SHORT score=0.55 entry=5046.72 inv=5091.94 tgt=0.00 AWAIT-RETEST [CHoCH short lvl=5051.10|RelVol=1.33|Retest@5046.72|VPnode d=8.92]
2026.02.04 12:30:00;DECISION;TP capped 90.43179 -> 67.82384 (3.0xATR)
2026.02.04 12:30:00;ORDER;limit SELL 0.01 @ 5046.72 sl=5091.94 tp=4978.90 rc=10009 [WT|CHOCH|0.55|RL]
2026.02.04 12:30:00;RISK;sizing: vol_ratio=0.75 scalar=1.00 gap_buf=8.75179 eff_stop=53.96768
2026.02.04 12:30:40;ORDER;entry fill deal #43 SELL 0.01 @ 5046.72000
2026.02.04 13:30:00;DECISION;setup SHORT score=0.75 entry=5037.50 inv=5091.94 tgt=0.00 AWAIT-RETEST [BOS short lvl=5041.77|RelVol=1.87|Retest@5037.50|VPnode d=0.10|VWAPside|ADX=48]
2026.02.04 13:30:00;VETO;retest limit risk veto: max positions
2026.02.04 13:45:00;DECISION;TP capped 119.08000 -> 89.31000 (3.0xATR)
2026.02.04 13:45:00;VETO;risk veto: max positions
2026.02.04 16:37:40;MANAGE;#43 SL 5091.94 -> 5046.68 breakeven
2026.02.04 16:37:59;MANAGE;#43 SL 5046.68 -> 5040.30 trail
2026.02.04 16:38:40;RISK;deal closed pnl=67.82 streak=0 lock=0
2026.02.04 16:45:00;VETO;outlier bar masked, z=5.8
2026.02.04 17:45:00;VETO;outlier bar masked, z=5.6
2026.02.04 23:30:00;VETO;signal rejected: volume: relVol 0.42 < 1.00
2026.02.05 03:15:00;DECISION;setup SHORT score=0.85 entry=4992.12 inv=5023.80 tgt=0.00 AWAIT-RETEST [CHoCH short lvl=4997.13|RelVol=1.28|Retest@4992.12|VPnode d=11.68|VWAPside|CycleTurn w=0.96<-0.99]
2026.02.05 04:15:00;VETO;outlier bar masked, z=4.2
2026.02.05 05:00:00;VETO;outlier bar masked, z=7.9
2026.02.05 05:15:00;VETO;outlier bar masked, z=5.2
2026.02.05 05:30:00;VETO;outlier bar masked, z=3.6
2026.02.05 07:45:00;VETO;outlier bar masked, z=3.8
2026.02.05 08:00:00;DECISION;setup LONG score=0.60 entry=4899.53 inv=4788.86 tgt=0.00 AWAIT-RETEST [CHoCH long lvl=4891.14|RelVol=1.68|Retest@4899.53|VPnear|CycleTurn w=0.33<--0.75]
2026.02.05 08:15:00;VETO;authorization denied: outside session window (server hour 08, window 12-20)
2026.02.05 08:30:00;VETO;authorization denied: outside session window (server hour 08, window 12-20)
2026.02.05 08:45:00;VETO;authorization denied: outside session window (server hour 08, window 12-20)
2026.02.05 09:00:00;VETO;authorization denied: outside session window (server hour 09, window 12-20)
2026.02.05 11:15:00;DECISION;setup SHORT score=0.70 entry=4889.14 inv=4943.62 tgt=0.00 AWAIT-RETEST [CHoCH short lvl=4895.99|RelVol=1.97|Retest@4889.14|VPnear|VWAPside|CycleTurn w=0.87<-0.99]
2026.02.05 11:45:00;VETO;authorization denied: outside session window (server hour 11, window 12-20)
2026.02.05 12:00:00;DECISION;TP capped 177.32000 -> 132.99000 (3.0xATR)
2026.02.05 12:00:00;VETO;risk veto: size 0.00 < broker min 0.01 (risk too small for stop)
2026.02.05 14:15:00;DECISION;setup SHORT score=0.85 entry=4840.19 inv=4894.57 tgt=0.00 [BOS short lvl=4847.78|RelVol=1.56|VPnode d=6.19|VWAPside|CycleTurn w=0.66<-0.93]
2026.02.05 14:15:00;DECISION;TP capped 108.82000 -> 82.24500 (3.0xATR)
2026.02.05 14:15:00;ORDER;filled SELL 0.01 lots sl=4894.57 tp=4757.91 [WT|BOS|0.85]
2026.02.05 14:15:00;RISK;sizing: vol_ratio=0.92 scalar=1.00 gap_buf=13.70750 eff_stop=68.11750
2026.02.05 14:15:00;ORDER;entry fill deal #45 SELL 0.01 @ 4840.16000
2026.02.05 18:45:00;DECISION;setup LONG score=0.75 entry=4878.97 inv=4800.53 tgt=0.00 AWAIT-RETEST [CHoCH long lvl=4869.99|RelVol=1.42|Retest@4878.97|VPnode d=21.87|CycleTurn w=0.37<--0.78]
2026.02.05 18:45:00;VETO;retest limit risk veto: max positions
2026.02.05 18:50:40;RISK;deal closed pnl=-54.41 streak=1 lock=0
2026.02.05 19:00:00;DECISION;TP capped 176.92000 -> 132.69000 (3.0xATR)
2026.02.05 19:00:00;VETO;risk veto: size 0.00 < broker min 0.01 (risk too small for stop)
2026.02.05 23:45:00;DECISION;setup SHORT score=0.65 entry=4794.55 inv=4906.91 tgt=0.00 AWAIT-RETEST [CHoCH short lvl=4800.53|RelVol=2.08|Retest@4794.55|VPnode d=10.25|VWAPside]
2026.02.06 02:30:00;VETO;outlier bar masked, z=4.9
2026.02.06 03:15:00;VETO;outlier bar masked, z=4.0
2026.02.06 04:00:00;DECISION;setup LONG score=0.65 entry=4773.27 inv=4655.27 tgt=0.00 AWAIT-RETEST [CHoCH long lvl=4764.68|RelVol=1.48|Retest@4773.27|VPnode d=12.07|VWAPside]
2026.02.06 04:15:00;VETO;authorization denied: outside session window (server hour 04, window 12-20)
2026.02.06 04:30:00;VETO;authorization denied: outside session window (server hour 04, window 12-20)
2026.02.06 04:45:00;VETO;authorization denied: outside session window (server hour 04, window 12-20)
2026.02.06 05:00:00;VETO;authorization denied: outside session window (server hour 05, window 12-20)
2026.02.06 07:30:00;DECISION;setup LONG score=0.65 entry=4852.14 inv=4801.20 tgt=0.00 [BOS long lvl=4846.61|RelVol=1.26|VPnode d=3.74|VWAPside]
2026.02.06 07:30:00;VETO;authorization denied: outside session window (server hour 07, window 12-20)
2026.02.06 07:45:00;VETO;authorization denied: outside session window (server hour 07, window 12-20)
2026.02.06 08:00:00;VETO;authorization denied: outside session window (server hour 08, window 12-20)
2026.02.06 08:15:00;VETO;authorization denied: outside session window (server hour 08, window 12-20)
2026.02.06 13:15:00;DECISION;setup LONG score=0.70 entry=4884.47 inv=4851.76 tgt=0.00 [BOS long lvl=4882.36|RelVol=1.11|VPnear|VWAPside|CycleTurn w=-0.02<--0.86]
2026.02.06 13:15:00;DECISION;TP capped 65.50000 -> 61.91786 (3.0xATR)
2026.02.06 13:15:00;ORDER;filled BUY 0.02 lots sl=4851.76 tp=4946.43 [WT|BOS|0.70]
2026.02.06 13:15:00;RISK;sizing: vol_ratio=0.72 scalar=1.00 gap_buf=10.31964 eff_stop=43.06964
2026.02.06 13:15:00;ORDER;entry fill deal #47 BUY 0.02 @ 4884.51000
2026.02.06 15:01:40;MANAGE;#47 SL 4851.76 -> 4884.55 breakeven
2026.02.06 15:01:40;MANAGE;#47 partial close 0.01 of 0.02 lots
2026.02.06 15:01:40;RISK;deal closed pnl=40.63 streak=0 lock=0
2026.02.06 15:01:59;MANAGE;#47 SL 4884.55 -> 4889.34 trail
2026.02.06 15:04:40;MANAGE;#47 SL 4889.34 -> 4891.47 trail
2026.02.06 15:05:20;MANAGE;#47 SL 4891.47 -> 4892.60 trail
2026.02.06 15:15:00;DECISION;setup LONG score=0.65 entry=4909.63 inv=4871.88 tgt=0.00 [BOS long lvl=4903.49|RelVol=1.42|VPnode d=6.03|VWAPside]
2026.02.06 15:15:00;DECISION;TP capped 75.58000 -> 56.68500 (3.0xATR)
2026.02.06 15:15:00;VETO;risk veto: max positions
2026.02.06 15:38:40;MANAGE;#47 SL 4892.60 -> 4899.07 trail
2026.02.06 15:39:20;MANAGE;#47 SL 4899.07 -> 4900.08 trail
2026.02.06 15:42:40;MANAGE;#47 SL 4900.08 -> 4900.61 trail
2026.02.06 16:25:40;RISK;deal closed pnl=16.10 streak=0 lock=0
2026.02.06 17:00:00;DECISION;setup LONG score=0.75 entry=4948.12 inv=4871.88 tgt=0.00 [BOS long lvl=4938.44|RelVol=1.04|VPnode d=1.88|VWAPside|ADX=32]
2026.02.06 17:00:00;DECISION;TP capped 152.52000 -> 114.39000 (3.0xATR)
2026.02.06 17:00:00;ORDER;filled BUY 0.01 lots sl=4871.88 tp=5062.53 [WT|BOS|0.75]
2026.02.06 17:00:00;RISK;sizing: vol_ratio=0.82 scalar=1.00 gap_buf=11.48071 eff_stop=87.74071
2026.02.06 17:00:00;ORDER;entry fill deal #50 BUY 0.01 @ 4948.14000
2026.02.06 20:15:00;VETO;signal rejected: volume: relVol 0.98 < 1.00
2026.02.06 22:00:00;RISK;FLATTEN ALL: Friday flatten: weekend gap protection
2026.02.06 22:00:00;RISK;deal closed pnl=9.06 streak=0 lock=0
2026.02.09 01:15:00;DECISION;setup LONG score=0.85 entry=4979.93 inv=4936.61 tgt=0.00 [BOS long lvl=4971.48|RelVol=1.06|VPnode d=5.27|VWAPside|CycleTurn w=-0.90<--0.97]
2026.02.09 01:15:00;VETO;authorization denied: outside session window (server hour 01, window 12-20)
2026.02.09 01:30:00;VETO;authorization denied: outside session window (server hour 01, window 12-20)
2026.02.09 01:45:00;VETO;authorization denied: outside session window (server hour 01, window 12-20)
2026.02.09 02:00:00;VETO;authorization denied: outside session window (server hour 02, window 12-20)
2026.02.09 07:45:00;DECISION;setup LONG score=0.85 entry=5034.42 inv=5007.56 tgt=0.00 [BOS long lvl=5031.53|RelVol=1.07|VPnode d=8.78|VWAPside|CycleTurn w=-0.96<--1.00]
2026.02.09 07:45:00;VETO;authorization denied: outside session window (server hour 07, window 12-20)
2026.02.09 08:00:00;VETO;authorization denied: outside session window (server hour 08, window 12-20)
2026.02.09 08:15:00;VETO;authorization denied: outside session window (server hour 08, window 12-20)
2026.02.09 08:30:00;VETO;authorization denied: outside session window (server hour 08, window 12-20)
2026.02.09 10:00:00;VETO;signal rejected: volume: relVol 0.96 < 1.00
2026.02.09 12:30:00;VETO;signal rejected: score 0.50 < 0.55 [BOS short lvl=4997.68|RelVol=1.21|VPnear|VWAPside]
2026.02.09 16:45:00;DECISION;setup LONG score=0.85 entry=5028.47 inv=4995.11 tgt=0.00 AWAIT-RETEST [CHoCH long lvl=5024.84|RelVol=1.04|Retest@5028.47|VPnode d=7.93|VWAPside|CycleTurn w=0.33<--0.76]
2026.02.09 16:45:00;DECISION;TP capped 66.72179 -> 50.04134 (3.0xATR)
2026.02.09 16:45:00;ORDER;limit BUY 0.02 @ 5028.47 sl=4995.11 tp=5078.51 rc=10009 [WT|CHOCH|0.85|RL]
2026.02.09 16:45:00;RISK;sizing: vol_ratio=0.83 scalar=1.00 gap_buf=7.26179 eff_stop=40.62268
2026.02.09 17:15:40;ORDER;entry fill deal #52 BUY 0.02 @ 5028.47000
2026.02.09 18:02:40;MANAGE;#52 SL 4995.11 -> 5028.51 breakeven
2026.02.09 18:02:40;MANAGE;#52 partial close 0.01 of 0.02 lots
2026.02.09 18:02:40;RISK;deal closed pnl=34.37 streak=0 lock=0
2026.02.09 18:02:59;MANAGE;#52 SL 5028.51 -> 5031.91 trail
2026.02.09 18:03:40;MANAGE;#52 SL 5031.91 -> 5034.92 trail
2026.02.09 18:04:40;MANAGE;#52 SL 5034.92 -> 5037.87 trail
2026.02.09 18:15:40;MANAGE;#52 SL 5037.87 -> 5039.96 trail
2026.02.09 18:22:40;MANAGE;#52 SL 5039.96 -> 5043.57 trail
2026.02.09 18:23:40;MANAGE;#52 SL 5043.57 -> 5044.16 trail
2026.02.09 18:25:40;RISK;deal closed pnl=50.04 streak=0 lock=0
2026.02.10 01:15:00;VETO;outlier bar masked, z=15.1
2026.02.10 04:45:00;VETO;signal rejected: volume: relVol 0.70 < 1.00
2026.02.10 10:45:00;VETO;signal rejected: volume: relVol 0.73 < 1.00
2026.02.10 14:45:00;VETO;signal rejected: volume: relVol 0.85 < 1.00
2026.02.10 16:30:00;VETO;signal rejected: volume: relVol 0.96 < 1.00
2026.02.10 17:00:00;VETO;outlier bar masked, z=4.7
2026.02.10 17:45:00;VETO;outlier bar masked, z=5.4
2026.02.11 01:30:00;VETO;signal rejected: volume: relVol 0.82 < 1.00
2026.02.11 04:00:00;VETO;signal rejected: volume: relVol 0.66 < 1.00
2026.02.11 07:45:00;VETO;signal rejected: volume: relVol 0.61 < 1.00
2026.02.11 09:00:00;VETO;signal rejected: volume: relVol 0.78 < 1.00
2026.02.11 12:30:00;DECISION;setup LONG score=0.70 entry=5071.38 inv=5045.91 tgt=0.00 [BOS long lvl=5069.39|RelVol=1.06|VPnear|VWAPside|CycleTurn w=0.79<-0.02]
2026.02.11 12:30:00;DECISION;TP capped 51.02000 -> 38.26500 (3.0xATR)
2026.02.11 12:30:00;ORDER;filled BUY 0.03 lots sl=5045.91 tp=5109.69 [WT|BOS|0.70]
2026.02.11 12:30:00;RISK;sizing: vol_ratio=0.73 scalar=1.00 gap_buf=4.32071 eff_stop=29.83071
2026.02.11 12:30:00;ORDER;entry fill deal #55 BUY 0.03 @ 5071.42000
2026.02.11 12:44:40;MANAGE;#55 SL 5045.91 -> 5071.46 breakeven
2026.02.11 12:44:40;MANAGE;#55 partial close 0.01 of 0.03 lots
2026.02.11 12:44:40;RISK;deal closed pnl=29.19 streak=0 lock=0
2026.02.11 12:44:59;MANAGE;#55 SL 5071.46 -> 5082.81 trail
2026.02.11 12:45:00;VETO;outlier bar masked, z=4.5
2026.02.11 13:03:40;RISK;deal closed pnl=22.78 streak=0 lock=0
2026.02.11 14:45:00;VETO;outlier bar masked, z=7.4
2026.02.11 15:45:00;VETO;outlier bar masked, z=10.1
2026.02.11 16:45:00;VETO;outlier bar masked, z=5.2
2026.02.12 01:15:00;VETO;outlier bar masked, z=6.9
2026.02.12 03:15:00;VETO;signal rejected: volume: relVol 0.73 < 1.00
2026.02.12 11:15:00;VETO;signal rejected: volume: relVol 0.74 < 1.00
2026.02.12 15:00:00;VETO;signal rejected: volume: relVol 0.93 < 1.00
2026.02.12 17:00:00;VETO;signal rejected: volume: relVol 0.95 < 1.00
2026.02.12 18:15:00;VETO;outlier bar masked, z=20.6
2026.02.12 18:30:00;VETO;outlier bar masked, z=14.4
2026.02.12 18:45:00;VETO;outlier bar masked, z=12.1
2026.02.12 19:00:00;VETO;outlier bar masked, z=3.9
2026.02.12 20:00:00;VETO;outlier bar masked, z=3.9
2026.02.13 01:15:00;VETO;outlier bar masked, z=6.2
2026.02.13 02:15:00;VETO;outlier bar masked, z=3.9
2026.02.13 03:15:00;VETO;outlier bar masked, z=4.7
2026.02.13 07:45:00;VETO;signal rejected: volume: relVol 0.79 < 1.00
2026.02.13 13:00:00;VETO;signal rejected: volume: relVol 0.86 < 1.00
2026.02.13 15:45:00;DECISION;setup LONG score=0.65 entry=4984.51 inv=4933.76 tgt=0.00 AWAIT-RETEST [CHoCH long lvl=4980.79|RelVol=1.30|Retest@4984.51|VPnode d=3.89|VWAPside]
2026.02.13 15:45:00;DECISION;TP capped 101.50607 -> 76.12955 (3.0xATR)
2026.02.13 15:45:00;ERROR;limit BUY 0.01 @ 4984.51 sl=4933.76 tp=5060.64 rc=10015 [WT|CHOCH|0.65|RL]
2026.02.13 16:00:00;DECISION;TP capped 106.84000 -> 80.13000 (3.0xATR)
2026.02.13 16:00:00;ORDER;filled BUY 0.01 lots sl=4933.76 tp=5067.31 [WT|CHOCH|0.65]
2026.02.13 16:00:00;RISK;sizing: vol_ratio=0.85 scalar=1.00 gap_buf=7.67429 eff_stop=61.09429
2026.02.13 16:00:00;ORDER;entry fill deal #58 BUY 0.01 @ 4987.18000
2026.02.13 16:45:00;VETO;outlier bar masked, z=6.0
2026.02.13 18:00:00;VETO;outlier bar masked, z=3.6
2026.02.13 18:30:00;VETO;outlier bar masked, z=3.7
2026.02.13 21:07:40;MANAGE;#58 SL 4933.76 -> 4987.22 breakeven
2026.02.13 21:07:59;MANAGE;#58 SL 4987.22 -> 5010.91 trail
2026.02.13 21:08:20;MANAGE;#58 SL 5010.91 -> 5011.45 trail
2026.02.13 21:09:40;MANAGE;#58 SL 5011.45 -> 5012.47 trail
2026.02.13 21:10:20;MANAGE;#58 SL 5012.47 -> 5012.73 trail
2026.02.13 21:15:00;VETO;signal rejected: volume: relVol 0.81 < 1.00
2026.02.13 21:30:40;MANAGE;#58 SL 5012.73 -> 5013.52 trail
2026.02.13 22:00:00;RISK;FLATTEN ALL: Friday flatten: weekend gap protection
2026.02.13 22:00:00;RISK;deal closed pnl=36.43 streak=0 lock=0
2026.02.16 01:15:00;VETO;outlier bar masked, z=4.0
2026.02.16 01:45:00;VETO;signal rejected: volume: relVol 0.70 < 1.00
2026.02.16 04:45:00;VETO;signal rejected: volume: relVol 0.56 < 1.00
2026.02.16 10:00:00;VETO;signal rejected: volume: relVol 0.79 < 1.00
2026.02.16 11:30:00;VETO;signal rejected: volume: relVol 0.50 < 1.00
2026.02.16 14:15:00;VETO;signal rejected: volume: relVol 0.46 < 1.00
2026.02.16 16:30:00;VETO;signal rejected: volume: relVol 0.48 < 1.00
2026.02.17 02:15:00;VETO;signal rejected: volume: relVol 0.67 < 1.00
2026.02.17 03:00:00;VETO;outlier bar masked, z=8.1
2026.02.17 03:15:00;VETO;outlier bar masked, z=5.4
2026.02.17 07:15:00;VETO;outlier bar masked, z=5.4
2026.02.17 07:30:00;VETO;outlier bar masked, z=8.8
2026.02.17 07:45:00;VETO;outlier bar masked, z=9.7
2026.02.17 08:00:00;VETO;outlier bar masked, z=4.5
2026.02.17 08:45:00;VETO;outlier bar masked, z=3.9
2026.02.17 12:15:00;VETO;signal rejected: volume: relVol 0.77 < 1.00
2026.02.17 13:00:00;DECISION;setup SHORT score=0.70 entry=4910.61 inv=4939.46 tgt=0.00 AWAIT-RETEST [CHoCH short lvl=4913.41|RelVol=1.11|Retest@4910.61|VPnear|VWAPside|CycleTurn w=0.99<-1.00]
2026.02.17 13:00:00;DECISION;TP capped 57.69393 -> 43.27045 (3.0xATR)
2026.02.17 13:00:00;ERROR;limit SELL 0.03 @ 4910.61 sl=4939.46 tp=4867.34 rc=10015 [WT|CHOCH|0.70|RL]
2026.02.17 13:15:00;ORDER;filled SELL 0.05 lots sl=4939.46 tp=4899.86 [WT|CHOCH|0.70]
2026.02.17 13:15:00;RISK;sizing: vol_ratio=1.06 scalar=1.00 gap_buf=5.47071 eff_stop=18.67071
2026.02.17 13:15:00;ORDER;entry fill deal #60 SELL 0.05 @ 4926.26000
2026.02.17 14:15:40;RISK;deal closed pnl=-66.00 streak=1 lock=0
2026.02.17 14:30:00;VETO;signal rejected: volume: relVol 0.83 < 1.00
2026.02.17 16:00:00;VETO;outlier bar masked, z=11.5
2026.02.17 16:15:00;VETO;outlier bar masked, z=12.5
2026.02.17 16:45:00;VETO;outlier bar masked, z=6.9
2026.02.17 21:00:00;VETO;signal rejected: score 0.40 < 0.55 [CHoCH long lvl=4893.65|RelVol=1.17|Retest@4897.68|VPnear]
2026.02.18 02:00:00;VETO;signal rejected: volume: relVol 0.92 < 1.00
2026.02.18 03:15:00;VETO;signal rejected: volume: relVol 0.56 < 1.00
2026.02.18 10:45:00;VETO;signal rejected: volume: relVol 0.51 < 1.00
2026.02.18 12:45:00;VETO;signal rejected: volume: relVol 0.94 < 1.00
2026.02.18 14:45:00;VETO;signal rejected: volume: relVol 0.84 < 1.00
2026.02.18 16:45:00;VETO;outlier bar masked, z=4.2
2026.02.18 20:30:00;VETO;signal rejected: volume: relVol 0.65 < 1.00
2026.02.19 01:15:00;VETO;outlier bar masked, z=4.8
2026.02.19 06:00:00;VETO;signal rejected: volume: relVol 0.62 < 1.00
2026.02.19 11:30:00;VETO;outlier bar masked, z=5.1
2026.02.19 15:45:00;VETO;outlier bar masked, z=4.7
2026.02.19 16:15:00;VETO;outlier bar masked, z=4.5
2026.02.19 16:45:00;VETO;outlier bar masked, z=6.3
2026.02.19 17:00:00;VETO;outlier bar masked, z=4.0
2026.02.20 02:00:00;VETO;signal rejected: volume: relVol 0.55 < 1.00
2026.02.20 03:15:00;VETO;signal rejected: volume: relVol 0.54 < 1.00
2026.02.20 05:30:00;VETO;signal rejected: volume: relVol 0.29 < 1.00
2026.02.20 08:15:00;VETO;signal rejected: volume: relVol 0.64 < 1.00
2026.02.20 11:15:00;VETO;signal rejected: volume: relVol 0.85 < 1.00
2026.02.20 14:00:00;VETO;signal rejected: score 0.40 < 0.55 [CHoCH short lvl=5019.64|RelVol=1.07|Retest@5017.36|VPnear]
2026.02.20 16:00:00;VETO;signal rejected: volume: relVol 0.94 < 1.00
2026.02.20 17:15:00;VETO;outlier bar masked, z=17.4
2026.02.20 17:30:00;VETO;outlier bar masked, z=6.3
2026.02.20 17:45:00;VETO;outlier bar masked, z=5.2
2026.02.20 19:00:00;VETO;signal rejected: volume: relVol 0.77 < 1.00
2026.02.20 22:00:00;VETO;signal rejected: volume: relVol 0.64 < 1.00
2026.02.23 01:15:00;VETO;outlier bar masked, z=9.5
2026.02.23 02:15:00;VETO;outlier bar masked, z=6.1
2026.02.23 02:30:00;VETO;outlier bar masked, z=3.6
2026.02.23 04:45:00;VETO;signal rejected: volume: relVol 0.71 < 1.00
2026.02.23 08:45:00;VETO;signal rejected: volume: relVol 0.74 < 1.00
2026.02.23 13:00:00;VETO;signal rejected: volume: relVol 0.91 < 1.00
2026.02.23 14:45:00;VETO;signal rejected: volume: relVol 0.87 < 1.00
2026.02.23 16:45:00;VETO;signal rejected: volume: relVol 0.88 < 1.00
2026.02.23 18:15:00;VETO;outlier bar masked, z=3.5
2026.02.23 21:45:00;VETO;signal rejected: volume: relVol 0.73 < 1.00
2026.02.24 01:15:00;VETO;outlier bar masked, z=3.5
2026.02.24 03:15:00;VETO;outlier bar masked, z=5.7
2026.02.24 03:30:00;VETO;outlier bar masked, z=6.4
2026.02.24 14:30:00;DECISION;setup SHORT score=0.85 entry=5161.62 inv=5181.47 tgt=0.00 [BOS short lvl=5163.25|RelVol=1.21|VPnode d=2.98|VWAPside|CycleTurn w=0.85<-0.99]
2026.02.24 14:30:00;DECISION;TP capped 39.70000 -> 29.77500 (3.0xATR)
2026.02.24 14:30:00;ORDER;filled SELL 0.04 lots sl=5181.47 tp=5131.84 [WT|BOS|0.85]
2026.02.24 14:30:00;RISK;sizing: vol_ratio=0.73 scalar=1.00 gap_buf=4.11571 eff_stop=23.96571
2026.02.24 14:30:00;ORDER;entry fill deal #62 SELL 0.04 @ 5161.62000
2026.02.24 15:39:40;MANAGE;#62 SL 5181.47 -> 5161.58 breakeven
2026.02.24 15:39:40;MANAGE;#62 partial close 0.02 of 0.04 lots
2026.02.24 15:39:40;RISK;deal closed pnl=56.42 streak=0 lock=0
2026.02.24 15:39:59;MANAGE;#62 SL 5161.58 -> 5156.89 trail
2026.02.24 15:40:20;MANAGE;#62 SL 5156.89 -> 5155.17 trail
2026.02.24 15:45:00;VETO;outlier bar masked, z=3.8
2026.02.24 15:48:40;RISK;deal closed pnl=59.54 streak=0 lock=0
2026.02.24 16:00:00;VETO;outlier bar masked, z=6.3
2026.02.24 16:15:00;VETO;outlier bar masked, z=5.8
2026.02.24 16:45:00;VETO;outlier bar masked, z=4.1
2026.02.24 19:15:00;VETO;signal rejected: volume: relVol 0.68 < 1.00
2026.02.24 22:45:00;VETO;signal rejected: volume: relVol 0.67 < 1.00
2026.02.25 01:00:00;VETO;signal rejected: volume: relVol 0.68 < 1.00
2026.02.25 01:15:00;VETO;outlier bar masked, z=3.8
2026.02.25 03:15:00;VETO;outlier bar masked, z=5.2
2026.02.25 07:30:00;VETO;signal rejected: volume: relVol 0.78 < 1.00
2026.02.25 12:30:00;DECISION;setup SHORT score=0.65 entry=5174.56 inv=5197.41 tgt=0.00 AWAIT-RETEST [CHoCH short lvl=5176.61|RelVol=1.38|Retest@5174.56|VPnode d=3.04|VWAPside]
2026.02.25 12:30:00;DECISION;TP capped 45.70571 -> 34.27929 (3.0xATR)
2026.02.25 12:30:00;ERROR;limit SELL 0.03 @ 5174.56 sl=5197.41 tp=5140.28 rc=10015 [WT|CHOCH|0.65|RL]
2026.02.25 12:45:00;DECISION;TP capped 40.54000 -> 30.40500 (3.0xATR)
2026.02.25 12:45:00;ORDER;filled SELL 0.04 lots sl=5197.41 tp=5146.74 [WT|CHOCH|0.65]
2026.02.25 12:45:00;RISK;sizing: vol_ratio=0.76 scalar=1.00 gap_buf=4.22750 eff_stop=24.49750
2026.02.25 12:45:00;ORDER;entry fill deal #65 SELL 0.04 @ 5177.14000
2026.02.25 13:16:40;MANAGE;#65 SL 5197.41 -> 5177.10 breakeven
2026.02.25 13:16:40;MANAGE;#65 partial close 0.02 of 0.04 lots
2026.02.25 13:16:40;RISK;deal closed pnl=41.46 streak=0 lock=0
2026.02.25 13:16:59;MANAGE;#65 SL 5177.10 -> 5174.89 trail
2026.02.25 13:17:20;MANAGE;#65 SL 5174.89 -> 5172.98 trail
2026.02.25 13:42:40;RISK;deal closed pnl=8.32 streak=0 lock=0
2026.02.25 16:45:00;VETO;outlier bar masked, z=3.6
2026.02.25 17:15:00;VETO;signal rejected: volume: relVol 0.88 < 1.00
2026.02.25 18:30:00;VETO;signal rejected: volume: relVol 0.63 < 1.00
2026.02.25 21:00:00;VETO;signal rejected: volume: relVol 0.47 < 1.00
2026.02.25 22:30:00;VETO;signal rejected: volume: relVol 0.97 < 1.00
2026.02.25 23:00:00;VETO;outlier bar masked, z=7.5
2026.02.26 01:15:00;VETO;outlier bar masked, z=3.9
2026.02.26 02:30:00;VETO;signal rejected: volume: relVol 0.74 < 1.00
2026.02.26 04:45:00;DECISION;setup SHORT score=0.85 entry=5175.59 inv=5198.32 tgt=0.00 AWAIT-RETEST [CHoCH short lvl=5178.81|RelVol=1.46|Retest@5175.59|VPnode d=1.81|VWAPside|CycleTurn w=0.94<-0.99]
2026.02.26 05:00:00;VETO;authorization denied: outside session window (server hour 05, window 12-20)
2026.02.26 05:15:00;VETO;authorization denied: outside session window (server hour 05, window 12-20)
2026.02.26 05:30:00;VETO;authorization denied: outside session window (server hour 05, window 12-20)
2026.02.26 05:45:00;VETO;authorization denied: outside session window (server hour 05, window 12-20)
2026.02.26 06:15:00;VETO;signal rejected: volume: relVol 0.66 < 1.00
2026.02.26 07:30:00;VETO;signal rejected: volume: relVol 0.84 < 1.00
2026.02.26 09:15:00;VETO;signal rejected: volume: relVol 0.74 < 1.00
2026.02.26 14:00:00;VETO;signal rejected: volume: relVol 0.92 < 1.00
2026.02.26 16:45:00;VETO;outlier bar masked, z=6.5
2026.02.26 17:30:00;VETO;outlier bar masked, z=5.2
2026.02.26 17:45:00;VETO;outlier bar masked, z=5.9
2026.02.27 03:17:00;VETO;signal rejected: volume: relVol 0.14 < 1.00
2026.02.27 07:30:00;VETO;signal rejected: volume: relVol 0.69 < 1.00
2026.02.27 09:30:00;VETO;signal rejected: volume: relVol 0.91 < 1.00
2026.02.27 12:30:00;VETO;signal rejected: volume: relVol 0.82 < 1.00
2026.02.27 14:00:00;VETO;signal rejected: volume: relVol 0.74 < 1.00
2026.02.27 15:15:00;VETO;outlier bar masked, z=6.1
2026.02.27 15:30:00;VETO;outlier bar masked, z=5.8
2026.02.27 15:45:00;VETO;outlier bar masked, z=5.9
2026.02.27 17:30:00;VETO;outlier bar masked, z=4.6
2026.02.27 18:15:00;VETO;signal rejected: score 0.50 < 0.55 [BOS long lvl=5240.60|RelVol=1.05|Retest@5243.63|VWAPside|ADX=45]
2026.02.27 18:30:00;VETO;outlier bar masked, z=6.5
2026.02.27 22:45:00;VETO;signal rejected: volume: relVol 0.91 < 1.00
2026.03.02 01:15:00;VETO;outlier bar masked, z=25.5
2026.03.02 01:45:00;VETO;outlier bar masked, z=9.0
2026.03.02 02:15:00;VETO;outlier bar masked, z=4.3
2026.03.02 02:30:00;VETO;outlier bar masked, z=5.1
2026.03.02 03:00:00;VETO;outlier bar masked, z=4.6
2026.03.02 03:15:00;VETO;outlier bar masked, z=5.9
2026.03.02 03:30:00;VETO;outlier bar masked, z=8.9
2026.03.02 03:45:00;VETO;outlier bar masked, z=6.4
2026.03.02 08:15:00;VETO;signal rejected: volume: relVol 0.88 < 1.00
2026.03.02 15:30:00;DECISION;setup LONG score=0.65 entry=5401.66 inv=5375.51 tgt=0.00 [BOS long lvl=5400.87|RelVol=1.44|VPnode d=7.16|VWAPside]
2026.03.02 15:30:00;DECISION;TP capped 52.54000 -> 45.67929 (3.0xATR)
2026.03.02 15:30:00;ORDER;filled BUY 0.03 lots sl=5375.51 tp=5447.46 [WT|BOS|0.65]
2026.03.02 15:30:00;RISK;sizing: vol_ratio=1.00 scalar=1.00 gap_buf=7.61321 eff_stop=33.88321
2026.03.02 15:30:00;ORDER;entry fill deal #68 BUY 0.03 @ 5401.78000
2026.03.02 16:05:20;RISK;deal closed pnl=-78.81 streak=1 lock=0
2026.03.02 16:15:00;VETO;signal rejected: score 0.40 < 0.55 [CHoCH short lvl=5382.07|RelVol=1.34|Retest@5377.78|StopFloored|VPnear]
2026.03.02 16:30:00;VETO;outlier bar masked, z=9.3
2026.03.02 16:45:00;VETO;outlier bar masked, z=5.9
2026.03.02 18:00:00;VETO;outlier bar masked, z=3.6
2026.03.02 18:15:00;VETO;outlier bar masked, z=6.2
2026.03.02 21:15:00;DECISION;setup LONG score=0.55 entry=5325.72 inv=5289.61 tgt=0.00 AWAIT-RETEST [CHoCH long lvl=5320.64|RelVol=1.10|Retest@5325.72|VPnode d=2.88]
2026.03.02 21:30:00;VETO;authorization denied: outside session window (server hour 21, window 12-20)
2026.03.02 21:45:00;VETO;authorization denied: outside session window (server hour 21, window 12-20)
2026.03.02 22:00:00;VETO;authorization denied: outside session window (server hour 22, window 12-20)
2026.03.02 22:15:00;VETO;authorization denied: outside session window (server hour 22, window 12-20)
2026.03.03 02:15:00;VETO;signal rejected: volume: relVol 0.52 < 1.00
2026.03.03 07:30:00;DECISION;setup SHORT score=0.65 entry=5356.41 inv=5375.60 tgt=0.00 AWAIT-RETEST [CHoCH short lvl=5359.18|RelVol=1.30|Retest@5356.41|VPnode d=6.61|VWAPside]
2026.03.03 07:45:00;VETO;authorization denied: outside session window (server hour 07, window 12-20)
2026.03.03 08:00:00;VETO;outlier bar masked, z=4.7
2026.03.03 08:15:00;VETO;outlier bar masked, z=4.8
2026.03.03 08:30:00;VETO;authorization denied: outside session window (server hour 08, window 12-20)
2026.03.03 08:45:00;VETO;authorization denied: outside session window (server hour 08, window 12-20)
2026.03.03 09:00:00;VETO;authorization denied: outside session window (server hour 09, window 12-20)
2026.03.03 11:30:00;VETO;outlier bar masked, z=8.9
2026.03.03 13:15:00;VETO;outlier bar masked, z=11.5
2026.03.03 13:30:00;VETO;outlier bar masked, z=9.9
2026.03.03 13:45:00;VETO;outlier bar masked, z=6.3
2026.03.03 14:15:00;VETO;outlier bar masked, z=4.4
2026.03.03 15:15:00;VETO;outlier bar masked, z=6.0
2026.03.03 16:45:00;VETO;outlier bar masked, z=5.9
2026.03.03 17:00:00;VETO;outlier bar masked, z=3.6
2026.03.03 21:00:00;DECISION;setup LONG score=0.55 entry=5141.27 inv=5065.32 tgt=0.00 AWAIT-RETEST [CHoCH long lvl=5134.82|RelVol=1.51|Retest@5141.27|VPnode d=18.47]
2026.03.03 21:15:00;VETO;authorization denied: outside session window (server hour 21, window 12-20)
2026.03.03 21:30:00;VETO;authorization denied: outside session window (server hour 21, window 12-20)
2026.03.03 21:45:00;VETO;authorization denied: outside session window (server hour 21, window 12-20)
2026.03.03 22:00:00;VETO;authorization denied: outside session window (server hour 22, window 12-20)
2026.03.03 23:00:00;DECISION;setup SHORT score=0.70 entry=5093.91 inv=5149.04 tgt=0.00 AWAIT-RETEST [CHoCH short lvl=5099.42|RelVol=1.46|Retest@5093.91|VPnear|VWAPside|CycleTurn w=0.99<-1.00]
2026.03.03 23:15:00;VETO;authorization denied: outside session window (server hour 23, window 12-20)
2026.03.03 23:30:00;VETO;authorization denied: outside session window (server hour 23, window 12-20)
2026.03.03 23:45:00;VETO;authorization denied: outside session window (server hour 23, window 12-20)
2026.03.04 01:00:00;VETO;authorization denied: outside session window (server hour 01, window 12-20)
2026.03.04 02:45:00;VETO;signal rejected: volume: relVol 0.97 < 1.00
2026.03.04 08:15:00;DECISION;setup SHORT score=0.65 entry=5147.92 inv=5181.03 tgt=0.00 AWAIT-RETEST [CHoCH short lvl=5152.13|RelVol=1.62|Retest@5147.92|VPnode d=2.12|VWAPside]
2026.03.04 08:30:00;VETO;authorization denied: outside session window (server hour 08, window 12-20)
2026.03.04 08:45:00;VETO;authorization denied: outside session window (server hour 08, window 12-20)
2026.03.04 09:00:00;VETO;authorization denied: outside session window (server hour 09, window 12-20)
2026.03.04 09:15:00;VETO;authorization denied: outside session window (server hour 09, window 12-20)
2026.03.04 09:45:00;DECISION;setup LONG score=0.85 entry=5172.41 inv=5122.39 tgt=0.00 AWAIT-RETEST [CHoCH long lvl=5168.32|RelVol=1.16|Retest@5172.41|VPnode d=5.39|VWAPside|CycleTurn w=-0.63<--0.88]
2026.03.04 10:00:00;VETO;authorization denied: outside session window (server hour 10, window 12-20)
2026.03.04 10:15:00;VETO;authorization denied: outside session window (server hour 10, window 12-20)
2026.03.04 10:30:00;VETO;authorization denied: outside session window (server hour 10, window 12-20)
2026.03.04 10:45:00;VETO;authorization denied: outside session window (server hour 10, window 12-20)
2026.03.04 11:45:00;VETO;signal rejected: volume: relVol 0.95 < 1.00
2026.03.04 17:00:00;DECISION;setup SHORT score=0.65 entry=5151.59 inv=5206.14 tgt=0.00 AWAIT-RETEST [CHoCH short lvl=5156.27|RelVol=1.40|Retest@5151.59|VPnode d=2.59|VWAPside]
2026.03.04 17:00:00;DECISION;TP capped 109.10429 -> 81.82821 (3.0xATR)
2026.03.04 17:00:00;ORDER;limit SELL 0.01 @ 5151.59 sl=5206.14 tp=5069.76 rc=10009 [WT|CHOCH|0.65|RL]
2026.03.04 17:00:00;RISK;sizing: vol_ratio=0.87 scalar=1.00 gap_buf=9.36429 eff_stop=63.91643
2026.03.04 17:00:40;ORDER;entry fill deal #70 SELL 0.01 @ 5151.59000
2026.03.04 20:15:00;DECISION;setup SHORT score=0.65 entry=5124.73 inv=5206.14 tgt=0.00 [BOS short lvl=5131.30|RelVol=1.58|VPnode d=14.07|VWAPside]
2026.03.04 20:15:00;VETO;authorization denied: outside session window (server hour 20, window 12-20)
2026.03.04 20:30:00;VETO;authorization denied: outside session window (server hour 20, window 12-20)
2026.03.04 20:45:00;VETO;authorization denied: outside session window (server hour 20, window 12-20)
2026.03.04 21:00:00;VETO;authorization denied: outside session window (server hour 21, window 12-20)
2026.03.05 01:15:00;VETO;signal rejected: volume: relVol 0.53 < 1.00
2026.03.05 05:00:00;VETO;signal rejected: volume: relVol 0.92 < 1.00
2026.03.05 08:15:00;VETO;outlier bar masked, z=4.8
2026.03.05 11:15:00;DECISION;setup LONG score=0.85 entry=5179.54 inv=5137.79 tgt=0.00 [BOS long lvl=5172.78|RelVol=1.98|VPnode d=2.24|VWAPside|CycleTurn w=-0.61<--0.98]
2026.03.05 11:15:00;VETO;authorization denied: outside session window (server hour 11, window 12-20)
2026.03.05 11:30:00;VETO;authorization denied: outside session window (server hour 11, window 12-20)
2026.03.05 11:45:00;VETO;authorization denied: outside session window (server hour 11, window 12-20)
2026.03.05 12:00:00;DECISION;TP capped 46.42000 -> 40.19786 (3.0xATR)
2026.03.05 12:00:00;VETO;risk veto: max positions
2026.03.05 14:15:00;VETO;signal rejected: volume: relVol 0.70 < 1.00
2026.03.05 15:22:40;MANAGE;#70 SL 5206.14 -> 5151.55 breakeven
2026.03.05 15:22:59;MANAGE;#70 SL 5151.55 -> 5114.44 trail
2026.03.05 15:23:40;MANAGE;#70 SL 5114.44 -> 5101.03 trail
2026.03.05 15:24:40;RISK;deal closed pnl=50.42 streak=0 lock=0
2026.03.05 15:30:00;VETO;outlier bar masked, z=12.5
2026.03.05 16:45:00;VETO;outlier bar masked, z=3.8
2026.03.05 17:15:00;VETO;outlier bar masked, z=8.1
2026.03.05 17:45:00;VETO;signal rejected: score 0.50 < 0.55 [BOS short lvl=5083.30|RelVol=1.28|VWAPside|ADX=53]
2026.03.06 01:45:00;VETO;signal rejected: volume: relVol 0.47 < 1.00
2026.03.06 03:45:00;VETO;signal rejected: score 0.50 < 0.55 [BOS long lvl=5102.01|RelVol=1.05|Retest@5105.91|VPnear|VWAPside]
2026.03.06 10:30:00;DECISION;setup SHORT score=0.65 entry=5103.41 inv=5141.53 tgt=0.00 AWAIT-RETEST [CHoCH short lvl=5105.86|RelVol=1.03|Retest@5103.41|VPnode d=5.21|VWAPside]
2026.03.06 10:45:00;VETO;authorization denied: outside session window (server hour 10, window 12-20)
2026.03.06 11:00:00;VETO;authorization denied: outside session window (server hour 11, window 12-20)
2026.03.06 11:15:00;VETO;authorization denied: outside session window (server hour 11, window 12-20)
2026.03.06 11:30:00;VETO;authorization denied: outside session window (server hour 11, window 12-20)
2026.03.06 15:45:00;VETO;outlier bar masked, z=5.6
2026.03.06 16:00:00;VETO;outlier bar masked, z=5.6
2026.03.06 17:00:00;VETO;outlier bar masked, z=4.8
2026.03.06 17:15:00;VETO;signal rejected: score 0.50 < 0.55 [BOS long lvl=5131.07|RelVol=1.36|Retest@5135.68|VPnear|VWAPside]
2026.03.06 20:45:00;VETO;signal rejected: volume: relVol 0.91 < 1.00
2026.03.09 01:15:00;VETO;outlier bar masked, z=11.7
2026.03.09 01:45:00;VETO;outlier bar masked, z=8.8
2026.03.09 02:15:00;VETO;outlier bar masked, z=7.0
2026.03.09 03:15:00;VETO;outlier bar masked, z=7.9
2026.03.09 04:15:00;VETO;outlier bar masked, z=4.4
2026.03.09 07:45:00;DECISION;setup LONG score=0.65 entry=5106.04 inv=5081.73 tgt=0.00 AWAIT-RETEST [CHoCH long lvl=5102.45|RelVol=1.62|Retest@5106.04|VPnode d=2.44|VWAPside]
2026.03.09 08:45:00;VETO;authorization denied: outside session window (server hour 08, window 12-20)
2026.03.09 09:00:00;VETO;authorization denied: outside session window (server hour 09, window 12-20)
2026.03.09 09:15:00;VETO;authorization denied: outside session window (server hour 09, window 12-20)
2026.03.09 09:30:00;VETO;authorization denied: outside session window (server hour 09, window 12-20)
2026.03.09 11:15:00;DECISION;setup LONG score=0.85 entry=5112.78 inv=5088.63 tgt=0.00 [BOS long lvl=5110.88|RelVol=1.15|VPnode d=0.98|VWAPside|CycleTurn w=-0.98<--0.99]
2026.03.09 11:15:00;VETO;authorization denied: outside session window (server hour 11, window 12-20)
2026.03.09 11:30:00;VETO;authorization denied: outside session window (server hour 11, window 12-20)
2026.03.09 11:45:00;VETO;authorization denied: outside session window (server hour 11, window 12-20)
2026.03.09 12:00:00;ORDER;filled BUY 0.04 lots sl=5088.63 tp=5138.76 [WT|BOS|0.85]
2026.03.09 12:00:00;RISK;sizing: vol_ratio=0.84 scalar=1.00 gap_buf=7.50964 eff_stop=24.21964
2026.03.09 12:00:00;ORDER;entry fill deal #72 BUY 0.04 @ 5105.34000
2026.03.09 12:50:40;RISK;deal closed pnl=-66.84 streak=1 lock=0
2026.03.09 13:30:00;DECISION;setup SHORT score=0.65 entry=5083.59 inv=5132.61 tgt=0.00 AWAIT-RETEST [CHoCH short lvl=5087.10|RelVol=1.28|Retest@5083.59|VPnode d=7.71|VWAPside]
2026.03.09 13:30:00;DECISION;TP capped 98.04643 -> 73.53482 (3.0xATR)
2026.03.09 13:30:00;ERROR;limit SELL 0.01 @ 5083.59 sl=5132.61 tp=5010.05 rc=10015 [WT|CHOCH|0.65|RL]
2026.03.09 13:45:00;DECISION;TP capped 93.56000 -> 70.17000 (3.0xATR)
2026.03.09 13:45:00;ORDER;filled SELL 0.01 lots sl=5132.61 tp=5015.66 [WT|CHOCH|0.65]
2026.03.09 13:45:00;RISK;sizing: vol_ratio=0.79 scalar=1.00 gap_buf=6.99286 eff_stop=53.77286
2026.03.09 13:45:00;ORDER;entry fill deal #74 SELL 0.01 @ 5085.83000
2026.03.09 15:45:00;VETO;outlier bar masked, z=3.6
2026.03.09 16:45:00;VETO;signal rejected: volume: relVol 0.80 < 1.00
2026.03.09 20:45:00;VETO;signal rejected: volume: relVol 0.76 < 1.00
2026.03.09 21:19:40;RISK;deal closed pnl=-46.78 streak=2 lock=0
2026.03.10 02:30:00;VETO;signal rejected: volume: relVol 0.79 < 1.00
2026.03.10 03:30:00;DECISION;setup LONG score=0.70 entry=5159.05 inv=5133.82 tgt=0.00 AWAIT-RETEST [CHoCH long lvl=5156.09|RelVol=1.15|Retest@5159.05|VPnear|VWAPside|CycleTurn w=-0.96<--1.00]
2026.03.10 03:45:00;VETO;authorization denied: outside session window (server hour 03, window 12-20)
2026.03.10 04:00:00;VETO;authorization denied: outside session window (server hour 04, window 12-20)
2026.03.10 04:15:00;VETO;authorization denied: outside session window (server hour 04, window 12-20)
2026.03.10 04:30:00;VETO;authorization denied: outside session window (server hour 04, window 12-20)
2026.03.10 10:00:00;DECISION;setup LONG score=0.65 entry=5181.05 inv=5154.37 tgt=0.00 [BOS long lvl=5180.94|RelVol=1.05|VPnode d=0.15|VWAPside]
2026.03.10 10:00:00;VETO;authorization denied: outside session window (server hour 10, window 12-20)
2026.03.10 10:15:00;VETO;authorization denied: outside session window (server hour 10, window 12-20)
2026.03.10 10:30:00;VETO;authorization denied: outside session window (server hour 10, window 12-20)
2026.03.10 10:45:00;VETO;authorization denied: outside session window (server hour 10, window 12-20)
2026.03.10 15:15:00;DECISION;setup LONG score=0.85 entry=5194.79 inv=5162.44 tgt=0.00 AWAIT-RETEST [BOS long lvl=5191.94|RelVol=1.03|Retest@5194.79|VPnode d=7.59|VWAPside|CycleTurn w=-0.53<--0.92]
2026.03.10 15:15:00;DECISION;TP capped 64.70607 -> 48.52955 (3.0xATR)
2026.03.10 15:15:00;ORDER;limit BUY 0.02 @ 5194.79 sl=5162.44 tp=5243.32 rc=10009 [WT|BOS|0.85|RL]
2026.03.10 15:15:00;RISK;sizing: vol_ratio=0.95 scalar=1.00 gap_buf=5.70607 eff_stop=38.05911
2026.03.10 15:30:00;VETO;outlier bar masked, z=4.6
2026.03.10 16:07:40;ORDER;entry fill deal #76 BUY 0.02 @ 5194.79000
2026.03.10 17:20:40;MANAGE;#76 SL 5162.44 -> 5194.83 breakeven
2026.03.10 17:20:40;MANAGE;#76 partial close 0.01 of 0.02 lots
2026.03.10 17:20:40;RISK;deal closed pnl=33.87 streak=0 lock=0
2026.03.10 17:20:59;MANAGE;#76 SL 5194.83 -> 5196.11 trail
2026.03.10 17:23:40;MANAGE;#76 SL 5196.11 -> 5197.42 trail
2026.03.10 17:31:40;MANAGE;#76 SL 5197.42 -> 5199.12 trail
2026.03.10 17:33:40;MANAGE;#76 SL 5199.12 -> 5203.11 trail
2026.03.10 17:34:20;MANAGE;#76 SL 5203.11 -> 5205.47 trail
2026.03.10 17:45:00;VETO;signal rejected: volume: relVol 0.67 < 1.00
2026.03.10 17:45:40;MANAGE;#76 SL 5205.47 -> 5207.86 trail
2026.03.10 19:12:40;MANAGE;#76 SL 5207.86 -> 5209.29 trail
2026.03.10 19:30:20;MANAGE;#76 SL 5209.29 -> 5210.75 trail
2026.03.10 19:52:40;MANAGE;#76 SL 5210.75 -> 5211.12 trail
2026.03.10 20:16:40;RISK;deal closed pnl=16.33 streak=0 lock=0
2026.03.10 20:30:00;VETO;outlier bar masked, z=12.2
2026.03.11 09:45:00;DECISION;setup SHORT score=0.65 entry=5189.58 inv=5210.82 tgt=0.00 AWAIT-RETEST [CHoCH short lvl=5191.59|RelVol=1.18|Retest@5189.58|VPnode d=2.82|VWAPside]
2026.03.11 10:00:00;VETO;authorization denied: outside session window (server hour 10, window 12-20)
2026.03.11 10:15:00;VETO;authorization denied: outside session window (server hour 10, window 12-20)
2026.03.11 10:30:00;VETO;authorization denied: outside session window (server hour 10, window 12-20)
2026.03.11 10:45:00;VETO;authorization denied: outside session window (server hour 10, window 12-20)
2026.03.11 15:00:00;DECISION;setup SHORT score=0.65 entry=5174.27 inv=5197.26 tgt=0.00 AWAIT-RETEST [BOS short lvl=5177.21|RelVol=1.52|Retest@5174.27|VPnode d=8.13|VWAPside]
2026.03.11 15:00:00;DECISION;TP capped 45.98893 -> 35.33357 (3.0xATR)
2026.03.11 15:00:00;ORDER;limit SELL 0.03 @ 5174.27 sl=5197.26 tp=5138.93 rc=10009 [WT|BOS|0.65|RL]
2026.03.11 15:00:00;RISK;sizing: vol_ratio=1.04 scalar=1.00 gap_buf=5.88893 eff_stop=28.88339
2026.03.11 15:03:40;ORDER;entry fill deal #79 SELL 0.03 @ 5174.27000
2026.03.11 15:51:40;MANAGE;#79 SL 5197.26 -> 5174.23 breakeven
2026.03.11 15:51:40;MANAGE;#79 partial close 0.01 of 0.03 lots
2026.03.11 15:51:40;RISK;deal closed pnl=24.44 streak=0 lock=0
2026.03.11 15:57:40;RISK;deal closed pnl=0.08 streak=0 lock=0
2026.03.11 16:00:00;VETO;outlier bar masked, z=4.1
2026.03.11 19:45:00;VETO;signal rejected: volume: relVol 0.97 < 1.00
2026.03.11 21:45:00;VETO;signal rejected: volume: relVol 0.51 < 1.00
2026.03.12 00:45:00;DECISION;setup SHORT score=0.85 entry=5167.51 inv=5183.58 tgt=0.00 AWAIT-RETEST [CHoCH short lvl=5169.25|Retest@5167.51|VPnode d=2.11|VWAPside|CycleTurn w=-0.03<-0.85]
2026.03.12 01:00:00;VETO;outlier bar masked, z=7.2
2026.03.12 06:45:00;VETO;signal rejected: volume: relVol 0.77 < 1.00
2026.03.12 09:45:00;VETO;signal rejected: volume: relVol 0.69 < 1.00
2026.03.12 14:15:00;DECISION;setup SHORT score=0.55 entry=5172.71 inv=5191.70 tgt=0.00 AWAIT-RETEST [CHoCH short lvl=5174.40|RelVol=1.00|Retest@5172.71|VPnode d=4.69]
2026.03.12 14:15:00;DECISION;TP capped 37.97536 -> 28.48152 (3.0xATR)
2026.03.12 14:15:00;ORDER;limit SELL 0.04 @ 5172.71 sl=5191.70 tp=5144.23 rc=10009 [WT|CHOCH|0.55|RL]
2026.03.12 14:15:00;RISK;sizing: vol_ratio=0.67 scalar=1.00 gap_buf=3.37536 eff_stop=22.36304
2026.03.12 14:29:40;ORDER;entry fill deal #82 SELL 0.04 @ 5172.71000
2026.03.12 15:30:00;VETO;outlier bar masked, z=4.2
2026.03.12 15:45:00;VETO;signal rejected: score 0.50 < 0.55 [BOS short lvl=5163.85|RelVol=1.23|VPnear|VWAPside]
2026.03.12 15:45:40;MANAGE;#82 SL 5191.70 -> 5172.67 breakeven
2026.03.12 15:45:40;MANAGE;#82 partial close 0.02 of 0.04 lots
2026.03.12 15:45:40;RISK;deal closed pnl=38.72 streak=0 lock=0
2026.03.12 15:46:20;MANAGE;#82 SL 5172.67 -> 5172.02 trail
2026.03.12 15:48:40;MANAGE;#82 SL 5172.02 -> 5171.08 trail
2026.03.12 15:49:40;MANAGE;#82 SL 5171.08 -> 5170.51 trail
2026.03.12 15:53:40;MANAGE;#82 SL 5170.51 -> 5168.14 trail
2026.03.12 15:54:20;MANAGE;#82 SL 5168.14 -> 5166.50 trail
2026.03.12 15:55:40;MANAGE;#82 SL 5166.50 -> 5166.23 trail
2026.03.12 15:56:20;MANAGE;#82 SL 5166.23 -> 5164.91 trail
2026.03.12 16:33:40;RISK;deal closed pnl=56.96 streak=0 lock=0
2026.03.12 17:15:00;VETO;outlier bar masked, z=6.1
2026.03.12 20:00:00;VETO;signal rejected: volume: relVol 0.96 < 1.00
2026.03.12 22:30:00;VETO;signal rejected: volume: relVol 0.86 < 1.00
2026.03.13 06:30:00;VETO;signal rejected: volume: relVol 0.82 < 1.00
2026.03.13 14:00:00;VETO;signal rejected: volume: relVol 0.91 < 1.00
2026.03.13 16:45:00;VETO;signal rejected: volume: relVol 0.68 < 1.00
2026.03.13 17:00:00;VETO;outlier bar masked, z=7.3
2026.03.13 17:15:00;VETO;outlier bar masked, z=4.9
2026.03.13 18:00:00;VETO;signal rejected: score 0.50 < 0.55 [BOS short lvl=5035.97|RelVol=1.10|VWAPside|ADX=44]
2026.03.13 22:00:00;DECISION;setup SHORT score=0.70 entry=5016.44 inv=5049.81 tgt=0.00 [BOS short lvl=5019.04|RelVol=1.30|VWAPside|CycleTurn w=-0.44<-0.63|ADX=34]
2026.03.13 22:00:00;VETO;authorization denied: outside session window (server hour 22, window 12-20)
2026.03.13 22:15:00;VETO;authorization denied: outside session window (server hour 22, window 12-20)
2026.03.13 22:30:00;VETO;authorization denied: outside session window (server hour 22, window 12-20)
2026.03.13 22:45:00;VETO;authorization denied: outside session window (server hour 22, window 12-20)
2026.03.16 01:30:00;VETO;outlier bar masked, z=6.6
2026.03.16 02:00:00;VETO;outlier bar masked, z=3.5
2026.03.16 02:15:00;VETO;outlier bar masked, z=4.5
2026.03.16 02:45:00;DECISION;setup LONG score=0.85 entry=5029.71 inv=4967.62 tgt=0.00 AWAIT-RETEST [CHoCH long lvl=5026.13|RelVol=1.11|Retest@5029.71|VPnode d=1.09|VWAPside|CycleTurn w=0.40<--0.61]
2026.03.16 03:00:00;VETO;authorization denied: outside session window (server hour 03, window 12-20)
2026.03.16 03:15:00;VETO;outlier bar masked, z=6.3
2026.03.16 03:30:00;VETO;authorization denied: outside session window (server hour 03, window 12-20)
2026.03.16 03:45:00;VETO;authorization denied: outside session window (server hour 03, window 12-20)
2026.03.16 04:00:00;VETO;authorization denied: outside session window (server hour 04, window 12-20)
2026.03.16 06:00:00;VETO;signal rejected: volume: relVol 0.82 < 1.00
2026.03.16 08:15:00;VETO;signal rejected: volume: relVol 0.81 < 1.00
2026.03.16 09:30:00;DECISION;setup SHORT score=0.85 entry=5001.03 inv=5036.17 tgt=0.00 AWAIT-RETEST [CHoCH short lvl=5003.28|RelVol=1.18|Retest@5001.03|VPnode d=0.17|VWAPside|CycleTurn w=0.70<-0.95]
2026.03.16 09:45:00;VETO;authorization denied: outside session window (server hour 09, window 12-20)
2026.03.16 10:00:00;VETO;authorization denied: outside session window (server hour 10, window 12-20)
2026.03.16 10:15:00;VETO;authorization denied: outside session window (server hour 10, window 12-20)
2026.03.16 10:30:00;VETO;authorization denied: outside session window (server hour 10, window 12-20)
2026.03.16 14:30:00;DECISION;setup LONG score=0.65 entry=5025.95 inv=4970.11 tgt=0.00 AWAIT-RETEST [CHoCH long lvl=5022.63|RelVol=1.05|Retest@5025.95|VPnode d=0.15|VWAPside]
2026.03.16 14:30:00;DECISION;TP capped 111.68143 -> 83.76107 (3.0xATR)
2026.03.16 14:30:00;ERROR;limit BUY 0.01 @ 5025.95 sl=4970.11 tp=5109.71 rc=10015 [WT|CHOCH|0.65|RL]
2026.03.16 14:45:00;DECISION;TP capped 103.58000 -> 77.68500 (3.0xATR)
2026.03.16 14:45:00;ORDER;filled BUY 0.01 lots sl=4970.11 tp=5099.58 [WT|CHOCH|0.65]
2026.03.16 14:45:00;RISK;sizing: vol_ratio=0.94 scalar=1.00 gap_buf=6.45214 eff_stop=58.24214
2026.03.16 14:45:00;ORDER;entry fill deal #85 BUY 0.01 @ 5021.90000
2026.03.16 17:30:00;VETO;signal rejected: volume: relVol 0.56 < 1.00
2026.03.16 20:30:00;VETO;signal rejected: volume: relVol 0.60 < 1.00
2026.03.17 03:45:00;VETO;signal rejected: volume: relVol 0.64 < 1.00
2026.03.17 05:30:00;VETO;signal rejected: volume: relVol 0.59 < 1.00
2026.03.17 06:45:00;VETO;signal rejected: volume: relVol 0.74 < 1.00
2026.03.17 12:15:00;VETO;signal rejected: volume: relVol 0.73 < 1.00
2026.03.17 15:45:00;VETO;signal rejected: volume: relVol 0.69 < 1.00
2026.03.17 16:00:00;VETO;outlier bar masked, z=3.7
2026.03.17 17:30:00;VETO;signal rejected: volume: relVol 0.53 < 1.00
2026.03.17 17:45:00;VETO;outlier bar masked, z=4.9
2026.03.18 00:45:00;DECISION;setup SHORT score=0.85 entry=4996.33 inv=5006.37 tgt=0.00 [BOS short lvl=4996.42|VPnode d=2.47|VWAPside|CycleTurn w=0.94<-1.00]
2026.03.18 00:45:00;VETO;authorization denied: outside session window (server hour 00, window 12-20)
2026.03.18 01:00:00;VETO;authorization denied: outside session window (server hour 01, window 12-20)
2026.03.18 01:15:00;VETO;authorization denied: outside session window (server hour 01, window 12-20)
2026.03.18 01:30:00;VETO;authorization denied: outside session window (server hour 01, window 12-20)
2026.03.18 02:15:00;VETO;signal rejected: volume: relVol 0.45 < 1.00
2026.03.18 06:45:00;VETO;signal rejected: volume: relVol 0.86 < 1.00
2026.03.18 12:35:40;RISK;deal closed pnl=-52.05 streak=1 lock=0
2026.03.18 12:45:00;VETO;outlier bar masked, z=5.1
2026.03.18 13:00:00;VETO;outlier bar masked, z=3.6
2026.03.18 13:30:00;VETO;outlier bar masked, z=5.1
2026.03.18 13:45:00;VETO;outlier bar masked, z=4.7
2026.03.18 14:15:00;VETO;outlier bar masked, z=4.3
2026.03.18 14:45:00;VETO;outlier bar masked, z=4.3
2026.03.18 15:15:00;VETO;outlier bar masked, z=5.2
2026.03.18 15:30:00;VETO;outlier bar masked, z=5.2
2026.03.18 15:45:00;VETO;outlier bar masked, z=5.7
2026.03.18 18:30:00;VETO;signal rejected: volume: relVol 0.51 < 1.00
2026.03.18 21:00:00;VETO;outlier bar masked, z=3.8
2026.03.19 08:00:00;VETO;signal rejected: volume: relVol 0.82 < 1.00
2026.03.19 08:45:00;VETO;outlier bar masked, z=4.2
2026.03.19 09:00:00;VETO;outlier bar masked, z=4.2
2026.03.19 12:30:00;VETO;signal rejected: score 0.50 < 0.55 [BOS short lvl=4686.85|RelVol=1.47|StopFloored|VWAPside|ADX=69]
2026.03.19 14:45:00;VETO;outlier bar masked, z=3.7
2026.03.19 15:15:00;VETO;outlier bar masked, z=5.0
2026.03.19 15:30:00;VETO;outlier bar masked, z=3.7
2026.03.19 16:00:00;VETO;outlier bar masked, z=6.0
2026.03.19 21:15:00;VETO;signal rejected: score 0.40 < 0.55 [CHoCH long lvl=4629.88|RelVol=1.80|Retest@4636.27|VPnear]
2026.03.20 00:15:00;VETO;signal rejected: volume: relVol 0.99 < 1.00
2026.03.20 03:45:00;VETO;signal rejected: volume: relVol 0.88 < 1.00
2026.03.20 05:15:00;DECISION;setup LONG score=0.60 entry=4704.22 inv=4639.42 tgt=0.00 AWAIT-RETEST [BOS long lvl=4699.22|RelVol=1.05|Retest@4704.22|VPnear|VWAPside|ADX=51]
2026.03.20 12:30:00;VETO;signal rejected: score 0.50 < 0.55 [CHoCH short lvl=4661.50|RelVol=1.23|Retest@4657.12|VPnear|VWAPside]
2026.03.20 16:00:00;VETO;outlier bar masked, z=3.8
2026.03.20 20:45:00;DECISION;setup SHORT score=0.70 entry=4526.15 inv=4613.58 tgt=0.00 [BOS short lvl=4540.53|RelVol=1.38|VWAPside|CycleTurn w=0.79<-0.98|ADX=39]
2026.03.20 20:45:00;VETO;authorization denied: outside session window (server hour 20, window 12-20)
2026.03.20 21:00:00;VETO;outlier bar masked, z=4.6
2026.03.20 21:15:00;VETO;authorization denied: outside session window (server hour 21, window 12-20)
2026.03.20 21:30:00;VETO;authorization denied: outside session window (server hour 21, window 12-20)
2026.03.20 21:45:00;VETO;authorization denied: outside session window (server hour 21, window 12-20)
2026.03.23 00:15:00;VETO;outlier bar masked, z=6.3
2026.03.23 02:15:00;DECISION;setup SHORT score=0.80 entry=4436.74 inv=4536.29 tgt=0.00 [BOS short lvl=4449.59|RelVol=1.41|VPnear|VWAPside|CycleTurn w=0.29<-0.91|ADX=49]
2026.03.23 02:15:00;VETO;authorization denied: outside session window (server hour 02, window 12-20)
2026.03.23 02:30:00;VETO;authorization denied: outside session window (server hour 02, window 12-20)
2026.03.23 02:45:00;VETO;outlier bar masked, z=10.1
2026.03.23 03:00:00;VETO;outlier bar masked, z=3.6
2026.03.23 03:15:00;VETO;outlier bar masked, z=7.9
2026.03.23 03:30:00;VETO;authorization denied: outside session window (server hour 03, window 12-20)
2026.03.23 03:45:00;VETO;authorization denied: outside session window (server hour 03, window 12-20)
2026.03.23 04:00:00;VETO;outlier bar masked, z=3.6
2026.03.23 07:45:00;DECISION;setup SHORT score=0.95 entry=4322.16 inv=4381.65 tgt=0.00 [BOS short lvl=4335.18|RelVol=1.49|VPnode d=1.76|VWAPside|CycleTurn w=0.99<-1.00|ADX=34]
2026.03.23 07:45:00;VETO;authorization denied: outside session window (server hour 07, window 12-20)
2026.03.23 08:00:00;VETO;authorization denied: outside session window (server hour 08, window 12-20)
2026.03.23 08:15:00;VETO;authorization denied: outside session window (server hour 08, window 12-20)
2026.03.23 08:30:00;VETO;outlier bar masked, z=4.4
2026.03.23 08:45:00;VETO;outlier bar masked, z=4.1
2026.03.23 09:00:00;VETO;outlier bar masked, z=4.0
2026.03.23 09:15:00;VETO;outlier bar masked, z=6.5
2026.03.23 09:30:00;VETO;outlier bar masked, z=3.6
2026.03.23 09:45:00;VETO;outlier bar masked, z=5.9
2026.03.23 10:00:00;VETO;authorization denied: outside session window (server hour 10, window 12-20)
2026.03.23 11:45:00;VETO;outlier bar masked, z=4.7
2026.03.23 13:15:00;VETO;outlier bar masked, z=12.3
2026.03.23 13:30:00;VETO;outlier bar masked, z=5.9
2026.03.23 15:00:00;VETO;signal rejected: score 0.50 < 0.55 [BOS long lvl=4462.75|RelVol=1.68|VPnear|VWAPside]
2026.03.23 18:00:00;DECISION;setup SHORT score=0.75 entry=4390.02 inv=4512.81 tgt=0.00 AWAIT-RETEST [CHoCH short lvl=4401.63|RelVol=1.31|Retest@4390.02|VPnode d=21.72|CycleTurn w=-0.51<-0.54]
2026.03.23 18:00:00;VETO;retest limit risk veto: size 0.00 < broker min 0.01 (risk too small for stop)
2026.03.23 18:15:00;DECISION;TP capped 257.84000 -> 193.38000 (3.0xATR)
2026.03.23 18:15:00;VETO;risk veto: size 0.00 < broker min 0.01 (risk too small for stop)
2026.03.23 20:45:00;DECISION;setup LONG score=0.60 entry=4447.55 inv=4350.99 tgt=0.00 AWAIT-RETEST [CHoCH long lvl=4438.86|RelVol=1.36|Retest@4447.55|VWAPside|CycleTurn w=0.51<--0.57]
2026.03.23 21:00:00;VETO;authorization denied: outside session window (server hour 21, window 12-20)
2026.03.23 21:15:00;VETO;authorization denied: outside session window (server hour 21, window 12-20)
2026.03.23 21:30:00;VETO;authorization denied: outside session window (server hour 21, window 12-20)
2026.03.23 21:45:00;VETO;authorization denied: outside session window (server hour 21, window 12-20)
2026.03.24 02:45:00;DECISION;setup SHORT score=0.60 entry=4354.59 inv=4448.36 tgt=0.00 AWAIT-RETEST [CHoCH short lvl=4361.27|RelVol=1.81|Retest@4354.59|VWAPside|CycleTurn w=-0.30<-0.77]
2026.03.24 03:00:00;VETO;authorization denied: outside session window (server hour 03, window 12-20)
2026.03.24 03:15:00;VETO;authorization denied: outside session window (server hour 03, window 12-20)
2026.03.24 03:30:00;VETO;authorization denied: outside session window (server hour 03, window 12-20)
2026.03.24 03:45:00;VETO;authorization denied: outside session window (server hour 03, window 12-20)
2026.03.24 08:30:00;DECISION;setup LONG score=0.65 entry=4385.04 inv=4319.88 tgt=0.00 AWAIT-RETEST [CHoCH long lvl=4379.28|RelVol=1.23|Retest@4385.04|VPnode d=11.24|VWAPside]
2026.03.24 08:45:00;VETO;authorization denied: outside session window (server hour 08, window 12-20)
2026.03.24 09:00:00;VETO;authorization denied: outside session window (server hour 09, window 12-20)
2026.03.24 09:15:00;VETO;authorization denied: outside session window (server hour 09, window 12-20)
2026.03.24 09:30:00;VETO;authorization denied: outside session window (server hour 09, window 12-20)
2026.03.24 13:00:00;DECISION;setup LONG score=0.75 entry=4438.77 inv=4391.11 tgt=0.00 [BOS long lvl=4432.68|RelVol=1.12|VPnode d=3.23|VWAPside|ADX=41]
2026.03.24 13:00:00;DECISION;TP capped 95.40000 -> 71.55000 (3.0xATR)
2026.03.24 13:00:00;ORDER;filled BUY 0.01 lots sl=4391.11 tp=4510.36 [WT|BOS|0.75]
2026.03.24 13:00:00;RISK;sizing: vol_ratio=0.56 scalar=1.00 gap_buf=9.22250 eff_stop=56.92250
2026.03.24 13:00:00;ORDER;entry fill deal #87 BUY 0.01 @ 4438.81000
2026.03.24 13:01:40;RISK;deal closed pnl=-47.70 streak=1 lock=0
2026.03.24 14:45:00;DECISION;setup SHORT score=0.65 entry=4368.35 inv=4442.08 tgt=0.00 AWAIT-RETEST [CHoCH short lvl=4374.64|RelVol=1.43|Retest@4368.35|VPnode d=13.35|VWAPside]
2026.03.24 14:45:00;DECISION;TP capped 147.46500 -> 110.59875 (3.0xATR)
2026.03.24 14:45:00;ERROR;limit SELL 0.01 @ 4368.35 sl=4442.08 tp=4257.75 rc=10015 [WT|CHOCH|0.65|RL]
2026.03.24 15:00:00;DECISION;TP capped 125.86000 -> 94.39500 (3.0xATR)
2026.03.24 15:00:00;ORDER;filled SELL 0.01 lots sl=4442.08 tp=4284.75 [WT|CHOCH|0.65]
2026.03.24 15:00:00;RISK;sizing: vol_ratio=0.77 scalar=1.00 gap_buf=12.66500 eff_stop=75.59500
2026.03.24 15:00:00;ORDER;entry fill deal #89 SELL 0.01 @ 4379.15000
2026.03.24 19:15:00;DECISION;setup SHORT score=0.75 entry=4397.53 inv=4430.93 tgt=0.00 [BOS short lvl=4402.47|RelVol=1.26|VPnode d=13.97|CycleTurn w=0.96<-1.00]
2026.03.24 19:15:00;DECISION;TP capped 66.82000 -> 65.59929 (3.0xATR)
2026.03.24 19:15:00;VETO;risk veto: max positions
2026.03.24 22:24:40;RISK;deal closed pnl=-62.93 streak=2 lock=0
2026.03.24 22:30:00;VETO;outlier bar masked, z=6.5
2026.03.25 01:30:00;DECISION;setup LONG score=0.65 entry=4489.89 inv=4455.97 tgt=0.00 AWAIT-RETEST [BOS long lvl=4485.76|RelVol=1.22|Retest@4489.89|VPnode d=4.69|VWAPside]
2026.03.25 07:30:00;VETO;signal rejected: volume: relVol 0.96 < 1.00
2026.03.25 10:30:00;DECISION;setup LONG score=0.85 entry=4566.92 inv=4533.26 tgt=0.00 AWAIT-RETEST [CHoCH long lvl=4563.29|RelVol=1.12|Retest@4566.92|VPnode d=6.78|VWAPside|CycleTurn w=-0.99<--1.00]
2026.03.25 10:45:00;VETO;authorization denied: outside session window (server hour 10, window 12-20)
2026.03.25 11:00:00;VETO;authorization denied: outside session window (server hour 11, window 12-20)
2026.03.25 11:15:00;VETO;authorization denied: outside session window (server hour 11, window 12-20)
2026.03.25 11:30:00;VETO;authorization denied: outside session window (server hour 11, window 12-20)
2026.03.25 13:30:00;DECISION;setup LONG score=0.85 entry=4571.25 inv=4527.80 tgt=0.00 AWAIT-RETEST [BOS long lvl=4567.86|RelVol=1.03|Retest@4571.25|VPnode d=6.35|VWAPside|CycleTurn w=-0.63<--0.96]
2026.03.25 13:30:00;DECISION;TP capped 86.89464 -> 65.17098 (3.0xATR)
2026.03.25 13:30:00;ORDER;limit BUY 0.02 @ 4571.25 sl=4527.80 tp=4636.42 rc=10009 [WT|BOS|0.85|RL]
2026.03.25 13:30:00;RISK;sizing: vol_ratio=0.73 scalar=1.00 gap_buf=6.77464 eff_stop=50.22196
2026.03.25 14:16:40;ORDER;entry fill deal #91 BUY 0.02 @ 4571.25000
2026.03.25 14:31:40;RISK;deal closed pnl=-86.90 streak=1 lock=0
2026.03.25 21:00:00;VETO;signal rejected: volume: relVol 0.96 < 1.00
2026.03.25 21:15:00;VETO;outlier bar masked, z=5.5
2026.03.26 03:00:00;VETO;signal rejected: volume: relVol 0.91 < 1.00
2026.03.26 07:30:00;DECISION;setup SHORT score=0.70 entry=4497.19 inv=4544.42 tgt=0.00 AWAIT-RETEST [CHoCH short lvl=4499.96|RelVol=1.23|Retest@4497.19|VPnear|VWAPside|CycleTurn w=0.61<-0.98]
2026.03.26 08:00:00;VETO;outlier bar masked, z=4.5
2026.03.26 16:30:00;VETO;signal rejected: score 0.40 < 0.55 [CHoCH long lvl=4456.64|RelVol=1.02|Retest@4461.45|VPnear]
2026.03.26 18:30:00;VETO;outlier bar masked, z=6.1
2026.03.26 22:00:00;DECISION;setup SHORT score=0.70 entry=4364.03 inv=4399.41 tgt=0.00 [BOS short lvl=4367.79|RelVol=1.10|VWAPside|CycleTurn w=0.73<-0.88|ADX=43]
2026.03.26 22:00:00;VETO;authorization denied: outside session window (server hour 22, window 12-20)
2026.03.26 22:15:00;VETO;outlier bar masked, z=6.5
2026.03.26 22:30:00;DECISION;setup LONG score=0.60 entry=4403.69 inv=4367.79 tgt=0.00 AWAIT-RETEST [CHoCH long lvl=4399.41|RelVol=1.77|Retest@4403.69|VPnear|CycleTurn w=0.49<-0.33]
2026.03.26 22:45:00;VETO;authorization denied: outside session window (server hour 22, window 12-20)
2026.03.27 00:00:00;VETO;authorization denied: outside session window (server hour 00, window 12-20)
2026.03.27 00:15:00;VETO;authorization denied: outside session window (server hour 00, window 12-20)
2026.03.27 00:30:00;VETO;authorization denied: outside session window (server hour 00, window 12-20)
2026.03.27 03:00:00;VETO;signal rejected: volume: relVol 0.94 < 1.00
2026.03.27 03:45:00;VETO;signal rejected: volume: relVol 0.72 < 1.00
2026.03.27 07:00:00;DECISION;setup LONG score=0.75 entry=4446.13 inv=4421.10 tgt=0.00 [BOS long lvl=4446.01|RelVol=1.01|VPnode d=3.47|VWAPside|ADX=40]
2026.03.27 07:00:00;VETO;authorization denied: outside session window (server hour 07, window 12-20)
2026.03.27 07:15:00;VETO;authorization denied: outside session window (server hour 07, window 12-20)
2026.03.27 07:30:00;VETO;authorization denied: outside session window (server hour 07, window 12-20)
2026.03.27 07:45:00;VETO;authorization denied: outside session window (server hour 07, window 12-20)
2026.03.27 12:45:00;VETO;signal rejected: volume: relVol 0.88 < 1.00
2026.03.27 16:15:00;VETO;signal rejected: volume: relVol 0.82 < 1.00
2026.03.27 17:00:00;VETO;outlier bar masked, z=4.5
2026.03.30 01:00:00;VETO;signal rejected: volume: relVol 0.62 < 1.00
2026.03.30 01:15:00;VETO;outlier bar masked, z=4.7
2026.03.30 02:45:00;DECISION;setup SHORT score=0.60 entry=4463.98 inv=4513.98 tgt=0.00 AWAIT-RETEST [BOS short lvl=4468.39|RelVol=1.23|Retest@4463.98|VPnear|VWAPside|ADX=49]
2026.03.30 03:30:00;VETO;outlier bar masked, z=4.5
2026.03.30 04:30:00;VETO;authorization denied: outside session window (server hour 04, window 12-20)
2026.03.30 04:45:00;VETO;authorization denied: outside session window (server hour 04, window 12-20)
2026.03.30 05:00:00;VETO;authorization denied: outside session window (server hour 05, window 12-20)
2026.03.30 05:15:00;VETO;authorization denied: outside session window (server hour 05, window 12-20)
2026.03.30 05:45:00;VETO;outlier bar masked, z=3.5
2026.03.30 09:00:00;VETO;signal rejected: volume: relVol 0.96 < 1.00
2026.03.30 14:30:00;VETO;signal rejected: volume: relVol 0.90 < 1.00
2026.03.30 17:00:00;VETO;signal rejected: volume: relVol 0.98 < 1.00
2026.03.30 22:00:00;VETO;signal rejected: volume: relVol 0.80 < 1.00
2026.03.31 03:30:00;VETO;outlier bar masked, z=4.9
2026.03.31 03:45:00;VETO;outlier bar masked, z=3.6
2026.03.31 04:30:00;VETO;outlier bar masked, z=6.0
2026.03.31 04:45:00;VETO;outlier bar masked, z=5.8
2026.03.31 13:45:00;VETO;outlier bar masked, z=4.1
2026.03.31 14:30:00;VETO;outlier bar masked, z=4.3
2026.03.31 17:00:00;VETO;signal rejected: volume: relVol 0.76 < 1.00
2026.03.31 19:45:00;VETO;outlier bar masked, z=3.9
2026.04.01 03:15:00;VETO;signal rejected: volume: relVol 0.67 < 1.00
2026.04.01 07:15:00;VETO;signal rejected: volume: relVol 0.83 < 1.00
2026.04.01 08:45:00;VETO;signal rejected: volume: relVol 0.82 < 1.00
2026.04.01 14:30:00;VETO;signal rejected: volume: relVol 0.59 < 1.00
2026.04.01 17:45:00;VETO;signal rejected: volume: relVol 0.84 < 1.00
2026.04.02 02:15:00;VETO;signal rejected: volume: relVol 0.61 < 1.00
2026.04.02 04:15:00;VETO;outlier bar masked, z=8.7
2026.04.02 04:30:00;VETO;outlier bar masked, z=9.3
2026.04.02 04:45:00;VETO;outlier bar masked, z=8.0
2026.04.02 08:45:00;VETO;outlier bar masked, z=7.2
2026.04.02 09:00:00;VETO;outlier bar masked, z=6.3
2026.04.02 09:15:00;VETO;outlier bar masked, z=4.6
2026.04.02 14:45:00;VETO;signal rejected: volume: relVol 0.82 < 1.00
2026.04.02 16:15:00;VETO;signal rejected: volume: relVol 0.93 < 1.00
2026.04.02 17:00:00;VETO;outlier bar masked, z=4.8
2026.04.02 22:15:00;VETO;signal rejected: volume: relVol 0.97 < 1.00
2026.04.06 01:15:00;VETO;outlier bar masked, z=7.2
2026.04.06 02:00:00;VETO;outlier bar masked, z=5.4
2026.04.06 05:30:00;DECISION;setup LONG score=0.65 entry=4647.97 inv=4600.76 tgt=0.00 AWAIT-RETEST [CHoCH long lvl=4643.13|RelVol=1.23|Retest@4647.97|VPnode d=5.77|VWAPside]
2026.04.06 05:45:00;VETO;authorization denied: outside session window (server hour 05, window 12-20)
2026.04.06 06:00:00;VETO;authorization denied: outside session window (server hour 06, window 12-20)
2026.04.06 06:15:00;VETO;authorization denied: outside session window (server hour 06, window 12-20)
2026.04.06 06:30:00;VETO;authorization denied: outside session window (server hour 06, window 12-20)
2026.04.06 08:15:00;VETO;signal rejected: volume: relVol 0.68 < 1.00
2026.04.06 11:00:00;VETO;signal rejected: volume: relVol 1.00 < 1.00
2026.04.06 15:00:00;VETO;signal rejected: volume: relVol 0.54 < 1.00
2026.04.07 04:15:00;VETO;outlier bar masked, z=4.0
2026.04.07 04:45:00;VETO;outlier bar masked, z=3.6
2026.04.07 07:45:00;VETO;signal rejected: volume: relVol 0.62 < 1.00
2026.04.07 11:15:00;DECISION;setup LONG score=0.65 entry=4663.41 inv=4623.10 tgt=0.00 [BOS long lvl=4657.15|RelVol=1.32|VPnode d=1.21|VWAPside]
2026.04.07 11:15:00;VETO;authorization denied: outside session window (server hour 11, window 12-20)
2026.04.07 11:30:00;VETO;outlier bar masked, z=4.3
2026.04.07 11:45:00;VETO;authorization denied: outside session window (server hour 11, window 12-20)
2026.04.07 12:00:00;DECISION;TP capped 119.60000 -> 89.70000 (3.0xATR)
2026.04.07 12:00:00;ORDER;filled BUY 0.01 lots sl=4623.10 tp=4772.60 [WT|BOS|0.65]
2026.04.07 12:00:00;RISK;sizing: vol_ratio=1.13 scalar=1.00 gap_buf=6.87750 eff_stop=66.67750
2026.04.07 12:00:00;ORDER;entry fill deal #93 BUY 0.01 @ 4682.90000
2026.04.07 14:15:00;VETO;signal rejected: volume: relVol 0.95 < 1.00
2026.04.07 17:04:40;RISK;deal closed pnl=-59.80 streak=1 lock=0
2026.04.07 17:15:00;VETO;outlier bar masked, z=3.9
2026.04.07 17:30:00;VETO;outlier bar masked, z=4.0
2026.04.07 19:30:00;DECISION;setup LONG score=0.65 entry=4665.57 inv=4607.28 tgt=0.00 AWAIT-RETEST [CHoCH long lvl=4661.43|RelVol=1.01|Retest@4665.57|VPnode d=2.37|VWAPside]
2026.04.07 19:30:00;DECISION;TP capped 116.57250 -> 87.42938 (3.0xATR)
2026.04.07 19:30:00;ERROR;limit BUY 0.01 @ 4665.57 sl=4607.28 tp=4753.00 rc=10015 [WT|CHOCH|0.65|RL]
2026.04.07 19:45:00;DECISION;TP capped 107.64000 -> 80.73000 (3.0xATR)
2026.04.07 19:45:00;ORDER;filled BUY 0.01 lots sl=4607.28 tp=4741.83 [WT|CHOCH|0.65]
2026.04.07 19:45:00;RISK;sizing: vol_ratio=1.41 scalar=1.00 gap_buf=9.95143 eff_stop=63.77143
2026.04.07 19:45:00;ORDER;entry fill deal #95 BUY 0.01 @ 4661.10000
2026.04.07 20:45:00;DECISION;setup LONG score=0.75 entry=4672.28 inv=4607.28 tgt=0.00 [BOS long lvl=4668.42|RelVol=1.38|VPnode d=8.68|VWAPside|ADX=33]
2026.04.07 20:45:00;VETO;authorization denied: outside session window (server hour 20, window 12-20)
2026.04.07 21:00:00;VETO;authorization denied: outside session window (server hour 21, window 12-20)
2026.04.07 21:15:00;VETO;authorization denied: outside session window (server hour 21, window 12-20)
2026.04.07 21:30:00;VETO;authorization denied: outside session window (server hour 21, window 12-20)
2026.04.07 22:30:00;VETO;outlier bar masked, z=3.5
2026.04.07 22:48:20;MANAGE;#95 SL 4607.28 -> 4661.14 breakeven
2026.04.07 22:48:40;MANAGE;#95 SL 4661.14 -> 4680.61 trail
2026.04.07 22:48:59;MANAGE;#95 SL 4680.61 -> 4682.66 trail
2026.04.07 22:49:20;MANAGE;#95 SL 4682.66 -> 4690.39 trail
2026.04.08 01:00:40;RISK;deal closed pnl=80.60 streak=0 lock=0
2026.04.08 01:15:00;VETO;outlier bar masked, z=5.7
2026.04.08 01:45:00;VETO;outlier bar masked, z=7.9
2026.04.08 02:00:00;VETO;outlier bar masked, z=6.6
2026.04.08 09:00:00;DECISION;setup LONG score=0.85 entry=4827.53 inv=4790.20 tgt=0.00 [BOS long lvl=4825.27|RelVol=1.04|VPnode d=4.73|VWAPside|CycleTurn w=-0.94<--0.97]
2026.04.08 09:00:00;VETO;authorization denied: outside session window (server hour 09, window 12-20)
2026.04.08 09:15:00;VETO;authorization denied: outside session window (server hour 09, window 12-20)
2026.04.08 09:30:00;VETO;authorization denied: outside session window (server hour 09, window 12-20)
2026.04.08 09:45:00;VETO;authorization denied: outside session window (server hour 09, window 12-20)
2026.04.08 12:45:00;DECISION;setup SHORT score=0.65 entry=4786.95 inv=4843.82 tgt=0.00 AWAIT-RETEST [CHoCH short lvl=4790.53|RelVol=1.05|Retest@4786.95|VPnode d=7.45|VWAPside]
2026.04.08 12:45:00;DECISION;TP capped 113.74000 -> 85.30500 (3.0xATR)
2026.04.08 12:45:00;ORDER;limit SELL 0.01 @ 4786.95 sl=4843.82 tp=4701.65 rc=10009 [WT|CHOCH|0.65|RL]
2026.04.08 12:45:00;RISK;sizing: vol_ratio=0.84 scalar=1.00 gap_buf=7.16000 eff_stop=64.03000
2026.04.08 12:50:40;ORDER;entry fill deal #97 SELL 0.01 @ 4786.95000
2026.04.08 15:30:00;VETO;outlier bar masked, z=4.0
2026.04.08 17:30:00;DECISION;setup SHORT score=0.65 entry=4768.06 inv=4806.70 tgt=0.00 [BOS short lvl=4768.79|RelVol=1.02|VPnode d=6.54|VWAPside]
2026.04.08 17:30:00;DECISION;TP capped 77.28000 -> 57.96000 (3.0xATR)
2026.04.08 17:30:00;VETO;risk veto: max positions
2026.04.08 20:45:00;VETO;signal rejected: score 0.40 < 0.55 [BOS short lvl=4745.40|RelVol=1.21|VWAPside]
2026.04.08 21:00:20;MANAGE;#97 SL 4843.82 -> 4786.91 breakeven
2026.04.08 21:00:40;MANAGE;#97 SL 4786.91 -> 4763.09 trail
2026.04.08 21:00:59;MANAGE;#97 SL 4763.09 -> 4762.76 trail
2026.04.08 21:01:20;MANAGE;#97 SL 4762.76 -> 4761.34 trail
2026.04.08 21:18:40;MANAGE;#97 SL 4761.34 -> 4744.69 trail
2026.04.08 21:37:40;MANAGE;#97 SL 4744.69 -> 4743.93 trail
2026.04.08 21:38:40;MANAGE;#97 SL 4743.93 -> 4740.88 trail
2026.04.08 21:39:40;MANAGE;#97 SL 4740.88 -> 4740.00 trail
2026.04.08 21:41:40;MANAGE;#97 SL 4740.00 -> 4739.60 trail
2026.04.08 21:42:20;MANAGE;#97 SL 4739.60 -> 4737.83 trail
2026.04.08 21:43:40;MANAGE;#97 SL 4737.83 -> 4734.81 trail
2026.04.08 21:50:40;MANAGE;#97 SL 4734.81 -> 4733.17 trail
2026.04.08 21:51:40;MANAGE;#97 SL 4733.17 -> 4731.00 trail
2026.04.08 21:56:20;MANAGE;#97 SL 4731.00 -> 4730.39 trail
2026.04.08 22:00:40;RISK;deal closed pnl=85.30 streak=0 lock=0
2026.04.09 03:15:00;VETO;signal rejected: volume: relVol 0.70 < 1.00
2026.04.09 04:15:00;DECISION;setup LONG score=0.65 entry=4723.27 inv=4698.62 tgt=0.00 AWAIT-RETEST [CHoCH long lvl=4720.00|RelVol=1.04|Retest@4723.27|VPnode d=5.47|VWAPside]
2026.04.09 04:30:00;VETO;authorization denied: outside session window (server hour 04, window 12-20)
2026.04.09 04:45:00;VETO;authorization denied: outside session window (server hour 04, window 12-20)
2026.04.09 05:00:00;VETO;authorization denied: outside session window (server hour 05, window 12-20)
2026.04.09 05:15:00;VETO;authorization denied: outside session window (server hour 05, window 12-20)
2026.04.09 13:30:00;VETO;signal rejected: volume: relVol 0.87 < 1.00
2026.04.09 16:45:00;VETO;signal rejected: volume: relVol 0.87 < 1.00
2026.04.09 18:30:00;VETO;signal rejected: volume: relVol 0.98 < 1.00
2026.04.09 21:15:00;VETO;signal rejected: score 0.50 < 0.55 [CHoCH short lvl=4784.49|RelVol=1.05|Retest@4781.61|CycleTurn w=-0.05<-0.85]
2026.04.10 01:30:00;VETO;signal rejected: volume: relVol 0.44 < 1.00
2026.04.10 05:30:00;VETO;signal rejected: volume: relVol 0.97 < 1.00
2026.04.10 09:15:00;VETO;signal rejected: volume: relVol 0.74 < 1.00
2026.04.10 12:00:00;DECISION;setup SHORT score=0.60 entry=4740.77 inv=4757.61 tgt=0.00 [BOS short lvl=4741.30|RelVol=1.22|VPnear|VWAPside|ADX=37]
2026.04.10 12:00:00;DECISION;TP capped 33.68000 -> 26.28643 (3.0xATR)
2026.04.10 12:00:00;ORDER;filled SELL 0.04 lots sl=4757.61 tp=4714.48 [WT|BOS|0.60]
2026.04.10 12:00:00;RISK;sizing: vol_ratio=0.86 scalar=1.00 gap_buf=4.38107 eff_stop=21.22107
2026.04.10 12:00:00;ORDER;entry fill deal #99 SELL 0.04 @ 4740.77000
2026.04.10 12:19:40;RISK;deal closed pnl=-67.36 streak=1 lock=0
2026.04.10 14:30:00;VETO;signal rejected: volume: relVol 0.60 < 1.00
2026.04.10 17:30:00;VETO;signal rejected: volume: relVol 0.85 < 1.00
2026.04.13 01:15:00;VETO;outlier bar masked, z=44.0
2026.04.13 01:30:00;VETO;outlier bar masked, z=7.9
2026.04.13 04:15:00;VETO;outlier bar masked, z=4.1
2026.04.13 09:00:00;VETO;signal rejected: volume: relVol 0.80 < 1.00
2026.04.13 12:15:00;DECISION;setup SHORT score=0.75 entry=4718.54 inv=4740.03 tgt=0.00 AWAIT-RETEST [CHoCH short lvl=4720.73|RelVol=1.01|Retest@4718.54|VPnode d=2.36|CycleTurn w=-0.47<-0.54]
2026.04.13 12:15:00;DECISION;TP capped 42.98536 -> 32.23902 (3.0xATR)
2026.04.13 12:15:00;ERROR;limit SELL 0.03 @ 4718.54 sl=4740.03 tp=4686.30 rc=10015 [WT|CHOCH|0.75|RL]
2026.04.13 12:30:00;DECISION;TP capped 49.52000 -> 37.14000 (3.0xATR)
2026.04.13 12:30:00;ORDER;filled SELL 0.03 lots sl=4740.03 tp=4678.13 [WT|CHOCH|0.75]
2026.04.13 12:30:00;RISK;sizing: vol_ratio=0.72 scalar=1.00 gap_buf=4.27214 eff_stop=29.03214
2026.04.13 12:30:00;ORDER;entry fill deal #101 SELL 0.03 @ 4715.27000
2026.04.13 14:45:00;VETO;signal rejected: volume: relVol 0.76 < 1.00
2026.04.13 16:15:00;VETO;signal rejected: volume: relVol 0.82 < 1.00
2026.04.13 16:49:40;RISK;deal closed pnl=-74.28 streak=1 lock=0
2026.04.14 01:45:00;VETO;signal rejected: volume: relVol 0.58 < 1.00
2026.04.14 03:45:00;VETO;signal rejected: volume: relVol 0.77 < 1.00
2026.04.14 08:15:00;VETO;signal rejected: volume: relVol 0.65 < 1.00
2026.04.14 10:00:00;DECISION;setup LONG score=0.85 entry=4778.77 inv=4758.00 tgt=0.00 AWAIT-RETEST [CHoCH long lvl=4777.03|RelVol=1.14|Retest@4778.77|VPnode d=3.57|VWAPside|CycleTurn w=-0.93<--0.99]
2026.04.14 10:30:00;VETO;outlier bar masked, z=3.9
2026.04.14 10:45:00;VETO;authorization denied: outside session window (server hour 10, window 12-20)
2026.04.14 11:00:00;VETO;authorization denied: outside session window (server hour 11, window 12-20)
2026.04.14 11:15:00;VETO;authorization denied: outside session window (server hour 11, window 12-20)
2026.04.14 11:30:00;VETO;authorization denied: outside session window (server hour 11, window 12-20)
2026.04.14 13:45:00;VETO;outlier bar masked, z=6.4
2026.04.14 16:45:00;VETO;outlier bar masked, z=4.0
2026.04.14 20:15:00;VETO;outlier bar masked, z=4.2
2026.04.15 01:00:00;VETO;signal rejected: score 0.40 < 0.55 [BOS long lvl=4843.38|RelVol=1.52|ADX=45]
2026.04.15 03:45:00;VETO;signal rejected: volume: relVol 0.62 < 1.00
2026.04.15 04:15:00;VETO;outlier bar masked, z=4.5
2026.04.15 04:30:00;VETO;outlier bar masked, z=5.9
2026.04.15 06:00:00;VETO;signal rejected: score 0.50 < 0.55 [CHoCH short lvl=4827.02|RelVol=1.30|Retest@4824.78|VPnear|VWAPside]
2026.04.15 08:45:00;DECISION;setup SHORT score=0.65 entry=4816.81 inv=4829.58 tgt=0.00 [BOS short lvl=4820.52|RelVol=1.23|VPnode d=1.39|VWAPside]
2026.04.15 08:45:00;VETO;authorization denied: outside session window (server hour 08, window 12-20)
2026.04.15 09:00:00;VETO;authorization denied: outside session window (server hour 09, window 12-20)
2026.04.15 09:15:00;VETO;authorization denied: outside session window (server hour 09, window 12-20)
2026.04.15 09:30:00;VETO;authorization denied: outside session window (server hour 09, window 12-20)
2026.04.15 10:00:00;DECISION;setup SHORT score=0.65 entry=4811.67 inv=4830.39 tgt=0.00 [BOS short lvl=4812.63|RelVol=1.06|VPnode d=1.93|VWAPside]
2026.04.15 10:00:00;VETO;authorization denied: outside session window (server hour 10, window 12-20)
2026.04.15 10:15:00;VETO;authorization denied: outside session window (server hour 10, window 12-20)
2026.04.15 10:30:00;VETO;authorization denied: outside session window (server hour 10, window 12-20)
2026.04.15 10:45:00;VETO;authorization denied: outside session window (server hour 10, window 12-20)
2026.04.15 12:15:00;VETO;outlier bar masked, z=5.4
2026.04.15 12:30:00;VETO;signal rejected: score 0.50 < 0.55 [BOS short lvl=4804.61|RelVol=1.23|VPnear|VWAPside]
2026.04.15 16:30:00;VETO;signal rejected: volume: relVol 0.82 < 1.00
2026.04.16 02:00:00;VETO;signal rejected: volume: relVol 0.63 < 1.00
2026.04.16 04:45:00;VETO;signal rejected: volume: relVol 0.81 < 1.00
2026.04.16 07:45:00;VETO;signal rejected: volume: relVol 0.49 < 1.00
2026.04.16 11:15:00;VETO;signal rejected: volume: relVol 1.00 < 1.00
2026.04.16 15:00:00;VETO;signal rejected: volume: relVol 0.68 < 1.00
2026.04.16 17:00:00;VETO;outlier bar masked, z=10.4
2026.04.16 17:15:00;VETO;outlier bar masked, z=4.7
2026.04.16 17:45:00;VETO;outlier bar masked, z=6.8
2026.04.16 18:15:00;VETO;outlier bar masked, z=5.5
2026.04.16 22:45:00;VETO;signal rejected: volume: relVol 0.81 < 1.00
2026.04.17 03:45:00;VETO;signal rejected: volume: relVol 0.61 < 1.00
2026.04.17 04:15:00;VETO;outlier bar masked, z=7.3
2026.04.17 04:30:00;VETO;outlier bar masked, z=3.9
2026.04.17 07:45:00;VETO;signal rejected: volume: relVol 0.44 < 1.00
2026.04.17 09:30:00;VETO;signal rejected: volume: relVol 0.80 < 1.00
2026.04.17 11:45:00;VETO;signal rejected: volume: relVol 0.69 < 1.00
2026.04.17 15:15:00;VETO;signal rejected: volume: relVol 0.68 < 1.00
2026.04.17 15:30:00;VETO;outlier bar masked, z=3.6
2026.04.17 16:00:00;VETO;outlier bar masked, z=6.9
2026.04.17 16:15:00;VETO;outlier bar masked, z=16.6
2026.04.17 16:30:00;VETO;outlier bar masked, z=9.1
2026.04.17 16:45:00;VETO;outlier bar masked, z=5.8
2026.04.17 17:00:00;VETO;outlier bar masked, z=7.5
2026.04.17 17:15:00;VETO;outlier bar masked, z=5.7
2026.04.20 01:15:00;VETO;outlier bar masked, z=29.0
2026.04.20 02:45:00;VETO;outlier bar masked, z=6.2
2026.04.20 04:15:00;VETO;outlier bar masked, z=4.1
2026.04.20 07:45:00;VETO;signal rejected: volume: relVol 0.62 < 1.00
2026.04.20 10:15:00;VETO;signal rejected: volume: relVol 0.96 < 1.00
2026.04.20 13:30:00;VETO;signal rejected: volume: relVol 0.65 < 1.00
2026.04.20 15:00:00;DECISION;setup LONG score=0.65 entry=4802.69 inv=4783.52 tgt=0.00 AWAIT-RETEST [BOS long lvl=4800.99|RelVol=1.06|Retest@4802.69|VPnode d=0.31|VWAPside]
2026.04.20 15:00:00;DECISION;TP capped 38.34643 -> 28.75982 (3.0xATR)
2026.04.20 15:00:00;ORDER;limit BUY 0.04 @ 4802.69 sl=4783.52 tp=4831.45 rc=10009 [WT|BOS|0.65|RL]
2026.04.20 15:00:00;RISK;sizing: vol_ratio=0.61 scalar=1.00 gap_buf=3.40643 eff_stop=22.57964
2026.04.20 15:35:40;ORDER;entry fill deal #103 BUY 0.04 @ 4802.69000
2026.04.20 16:29:40;MANAGE;#103 SL 4783.52 -> 4802.73 breakeven
2026.04.20 16:29:40;MANAGE;#103 partial close 0.02 of 0.04 lots
2026.04.20 16:29:40;RISK;deal closed pnl=46.28 streak=0 lock=0
2026.04.20 16:29:59;MANAGE;#103 SL 4802.73 -> 4805.71 trail
2026.04.20 16:30:00;VETO;signal rejected: volume: relVol 0.88 < 1.00
2026.04.20 16:30:20;MANAGE;#103 SL 4805.71 -> 4806.74 trail
2026.04.20 17:51:40;RISK;deal closed pnl=8.10 streak=0 lock=0
2026.04.21 01:15:00;VETO;signal rejected: volume: relVol 0.96 < 1.00
2026.04.21 05:00:00;VETO;signal rejected: volume: relVol 0.68 < 1.00
2026.04.21 14:00:00;VETO;signal rejected: volume: relVol 0.61 < 1.00
2026.04.21 15:45:00;VETO;outlier bar masked, z=4.7
2026.04.21 16:15:00;DECISION;setup SHORT score=0.70 entry=4773.40 inv=4797.95 tgt=0.00 AWAIT-RETEST [CHoCH short lvl=4775.39|RelVol=1.01|Retest@4773.40|VPnear|VWAPside|CycleTurn w=-0.12<-0.76]
2026.04.21 16:15:00;DECISION;TP capped 49.09643 -> 36.82232 (3.0xATR)
2026.04.21 16:15:00;ORDER;limit SELL 0.03 @ 4773.40 sl=4797.95 tp=4736.58 rc=10009 [WT|CHOCH|0.70|RL]
2026.04.21 16:15:00;RISK;sizing: vol_ratio=1.11 scalar=1.00 gap_buf=4.63000 eff_stop=29.17821
2026.04.21 16:28:40;ORDER;entry fill deal #106 SELL 0.03 @ 4773.40000
2026.04.21 16:45:00;VETO;outlier bar masked, z=4.2
2026.04.21 17:44:40;MANAGE;#106 SL 4797.95 -> 4773.36 breakeven
2026.04.21 17:44:40;MANAGE;#106 partial close 0.01 of 0.03 lots
2026.04.21 17:44:40;RISK;deal closed pnl=29.79 streak=0 lock=0
2026.04.21 17:44:59;MANAGE;#106 SL 4773.36 -> 4770.70 trail
2026.04.21 17:45:00;VETO;outlier bar masked, z=6.3
2026.04.21 17:45:40;MANAGE;#106 SL 4770.70 -> 4769.57 trail
2026.04.21 17:46:40;RISK;deal closed pnl=73.64 streak=0 lock=0
2026.04.21 18:00:00;VETO;outlier bar masked, z=3.7
2026.04.21 18:15:00;VETO;outlier bar masked, z=4.0
2026.04.21 19:30:00;VETO;signal rejected: score 0.50 < 0.55 [BOS short lvl=4723.72|RelVol=1.32|VWAPside|ADX=35]
2026.04.21 20:45:00;VETO;outlier bar masked, z=4.4
2026.04.21 22:45:00;VETO;outlier bar masked, z=9.3
2026.04.22 01:15:00;VETO;outlier bar masked, z=9.1
2026.04.22 02:30:00;VETO;signal rejected: volume: relVol 0.76 < 1.00
2026.04.22 04:45:00;VETO;signal rejected: volume: relVol 0.82 < 1.00
2026.04.22 08:30:00;DECISION;setup LONG score=0.75 entry=4766.14 inv=4735.93 tgt=0.00 [BOS long lvl=4765.05|RelVol=1.44|VPnode d=4.34|VWAPside|ADX=32]
2026.04.22 08:30:00;VETO;authorization denied: outside session window (server hour 08, window 12-20)
2026.04.22 08:45:00;VETO;authorization denied: outside session window (server hour 08, window 12-20)
2026.04.22 09:00:00;VETO;authorization denied: outside session window (server hour 09, window 12-20)
2026.04.22 09:15:00;VETO;authorization denied: outside session window (server hour 09, window 12-20)
2026.04.22 13:15:00;DECISION;setup SHORT score=0.65 entry=4750.32 inv=4772.35 tgt=0.00 AWAIT-RETEST [CHoCH short lvl=4751.81|RelVol=1.13|Retest@4750.32|VPnode d=1.32|VWAPside]
2026.04.22 13:15:00;DECISION;TP capped 44.05107 -> 33.03830 (3.0xATR)
2026.04.22 13:15:00;ORDER;limit SELL 0.04 @ 4750.32 sl=4772.35 tp=4717.29 rc=10009 [WT|CHOCH|0.65|RL]
2026.04.22 13:15:00;RISK;sizing: vol_ratio=0.59 scalar=1.00 gap_buf=2.97107 eff_stop=24.99661
2026.04.22 13:16:40;ORDER;entry fill deal #109 SELL 0.04 @ 4750.32000
2026.04.22 16:00:00;VETO;signal rejected: volume: relVol 0.73 < 1.00
2026.04.22 17:45:00;VETO;signal rejected: score 0.50 < 0.55 [BOS short lvl=4736.28|RelVol=1.06|VPnear|VWAPside]
2026.04.22 18:35:40;MANAGE;#109 SL 4772.35 -> 4750.28 breakeven
2026.04.22 18:35:40;MANAGE;#109 partial close 0.02 of 0.04 lots
2026.04.22 18:35:40;RISK;deal closed pnl=45.18 streak=0 lock=0
2026.04.22 18:35:59;MANAGE;#109 SL 4750.28 -> 4749.58 trail
2026.04.22 18:36:20;MANAGE;#109 SL 4749.58 -> 4748.05 trail
2026.04.22 18:38:40;MANAGE;#109 SL 4748.05 -> 4747.16 trail
2026.04.22 18:40:40;MANAGE;#109 SL 4747.16 -> 4746.44 trail
2026.04.22 18:45:00;VETO;signal rejected: volume: relVol 0.81 < 1.00
2026.04.22 18:52:40;MANAGE;#109 SL 4746.44 -> 4745.72 trail
2026.04.22 19:19:40;MANAGE;#109 SL 4745.72 -> 4744.66 trail
2026.04.22 19:24:40;MANAGE;#109 SL 4744.66 -> 4744.19 trail
2026.04.22 19:30:40;MANAGE;#109 SL 4744.19 -> 4743.76 trail
2026.04.22 21:22:40;MANAGE;#109 SL 4743.76 -> 4743.22 trail
2026.04.22 21:47:40;RISK;deal closed pnl=14.20 streak=0 lock=0
2026.04.22 22:00:00;VETO;signal rejected: volume: relVol 0.80 < 1.00
2026.04.23 01:45:00;VETO;signal rejected: volume: relVol 0.59 < 1.00
2026.04.23 03:15:00;VETO;outlier bar masked, z=8.9
2026.04.23 03:30:00;VETO;outlier bar masked, z=16.2
2026.04.23 04:00:00;DECISION;setup LONG score=0.85 entry=4747.34 inv=4723.41 tgt=0.00 AWAIT-RETEST [CHoCH long lvl=4745.71|RelVol=1.25|Retest@4747.34|VPnode d=0.74|VWAPside|CycleTurn w=-0.04<--0.85]
2026.04.23 04:15:00;VETO;authorization denied: outside session window (server hour 04, window 12-20)
2026.04.23 04:30:00;VETO;authorization denied: outside session window (server hour 04, window 12-20)
2026.04.23 04:45:00;VETO;authorization denied: outside session window (server hour 04, window 12-20)
2026.04.23 05:00:00;VETO;authorization denied: outside session window (server hour 05, window 12-20)
2026.04.23 05:15:00;VETO;outlier bar masked, z=4.0
2026.04.23 12:15:00;DECISION;setup SHORT score=0.85 entry=4700.79 inv=4724.78 tgt=0.00 AWAIT-RETEST [CHoCH short lvl=4702.99|RelVol=1.22|Retest@4700.79|VPnode d=2.79|VWAPside|CycleTurn w=0.54<-0.91]
2026.04.23 12:15:00;DECISION;TP capped 47.97643 -> 35.98232 (3.0xATR)
2026.04.23 12:15:00;ORDER;limit SELL 0.03 @ 4700.79 sl=4724.78 tp=4664.81 rc=10009 [WT|CHOCH|0.85|RL]
2026.04.23 12:15:00;RISK;sizing: vol_ratio=1.03 scalar=1.00 gap_buf=4.39643 eff_stop=28.38464
2026.04.23 12:18:40;ORDER;entry fill deal #112 SELL 0.03 @ 4700.79000
2026.04.23 15:00:40;RISK;deal closed pnl=-71.97 streak=1 lock=0
2026.04.23 15:15:00;VETO;outlier bar masked, z=3.6
2026.04.23 20:15:00;VETO;outlier bar masked, z=6.1
2026.04.23 20:30:00;VETO;signal rejected: score 0.50 < 0.55 [CHoCH short lvl=4715.56|RelVol=1.79|Retest@4713.03|VPnear|VWAPside]
2026.04.23 20:45:00;VETO;outlier bar masked, z=9.0
2026.04.23 21:00:00;VETO;outlier bar masked, z=10.6
2026.04.24 05:30:00;DECISION;setup SHORT score=0.85 entry=4683.65 inv=4711.05 tgt=0.00 [BOS short lvl=4686.73|RelVol=1.20|VPnode d=6.95|VWAPside|CycleTurn w=0.36<-0.85]
2026.04.24 05:30:00;VETO;authorization denied: outside session window (server hour 05, window 12-20)
2026.04.24 05:45:00;VETO;authorization denied: outside session window (server hour 05, window 12-20)
2026.04.24 06:00:00;VETO;authorization denied: outside session window (server hour 06, window 12-20)
2026.04.24 06:15:00;VETO;authorization denied: outside session window (server hour 06, window 12-20)
2026.04.24 07:30:00;VETO;signal rejected: score 0.50 < 0.55 [BOS short lvl=4668.67|RelVol=1.50|Retest@4666.12|VWAPside|ADX=52]
2026.04.24 11:00:00;VETO;signal rejected: volume: relVol 0.81 < 1.00
2026.04.24 13:45:00;DECISION;setup SHORT score=0.85 entry=4677.42 inv=4696.75 tgt=0.00 AWAIT-RETEST [CHoCH short lvl=4679.28|RelVol=1.06|Retest@4677.42|VPnode d=0.62|VWAPside|CycleTurn w=-0.72<-0.32]
2026.04.24 13:45:00;DECISION;TP capped 38.66179 -> 28.99634 (3.0xATR)
2026.04.24 13:45:00;ERROR;limit SELL 0.04 @ 4677.42 sl=4696.75 tp=4648.42 rc=10015 [WT|CHOCH|0.85|RL]
2026.04.24 14:00:00;DECISION;TP capped 37.94000 -> 28.45500 (3.0xATR)
2026.04.24 14:00:00;ORDER;filled SELL 0.04 lots sl=4696.75 tp=4649.32 [WT|CHOCH|0.85]
2026.04.24 14:00:00;RISK;sizing: vol_ratio=0.72 scalar=1.00 gap_buf=3.62250 eff_stop=22.59250
2026.04.24 14:00:00;ORDER;entry fill deal #114 SELL 0.04 @ 4677.78000
2026.04.24 14:07:40;RISK;deal closed pnl=-75.88 streak=1 lock=0
2026.04.24 14:15:00;VETO;outlier bar masked, z=4.9
2026.04.24 14:30:00;VETO;outlier bar masked, z=4.6
2026.04.24 17:15:00;VETO;outlier bar masked, z=6.3
2026.04.27 01:00:00;VETO;signal rejected: volume: relVol 0.92 < 1.00
2026.04.27 01:15:00;VETO;outlier bar masked, z=7.8
2026.04.27 02:30:00;VETO;signal rejected: volume: relVol 0.74 < 1.00
2026.04.27 05:45:00;VETO;signal rejected: volume: relVol 0.93 < 1.00
2026.04.27 12:00:00;VETO;signal rejected: volume: relVol 0.90 < 1.00
2026.04.27 15:45:00;VETO;signal rejected: volume: relVol 0.86 < 1.00
2026.04.28 01:15:00;VETO;signal rejected: volume: relVol 0.65 < 1.00
2026.04.28 02:45:00;VETO;signal rejected: volume: relVol 0.58 < 1.00
2026.04.28 05:00:00;VETO;outlier bar masked, z=4.5
2026.04.28 08:15:00;VETO;outlier bar masked, z=5.1
2026.04.28 08:45:00;VETO;outlier bar masked, z=10.9
2026.04.28 09:15:00;VETO;outlier bar masked, z=4.4
2026.04.28 09:30:00;VETO;outlier bar masked, z=4.5
2026.04.28 11:15:00;VETO;outlier bar masked, z=4.2
2026.04.28 12:45:00;DECISION;setup SHORT score=0.95 entry=4613.73 inv=4635.49 tgt=0.00 [BOS short lvl=4614.73|RelVol=1.29|VPnode d=5.73|VWAPside|CycleTurn w=0.95<-0.97|ADX=32]
2026.04.28 12:45:00;DECISION;TP capped 43.52000 -> 32.64000 (3.0xATR)
2026.04.28 12:45:00;ORDER;filled SELL 0.03 lots sl=4635.49 tp=4581.09 [WT|BOS|0.95]
2026.04.28 12:45:00;RISK;sizing: vol_ratio=1.44 scalar=1.00 gap_buf=5.39893 eff_stop=27.15893
2026.04.28 12:45:00;ORDER;entry fill deal #116 SELL 0.03 @ 4613.73000
2026.04.28 14:33:40;MANAGE;#116 SL 4635.49 -> 4613.69 breakeven
2026.04.28 14:33:40;MANAGE;#116 partial close 0.01 of 0.03 lots
2026.04.28 14:33:40;RISK;deal closed pnl=22.64 streak=0 lock=0
2026.04.28 14:33:59;MANAGE;#116 SL 4613.69 -> 4611.39 trail
2026.04.28 14:34:40;MANAGE;#116 SL 4611.39 -> 4608.62 trail
2026.04.28 14:35:40;MANAGE;#116 SL 4608.62 -> 4607.44 trail
2026.04.28 14:36:40;RISK;deal closed pnl=65.28 streak=0 lock=0
2026.04.28 14:45:00;VETO;outlier bar masked, z=6.6
2026.04.28 15:15:00;VETO;outlier bar masked, z=5.0
2026.04.28 15:30:00;VETO;outlier bar masked, z=4.2
2026.04.29 03:15:00;DECISION;setup LONG score=0.85 entry=4601.28 inv=4557.29 tgt=0.00 AWAIT-RETEST [CHoCH long lvl=4599.93|RelVol=1.02|Retest@4601.28|VPnode d=3.08|VWAPside|CycleTurn w=-0.56<--0.96]
2026.04.29 03:30:00;VETO;authorization denied: outside session window (server hour 03, window 12-20)
2026.04.29 03:45:00;VETO;authorization denied: outside session window (server hour 03, window 12-20)
2026.04.29 04:00:00;VETO;authorization denied: outside session window (server hour 04, window 12-20)
2026.04.29 04:15:00;DECISION;setup SHORT score=0.85 entry=4586.05 inv=4610.25 tgt=0.00 AWAIT-RETEST [CHoCH short lvl=4587.90|RelVol=1.08|Retest@4586.05|VPnode d=2.15|VWAPside|CycleTurn w=0.96<-0.99]
2026.04.29 04:30:00;VETO;authorization denied: outside session window (server hour 04, window 12-20)
2026.04.29 04:45:00;VETO;authorization denied: outside session window (server hour 04, window 12-20)
2026.04.29 05:00:00;VETO;authorization denied: outside session window (server hour 05, window 12-20)
2026.04.29 05:15:00;VETO;authorization denied: outside session window (server hour 05, window 12-20)
2026.04.29 08:00:00;VETO;signal rejected: volume: relVol 0.88 < 1.00
2026.04.29 09:00:00;VETO;signal rejected: volume: relVol 0.85 < 1.00
2026.04.29 13:00:00;VETO;signal rejected: score 0.50 < 0.55 [BOS short lvl=4557.19|RelVol=1.39|VWAPside|ADX=41]
2026.04.29 16:00:00;DECISION;setup SHORT score=0.60 entry=4544.91 inv=4576.60 tgt=0.00 [BOS short lvl=4551.51|RelVol=1.04|VWAPside|CycleTurn w=-0.15<-0.83]
2026.04.29 16:00:00;DECISION;TP capped 63.38000 -> 47.53500 (3.0xATR)
2026.04.29 16:00:00;ORDER;filled SELL 0.02 lots sl=4576.60 tp=4497.37 [WT|BOS|0.60]
2026.04.29 16:00:00;RISK;sizing: vol_ratio=0.95 scalar=1.00 gap_buf=4.63393 eff_stop=36.32393
2026.04.29 16:00:00;ORDER;entry fill deal #119 SELL 0.02 @ 4544.91000
2026.04.29 16:45:00;VETO;outlier bar masked, z=4.4
2026.04.29 16:45:40;MANAGE;#119 SL 4576.60 -> 4544.87 breakeven
2026.04.29 16:45:40;MANAGE;#119 partial close 0.01 of 0.02 lots
2026.04.29 16:45:40;RISK;deal closed pnl=34.85 streak=0 lock=0
2026.04.29 16:45:59;MANAGE;#119 SL 4544.87 -> 4531.60 trail
2026.04.29 16:46:20;MANAGE;#119 SL 4531.60 -> 4531.35 trail
2026.04.29 17:16:40;RISK;deal closed pnl=13.56 streak=0 lock=0
2026.04.29 21:15:00;VETO;outlier bar masked, z=5.5
2026.04.29 22:00:00;VETO;outlier bar masked, z=4.1
2026.04.30 02:00:00;VETO;signal rejected: volume: relVol 0.94 < 1.00
2026.04.30 10:00:00;DECISION;setup LONG score=0.60 entry=4584.76 inv=4540.93 tgt=0.00 AWAIT-RETEST [BOS long lvl=4582.57|RelVol=1.11|Retest@4584.76|VPnear|VWAPside|ADX=33]
2026.04.30 11:15:00;VETO;outlier bar masked, z=7.1
2026.04.30 13:30:00;DECISION;setup LONG score=0.60 entry=4632.07 inv=4540.93 tgt=0.00 AWAIT-RETEST [BOS long lvl=4629.56|RelVol=1.48|Retest@4632.07|VPnear|VWAPside|ADX=70]
2026.04.30 13:30:00;DECISION;TP capped 182.28714 -> 136.71536 (3.0xATR)
2026.04.30 13:30:00;ORDER;limit BUY 0.01 @ 4632.07 sl=4540.93 tp=4768.79 rc=10009 [WT|BOS|0.60|RL]
2026.04.30 13:30:00;RISK;sizing: vol_ratio=1.10 scalar=1.00 gap_buf=5.57857 eff_stop=96.72214
2026.04.30 14:27:40;ORDER;entry fill deal #122 BUY 0.01 @ 4632.07000
2026.04.30 15:45:00;DECISION;setup SHORT score=0.55 entry=4624.21 inv=4646.89 tgt=0.00 AWAIT-RETEST [CHoCH short lvl=4626.82|RelVol=1.42|Retest@4624.21|VPnode d=6.09]
2026.04.30 15:45:00;VETO;retest limit risk veto: max positions
2026.04.30 16:00:00;VETO;risk veto: max positions
2026.04.30 19:30:00;VETO;signal rejected: score 0.50 < 0.55 [BOS short lvl=4609.41|RelVol=1.13|VPnear|ADX=44]
2026.05.01 01:15:00;VETO;signal rejected: volume: relVol 0.58 < 1.00
2026.05.01 07:45:00;DECISION;setup SHORT score=0.70 entry=4614.90 inv=4631.93 tgt=0.00 AWAIT-RETEST [CHoCH short lvl=4616.54|RelVol=1.06|Retest@4614.90|VPnear|VWAPside|CycleTurn w=-0.63<--0.07]
2026.05.01 08:30:00;VETO;authorization denied: outside session window (server hour 08, window 12-20)
2026.05.01 08:45:00;VETO;authorization denied: outside session window (server hour 08, window 12-20)
2026.05.01 09:00:00;VETO;authorization denied: outside session window (server hour 09, window 12-20)
2026.05.01 09:15:00;VETO;authorization denied: outside session window (server hour 09, window 12-20)
2026.05.01 14:45:00;VETO;signal rejected: volume: relVol 0.70 < 1.00
2026.05.01 15:30:00;VETO;outlier bar masked, z=6.2
2026.05.01 16:45:00;VETO;outlier bar masked, z=5.7
2026.05.01 17:00:00;VETO;outlier bar masked, z=8.6
2026.05.01 17:15:00;VETO;outlier bar masked, z=10.1
2026.05.01 18:15:00;VETO;outlier bar masked, z=3.5
2026.05.01 21:15:00;VETO;signal rejected: volume: relVol 0.86 < 1.00
2026.05.01 22:00:00;RISK;FLATTEN ALL: Friday flatten: weekend gap protection
2026.05.01 22:00:00;RISK;deal closed pnl=-7.87 streak=1 lock=0
2026.05.01 22:45:00;VETO;signal rejected: volume: relVol 0.90 < 1.00
2026.05.04 01:15:00;VETO;outlier bar masked, z=4.7
2026.05.04 03:30:00;DECISION;setup SHORT score=0.65 entry=4605.87 inv=4629.40 tgt=0.00 [BOS short lvl=4611.30|RelVol=1.08|VPnode d=3.53|VWAPside]
2026.05.04 03:30:00;VETO;authorization denied: outside session window (server hour 03, window 12-20)
2026.05.04 03:45:00;VETO;authorization denied: outside session window (server hour 03, window 12-20)
2026.05.04 04:00:00;VETO;authorization denied: outside session window (server hour 04, window 12-20)
2026.05.04 04:15:00;VETO;outlier bar masked, z=3.8
2026.05.04 04:30:00;VETO;authorization denied: outside session window (server hour 04, window 12-20)
2026.05.04 08:30:00;DECISION;setup SHORT score=0.85 entry=4596.51 inv=4617.19 tgt=0.00 [BOS short lvl=4598.47|RelVol=1.53|VPnode d=4.09|VWAPside|CycleTurn w=0.67<-0.94]
2026.05.04 08:30:00;VETO;authorization denied: outside session window (server hour 08, window 12-20)
2026.05.04 08:45:00;VETO;authorization denied: outside session window (server hour 08, window 12-20)
2026.05.04 09:00:00;VETO;authorization denied: outside session window (server hour 09, window 12-20)
2026.05.04 09:15:00;VETO;authorization denied: outside session window (server hour 09, window 12-20)
2026.05.04 13:15:00;VETO;outlier bar masked, z=8.3
2026.05.04 18:15:00;DECISION;setup SHORT score=0.85 entry=4548.36 inv=4579.32 tgt=0.00 [BOS short lvl=4553.58|RelVol=1.02|VPnode d=6.04|VWAPside|CycleTurn w=0.98<-0.98]
2026.05.04 18:15:00;DECISION;TP capped 61.92000 -> 46.44000 (3.0xATR)
2026.05.04 18:15:00;ORDER;filled SELL 0.02 lots sl=4579.32 tp=4501.92 [WT|BOS|0.85]
2026.05.04 18:15:00;RISK;sizing: vol_ratio=1.19 scalar=1.00 gap_buf=6.61500 eff_stop=37.57500
2026.05.04 18:15:00;ORDER;entry fill deal #124 SELL 0.02 @ 4548.36000
2026.05.04 18:21:40;MANAGE;#124 SL 4579.32 -> 4548.32 breakeven
2026.05.04 18:21:40;MANAGE;#124 partial close 0.01 of 0.02 lots
2026.05.04 18:21:40;RISK;deal closed pnl=33.04 streak=0 lock=0
2026.05.04 18:21:59;MANAGE;#124 SL 4548.32 -> 4541.93 trail
2026.05.04 18:22:20;MANAGE;#124 SL 4541.93 -> 4540.98 trail
2026.05.04 18:23:20;MANAGE;#124 SL 4540.98 -> 4540.79 trail
2026.05.04 18:30:00;VETO;outlier bar masked, z=6.6
2026.05.04 18:38:20;RISK;deal closed pnl=7.57 streak=0 lock=0
2026.05.05 03:15:00;VETO;signal rejected: volume: relVol 0.80 < 1.00
2026.05.05 10:15:00;VETO;signal rejected: volume: relVol 0.86 < 1.00
2026.05.05 12:00:00;DECISION;setup LONG score=0.65 entry=4558.54 inv=4543.32 tgt=0.00 [BOS long lvl=4558.31|RelVol=1.05|VPnode d=4.74|VWAPside]
2026.05.05 12:00:00;DECISION;TP capped 30.52000 -> 25.78071 (3.0xATR)
2026.05.05 12:00:00;ORDER;filled BUY 0.05 lots sl=4543.32 tp=4584.36 [WT|BOS|0.65]
2026.05.05 12:00:00;RISK;sizing: vol_ratio=0.89 scalar=1.00 gap_buf=4.29679 eff_stop=19.55679
2026.05.05 12:00:00;ORDER;entry fill deal #127 BUY 0.05 @ 4558.58000
2026.05.05 13:51:40;RISK;deal closed pnl=-76.30 streak=1 lock=0
2026.05.05 14:45:00;VETO;signal rejected: volume: relVol 0.99 < 1.00
2026.05.05 19:30:00;VETO;signal rejected: volume: relVol 0.85 < 1.00
2026.05.06 01:15:00;VETO;signal rejected: volume: relVol 0.55 < 1.00
2026.05.06 02:00:00;VETO;outlier bar masked, z=9.0
2026.05.06 02:15:00;VETO;outlier bar masked, z=5.4
2026.05.06 12:00:00;VETO;outlier bar masked, z=6.3
2026.05.06 12:15:00;VETO;outlier bar masked, z=4.0
2026.05.06 13:45:00;VETO;signal rejected: score 0.50 < 0.55 [BOS long lvl=4708.52|RelVol=1.46|VWAPside|ADX=47]
2026.05.06 15:15:00;VETO;outlier bar masked, z=4.7
2026.05.06 15:30:00;VETO;outlier bar masked, z=6.6
2026.05.06 16:15:00;VETO;outlier bar masked, z=5.2
2026.05.07 04:15:00;VETO;outlier bar masked, z=4.3
2026.05.07 07:00:00;VETO;signal rejected: volume: relVol 0.96 < 1.00
2026.05.07 09:30:00;DECISION;setup LONG score=0.85 entry=4711.50 inv=4692.40 tgt=0.00 AWAIT-RETEST [CHoCH long lvl=4709.98|RelVol=1.15|Retest@4711.50|VPnode d=4.10|VWAPside|CycleTurn w=0.16<--0.79]
2026.05.07 09:45:00;VETO;outlier bar masked, z=8.1
2026.05.07 15:00:00;DECISION;setup LONG score=0.70 entry=4742.78 inv=4721.81 tgt=0.00 [BOS long lvl=4739.78|RelVol=1.06|VPnear|VWAPside|CycleTurn w=-0.99<--1.00]
2026.05.07 15:00:00;DECISION;TP capped 42.02000 -> 31.51500 (3.0xATR)
2026.05.07 15:00:00;ORDER;filled BUY 0.04 lots sl=4721.81 tp=4774.33 [WT|BOS|0.70]
2026.05.07 15:00:00;RISK;sizing: vol_ratio=0.89 scalar=1.00 gap_buf=4.33536 eff_stop=25.34536
2026.05.07 15:00:00;ORDER;entry fill deal #129 BUY 0.04 @ 4742.82000
2026.05.07 18:00:20;MANAGE;#129 SL 4721.81 -> 4742.86 breakeven
2026.05.07 18:00:20;MANAGE;#129 partial close 0.02 of 0.04 lots
2026.05.07 18:00:20;RISK;deal closed pnl=43.98 streak=0 lock=0
2026.05.07 18:26:40;RISK;deal closed pnl=0.08 streak=0 lock=0
2026.05.07 19:00:00;DECISION;setup SHORT score=0.85 entry=4727.84 inv=4764.81 tgt=0.00 AWAIT-RETEST [CHoCH short lvl=4731.21|RelVol=1.13|Retest@4727.84|VPnode d=7.86|VWAPside|CycleTurn w=-0.66<-0.21]
2026.05.07 19:00:00;DECISION;TP capped 73.94857 -> 55.46143 (3.0xATR)
2026.05.07 19:00:00;ERROR;limit SELL 0.02 @ 4727.84 sl=4764.81 tp=4672.37 rc=10015 [WT|CHOCH|0.85|RL]
2026.05.07 19:15:00;DECISION;TP capped 98.84000 -> 74.13000 (3.0xATR)
2026.05.07 19:15:00;ORDER;filled SELL 0.01 lots sl=4764.81 tp=4641.26 [WT|CHOCH|0.85]
2026.05.07 19:15:00;RISK;sizing: vol_ratio=1.42 scalar=1.00 gap_buf=6.81750 eff_stop=56.23750
2026.05.07 19:15:00;ORDER;entry fill deal #132 SELL 0.01 @ 4715.39000
2026.05.07 20:30:00;VETO;outlier bar masked, z=6.1
2026.05.08 01:15:00;VETO;outlier bar masked, z=3.9
2026.05.08 04:15:00;DECISION;setup LONG score=0.65 entry=4711.92 inv=4693.94 tgt=0.00 AWAIT-RETEST [CHoCH long lvl=4709.61|RelVol=1.03|Retest@4711.92|VPnode d=3.92|VWAPside]
2026.05.08 04:30:00;VETO;authorization denied: outside session window (server hour 04, window 12-20)
2026.05.08 04:45:00;VETO;authorization denied: outside session window (server hour 04, window 12-20)
2026.05.08 05:00:00;VETO;authorization denied: outside session window (server hour 05, window 12-20)
2026.05.08 05:15:00;VETO;authorization denied: outside session window (server hour 05, window 12-20)
2026.05.08 09:30:00;DECISION;setup LONG score=0.65 entry=4733.65 inv=4709.10 tgt=0.00 [BOS long lvl=4731.10|RelVol=1.38|VPnode d=3.45|VWAPside]
2026.05.08 09:30:00;VETO;authorization denied: outside session window (server hour 09, window 12-20)
2026.05.08 09:45:00;VETO;authorization denied: outside session window (server hour 09, window 12-20)
2026.05.08 10:00:00;VETO;authorization denied: outside session window (server hour 10, window 12-20)
2026.05.08 10:15:00;VETO;authorization denied: outside session window (server hour 10, window 12-20)
2026.05.08 10:30:00;DECISION;setup SHORT score=0.85 entry=4706.57 inv=4734.71 tgt=0.00 AWAIT-RETEST [CHoCH short lvl=4709.10|RelVol=1.48|Retest@4706.57|VPnode d=1.03|VWAPside|CycleTurn w=0.66<-0.97]
2026.05.08 10:45:00;VETO;authorization denied: outside session window (server hour 10, window 12-20)
2026.05.08 11:00:00;VETO;authorization denied: outside session window (server hour 11, window 12-20)
2026.05.08 11:15:00;VETO;authorization denied: outside session window (server hour 11, window 12-20)
2026.05.08 11:30:00;VETO;authorization denied: outside session window (server hour 11, window 12-20)
2026.05.08 13:45:00;VETO;signal rejected: volume: relVol 0.88 < 1.00
2026.05.08 15:15:00;DECISION;setup SHORT score=0.85 entry=4705.53 inv=4727.89 tgt=0.00 AWAIT-RETEST [CHoCH short lvl=4707.44|RelVol=1.09|Retest@4705.53|VPnode d=2.67|VWAPside|CycleTurn w=0.60<-0.98]
2026.05.08 15:15:00;VETO;retest limit risk veto: max positions
2026.05.08 15:30:00;DECISION;TP capped 35.62000 -> 26.71500 (3.0xATR)
2026.05.08 15:30:00;VETO;risk veto: max positions
2026.05.08 15:45:00;VETO;outlier bar masked, z=5.6
2026.05.08 16:45:00;DECISION;setup LONG score=0.85 entry=4730.27 inv=4702.79 tgt=0.00 AWAIT-RETEST [CHoCH long lvl=4727.89|RelVol=1.10|Retest@4730.27|VPnode d=3.07|VWAPside|CycleTurn w=0.79<-0.06]
2026.05.08 16:45:00;VETO;retest limit risk veto: max positions
2026.05.08 17:15:00;VETO;outlier bar masked, z=5.9
2026.05.08 17:30:00;VETO;risk veto: max positions
2026.05.08 22:00:00;RISK;FLATTEN ALL: Friday flatten: weekend gap protection
2026.05.08 22:00:00;RISK;deal closed pnl=-6.61 streak=1 lock=0
2026.05.11 01:15:00;VETO;outlier bar masked, z=11.2
2026.05.11 04:00:00;VETO;outlier bar masked, z=4.3
2026.05.11 04:15:00;VETO;outlier bar masked, z=4.8
2026.05.11 04:30:00;DECISION;setup LONG score=0.85 entry=4700.55 inv=4678.03 tgt=0.00 AWAIT-RETEST [CHoCH long lvl=4698.54|RelVol=1.24|Retest@4700.55|VPnode d=2.55|VWAPside|CycleTurn w=-0.84<--0.98]
2026.05.11 04:45:00;VETO;authorization denied: outside session window (server hour 04, window 12-20)
2026.05.11 05:00:00;VETO;authorization denied: outside session window (server hour 05, window 12-20)
2026.05.11 05:15:00;VETO;authorization denied: outside session window (server hour 05, window 12-20)
2026.05.11 05:30:00;VETO;authorization denied: outside session window (server hour 05, window 12-20)
2026.05.11 07:30:00;DECISION;setup SHORT score=0.70 entry=4672.28 inv=4700.29 tgt=0.00 AWAIT-RETEST [CHoCH short lvl=4675.09|RelVol=1.23|Retest@4672.28|VPnear|VWAPside|CycleTurn w=0.27<-0.91]
2026.05.11 07:45:00;VETO;authorization denied: outside session window (server hour 07, window 12-20)
2026.05.11 08:00:00;VETO;authorization denied: outside session window (server hour 08, window 12-20)
2026.05.11 08:15:00;VETO;authorization denied: outside session window (server hour 08, window 12-20)
2026.05.11 08:30:00;VETO;authorization denied: outside session window (server hour 08, window 12-20)
2026.05.11 08:45:00;VETO;signal rejected: score 0.50 < 0.55 [BOS short lvl=4668.45|RelVol=1.18|VWAPside|ADX=37]
2026.05.11 12:30:00;VETO;signal rejected: volume: relVol 0.95 < 1.00
2026.05.11 15:30:00;VETO;outlier bar masked, z=4.9
2026.05.11 16:15:00;VETO;outlier bar masked, z=3.7
2026.05.11 19:45:00;VETO;signal rejected: volume: relVol 0.95 < 1.00
2026.05.12 01:00:00;VETO;signal rejected: volume: relVol 0.72 < 1.00
2026.05.12 07:00:00;DECISION;setup SHORT score=0.65 entry=4719.88 inv=4773.42 tgt=0.00 AWAIT-RETEST [CHoCH short lvl=4722.27|RelVol=1.28|Retest@4719.88|VPnode d=0.88|VWAPside]
2026.05.12 07:15:00;VETO;authorization denied: outside session window (server hour 07, window 12-20)
2026.05.12 07:30:00;VETO;authorization denied: outside session window (server hour 07, window 12-20)
2026.05.12 07:45:00;VETO;authorization denied: outside session window (server hour 07, window 12-20)
2026.05.12 08:00:00;DECISION;setup SHORT score=0.75 entry=4714.20 inv=4773.42 tgt=0.00 [BOS short lvl=4718.13|RelVol=1.52|VPnode d=4.00|VWAPside|ADX=32]
2026.05.12 08:00:00;VETO;authorization denied: outside session window (server hour 08, window 12-20)
2026.05.12 08:15:00;VETO;authorization denied: outside session window (server hour 08, window 12-20)
2026.05.12 08:30:00;VETO;authorization denied: outside session window (server hour 08, window 12-20)
2026.05.12 08:45:00;VETO;authorization denied: outside session window (server hour 08, window 12-20)
2026.05.12 09:15:00;DECISION;setup SHORT score=0.75 entry=4705.16 inv=4730.40 tgt=0.00 [BOS short lvl=4708.63|RelVol=1.31|VPnode d=1.76|VWAPside|ADX=31]
2026.05.12 09:15:00;VETO;authorization denied: outside session window (server hour 09, window 12-20)
2026.05.12 09:30:00;VETO;authorization denied: outside session window (server hour 09, window 12-20)
2026.05.12 09:45:00;VETO;authorization denied: outside session window (server hour 09, window 12-20)
2026.05.12 10:00:00;VETO;authorization denied: outside session window (server hour 10, window 12-20)
2026.05.12 15:45:00;VETO;outlier bar masked, z=3.5
2026.05.12 16:15:00;VETO;outlier bar masked, z=4.0
2026.05.12 17:00:00;VETO;outlier bar masked, z=4.4
2026.05.12 18:30:00;VETO;outlier bar masked, z=4.6
2026.05.13 01:00:00;VETO;signal rejected: score 0.30 < 0.55 [CHoCH long lvl=4711.85|RelVol=1.01|Retest@4713.56]
2026.05.13 09:15:00;VETO;signal rejected: volume: relVol 0.97 < 1.00
2026.05.13 11:45:00;VETO;signal rejected: volume: relVol 0.76 < 1.00
2026.05.13 15:30:00;DECISION;setup SHORT score=0.85 entry=4689.61 inv=4710.45 tgt=0.00 AWAIT-RETEST [BOS short lvl=4691.54|RelVol=1.24|Retest@4689.61|VPnode d=1.59|VWAPside|CycleTurn w=0.42<-0.97]
2026.05.13 15:30:00;DECISION;TP capped 41.68536 -> 31.26402 (3.0xATR)
2026.05.13 15:30:00;ORDER;limit SELL 0.04 @ 4689.61 sl=4710.45 tp=4658.34 rc=10009 [WT|BOS|0.85|RL]
2026.05.13 15:30:00;RISK;sizing: vol_ratio=0.87 scalar=1.00 gap_buf=3.86536 eff_stop=24.70804
2026.05.13 16:01:20;ORDER;entry fill deal #134 SELL 0.04 @ 4689.61000
2026.05.13 16:45:00;VETO;outlier bar masked, z=3.7
2026.05.13 18:45:00;VETO;signal rejected: volume: relVol 0.95 < 1.00
2026.05.14 04:00:00;DECISION;setup LONG score=0.65 entry=4705.00 inv=4689.46 tgt=0.00 [BOS long lvl=4702.11|RelVol=1.01|VPnode d=2.20|VWAPside]
2026.05.14 04:00:00;VETO;authorization denied: outside session window (server hour 04, window 12-20)
2026.05.14 04:15:00;VETO;outlier bar masked, z=5.4
2026.05.14 04:30:00;VETO;authorization denied: outside session window (server hour 04, window 12-20)
2026.05.14 06:15:00;DECISION;setup SHORT score=0.65 entry=4682.94 inv=4707.01 tgt=0.00 [BOS short lvl=4683.55|RelVol=1.32|VPnode d=2.26|VWAPside]
2026.05.14 06:15:00;VETO;authorization denied: outside session window (server hour 06, window 12-20)
2026.05.14 06:30:00;VETO;authorization denied: outside session window (server hour 06, window 12-20)
2026.05.14 06:45:00;VETO;authorization denied: outside session window (server hour 06, window 12-20)
2026.05.14 07:00:00;VETO;authorization denied: outside session window (server hour 07, window 12-20)
2026.05.14 07:00:40;MANAGE;#134 SL 4710.45 -> 4689.57 breakeven
2026.05.14 07:00:40;MANAGE;#134 partial close 0.02 of 0.04 lots
2026.05.14 07:00:40;RISK;deal closed pnl=42.10 streak=0 lock=0
2026.05.14 07:24:40;RISK;deal closed pnl=-0.19 streak=1 lock=0
2026.05.14 07:30:00;VETO;outlier bar masked, z=5.8
2026.05.14 11:00:00;VETO;outlier bar masked, z=3.5
2026.05.14 16:30:00;VETO;signal rejected: volume: relVol 0.99 < 1.00
2026.05.14 16:45:00;VETO;outlier bar masked, z=4.4
2026.05.14 19:45:00;VETO;signal rejected: volume: relVol 0.94 < 1.00
2026.05.14 21:45:00;VETO;signal rejected: volume: relVol 0.65 < 1.00
2026.05.15 03:30:00;VETO;outlier bar masked, z=5.1
2026.05.15 04:15:00;VETO;outlier bar masked, z=3.8
2026.05.15 07:45:00;DECISION;setup SHORT score=0.75 entry=4605.73 inv=4623.44 tgt=0.00 [BOS short lvl=4607.10|RelVol=1.25|VPnode d=2.67|VWAPside|ADX=41]
2026.05.15 07:45:00;VETO;authorization denied: outside session window (server hour 07, window 12-20)
2026.05.15 08:00:00;VETO;authorization denied: outside session window (server hour 08, window 12-20)
2026.05.15 08:15:00;VETO;authorization denied: outside session window (server hour 08, window 12-20)
2026.05.15 08:30:00;VETO;authorization denied: outside session window (server hour 08, window 12-20)
2026.05.15 08:45:00;VETO;outlier bar masked, z=4.2
2026.05.15 12:00:00;DECISION;setup SHORT score=0.80 entry=4554.42 inv=4588.63 tgt=0.00 [BOS short lvl=4556.34|RelVol=1.35|VPnear|VWAPside|CycleTurn w=0.63<-0.86|ADX=49]
2026.05.15 12:00:00;DECISION;TP capped 68.42000 -> 51.31500 (3.0xATR)
2026.05.15 12:00:00;ORDER;filled SELL 0.02 lots sl=4588.63 tp=4503.10 [WT|BOS|0.80]
2026.05.15 12:00:00;RISK;sizing: vol_ratio=1.31 scalar=1.00 gap_buf=6.73893 eff_stop=40.94893
2026.05.15 12:00:00;ORDER;entry fill deal #137 SELL 0.02 @ 4554.42000
2026.05.15 16:44:40;MANAGE;#137 SL 4588.63 -> 4554.38 breakeven
2026.05.15 16:44:40;MANAGE;#137 partial close 0.01 of 0.02 lots
2026.05.15 16:44:40;RISK;deal closed pnl=34.47 streak=0 lock=0
2026.05.15 16:44:59;MANAGE;#137 SL 4554.38 -> 4544.73 trail
2026.05.15 16:45:00;VETO;outlier bar masked, z=4.2
2026.05.15 16:45:40;MANAGE;#137 SL 4544.73 -> 4538.27 trail
2026.05.15 16:55:40;RISK;deal closed pnl=16.15 streak=0 lock=0
2026.05.15 17:00:00;VETO;outlier bar masked, z=4.1
2026.05.15 18:00:00;DECISION;setup LONG score=0.55 entry=4561.07 inv=4511.76 tgt=0.00 AWAIT-RETEST [CHoCH long lvl=4557.61|RelVol=1.22|Retest@4561.07|VPnode d=7.97]
2026.05.15 18:00:00;DECISION;TP capped 98.61643 -> 73.96232 (3.0xATR)
2026.05.15 18:00:00;ORDER;limit BUY 0.01 @ 4561.07 sl=4511.76 tp=4635.03 rc=10009 [WT|CHOCH|0.55|RL]
2026.05.15 18:00:00;RISK;sizing: vol_ratio=1.41 scalar=1.00 gap_buf=8.43036 eff_stop=57.73857
2026.05.15 18:00:40;ORDER;entry fill deal #140 BUY 0.01 @ 4561.07000
2026.05.15 22:00:00;RISK;FLATTEN ALL: Friday flatten: weekend gap protection
2026.05.15 22:00:00;RISK;deal closed pnl=-1.76 streak=1 lock=0
2026.05.18 01:15:00;VETO;outlier bar masked, z=8.0
2026.05.18 03:45:00;VETO;outlier bar masked, z=5.9
2026.05.18 04:00:00;VETO;outlier bar masked, z=5.1
2026.05.18 14:45:00;VETO;outlier bar masked, z=5.7
2026.05.18 15:45:00;VETO;signal rejected: score 0.40 < 0.55 [BOS long lvl=4567.20|RelVol=1.18|VWAPside]
2026.05.18 22:15:00;VETO;outlier bar masked, z=5.2
2026.05.19 01:15:00;VETO;signal rejected: volume: relVol 0.53 < 1.00
2026.05.19 07:15:00;DECISION;setup SHORT score=0.65 entry=4541.03 inv=4589.24 tgt=0.00 AWAIT-RETEST [CHoCH short lvl=4543.59|RelVol=1.34|Retest@4541.03|VPnode d=6.97|VWAPside]
2026.05.19 07:30:00;VETO;authorization denied: outside session window (server hour 07, window 12-20)
2026.05.19 07:45:00;VETO;authorization denied: outside session window (server hour 07, window 12-20)
2026.05.19 08:00:00;VETO;authorization denied: outside session window (server hour 08, window 12-20)
2026.05.19 08:15:00;VETO;authorization denied: outside session window (server hour 08, window 12-20)
2026.05.19 09:30:00;DECISION;setup LONG score=0.60 entry=4548.69 inv=4530.89 tgt=0.00 AWAIT-RETEST [CHoCH long lvl=4546.61|RelVol=1.34|Retest@4548.69|VPnear|CycleTurn w=-0.82<--0.97]
2026.05.19 09:45:00;VETO;authorization denied: outside session window (server hour 09, window 12-20)
2026.05.19 10:00:00;VETO;authorization denied: outside session window (server hour 10, window 12-20)
2026.05.19 10:15:00;VETO;authorization denied: outside session window (server hour 10, window 12-20)
2026.05.19 10:30:00;VETO;authorization denied: outside session window (server hour 10, window 12-20)
2026.05.19 13:45:00;DECISION;setup SHORT score=0.85 entry=4533.98 inv=4559.28 tgt=0.00 AWAIT-RETEST [CHoCH short lvl=4536.40|RelVol=1.19|Retest@4533.98|VPnode d=2.02|VWAPside|CycleTurn w=-0.77<--0.74]
2026.05.19 13:45:00;DECISION;TP capped 50.59929 -> 37.94946 (3.0xATR)
2026.05.19 13:45:00;ORDER;limit SELL 0.03 @ 4533.98 sl=4559.28 tp=4496.03 rc=10009 [WT|CHOCH|0.85|RL]
2026.05.19 13:45:00;RISK;sizing: vol_ratio=0.93 scalar=1.00 gap_buf=4.83929 eff_stop=30.13893
2026.05.19 13:47:40;ORDER;entry fill deal #142 SELL 0.03 @ 4533.98000
2026.05.19 16:15:00;DECISION;setup SHORT score=0.70 entry=4524.49 inv=4548.00 tgt=0.00 [BOS short lvl=4527.40|RelVol=1.08|VPnear|VWAPside|CycleTurn w=0.83<-0.99]
2026.05.19 16:15:00;DECISION;TP capped 47.02000 -> 35.26500 (3.0xATR)
2026.05.19 16:15:00;VETO;risk veto: max positions
2026.05.19 16:23:40;MANAGE;#142 SL 4559.28 -> 4533.94 breakeven
2026.05.19 16:23:40;MANAGE;#142 partial close 0.01 of 0.03 lots
2026.05.19 16:23:40;RISK;deal closed pnl=28.97 streak=0 lock=0
2026.05.19 16:23:59;MANAGE;#142 SL 4533.94 -> 4527.23 trail
2026.05.19 16:24:40;MANAGE;#142 SL 4527.23 -> 4525.67 trail
2026.05.19 16:25:40;MANAGE;#142 SL 4525.67 -> 4522.86 trail
2026.05.19 16:26:40;MANAGE;#142 SL 4522.86 -> 4521.19 trail
2026.05.19 16:28:40;MANAGE;#142 SL 4521.19 -> 4519.91 trail
2026.05.19 16:29:40;RISK;deal closed pnl=75.90 streak=0 lock=0
2026.05.19 16:30:00;VETO;outlier bar masked, z=5.0
2026.05.19 16:45:00;VETO;outlier bar masked, z=4.1
2026.05.19 17:00:00;VETO;outlier bar masked, z=5.3
2026.05.20 04:30:00;VETO;outlier bar masked, z=3.7
2026.05.20 10:15:00;DECISION;setup LONG score=0.65 entry=4481.63 inv=4456.64 tgt=0.00 AWAIT-RETEST [CHoCH long lvl=4479.21|RelVol=1.19|Retest@4481.63|VPnode d=1.77|VWAPside]
2026.05.20 10:30:00;VETO;authorization denied: outside session window (server hour 10, window 12-20)
2026.05.20 10:45:00;VETO;authorization denied: outside session window (server hour 10, window 12-20)
2026.05.20 11:00:00;VETO;authorization denied: outside session window (server hour 11, window 12-20)
2026.05.20 11:15:00;VETO;authorization denied: outside session window (server hour 11, window 12-20)
2026.05.20 13:45:00;VETO;signal rejected: volume: relVol 0.93 < 1.00
2026.05.20 16:30:00;VETO;signal rejected: volume: relVol 0.95 < 1.00
2026.05.20 17:30:00;VETO;outlier bar masked, z=6.5
2026.05.20 18:30:00;VETO;outlier bar masked, z=4.3
2026.05.20 22:00:00;VETO;signal rejected: volume: relVol 0.99 < 1.00
2026.05.21 04:15:00;VETO;signal rejected: volume: relVol 0.97 < 1.00
2026.05.21 05:45:00;DECISION;setup SHORT score=0.85 entry=4534.78 inv=4570.94 tgt=0.00 AWAIT-RETEST [CHoCH short lvl=4537.29|RelVol=1.15|Retest@4534.78|VPnode d=0.58|VWAPside|CycleTurn w=-0.02<-0.83]
2026.05.21 06:00:00;VETO;authorization denied: outside session window (server hour 06, window 12-20)
2026.05.21 06:15:00;VETO;authorization denied: outside session window (server hour 06, window 12-20)
2026.05.21 06:30:00;VETO;authorization denied: outside session window (server hour 06, window 12-20)
2026.05.21 06:45:00;VETO;authorization denied: outside session window (server hour 06, window 12-20)
2026.05.21 07:00:00;DECISION;setup SHORT score=0.65 entry=4528.26 inv=4570.94 tgt=0.00 [BOS short lvl=4531.50|RelVol=1.06|VPnode d=3.54|VWAPside]
2026.05.21 07:00:00;VETO;authorization denied: outside session window (server hour 07, window 12-20)
2026.05.21 07:15:00;VETO;authorization denied: outside session window (server hour 07, window 12-20)
2026.05.21 07:30:00;VETO;authorization denied: outside session window (server hour 07, window 12-20)
2026.05.21 07:45:00;VETO;authorization denied: outside session window (server hour 07, window 12-20)
2026.05.21 08:30:00;VETO;signal rejected: score 0.50 < 0.55 [BOS short lvl=4527.27|RelVol=1.17|VPnear|VWAPside]
2026.05.21 10:30:00;VETO;signal rejected: volume: relVol 0.99 < 1.00
2026.05.21 13:30:00;VETO;outlier bar masked, z=4.5
2026.05.21 14:00:00;DECISION;setup SHORT score=0.70 entry=4511.49 inv=4542.96 tgt=0.00 [BOS short lvl=4511.83|RelVol=1.57|VPnear|VWAPside|CycleTurn w=-0.58<-0.41]
2026.05.21 14:00:00;DECISION;TP capped 62.94000 -> 47.20500 (3.0xATR)
2026.05.21 14:00:00;ORDER;filled SELL 0.02 lots sl=4542.96 tp=4464.28 [WT|BOS|0.70]
2026.05.21 14:00:00;RISK;sizing: vol_ratio=1.06 scalar=1.00 gap_buf=4.96607 eff_stop=36.43607
2026.05.21 14:00:00;ORDER;entry fill deal #145 SELL 0.02 @ 4511.49000
2026.05.21 16:00:00;VETO;signal rejected: score 0.50 < 0.55 [BOS short lvl=4505.02|RelVol=1.02|VPnear|VWAPside]
2026.05.21 17:00:00;VETO;outlier bar masked, z=4.3
2026.05.21 19:15:00;VETO;signal rejected: score 0.40 < 0.55 [CHoCH long lvl=4515.33|RelVol=1.16|Retest@4518.13|VPnear]
2026.05.21 20:15:00;DECISION;setup LONG score=0.60 entry=4526.36 inv=4496.69 tgt=0.00 [BOS long lvl=4520.84|RelVol=1.21|VPnear|VWAPside|ADX=34]
2026.05.21 20:15:00;VETO;authorization denied: outside session window (server hour 20, window 12-20)
2026.05.21 20:20:40;RISK;deal closed pnl=-62.94 streak=1 lock=0
2026.05.21 20:30:00;VETO;authorization denied: outside session window (server hour 20, window 12-20)
2026.05.21 20:45:00;VETO;authorization denied: outside session window (server hour 20, window 12-20)
2026.05.21 21:00:00;VETO;authorization denied: outside session window (server hour 21, window 12-20)
2026.05.22 04:00:00;VETO;signal rejected: volume: relVol 0.82 < 1.00
2026.05.22 08:45:00;VETO;signal rejected: volume: relVol 0.85 < 1.00
2026.05.22 09:00:00;VETO;outlier bar masked, z=6.7
2026.05.22 13:00:00;VETO;signal rejected: volume: relVol 0.85 < 1.00
2026.05.22 13:45:00;DECISION;setup SHORT score=0.65 entry=4512.79 inv=4531.23 tgt=0.00 AWAIT-RETEST [CHoCH short lvl=4514.88|RelVol=1.01|Retest@4512.79|VPnode d=5.61|VWAPside]
2026.05.22 13:45:00;DECISION;TP capped 36.87036 -> 27.65277 (3.0xATR)
2026.05.22 13:45:00;ORDER;limit SELL 0.04 @ 4512.79 sl=4531.23 tp=4485.14 rc=10009 [WT|CHOCH|0.65|RL]
2026.05.22 13:45:00;RISK;sizing: vol_ratio=0.94 scalar=1.00 gap_buf=4.17036 eff_stop=22.60554
2026.05.22 13:45:40;ORDER;entry fill deal #147 SELL 0.04 @ 4512.79000
2026.05.22 15:19:40;RISK;deal closed pnl=-73.76 streak=1 lock=0
2026.05.22 17:00:00;VETO;signal rejected: volume: relVol 1.00 < 1.00
2026.05.22 22:15:00;VETO;signal rejected: score 0.50 < 0.55 [BOS short lvl=4511.96|RelVol=1.07|VPnear|VWAPside]
2026.05.25 01:15:00;VETO;outlier bar masked, z=13.3
2026.05.25 06:45:00;VETO;signal rejected: volume: relVol 0.83 < 1.00
2026.05.25 08:30:00;VETO;signal rejected: volume: relVol 0.69 < 1.00
2026.05.25 12:45:00;VETO;signal rejected: volume: relVol 0.68 < 1.00
2026.05.25 14:45:00;VETO;signal rejected: volume: relVol 0.56 < 1.00
2026.05.25 15:15:00;VETO;signal rejected: volume: relVol 0.77 < 1.00
2026.05.25 18:30:00;VETO;signal rejected: volume: relVol 0.54 < 1.00
2026.05.25 20:45:00;VETO;signal rejected: volume: relVol 0.30 < 1.00
2026.05.26 02:15:00;VETO;signal rejected: volume: relVol 0.98 < 1.00
2026.05.26 02:45:00;DECISION;setup SHORT score=0.70 entry=4561.91 inv=4577.98 tgt=0.00 AWAIT-RETEST [CHoCH short lvl=4563.29|RelVol=1.64|Retest@4561.91|VPnear|VWAPside|CycleTurn w=0.56<-0.98]
2026.05.26 03:00:00;VETO;authorization denied: outside session window (server hour 03, window 12-20)
2026.05.26 03:15:00;VETO;authorization denied: outside session window (server hour 03, window 12-20)
2026.05.26 03:30:00;VETO;authorization denied: outside session window (server hour 03, window 12-20)
2026.05.26 03:45:00;VETO;authorization denied: outside session window (server hour 03, window 12-20)
2026.05.26 04:45:00;VETO;outlier bar masked, z=4.0
2026.05.26 07:45:00;VETO;signal rejected: volume: relVol 0.84 < 1.00
2026.05.26 11:00:00;VETO;signal rejected: volume: relVol 0.98 < 1.00
2026.05.26 11:30:00;VETO;signal rejected: volume: relVol 0.79 < 1.00
2026.05.26 14:45:00;VETO;outlier bar masked, z=4.8
2026.05.26 18:30:00;VETO;signal rejected: volume: relVol 0.79 < 1.00
2026.05.26 20:45:00;DECISION;setup SHORT score=0.60 entry=4498.56 inv=4511.26 tgt=0.00 [BOS short lvl=4499.78|RelVol=1.01|VPnear|VWAPside|ADX=32]
2026.05.26 20:45:00;VETO;authorization denied: outside session window (server hour 20, window 12-20)
2026.05.26 21:00:00;VETO;authorization denied: outside session window (server hour 21, window 12-20)
2026.05.26 21:15:00;VETO;authorization denied: outside session window (server hour 21, window 12-20)
2026.05.26 21:30:00;VETO;authorization denied: outside session window (server hour 21, window 12-20)
2026.05.27 01:15:00;VETO;outlier bar masked, z=8.5
2026.05.27 07:00:00;VETO;signal rejected: volume: relVol 0.66 < 1.00
2026.05.27 08:45:00;DECISION;setup SHORT score=0.65 entry=4493.48 inv=4517.29 tgt=0.00 [BOS short lvl=4495.82|RelVol=1.22|VPnode d=4.92|VWAPside]
2026.05.27 08:45:00;VETO;authorization denied: outside session window (server hour 08, window 12-20)
2026.05.27 09:00:00;VETO;authorization denied: outside session window (server hour 09, window 12-20)
2026.05.27 09:15:00;VETO;authorization denied: outside session window (server hour 09, window 12-20)
2026.05.27 09:30:00;VETO;authorization denied: outside session window (server hour 09, window 12-20)
2026.05.27 13:45:00;DECISION;setup SHORT score=0.70 entry=4473.71 inv=4498.76 tgt=0.00 AWAIT-RETEST [BOS short lvl=4475.72|RelVol=1.24|Retest@4473.71|VPnear|VWAPside|CycleTurn w=-0.17<-0.81]
2026.05.27 13:45:00;DECISION;TP capped 50.09107 -> 37.56830 (3.0xATR)
2026.05.27 13:45:00;ORDER;limit SELL 0.03 @ 4473.71 sl=4498.76 tp=4436.15 rc=10009 [WT|BOS|0.70|RL]
2026.05.27 13:45:00;RISK;sizing: vol_ratio=0.93 scalar=1.00 gap_buf=4.01107 eff_stop=29.05661
2026.05.27 14:00:00;VETO;outlier bar masked, z=5.4
2026.05.27 15:00:00;VETO;outlier bar masked, z=3.8
2026.05.27 15:30:00;VETO;outlier bar masked, z=10.1
2026.05.27 16:15:00;VETO;outlier bar masked, z=6.2
2026.05.27 16:30:00;VETO;outlier bar masked, z=3.7
2026.05.27 16:45:00;VETO;outlier bar masked, z=4.1
2026.05.27 17:15:00;VETO;outlier bar masked, z=6.2
2026.05.27 17:45:00;ORDER;cancelled 1 pending: setup expired/invalidated
2026.05.27 21:30:00;VETO;signal rejected: volume: relVol 0.73 < 1.00
2026.05.28 01:30:00;VETO;signal rejected: volume: relVol 0.70 < 1.00
2026.05.28 03:00:00;VETO;signal rejected: volume: relVol 0.91 < 1.00
2026.05.28 04:15:00;VETO;outlier bar masked, z=4.0
2026.05.28 04:30:00;VETO;outlier bar masked, z=4.7
2026.05.28 12:30:00;VETO;signal rejected: volume: relVol 0.91 < 1.00
2026.05.28 14:00:00;DECISION;setup SHORT score=0.70 entry=4383.66 inv=4404.14 tgt=0.00 AWAIT-RETEST [CHoCH short lvl=4385.88|RelVol=1.13|Retest@4383.66|VPnear|VWAPside|CycleTurn w=0.98<-1.00]
2026.05.28 14:00:00;DECISION;TP capped 40.95607 -> 30.71705 (3.0xATR)
2026.05.28 14:00:00;ORDER;limit SELL 0.04 @ 4383.66 sl=4404.14 tp=4352.94 rc=10009 [WT|CHOCH|0.70|RL]
2026.05.28 14:00:00;RISK;sizing: vol_ratio=0.86 scalar=1.00 gap_buf=4.43607 eff_stop=24.91411
2026.05.28 14:00:20;ORDER;entry fill deal #149 SELL 0.04 @ 4383.66000
2026.05.28 15:46:40;RISK;deal closed pnl=-81.92 streak=1 lock=0
2026.05.28 16:00:00;VETO;outlier bar masked, z=5.9
2026.05.28 17:15:00;VETO;outlier bar masked, z=8.9
2026.05.29 01:00:00;VETO;signal rejected: volume: relVol 0.69 < 1.00
2026.05.29 04:15:00;VETO;outlier bar masked, z=3.7
2026.05.29 10:00:00;VETO;signal rejected: volume: relVol 0.88 < 1.00
2026.05.29 12:15:00;VETO;signal rejected: score 0.50 < 0.55 [BOS long lvl=4526.21|RelVol=1.03|VPnear|VWAPside]
2026.05.29 17:15:00;VETO;signal rejected: volume: relVol 0.97 < 1.00
2026.05.29 18:00:00;VETO;outlier bar masked, z=6.3
2026.05.29 18:15:00;VETO;outlier bar masked, z=5.4
2026.05.29 20:45:00;VETO;signal rejected: volume: relVol 0.96 < 1.00
2026.06.01 01:00:00;VETO;signal rejected: volume: relVol 1.00 < 1.00
2026.06.01 01:15:00;VETO;outlier bar masked, z=8.1
2026.06.01 09:45:00;VETO;signal rejected: volume: relVol 0.84 < 1.00
2026.06.01 14:30:00;VETO;signal rejected: volume: relVol 0.77 < 1.00
2026.06.01 16:15:00;VETO;outlier bar masked, z=7.3
2026.06.01 16:30:00;VETO;outlier bar masked, z=5.7
2026.06.01 17:00:00;VETO;outlier bar masked, z=3.7
2026.06.01 20:00:00;VETO;signal rejected: volume: relVol 0.98 < 1.00
2026.06.02 02:30:00;VETO;signal rejected: volume: relVol 0.42 < 1.00
2026.06.02 03:30:00;VETO;signal rejected: volume: relVol 0.84 < 1.00
2026.06.02 05:00:00;DECISION;setup SHORT score=0.85 entry=4474.27 inv=4497.22 tgt=0.00 AWAIT-RETEST [CHoCH short lvl=4476.60|RelVol=1.08|Retest@4474.27|VPnode d=6.33|VWAPside|CycleTurn w=-0.07<-0.91]
2026.06.02 05:15:00;VETO;authorization denied: outside session window (server hour 05, window 12-20)
2026.06.02 05:30:00;VETO;authorization denied: outside session window (server hour 05, window 12-20)
2026.06.02 05:45:00;VETO;authorization denied: outside session window (server hour 05, window 12-20)
2026.06.02 06:00:00;VETO;authorization denied: outside session window (server hour 06, window 12-20)
2026.06.02 07:00:00;VETO;signal rejected: volume: relVol 0.70 < 1.00
2026.06.02 12:00:00;VETO;signal rejected: volume: relVol 0.72 < 1.00
2026.06.02 16:00:00;VETO;signal rejected: volume: relVol 0.78 < 1.00
2026.06.02 19:45:00;VETO;signal rejected: volume: relVol 0.81 < 1.00
2026.06.02 20:45:00;VETO;signal rejected: volume: relVol 0.89 < 1.00
2026.06.02 21:45:00;VETO;signal rejected: volume: relVol 1.00 < 1.00
2026.06.03 02:15:00;DECISION;setup SHORT score=0.80 entry=4477.43 inv=4493.12 tgt=0.00 [BOS short lvl=4480.04|RelVol=1.43|VPnear|VWAPside|CycleTurn w=0.97<-1.00|ADX=56]
2026.06.03 02:15:00;VETO;authorization denied: outside session window (server hour 02, window 12-20)
2026.06.03 02:30:00;VETO;authorization denied: outside session window (server hour 02, window 12-20)
2026.06.03 02:45:00;VETO;authorization denied: outside session window (server hour 02, window 12-20)
2026.06.03 03:00:00;VETO;authorization denied: outside session window (server hour 03, window 12-20)
2026.06.03 03:45:00;VETO;signal rejected: volume: relVol 0.77 < 1.00
2026.06.03 04:15:00;VETO;outlier bar masked, z=4.2
2026.06.03 08:45:00;VETO;signal rejected: volume: relVol 0.87 < 1.00
2026.06.03 10:30:00;VETO;signal rejected: volume: relVol 0.94 < 1.00
2026.06.03 13:15:00;VETO;outlier bar masked, z=5.1
2026.06.03 16:45:00;VETO;outlier bar masked, z=4.7
2026.06.03 17:00:00;VETO;outlier bar masked, z=4.3
2026.06.03 22:15:00;VETO;signal rejected: score 0.30 < 0.55 [CHoCH long lvl=4448.40|RelVol=1.25|Retest@4449.87]
2026.06.04 01:15:00;DECISION;setup SHORT score=0.85 entry=4433.80 inv=4452.24 tgt=0.00 AWAIT-RETEST [CHoCH short lvl=4435.30|RelVol=1.05|Retest@4433.80|VPnode d=1.30|VWAPside|CycleTurn w=0.98<-1.00]
2026.06.04 01:30:00;VETO;authorization denied: outside session window (server hour 01, window 12-20)
2026.06.04 01:45:00;VETO;authorization denied: outside session window (server hour 01, window 12-20)
2026.06.04 02:00:00;VETO;authorization denied: outside session window (server hour 02, window 12-20)
2026.06.04 02:15:00;VETO;authorization denied: outside session window (server hour 02, window 12-20)
2026.06.04 02:45:00;DECISION;setup LONG score=0.65 entry=4454.06 inv=4424.02 tgt=0.00 AWAIT-RETEST [CHoCH long lvl=4452.24|RelVol=1.08|Retest@4454.06|VPnode d=0.14|VWAPside]
2026.06.04 03:00:00;VETO;authorization denied: outside session window (server hour 03, window 12-20)
2026.06.04 03:15:00;VETO;authorization denied: outside session window (server hour 03, window 12-20)
2026.06.04 03:30:00;VETO;authorization denied: outside session window (server hour 03, window 12-20)
2026.06.04 03:45:00;VETO;authorization denied: outside session window (server hour 03, window 12-20)
2026.06.04 04:15:00;VETO;outlier bar masked, z=4.3
2026.06.04 04:30:00;VETO;signal rejected: volume: relVol 0.91 < 1.00
2026.06.04 06:00:00;DECISION;setup LONG score=0.65 entry=4475.03 inv=4455.57 tgt=0.00 [BOS long lvl=4473.47|RelVol=1.04|VPnode d=6.03|VWAPside]
2026.06.04 06:00:00;VETO;authorization denied: outside session window (server hour 06, window 12-20)
2026.06.04 06:15:00;VETO;authorization denied: outside session window (server hour 06, window 12-20)
2026.06.04 06:30:00;VETO;authorization denied: outside session window (server hour 06, window 12-20)
2026.06.04 06:45:00;VETO;authorization denied: outside session window (server hour 06, window 12-20)
2026.06.04 07:45:00;VETO;signal rejected: score 0.50 < 0.55 [BOS long lvl=4477.27|RelVol=1.18|VPnear|VWAPside]
2026.06.04 13:00:00;DECISION;setup LONG score=0.85 entry=4470.43 inv=4458.56 tgt=0.00 [BOS long lvl=4469.48|RelVol=1.02|VPnode d=4.97|VWAPside|CycleTurn w=-0.84<--0.96]
2026.06.04 13:00:00;DECISION;TP capped 23.82000 -> 21.99429 (3.0xATR)
2026.06.04 13:00:00;ORDER;filled BUY 0.06 lots sl=4458.56 tp=4492.46 [WT|BOS|0.85]
2026.06.04 13:00:00;RISK;sizing: vol_ratio=0.79 scalar=1.00 gap_buf=3.66571 eff_stop=15.57571
2026.06.04 13:00:00;ORDER;entry fill deal #151 BUY 0.06 @ 4470.47000
2026.06.04 14:26:40;MANAGE;#152 SL 4458.56 -> 4470.51 breakeven
2026.06.04 14:26:40;MANAGE;#152 partial close 0.03 of 0.06 lots
2026.06.04 14:26:40;RISK;deal closed pnl=51.18 streak=0 lock=0
2026.06.04 14:26:59;MANAGE;#152 SL 4470.51 -> 4472.54 trail
2026.06.04 14:27:40;MANAGE;#152 SL 4472.54 -> 4477.94 trail
2026.06.04 14:30:00;DECISION;setup LONG score=0.75 entry=4477.67 inv=4458.56 tgt=0.00 AWAIT-RETEST [BOS long lvl=4475.69|RelVol=1.28|Retest@4477.67|VPnode d=2.47|VWAPside|ADX=36]
2026.06.04 14:30:00;VETO;retest limit risk veto: max positions
2026.06.04 14:45:40;RISK;deal closed pnl=65.97 streak=0 lock=0
2026.06.04 15:00:00;VETO;outlier bar masked, z=5.1
2026.06.04 15:15:00;VETO;outlier bar masked, z=4.8
2026.06.04 17:00:00;VETO;outlier bar masked, z=4.0
2026.06.05 02:45:00;VETO;signal rejected: volume: relVol 0.81 < 1.00
2026.06.05 04:45:00;VETO;signal rejected: volume: relVol 0.91 < 1.00
2026.06.05 09:15:00;VETO;signal rejected: volume: relVol 0.99 < 1.00
2026.06.05 09:30:00;VETO;outlier bar masked, z=3.6
2026.06.05 10:00:00;VETO;signal rejected: volume: relVol 0.91 < 1.00
2026.06.05 15:00:00;VETO;signal rejected: volume: relVol 0.98 < 1.00
2026.06.05 15:45:00;VETO;outlier bar masked, z=6.1
2026.06.05 16:00:00;VETO;outlier bar masked, z=11.6
2026.06.05 16:15:00;VETO;outlier bar masked, z=4.1
2026.06.05 16:45:00;VETO;outlier bar masked, z=4.6
2026.06.05 17:00:00;VETO;outlier bar masked, z=5.2
2026.06.05 18:00:00;VETO;outlier bar masked, z=4.0
2026.06.05 18:45:00;VETO;signal rejected: score 0.50 < 0.55 [BOS short lvl=4344.56|RelVol=1.46|VWAPside|ADX=50]
2026.06.05 20:00:00;VETO;outlier bar masked, z=3.5
2026.06.05 21:15:00;VETO;outlier bar masked, z=3.6
2026.06.08 01:15:00;VETO;outlier bar masked, z=5.9
2026.06.08 02:45:00;VETO;signal rejected: score 0.50 < 0.55 [CHoCH long lvl=4337.34|RelVol=1.27|Retest@4340.16|VPnear|VWAPside]
2026.06.08 04:45:00;VETO;outlier bar masked, z=5.3
2026.06.08 08:45:00;VETO;outlier bar masked, z=9.2
2026.06.08 14:15:00;DECISION;setup LONG score=0.65 entry=4319.85 inv=4273.03 tgt=0.00 AWAIT-RETEST [CHoCH long lvl=4317.12|RelVol=1.31|Retest@4319.85|VPnode d=0.45|VWAPside]
2026.06.08 14:15:00;DECISION;TP capped 93.63036 -> 70.22277 (3.0xATR)
2026.06.08 14:15:00;ERROR;limit BUY 0.02 @ 4319.85 sl=4273.03 tp=4390.07 rc=10015 [WT|CHOCH|0.65|RL]
2026.06.08 14:30:00;DECISION;TP capped 104.60000 -> 78.45000 (3.0xATR)
2026.06.08 14:30:00;ORDER;filled BUY 0.01 lots sl=4273.03 tp=4403.78 [WT|CHOCH|0.65]
2026.06.08 14:30:00;RISK;sizing: vol_ratio=0.95 scalar=1.00 gap_buf=5.81179 eff_stop=58.11179
2026.06.08 14:30:00;ORDER;entry fill deal #154 BUY 0.01 @ 4325.33000
2026.06.08 17:15:00;DECISION;setup SHORT score=0.75 entry=4316.89 inv=4339.46 tgt=0.00 AWAIT-RETEST [CHoCH short lvl=4320.21|RelVol=1.17|Retest@4316.89|VPnode d=8.81|CycleTurn w=0.94<-0.98]
2026.06.08 17:15:00;VETO;retest limit risk veto: max positions
2026.06.08 17:30:00;VETO;risk veto: max positions
2026.06.08 22:15:00;VETO;signal rejected: volume: relVol 0.98 < 1.00
2026.06.09 02:30:00;VETO;signal rejected: volume: relVol 0.81 < 1.00
2026.06.09 04:30:00;DECISION;setup LONG score=0.70 entry=4333.83 inv=4312.79 tgt=0.00 AWAIT-RETEST [CHoCH long lvl=4332.09|RelVol=1.17|Retest@4333.83|VPnear|VWAPside|CycleTurn w=-0.81<--0.98]
2026.06.09 04:45:00;VETO;authorization denied: outside session window (server hour 04, window 12-20)
2026.06.09 05:00:00;VETO;authorization denied: outside session window (server hour 05, window 12-20)
2026.06.09 05:15:00;VETO;authorization denied: outside session window (server hour 05, window 12-20)
2026.06.09 05:30:00;VETO;authorization denied: outside session window (server hour 05, window 12-20)
2026.06.09 08:45:00;DECISION;setup LONG score=0.85 entry=4344.12 inv=4324.19 tgt=0.00 AWAIT-RETEST [BOS long lvl=4342.22|RelVol=1.18|Retest@4344.12|VPnode d=3.52|VWAPside|CycleTurn w=-0.88<--1.00]
2026.06.09 09:00:00;VETO;authorization denied: outside session window (server hour 09, window 12-20)
2026.06.09 09:15:00;VETO;authorization denied: outside session window (server hour 09, window 12-20)
2026.06.09 09:30:00;VETO;authorization denied: outside session window (server hour 09, window 12-20)
2026.06.09 09:45:00;VETO;authorization denied: outside session window (server hour 09, window 12-20)
2026.06.09 14:00:00;VETO;signal rejected: volume: relVol 0.88 < 1.00
2026.06.09 15:15:00;VETO;signal rejected: volume: relVol 0.84 < 1.00
2026.06.09 17:00:00;VETO;outlier bar masked, z=10.6
2026.06.09 17:15:00;DECISION;setup SHORT score=0.65 entry=4322.25 inv=4340.74 tgt=0.00 AWAIT-RETEST [CHoCH short lvl=4324.15|RelVol=1.27|Retest@4322.25|VPnode d=3.55|VWAPside]
2026.06.09 17:15:00;VETO;retest limit risk veto: max positions
2026.06.09 17:30:00;VETO;outlier bar masked, z=3.6
2026.06.09 17:45:00;VETO;outlier bar masked, z=10.1
2026.06.09 18:00:00;VETO;outlier bar masked, z=5.2
2026.06.09 18:30:00;VETO;outlier bar masked, z=4.3
2026.06.09 18:31:40;RISK;deal closed pnl=-52.43 streak=1 lock=0
2026.06.09 18:45:00;VETO;outlier bar masked, z=4.0
2026.06.09 19:15:00;VETO;outlier bar masked, z=5.3
2026.06.09 19:45:00;VETO;outlier bar masked, z=8.3
2026.06.10 02:15:00;DECISION;setup SHORT score=0.95 entry=4236.04 inv=4274.27 tgt=0.00 [BOS short lvl=4236.55|RelVol=1.56|VPnode d=4.76|VWAPside|CycleTurn w=0.64<-0.97|ADX=51]
2026.06.10 02:15:00;VETO;authorization denied: outside session window (server hour 02, window 12-20)
2026.06.10 02:30:00;VETO;authorization denied: outside session window (server hour 02, window 12-20)
2026.06.10 02:45:00;VETO;authorization denied: outside session window (server hour 02, window 12-20)
2026.06.10 03:00:00;VETO;authorization denied: outside session window (server hour 03, window 12-20)
2026.06.10 03:45:00;VETO;outlier bar masked, z=3.7
2026.06.10 04:00:00;VETO;outlier bar masked, z=3.6
2026.06.10 04:15:00;VETO;outlier bar masked, z=6.0
2026.06.10 08:45:00;VETO;signal rejected: score 0.30 < 0.55 [CHoCH long lvl=4187.27|RelVol=1.47|Retest@4189.65]
2026.06.10 11:15:00;VETO;outlier bar masked, z=3.5
2026.06.10 13:15:00;DECISION;setup SHORT score=0.75 entry=4161.06 inv=4221.87 tgt=0.00 [BOS short lvl=4161.35|RelVol=1.40|VPnode d=4.14|VWAPside|ADX=39]
2026.06.10 13:15:00;DECISION;TP capped 121.62000 -> 91.21500 (3.0xATR)
2026.06.10 13:15:00;ORDER;filled SELL 0.01 lots sl=4221.87 tp=4069.85 [WT|BOS|0.75]
2026.06.10 13:15:00;RISK;sizing: vol_ratio=1.03 scalar=1.00 gap_buf=6.16893 eff_stop=66.97893
2026.06.10 13:15:00;ORDER;entry fill deal #156 SELL 0.01 @ 4161.06000
2026.06.10 14:45:00;DECISION;setup SHORT score=0.65 entry=4154.49 inv=4178.68 tgt=0.00 [BOS short lvl=4155.70|RelVol=1.74|VPnode d=5.31|VWAPside]
2026.06.10 14:45:00;DECISION;TP capped 48.38000 -> 37.47429 (3.0xATR)
2026.06.10 14:45:00;VETO;risk veto: max positions
2026.06.10 15:45:00;VETO;outlier bar masked, z=4.6
2026.06.10 16:45:00;VETO;outlier bar masked, z=4.4
2026.06.10 18:00:00;VETO;outlier bar masked, z=4.1
2026.06.10 20:45:00;VETO;signal rejected: score 0.50 < 0.55 [BOS short lvl=4106.82|RelVol=1.48|VWAPside|ADX=43]
2026.06.10 21:50:40;MANAGE;#157 SL 4221.87 -> 4161.02 breakeven
2026.06.10 21:50:59;MANAGE;#157 SL 4161.02 -> 4122.73 trail
2026.06.10 22:01:20;MANAGE;#157 SL 4122.73 -> 4122.41 trail
2026.06.10 22:02:40;MANAGE;#157 SL 4122.41 -> 4121.50 trail
2026.06.10 22:04:40;MANAGE;#157 SL 4121.50 -> 4119.11 trail
2026.06.10 22:05:20;MANAGE;#157 SL 4119.11 -> 4118.66 trail
2026.06.10 22:09:40;MANAGE;#157 SL 4118.66 -> 4118.07 trail
2026.06.10 22:10:40;MANAGE;#157 SL 4118.07 -> 4115.86 trail
2026.06.10 22:11:40;MANAGE;#157 SL 4115.86 -> 4112.86 trail
2026.06.10 22:12:40;MANAGE;#157 SL 4112.86 -> 4111.76 trail
2026.06.10 22:13:20;MANAGE;#157 SL 4111.76 -> 4110.79 trail
2026.06.10 22:14:40;MANAGE;#157 SL 4110.79 -> 4110.45 trail
2026.06.10 22:15:00;VETO;signal rejected: score 0.50 < 0.55 [BOS short lvl=4100.82|RelVol=1.75|Retest@4097.82|VWAPside|ADX=43]
2026.06.10 22:23:40;MANAGE;#157 SL 4110.45 -> 4106.59 trail
2026.06.10 22:25:40;MANAGE;#157 SL 4106.59 -> 4106.30 trail
2026.06.10 22:26:20;MANAGE;#157 SL 4106.30 -> 4106.12 trail
2026.06.10 22:27:20;MANAGE;#157 SL 4106.12 -> 4105.66 trail
2026.06.10 22:35:40;MANAGE;#157 SL 4105.66 -> 4105.13 trail
2026.06.10 22:36:40;MANAGE;#157 SL 4105.13 -> 4104.30 trail
2026.06.10 22:58:20;MANAGE;#157 SL 4104.30 -> 4103.61 trail
2026.06.11 01:00:00;RISK;deal closed pnl=91.07 streak=0 lock=0
2026.06.11 01:15:00;VETO;outlier bar masked, z=5.8
2026.06.11 02:15:00;VETO;outlier bar masked, z=4.1
2026.06.11 02:30:00;VETO;outlier bar masked, z=6.3
2026.06.11 10:30:00;VETO;signal rejected: score 0.50 < 0.55 [CHoCH long lvl=4106.28|RelVol=1.47|Retest@4109.11|VPnear|VWAPside]
2026.06.11 15:15:00;VETO;signal rejected: score 0.40 < 0.55 [CHoCH short lvl=4077.37|RelVol=1.20|Retest@4075.18|VWAPside]
2026.06.11 19:15:00;DECISION;setup LONG score=0.65 entry=4096.65 inv=4052.88 tgt=0.00 AWAIT-RETEST [CHoCH long lvl=4092.57|RelVol=1.71|Retest@4096.65|VPnode d=0.35|VWAPside]
2026.06.11 19:15:00;DECISION;TP capped 87.53036 -> 65.64777 (3.0xATR)
2026.06.11 19:15:00;ORDER;limit BUY 0.02 @ 4096.65 sl=4052.88 tp=4162.29 rc=10009 [WT|CHOCH|0.65|RL]
2026.06.11 19:15:00;RISK;sizing: vol_ratio=1.11 scalar=1.00 gap_buf=8.15036 eff_stop=51.91554
2026.06.11 19:18:40;ORDER;entry fill deal #158 BUY 0.02 @ 4096.65000
2026.06.11 20:33:40;MANAGE;#159 SL 4052.88 -> 4096.69 breakeven
2026.06.11 20:33:40;MANAGE;#159 partial close 0.01 of 0.02 lots
2026.06.11 20:33:40;RISK;deal closed pnl=47.34 streak=0 lock=0
2026.06.11 20:33:59;MANAGE;#159 SL 4096.69 -> 4105.25 trail
2026.06.11 20:34:40;MANAGE;#159 SL 4105.25 -> 4116.11 trail
2026.06.11 20:36:20;MANAGE;#159 SL 4116.11 -> 4119.42 trail
2026.06.11 20:39:40;MANAGE;#159 SL 4119.42 -> 4121.13 trail
2026.06.11 20:40:40;MANAGE;#159 SL 4121.13 -> 4121.89 trail
2026.06.11 20:41:40;RISK;deal closed pnl=65.64 streak=0 lock=0
2026.06.11 20:45:00;VETO;outlier bar masked, z=9.5
2026.06.11 22:15:00;VETO;signal rejected: score 0.50 < 0.55 [BOS long lvl=4169.99|RelVol=2.11|Retest@4174.21|VWAPside|ADX=31]
2026.06.12 01:45:00;DECISION;setup LONG score=0.75 entry=4225.81 inv=4071.98 tgt=0.00 [BOS long lvl=4219.93|RelVol=1.58|VPnode d=11.41|VWAPside|ADX=50]
2026.06.12 01:45:00;VETO;authorization denied: outside session window (server hour 01, window 12-20)
2026.06.12 02:00:00;VETO;authorization denied: outside session window (server hour 02, window 12-20)
2026.06.12 02:15:00;VETO;authorization denied: outside session window (server hour 02, window 12-20)
2026.06.12 02:30:00;VETO;authorization denied: outside session window (server hour 02, window 12-20)
2026.06.12 06:30:00;DECISION;setup LONG score=0.60 entry=4203.44 inv=4171.42 tgt=0.00 [BOS long lvl=4200.07|RelVol=1.41|VPnear|CycleTurn w=-0.99<--0.99]
2026.06.12 06:30:00;VETO;authorization denied: outside session window (server hour 06, window 12-20)
2026.06.12 06:45:00;VETO;authorization denied: outside session window (server hour 06, window 12-20)
2026.06.12 07:00:00;VETO;authorization denied: outside session window (server hour 07, window 12-20)
2026.06.12 07:15:00;VETO;authorization denied: outside session window (server hour 07, window 12-20)
2026.06.12 11:30:00;DECISION;setup LONG score=0.95 entry=4213.06 inv=4170.16 tgt=0.00 [BOS long lvl=4204.95|RelVol=1.80|VPnode d=8.66|VWAPside|CycleTurn w=0.40<--0.63|ADX=31]
2026.06.12 11:30:00;VETO;authorization denied: outside session window (server hour 11, window 12-20)
2026.06.12 11:45:00;VETO;authorization denied: outside session window (server hour 11, window 12-20)
2026.06.12 12:00:00;DECISION;TP capped 99.04000 -> 74.28000 (3.0xATR)
2026.06.12 12:00:00;ORDER;filled BUY 0.01 lots sl=4170.16 tp=4293.96 [WT|BOS|0.95]
2026.06.12 12:00:00;RISK;sizing: vol_ratio=0.89 scalar=1.00 gap_buf=6.04464 eff_stop=55.56464
2026.06.12 12:00:00;ORDER;entry fill deal #161 BUY 0.01 @ 4219.68000
2026.06.12 14:30:00;VETO;signal rejected: score 0.50 < 0.55 [CHoCH short lvl=4202.79|RelVol=1.07|Retest@4200.12|VPnear|VWAPside]
2026.06.12 15:45:00;VETO;signal rejected: volume: relVol 0.94 < 1.00
2026.06.12 18:00:00;VETO;outlier bar masked, z=3.7
2026.06.12 18:15:00;DECISION;setup LONG score=0.85 entry=4213.61 inv=4193.21 tgt=0.00 AWAIT-RETEST [CHoCH long lvl=4210.21|RelVol=1.13|Retest@4213.61|StopFloored|VPnode d=2.61|VWAPside|CycleTurn w=-0.89<--0.99]
2026.06.12 18:15:00;VETO;retest limit risk veto: max positions
2026.06.12 18:30:00;DECISION;TP capped 65.25643 -> 48.94232 (3.0xATR)
2026.06.12 18:30:00;VETO;risk veto: max positions
2026.06.12 22:00:00;RISK;FLATTEN ALL: Friday flatten: weekend gap protection
2026.06.12 22:00:00;RISK;deal closed pnl=-4.05 streak=1 lock=0
2026.06.15 01:15:00;VETO;outlier bar masked, z=16.9
2026.06.15 04:45:00;DECISION;setup LONG score=0.65 entry=4310.77 inv=4201.86 tgt=0.00 AWAIT-RETEST [BOS long lvl=4308.14|RelVol=1.03|Retest@4310.77|VPnode d=4.17|VWAPside]
2026.06.15 08:45:00;VETO;signal rejected: volume: relVol 0.88 < 1.00
2026.06.15 11:45:00;DECISION;setup LONG score=0.85 entry=4335.28 inv=4300.80 tgt=0.00 AWAIT-RETEST [CHoCH long lvl=4332.99|RelVol=1.15|Retest@4335.28|VPnode d=1.88|VWAPside|CycleTurn w=-0.27<--0.82]
2026.06.15 12:00:00;DECISION;TP capped 67.56000 -> 50.67000 (3.0xATR)
2026.06.15 12:00:00;ORDER;filled BUY 0.02 lots sl=4300.80 tp=4385.25 [WT|CHOCH|0.85]
2026.06.15 12:00:00;RISK;sizing: vol_ratio=0.81 scalar=1.00 gap_buf=4.64857 eff_stop=38.42857
2026.06.15 12:00:00;ORDER;entry fill deal #163 BUY 0.02 @ 4334.58000
2026.06.15 16:00:00;VETO;signal rejected: volume: relVol 0.78 < 1.00
2026.06.15 16:41:40;MANAGE;#164 SL 4300.80 -> 4334.61 breakeven
2026.06.15 16:41:40;MANAGE;#164 partial close 0.01 of 0.02 lots
2026.06.15 16:41:40;RISK;deal closed pnl=34.09 streak=0 lock=0
2026.06.15 16:41:59;MANAGE;#164 SL 4334.61 -> 4353.65 trail
2026.06.15 16:42:20;MANAGE;#164 SL 4353.65 -> 4353.88 trail
2026.06.15 18:01:40;RISK;deal closed pnl=19.30 streak=0 lock=0
2026.06.15 19:30:00;DECISION;setup SHORT score=0.55 entry=4346.98 inv=4369.40 tgt=0.00 AWAIT-RETEST [CHoCH short lvl=4349.55|RelVol=1.09|Retest@4346.98|VPnode d=2.62]
2026.06.15 19:30:00;DECISION;TP capped 44.84429 -> 33.63321 (3.0xATR)
2026.06.15 19:30:00;ORDER;limit SELL 0.03 @ 4346.98 sl=4369.40 tp=4313.34 rc=10009 [WT|CHOCH|0.55|RL]
2026.06.15 19:30:00;RISK;sizing: vol_ratio=0.97 scalar=1.00 gap_buf=5.14429 eff_stop=27.56643
2026.06.15 21:45:00;ORDER;cancelled 1 pending: setup expired/invalidated
2026.06.16 01:15:00;VETO;signal rejected: volume: relVol 0.63 < 1.00
2026.06.16 04:15:00;VETO;signal rejected: volume: relVol 0.90 < 1.00
2026.06.16 06:45:00;VETO;signal rejected: score 0.50 < 0.55 [BOS long lvl=4325.90|RelVol=1.07|Retest@4327.88|VPnear|VWAPside]
2026.06.16 11:00:00;VETO;signal rejected: score 0.50 < 0.55 [BOS long lvl=4330.89|RelVol=1.02|VWAPside|ADX=31]
2026.06.16 14:00:00;VETO;signal rejected: volume: relVol 0.80 < 1.00
2026.06.16 15:45:00;VETO;signal rejected: volume: relVol 0.84 < 1.00
2026.06.16 17:00:00;VETO;signal rejected: volume: relVol 0.97 < 1.00
2026.06.16 17:30:00;VETO;outlier bar masked, z=4.3
2026.06.16 19:00:00;VETO;outlier bar masked, z=5.7
2026.06.17 01:00:00;VETO;signal rejected: score 0.50 < 0.55 [BOS short lvl=4336.16|RelVol=1.13|CycleTurn w=-0.43<-0.70]
2026.06.17 04:15:00;VETO;outlier bar masked, z=3.9
2026.06.17 07:30:00;VETO;signal rejected: volume: relVol 0.99 < 1.00
2026.06.17 11:45:00;VETO;signal rejected: volume: relVol 0.93 < 1.00
2026.06.17 16:30:00;VETO;signal rejected: volume: relVol 0.81 < 1.00
2026.06.17 17:30:00;VETO;outlier bar masked, z=6.5
2026.06.17 17:45:00;VETO;outlier bar masked, z=4.6
2026.06.17 18:00:00;VETO;outlier bar masked, z=7.8
2026.06.17 19:30:00;VETO;signal rejected: volume: relVol 0.85 < 1.00
2026.06.17 20:45:00;VETO;outlier bar masked, z=7.2
2026.06.17 21:15:00;VETO;outlier bar masked, z=42.7
2026.06.17 21:30:00;VETO;outlier bar masked, z=8.2
2026.06.17 21:45:00;VETO;outlier bar masked, z=21.6
2026.06.17 22:00:00;VETO;outlier bar masked, z=19.4
2026.06.17 22:15:00;VETO;outlier bar masked, z=11.8
2026.06.17 22:30:00;VETO;outlier bar masked, z=13.5
2026.06.17 22:45:00;VETO;outlier bar masked, z=4.3
2026.06.18 01:00:00;VETO;outlier bar masked, z=4.3
2026.06.18 01:15:00;VETO;outlier bar masked, z=9.8
2026.06.18 02:15:00;VETO;outlier bar masked, z=4.4
2026.06.18 03:15:00;VETO;outlier bar masked, z=5.6
2026.06.18 04:15:00;VETO;outlier bar masked, z=5.0
2026.06.18 09:00:00;DECISION;setup SHORT score=0.75 entry=4308.11 inv=4324.00 tgt=0.00 [BOS short lvl=4309.09|RelVol=1.32|VPnode d=4.11|CycleTurn w=-0.28<--0.14]
2026.06.18 09:00:00;VETO;authorization denied: outside session window (server hour 09, window 12-20)
2026.06.18 09:15:00;VETO;authorization denied: outside session window (server hour 09, window 12-20)
2026.06.18 09:30:00;VETO;authorization denied: outside session window (server hour 09, window 12-20)
2026.06.18 09:45:00;VETO;authorization denied: outside session window (server hour 09, window 12-20)
2026.06.18 11:00:00;DECISION;setup SHORT score=0.65 entry=4293.93 inv=4324.75 tgt=0.00 AWAIT-RETEST [BOS short lvl=4296.26|RelVol=1.20|Retest@4293.93|VPnode d=5.47|VWAPside]
2026.06.18 14:00:00;VETO;signal rejected: score 0.50 < 0.55 [BOS short lvl=4259.56|RelVol=1.35|VWAPside|ADX=38]
2026.06.18 18:30:00;DECISION;setup SHORT score=0.65 entry=4235.76 inv=4276.73 tgt=0.00 [BOS short lvl=4237.19|RelVol=1.12|VPnode d=3.64|VWAPside]
2026.06.18 18:30:00;DECISION;TP capped 81.94000 -> 61.45500 (3.0xATR)
2026.06.18 18:30:00;ORDER;filled SELL 0.02 lots sl=4276.73 tp=4174.31 [WT|BOS|0.65]
2026.06.18 18:30:00;RISK;sizing: vol_ratio=1.08 scalar=1.00 gap_buf=7.04821 eff_stop=48.01821
2026.06.18 18:30:00;ORDER;entry fill deal #166 SELL 0.02 @ 4235.76000
2026.06.18 22:15:00;DECISION;setup SHORT score=0.70 entry=4211.97 inv=4233.19 tgt=0.00 AWAIT-RETEST [BOS short lvl=4214.00|RelVol=1.34|Retest@4211.97|VWAPside|CycleTurn w=0.91<-0.99|ADX=30]
2026.06.18 22:45:00;VETO;authorization denied: outside session window (server hour 22, window 12-20)
2026.06.19 01:00:00;VETO;authorization denied: outside session window (server hour 01, window 12-20)
2026.06.19 01:15:00;VETO;authorization denied: outside session window (server hour 01, window 12-20)
2026.06.19 01:30:00;VETO;authorization denied: outside session window (server hour 01, window 12-20)
2026.06.19 02:14:40;MANAGE;#168 SL 4276.73 -> 4235.75 breakeven
2026.06.19 02:14:40;MANAGE;#168 partial close 0.01 of 0.02 lots
2026.06.19 02:14:40;RISK;deal closed pnl=41.78 streak=0 lock=0
2026.06.19 02:14:59;MANAGE;#168 SL 4235.75 -> 4211.37 trail
2026.06.19 02:15:00;VETO;signal rejected: score 0.50 < 0.55 [BOS short lvl=4200.90|RelVol=1.19|VPnear|VWAPside]
2026.06.19 02:17:20;MANAGE;#168 SL 4211.37 -> 4210.79 trail
2026.06.19 02:25:40;MANAGE;#168 SL 4210.79 -> 4210.50 trail
2026.06.19 02:45:40;MANAGE;#168 SL 4210.50 -> 4204.68 trail
2026.06.19 02:49:20;MANAGE;#168 SL 4204.68 -> 4204.47 trail
2026.06.19 02:56:40;MANAGE;#168 SL 4204.47 -> 4203.95 trail
2026.06.19 02:57:20;MANAGE;#168 SL 4203.95 -> 4203.38 trail
2026.06.19 03:06:40;MANAGE;#168 SL 4203.38 -> 4202.31 trail
2026.06.19 03:07:40;MANAGE;#168 SL 4202.31 -> 4201.45 trail
2026.06.19 04:05:40;MANAGE;#168 SL 4201.45 -> 4200.77 trail
2026.06.19 04:17:40;MANAGE;#168 SL 4200.77 -> 4200.53 trail
2026.06.19 04:18:20;MANAGE;#168 SL 4200.53 -> 4200.17 trail
2026.06.19 04:20:40;MANAGE;#168 SL 4200.17 -> 4199.97 trail
2026.06.19 04:45:40;MANAGE;#168 SL 4199.97 -> 4199.61 trail
2026.06.19 04:46:20;MANAGE;#168 SL 4199.61 -> 4199.16 trail
2026.06.19 04:51:20;MANAGE;#168 SL 4199.16 -> 4198.96 trail
2026.06.19 05:02:40;MANAGE;#168 SL 4198.96 -> 4198.62 trail
2026.06.19 05:06:20;MANAGE;#168 SL 4198.62 -> 4196.77 trail
2026.06.19 05:07:40;MANAGE;#168 SL 4196.77 -> 4194.36 trail
2026.06.19 05:08:40;MANAGE;#168 SL 4194.36 -> 4193.55 trail
2026.06.19 05:14:40;MANAGE;#168 SL 4193.55 -> 4192.61 trail
2026.06.19 05:15:00;VETO;signal rejected: volume: relVol 0.82 < 1.00
2026.06.19 05:15:40;MANAGE;#168 SL 4192.61 -> 4190.80 trail
2026.06.19 05:16:20;MANAGE;#168 SL 4190.80 -> 4190.52 trail
2026.06.19 05:17:40;MANAGE;#168 SL 4190.52 -> 4190.09 trail
2026.06.19 05:46:40;MANAGE;#168 SL 4190.09 -> 4189.69 trail
2026.06.19 05:47:20;MANAGE;#168 SL 4189.69 -> 4189.41 trail
2026.06.19 05:50:40;MANAGE;#168 SL 4189.41 -> 4188.02 trail
2026.06.19 05:51:40;RISK;deal closed pnl=61.41 streak=0 lock=0
2026.06.19 16:00:00;VETO;outlier bar masked, z=6.8
2026.06.19 17:45:00;VETO;signal rejected: volume: relVol 0.66 < 1.00
2026.06.19 20:00:00;VETO;signal rejected: volume: relVol 0.57 < 1.00
2026.06.22 01:15:00;VETO;outlier bar masked, z=5.5
2026.06.22 03:15:00;VETO;outlier bar masked, z=4.8
2026.06.22 03:30:00;VETO;signal rejected: score 0.50 < 0.55 [BOS long lvl=4164.74|RelVol=1.19|VPnear|VWAPside]
2026.06.22 04:00:00;VETO;outlier bar masked, z=5.3
2026.06.22 04:15:00;VETO;outlier bar masked, z=3.7
2026.06.22 13:00:00;VETO;signal rejected: volume: relVol 0.97 < 1.00
2026.06.22 16:30:00;DECISION;setup SHORT score=0.65 entry=4186.81 inv=4211.76 tgt=0.00 AWAIT-RETEST [CHoCH short lvl=4188.65|RelVol=1.17|Retest@4186.81|VPnode d=0.21|VWAPside]
2026.06.22 16:30:00;DECISION;TP capped 49.89536 -> 37.42152 (3.0xATR)
2026.06.22 16:30:00;ERROR;limit SELL 0.03 @ 4186.81 sl=4211.76 tp=4149.39 rc=10015 [WT|CHOCH|0.65|RL]
2026.06.22 16:45:00;DECISION;TP capped 41.40000 -> 31.05000 (3.0xATR)
2026.06.22 16:45:00;ORDER;filled SELL 0.04 lots sl=4211.76 tp=4160.01 [WT|CHOCH|0.65]
2026.06.22 16:45:00;RISK;sizing: vol_ratio=0.90 scalar=1.00 gap_buf=3.86893 eff_stop=24.56893
2026.06.22 16:45:00;ORDER;entry fill deal #169 SELL 0.04 @ 4191.06000
2026.06.22 17:00:00;VETO;outlier bar masked, z=4.5
2026.06.22 17:15:00;VETO;outlier bar masked, z=3.9
2026.06.22 18:45:00;DECISION;setup SHORT score=0.65 entry=4180.99 inv=4210.74 tgt=0.00 [BOS short lvl=4186.51|RelVol=1.16|VPnode d=5.81|VWAPside]
2026.06.22 18:45:00;DECISION;TP capped 59.50000 -> 44.62500 (3.0xATR)
2026.06.22 18:45:00;VETO;risk veto: max positions
2026.06.22 18:49:40;MANAGE;#171 SL 4211.76 -> 4191.00 breakeven
2026.06.22 18:49:40;MANAGE;#171 partial close 0.02 of 0.04 lots
2026.06.22 18:49:40;RISK;deal closed pnl=42.16 streak=0 lock=0
2026.06.22 19:58:40;RISK;deal closed pnl=0.12 streak=0 lock=0
2026.06.23 02:45:00;VETO;signal rejected: volume: relVol 0.53 < 1.00
2026.06.23 03:15:00;VETO;signal rejected: volume: relVol 0.96 < 1.00
2026.06.23 04:30:00;VETO;signal rejected: score 0.50 < 0.55 [BOS short lvl=4178.34|RelVol=1.04|VPnear|VWAPside]
2026.06.23 04:45:00;VETO;outlier bar masked, z=5.0
2026.06.23 08:00:00;VETO;outlier bar masked, z=5.2
2026.06.23 08:15:00;VETO;outlier bar masked, z=4.2
2026.06.23 09:45:00;VETO;signal rejected: score 0.50 < 0.55 [BOS short lvl=4114.75|RelVol=1.30|VWAPside|ADX=61]
2026.06.23 15:15:00;DECISION;setup SHORT score=0.85 entry=4114.08 inv=4133.31 tgt=0.00 [BOS short lvl=4117.34|RelVol=1.01|VPnode d=3.22|VWAPside|CycleTurn w=0.97<-0.99]
2026.06.23 15:15:00;DECISION;TP capped 38.46000 -> 28.84500 (3.0xATR)
2026.06.23 15:15:00;ORDER;filled SELL 0.04 lots sl=4133.31 tp=4085.23 [WT|BOS|0.85]
2026.06.23 15:15:00;RISK;sizing: vol_ratio=0.96 scalar=1.00 gap_buf=4.47179 eff_stop=23.70179
2026.06.23 15:15:00;ORDER;entry fill deal #172 SELL 0.04 @ 4114.08000
2026.06.23 16:48:40;RISK;deal closed pnl=-76.92 streak=1 lock=0
2026.06.23 17:00:00;DECISION;setup LONG score=0.70 entry=4136.06 inv=4117.34 tgt=0.00 AWAIT-RETEST [CHoCH long lvl=4133.31|RelVol=1.09|Retest@4136.06|VPnear|VWAPside|CycleTurn w=0.66<-0.25]
2026.06.23 17:00:00;DECISION;TP capped 37.43321 -> 32.95929 (3.0xATR)
2026.06.23 17:00:00;ERROR;limit BUY 0.04 @ 4136.06 sl=4117.34 tp=4169.02 rc=10015 [WT|CHOCH|0.70|RL]
2026.06.23 17:15:00;DECISION;TP capped 40.62000 -> 33.76071 (3.0xATR)
2026.06.23 17:15:00;ORDER;filled BUY 0.04 lots sl=4117.34 tp=4171.41 [WT|CHOCH|0.70]
2026.06.23 17:15:00;RISK;sizing: vol_ratio=1.16 scalar=1.00 gap_buf=5.62679 eff_stop=25.93679
2026.06.23 17:15:00;ORDER;entry fill deal #174 BUY 0.04 @ 4137.65000
2026.06.23 19:45:00;VETO;signal rejected: volume: relVol 0.86 < 1.00
2026.06.23 21:30:00;VETO;signal rejected: volume: relVol 0.87 < 1.00
2026.06.23 21:42:40;RISK;deal closed pnl=-81.24 streak=2 lock=0
2026.06.24 01:00:00;VETO;signal rejected: score 0.30 < 0.55 [BOS short lvl=4112.84|RelVol=1.20]
2026.06.24 04:15:00;VETO;outlier bar masked, z=4.8
2026.06.24 05:45:00;VETO;outlier bar masked, z=3.6
2026.06.24 08:30:00;DECISION;setup LONG score=0.55 entry=4073.23 inv=4055.05 tgt=0.00 AWAIT-RETEST [CHoCH long lvl=4070.67|RelVol=1.25|Retest@4073.23|VPnode d=7.23]
2026.06.24 08:45:00;VETO;authorization denied: outside session window (server hour 08, window 12-20)
2026.06.24 09:00:00;VETO;authorization denied: outside session window (server hour 09, window 12-20)
2026.06.24 09:15:00;VETO;authorization denied: outside session window (server hour 09, window 12-20)
2026.06.24 09:30:00;VETO;authorization denied: outside session window (server hour 09, window 12-20)
2026.06.24 12:30:00;DECISION;setup SHORT score=0.85 entry=4070.64 inv=4087.65 tgt=0.00 AWAIT-RETEST [CHoCH short lvl=4073.06|RelVol=1.13|Retest@4070.64|VPnode d=0.84|VWAPside|CycleTurn w=0.72<-0.99]
2026.06.24 12:30:00;DECISION;TP capped 34.02500 -> 29.07000 (3.0xATR)
2026.06.24 12:30:00;ORDER;limit SELL 0.04 @ 4070.64 sl=4087.65 tp=4041.57 rc=10009 [WT|CHOCH|0.85|RL]
2026.06.24 12:30:00;RISK;sizing: vol_ratio=0.95 scalar=1.00 gap_buf=4.84500 eff_stop=21.85750
2026.06.24 12:30:40;ORDER;entry fill deal #176 SELL 0.04 @ 4070.64000
2026.06.24 14:04:40;MANAGE;#178 SL 4087.65 -> 4070.61 breakeven
2026.06.24 14:04:40;MANAGE;#178 partial close 0.02 of 0.04 lots
2026.06.24 14:04:40;RISK;deal closed pnl=39.52 streak=0 lock=0
2026.06.24 14:04:59;MANAGE;#178 SL 4070.61 -> 4069.09 trail
2026.06.24 14:05:40;MANAGE;#178 SL 4069.09 -> 4068.43 trail
2026.06.24 14:06:40;MANAGE;#178 SL 4068.43 -> 4065.21 trail
2026.06.24 14:13:40;MANAGE;#178 SL 4065.21 -> 4064.69 trail
2026.06.24 14:14:40;MANAGE;#178 SL 4064.69 -> 4061.72 trail
2026.06.24 14:15:40;RISK;deal closed pnl=58.14 streak=0 lock=0
2026.06.24 15:30:00;VETO;outlier bar masked, z=7.1
2026.06.24 16:00:00;VETO;outlier bar masked, z=5.2
2026.06.24 16:15:00;VETO;outlier bar masked, z=4.7
2026.06.24 16:45:00;VETO;outlier bar masked, z=8.2
2026.06.24 17:00:00;VETO;outlier bar masked, z=5.4
2026.06.24 20:30:00;DECISION;setup SHORT score=0.60 entry=3990.59 inv=4022.24 tgt=0.00 [BOS short lvl=3995.59|RelVol=1.52|VWAPside|CycleTurn w=0.99<-1.00]
2026.06.24 20:30:00;VETO;authorization denied: outside session window (server hour 20, window 12-20)
2026.06.24 20:45:00;VETO;authorization denied: outside session window (server hour 20, window 12-20)
2026.06.24 21:00:00;VETO;authorization denied: outside session window (server hour 21, window 12-20)
2026.06.24 21:15:00;VETO;outlier bar masked, z=4.3
2026.06.24 21:30:00;VETO;authorization denied: outside session window (server hour 21, window 12-20)
2026.06.25 01:15:00;VETO;signal rejected: volume: relVol 0.75 < 1.00
2026.06.25 02:45:00;VETO;signal rejected: score 0.50 < 0.55 [BOS long lvl=4008.44|RelVol=1.21|VPnear|VWAPside]
2026.06.25 03:45:00;DECISION;setup SHORT score=0.85 entry=3988.12 inv=4018.63 tgt=0.00 AWAIT-RETEST [CHoCH short lvl=3990.80|RelVol=1.24|Retest@3988.12|VPnode d=5.32|VWAPside|CycleTurn w=0.97<-1.00]
2026.06.25 04:00:00;VETO;authorization denied: outside session window (server hour 04, window 12-20)
2026.06.25 04:15:00;VETO;authorization denied: outside session window (server hour 04, window 12-20)
2026.06.25 04:30:00;VETO;authorization denied: outside session window (server hour 04, window 12-20)
2026.06.25 04:45:00;VETO;authorization denied: outside session window (server hour 04, window 12-20)
2026.06.25 15:45:00;DECISION;setup LONG score=0.70 entry=4004.12 inv=3973.64 tgt=0.00 AWAIT-RETEST [CHoCH long lvl=4002.03|RelVol=1.67|Retest@4004.12|VPnear|VWAPside|CycleTurn w=-0.58<--0.98]
2026.06.25 15:45:00;DECISION;TP capped 60.96357 -> 45.72268 (3.0xATR)
2026.06.25 15:45:00;ORDER;limit BUY 0.03 @ 4004.12 sl=3973.64 tp=4049.84 rc=10009 [WT|CHOCH|0.70|RL]
2026.06.25 15:45:00;RISK;sizing: vol_ratio=0.63 scalar=1.00 gap_buf=4.18357 eff_stop=34.66536
2026.06.25 15:45:20;ORDER;entry fill deal #179 BUY 0.03 @ 4004.12000
2026.06.25 18:22:40;MANAGE;#181 SL 3973.64 -> 4004.14 breakeven
2026.06.25 18:22:40;MANAGE;#181 partial close 0.01 of 0.03 lots
2026.06.25 18:22:40;RISK;deal closed pnl=36.51 streak=0 lock=0
2026.06.25 18:23:20;MANAGE;#181 SL 4004.14 -> 4008.02 trail
2026.06.25 18:24:40;MANAGE;#181 SL 4008.02 -> 4009.38 trail
2026.06.25 19:00:00;VETO;signal rejected: score 0.40 < 0.55 [BOS long lvl=4034.11|RelVol=1.40|VWAPside]
2026.06.25 19:17:40;MANAGE;#181 SL 4009.38 -> 4011.12 trail
2026.06.25 20:55:40;MANAGE;#181 SL 4011.12 -> 4011.28 trail
2026.06.25 20:56:40;MANAGE;#181 SL 4011.28 -> 4011.86 trail
2026.06.25 20:57:40;MANAGE;#181 SL 4011.86 -> 4013.00 trail
2026.06.25 21:16:40;MANAGE;#181 SL 4013.00 -> 4015.99 trail
2026.06.25 21:18:40;MANAGE;#181 SL 4015.99 -> 4017.01 trail
2026.06.25 21:19:20;MANAGE;#181 SL 4017.01 -> 4018.30 trail
2026.06.25 21:25:40;MANAGE;#181 SL 4018.30 -> 4019.44 trail
2026.06.25 21:26:40;MANAGE;#181 SL 4019.44 -> 4020.73 trail
2026.06.25 21:29:40;MANAGE;#181 SL 4020.73 -> 4022.08 trail
2026.06.25 21:30:00;VETO;signal rejected: score 0.40 < 0.55 [BOS long lvl=4044.08|RelVol=1.15|VWAPside]
2026.06.25 22:11:40;MANAGE;#181 SL 4022.08 -> 4022.40 trail
2026.06.25 22:12:20;MANAGE;#181 SL 4022.40 -> 4022.50 trail
2026.06.25 22:15:40;MANAGE;#181 SL 4022.50 -> 4023.58 trail
2026.06.25 22:16:40;MANAGE;#181 SL 4023.58 -> 4025.91 trail
2026.06.25 22:50:40;RISK;deal closed pnl=43.58 streak=0 lock=0
2026.06.26 01:15:00;VETO;outlier bar masked, z=6.0
2026.06.26 05:30:00;DECISION;setup SHORT score=0.65 entry=4007.47 inv=4029.54 tgt=0.00 [BOS short lvl=4011.43|RelVol=1.17|VPnode d=6.73|VWAPside]
2026.06.26 05:30:00;VETO;authorization denied: outside session window (server hour 05, window 12-20)
2026.06.26 05:45:00;VETO;authorization denied: outside session window (server hour 05, window 12-20)
2026.06.26 06:00:00;VETO;authorization denied: outside session window (server hour 06, window 12-20)
2026.06.26 06:15:00;VETO;authorization denied: outside session window (server hour 06, window 12-20)
2026.06.26 10:00:00;DECISION;setup LONG score=0.65 entry=4031.77 inv=4005.72 tgt=0.00 AWAIT-RETEST [CHoCH long lvl=4029.54|RelVol=1.41|Retest@4031.77|VPnode d=5.17|VWAPside]
2026.06.26 10:15:00;VETO;authorization denied: outside session window (server hour 10, window 12-20)
2026.06.26 10:30:00;VETO;authorization denied: outside session window (server hour 10, window 12-20)
2026.06.26 10:45:00;VETO;authorization denied: outside session window (server hour 10, window 12-20)
2026.06.26 11:00:00;VETO;authorization denied: outside session window (server hour 11, window 12-20)
2026.06.26 12:30:00;VETO;signal rejected: score 0.50 < 0.55 [BOS long lvl=4039.83|RelVol=1.40|Retest@4042.07|VPnear|VWAPside]
2026.06.26 14:00:00;VETO;signal rejected: score 0.50 < 0.55 [BOS long lvl=4054.14|RelVol=1.02|VWAPside|ADX=33]
2026.06.26 15:45:00;VETO;signal rejected: volume: relVol 0.82 < 1.00
2026.06.26 16:00:00;VETO;outlier bar masked, z=4.2
2026.06.26 16:15:00;VETO;outlier bar masked, z=4.3
2026.06.26 18:45:00;VETO;signal rejected: volume: relVol 0.91 < 1.00
2026.06.26 21:00:00;VETO;signal rejected: volume: relVol 0.85 < 1.00
2026.06.29 01:15:00;VETO;outlier bar masked, z=5.2
2026.06.29 03:30:00;DECISION;setup SHORT score=0.65 entry=4048.29 inv=4085.55 tgt=0.00 [BOS short lvl=4053.29|RelVol=1.49|VPnode d=6.31|VWAPside]
2026.06.29 03:30:00;VETO;authorization denied: outside session window (server hour 03, window 12-20)
2026.06.29 03:45:00;VETO;outlier bar masked, z=3.8
2026.06.29 04:00:00;VETO;authorization denied: outside session window (server hour 04, window 12-20)
2026.06.29 04:15:00;VETO;authorization denied: outside session window (server hour 04, window 12-20)
2026.06.29 04:30:00;VETO;authorization denied: outside session window (server hour 04, window 12-20)
2026.06.29 13:00:00;VETO;signal rejected: score 0.50 < 0.55 [BOS short lvl=4039.36|RelVol=1.71|Retest@4037.15|VWAPside|ADX=33]
2026.06.29 17:15:00;VETO;outlier bar masked, z=4.3
2026.06.29 17:30:00;VETO;outlier bar masked, z=4.6
2026.06.29 22:00:00;VETO;signal rejected: volume: relVol 0.78 < 1.00
2026.06.30 03:30:00;VETO;signal rejected: volume: relVol 0.88 < 1.00
2026.06.30 04:15:00;VETO;outlier bar masked, z=9.2
2026.06.30 04:30:00;VETO;outlier bar masked, z=5.6
2026.06.30 09:30:00;VETO;outlier bar masked, z=6.0
2026.06.30 09:45:00;VETO;outlier bar masked, z=4.1
2026.06.30 16:00:00;VETO;signal rejected: volume: relVol 0.78 < 1.00
2026.06.30 17:15:00;VETO;outlier bar masked, z=3.9
2026.07.01 01:00:00;VETO;signal rejected: volume: relVol 0.96 < 1.00
2026.07.01 03:45:00;VETO;signal rejected: volume: relVol 0.89 < 1.00
2026.07.01 04:15:00;VETO;outlier bar masked, z=3.7
2026.07.01 09:15:00;DECISION;setup SHORT score=0.65 entry=3965.25 inv=3982.78 tgt=0.00 [BOS short lvl=3969.80|RelVol=1.04|VPnode d=4.35|VWAPside]
2026.07.01 09:15:00;VETO;authorization denied: outside session window (server hour 09, window 12-20)
2026.07.01 09:30:00;VETO;authorization denied: outside session window (server hour 09, window 12-20)
2026.07.01 09:45:00;VETO;authorization denied: outside session window (server hour 09, window 12-20)
2026.07.01 10:00:00;VETO;authorization denied: outside session window (server hour 10, window 12-20)
2026.07.01 13:30:00;VETO;signal rejected: volume: relVol 0.76 < 1.00
2026.07.01 14:15:00;VETO;outlier bar masked, z=4.7
2026.07.01 16:30:00;VETO;outlier bar masked, z=5.3
2026.07.01 16:45:00;VETO;outlier bar masked, z=14.3
2026.07.01 17:00:00;VETO;outlier bar masked, z=4.4
2026.07.01 17:45:00;VETO;outlier bar masked, z=4.3
2026.07.01 19:45:00;VETO;signal rejected: volume: relVol 0.80 < 1.00
2026.07.02 01:00:00;VETO;outlier bar masked, z=3.7
2026.07.02 01:15:00;VETO;outlier bar masked, z=10.2
2026.07.02 03:30:00;VETO;signal rejected: volume: relVol 0.84 < 1.00
2026.07.02 07:00:00;DECISION;setup LONG score=0.75 entry=4069.99 inv=4041.16 tgt=0.00 [BOS long lvl=4068.54|RelVol=1.25|VPnode d=2.19|VWAPside|ADX=34]
2026.07.02 07:00:00;VETO;authorization denied: outside session window (server hour 07, window 12-20)
2026.07.02 07:15:00;VETO;authorization denied: outside session window (server hour 07, window 12-20)
2026.07.02 07:30:00;VETO;authorization denied: outside session window (server hour 07, window 12-20)
2026.07.02 07:45:00;VETO;authorization denied: outside session window (server hour 07, window 12-20)
2026.07.02 09:30:00;VETO;signal rejected: volume: relVol 0.93 < 1.00
2026.07.02 15:45:00;VETO;outlier bar masked, z=20.3
2026.07.02 16:00:00;VETO;outlier bar masked, z=4.0
2026.07.02 16:45:00;VETO;outlier bar masked, z=5.2
2026.07.03 01:15:00;VETO;outlier bar masked, z=7.5
2026.07.03 02:30:00;VETO;signal rejected: volume: relVol 0.70 < 1.00
2026.07.03 04:15:00;VETO;outlier bar masked, z=6.2
2026.07.03 09:00:00;VETO;signal rejected: volume: relVol 0.71 < 1.00
2026.07.03 11:15:00;VETO;signal rejected: volume: relVol 0.70 < 1.00
2026.07.03 16:15:00;VETO;signal rejected: volume: relVol 0.68 < 1.00
2026.07.03 20:00:00;VETO;signal rejected: volume: relVol 0.49 < 1.00
2026.07.06 01:15:00;VETO;outlier bar masked, z=3.7
2026.07.06 03:00:00;VETO;outlier bar masked, z=4.4
2026.07.06 04:15:00;VETO;outlier bar masked, z=4.2
2026.07.06 06:15:00;VETO;signal rejected: volume: relVol 0.94 < 1.00
2026.07.06 10:45:00;VETO;signal rejected: volume: relVol 0.85 < 1.00
2026.07.06 12:30:00;VETO;signal rejected: volume: relVol 0.80 < 1.00
2026.07.06 15:45:00;VETO;signal rejected: volume: relVol 0.83 < 1.00
2026.07.06 17:45:00;VETO;signal rejected: volume: relVol 0.75 < 1.00
2026.07.06 18:30:00;VETO;signal rejected: volume: relVol 0.72 < 1.00
2026.07.06 20:00:00;VETO;signal rejected: volume: relVol 0.85 < 1.00
2026.07.07 03:00:00;VETO;signal rejected: volume: relVol 0.70 < 1.00
2026.07.07 08:15:00;VETO;signal rejected: volume: relVol 0.90 < 1.00
2026.07.07 11:15:00;VETO;signal rejected: volume: relVol 0.91 < 1.00
2026.07.07 14:30:00;VETO;signal rejected: volume: relVol 0.90 < 1.00
2026.07.07 15:15:00;VETO;outlier bar masked, z=3.9
2026.07.07 17:00:00;VETO;outlier bar masked, z=4.8
2026.07.07 22:00:00;DECISION;setup SHORT score=0.65 entry=4138.97 inv=4148.85 tgt=0.00 AWAIT-RETEST [CHoCH short lvl=4140.62|RelVol=1.28|Retest@4138.97|StopFloored|VPnode d=3.13|VWAPside]
2026.07.07 22:15:00;VETO;outlier bar masked, z=5.3
2026.01.01 00:00:00;RECOVER;init: v2.30 test_case=A2_tuned lock=0 streak=0 positions=0 equity=10000.00 day_eq=10000.00 peak_eq=10000.00
2026.01.02 01:15:00;DECISION;setup LONG score=0.75 entry=4326.41 inv=4304.62 tgt=0.00 AWAIT-RETEST [BOS long lvl=4324.38|RelVol=3.76|Retest@4326.41|VPnode d=2.59|CycleTurn w=-0.09<--0.95]
2026.01.02 05:00:00;VETO;signal rejected: volume: relVol 0.94 < 1.00
2026.01.02 07:30:00;DECISION;setup LONG score=0.60 entry=4378.45 inv=4345.03 tgt=0.00 [BOS long lvl=4378.41|RelVol=1.03|VPnear|VWAPside|ADX=58]
2026.01.02 07:30:00;VETO;authorization denied: outside session window (server hour 07, window 12-20)
2026.01.02 07:45:00;VETO;authorization denied: outside session window (server hour 07, window 12-20)
2026.01.02 08:00:00;VETO;authorization denied: outside session window (server hour 08, window 12-20)
2026.01.02 08:15:00;VETO;authorization denied: outside session window (server hour 08, window 12-20)
2026.01.02 10:00:00;DECISION;setup LONG score=0.75 entry=4382.82 inv=4371.13 tgt=0.00 [BOS long lvl=4381.74|RelVol=1.52|VPnode d=0.58|VWAPside|ADX=35]
2026.01.02 10:00:00;VETO;authorization denied: outside session window (server hour 10, window 12-20)
2026.01.02 10:15:00;VETO;authorization denied: outside session window (server hour 10, window 12-20)
2026.01.02 10:30:00;VETO;authorization denied: outside session window (server hour 10, window 12-20)
2026.01.02 10:45:00;VETO;authorization denied: outside session window (server hour 10, window 12-20)
2026.01.02 15:15:00;VETO;signal rejected: volume: relVol 0.79 < 1.00
2026.01.02 15:30:00;VETO;outlier bar masked, z=7.0
2026.01.02 16:45:00;VETO;outlier bar masked, z=4.4
2026.01.02 17:15:00;VETO;outlier bar masked, z=4.5
2026.01.02 20:15:00;VETO;signal rejected: score 0.50 < 0.55 [BOS short lvl=4315.03|RelVol=1.35|VWAPside|ADX=40]
2026.01.05 01:15:00;VETO;outlier bar masked, z=10.0
2026.01.05 03:15:00;VETO;outlier bar masked, z=5.5
2026.01.05 08:15:00;DECISION;setup LONG score=0.95 entry=4418.34 inv=4397.33 tgt=0.00 [BOS long lvl=4414.01|RelVol=1.48|VPnode d=5.34|VWAPside|CycleTurn w=-0.99<--1.00|ADX=41]
2026.01.05 08:15:00;VETO;authorization denied: outside session window (server hour 08, window 12-20)
2026.01.05 08:30:00;VETO;authorization denied: outside session window (server hour 08, window 12-20)
2026.01.05 08:45:00;VETO;authorization denied: outside session window (server hour 08, window 12-20)
2026.01.05 09:00:00;VETO;authorization denied: outside session window (server hour 09, window 12-20)
2026.01.05 10:30:00;DECISION;setup LONG score=0.60 entry=4426.57 inv=4401.07 tgt=0.00 [BOS long lvl=4426.41|RelVol=1.13|VPnear|VWAPside|ADX=58]
2026.01.05 10:30:00;VETO;authorization denied: outside session window (server hour 10, window 12-20)
2026.01.05 10:45:00;VETO;authorization denied: outside session window (server hour 10, window 12-20)
2026.01.05 11:00:00;VETO;authorization denied: outside session window (server hour 11, window 12-20)
2026.01.05 11:15:00;VETO;authorization denied: outside session window (server hour 11, window 12-20)
2026.01.05 13:30:00;VETO;outlier bar masked, z=3.8
2026.01.05 14:45:00;VETO;signal rejected: score 0.40 < 0.55 [CHoCH short lvl=4411.07|RelVol=1.39|Retest@4409.49|VWAPside]
2026.01.05 16:15:00;DECISION;setup LONG score=0.85 entry=4421.51 inv=4406.14 tgt=0.00 AWAIT-RETEST [CHoCH long lvl=4418.95|RelVol=1.34|Retest@4421.51|StopFloored|VPnode d=4.69|VWAPside|CycleTurn w=-0.95<--0.99]
2026.01.05 16:15:00;DECISION;TP capped 30.74786 -> 30.74786 (3.0xATR)
2026.01.05 16:15:00;ORDER;limit BUY 0.04 @ 4421.51 sl=4406.14 tp=4452.26 rc=10009 [WT|CHOCH|0.85|RL]
2026.01.05 16:15:00;RISK;sizing: vol_ratio=1.07 scalar=1.00 gap_buf=5.12464 eff_stop=20.49857
2026.01.05 16:24:48;ORDER;entry fill deal #2 BUY 0.04 @ 4421.51000
2026.01.05 16:49:05;MANAGE;#2 SL 4406.14 -> 4421.55 breakeven
2026.01.05 16:49:05;MANAGE;#2 partial close 0.02 of 0.04 lots
2026.01.05 16:49:05;RISK;deal closed pnl=30.74 streak=0 lock=0
2026.01.05 17:00:21;MANAGE;#2 SL 4421.55 -> 4421.75 trail
2026.01.05 17:00:21;MANAGE;#2 SL 4421.75 -> 4421.86 trail
2026.01.05 17:00:31;MANAGE;#2 SL 4421.86 -> 4421.97 trail
2026.01.05 17:00:31;MANAGE;#2 SL 4421.97 -> 4422.24 trail
2026.01.05 17:00:31;MANAGE;#2 SL 4422.24 -> 4422.37 trail
2026.01.05 17:00:31;MANAGE;#2 SL 4422.37 -> 4422.69 trail
2026.01.05 17:00:31;MANAGE;#2 SL 4422.69 -> 4422.92 trail
2026.01.05 17:00:31;MANAGE;#2 SL 4422.92 -> 4423.17 trail
2026.01.05 17:00:32;MANAGE;#2 SL 4423.17 -> 4423.33 trail
2026.01.05 17:00:32;MANAGE;#2 SL 4423.33 -> 4423.48 trail
2026.01.05 17:00:32;MANAGE;#2 SL 4423.48 -> 4423.75 trail
2026.01.05 17:00:32;MANAGE;#2 SL 4423.75 -> 4423.86 trail
2026.01.05 17:00:33;MANAGE;#2 SL 4423.86 -> 4423.97 trail
2026.01.05 17:00:33;MANAGE;#2 SL 4423.97 -> 4424.16 trail
2026.01.05 17:01:17;MANAGE;#2 SL 4424.16 -> 4424.31 trail
2026.01.05 17:01:17;MANAGE;#2 SL 4424.31 -> 4424.43 trail
2026.01.05 17:01:18;MANAGE;#2 SL 4424.43 -> 4424.56 trail
2026.01.05 17:02:16;MANAGE;#2 SL 4424.56 -> 4424.70 trail
2026.01.05 17:02:41;MANAGE;#2 SL 4424.70 -> 4424.83 trail
2026.01.05 17:02:46;MANAGE;#2 SL 4424.83 -> 4425.09 trail
2026.01.05 17:02:47;MANAGE;#2 SL 4425.09 -> 4425.24 trail
2026.01.05 17:02:47;MANAGE;#2 SL 4425.24 -> 4425.36 trail
2026.01.05 17:02:47;MANAGE;#2 SL 4425.36 -> 4425.57 trail
2026.01.05 17:02:58;MANAGE;#2 SL 4425.57 -> 4425.75 trail
2026.01.05 17:02:58;MANAGE;#2 SL 4425.75 -> 4425.93 trail
2026.01.05 17:02:58;MANAGE;#2 SL 4425.93 -> 4426.12 trail
2026.01.05 17:02:58;MANAGE;#2 SL 4426.12 -> 4426.23 trail
2026.01.05 17:02:58;MANAGE;#2 SL 4426.23 -> 4426.36 trail
2026.01.05 17:02:59;MANAGE;#2 SL 4426.36 -> 4426.51 trail
2026.01.05 17:03:02;MANAGE;#2 SL 4426.51 -> 4426.76 trail
2026.01.05 17:03:02;MANAGE;#2 SL 4426.76 -> 4426.96 trail
2026.01.05 17:03:03;MANAGE;#2 SL 4426.96 -> 4427.07 trail
2026.01.05 17:03:03;MANAGE;#2 SL 4427.07 -> 4427.27 trail
2026.01.05 17:03:03;MANAGE;#2 SL 4427.27 -> 4427.41 trail
2026.01.05 17:03:04;MANAGE;#2 SL 4427.41 -> 4427.56 trail
2026.01.05 17:03:04;MANAGE;#2 SL 4427.56 -> 4427.76 trail
2026.01.05 17:03:04;MANAGE;#2 SL 4427.76 -> 4427.96 trail
2026.01.05 17:03:11;MANAGE;#2 SL 4427.96 -> 4428.13 trail
2026.01.05 17:03:11;MANAGE;#2 SL 4428.13 -> 4428.26 trail
2026.01.05 17:03:11;MANAGE;#2 SL 4428.26 -> 4428.45 trail
2026.01.05 17:03:13;MANAGE;#2 SL 4428.45 -> 4428.57 trail
2026.01.05 17:03:15;MANAGE;#2 SL 4428.57 -> 4428.72 trail
2026.01.05 17:03:15;MANAGE;#2 SL 4428.72 -> 4428.97 trail
2026.01.05 17:03:16;MANAGE;#2 SL 4428.97 -> 4429.16 trail
2026.01.05 17:03:26;MANAGE;#2 SL 4429.16 -> 4429.30 trail
2026.01.05 17:03:29;MANAGE;#2 SL 4429.30 -> 4429.57 trail
2026.01.05 17:03:29;MANAGE;#2 SL 4429.57 -> 4429.73 trail
2026.01.05 17:03:31;MANAGE;#2 SL 4429.73 -> 4429.89 trail
2026.01.05 17:03:45;MANAGE;#2 SL 4429.89 -> 4430.17 trail
2026.01.05 17:03:51;MANAGE;#2 SL 4430.17 -> 4430.31 trail
2026.01.05 17:03:51;MANAGE;#2 SL 4430.31 -> 4430.46 trail
2026.01.05 17:03:51;MANAGE;#2 SL 4430.46 -> 4430.59 trail
2026.01.05 17:03:51;MANAGE;#2 SL 4430.59 -> 4430.72 trail
2026.01.05 17:03:51;MANAGE;#2 SL 4430.72 -> 4430.85 trail
2026.01.05 17:03:51;MANAGE;#2 SL 4430.85 -> 4430.97 trail
2026.01.05 17:03:51;MANAGE;#2 SL 4430.97 -> 4431.20 trail
2026.01.05 17:04:10;MANAGE;#2 SL 4431.20 -> 4431.32 trail
2026.01.05 17:04:15;MANAGE;#2 SL 4431.32 -> 4431.50 trail
2026.01.05 17:04:15;RISK;deal closed pnl=61.64 streak=0 lock=0
2026.01.06 01:15:00;DECISION;setup LONG score=0.75 entry=4451.55 inv=4438.04 tgt=0.00 [BOS long lvl=4449.42|RelVol=3.16|VPnode d=0.65|CycleTurn w=-0.57<--0.92]
2026.01.06 01:15:00;VETO;authorization denied: outside session window (server hour 01, window 12-20)
2026.01.06 01:30:00;VETO;authorization denied: outside session window (server hour 01, window 12-20)
2026.01.06 01:45:00;VETO;authorization denied: outside session window (server hour 01, window 12-20)
2026.01.06 02:00:00;VETO;authorization denied: outside session window (server hour 02, window 12-20)
2026.01.06 02:45:00;DECISION;setup SHORT score=0.65 entry=4436.41 inv=4460.12 tgt=0.00 AWAIT-RETEST [CHoCH short lvl=4438.04|RelVol=1.36|Retest@4436.41|VPnode d=3.81|VWAPside]
2026.01.06 03:00:00;VETO;authorization denied: outside session window (server hour 03, window 12-20)
2026.01.06 03:15:00;VETO;authorization denied: outside session window (server hour 03, window 12-20)
2026.01.06 03:30:00;VETO;authorization denied: outside session window (server hour 03, window 12-20)
2026.01.06 03:45:00;VETO;authorization denied: outside session window (server hour 03, window 12-20)
2026.01.06 04:00:00;DECISION;setup LONG score=0.85 entry=4446.84 inv=4427.96 tgt=0.00 AWAIT-RETEST [CHoCH long lvl=4444.75|RelVol=1.43|Retest@4446.84|VPnode d=4.24|VWAPside|CycleTurn w=-0.97<--1.00]
2026.01.06 07:30:00;VETO;signal rejected: volume: relVol 0.94 < 1.00
2026.01.06 08:00:00;DECISION;setup SHORT score=0.60 entry=4460.16 inv=4470.44 tgt=0.00 AWAIT-RETEST [CHoCH short lvl=4461.87|RelVol=1.34|Retest@4460.16|StopFloored|VPnear|CycleTurn w=0.11<-0.96]
2026.01.06 08:30:00;VETO;authorization denied: outside session window (server hour 08, window 12-20)
2026.01.06 08:45:00;VETO;authorization denied: outside session window (server hour 08, window 12-20)
2026.01.06 09:00:00;VETO;authorization denied: outside session window (server hour 09, window 12-20)
2026.01.06 09:15:00;VETO;authorization denied: outside session window (server hour 09, window 12-20)
2026.01.06 10:30:00;DECISION;setup LONG score=0.65 entry=4472.31 inv=4449.51 tgt=0.00 AWAIT-RETEST [CHoCH long lvl=4470.41|RelVol=1.10|Retest@4472.31|VPnode d=1.91|VWAPside]
2026.01.06 10:45:00;VETO;authorization denied: outside session window (server hour 10, window 12-20)
2026.01.06 11:00:00;VETO;authorization denied: outside session window (server hour 11, window 12-20)
2026.01.06 11:15:00;VETO;authorization denied: outside session window (server hour 11, window 12-20)
2026.01.06 11:30:00;DECISION;setup SHORT score=0.65 entry=4455.30 inv=4475.71 tgt=0.00 AWAIT-RETEST [CHoCH short lvl=4457.19|RelVol=1.32|Retest@4455.30|VPnode d=4.30|VWAPside]
2026.01.06 11:45:00;VETO;authorization denied: outside session window (server hour 11, window 12-20)
2026.01.06 12:00:00;DECISION;TP capped 58.64000 -> 43.98000 (3.0xATR)
2026.01.06 12:00:00;ORDER;filled SELL 0.03 lots sl=4475.71 tp=4402.41 [WT|CHOCH|0.65]
2026.01.06 12:00:00;RISK;sizing: vol_ratio=0.96 scalar=1.00 gap_buf=3.84500 eff_stop=33.16500
2026.01.06 12:00:00;ORDER;entry fill deal #5 SELL 0.03 @ 4446.39000
2026.01.06 16:33:03;RISK;deal closed pnl=-88.29 streak=1 lock=0
2026.01.06 16:45:00;VETO;signal rejected: volume: relVol 0.97 < 1.00
2026.01.06 20:15:00;DECISION;setup LONG score=0.60 entry=4491.11 inv=4463.08 tgt=0.00 [BOS long lvl=4490.93|RelVol=1.17|VPnear|VWAPside|ADX=32]
2026.01.06 20:15:00;VETO;authorization denied: outside session window (server hour 20, window 12-20)
2026.01.06 20:30:00;VETO;authorization denied: outside session window (server hour 20, window 12-20)
2026.01.06 20:45:00;VETO;authorization denied: outside session window (server hour 20, window 12-20)
2026.01.06 21:00:00;VETO;authorization denied: outside session window (server hour 21, window 12-20)
2026.01.06 21:30:00;DECISION;setup SHORT score=0.55 entry=4479.95 inv=4494.11 tgt=0.00 AWAIT-RETEST [CHoCH short lvl=4481.67|RelVol=1.22|Retest@4479.95|VPnode d=3.85]
2026.01.06 21:45:00;VETO;authorization denied: outside session window (server hour 21, window 12-20)
2026.01.06 22:00:00;VETO;authorization denied: outside session window (server hour 22, window 12-20)
2026.01.06 22:15:00;VETO;authorization denied: outside session window (server hour 22, window 12-20)
2026.01.06 22:30:00;VETO;authorization denied: outside session window (server hour 22, window 12-20)
2026.01.07 01:15:00;DECISION;setup LONG score=0.65 entry=4498.14 inv=4477.44 tgt=0.00 AWAIT-RETEST [CHoCH long lvl=4496.89|RelVol=2.53|Retest@4498.14|VPnode d=0.14|VWAPside]
2026.01.07 01:30:00;VETO;authorization denied: outside session window (server hour 01, window 12-20)
2026.01.07 01:45:00;VETO;authorization denied: outside session window (server hour 01, window 12-20)
2026.01.07 02:00:00;VETO;authorization denied: outside session window (server hour 02, window 12-20)
2026.01.07 02:15:00;VETO;authorization denied: outside session window (server hour 02, window 12-20)
2026.01.07 03:15:00;VETO;outlier bar masked, z=6.2
2026.01.07 07:45:00;VETO;outlier bar masked, z=4.9
2026.01.07 13:45:00;VETO;signal rejected: volume: relVol 0.29 < 1.00
2026.01.07 15:15:00;VETO;outlier bar masked, z=5.4
2026.01.07 15:30:00;VETO;outlier bar masked, z=3.7
2026.01.07 17:15:00;VETO;outlier bar masked, z=3.9
2026.01.07 17:30:00;VETO;outlier bar masked, z=3.9
2026.01.07 18:30:00;VETO;signal rejected: volume: relVol 0.94 < 1.00
2026.01.08 01:30:00;DECISION;setup LONG score=0.85 entry=4461.97 inv=4449.74 tgt=0.00 [BOS long lvl=4461.55|RelVol=1.58|VPnode d=0.27|VWAPside|CycleTurn w=0.22<--0.80]
2026.01.08 01:30:00;VETO;authorization denied: outside session window (server hour 01, window 12-20)
2026.01.08 01:45:00;VETO;authorization denied: outside session window (server hour 01, window 12-20)
2026.01.08 02:00:00;VETO;authorization denied: outside session window (server hour 02, window 12-20)
2026.01.08 02:15:00;VETO;authorization denied: outside session window (server hour 02, window 12-20)
2026.01.08 03:45:00;DECISION;setup SHORT score=0.65 entry=4448.12 inv=4466.37 tgt=0.00 AWAIT-RETEST [CHoCH short lvl=4449.74|RelVol=1.12|Retest@4448.12|VPnode d=0.68|VWAPside]
2026.01.08 04:00:00;VETO;authorization denied: outside session window (server hour 04, window 12-20)
2026.01.08 04:15:00;VETO;authorization denied: outside session window (server hour 04, window 12-20)
2026.01.08 04:30:00;VETO;authorization denied: outside session window (server hour 04, window 12-20)
2026.01.08 04:45:00;VETO;authorization denied: outside session window (server hour 04, window 12-20)
2026.01.08 06:45:00;DECISION;setup SHORT score=0.75 entry=4432.05 inv=4446.48 tgt=0.00 [BOS short lvl=4433.46|RelVol=1.05|VPnode d=4.75|VWAPside|ADX=40]
2026.01.08 06:45:00;VETO;authorization denied: outside session window (server hour 06, window 12-20)
2026.01.08 07:00:00;VETO;authorization denied: outside session window (server hour 07, window 12-20)
2026.01.08 07:15:00;VETO;authorization denied: outside session window (server hour 07, window 12-20)
2026.01.08 07:30:00;VETO;authorization denied: outside session window (server hour 07, window 12-20)
2026.01.08 14:00:00;VETO;signal rejected: volume: relVol 0.97 < 1.00
2026.01.08 17:15:00;VETO;outlier bar masked, z=4.3
2026.01.08 22:30:00;DECISION;setup LONG score=0.60 entry=4469.97 inv=4444.65 tgt=0.00 [BOS long lvl=4465.39|RelVol=1.19|VWAPside|CycleTurn w=-0.88<--0.98]
2026.01.08 22:30:00;VETO;authorization denied: outside session window (server hour 22, window 12-20)
2026.01.08 22:45:00;VETO;authorization denied: outside session window (server hour 22, window 12-20)
2026.01.08 23:00:00;VETO;authorization denied: outside session window (server hour 23, window 12-20)
2026.01.08 23:15:00;VETO;authorization denied: outside session window (server hour 23, window 12-20)
2025.07.01 00:00:00;RECOVER;init: v2.30 test_case=A2_tuned lock=0 streak=0 positions=0 equity=10000.00 day_eq=10000.00 peak_eq=10000.00
2025.07.01 02:00:00;DECISION;setup LONG score=0.95 entry=3311.45 inv=3302.33 tgt=0.00 [BOS long lvl=3309.41|RelVol=1.52|VPnode d=1.85|VWAPside|CycleTurn w=-0.87<--0.96|ADX=40]
2025.07.01 02:00:00;VETO;authorization denied: outside session window (server hour 02, window 12-20)
2025.07.01 02:15:00;VETO;authorization denied: outside session window (server hour 02, window 12-20)
2025.07.01 02:30:00;VETO;authorization denied: outside session window (server hour 02, window 12-20)
2025.07.01 02:45:00;VETO;authorization denied: outside session window (server hour 02, window 12-20)
2025.07.01 04:00:00;VETO;signal rejected: volume: relVol 0.72 < 1.00
2025.07.01 06:30:00;VETO;signal rejected: volume: relVol 0.86 < 1.00
2025.07.01 10:15:00;VETO;signal rejected: volume: relVol 0.95 < 1.00
2025.07.01 18:15:01;VETO;signal rejected: volume: relVol 0.93 < 1.00
2025.07.01 23:45:00;VETO;signal rejected: volume: relVol 0.83 < 1.00
2025.07.02 03:15:00;VETO;outlier bar masked, z=4.8
2025.07.02 04:45:02;VETO;signal rejected: volume: relVol 0.85 < 1.00
2025.07.02 08:30:00;VETO;signal rejected: volume: relVol 0.91 < 1.00
2025.07.02 14:00:00;VETO;signal rejected: volume: relVol 0.70 < 1.00
2025.07.02 15:30:00;VETO;outlier bar masked, z=6.6
2025.07.02 15:45:00;VETO;signal rejected: volume: relVol 0.90 < 1.00
2025.07.02 17:00:00;VETO;outlier bar masked, z=3.5
2025.07.02 19:15:00;VETO;signal rejected: volume: relVol 0.93 < 1.00
2025.07.02 21:15:00;VETO;signal rejected: volume: relVol 0.75 < 1.00
2025.07.03 01:15:00;VETO;signal rejected: volume: relVol 0.68 < 1.00
2025.07.03 02:15:01;VETO;signal rejected: score 0.50 < 0.55 [CHoCH short lvl=3355.64|RelVol=1.23|Retest@3354.89|VPnear|VWAPside]
2025.07.03 10:30:00;VETO;outlier bar masked, z=5.7
2025.07.03 12:45:00;DECISION;setup SHORT score=0.75 entry=3344.93 inv=3358.60 tgt=0.00 [BOS short lvl=3346.36|RelVol=1.09|VPnode d=0.47|VWAPside|ADX=32]
2025.07.03 12:45:00;DECISION;TP capped 26.96000 -> 20.22000 (3.0xATR)
2025.07.03 12:45:00;ORDER;filled SELL 0.04 lots sl=3358.60 tp=3324.90 [WT|BOS|0.75]
2025.07.03 12:45:00;RISK;sizing: vol_ratio=1.23 scalar=1.00 gap_buf=10.72000 eff_stop=24.20000
2025.07.03 12:45:00;ORDER;entry fill deal #2 SELL 0.04 @ 3345.12000
2025.07.03 15:30:21;MANAGE;#2 SL 3358.60 -> 3344.90 breakeven
2025.07.03 15:30:21;MANAGE;#2 partial close 0.02 of 0.04 lots
2025.07.03 15:30:21;RISK;deal closed pnl=27.94 streak=0 lock=0
2025.07.03 15:30:22;MANAGE;#2 SL 3344.90 -> 3339.40 trail
2025.07.03 15:30:23;MANAGE;#2 SL 3339.40 -> 3339.28 trail
2025.07.03 15:30:23;MANAGE;#2 SL 3339.28 -> 3339.05 trail
2025.07.03 15:30:24;MANAGE;#2 SL 3339.05 -> 3338.80 trail
2025.07.03 15:30:25;MANAGE;#2 SL 3338.80 -> 3338.69 trail
2025.07.03 15:30:26;MANAGE;#2 SL 3338.69 -> 3338.37 trail
2025.07.03 15:32:39;MANAGE;#2 SL 3338.37 -> 3338.27 trail
2025.07.03 15:32:40;MANAGE;#2 SL 3338.27 -> 3338.09 trail
2025.07.03 15:32:41;MANAGE;#2 SL 3338.09 -> 3337.64 trail
2025.07.03 15:32:41;MANAGE;#2 SL 3337.64 -> 3337.54 trail
2025.07.03 15:32:47;MANAGE;#2 SL 3337.54 -> 3337.23 trail
2025.07.03 15:32:47;MANAGE;#2 SL 3337.23 -> 3336.72 trail
2025.07.03 15:33:09;MANAGE;#2 SL 3336.72 -> 3336.62 trail
2025.07.03 15:33:13;MANAGE;#2 SL 3336.62 -> 3336.48 trail
2025.07.03 15:34:51;MANAGE;#2 SL 3336.48 -> 3336.30 trail
2025.07.03 15:34:52;MANAGE;#2 SL 3336.30 -> 3336.10 trail
2025.07.03 15:35:04;MANAGE;#2 SL 3336.10 -> 3335.34 trail
2025.07.03 15:35:05;MANAGE;#2 SL 3335.34 -> 3335.18 trail
2025.07.03 15:35:17;MANAGE;#2 SL 3335.18 -> 3334.97 trail
2025.07.03 15:37:03;MANAGE;#2 SL 3334.97 -> 3334.81 trail
2025.07.03 15:37:14;MANAGE;#2 SL 3334.81 -> 3334.69 trail
2025.07.03 15:37:15;MANAGE;#2 SL 3334.69 -> 3334.49 trail
2025.07.03 15:37:20;MANAGE;#2 SL 3334.49 -> 3334.31 trail
2025.07.03 15:37:46;MANAGE;#2 SL 3334.31 -> 3334.17 trail
2025.07.03 15:37:47;MANAGE;#2 SL 3334.17 -> 3334.04 trail
2025.07.03 15:37:51;MANAGE;#2 SL 3334.04 -> 3333.77 trail
2025.07.03 15:37:57;MANAGE;#2 SL 3333.77 -> 3333.52 trail
2025.07.03 15:37:58;MANAGE;#2 SL 3333.52 -> 3333.42 trail
2025.07.03 15:37:59;RISK;deal closed pnl=41.94 streak=0 lock=0
2025.07.03 15:45:00;VETO;outlier bar masked, z=24.4
2025.07.03 16:00:00;VETO;outlier bar masked, z=7.2
2025.07.03 16:15:00;VETO;outlier bar masked, z=3.5
2025.07.03 19:45:00;VETO;signal rejected: volume: relVol 0.91 < 1.00
2025.07.03 23:15:00;VETO;signal rejected: volume: relVol 0.45 < 1.00
2025.07.04 02:15:00;VETO;signal rejected: volume: relVol 0.75 < 1.00
2025.07.04 10:30:00;VETO;outlier bar masked, z=4.8
2025.07.04 16:45:00;VETO;signal rejected: volume: relVol 0.58 < 1.00
2025.07.07 01:15:00;DECISION;setup LONG score=0.65 entry=3338.30 inv=3330.88 tgt=0.00 [BOS long lvl=3337.99|RelVol=1.37|VPnode d=0.60|ADX=35]
2025.07.07 01:15:00;VETO;authorization denied: outside session window (server hour 01, window 12-20)
2025.07.07 01:30:00;VETO;authorization denied: outside session window (server hour 01, window 12-20)
2025.07.07 01:45:00;VETO;authorization denied: outside session window (server hour 01, window 12-20)
2025.07.07 02:00:00;VETO;authorization denied: outside session window (server hour 02, window 12-20)
2025.07.07 02:30:00;DECISION;setup SHORT score=0.85 entry=3330.21 inv=3342.76 tgt=0.00 AWAIT-RETEST [CHoCH short lvl=3330.88|RelVol=1.11|Retest@3330.21|VPnode d=1.99|VWAPside|CycleTurn w=-0.20<-0.73]
2025.07.07 02:45:00;VETO;authorization denied: outside session window (server hour 02, window 12-20)
2025.07.07 03:00:00;VETO;authorization denied: outside session window (server hour 03, window 12-20)
2025.07.07 03:15:00;VETO;authorization denied: outside session window (server hour 03, window 12-20)
2025.07.07 03:30:00;VETO;authorization denied: outside session window (server hour 03, window 12-20)
2025.07.07 04:15:00;VETO;outlier bar masked, z=9.8
2025.07.07 07:45:00;DECISION;setup SHORT score=0.95 entry=3305.54 inv=3327.67 tgt=0.00 [BOS short lvl=3306.23|RelVol=1.42|VPnode d=0.34|VWAPside|CycleTurn w=-0.80<--0.71|ADX=32]
2025.07.07 07:45:00;VETO;authorization denied: outside session window (server hour 07, window 12-20)
2025.07.07 08:00:00;VETO;authorization denied: outside session window (server hour 08, window 12-20)
2025.07.07 08:15:01;VETO;authorization denied: outside session window (server hour 08, window 12-20)
2025.07.07 08:30:00;VETO;authorization denied: outside session window (server hour 08, window 12-20)
2025.07.07 11:00:00;DECISION;setup SHORT score=0.85 entry=3302.24 inv=3315.12 tgt=0.00 [BOS short lvl=3305.35|RelVol=1.08|VPnode d=1.76|VWAPside|CycleTurn w=0.90<-0.99]
2025.07.07 11:00:00;VETO;authorization denied: outside session window (server hour 11, window 12-20)
2025.07.07 11:15:00;VETO;authorization denied: outside session window (server hour 11, window 12-20)
2025.07.07 11:30:00;VETO;authorization denied: outside session window (server hour 11, window 12-20)
2025.07.07 11:45:00;VETO;authorization denied: outside session window (server hour 11, window 12-20)
2025.07.07 13:45:00;VETO;outlier bar masked, z=6.2
2025.07.07 16:30:00;VETO;signal rejected: volume: relVol 0.89 < 1.00
2025.07.07 17:00:00;DECISION;setup LONG score=0.65 entry=3316.31 inv=3296.45 tgt=0.00 [BOS long lvl=3312.55|RelVol=1.00|VPnode d=1.11|VWAPside]
2025.07.07 17:00:00;DECISION;TP capped 40.54000 -> 30.40500 (3.0xATR)
2025.07.07 17:00:00;ORDER;filled BUY 0.04 lots sl=3296.45 tp=3347.12 [WT|BOS|0.65]
2025.07.07 17:00:00;RISK;sizing: vol_ratio=1.48 scalar=1.00 gap_buf=3.04036 eff_stop=23.31036
2025.07.07 17:00:00;ORDER;entry fill deal #5 BUY 0.04 @ 3316.72000
2025.07.07 22:08:49;MANAGE;#5 SL 3296.45 -> 3316.90 breakeven
2025.07.07 22:08:49;MANAGE;#5 partial close 0.02 of 0.04 lots
2025.07.07 22:08:49;RISK;deal closed pnl=40.54 streak=0 lock=0
2025.07.07 22:08:50;MANAGE;#5 SL 3316.90 -> 3330.25 trail
2025.07.07 22:09:17;MANAGE;#5 SL 3330.25 -> 3330.41 trail
2025.07.07 22:10:59;MANAGE;#5 SL 3330.41 -> 3330.76 trail
2025.07.07 22:11:08;MANAGE;#5 SL 3330.76 -> 3330.89 trail
2025.07.07 22:11:12;MANAGE;#5 SL 3330.89 -> 3331.02 trail
2025.07.07 22:11:55;MANAGE;#5 SL 3331.02 -> 3331.21 trail
2025.07.07 22:12:13;MANAGE;#5 SL 3331.21 -> 3331.38 trail
2025.07.07 22:14:04;MANAGE;#5 SL 3331.38 -> 3331.51 trail
2025.07.07 22:15:00;VETO;signal rejected: score 0.50 < 0.55 [BOS long lvl=3335.82|RelVol=1.08|VWAPside|ADX=55]
2025.07.07 22:27:34;MANAGE;#5 SL 3331.51 -> 3331.64 trail
2025.07.07 22:27:36;MANAGE;#5 SL 3331.64 -> 3331.88 trail
2025.07.07 22:27:55;MANAGE;#5 SL 3331.88 -> 3332.11 trail
2025.07.07 22:33:08;MANAGE;#5 SL 3332.11 -> 3332.22 trail
2025.07.07 22:33:36;MANAGE;#5 SL 3332.22 -> 3332.32 trail
2025.07.07 22:33:41;MANAGE;#5 SL 3332.32 -> 3332.42 trail
2025.07.07 22:34:41;MANAGE;#5 SL 3332.42 -> 3332.53 trail
2025.07.07 22:34:53;MANAGE;#5 SL 3332.53 -> 3332.67 trail
2025.07.07 22:35:49;MANAGE;#5 SL 3332.67 -> 3332.83 trail
2025.07.07 22:35:50;MANAGE;#5 SL 3332.83 -> 3333.00 trail
2025.07.07 22:39:08;MANAGE;#5 SL 3333.00 -> 3333.10 trail
2025.07.07 22:42:10;MANAGE;#5 SL 3333.10 -> 3333.20 trail
2025.07.08 01:00:08;MANAGE;#5 SL 3333.20 -> 3333.30 trail
2025.07.08 01:00:08;MANAGE;#5 SL 3333.30 -> 3333.42 trail
2025.07.08 01:00:13;MANAGE;#5 SL 3333.42 -> 3333.52 trail
2025.07.08 01:00:45;MANAGE;#5 SL 3333.52 -> 3333.65 trail
2025.07.08 01:00:53;MANAGE;#5 SL 3333.65 -> 3333.86 trail
2025.07.08 01:01:02;MANAGE;#5 SL 3333.86 -> 3333.96 trail
2025.07.08 01:01:02;MANAGE;#5 SL 3333.96 -> 3334.11 trail
2025.07.08 01:01:07;MANAGE;#5 SL 3334.11 -> 3334.61 trail
2025.07.08 01:01:08;MANAGE;#5 SL 3334.61 -> 3334.78 trail
2025.07.08 01:01:27;MANAGE;#5 SL 3334.78 -> 3334.92 trail
2025.07.08 01:01:34;MANAGE;#5 SL 3334.92 -> 3335.03 trail
2025.07.08 01:01:38;MANAGE;#5 SL 3335.03 -> 3335.20 trail
2025.07.08 01:01:41;MANAGE;#5 SL 3335.20 -> 3335.33 trail
2025.07.08 01:01:47;MANAGE;#5 SL 3335.33 -> 3335.47 trail
2025.07.08 01:01:54;MANAGE;#5 SL 3335.47 -> 3335.57 trail
2025.07.08 01:04:13;MANAGE;#5 SL 3335.57 -> 3335.73 trail
2025.07.08 01:04:13;MANAGE;#5 SL 3335.73 -> 3335.93 trail
2025.07.08 01:04:15;MANAGE;#5 SL 3335.93 -> 3336.09 trail
2025.07.08 01:05:22;MANAGE;#5 SL 3336.09 -> 3336.38 trail
2025.07.08 01:05:23;MANAGE;#5 SL 3336.38 -> 3336.53 trail
2025.07.08 01:05:48;MANAGE;#5 SL 3336.53 -> 3336.71 trail
2025.07.08 01:05:50;MANAGE;#5 SL 3336.71 -> 3336.82 trail
2025.07.08 01:05:56;MANAGE;#5 SL 3336.82 -> 3336.95 trail
2025.07.08 01:06:03;MANAGE;#5 SL 3336.95 -> 3337.05 trail
2025.07.08 01:06:03;MANAGE;#5 SL 3337.05 -> 3337.55 trail
2025.07.08 01:06:04;MANAGE;#5 SL 3337.55 -> 3338.33 trail
2025.07.08 01:06:04;MANAGE;#5 SL 3338.33 -> 3338.88 trail
2025.07.08 01:06:20;MANAGE;#5 SL 3338.88 -> 3339.17 trail
2025.07.08 01:06:28;MANAGE;#5 SL 3339.17 -> 3339.33 trail
2025.07.08 01:15:00;VETO;signal rejected: volume: relVol 0.72 < 1.00
2025.07.08 01:17:44;MANAGE;#5 SL 3339.33 -> 3339.49 trail
2025.07.08 01:46:11;RISK;deal closed pnl=44.97 streak=0 lock=0
2025.07.08 03:00:00;DECISION;setup SHORT score=0.65 entry=3334.68 inv=3345.76 tgt=0.00 AWAIT-RETEST [CHoCH short lvl=3335.48|RelVol=1.09|Retest@3334.68|VPnode d=0.88|VWAPside]
2025.07.08 03:15:00;VETO;authorization denied: outside session window (server hour 03, window 12-20)
2025.07.08 03:30:00;VETO;authorization denied: outside session window (server hour 03, window 12-20)
2025.07.08 03:45:00;VETO;authorization denied: outside session window (server hour 03, window 12-20)
2025.07.08 04:00:00;VETO;authorization denied: outside session window (server hour 04, window 12-20)
2025.07.08 10:15:00;VETO;signal rejected: volume: relVol 0.98 < 1.00
2025.07.08 11:15:00;DECISION;setup SHORT score=0.85 entry=3329.94 inv=3339.46 tgt=0.00 AWAIT-RETEST [CHoCH short lvl=3330.87|RelVol=1.28|Retest@3329.94|VPnode d=1.06|VWAPside|CycleTurn w=0.03<-0.82]
2025.07.08 17:00:00;DECISION;setup SHORT score=0.70 entry=3318.85 inv=3329.85 tgt=0.00 AWAIT-RETEST [BOS short lvl=3320.06|RelVol=1.15|Retest@3318.85|VPnear|VWAPside|CycleTurn w=0.32<-0.90]
2025.07.08 17:00:00;DECISION;TP capped 22.00286 -> 16.50214 (3.0xATR)
2025.07.08 17:00:00;ORDER;limit SELL 0.07 @ 3318.85 sl=3329.85 tp=3302.35 rc=10009 [WT|BOS|0.70|RL]
2025.07.08 17:00:00;RISK;sizing: vol_ratio=1.25 scalar=1.00 gap_buf=2.42286 eff_stop=13.42429
2025.07.08 17:15:00;VETO;outlier bar masked, z=4.6
2025.07.08 17:45:00;VETO;outlier bar masked, z=4.1
2025.07.08 18:15:00;VETO;outlier bar masked, z=4.9
2025.07.08 20:00:00;ORDER;cancelled 1 pending: setup expired/invalidated
2025.07.09 02:45:00;DECISION;setup SHORT score=0.70 entry=3298.02 inv=3303.97 tgt=0.00 [BOS short lvl=3299.40|RelVol=1.09|VPnear|VWAPside|CycleTurn w=0.99<-1.00]
2025.07.09 02:45:00;VETO;authorization denied: outside session window (server hour 02, window 12-20)
2025.07.09 03:00:00;VETO;authorization denied: outside session window (server hour 03, window 12-20)
2025.07.09 03:15:00;DECISION;setup LONG score=0.65 entry=3304.71 inv=3299.40 tgt=0.00 AWAIT-RETEST [CHoCH long lvl=3303.97|RelVol=1.03|Retest@3304.71|VPnode d=0.91|VWAPside]
2025.07.09 03:30:00;VETO;authorization denied: outside session window (server hour 03, window 12-20)
2025.07.09 03:45:00;VETO;authorization denied: outside session window (server hour 03, window 12-20)
2025.07.09 04:00:00;VETO;authorization denied: outside session window (server hour 04, window 12-20)
2025.07.09 04:15:00;VETO;authorization denied: outside session window (server hour 04, window 12-20)
2025.07.09 05:45:00;VETO;signal rejected: volume: relVol 0.95 < 1.00
2025.07.09 12:00:00;VETO;signal rejected: volume: relVol 0.99 < 1.00
2025.07.09 16:00:00;VETO;signal rejected: volume: relVol 0.88 < 1.00
2025.07.09 17:00:00;VETO;outlier bar masked, z=4.1
2025.07.09 20:15:00;VETO;signal rejected: score 0.50 < 0.55 [BOS long lvl=3312.86|RelVol=1.02|VWAPside|ADX=41]
2025.07.09 22:15:00;DECISION;setup LONG score=0.70 entry=3316.11 inv=3308.06 tgt=0.00 [BOS long lvl=3314.59|RelVol=1.03|VPnear|VWAPside|CycleTurn w=-0.99<--1.00]
2025.07.09 22:15:00;VETO;authorization denied: outside session window (server hour 22, window 12-20)
2025.07.09 22:30:00;VETO;authorization denied: outside session window (server hour 22, window 12-20)
2025.07.09 22:45:00;VETO;authorization denied: outside session window (server hour 22, window 12-20)
2025.07.09 23:00:00;VETO;authorization denied: outside session window (server hour 23, window 12-20)
2025.07.10 01:15:00;VETO;signal rejected: volume: relVol 0.60 < 1.00
2025.07.10 03:45:00;DECISION;setup LONG score=0.65 entry=3321.74 inv=3315.78 tgt=0.00 [BOS long lvl=3321.17|RelVol=1.03|VPnode d=1.14|VWAPside]
2025.07.10 03:45:00;VETO;authorization denied: outside session window (server hour 03, window 12-20)
2025.07.10 04:00:00;VETO;authorization denied: outside session window (server hour 04, window 12-20)
2025.07.10 04:15:00;VETO;authorization denied: outside session window (server hour 04, window 12-20)
2025.07.10 04:30:00;VETO;authorization denied: outside session window (server hour 04, window 12-20)
2025.07.10 07:00:00;VETO;signal rejected: volume: relVol 0.86 < 1.00
2025.07.10 10:15:01;VETO;signal rejected: volume: relVol 0.90 < 1.00
2025.07.10 15:00:00;DECISION;setup SHORT score=0.85 entry=3321.27 inv=3330.22 tgt=0.00 AWAIT-RETEST [CHoCH short lvl=3322.26|RelVol=1.08|Retest@3321.27|VPnode d=1.67|VWAPside|CycleTurn w=-0.53<--0.52]
2025.07.10 15:00:00;DECISION;TP capped 17.89607 -> 13.42205 (3.0xATR)
2025.07.10 15:00:00;ORDER;limit SELL 0.09 @ 3321.27 sl=3330.22 tp=3307.85 rc=10009 [WT|CHOCH|0.85|RL]
2025.07.10 15:00:00;RISK;sizing: vol_ratio=1.13 scalar=1.00 gap_buf=1.97607 eff_stop=10.92411
2025.07.10 15:21:58;ORDER;entry fill deal #8 SELL 0.09 @ 3321.29000
2025.07.10 16:59:38;MANAGE;#9 SL 3330.22 -> 3321.12 breakeven
2025.07.10 16:59:38;MANAGE;#9 partial close 0.04 of 0.09 lots
2025.07.10 16:59:38;RISK;deal closed pnl=36.20 streak=0 lock=0
2025.07.10 17:00:00;VETO;outlier bar masked, z=4.2
2025.07.10 17:01:27;MANAGE;#9 SL 3321.12 -> 3320.92 trail
2025.07.10 17:02:01;MANAGE;#9 SL 3320.92 -> 3320.62 trail
2025.07.10 17:15:00;VETO;outlier bar masked, z=4.0
2025.07.10 17:15:58;RISK;deal closed pnl=3.15 streak=0 lock=0
2025.07.10 22:00:00;VETO;signal rejected: score 0.50 < 0.55 [CHoCH long lvl=3321.44|RelVol=1.09|Retest@3322.05|VPnear|VWAPside]
2025.07.11 03:15:00;VETO;signal rejected: volume: relVol 0.90 < 1.00
2025.07.11 03:45:00;VETO;outlier bar masked, z=3.7
2025.07.11 08:30:00;VETO;outlier bar masked, z=3.8
2025.07.11 09:30:00;DECISION;setup LONG score=0.60 entry=3342.86 inv=3329.56 tgt=0.00 [BOS long lvl=3341.60|RelVol=1.21|VWAPside|CycleTurn w=0.75<-0.60]
2025.07.11 09:30:00;VETO;authorization denied: outside session window (server hour 09, window 12-20)
2025.07.11 09:45:00;VETO;authorization denied: outside session window (server hour 09, window 12-20)
2025.07.11 10:00:00;VETO;authorization denied: outside session window (server hour 10, window 12-20)
2025.07.11 10:15:00;VETO;authorization denied: outside session window (server hour 10, window 12-20)
2025.07.11 13:30:00;DECISION;setup LONG score=0.70 entry=3345.72 inv=3332.79 tgt=0.00 [BOS long lvl=3343.82|RelVol=1.26|VPnear|VWAPside|CycleTurn w=-0.56<--0.93]
2025.07.11 13:30:00;DECISION;TP capped 26.16000 -> 19.62000 (3.0xATR)
2025.07.11 13:30:00;ORDER;filled BUY 0.06 lots sl=3332.79 tp=3365.49 [WT|BOS|0.70]
2025.07.11 13:30:00;RISK;sizing: vol_ratio=1.01 scalar=1.00 gap_buf=1.84571 eff_stop=14.92571
2025.07.11 13:30:00;ORDER;entry fill deal #11 BUY 0.06 @ 3345.87000
2025.07.11 16:40:08;MANAGE;#12 SL 3332.79 -> 3346.03 breakeven
2025.07.11 16:40:08;MANAGE;#12 partial close 0.03 of 0.06 lots
2025.07.11 16:40:08;RISK;deal closed pnl=39.33 streak=0 lock=0
2025.07.11 16:40:09;MANAGE;#12 SL 3346.03 -> 3349.33 trail
2025.07.11 17:45:00;VETO;signal rejected: score 0.50 < 0.55 [BOS long lvl=3359.05|RelVol=1.14|VWAPside|ADX=36]
2025.07.11 17:49:56;MANAGE;#12 SL 3349.33 -> 3349.45 trail
2025.07.11 17:50:01;MANAGE;#12 SL 3349.45 -> 3349.83 trail
2025.07.11 17:50:23;MANAGE;#12 SL 3349.83 -> 3350.03 trail
2025.07.11 17:50:29;MANAGE;#12 SL 3350.03 -> 3350.16 trail
2025.07.11 17:53:07;MANAGE;#12 SL 3350.16 -> 3350.26 trail
2025.07.11 17:53:09;MANAGE;#12 SL 3350.26 -> 3350.42 trail
2025.07.11 17:53:13;MANAGE;#12 SL 3350.42 -> 3350.61 trail
2025.07.11 17:54:02;MANAGE;#12 SL 3350.61 -> 3350.72 trail
2025.07.11 17:54:06;MANAGE;#12 SL 3350.72 -> 3350.82 trail
2025.07.11 17:54:08;MANAGE;#12 SL 3350.82 -> 3351.23 trail
2025.07.11 17:54:08;MANAGE;#12 SL 3351.23 -> 3351.44 trail
2025.07.11 17:54:09;MANAGE;#12 SL 3351.44 -> 3351.55 trail
2025.07.11 17:54:20;MANAGE;#12 SL 3351.55 -> 3351.66 trail
2025.07.11 17:54:33;MANAGE;#12 SL 3351.66 -> 3351.76 trail
2025.07.11 17:54:34;MANAGE;#12 SL 3351.76 -> 3352.00 trail
2025.07.11 17:54:35;MANAGE;#12 SL 3352.00 -> 3352.28 trail
2025.07.11 17:54:36;MANAGE;#12 SL 3352.28 -> 3352.41 trail
2025.07.11 18:04:38;MANAGE;#12 SL 3352.41 -> 3352.58 trail
2025.07.11 18:04:40;MANAGE;#12 SL 3352.58 -> 3352.70 trail
2025.07.11 18:05:19;MANAGE;#12 SL 3352.70 -> 3352.89 trail
2025.07.11 18:07:50;MANAGE;#12 SL 3352.89 -> 3353.38 trail
2025.07.11 18:08:00;MANAGE;#12 SL 3353.38 -> 3353.67 trail
2025.07.11 18:08:00;MANAGE;#12 SL 3353.67 -> 3353.98 trail
2025.07.11 18:12:09;MANAGE;#12 SL 3353.98 -> 3354.16 trail
2025.07.11 18:13:24;MANAGE;#12 SL 3354.16 -> 3354.26 trail
2025.07.11 18:13:26;MANAGE;#12 SL 3354.26 -> 3354.38 trail
2025.07.11 18:17:58;RISK;deal closed pnl=58.86 streak=0 lock=0
2025.07.14 01:15:00;VETO;outlier bar masked, z=5.3
2025.07.14 04:15:00;VETO;outlier bar masked, z=3.9
2025.07.14 04:30:00;DECISION;setup SHORT score=0.85 entry=3363.87 inv=3373.19 tgt=0.00 AWAIT-RETEST [CHoCH short lvl=3364.99|RelVol=1.33|Retest@3363.87|VPnode d=0.53|VWAPside|CycleTurn w=-0.68<--0.14]
2025.07.14 08:00:00;DECISION;setup LONG score=0.60 entry=3360.50 inv=3353.89 tgt=0.00 AWAIT-RETEST [CHoCH long lvl=3359.66|RelVol=1.57|Retest@3360.50|VPnear|CycleTurn w=-0.93<--0.99]
2025.07.14 08:15:00;VETO;authorization denied: outside session window (server hour 08, window 12-20)
2025.07.14 08:30:00;VETO;authorization denied: outside session window (server hour 08, window 12-20)
2025.07.14 08:45:00;VETO;authorization denied: outside session window (server hour 08, window 12-20)
2025.07.14 09:00:00;VETO;authorization denied: outside session window (server hour 09, window 12-20)
2025.07.14 09:45:00;DECISION;setup LONG score=0.70 entry=3362.72 inv=3353.82 tgt=0.00 [BOS long lvl=3361.65|RelVol=1.15|VPnear|VWAPside|CycleTurn w=0.77<-0.36]
2025.07.14 09:45:00;VETO;authorization denied: outside session window (server hour 09, window 12-20)
2025.07.14 10:00:00;VETO;authorization denied: outside session window (server hour 10, window 12-20)
2025.07.14 10:15:00;VETO;authorization denied: outside session window (server hour 10, window 12-20)
2025.07.14 10:30:00;VETO;authorization denied: outside session window (server hour 10, window 12-20)
2025.07.14 15:15:00;DECISION;setup SHORT score=0.70 entry=3363.20 inv=3373.04 tgt=0.00 AWAIT-RETEST [CHoCH short lvl=3364.10|RelVol=1.23|Retest@3363.20|VPnear|VWAPside|CycleTurn w=-0.78<--0.36]
2025.07.14 15:15:00;DECISION;TP capped 19.68821 -> 14.76616 (3.0xATR)
2025.07.14 15:15:00;ORDER;limit SELL 0.08 @ 3363.20 sl=3373.04 tp=3348.43 rc=10009 [WT|CHOCH|0.70|RL]
2025.07.14 15:15:00;RISK;sizing: vol_ratio=0.87 scalar=1.00 gap_buf=1.80821 eff_stop=11.65232
2025.07.14 17:30:00;ORDER;cancelled 1 pending: setup expired/invalidated
2025.07.14 17:45:00;VETO;outlier bar masked, z=5.2
2025.07.14 20:30:00;VETO;signal rejected: score 0.40 < 0.55 [CHoCH long lvl=3349.67|RelVol=1.11|Retest@3350.61|VPnear]
2025.07.14 22:45:00;DECISION;setup SHORT score=0.60 entry=3347.31 inv=3351.67 tgt=0.00 AWAIT-RETEST [CHoCH short lvl=3347.88|RelVol=1.35|Retest@3347.31|VWAPside|CycleTurn w=0.98<-0.99]
2025.07.15 03:30:01;VETO;signal rejected: volume: relVol 0.63 < 1.00
2025.07.15 14:30:00;VETO;signal rejected: score 0.40 < 0.55 [CHoCH short lvl=3358.64|RelVol=1.01|Retest@3357.69|VPnear]
2025.07.15 15:45:00;VETO;outlier bar masked, z=8.1
2025.07.15 16:30:00;VETO;outlier bar masked, z=3.5
2025.07.15 17:00:00;VETO;outlier bar masked, z=6.4
2025.07.15 18:30:00;VETO;outlier bar masked, z=6.6
2025.07.15 18:45:00;VETO;outlier bar masked, z=3.9
2025.07.16 01:00:08;VETO;signal rejected: score 0.50 < 0.55 [BOS short lvl=3325.87|RelVol=1.01|CycleTurn w=0.99<-1.00]
2025.07.16 03:30:00;VETO;signal rejected: volume: relVol 0.79 < 1.00
2025.07.16 05:15:00;VETO;signal rejected: volume: relVol 0.96 < 1.00
2025.07.16 07:30:00;VETO;signal rejected: volume: relVol 0.94 < 1.00
2025.07.16 14:00:00;VETO;signal rejected: score 0.40 < 0.55 [CHoCH short lvl=3335.97|RelVol=1.07|Retest@3335.31|VPnear]
2025.07.16 16:45:00;VETO;outlier bar masked, z=4.2
2025.07.16 17:30:00;VETO;outlier bar masked, z=3.6
2025.07.16 18:00:00;VETO;outlier bar masked, z=11.9
2025.07.16 18:15:00;VETO;outlier bar masked, z=10.5
2025.07.16 18:30:00;VETO;outlier bar masked, z=16.4
2025.07.16 18:45:00;VETO;outlier bar masked, z=13.2
2025.07.16 19:00:00;VETO;outlier bar masked, z=21.0
2025.07.16 19:15:00;VETO;outlier bar masked, z=10.1
2025.07.17 02:45:01;VETO;signal rejected: volume: relVol 0.93 < 1.00
2025.07.17 09:15:00;DECISION;setup SHORT score=0.85 entry=3335.41 inv=3344.74 tgt=0.00 AWAIT-RETEST [BOS short lvl=3336.26|RelVol=1.15|Retest@3335.41|VPnode d=2.19|VWAPside|CycleTurn w=-0.31<-0.69]
2025.07.17 10:00:00;VETO;authorization denied: outside session window (server hour 10, window 12-20)
2025.07.17 10:15:00;VETO;authorization denied: outside session window (server hour 10, window 12-20)
2025.07.17 10:30:00;VETO;authorization denied: outside session window (server hour 10, window 12-20)
2025.07.17 10:45:00;VETO;authorization denied: outside session window (server hour 10, window 12-20)
2025.07.17 15:00:00;DECISION;setup SHORT score=0.70 entry=3324.28 inv=3331.09 tgt=0.00 [BOS short lvl=3324.77|RelVol=1.16|VPnear|VWAPside|CycleTurn w=0.89<-0.98]
2025.07.17 15:00:00;DECISION;TP capped 13.64000 -> 10.50429 (3.0xATR)
2025.07.17 15:00:00;ORDER;filled SELL 0.12 lots sl=3331.09 tp=3313.77 [WT|BOS|0.70]
2025.07.17 15:00:00;RISK;sizing: vol_ratio=0.76 scalar=1.00 gap_buf=1.75071 eff_stop=8.57071
2025.07.17 15:00:00;ORDER;entry fill deal #14 SELL 0.12 @ 3324.27000
2025.07.17 15:30:38;MANAGE;#16 SL 3331.09 -> 3324.08 breakeven
2025.07.17 15:30:38;MANAGE;#16 partial close 0.06 of 0.12 lots
2025.07.17 15:30:38;RISK;deal closed pnl=42.12 streak=0 lock=0
2025.07.17 15:30:39;MANAGE;#16 SL 3324.08 -> 3323.86 trail
2025.07.17 15:30:40;MANAGE;#16 SL 3323.86 -> 3323.53 trail
2025.07.17 15:30:44;MANAGE;#16 SL 3323.53 -> 3322.91 trail
2025.07.17 15:30:45;MANAGE;#16 SL 3322.91 -> 3322.73 trail
2025.07.17 15:30:48;MANAGE;#16 SL 3322.73 -> 3322.51 trail
2025.07.17 15:31:21;MANAGE;#16 SL 3322.51 -> 3321.84 trail
2025.07.17 15:31:21;RISK;deal closed pnl=65.34 streak=0 lock=0
2025.07.17 15:45:00;VETO;outlier bar masked, z=5.9
2025.07.17 17:30:00;DECISION;setup LONG score=0.60 entry=3330.15 inv=3309.90 tgt=0.00 AWAIT-RETEST [CHoCH long lvl=3328.84|RelVol=1.22|Retest@3330.15|VPnear|CycleTurn w=-0.01<--0.84]
2025.07.17 17:30:00;DECISION;TP capped 40.49821 -> 30.37366 (3.0xATR)
2025.07.17 17:30:00;ORDER;limit BUY 0.04 @ 3330.15 sl=3309.90 tp=3360.52 rc=10009 [WT|CHOCH|0.60|RL]
2025.07.17 17:30:00;RISK;sizing: vol_ratio=1.17 scalar=1.00 gap_buf=2.91679 eff_stop=23.16589
2025.07.17 17:30:02;ORDER;entry fill deal #17 BUY 0.04 @ 3330.10000
2025.07.18 01:45:00;DECISION;setup LONG score=0.85 entry=3341.58 inv=3337.50 tgt=0.00 AWAIT-RETEST [BOS long lvl=3341.07|RelVol=1.04|Retest@3341.58|VPnode d=0.02|VWAPside|CycleTurn w=-0.98<--1.00]
2025.07.18 02:30:00;VETO;authorization denied: outside session window (server hour 02, window 12-20)
2025.07.18 02:45:01;VETO;authorization denied: outside session window (server hour 02, window 12-20)
2025.07.18 03:00:00;VETO;authorization denied: outside session window (server hour 03, window 12-20)
2025.07.18 03:15:00;VETO;authorization denied: outside session window (server hour 03, window 12-20)
2025.07.18 04:30:00;VETO;signal rejected: volume: relVol 0.78 < 1.00
2025.07.18 05:15:00;VETO;signal rejected: volume: relVol 0.99 < 1.00
2025.07.18 06:30:00;VETO;signal rejected: volume: relVol 0.83 < 1.00
2025.07.18 09:00:00;VETO;signal rejected: volume: relVol 0.90 < 1.00
2025.07.18 10:00:00;DECISION;setup LONG score=0.85 entry=3341.50 inv=3331.80 tgt=0.00 AWAIT-RETEST [CHoCH long lvl=3340.77|RelVol=1.04|Retest@3341.50|VPnode d=0.10|VWAPside|CycleTurn w=0.65<--0.21]
2025.07.18 10:15:00;VETO;authorization denied: outside session window (server hour 10, window 12-20)
2025.07.18 10:30:00;VETO;authorization denied: outside session window (server hour 10, window 12-20)
2025.07.18 10:45:00;VETO;authorization denied: outside session window (server hour 10, window 12-20)
2025.07.18 11:00:00;VETO;authorization denied: outside session window (server hour 11, window 12-20)
2025.07.18 11:07:16;MANAGE;#19 SL 3309.90 -> 3330.27 breakeven
2025.07.18 11:07:16;MANAGE;#19 partial close 0.02 of 0.04 lots
2025.07.18 11:07:16;RISK;deal closed pnl=40.23 streak=0 lock=0
2025.07.18 11:07:16;MANAGE;#19 SL 3330.27 -> 3343.29 trail
2025.07.18 12:06:07;MANAGE;#19 SL 3343.29 -> 3343.40 trail
2025.07.18 12:06:20;MANAGE;#19 SL 3343.40 -> 3343.51 trail
2025.07.18 12:06:37;MANAGE;#19 SL 3343.51 -> 3343.70 trail
2025.07.18 12:06:51;MANAGE;#19 SL 3343.70 -> 3343.81 trail
2025.07.18 12:07:04;MANAGE;#19 SL 3343.81 -> 3343.97 trail
2025.07.18 12:07:10;MANAGE;#19 SL 3343.97 -> 3344.15 trail
2025.07.18 12:07:18;MANAGE;#19 SL 3344.15 -> 3344.28 trail
2025.07.18 12:07:19;MANAGE;#19 SL 3344.28 -> 3344.39 trail
2025.07.18 12:07:20;MANAGE;#19 SL 3344.39 -> 3344.76 trail
2025.07.18 12:08:08;MANAGE;#19 SL 3344.76 -> 3344.98 trail
2025.07.18 12:08:10;MANAGE;#19 SL 3344.98 -> 3345.20 trail
2025.07.18 12:08:12;MANAGE;#19 SL 3345.20 -> 3345.56 trail
2025.07.18 12:08:16;MANAGE;#19 SL 3345.56 -> 3345.79 trail
2025.07.18 12:08:16;MANAGE;#19 SL 3345.79 -> 3345.96 trail
2025.07.18 12:08:17;MANAGE;#19 SL 3345.96 -> 3346.12 trail
2025.07.18 12:08:24;MANAGE;#19 SL 3346.12 -> 3346.23 trail
2025.07.18 12:08:38;MANAGE;#19 SL 3346.23 -> 3346.42 trail
2025.07.18 12:08:38;MANAGE;#19 SL 3346.42 -> 3346.65 trail
2025.07.18 12:08:44;MANAGE;#19 SL 3346.65 -> 3346.80 trail
2025.07.18 12:08:50;MANAGE;#19 SL 3346.80 -> 3346.91 trail
2025.07.18 12:08:52;MANAGE;#19 SL 3346.91 -> 3347.06 trail
2025.07.18 12:08:53;MANAGE;#19 SL 3347.06 -> 3347.43 trail
2025.07.18 12:09:03;MANAGE;#19 SL 3347.43 -> 3347.56 trail
2025.07.18 12:09:05;MANAGE;#19 SL 3347.56 -> 3347.88 trail
2025.07.18 12:15:00;VETO;signal rejected: score 0.50 < 0.55 [BOS long lvl=3350.34|RelVol=1.03|VWAPside|ADX=37]
2025.07.18 14:35:45;MANAGE;#19 SL 3347.88 -> 3347.99 trail
2025.07.18 14:37:38;MANAGE;#19 SL 3347.99 -> 3348.18 trail
2025.07.18 14:38:13;MANAGE;#19 SL 3348.18 -> 3348.29 trail
2025.07.18 14:38:14;MANAGE;#19 SL 3348.29 -> 3348.49 trail
2025.07.18 14:38:46;MANAGE;#19 SL 3348.49 -> 3348.61 trail
2025.07.18 14:38:47;MANAGE;#19 SL 3348.61 -> 3348.87 trail
2025.07.18 14:39:32;MANAGE;#19 SL 3348.87 -> 3349.03 trail
2025.07.18 14:39:35;MANAGE;#19 SL 3349.03 -> 3349.14 trail
2025.07.18 14:40:02;MANAGE;#19 SL 3349.14 -> 3349.29 trail
2025.07.18 14:40:17;MANAGE;#19 SL 3349.29 -> 3349.40 trail
2025.07.18 14:40:26;MANAGE;#19 SL 3349.40 -> 3349.53 trail
2025.07.18 14:41:19;MANAGE;#19 SL 3349.53 -> 3349.72 trail
2025.07.18 14:41:29;MANAGE;#19 SL 3349.72 -> 3349.83 trail
2025.07.18 14:41:35;MANAGE;#19 SL 3349.83 -> 3349.96 trail
2025.07.18 14:45:00;VETO;signal rejected: volume: relVol 0.95 < 1.00
2025.07.18 14:45:58;MANAGE;#19 SL 3349.96 -> 3350.17 trail
2025.07.18 14:45:59;MANAGE;#19 SL 3350.17 -> 3350.31 trail
2025.07.18 14:46:15;MANAGE;#19 SL 3350.31 -> 3350.47 trail
2025.07.18 14:46:15;MANAGE;#19 SL 3350.47 -> 3350.80 trail
2025.07.18 14:47:01;MANAGE;#19 SL 3350.80 -> 3351.09 trail
2025.07.18 14:49:05;MANAGE;#19 SL 3351.09 -> 3351.63 trail
2025.07.18 15:03:04;MANAGE;#19 SL 3351.63 -> 3351.79 trail
2025.07.18 15:03:06;MANAGE;#19 SL 3351.79 -> 3352.10 trail
2025.07.18 15:03:07;MANAGE;#19 SL 3352.10 -> 3352.30 trail
2025.07.18 15:03:14;MANAGE;#19 SL 3352.30 -> 3352.44 trail
2025.07.18 15:03:40;MANAGE;#19 SL 3352.44 -> 3352.62 trail
2025.07.18 15:03:49;MANAGE;#19 SL 3352.62 -> 3352.76 trail
2025.07.18 15:11:03;MANAGE;#19 SL 3352.76 -> 3352.93 trail
2025.07.18 15:14:47;MANAGE;#19 SL 3352.93 -> 3353.40 trail
2025.07.18 15:40:45;MANAGE;#19 SL 3353.40 -> 3353.58 trail
2025.07.18 15:41:31;RISK;deal closed pnl=60.69 streak=0 lock=0
2025.07.18 21:15:00;VETO;signal rejected: volume: relVol 0.95 < 1.00
2025.07.18 22:45:00;VETO;signal rejected: volume: relVol 0.96 < 1.00
2025.07.21 01:15:00;VETO;signal rejected: volume: relVol 0.58 < 1.00
2025.07.21 03:45:00;VETO;signal rejected: volume: relVol 0.91 < 1.00
2025.07.21 08:15:00;DECISION;setup LONG score=0.95 entry=3359.36 inv=3350.72 tgt=0.00 AWAIT-RETEST [BOS long lvl=3358.58|RelVol=1.30|Retest@3359.36|VPnode d=0.76|VWAPside|CycleTurn w=0.24<--0.74|ADX=33]
2025.07.21 14:15:00;DECISION;setup LONG score=0.85 entry=3369.45 inv=3362.85 tgt=0.00 [BOS long lvl=3367.99|RelVol=1.03|VPnode d=1.35|VWAPside|CycleTurn w=-0.99<--1.00]
2025.07.21 14:15:00;DECISION;TP capped 13.52000 -> 10.14000 (3.0xATR)
2025.07.21 14:15:00;ORDER;filled BUY 0.13 lots sl=3362.85 tp=3379.75 [WT|BOS|0.85]
2025.07.21 14:15:00;RISK;sizing: vol_ratio=0.85 scalar=1.00 gap_buf=1.22357 eff_stop=7.98357
2025.07.21 14:15:00;ORDER;entry fill deal #20 BUY 0.13 @ 3369.61000
2025.07.21 15:01:05;MANAGE;#22 SL 3362.85 -> 3369.76 breakeven
2025.07.21 15:01:05;MANAGE;#22 partial close 0.06 of 0.13 lots
2025.07.21 15:01:05;RISK;deal closed pnl=40.86 streak=0 lock=0
2025.07.21 15:01:06;MANAGE;#22 SL 3369.76 -> 3371.09 trail
2025.07.21 15:01:09;MANAGE;#22 SL 3371.09 -> 3371.28 trail
2025.07.21 15:01:11;MANAGE;#22 SL 3371.28 -> 3371.44 trail
2025.07.21 15:02:10;MANAGE;#22 SL 3371.44 -> 3371.57 trail
2025.07.21 15:02:11;MANAGE;#22 SL 3371.57 -> 3371.72 trail
2025.07.21 15:11:02;MANAGE;#22 SL 3371.72 -> 3371.85 trail
2025.07.21 15:18:39;MANAGE;#22 SL 3371.85 -> 3371.95 trail
2025.07.21 15:18:42;MANAGE;#22 SL 3371.95 -> 3372.11 trail
2025.07.21 15:18:48;MANAGE;#22 SL 3372.11 -> 3372.21 trail
2025.07.21 15:18:55;MANAGE;#22 SL 3372.21 -> 3372.33 trail
2025.07.21 15:18:56;MANAGE;#22 SL 3372.33 -> 3372.49 trail
2025.07.21 15:18:59;MANAGE;#22 SL 3372.49 -> 3372.60 trail
2025.07.21 15:18:59;MANAGE;#22 SL 3372.60 -> 3373.25 trail
2025.07.21 15:19:04;MANAGE;#22 SL 3373.25 -> 3373.50 trail
2025.07.21 15:19:05;MANAGE;#22 SL 3373.50 -> 3373.65 trail
2025.07.21 15:19:07;MANAGE;#22 SL 3373.65 -> 3373.75 trail
2025.07.21 15:20:05;MANAGE;#22 SL 3373.75 -> 3373.85 trail
2025.07.21 15:20:19;MANAGE;#22 SL 3373.85 -> 3373.96 trail
2025.07.21 15:20:25;MANAGE;#22 SL 3373.96 -> 3374.21 trail
2025.07.21 15:21:33;MANAGE;#22 SL 3374.21 -> 3374.44 trail
2025.07.21 15:21:33;RISK;deal closed pnl=71.61 streak=0 lock=0
2025.07.21 15:30:00;VETO;outlier bar masked, z=5.2
2025.07.21 17:00:00;VETO;outlier bar masked, z=4.7
2025.07.21 17:15:00;VETO;outlier bar masked, z=5.2
2025.07.21 20:00:00;VETO;signal rejected: score 0.30 < 0.55 [CHoCH short lvl=3395.65|RelVol=1.14|Retest@3394.71]
2025.07.22 01:30:02;VETO;signal rejected: volume: relVol 0.50 < 1.00
2025.07.22 02:45:00;VETO;outlier bar masked, z=5.8
2025.07.22 04:45:00;DECISION;setup SHORT score=0.65 entry=3388.17 inv=3397.56 tgt=0.00 [BOS short lvl=3390.52|RelVol=1.06|VPnode d=2.23|VWAPside]
2025.07.22 04:45:00;VETO;authorization denied: outside session window (server hour 04, window 12-20)
2025.07.22 05:00:00;VETO;authorization denied: outside session window (server hour 05, window 12-20)
2025.07.22 05:15:00;VETO;authorization denied: outside session window (server hour 05, window 12-20)
2025.07.22 05:30:00;VETO;authorization denied: outside session window (server hour 05, window 12-20)
2025.07.22 09:30:00;DECISION;setup SHORT score=0.65 entry=3384.88 inv=3391.90 tgt=0.00 [BOS short lvl=3385.17|RelVol=1.07|VPnode d=0.52|VWAPside]
2025.07.22 09:30:00;VETO;authorization denied: outside session window (server hour 09, window 12-20)
2025.07.22 09:45:00;VETO;authorization denied: outside session window (server hour 09, window 12-20)
2025.07.22 10:00:00;VETO;authorization denied: outside session window (server hour 10, window 12-20)
2025.07.22 10:15:00;VETO;authorization denied: outside session window (server hour 10, window 12-20)
2025.07.22 15:00:00;DECISION;setup LONG score=0.65 entry=3391.20 inv=3384.65 tgt=0.00 AWAIT-RETEST [CHoCH long lvl=3390.61|RelVol=1.07|Retest@3391.20|VPnode d=0.00|VWAPside]
2025.07.22 15:00:00;DECISION;TP capped 13.09143 -> 9.81857 (3.0xATR)
2025.07.22 15:00:00;ORDER;limit BUY 0.13 @ 3391.20 sl=3384.65 tp=3401.01 rc=10009 [WT|CHOCH|0.65|RL]
2025.07.22 15:00:00;RISK;sizing: vol_ratio=0.77 scalar=1.00 gap_buf=1.17143 eff_stop=7.71714
2025.07.22 15:45:00;VETO;outlier bar masked, z=4.0
2025.07.22 16:30:00;VETO;outlier bar masked, z=3.8
2025.07.22 16:45:00;ORDER;cancelled 1 pending: setup expired/invalidated
2025.07.22 17:00:00;VETO;outlier bar masked, z=4.3
2025.07.22 17:15:00;VETO;outlier bar masked, z=5.5
2025.07.22 20:00:00;VETO;signal rejected: score 0.50 < 0.55 [BOS long lvl=3430.55|RelVol=1.34|VWAPside|ADX=73]
2025.07.22 22:30:00;VETO;signal rejected: score 0.50 < 0.55 [BOS long lvl=3430.97|RelVol=1.31|VWAPside|ADX=59]
2025.07.23 04:15:00;DECISION;setup SHORT score=0.65 entry=3425.29 inv=3438.77 tgt=0.00 AWAIT-RETEST [CHoCH short lvl=3426.26|RelVol=1.22|Retest@3425.29|VPnode d=1.71|VWAPside]
2025.07.23 04:30:00;VETO;authorization denied: outside session window (server hour 04, window 12-20)
2025.07.23 04:45:00;VETO;authorization denied: outside session window (server hour 04, window 12-20)
2025.07.23 05:00:00;VETO;authorization denied: outside session window (server hour 05, window 12-20)
2025.07.23 05:15:00;VETO;authorization denied: outside session window (server hour 05, window 12-20)
2025.07.23 08:45:00;VETO;signal rejected: score 0.50 < 0.55 [BOS short lvl=3419.26|RelVol=1.15|VPnear|VWAPside]
2025.07.23 12:15:00;VETO;signal rejected: volume: relVol 0.85 < 1.00
2025.07.23 16:00:00;VETO;signal rejected: volume: relVol 0.97 < 1.00
2025.07.23 19:00:00;VETO;outlier bar masked, z=5.0
2025.07.23 19:15:00;VETO;outlier bar masked, z=5.6
2025.07.24 05:15:00;DECISION;setup SHORT score=0.70 entry=3382.16 inv=3393.35 tgt=0.00 [BOS short lvl=3384.13|RelVol=1.27|VPnear|VWAPside|CycleTurn w=0.92<-0.98]
2025.07.24 05:15:00;VETO;authorization denied: outside session window (server hour 05, window 12-20)
2025.07.24 05:30:00;VETO;authorization denied: outside session window (server hour 05, window 12-20)
2025.07.24 05:45:00;VETO;authorization denied: outside session window (server hour 05, window 12-20)
2025.07.24 06:00:00;VETO;authorization denied: outside session window (server hour 06, window 12-20)
2025.07.24 06:15:00;VETO;signal rejected: score 0.40 < 0.55 [BOS short lvl=3380.95|RelVol=1.63|VWAPside]
2025.07.24 09:30:00;VETO;signal rejected: score 0.50 < 0.55 [BOS short lvl=3374.79|RelVol=1.05|VWAPside|ADX=44]
2025.07.24 11:00:00;VETO;outlier bar masked, z=4.0
2025.07.24 12:30:00;VETO;signal rejected: score 0.50 < 0.55 [BOS short lvl=3365.88|RelVol=1.04|VWAPside|ADX=44]
2025.07.24 15:15:00;DECISION;setup SHORT score=0.95 entry=3361.80 inv=3367.25 tgt=0.00 [BOS short lvl=3362.03|RelVol=1.07|VPnode d=0.20|VWAPside|CycleTurn w=0.99<-1.00|ADX=34]
2025.07.24 15:15:00;DECISION;TP capped 10.98000 -> 10.38429 (3.0xATR)
2025.07.24 15:15:00;ORDER;filled SELL 0.14 lots sl=3367.25 tp=3351.38 [WT|BOS|0.95]
2025.07.24 15:15:00;RISK;sizing: vol_ratio=0.81 scalar=1.00 gap_buf=1.73071 eff_stop=7.22071
2025.07.24 15:15:00;ORDER;entry fill deal #23 SELL 0.14 @ 3361.76000
2025.07.24 15:49:49;MANAGE;#26 SL 3367.25 -> 3361.61 breakeven
2025.07.24 15:49:49;MANAGE;#26 partial close 0.07 of 0.14 lots
2025.07.24 15:49:49;RISK;deal closed pnl=38.92 streak=0 lock=0
2025.07.24 15:50:02;MANAGE;#26 SL 3361.61 -> 3361.47 trail
2025.07.24 15:50:59;MANAGE;#26 SL 3361.47 -> 3361.27 trail
2025.07.24 15:51:43;MANAGE;#26 SL 3361.27 -> 3360.94 trail
2025.07.24 15:51:43;MANAGE;#26 SL 3360.94 -> 3360.81 trail
2025.07.24 15:51:44;MANAGE;#26 SL 3360.81 -> 3360.50 trail
2025.07.24 15:51:57;MANAGE;#26 SL 3360.50 -> 3360.38 trail
2025.07.24 15:56:23;MANAGE;#26 SL 3360.38 -> 3360.28 trail
2025.07.24 15:56:24;MANAGE;#26 SL 3360.28 -> 3360.18 trail
2025.07.24 16:00:09;MANAGE;#26 SL 3360.18 -> 3360.03 trail
2025.07.24 16:00:10;MANAGE;#26 SL 3360.03 -> 3359.52 trail
2025.07.24 16:09:34;RISK;deal closed pnl=15.54 streak=0 lock=0
2025.07.24 16:45:00;DECISION;setup LONG score=0.60 entry=3366.81 inv=3359.01 tgt=0.00 AWAIT-RETEST [CHoCH long lvl=3365.51|RelVol=1.20|Retest@3366.81|StopFloored|VPnear|CycleTurn w=-0.48<--0.78]
2025.07.24 16:45:00;DECISION;TP capped 15.60857 -> 15.60857 (3.0xATR)
2025.07.24 16:45:00;ERROR;limit BUY 0.10 @ 3366.81 sl=3359.01 tp=3382.42 rc=10015 [WT|CHOCH|0.60|RL]
2025.07.24 17:00:00;ORDER;filled BUY 0.10 lots sl=3359.01 tp=3382.57 [WT|CHOCH|0.60]
2025.07.24 17:00:00;RISK;sizing: vol_ratio=1.20 scalar=1.00 gap_buf=2.73214 eff_stop=10.58571
2025.07.24 17:00:00;ORDER;entry fill deal #26 BUY 0.10 @ 3366.86000
2025.07.24 17:31:33;MANAGE;#29 SL 3359.01 -> 3367.02 breakeven
2025.07.24 17:31:33;MANAGE;#29 partial close 0.05 of 0.10 lots
2025.07.24 17:31:33;RISK;deal closed pnl=39.25 streak=0 lock=0
2025.07.24 19:57:48;RISK;deal closed pnl=0.80 streak=0 lock=0
2025.07.24 21:45:00;VETO;signal rejected: volume: relVol 0.92 < 1.00
2025.07.25 01:15:00;VETO;signal rejected: volume: relVol 0.39 < 1.00
2025.07.25 03:30:00;VETO;signal rejected: volume: relVol 0.73 < 1.00
2025.07.25 05:45:00;VETO;signal rejected: volume: relVol 0.77 < 1.00
2025.07.25 08:45:01;VETO;signal rejected: volume: relVol 0.83 < 1.00
2025.07.25 10:45:00;VETO;signal rejected: volume: relVol 0.77 < 1.00
2025.07.25 11:30:00;VETO;outlier bar masked, z=4.2
2025.07.25 14:00:00;VETO;signal rejected: volume: relVol 0.81 < 1.00
2025.07.25 16:45:00;VETO;outlier bar masked, z=4.2
2025.07.25 18:00:00;DECISION;setup SHORT score=0.80 entry=3335.09 inv=3347.49 tgt=0.00 AWAIT-RETEST [BOS short lvl=3336.28|RelVol=1.07|Retest@3335.09|VPnear|VWAPside|CycleTurn w=0.80<-0.97|ADX=31]
2025.07.25 18:00:00;DECISION;TP capped 24.80429 -> 18.60321 (3.0xATR)
2025.07.25 18:00:00;ORDER;limit SELL 0.07 @ 3335.09 sl=3347.49 tp=3316.48 rc=10009 [WT|BOS|0.80|RL]
2025.07.25 18:00:00;RISK;sizing: vol_ratio=1.44 scalar=1.00 gap_buf=2.54107 eff_stop=14.94321
2025.07.25 18:17:31;ORDER;entry fill deal #29 SELL 0.07 @ 3335.11000
2025.07.25 22:00:00;RISK;FLATTEN ALL: Friday flatten: weekend gap protection
2025.07.25 22:00:00;RISK;deal closed pnl=-26.53 streak=1 lock=0
2025.07.28 02:15:00;VETO;outlier bar masked, z=3.7
2025.07.28 04:15:00;VETO;outlier bar masked, z=4.6
2025.07.28 04:45:00;VETO;signal rejected: volume: relVol 0.96 < 1.00
2025.07.28 06:45:00;VETO;signal rejected: volume: relVol 0.76 < 1.00
2025.07.28 11:00:00;VETO;signal rejected: volume: relVol 0.89 < 1.00
2025.07.28 15:15:00;DECISION;setup SHORT score=0.65 entry=3333.33 inv=3340.72 tgt=0.00 [BOS short lvl=3334.21|RelVol=1.01|VPnode d=0.67|VWAPside]
2025.07.28 15:15:00;DECISION;TP capped 14.94000 -> 11.20500 (3.0xATR)
2025.07.28 15:15:00;ORDER;filled SELL 0.11 lots sl=3340.72 tp=3322.05 [WT|BOS|0.65]
2025.07.28 15:15:00;RISK;sizing: vol_ratio=0.80 scalar=1.00 gap_buf=1.47107 eff_stop=8.94107
2025.07.28 15:15:00;ORDER;entry fill deal #31 SELL 0.11 @ 3333.25000
2025.07.28 15:50:36;MANAGE;#34 SL 3340.72 -> 3333.09 breakeven
2025.07.28 15:50:36;MANAGE;#34 partial close 0.05 of 0.11 lots
2025.07.28 15:50:36;RISK;deal closed pnl=37.40 streak=0 lock=0
2025.07.28 15:50:37;MANAGE;#34 SL 3333.09 -> 3332.56 trail
2025.07.28 15:51:02;MANAGE;#34 SL 3332.56 -> 3332.35 trail
2025.07.28 16:32:53;MANAGE;#34 SL 3332.35 -> 3332.14 trail
2025.07.28 16:32:53;MANAGE;#34 SL 3332.14 -> 3331.94 trail
2025.07.28 16:32:56;MANAGE;#34 SL 3331.94 -> 3331.64 trail
2025.07.28 16:33:00;MANAGE;#34 SL 3331.64 -> 3331.47 trail
2025.07.28 16:34:03;MANAGE;#34 SL 3331.47 -> 3331.12 trail
2025.07.28 16:34:09;MANAGE;#34 SL 3331.12 -> 3331.00 trail
2025.07.28 16:34:11;MANAGE;#34 SL 3331.00 -> 3330.89 trail
2025.07.28 16:34:12;MANAGE;#34 SL 3330.89 -> 3330.77 trail
2025.07.28 16:34:12;MANAGE;#34 SL 3330.77 -> 3330.13 trail
2025.07.28 16:34:15;MANAGE;#34 SL 3330.13 -> 3330.01 trail
2025.07.28 16:34:16;MANAGE;#34 SL 3330.01 -> 3329.85 trail
2025.07.28 16:43:42;MANAGE;#34 SL 3329.85 -> 3329.62 trail
2025.07.28 16:44:07;MANAGE;#34 SL 3329.62 -> 3329.46 trail
2025.07.28 16:44:27;MANAGE;#34 SL 3329.46 -> 3329.33 trail
2025.07.28 16:44:28;MANAGE;#34 SL 3329.33 -> 3329.18 trail
2025.07.28 16:44:42;MANAGE;#34 SL 3329.18 -> 3329.04 trail
2025.07.28 16:45:02;RISK;deal closed pnl=67.26 streak=0 lock=0
2025.07.28 17:00:00;VETO;outlier bar masked, z=9.4
2025.07.28 23:15:00;VETO;signal rejected: volume: relVol 0.84 < 1.00
2025.07.29 03:30:00;VETO;signal rejected: volume: relVol 0.81 < 1.00
2025.07.29 04:45:00;VETO;signal rejected: volume: relVol 0.92 < 1.00
2025.07.29 09:30:00;VETO;signal rejected: volume: relVol 0.82 < 1.00
2025.07.29 11:15:00;VETO;outlier bar masked, z=5.8
2025.07.29 14:15:00;VETO;signal rejected: volume: relVol 0.96 < 1.00
2025.07.29 16:45:00;VETO;outlier bar masked, z=3.9
2025.07.29 17:45:00;VETO;signal rejected: volume: relVol 0.91 < 1.00
2025.07.30 03:15:01;VETO;signal rejected: volume: relVol 0.85 < 1.00
2025.07.30 04:45:00;DECISION;setup SHORT score=0.85 entry=3325.45 inv=3333.61 tgt=0.00 AWAIT-RETEST [CHoCH short lvl=3326.13|RelVol=1.02|Retest@3325.45|VPnode d=1.55|VWAPside|CycleTurn w=0.78<-1.00]
2025.07.30 05:15:00;VETO;authorization denied: outside session window (server hour 05, window 12-20)
2025.07.30 05:30:00;VETO;authorization denied: outside session window (server hour 05, window 12-20)
2025.07.30 05:45:00;VETO;authorization denied: outside session window (server hour 05, window 12-20)
2025.07.30 06:00:00;VETO;authorization denied: outside session window (server hour 06, window 12-20)
2025.07.30 08:45:01;VETO;signal rejected: volume: relVol 0.77 < 1.00
2025.07.30 12:00:00;VETO;signal rejected: volume: relVol 0.72 < 1.00
2025.07.30 16:00:00;VETO;outlier bar masked, z=6.9
2025.07.30 18:30:00;VETO;outlier bar masked, z=4.2
2025.07.30 21:45:00;VETO;outlier bar masked, z=4.7
2025.07.30 22:00:00;VETO;outlier bar masked, z=4.8
2025.07.31 02:45:00;DECISION;setup LONG score=0.65 entry=3281.16 inv=3268.17 tgt=0.00 AWAIT-RETEST [CHoCH long lvl=3280.14|RelVol=1.05|Retest@3281.16|VPnode d=1.16|VWAPside]
2025.07.31 03:00:00;VETO;authorization denied: outside session window (server hour 03, window 12-20)
2025.07.31 03:15:00;VETO;authorization denied: outside session window (server hour 03, window 12-20)
2025.07.31 03:30:00;VETO;authorization denied: outside session window (server hour 03, window 12-20)
2025.07.31 03:45:00;VETO;authorization denied: outside session window (server hour 03, window 12-20)
2025.07.31 09:00:00;VETO;signal rejected: volume: relVol 0.97 < 1.00
2025.07.31 11:15:00;DECISION;setup LONG score=0.75 entry=3306.01 inv=3298.08 tgt=0.00 AWAIT-RETEST [BOS long lvl=3304.94|RelVol=1.06|Retest@3306.01|VPnode d=1.21|VWAPside|ADX=42]
2025.07.31 12:45:01;DECISION;TP capped 15.32000 -> 14.35071 (3.0xATR)
2025.07.31 12:45:01;ORDER;filled BUY 0.10 lots sl=3298.08 tp=3320.09 [WT|BOS|0.75]
2025.07.31 12:45:01;RISK;sizing: vol_ratio=1.06 scalar=1.00 gap_buf=2.39179 eff_stop=10.05179
2025.07.31 12:45:01;ORDER;entry fill deal #34 BUY 0.10 @ 3305.74000
2025.07.31 13:53:25;RISK;deal closed pnl=-76.90 streak=1 lock=0
2025.07.31 14:00:00;DECISION;setup SHORT score=0.55 entry=3296.87 inv=3314.81 tgt=0.00 AWAIT-RETEST [CHoCH short lvl=3298.08|RelVol=1.52|Retest@3296.87|VPnode d=1.37]
2025.07.31 14:00:00;DECISION;TP capped 35.88929 -> 26.91696 (3.0xATR)
2025.07.31 14:00:00;ORDER;limit SELL 0.05 @ 3296.87 sl=3314.81 tp=3269.95 rc=10009 [WT|CHOCH|0.55|RL]
2025.07.31 14:00:00;RISK;sizing: vol_ratio=1.06 scalar=1.00 gap_buf=2.42929 eff_stop=20.37393
2025.07.31 14:02:19;ORDER;entry fill deal #36 SELL 0.05 @ 3296.90000
2025.07.31 18:45:00;DECISION;setup SHORT score=0.75 entry=3293.79 inv=3311.06 tgt=0.00 [BOS short lvl=3293.80|RelVol=1.02|VPnode d=0.59|VWAPside|ADX=39]
2025.07.31 18:45:00;DECISION;TP capped 34.54000 -> 25.90500 (3.0xATR)
2025.07.31 18:45:00;VETO;risk veto: max positions
2025.07.31 19:15:00;DECISION;setup SHORT score=0.75 entry=3291.15 inv=3299.00 tgt=0.00 [BOS short lvl=3291.38|RelVol=1.20|VPnode d=0.65|VWAPside|ADX=41]
2025.07.31 19:15:00;DECISION;TP capped 15.56000 -> 14.49000 (3.0xATR)
2025.07.31 19:15:00;VETO;risk veto: max positions
2025.07.31 22:30:00;DECISION;setup SHORT score=0.85 entry=3291.12 inv=3297.06 tgt=0.00 [BOS short lvl=3292.81|RelVol=1.15|VPnode d=0.32|VWAPside|CycleTurn w=0.95<-1.00]
2025.07.31 22:30:00;VETO;authorization denied: outside session window (server hour 22, window 12-20)
2025.07.31 22:45:00;VETO;authorization denied: outside session window (server hour 22, window 12-20)
2025.07.31 23:00:00;VETO;authorization denied: outside session window (server hour 23, window 12-20)
2025.07.31 23:15:00;VETO;authorization denied: outside session window (server hour 23, window 12-20)
2025.08.01 03:00:00;VETO;signal rejected: volume: relVol 0.87 < 1.00
2025.08.01 05:00:00;DECISION;setup SHORT score=0.70 entry=3283.80 inv=3293.77 tgt=0.00 [BOS short lvl=3286.47|RelVol=1.02|VPnear|VWAPside|CycleTurn w=0.66<-0.97]
2025.08.01 05:00:00;VETO;authorization denied: outside session window (server hour 05, window 12-20)
2025.08.01 05:15:00;VETO;authorization denied: outside session window (server hour 05, window 12-20)
2025.08.01 05:30:00;VETO;authorization denied: outside session window (server hour 05, window 12-20)
2025.08.01 05:45:00;VETO;authorization denied: outside session window (server hour 05, window 12-20)
2025.08.01 06:15:00;DECISION;setup LONG score=0.85 entry=3294.89 inv=3281.59 tgt=0.00 AWAIT-RETEST [CHoCH long lvl=3293.77|RelVol=1.03|Retest@3294.89|VPnode d=2.49|VWAPside|CycleTurn w=0.77<-0.26]
2025.08.01 06:30:00;VETO;authorization denied: outside session window (server hour 06, window 12-20)
2025.08.01 06:45:00;VETO;authorization denied: outside session window (server hour 06, window 12-20)
2025.08.01 07:00:01;VETO;authorization denied: outside session window (server hour 07, window 12-20)
2025.08.01 07:15:00;VETO;authorization denied: outside session window (server hour 07, window 12-20)
2025.08.01 09:00:00;VETO;signal rejected: score 0.50 < 0.55 [BOS long lvl=3295.94|RelVol=1.02|VPnear|VWAPside]
2025.08.01 10:45:02;DECISION;setup SHORT score=0.65 entry=3289.27 inv=3300.30 tgt=0.00 AWAIT-RETEST [CHoCH short lvl=3290.07|RelVol=1.09|Retest@3289.27|VPnode d=0.87|VWAPside]
2025.08.01 11:00:00;VETO;authorization denied: outside session window (server hour 11, window 12-20)
2025.08.01 11:15:00;VETO;authorization denied: outside session window (server hour 11, window 12-20)
2025.08.01 11:30:00;VETO;authorization denied: outside session window (server hour 11, window 12-20)
2025.08.01 11:45:00;VETO;authorization denied: outside session window (server hour 11, window 12-20)
2025.08.01 12:00:00;DECISION;setup LONG score=0.85 entry=3294.34 inv=3285.31 tgt=0.00 AWAIT-RETEST [CHoCH long lvl=3293.44|RelVol=1.06|Retest@3294.34|VPnode d=0.74|VWAPside|CycleTurn w=-0.95<--1.00]
2025.08.01 12:00:00;VETO;retest limit risk veto: max positions
2025.08.01 12:15:00;DECISION;TP capped 20.14000 -> 15.10500 (3.0xATR)
2025.08.01 12:15:00;VETO;risk veto: max positions
2025.08.01 15:31:01;RISK;deal closed pnl=-90.13 streak=1 lock=0
2025.08.01 15:45:00;VETO;outlier bar masked, z=25.6
2025.08.01 16:00:00;VETO;outlier bar masked, z=4.4
2025.08.01 16:15:00;VETO;outlier bar masked, z=5.4
2025.08.01 16:45:00;VETO;outlier bar masked, z=5.2
2025.08.01 17:00:00;VETO;outlier bar masked, z=5.3
2025.08.01 17:15:00;VETO;outlier bar masked, z=4.0
2025.08.01 17:30:00;VETO;outlier bar masked, z=4.2
2025.08.01 19:30:00;DECISION;setup SHORT score=0.55 entry=3340.16 inv=3351.26 tgt=0.00 AWAIT-RETEST [CHoCH short lvl=3341.39|RelVol=1.06|Retest@3340.16|VPnode d=3.16]
2025.08.01 19:30:00;DECISION;TP capped 22.20214 -> 16.65161 (3.0xATR)
2025.08.01 19:30:00;ERROR;limit SELL 0.07 @ 3340.16 sl=3351.26 tp=3323.51 rc=10015 [WT|CHOCH|0.55|RL]
2025.08.01 19:45:00;DECISION;TP capped 17.24000 -> 14.86929 (3.0xATR)
2025.08.01 19:45:00;ORDER;filled SELL 0.08 lots sl=3351.26 tp=3327.77 [WT|CHOCH|0.55]
2025.08.01 19:45:00;RISK;sizing: vol_ratio=1.48 scalar=1.00 gap_buf=3.22286 eff_stop=11.84286
2025.08.01 19:45:00;ORDER;entry fill deal #38 SELL 0.08 @ 3342.64000
2025.08.01 21:42:57;RISK;deal closed pnl=-68.96 streak=2 lock=0
2025.08.01 21:45:00;VETO;signal rejected: volume: relVol 0.95 < 1.00
2025.08.01 22:45:00;VETO;outlier bar masked, z=4.6
2025.08.04 03:45:01;DECISION;setup SHORT score=0.65 entry=3353.84 inv=3364.62 tgt=0.00 AWAIT-RETEST [CHoCH short lvl=3354.59|RelVol=1.04|Retest@3353.84|VPnode d=1.96|VWAPside]
2025.08.04 05:30:00;VETO;authorization denied: outside session window (server hour 05, window 12-20)
2025.08.04 05:45:01;VETO;authorization denied: outside session window (server hour 05, window 12-20)
2025.08.04 06:00:00;VETO;authorization denied: outside session window (server hour 06, window 12-20)
2025.08.04 06:15:00;VETO;authorization denied: outside session window (server hour 06, window 12-20)
2025.08.04 10:00:00;VETO;signal rejected: volume: relVol 0.90 < 1.00
2025.08.04 10:30:00;VETO;outlier bar masked, z=3.5
2025.08.04 14:15:00;DECISION;setup LONG score=0.70 entry=3363.75 inv=3353.03 tgt=0.00 [BOS long lvl=3361.73|RelVol=1.12|VPnear|VWAPside|CycleTurn w=-0.95<--0.96]
2025.08.04 14:15:00;DECISION;TP capped 22.16000 -> 16.62000 (3.0xATR)
2025.08.04 14:15:00;ORDER;filled BUY 0.08 lots sl=3353.03 tp=3380.73 [WT|BOS|0.70]
2025.08.04 14:15:00;RISK;sizing: vol_ratio=0.72 scalar=1.00 gap_buf=1.56321 eff_stop=12.64321
2025.08.04 14:15:00;ORDER;entry fill deal #40 BUY 0.08 @ 3364.11000
2025.08.04 16:15:00;VETO;signal rejected: volume: relVol 0.87 < 1.00
2025.08.04 16:16:54;MANAGE;#43 SL 3353.03 -> 3364.28 breakeven
2025.08.04 16:16:54;MANAGE;#43 partial close 0.04 of 0.08 lots
2025.08.04 16:16:54;RISK;deal closed pnl=44.76 streak=0 lock=0
2025.08.04 16:16:55;MANAGE;#43 SL 3364.28 -> 3367.26 trail
2025.08.04 16:18:56;MANAGE;#43 SL 3367.26 -> 3367.55 trail
2025.08.04 16:18:59;MANAGE;#43 SL 3367.55 -> 3367.69 trail
2025.08.04 16:20:51;MANAGE;#43 SL 3367.69 -> 3367.87 trail
2025.08.04 16:21:04;MANAGE;#43 SL 3367.87 -> 3368.09 trail
2025.08.04 16:21:16;MANAGE;#43 SL 3368.09 -> 3368.23 trail
2025.08.04 16:21:19;MANAGE;#43 SL 3368.23 -> 3368.34 trail
2025.08.04 16:21:27;MANAGE;#43 SL 3368.34 -> 3368.55 trail
2025.08.04 16:21:27;MANAGE;#43 SL 3368.55 -> 3368.87 trail
2025.08.04 16:21:56;MANAGE;#43 SL 3368.87 -> 3369.03 trail
2025.08.04 16:22:01;MANAGE;#43 SL 3369.03 -> 3369.20 trail
2025.08.04 16:22:02;MANAGE;#43 SL 3369.20 -> 3369.32 trail
2025.08.04 16:31:34;MANAGE;#43 SL 3369.32 -> 3369.51 trail
2025.08.04 16:31:59;MANAGE;#43 SL 3369.51 -> 3369.66 trail
2025.08.04 16:32:01;MANAGE;#43 SL 3369.66 -> 3369.81 trail
2025.08.04 16:46:35;MANAGE;#43 SL 3369.81 -> 3369.92 trail
2025.08.04 16:46:39;MANAGE;#43 SL 3369.92 -> 3370.05 trail
2025.08.04 16:46:49;MANAGE;#43 SL 3370.05 -> 3370.17 trail
2025.08.04 16:46:52;MANAGE;#43 SL 3370.17 -> 3370.40 trail
2025.08.04 16:46:55;MANAGE;#43 SL 3370.40 -> 3370.54 trail
2025.08.04 16:47:00;MANAGE;#43 SL 3370.54 -> 3370.72 trail
2025.08.04 16:47:35;MANAGE;#43 SL 3370.72 -> 3371.34 trail
2025.08.04 16:47:38;MANAGE;#43 SL 3371.34 -> 3371.81 trail
2025.08.04 16:47:39;MANAGE;#43 SL 3371.81 -> 3371.96 trail
2025.08.04 16:47:43;MANAGE;#43 SL 3371.96 -> 3372.08 trail
2025.08.04 16:47:46;RISK;deal closed pnl=66.48 streak=0 lock=0
2025.08.05 02:15:00;DECISION;setup LONG score=0.85 entry=3377.51 inv=3373.42 tgt=0.00 AWAIT-RETEST [BOS long lvl=3377.06|RelVol=1.15|Retest@3377.51|VPnode d=0.71|VWAPside|CycleTurn w=-0.98<--1.00]
2025.08.05 02:30:00;VETO;authorization denied: outside session window (server hour 02, window 12-20)
2025.08.05 02:45:01;VETO;authorization denied: outside session window (server hour 02, window 12-20)
2025.08.05 03:00:00;VETO;authorization denied: outside session window (server hour 03, window 12-20)
2025.08.05 03:15:00;VETO;authorization denied: outside session window (server hour 03, window 12-20)
2025.08.05 04:00:00;VETO;signal rejected: volume: relVol 0.92 < 1.00
2025.08.05 05:45:00;VETO;signal rejected: volume: relVol 0.97 < 1.00
2025.08.05 09:45:00;VETO;signal rejected: volume: relVol 0.82 < 1.00
2025.08.05 10:30:00;VETO;signal rejected: score 0.50 < 0.55 [CHoCH long lvl=3374.15|RelVol=1.04|Retest@3374.90|VPnear|VWAPside]
2025.08.05 12:15:00;VETO;signal rejected: volume: relVol 0.87 < 1.00
2025.08.05 15:30:00;VETO;outlier bar masked, z=4.7
2025.08.05 16:45:00;VETO;outlier bar masked, z=5.8
2025.08.05 17:15:00;VETO;outlier bar masked, z=5.2
2025.08.05 17:30:00;VETO;outlier bar masked, z=4.7
2025.08.06 02:30:00;VETO;signal rejected: volume: relVol 0.78 < 1.00
2025.08.06 04:15:00;VETO;signal rejected: volume: relVol 0.84 < 1.00
2025.08.06 08:00:00;VETO;signal rejected: volume: relVol 0.89 < 1.00
2025.08.06 10:30:00;VETO;signal rejected: volume: relVol 0.86 < 1.00
2025.08.06 14:30:00;VETO;signal rejected: volume: relVol 0.90 < 1.00
2025.08.06 16:00:00;VETO;signal rejected: volume: relVol 0.96 < 1.00
2025.08.06 21:15:01;VETO;signal rejected: score 0.50 < 0.55 [CHoCH short lvl=3370.24|RelVol=1.08|Retest@3369.37|VPnear|VWAPside]
2025.08.06 23:30:00;DECISION;setup SHORT score=0.65 entry=3368.78 inv=3377.56 tgt=0.00 [BOS short lvl=3369.06|RelVol=1.05|VPnode d=1.58|VWAPside]
2025.08.06 23:30:00;VETO;authorization denied: outside session window (server hour 23, window 12-20)
2025.08.06 23:45:00;VETO;authorization denied: outside session window (server hour 23, window 12-20)
2025.08.07 01:05:00;VETO;authorization denied: outside session window (server hour 01, window 12-20)
2025.08.07 01:15:00;VETO;authorization denied: outside session window (server hour 01, window 12-20)
2025.08.07 04:15:00;DECISION;setup LONG score=0.65 entry=3375.63 inv=3365.30 tgt=0.00 AWAIT-RETEST [CHoCH long lvl=3374.80|RelVol=1.08|Retest@3375.63|VPnode d=2.43|VWAPside]
2025.08.07 04:30:00;VETO;authorization denied: outside session window (server hour 04, window 12-20)
2025.08.07 04:45:00;VETO;authorization denied: outside session window (server hour 04, window 12-20)
2025.08.07 05:00:00;VETO;authorization denied: outside session window (server hour 05, window 12-20)
2025.08.07 05:15:00;VETO;authorization denied: outside session window (server hour 05, window 12-20)
2025.08.07 08:45:00;VETO;outlier bar masked, z=4.1
2025.08.07 09:45:00;DECISION;setup LONG score=0.85 entry=3381.71 inv=3371.68 tgt=0.00 AWAIT-RETEST [CHoCH long lvl=3380.93|RelVol=1.02|Retest@3381.71|VPnode d=1.09|VWAPside|CycleTurn w=-0.82<--0.99]
2025.08.07 11:15:00;VETO;outlier bar masked, z=10.2
2025.08.07 11:30:00;VETO;outlier bar masked, z=4.0
2025.08.07 11:45:00;VETO;authorization denied: outside session window (server hour 11, window 12-20)
2025.08.07 12:00:00;ORDER;filled BUY 0.11 lots sl=3371.68 tp=3391.57 [WT|CHOCH|0.85]
2025.08.07 12:00:00;RISK;sizing: vol_ratio=1.58 scalar=1.00 gap_buf=2.93607 eff_stop=9.56607
2025.08.07 12:00:00;ORDER;entry fill deal #43 BUY 0.11 @ 3378.31000
2025.08.07 14:00:00;DECISION;setup SHORT score=0.65 entry=3372.11 inv=3397.44 tgt=0.00 AWAIT-RETEST [CHoCH short lvl=3373.24|RelVol=1.12|Retest@3372.11|VPnode d=0.11|VWAPside]
2025.08.07 14:00:00;VETO;retest limit risk veto: max positions
2025.08.07 14:15:00;VETO;outlier bar masked, z=3.6
2025.08.07 14:30:00;DECISION;TP capped 31.02000 -> 23.26500 (3.0xATR)
2025.08.07 14:30:00;VETO;risk veto: max positions
2025.08.07 15:32:14;MANAGE;#46 SL 3371.68 -> 3378.49 breakeven
2025.08.07 15:32:14;MANAGE;#46 partial close 0.05 of 0.11 lots
2025.08.07 15:32:14;RISK;deal closed pnl=33.20 streak=0 lock=0
2025.08.07 15:35:00;MANAGE;#46 SL 3378.49 -> 3378.68 trail
2025.08.07 15:35:01;MANAGE;#46 SL 3378.68 -> 3378.80 trail
2025.08.07 15:35:26;MANAGE;#46 SL 3378.80 -> 3378.97 trail
2025.08.07 15:35:37;MANAGE;#46 SL 3378.97 -> 3379.07 trail
2025.08.07 15:35:44;MANAGE;#46 SL 3379.07 -> 3379.50 trail
2025.08.07 15:35:47;MANAGE;#46 SL 3379.50 -> 3379.73 trail
2025.08.07 15:36:16;MANAGE;#46 SL 3379.73 -> 3379.83 trail
2025.08.07 15:45:00;DECISION;setup LONG score=0.65 entry=3384.46 inv=3371.74 tgt=0.00 AWAIT-RETEST [CHoCH long lvl=3383.17|RelVol=1.06|Retest@3384.46|VPnode d=2.06|VWAPside]
2025.08.07 15:45:00;VETO;retest limit risk veto: max positions
2025.08.07 16:00:00;DECISION;TP capped 18.48000 -> 15.64929 (3.0xATR)
2025.08.07 16:00:00;VETO;risk veto: max positions
2025.08.07 16:44:07;MANAGE;#46 SL 3379.83 -> 3380.05 trail
2025.08.07 16:44:12;MANAGE;#46 SL 3380.05 -> 3380.24 trail
2025.08.07 16:44:12;MANAGE;#46 SL 3380.24 -> 3380.48 trail
2025.08.07 16:45:00;VETO;signal rejected: volume: relVol 0.99 < 1.00
2025.08.07 16:45:35;RISK;deal closed pnl=80.16 streak=0 lock=0
2025.08.07 17:15:00;VETO;outlier bar masked, z=6.7
2025.08.07 17:30:00;VETO;outlier bar masked, z=4.2
2025.08.07 22:45:00;VETO;outlier bar masked, z=3.7
2025.08.08 01:15:01;VETO;outlier bar masked, z=7.4
2025.08.08 01:45:00;VETO;outlier bar masked, z=4.7
2025.08.08 02:00:19;VETO;outlier bar masked, z=4.1
2025.08.08 04:15:00;DECISION;setup SHORT score=0.65 entry=3387.78 inv=3402.42 tgt=0.00 AWAIT-RETEST [CHoCH short lvl=3389.17|RelVol=1.30|Retest@3387.78|VPnode d=4.02|VWAPside]
2025.08.08 05:15:00;VETO;authorization denied: outside session window (server hour 05, window 12-20)
2025.08.08 05:30:00;VETO;authorization denied: outside session window (server hour 05, window 12-20)
2025.08.08 05:45:00;VETO;authorization denied: outside session window (server hour 05, window 12-20)
2025.08.08 06:00:00;VETO;authorization denied: outside session window (server hour 06, window 12-20)
2025.08.08 09:45:06;VETO;signal rejected: score 0.50 < 0.55 [BOS short lvl=3390.20|RelVol=1.26|VPnear|VWAPside]
2025.08.08 10:45:00;DECISION;setup LONG score=0.85 entry=3398.79 inv=3388.68 tgt=0.00 AWAIT-RETEST [CHoCH long lvl=3397.61|RelVol=1.58|Retest@3398.79|VPnode d=0.21|VWAPside|CycleTurn w=0.52<--0.51]
2025.08.08 11:00:00;VETO;authorization denied: outside session window (server hour 11, window 12-20)
2025.08.08 11:15:00;VETO;authorization denied: outside session window (server hour 11, window 12-20)
2025.08.08 11:30:00;VETO;authorization denied: outside session window (server hour 11, window 12-20)
2025.08.08 11:45:00;VETO;authorization denied: outside session window (server hour 11, window 12-20)
2025.08.08 13:30:00;DECISION;setup SHORT score=0.85 entry=3392.85 inv=3401.31 tgt=0.00 AWAIT-RETEST [CHoCH short lvl=3394.01|RelVol=1.56|Retest@3392.85|VPnode d=2.25|VWAPside|CycleTurn w=0.05<-0.95]
2025.08.08 13:30:00;DECISION;TP capped 16.92321 -> 13.93929 (3.0xATR)
2025.08.08 13:30:00;ORDER;limit SELL 0.09 @ 3392.85 sl=3401.31 tp=3378.91 rc=10009 [WT|CHOCH|0.85|RL]
2025.08.08 13:30:00;RISK;sizing: vol_ratio=0.92 scalar=1.00 gap_buf=2.32321 eff_stop=10.78482
2025.08.08 15:23:45;ORDER;entry fill deal #46 SELL 0.09 @ 3393.05000
2025.08.08 15:37:23;RISK;deal closed pnl=-74.61 streak=1 lock=0
2025.08.08 17:15:00;VETO;outlier bar masked, z=4.9
2025.08.08 21:00:00;VETO;outlier bar masked, z=5.0
2025.08.08 21:15:00;VETO;outlier bar masked, z=10.6
2025.08.11 03:15:00;DECISION;setup SHORT score=0.65 entry=3389.67 inv=3396.91 tgt=0.00 AWAIT-RETEST [BOS short lvl=3390.69|RelVol=1.37|Retest@3389.67|VPnode d=1.93|VWAPside]
2025.08.11 03:30:00;VETO;authorization denied: outside session window (server hour 03, window 12-20)
2025.08.11 03:45:00;VETO;authorization denied: outside session window (server hour 03, window 12-20)
2025.08.11 04:00:00;VETO;authorization denied: outside session window (server hour 04, window 12-20)
2025.08.11 04:15:00;VETO;outlier bar masked, z=5.3
2025.08.11 04:30:00;VETO;authorization denied: outside session window (server hour 04, window 12-20)
2025.08.11 09:15:00;DECISION;setup SHORT score=0.70 entry=3373.42 inv=3380.08 tgt=0.00 [BOS short lvl=3374.05|RelVol=1.05|VPnear|VWAPside|CycleTurn w=0.99<-1.00]
2025.08.11 09:15:00;VETO;authorization denied: outside session window (server hour 09, window 12-20)
2025.08.11 09:30:00;VETO;authorization denied: outside session window (server hour 09, window 12-20)
2025.08.11 09:45:00;VETO;authorization denied: outside session window (server hour 09, window 12-20)
2025.08.11 10:00:00;VETO;authorization denied: outside session window (server hour 10, window 12-20)
2025.08.11 12:15:00;VETO;signal rejected: score 0.50 < 0.55 [BOS short lvl=3357.31|RelVol=1.24|VWAPside|ADX=44]
2025.08.11 14:30:00;DECISION;setup SHORT score=0.70 entry=3352.14 inv=3363.80 tgt=0.00 [BOS short lvl=3353.02|RelVol=1.24|VWAPside|CycleTurn w=0.94<-0.98|ADX=42]
2025.08.11 14:30:00;DECISION;TP capped 23.58000 -> 17.68500 (3.0xATR)
2025.08.11 14:30:00;ORDER;filled SELL 0.07 lots sl=3363.80 tp=3334.33 [WT|BOS|0.70]
2025.08.11 14:30:00;RISK;sizing: vol_ratio=0.95 scalar=1.00 gap_buf=2.61107 eff_stop=14.40107
2025.08.11 14:30:00;ORDER;entry fill deal #48 SELL 0.07 @ 3352.01000
2025.08.11 20:45:00;VETO;outlier bar masked, z=6.5
2025.08.12 09:30:01;DECISION;setup SHORT score=0.85 entry=3346.76 inv=3355.85 tgt=0.00 AWAIT-RETEST [CHoCH short lvl=3347.64|RelVol=1.15|Retest@3346.76|VPnode d=2.24|VWAPside|CycleTurn w=-0.17<-0.88]
2025.08.12 09:45:00;VETO;authorization denied: outside session window (server hour 09, window 12-20)
2025.08.12 10:00:00;VETO;authorization denied: outside session window (server hour 10, window 12-20)
2025.08.12 10:15:00;VETO;authorization denied: outside session window (server hour 10, window 12-20)
2025.08.12 10:30:00;VETO;authorization denied: outside session window (server hour 10, window 12-20)
2025.08.12 14:15:00;VETO;signal rejected: volume: relVol 0.96 < 1.00
2025.08.12 14:20:58;MANAGE;#51 SL 3363.80 -> 3351.84 breakeven
2025.08.12 14:20:58;MANAGE;#51 partial close 0.03 of 0.07 lots
2025.08.12 14:20:58;RISK;deal closed pnl=35.32 streak=0 lock=0
2025.08.12 14:20:59;MANAGE;#51 SL 3351.84 -> 3347.88 trail
2025.08.12 14:21:00;MANAGE;#51 SL 3347.88 -> 3347.49 trail
2025.08.12 14:35:13;MANAGE;#51 SL 3347.49 -> 3347.25 trail
2025.08.12 14:35:14;MANAGE;#51 SL 3347.25 -> 3346.95 trail
2025.08.12 14:35:21;MANAGE;#51 SL 3346.95 -> 3346.82 trail
2025.08.12 14:35:22;MANAGE;#51 SL 3346.82 -> 3346.64 trail
2025.08.12 14:35:22;MANAGE;#51 SL 3346.64 -> 3346.31 trail
2025.08.12 14:35:32;MANAGE;#51 SL 3346.31 -> 3346.20 trail
2025.08.12 14:35:37;MANAGE;#51 SL 3346.20 -> 3345.96 trail
2025.08.12 14:35:38;MANAGE;#51 SL 3345.96 -> 3345.73 trail
2025.08.12 14:36:06;MANAGE;#51 SL 3345.73 -> 3345.51 trail
2025.08.12 14:36:07;MANAGE;#51 SL 3345.51 -> 3344.90 trail
2025.08.12 14:36:22;MANAGE;#51 SL 3344.90 -> 3344.75 trail
2025.08.12 14:36:24;MANAGE;#51 SL 3344.75 -> 3344.37 trail
2025.08.12 14:36:25;MANAGE;#51 SL 3344.37 -> 3344.16 trail
2025.08.12 14:36:27;MANAGE;#51 SL 3344.16 -> 3344.02 trail
2025.08.12 14:40:16;RISK;deal closed pnl=31.78 streak=0 lock=0
2025.08.12 14:45:00;VETO;outlier bar masked, z=4.2
2025.08.12 15:45:00;VETO;outlier bar masked, z=7.3
2025.08.12 16:00:00;VETO;outlier bar masked, z=4.1
2025.08.12 16:15:00;VETO;outlier bar masked, z=5.1
2025.08.12 16:45:00;VETO;outlier bar masked, z=7.9
2025.08.12 17:00:00;VETO;outlier bar masked, z=6.1
2025.08.12 17:15:00;VETO;outlier bar masked, z=4.2
2025.08.12 18:30:00;VETO;outlier bar masked, z=7.9
2025.08.13 01:15:00;VETO;signal rejected: volume: relVol 0.77 < 1.00
2025.08.13 03:45:00;VETO;signal rejected: volume: relVol 0.94 < 1.00
2025.08.13 05:45:00;VETO;signal rejected: volume: relVol 0.95 < 1.00
2025.08.13 08:45:00;DECISION;setup SHORT score=0.65 entry=3347.39 inv=3352.32 tgt=0.00 AWAIT-RETEST [CHoCH short lvl=3348.17|RelVol=1.07|Retest@3347.39|VPnode d=0.19|VWAPside]
2025.08.13 09:00:00;VETO;authorization denied: outside session window (server hour 09, window 12-20)
2025.08.13 09:15:00;DECISION;setup LONG score=0.65 entry=3353.11 inv=3348.17 tgt=0.00 AWAIT-RETEST [CHoCH long lvl=3352.32|RelVol=1.02|Retest@3353.11|VPnode d=1.11|VWAPside]
2025.08.13 11:15:00;VETO;authorization denied: outside session window (server hour 11, window 12-20)
2025.08.13 11:30:00;VETO;authorization denied: outside session window (server hour 11, window 12-20)
2025.08.13 11:45:00;VETO;authorization denied: outside session window (server hour 11, window 12-20)
2025.08.13 12:00:00;DECISION;TP capped 24.70000 -> 18.52500 (3.0xATR)
2025.08.13 12:00:00;ORDER;filled BUY 0.07 lots sl=3348.17 tp=3379.05 [WT|CHOCH|0.65]
2025.08.13 12:00:00;RISK;sizing: vol_ratio=0.95 scalar=1.00 gap_buf=2.09143 eff_stop=14.44143
2025.08.13 12:00:00;ORDER;entry fill deal #51 BUY 0.07 @ 3360.52000
2025.08.13 12:30:00;DECISION;setup LONG score=0.60 entry=3361.97 inv=3352.84 tgt=0.00 [BOS long lvl=3360.96|RelVol=1.00|VPnear|VWAPside|ADX=31]
2025.08.13 12:30:00;DECISION;TP capped 18.72000 -> 14.04000 (3.0xATR)
2025.08.13 12:30:00;VETO;risk veto: max positions
2025.08.13 17:00:00;VETO;signal rejected: volume: relVol 0.95 < 1.00
2025.08.13 21:00:00;VETO;signal rejected: volume: relVol 0.75 < 1.00
2025.08.14 02:15:00;DECISION;setup LONG score=0.65 entry=3359.25 inv=3349.97 tgt=0.00 AWAIT-RETEST [CHoCH long lvl=3358.77|RelVol=1.10|Retest@3359.25|VPnode d=0.85|VWAPside]
2025.08.14 03:29:33;MANAGE;#54 SL 3348.17 -> 3360.68 breakeven
2025.08.14 03:29:33;MANAGE;#54 partial close 0.03 of 0.07 lots
2025.08.14 03:29:33;RISK;deal closed pnl=37.47 streak=0 lock=0
2025.08.14 03:29:33;MANAGE;#54 SL 3360.68 -> 3368.47 trail
2025.08.14 03:29:34;MANAGE;#54 SL 3368.47 -> 3368.69 trail
2025.08.14 03:29:38;MANAGE;#54 SL 3368.69 -> 3368.95 trail
2025.08.14 03:30:31;MANAGE;#54 SL 3368.95 -> 3369.38 trail
2025.08.14 03:30:31;MANAGE;#54 SL 3369.38 -> 3369.60 trail
2025.08.14 03:30:35;MANAGE;#54 SL 3369.60 -> 3369.74 trail
2025.08.14 03:30:37;MANAGE;#54 SL 3369.74 -> 3369.87 trail
2025.08.14 03:30:58;MANAGE;#54 SL 3369.87 -> 3370.04 trail
2025.08.14 03:32:21;MANAGE;#54 SL 3370.04 -> 3370.19 trail
2025.08.14 03:36:13;RISK;deal closed pnl=36.05 streak=0 lock=0
2025.08.14 06:00:00;DECISION;setup SHORT score=0.65 entry=3364.16 inv=3374.81 tgt=0.00 AWAIT-RETEST [CHoCH short lvl=3365.14|RelVol=1.05|Retest@3364.16|VPnode d=0.44|VWAPside]
2025.08.14 10:00:00;VETO;signal rejected: volume: relVol 0.99 < 1.00
2025.08.14 10:45:00;VETO;outlier bar masked, z=5.2
2025.08.14 11:00:00;VETO;outlier bar masked, z=4.2
2025.08.14 11:30:00;VETO;outlier bar masked, z=3.5
2025.08.14 12:15:00;VETO;outlier bar masked, z=4.9
2025.08.14 15:45:00;VETO;outlier bar masked, z=5.8
2025.08.14 16:00:00;DECISION;setup SHORT score=0.85 entry=3350.58 inv=3358.34 tgt=0.00 [BOS short lvl=3352.16|RelVol=1.18|VPnode d=1.62|VWAPside|CycleTurn w=0.66<-0.96]
2025.08.14 16:00:00;DECISION;TP capped 15.72000 -> 11.79000 (3.0xATR)
2025.08.14 16:00:00;ORDER;filled SELL 0.10 lots sl=3358.34 tp=3338.69 [WT|BOS|0.85]
2025.08.14 16:00:00;RISK;sizing: vol_ratio=1.15 scalar=1.00 gap_buf=2.14357 eff_stop=10.00357
2025.08.14 16:00:00;ORDER;entry fill deal #54 SELL 0.10 @ 3350.48000
2025.08.14 16:30:00;VETO;outlier bar masked, z=4.9
2025.08.14 17:01:32;MANAGE;#57 SL 3358.34 -> 3350.31 breakeven
2025.08.14 17:01:32;MANAGE;#57 partial close 0.05 of 0.10 lots
2025.08.14 17:01:32;RISK;deal closed pnl=39.45 streak=0 lock=0
2025.08.14 17:05:50;MANAGE;#57 SL 3350.31 -> 3349.96 trail
2025.08.14 17:05:51;MANAGE;#57 SL 3349.96 -> 3349.67 trail
2025.08.14 17:05:51;MANAGE;#57 SL 3349.67 -> 3349.56 trail
2025.08.14 17:05:52;RISK;deal closed pnl=60.80 streak=0 lock=0
2025.08.14 17:15:00;VETO;outlier bar masked, z=4.9
2025.08.14 19:15:00;VETO;signal rejected: score 0.50 < 0.55 [BOS short lvl=3335.40|RelVol=1.04|VWAPside|ADX=39]
2025.08.14 21:45:00;VETO;signal rejected: volume: relVol 0.96 < 1.00
2025.08.15 01:30:02;VETO;signal rejected: volume: relVol 0.86 < 1.00
2025.08.15 04:00:00;VETO;signal rejected: volume: relVol 0.87 < 1.00
2025.08.15 06:00:00;VETO;signal rejected: volume: relVol 0.86 < 1.00
2025.08.15 11:30:00;DECISION;setup SHORT score=0.65 entry=3339.16 inv=3348.67 tgt=0.00 AWAIT-RETEST [CHoCH short lvl=3340.12|RelVol=1.07|Retest@3339.16|VPnode d=2.56|VWAPside]
2025.08.15 11:45:00;VETO;authorization denied: outside session window (server hour 11, window 12-20)
2025.08.15 12:00:00;DECISION;TP capped 14.98000 -> 11.52857 (3.0xATR)
2025.08.15 12:00:00;ORDER;filled SELL 0.11 lots sl=3348.67 tp=3329.65 [WT|CHOCH|0.65]
2025.08.15 12:00:00;RISK;sizing: vol_ratio=1.01 scalar=1.00 gap_buf=1.92143 eff_stop=9.41143
2025.08.15 12:00:00;ORDER;entry fill deal #57 SELL 0.11 @ 3341.18000
2025.08.15 13:30:00;VETO;signal rejected: volume: relVol 0.87 < 1.00
2025.08.15 15:45:00;VETO;outlier bar masked, z=5.0
2025.08.15 16:51:09;MANAGE;#60 SL 3348.67 -> 3341.01 breakeven
2025.08.15 16:51:09;MANAGE;#60 partial close 0.05 of 0.11 lots
2025.08.15 16:51:09;RISK;deal closed pnl=37.55 streak=0 lock=0
2025.08.15 17:07:42;RISK;deal closed pnl=0.90 streak=0 lock=0
2025.08.15 23:00:00;VETO;signal rejected: volume: relVol 0.69 < 1.00
2025.08.18 01:15:00;DECISION;setup SHORT score=0.75 entry=3333.99 inv=3339.59 tgt=0.00 AWAIT-RETEST [CHoCH short lvl=3334.43|RelVol=1.15|Retest@3333.99|VPnode d=0.20|CycleTurn w=0.68<-0.95]
2025.08.18 01:30:00;VETO;authorization denied: outside session window (server hour 01, window 12-20)
2025.08.18 01:45:00;VETO;authorization denied: outside session window (server hour 01, window 12-20)
2025.08.18 02:00:00;VETO;authorization denied: outside session window (server hour 02, window 12-20)
2025.08.18 02:15:00;DECISION;setup SHORT score=0.75 entry=3332.49 inv=3339.59 tgt=0.00 AWAIT-RETEST [BOS short lvl=3332.98|RelVol=1.18|Retest@3332.49|VPnode d=0.71|VWAPside|ADX=41]
2025.08.18 03:15:00;VETO;outlier bar masked, z=4.1
2025.08.18 03:30:00;VETO;outlier bar masked, z=3.5
2025.08.18 06:45:00;VETO;signal rejected: volume: relVol 0.88 < 1.00
2025.08.18 11:15:00;VETO;signal rejected: volume: relVol 0.92 < 1.00
2025.08.18 14:00:00;VETO;signal rejected: volume: relVol 0.73 < 1.00
2025.08.18 15:00:00;VETO;signal rejected: volume: relVol 0.83 < 1.00
2025.08.18 16:15:00;VETO;signal rejected: volume: relVol 0.89 < 1.00
2025.08.18 22:15:00;VETO;signal rejected: volume: relVol 0.77 < 1.00
2025.08.19 03:15:00;VETO;outlier bar masked, z=8.2
2025.08.19 06:00:00;DECISION;setup LONG score=0.70 entry=3337.83 inv=3329.71 tgt=0.00 [BOS long lvl=3335.97|RelVol=1.03|VPnear|VWAPside|CycleTurn w=0.33<--0.82]
2025.08.19 06:00:00;VETO;authorization denied: outside session window (server hour 06, window 12-20)
2025.08.19 06:15:00;VETO;authorization denied: outside session window (server hour 06, window 12-20)
2025.08.19 06:30:01;VETO;authorization denied: outside session window (server hour 06, window 12-20)
2025.08.19 06:45:00;VETO;authorization denied: outside session window (server hour 06, window 12-20)
2025.08.19 13:15:00;VETO;signal rejected: volume: relVol 0.96 < 1.00
2025.08.19 15:15:00;VETO;signal rejected: volume: relVol 0.93 < 1.00
2025.08.19 16:15:00;VETO;outlier bar masked, z=6.0
2025.08.19 17:45:00;VETO;outlier bar masked, z=6.5
2025.08.19 18:00:00;VETO;signal rejected: score 0.50 < 0.55 [BOS short lvl=3325.71|RelVol=1.14|VWAPside|ADX=35]
2025.08.19 19:15:00;VETO;signal rejected: volume: relVol 0.86 < 1.00
2025.08.20 03:00:00;DECISION;setup SHORT score=0.85 entry=3314.25 inv=3317.59 tgt=0.00 [BOS short lvl=3314.93|RelVol=1.05|VPnode d=0.75|VWAPside|CycleTurn w=0.99<-0.99]
2025.08.20 03:00:00;VETO;authorization denied: outside session window (server hour 03, window 12-20)
2025.08.20 03:15:00;VETO;authorization denied: outside session window (server hour 03, window 12-20)
2025.08.20 03:30:00;VETO;authorization denied: outside session window (server hour 03, window 12-20)
2025.08.20 03:45:00;VETO;authorization denied: outside session window (server hour 03, window 12-20)
2025.08.20 04:30:00;VETO;signal rejected: volume: relVol 0.99 < 1.00
2025.08.20 06:45:00;VETO;signal rejected: volume: relVol 0.94 < 1.00
2025.08.20 11:30:00;VETO;signal rejected: volume: relVol 0.89 < 1.00
2025.08.20 14:15:00;DECISION;setup LONG score=0.65 entry=3327.97 inv=3323.87 tgt=0.00 AWAIT-RETEST [CHoCH long lvl=3327.38|RelVol=1.02|Retest@3327.97|VPnode d=0.17|VWAPside]
2025.08.20 14:15:00;DECISION;TP capped 8.19071 -> 7.02429 (3.0xATR)
2025.08.20 14:15:00;ORDER;limit BUY 0.20 @ 3327.97 sl=3323.87 tp=3334.99 rc=10009 [WT|CHOCH|0.65|RL]
2025.08.20 14:15:00;RISK;sizing: vol_ratio=0.83 scalar=1.00 gap_buf=1.17071 eff_stop=5.26607
2025.08.20 16:30:00;ORDER;cancelled 1 pending: setup expired/invalidated
2025.08.20 16:45:00;VETO;outlier bar masked, z=3.6
2025.08.20 22:30:00;VETO;signal rejected: volume: relVol 0.90 < 1.00
2025.08.21 01:15:00;VETO;signal rejected: volume: relVol 0.91 < 1.00
2025.08.21 03:30:01;VETO;signal rejected: volume: relVol 0.91 < 1.00
2025.08.21 07:00:00;VETO;signal rejected: volume: relVol 0.92 < 1.00
2025.08.21 09:30:00;DECISION;setup SHORT score=0.60 entry=3336.52 inv=3340.63 tgt=0.00 AWAIT-RETEST [BOS short lvl=3337.02|RelVol=1.02|Retest@3336.52|VPnear|VWAPside|ADX=40]
2025.08.21 09:45:00;VETO;authorization denied: outside session window (server hour 09, window 12-20)
2025.08.21 10:00:00;VETO;authorization denied: outside session window (server hour 10, window 12-20)
2025.08.21 10:15:00;VETO;authorization denied: outside session window (server hour 10, window 12-20)
2025.08.21 10:30:00;VETO;authorization denied: outside session window (server hour 10, window 12-20)
2025.08.21 13:45:00;VETO;outlier bar masked, z=7.3
2025.08.21 15:15:00;VETO;outlier bar masked, z=5.3
2025.08.21 15:45:00;VETO;outlier bar masked, z=4.6
2025.08.21 16:15:00;VETO;signal rejected: volume: relVol 0.91 < 1.00
2025.08.21 17:00:00;VETO;outlier bar masked, z=4.6
2025.08.21 21:00:00;VETO;signal rejected: volume: relVol 0.76 < 1.00
2025.08.22 03:15:00;VETO;signal rejected: volume: relVol 0.73 < 1.00
2025.08.22 04:00:00;VETO;signal rejected: volume: relVol 0.68 < 1.00
2025.08.22 05:00:00;VETO;signal rejected: volume: relVol 0.98 < 1.00
2025.08.22 07:30:00;DECISION;setup SHORT score=0.60 entry=3330.87 inv=3335.33 tgt=0.00 AWAIT-RETEST [BOS short lvl=3331.44|RelVol=1.03|Retest@3330.87|VPnear|VWAPside|ADX=46]
2025.08.22 09:00:00;VETO;authorization denied: outside session window (server hour 09, window 12-20)
2025.08.22 09:15:00;VETO;authorization denied: outside session window (server hour 09, window 12-20)
2025.08.22 09:30:00;VETO;authorization denied: outside session window (server hour 09, window 12-20)
2025.08.22 09:45:00;VETO;signal rejected: volume: relVol 0.82 < 1.00
2025.08.22 09:45:00;VETO;authorization denied: outside session window (server hour 09, window 12-20)
2025.08.22 10:15:00;VETO;signal rejected: volume: relVol 0.98 < 1.00
2025.08.22 15:45:00;VETO;signal rejected: volume: relVol 0.93 < 1.00
2025.08.22 16:45:00;VETO;outlier bar masked, z=4.4
2025.08.22 17:15:00;VETO;outlier bar masked, z=20.4
2025.08.22 17:30:00;VETO;outlier bar masked, z=6.5
2025.08.22 17:45:00;VETO;outlier bar masked, z=4.7
2025.08.22 18:45:00;VETO;outlier bar masked, z=3.7
2025.08.25 01:15:00;DECISION;setup SHORT score=0.55 entry=3368.40 inv=3373.60 tgt=0.00 AWAIT-RETEST [CHoCH short lvl=3368.92|RelVol=1.39|Retest@3368.40|VPnode d=0.20]
2025.08.25 01:30:00;VETO;authorization denied: outside session window (server hour 01, window 12-20)
2025.08.25 01:45:01;VETO;authorization denied: outside session window (server hour 01, window 12-20)
2025.08.25 02:00:00;VETO;authorization denied: outside session window (server hour 02, window 12-20)
2025.08.25 02:15:01;VETO;authorization denied: outside session window (server hour 02, window 12-20)
2025.08.25 03:15:01;DECISION;setup SHORT score=0.65 entry=3365.28 inv=3373.60 tgt=0.00 [BOS short lvl=3365.87|RelVol=1.07|VPnode d=1.32|VWAPside]
2025.08.25 03:15:01;VETO;authorization denied: outside session window (server hour 03, window 12-20)
2025.08.25 03:30:00;VETO;authorization denied: outside session window (server hour 03, window 12-20)
2025.08.25 03:45:00;VETO;authorization denied: outside session window (server hour 03, window 12-20)
2025.08.25 04:00:00;VETO;authorization denied: outside session window (server hour 04, window 12-20)
2025.08.25 08:30:00;VETO;signal rejected: volume: relVol 0.81 < 1.00
2025.08.25 09:30:00;VETO;signal rejected: volume: relVol 0.97 < 1.00
2025.08.25 12:15:00;VETO;signal rejected: volume: relVol 0.53 < 1.00
2025.08.25 14:45:00;VETO;signal rejected: volume: relVol 0.78 < 1.00
2025.08.25 16:00:00;VETO;signal rejected: volume: relVol 0.81 < 1.00
2025.08.25 17:15:00;DECISION;setup LONG score=0.70 entry=3372.18 inv=3362.17 tgt=0.00 AWAIT-RETEST [CHoCH long lvl=3371.45|RelVol=1.05|Retest@3372.18|VPnear|VWAPside|CycleTurn w=-0.45<--0.94]
2025.08.25 17:15:00;DECISION;TP capped 20.01071 -> 15.00804 (3.0xATR)
2025.08.25 17:15:00;ORDER;limit BUY 0.09 @ 3372.18 sl=3362.17 tp=3387.18 rc=10009 [WT|CHOCH|0.70|RL]
2025.08.25 17:15:00;RISK;sizing: vol_ratio=0.94 scalar=1.00 gap_buf=1.45071 eff_stop=11.45607
2025.08.25 17:21:28;ORDER;entry fill deal #60 BUY 0.09 @ 3372.00000
2025.08.25 21:00:00;VETO;signal rejected: volume: relVol 0.76 < 1.00
2025.08.26 02:11:11;RISK;deal closed pnl=-90.86 streak=1 lock=0
2025.08.26 02:15:00;VETO;outlier bar masked, z=5.2
2025.08.26 03:15:00;VETO;outlier bar masked, z=22.7
2025.08.26 03:30:00;VETO;outlier bar masked, z=12.1
2025.08.26 03:45:00;VETO;outlier bar masked, z=4.6
2025.08.26 04:15:00;VETO;outlier bar masked, z=8.6
2025.08.26 06:15:00;DECISION;setup SHORT score=0.60 entry=3370.98 inv=3379.01 tgt=0.00 AWAIT-RETEST [CHoCH short lvl=3371.83|RelVol=1.25|Retest@3370.98|VWAPside|CycleTurn w=0.86<-0.96]
2025.08.26 06:30:02;VETO;authorization denied: outside session window (server hour 06, window 12-20)
2025.08.26 06:45:00;VETO;authorization denied: outside session window (server hour 06, window 12-20)
2025.08.26 07:00:00;VETO;authorization denied: outside session window (server hour 07, window 12-20)
2025.08.26 07:15:00;VETO;authorization denied: outside session window (server hour 07, window 12-20)
2025.08.26 10:15:00;VETO;outlier bar masked, z=4.8
2025.08.26 10:30:00;VETO;outlier bar masked, z=3.7
2025.08.26 10:45:00;VETO;outlier bar masked, z=5.1
2025.08.26 16:00:00;VETO;outlier bar masked, z=3.6
2025.08.26 18:15:00;VETO;signal rejected: volume: relVol 1.00 < 1.00
2025.08.26 22:15:00;DECISION;setup LONG score=0.60 entry=3386.54 inv=3380.33 tgt=0.00 AWAIT-RETEST [BOS long lvl=3385.94|RelVol=1.07|Retest@3386.54|VWAPside|CycleTurn w=-0.62<--0.95]
2025.08.27 04:15:00;DECISION;setup SHORT score=0.65 entry=3388.18 inv=3393.49 tgt=0.00 AWAIT-RETEST [CHoCH short lvl=3388.76|RelVol=1.14|Retest@3388.18|VPnode d=1.42|VWAPside]
2025.08.27 06:30:00;VETO;signal rejected: volume: relVol 0.96 < 1.00
2025.08.27 11:15:01;VETO;signal rejected: score 0.40 < 0.55 [CHoCH long lvl=3381.92|RelVol=1.17|Retest@3382.68|VPnear]
2025.08.27 15:30:00;VETO;outlier bar masked, z=3.8
2025.08.27 18:00:00;VETO;signal rejected: volume: relVol 0.99 < 1.00
2025.08.27 19:30:00;VETO;signal rejected: volume: relVol 0.99 < 1.00
2025.08.28 02:30:00;VETO;signal rejected: volume: relVol 0.96 < 1.00
2025.08.28 03:15:00;VETO;signal rejected: volume: relVol 0.87 < 1.00
2025.08.28 04:00:00;VETO;outlier bar masked, z=4.5
2025.08.28 08:45:00;DECISION;setup SHORT score=0.70 entry=3388.23 inv=3392.26 tgt=0.00 [BOS short lvl=3388.73|RelVol=1.17|VPnear|VWAPside|CycleTurn w=0.90<-0.98]
2025.08.28 08:45:00;VETO;authorization denied: outside session window (server hour 08, window 12-20)
2025.08.28 09:00:00;VETO;authorization denied: outside session window (server hour 09, window 12-20)
2025.08.28 09:15:01;VETO;authorization denied: outside session window (server hour 09, window 12-20)
2025.08.28 09:30:00;VETO;authorization denied: outside session window (server hour 09, window 12-20)
2025.08.28 09:45:00;DECISION;setup LONG score=0.85 entry=3392.84 inv=3387.71 tgt=0.00 AWAIT-RETEST [CHoCH long lvl=3392.26|RelVol=1.05|Retest@3392.84|VPnode d=0.44|VWAPside|CycleTurn w=0.51<--0.58]
2025.08.28 11:45:00;DECISION;setup LONG score=0.60 entry=3398.51 inv=3393.80 tgt=0.00 [BOS long lvl=3397.64|RelVol=1.36|VPnear|VWAPside|ADX=38]
2025.08.28 11:45:00;VETO;authorization denied: outside session window (server hour 11, window 12-20)
2025.08.28 12:00:00;DECISION;TP capped 14.30000 -> 10.72500 (3.0xATR)
2025.08.28 12:00:00;ORDER;filled BUY 0.12 lots sl=3393.80 tp=3411.67 [WT|BOS|0.60]
2025.08.28 12:00:00;RISK;sizing: vol_ratio=1.09 scalar=1.00 gap_buf=1.51393 eff_stop=8.66393
2025.08.28 12:00:00;ORDER;entry fill deal #62 BUY 0.12 @ 3400.95000
2025.08.28 14:30:00;VETO;outlier bar masked, z=4.3
2025.08.28 15:08:55;MANAGE;#66 SL 3393.80 -> 3401.11 breakeven
2025.08.28 15:08:55;MANAGE;#66 partial close 0.06 of 0.12 lots
2025.08.28 15:08:55;RISK;deal closed pnl=43.08 streak=0 lock=0
2025.08.28 15:08:56;MANAGE;#66 SL 3401.11 -> 3402.17 trail
2025.08.28 15:09:44;MANAGE;#66 SL 3402.17 -> 3402.28 trail
2025.08.28 15:10:24;MANAGE;#66 SL 3402.28 -> 3402.42 trail
2025.08.28 15:11:03;MANAGE;#66 SL 3402.42 -> 3402.70 trail
2025.08.28 15:31:16;RISK;deal closed pnl=10.14 streak=0 lock=0
2025.08.28 16:30:00;VETO;outlier bar masked, z=4.3
2025.08.28 17:15:00;DECISION;setup LONG score=0.60 entry=3411.56 inv=3394.59 tgt=0.00 [BOS long lvl=3408.75|RelVol=1.04|VWAPside|CycleTurn w=-0.06<--0.85]
2025.08.28 17:15:00;DECISION;TP capped 34.28000 -> 25.71000 (3.0xATR)
2025.08.28 17:15:00;ORDER;filled BUY 0.05 lots sl=3394.59 tp=3437.44 [WT|BOS|0.60]
2025.08.28 17:15:00;RISK;sizing: vol_ratio=1.56 scalar=1.00 gap_buf=2.36500 eff_stop=19.50500
2025.08.28 17:15:00;ORDER;entry fill deal #65 BUY 0.05 @ 3411.73000
2025.08.28 19:15:00;VETO;signal rejected: score 0.40 < 0.55 [BOS long lvl=3413.45|RelVol=1.20|VWAPside]
2025.08.28 21:00:00;VETO;signal rejected: score 0.50 < 0.55 [BOS long lvl=3417.73|RelVol=1.44|VWAPside|ADX=41]
2025.08.29 02:45:00;VETO;signal rejected: volume: relVol 0.67 < 1.00
2025.08.29 07:15:00;DECISION;setup SHORT score=0.65 entry=3409.39 inv=3413.94 tgt=0.00 [BOS short lvl=3409.97|RelVol=1.54|VPnode d=0.01|VWAPside]
2025.08.29 07:15:00;VETO;authorization denied: outside session window (server hour 07, window 12-20)
2025.08.29 07:30:01;VETO;authorization denied: outside session window (server hour 07, window 12-20)
2025.08.29 07:45:00;VETO;authorization denied: outside session window (server hour 07, window 12-20)
2025.08.29 08:00:00;VETO;authorization denied: outside session window (server hour 08, window 12-20)
2025.08.29 11:15:00;DECISION;setup LONG score=0.65 entry=3413.24 inv=3406.98 tgt=0.00 AWAIT-RETEST [CHoCH long lvl=3412.65|RelVol=1.17|Retest@3413.24|VPnode d=0.24|VWAPside]
2025.08.29 11:30:05;VETO;authorization denied: outside session window (server hour 11, window 12-20)
2025.08.29 11:45:00;VETO;authorization denied: outside session window (server hour 11, window 12-20)
2025.08.29 12:00:00;VETO;risk veto: max positions
2025.08.29 13:30:00;DECISION;setup SHORT score=0.65 entry=3405.94 inv=3414.83 tgt=0.00 AWAIT-RETEST [CHoCH short lvl=3406.57|RelVol=1.06|Retest@3405.94|VPnode d=1.86|VWAPside]
2025.08.29 13:30:00;VETO;retest limit risk veto: max positions
2025.08.29 13:45:00;DECISION;TP capped 15.22000 -> 11.41500 (3.0xATR)
2025.08.29 13:45:00;VETO;risk veto: max positions
2025.08.29 15:45:00;VETO;outlier bar masked, z=3.6
2025.08.29 16:00:00;VETO;signal rejected: score 0.50 < 0.55 [CHoCH long lvl=3414.83|RelVol=1.14|Retest@3415.46|VPnear|VWAPside]
2025.08.29 16:45:00;VETO;outlier bar masked, z=5.6
2025.08.29 16:59:07;MANAGE;#69 SL 3394.59 -> 3411.89 breakeven
2025.08.29 16:59:07;MANAGE;#69 partial close 0.02 of 0.05 lots
2025.08.29 16:59:07;RISK;deal closed pnl=34.07 streak=0 lock=0
2025.08.29 16:59:08;MANAGE;#69 SL 3411.89 -> 3421.61 trail
2025.08.29 16:59:22;MANAGE;#69 SL 3421.61 -> 3421.77 trail
2025.08.29 17:00:05;MANAGE;#69 SL 3421.77 -> 3422.09 trail
2025.08.29 17:00:06;MANAGE;#69 SL 3422.09 -> 3422.19 trail
2025.08.29 17:00:49;MANAGE;#69 SL 3422.19 -> 3422.42 trail
2025.08.29 17:00:59;MANAGE;#69 SL 3422.42 -> 3422.57 trail
2025.08.29 17:01:04;MANAGE;#69 SL 3422.57 -> 3422.75 trail
2025.08.29 17:01:08;MANAGE;#69 SL 3422.75 -> 3422.92 trail
2025.08.29 17:01:09;MANAGE;#69 SL 3422.92 -> 3423.08 trail
2025.08.29 17:01:10;MANAGE;#69 SL 3423.08 -> 3423.20 trail
2025.08.29 17:01:12;MANAGE;#69 SL 3423.20 -> 3423.44 trail
2025.08.29 17:01:18;MANAGE;#69 SL 3423.44 -> 3423.54 trail
2025.08.29 17:05:00;MANAGE;#69 SL 3423.54 -> 3423.69 trail
2025.08.29 17:05:03;MANAGE;#69 SL 3423.69 -> 3424.31 trail
2025.08.29 17:05:09;MANAGE;#69 SL 3424.31 -> 3424.53 trail
2025.08.29 17:05:11;MANAGE;#69 SL 3424.53 -> 3424.92 trail
2025.08.29 17:05:20;MANAGE;#69 SL 3424.92 -> 3425.05 trail
2025.08.29 17:05:29;MANAGE;#69 SL 3425.05 -> 3425.21 trail
2025.08.29 17:09:28;MANAGE;#69 SL 3425.21 -> 3425.34 trail
2025.08.29 17:10:07;MANAGE;#69 SL 3425.34 -> 3425.76 trail
2025.08.29 17:10:07;MANAGE;#69 SL 3425.76 -> 3425.95 trail
2025.08.29 17:10:10;MANAGE;#69 SL 3425.95 -> 3426.05 trail
2025.08.29 17:10:22;MANAGE;#69 SL 3426.05 -> 3426.15 trail
2025.08.29 17:10:25;MANAGE;#69 SL 3426.15 -> 3426.37 trail
2025.08.29 17:12:42;MANAGE;#69 SL 3426.37 -> 3426.47 trail
2025.08.29 17:12:43;MANAGE;#69 SL 3426.47 -> 3426.61 trail
2025.08.29 17:12:51;MANAGE;#69 SL 3426.61 -> 3426.76 trail
2025.08.29 17:12:52;MANAGE;#69 SL 3426.76 -> 3426.91 trail
2025.08.29 17:12:53;MANAGE;#69 SL 3426.91 -> 3427.06 trail
2025.08.29 17:13:16;MANAGE;#69 SL 3427.06 -> 3427.16 trail
2025.08.29 17:13:19;MANAGE;#69 SL 3427.16 -> 3427.26 trail
2025.08.29 17:13:21;MANAGE;#69 SL 3427.26 -> 3427.45 trail
2025.08.29 17:13:22;MANAGE;#69 SL 3427.45 -> 3427.79 trail
2025.08.29 17:13:33;MANAGE;#69 SL 3427.79 -> 3428.02 trail
2025.08.29 17:13:34;MANAGE;#69 SL 3428.02 -> 3428.18 trail
2025.08.29 17:13:35;MANAGE;#69 SL 3428.18 -> 3428.29 trail
2025.08.29 17:13:50;MANAGE;#69 SL 3428.29 -> 3428.39 trail
2025.08.29 17:13:52;MANAGE;#69 SL 3428.39 -> 3428.50 trail
2025.08.29 17:13:55;MANAGE;#69 SL 3428.50 -> 3428.61 trail
2025.08.29 17:14:05;MANAGE;#69 SL 3428.61 -> 3428.83 trail
2025.08.29 17:14:14;MANAGE;#69 SL 3428.83 -> 3429.21 trail
2025.08.29 17:14:15;MANAGE;#69 SL 3429.21 -> 3429.31 trail
2025.08.29 17:14:15;MANAGE;#69 SL 3429.31 -> 3429.44 trail
2025.08.29 17:15:00;VETO;outlier bar masked, z=5.4
2025.08.29 17:30:59;RISK;deal closed pnl=77.32 streak=0 lock=0
2025.08.29 18:00:00;VETO;outlier bar masked, z=4.2
2025.08.29 23:00:00;DECISION;setup LONG score=0.60 entry=3452.60 inv=3441.65 tgt=0.00 [BOS long lvl=3450.11|RelVol=1.69|VWAPside|CycleTurn w=-0.98<--1.00]
2025.08.29 23:00:00;VETO;authorization denied: outside session window (server hour 23, window 12-20)
2025.08.29 23:15:00;VETO;outlier bar masked, z=3.6
2025.08.29 23:30:00;VETO;authorization denied: outside session window (server hour 23, window 12-20)
2025.08.29 23:45:00;VETO;authorization denied: outside session window (server hour 23, window 12-20)
2025.09.01 01:05:10;VETO;authorization denied: outside session window (server hour 01, window 12-20)
2025.09.01 04:15:00;DECISION;setup SHORT score=0.65 entry=3441.63 inv=3452.54 tgt=0.00 AWAIT-RETEST [CHoCH short lvl=3442.46|RelVol=1.16|Retest@3441.63|VPnode d=1.17|VWAPside]
2025.09.01 04:45:00;VETO;outlier bar masked, z=4.9
2025.09.01 05:00:00;VETO;outlier bar masked, z=8.2
2025.09.01 05:15:00;VETO;outlier bar masked, z=10.8
2025.09.01 05:30:00;VETO;outlier bar masked, z=8.2
2025.09.01 05:45:00;VETO;outlier bar masked, z=6.3
2025.09.01 06:00:00;VETO;outlier bar masked, z=6.0
2025.09.01 06:15:00;VETO;outlier bar masked, z=10.2
2025.09.01 09:15:00;DECISION;setup LONG score=0.60 entry=3482.28 inv=3472.25 tgt=0.00 [BOS long lvl=3479.48|RelVol=1.18|VPnear|VWAPside|ADX=52]
2025.09.01 09:15:00;VETO;authorization denied: outside session window (server hour 09, window 12-20)
2025.09.01 09:30:00;VETO;authorization denied: outside session window (server hour 09, window 12-20)
2025.09.01 09:45:00;VETO;authorization denied: outside session window (server hour 09, window 12-20)
2025.09.01 10:00:00;VETO;outlier bar masked, z=3.8
2025.09.01 10:15:00;VETO;authorization denied: outside session window (server hour 10, window 12-20)
2025.09.01 10:30:00;DECISION;setup SHORT score=0.60 entry=3471.07 inv=3489.81 tgt=0.00 AWAIT-RETEST [CHoCH short lvl=3472.25|RelVol=1.33|Retest@3471.07|VPnear|CycleTurn w=-0.34<-0.70]
2025.09.01 10:45:00;VETO;authorization denied: outside session window (server hour 10, window 12-20)
2025.09.01 11:00:00;VETO;authorization denied: outside session window (server hour 11, window 12-20)
2025.09.01 11:15:00;VETO;authorization denied: outside session window (server hour 11, window 12-20)
2025.09.01 11:30:00;VETO;authorization denied: outside session window (server hour 11, window 12-20)
2025.09.01 16:15:00;DECISION;setup LONG score=0.70 entry=3474.47 inv=3467.16 tgt=0.00 AWAIT-RETEST [CHoCH long lvl=3473.50|RelVol=1.03|Retest@3474.47|VPnear|VWAPside|CycleTurn w=-0.96<--1.00]
2025.09.01 16:15:00;DECISION;TP capped 14.62750 -> 11.68500 (3.0xATR)
2025.09.01 16:15:00;ORDER;limit BUY 0.11 @ 3474.47 sl=3467.16 tp=3486.16 rc=10009 [WT|CHOCH|0.70|RL]
2025.09.01 16:15:00;RISK;sizing: vol_ratio=0.83 scalar=1.00 gap_buf=1.94750 eff_stop=9.26125
2025.09.01 17:03:12;ORDER;entry fill deal #68 BUY 0.11 @ 3474.40000
2025.09.02 02:00:00;DECISION;setup SHORT score=0.65 entry=3475.66 inv=3480.48 tgt=0.00 AWAIT-RETEST [CHoCH short lvl=3476.14|RelVol=1.34|Retest@3475.66|VPnode d=1.34|VWAPside]
2025.09.02 02:15:00;VETO;authorization denied: outside session window (server hour 02, window 12-20)
2025.09.02 02:30:00;VETO;authorization denied: outside session window (server hour 02, window 12-20)
2025.09.02 02:45:00;VETO;authorization denied: outside session window (server hour 02, window 12-20)
2025.09.02 03:00:00;VETO;authorization denied: outside session window (server hour 03, window 12-20)
2025.09.02 03:03:38;MANAGE;#72 SL 3467.16 -> 3474.56 breakeven
2025.09.02 03:03:38;MANAGE;#72 partial close 0.05 of 0.11 lots
2025.09.02 03:03:38;RISK;deal closed pnl=36.02 streak=0 lock=0
2025.09.02 03:03:38;MANAGE;#72 SL 3474.56 -> 3477.03 trail
2025.09.02 03:03:39;MANAGE;#72 SL 3477.03 -> 3477.27 trail
2025.09.02 03:03:42;MANAGE;#72 SL 3477.27 -> 3477.51 trail
2025.09.02 03:03:50;MANAGE;#72 SL 3477.51 -> 3477.75 trail
2025.09.02 03:08:31;MANAGE;#72 SL 3477.75 -> 3477.90 trail
2025.09.02 03:08:31;MANAGE;#72 SL 3477.90 -> 3478.11 trail
2025.09.02 03:08:33;MANAGE;#72 SL 3478.11 -> 3478.22 trail
2025.09.02 03:08:34;MANAGE;#72 SL 3478.22 -> 3478.37 trail
2025.09.02 03:15:00;DECISION;setup LONG score=0.85 entry=3481.13 inv=3474.55 tgt=0.00 AWAIT-RETEST [CHoCH long lvl=3480.48|RelVol=1.44|Retest@3481.13|VPnode d=0.33|VWAPside|CycleTurn w=0.26<--0.71]
2025.09.02 03:29:18;MANAGE;#72 SL 3478.37 -> 3478.51 trail
2025.09.02 03:30:00;VETO;authorization denied: outside session window (server hour 03, window 12-20)
2025.09.02 03:34:23;MANAGE;#72 SL 3478.51 -> 3478.65 trail
2025.09.02 03:35:12;MANAGE;#72 SL 3478.65 -> 3478.94 trail
2025.09.02 03:36:18;MANAGE;#72 SL 3478.94 -> 3479.08 trail
2025.09.02 03:36:45;MANAGE;#72 SL 3479.08 -> 3479.18 trail
2025.09.02 03:36:57;MANAGE;#72 SL 3479.18 -> 3479.33 trail
2025.09.02 03:36:59;MANAGE;#72 SL 3479.33 -> 3479.48 trail
2025.09.02 03:37:05;MANAGE;#72 SL 3479.48 -> 3479.62 trail
2025.09.02 03:42:05;RISK;deal closed pnl=29.96 streak=0 lock=0
2025.09.02 03:45:00;VETO;authorization denied: outside session window (server hour 03, window 12-20)
2025.09.02 04:00:00;VETO;authorization denied: outside session window (server hour 04, window 12-20)
2025.09.02 04:15:00;VETO;outlier bar masked, z=3.9
2025.09.02 04:30:00;VETO;authorization denied: outside session window (server hour 04, window 12-20)
2025.09.02 05:00:00;VETO;outlier bar masked, z=7.0
2025.09.02 09:30:00;VETO;signal rejected: score 0.40 < 0.55 [CHoCH short lvl=3490.15|RelVol=1.39|Retest@3489.13|VWAPside]
2025.09.02 11:00:00;VETO;outlier bar masked, z=4.5
2025.09.02 13:45:00;DECISION;setup LONG score=0.75 entry=3482.53 inv=3470.34 tgt=0.00 AWAIT-RETEST [CHoCH long lvl=3481.38|RelVol=1.45|Retest@3482.53|VPnode d=3.13|CycleTurn w=-0.15<--0.83]
2025.09.02 13:45:00;DECISION;TP capped 24.37679 -> 18.28259 (3.0xATR)
2025.09.02 13:45:00;ORDER;limit BUY 0.07 @ 3482.53 sl=3470.34 tp=3500.81 rc=10009 [WT|CHOCH|0.75|RL]
2025.09.02 13:45:00;RISK;sizing: vol_ratio=1.19 scalar=1.00 gap_buf=2.58143 eff_stop=14.76982
2025.09.02 14:17:19;ORDER;entry fill deal #71 BUY 0.07 @ 3482.43000
2025.09.02 15:30:00;VETO;outlier bar masked, z=3.7
2025.09.02 15:45:00;VETO;outlier bar masked, z=6.3
2025.09.02 16:00:00;VETO;outlier bar masked, z=4.1
2025.09.02 16:45:00;VETO;outlier bar masked, z=4.2
2025.09.02 17:00:00;VETO;outlier bar masked, z=3.7
2025.09.02 17:07:31;MANAGE;#75 SL 3470.34 -> 3482.63 breakeven
2025.09.02 17:07:31;MANAGE;#75 partial close 0.03 of 0.07 lots
2025.09.02 17:07:31;RISK;deal closed pnl=36.42 streak=0 lock=0
2025.09.02 17:08:39;MANAGE;#75 SL 3482.63 -> 3483.16 trail
2025.09.02 17:08:45;MANAGE;#75 SL 3483.16 -> 3483.29 trail
2025.09.02 17:08:46;MANAGE;#75 SL 3483.29 -> 3483.47 trail
2025.09.02 17:08:47;MANAGE;#75 SL 3483.47 -> 3483.77 trail
2025.09.02 17:08:48;MANAGE;#75 SL 3483.77 -> 3483.95 trail
2025.09.02 17:08:49;MANAGE;#75 SL 3483.95 -> 3484.10 trail
2025.09.02 17:15:00;DECISION;setup LONG score=0.65 entry=3495.51 inv=3474.03 tgt=0.00 AWAIT-RETEST [CHoCH long lvl=3494.08|RelVol=1.21|Retest@3495.51|VPnode d=0.21|VWAPside]
2025.09.02 17:15:00;VETO;retest limit risk veto: max positions
2025.09.02 17:19:44;MANAGE;#75 SL 3484.10 -> 3484.20 trail
2025.09.02 17:20:20;MANAGE;#75 SL 3484.20 -> 3484.33 trail
2025.09.02 17:24:12;MANAGE;#75 SL 3484.33 -> 3484.52 trail
2025.09.02 17:24:16;MANAGE;#75 SL 3484.52 -> 3484.65 trail
2025.09.02 17:24:20;MANAGE;#75 SL 3484.65 -> 3484.76 trail
2025.09.02 17:24:23;MANAGE;#75 SL 3484.76 -> 3484.95 trail
2025.09.02 17:24:26;MANAGE;#75 SL 3484.95 -> 3485.07 trail
2025.09.02 17:24:31;RISK;deal closed pnl=73.80 streak=0 lock=0
2025.09.02 17:45:00;VETO;outlier bar masked, z=5.7
2025.09.02 21:00:00;VETO;signal rejected: score 0.50 < 0.55 [BOS long lvl=3528.73|RelVol=1.67|VWAPside|ADX=63]
2025.09.03 03:30:00;VETO;outlier bar masked, z=5.3
2025.09.03 03:45:00;DECISION;setup LONG score=0.60 entry=3540.27 inv=3526.30 tgt=0.00 [BOS long lvl=3540.17|RelVol=1.48|VWAPside|CycleTurn w=-0.93<--0.98]
2025.09.03 03:45:00;VETO;authorization denied: outside session window (server hour 03, window 12-20)
2025.09.03 04:00:00;VETO;authorization denied: outside session window (server hour 04, window 12-20)
2025.09.03 04:15:00;VETO;authorization denied: outside session window (server hour 04, window 12-20)
2025.09.03 04:30:00;VETO;authorization denied: outside session window (server hour 04, window 12-20)
2025.09.03 06:00:00;DECISION;setup SHORT score=0.65 entry=3530.56 inv=3545.98 tgt=0.00 AWAIT-RETEST [CHoCH short lvl=3531.97|RelVol=1.42|Retest@3530.56|VPnode d=2.04|VWAPside]
2025.09.03 06:15:00;VETO;authorization denied: outside session window (server hour 06, window 12-20)
2025.09.03 06:30:00;VETO;authorization denied: outside session window (server hour 06, window 12-20)
2025.09.03 06:45:00;VETO;authorization denied: outside session window (server hour 06, window 12-20)
2025.09.03 07:00:00;VETO;authorization denied: outside session window (server hour 07, window 12-20)
2025.09.03 11:30:00;DECISION;setup LONG score=0.85 entry=3538.34 inv=3529.46 tgt=0.00 AWAIT-RETEST [CHoCH long lvl=3537.29|RelVol=1.25|Retest@3538.34|VPnode d=0.34|VWAPside|CycleTurn w=-0.53<--0.99]
2025.09.03 11:45:00;VETO;authorization denied: outside session window (server hour 11, window 12-20)
2025.09.03 12:00:00;DECISION;TP capped 21.54000 -> 16.15500 (3.0xATR)
2025.09.03 12:00:00;ORDER;filled BUY 0.08 lots sl=3529.46 tp=3556.39 [WT|CHOCH|0.85]
2025.09.03 12:00:00;RISK;sizing: vol_ratio=0.82 scalar=1.00 gap_buf=2.10893 eff_stop=12.87893
2025.09.03 12:00:00;ORDER;entry fill deal #74 BUY 0.08 @ 3540.23000
2025.09.03 14:15:00;DECISION;setup LONG score=0.70 entry=3542.96 inv=3532.38 tgt=0.00 AWAIT-RETEST [BOS long lvl=3541.89|RelVol=1.36|Retest@3542.96|VPnear|VWAPside|CycleTurn w=-0.75<--0.99]
2025.09.03 14:15:00;VETO;retest limit risk veto: max positions
2025.09.03 15:30:00;DECISION;TP capped 29.92000 -> 22.44000 (3.0xATR)
2025.09.03 15:30:00;VETO;risk veto: max positions
2025.09.03 15:56:16;MANAGE;#78 SL 3529.46 -> 3540.41 breakeven
2025.09.03 15:56:16;MANAGE;#78 partial close 0.04 of 0.08 lots
2025.09.03 15:56:16;RISK;deal closed pnl=43.12 streak=0 lock=0
2025.09.03 15:56:17;MANAGE;#78 SL 3540.41 -> 3541.80 trail
2025.09.03 15:58:53;MANAGE;#78 SL 3541.80 -> 3541.99 trail
2025.09.03 15:59:02;MANAGE;#78 SL 3541.99 -> 3542.10 trail
2025.09.03 15:59:02;MANAGE;#78 SL 3542.10 -> 3542.38 trail
2025.09.03 16:00:00;VETO;signal rejected: score 0.40 < 0.55 [BOS long lvl=3549.61|RelVol=1.14|VWAPside]
2025.09.03 16:01:11;MANAGE;#78 SL 3542.38 -> 3542.80 trail
2025.09.03 16:01:12;MANAGE;#78 SL 3542.80 -> 3543.02 trail
2025.09.03 16:01:14;MANAGE;#78 SL 3543.02 -> 3543.26 trail
2025.09.03 16:01:15;MANAGE;#78 SL 3543.26 -> 3543.87 trail
2025.09.03 16:01:18;MANAGE;#78 SL 3543.87 -> 3544.00 trail
2025.09.03 16:01:19;MANAGE;#78 SL 3544.00 -> 3544.17 trail
2025.09.03 16:01:35;MANAGE;#78 SL 3544.17 -> 3544.43 trail
2025.09.03 16:01:37;MANAGE;#78 SL 3544.43 -> 3544.59 trail
2025.09.03 16:02:23;MANAGE;#78 SL 3544.59 -> 3544.77 trail
2025.09.03 16:02:24;MANAGE;#78 SL 3544.77 -> 3544.89 trail
2025.09.03 16:02:30;MANAGE;#78 SL 3544.89 -> 3545.09 trail
2025.09.03 16:02:30;MANAGE;#78 SL 3545.09 -> 3545.35 trail
2025.09.03 16:02:32;MANAGE;#78 SL 3545.35 -> 3545.71 trail
2025.09.03 16:07:38;MANAGE;#78 SL 3545.71 -> 3545.81 trail
2025.09.03 16:07:44;MANAGE;#78 SL 3545.81 -> 3546.32 trail
2025.09.03 16:08:08;MANAGE;#78 SL 3546.32 -> 3546.76 trail
2025.09.03 16:08:12;RISK;deal closed pnl=64.88 streak=0 lock=0
2025.09.03 19:30:00;VETO;signal rejected: score 0.50 < 0.55 [BOS long lvl=3565.47|RelVol=1.27|VWAPside|ADX=48]
2025.09.04 02:15:00;DECISION;setup SHORT score=0.65 entry=3558.69 inv=3566.09 tgt=0.00 AWAIT-RETEST [CHoCH short lvl=3559.62|RelVol=2.12|Retest@3558.69|VPnode d=1.51|VWAPside]
2025.09.04 02:30:00;VETO;authorization denied: outside session window (server hour 02, window 12-20)
2025.09.04 02:45:01;VETO;authorization denied: outside session window (server hour 02, window 12-20)
2025.09.04 03:00:00;VETO;authorization denied: outside session window (server hour 03, window 12-20)
2025.09.04 03:15:00;VETO;authorization denied: outside session window (server hour 03, window 12-20)
2025.09.04 04:45:00;VETO;signal rejected: score 0.50 < 0.55 [BOS short lvl=3552.16|RelVol=1.36|Retest@3550.76|VPnear|VWAPside]
2025.09.04 06:00:00;VETO;outlier bar masked, z=3.7
2025.09.04 06:15:00;VETO;outlier bar masked, z=7.7
2025.09.04 06:30:00;VETO;outlier bar masked, z=5.5
2025.09.04 09:30:00;VETO;signal rejected: score 0.40 < 0.55 [CHoCH long lvl=3534.37|RelVol=1.24|Retest@3535.67|VPnear]
2025.09.04 11:15:00;VETO;signal rejected: score 0.40 < 0.55 [BOS long lvl=3541.63|RelVol=1.22|VWAPside]
2025.09.04 15:15:00;DECISION;setup LONG score=0.65 entry=3547.86 inv=3536.67 tgt=0.00 [BOS long lvl=3546.85|RelVol=1.24|VPnode d=1.94|VWAPside]
2025.09.04 15:15:00;DECISION;TP capped 23.22000 -> 17.41500 (3.0xATR)
2025.09.04 15:15:00;ORDER;filled BUY 0.08 lots sl=3536.67 tp=3565.70 [WT|BOS|0.65]
2025.09.04 15:15:00;RISK;sizing: vol_ratio=0.90 scalar=1.00 gap_buf=2.45464 eff_stop=14.06464
2025.09.04 15:15:00;ORDER;entry fill deal #77 BUY 0.08 @ 3548.28000
2025.09.04 17:04:08;RISK;deal closed pnl=-93.04 streak=1 lock=0
2025.09.05 01:15:00;DECISION;setup SHORT score=0.85 entry=3541.91 inv=3551.03 tgt=0.00 AWAIT-RETEST [CHoCH short lvl=3542.61|RelVol=1.19|Retest@3541.91|VPnode d=0.41|VWAPside|CycleTurn w=-0.69<-0.10]
2025.09.05 01:30:00;VETO;authorization denied: outside session window (server hour 01, window 12-20)
2025.09.05 01:45:00;VETO;authorization denied: outside session window (server hour 01, window 12-20)
2025.09.05 02:00:00;VETO;authorization denied: outside session window (server hour 02, window 12-20)
2025.09.05 02:15:00;VETO;authorization denied: outside session window (server hour 02, window 12-20)
2025.09.05 03:00:00;DECISION;setup LONG score=0.70 entry=3551.81 inv=3539.79 tgt=0.00 AWAIT-RETEST [CHoCH long lvl=3551.03|RelVol=1.56|Retest@3551.81|VPnear|VWAPside|CycleTurn w=-0.51<--0.93]
2025.09.05 03:15:00;VETO;authorization denied: outside session window (server hour 03, window 12-20)
2025.09.05 03:30:00;VETO;authorization denied: outside session window (server hour 03, window 12-20)
2025.09.05 03:45:00;VETO;authorization denied: outside session window (server hour 03, window 12-20)
2025.09.05 04:00:00;VETO;authorization denied: outside session window (server hour 04, window 12-20)
2025.09.05 06:45:00;DECISION;setup LONG score=0.85 entry=3557.82 inv=3546.15 tgt=0.00 [BOS long lvl=3556.46|RelVol=1.19|VPnode d=2.62|VWAPside|CycleTurn w=0.14<--0.83]
2025.09.05 06:45:00;VETO;authorization denied: outside session window (server hour 06, window 12-20)
2025.09.05 07:00:00;VETO;authorization denied: outside session window (server hour 07, window 12-20)
2025.09.05 07:15:01;VETO;authorization denied: outside session window (server hour 07, window 12-20)
2025.09.05 07:30:00;VETO;authorization denied: outside session window (server hour 07, window 12-20)
2025.09.05 11:00:00;DECISION;setup SHORT score=0.65 entry=3547.59 inv=3554.31 tgt=0.00 AWAIT-RETEST [CHoCH short lvl=3548.44|RelVol=1.03|Retest@3547.59|VPnode d=0.19|VWAPside]
2025.09.05 11:15:00;VETO;authorization denied: outside session window (server hour 11, window 12-20)
2025.09.05 11:30:00;VETO;authorization denied: outside session window (server hour 11, window 12-20)
2025.09.05 11:45:00;VETO;authorization denied: outside session window (server hour 11, window 12-20)
2025.09.05 12:00:00;DECISION;TP capped 16.54000 -> 12.40500 (3.0xATR)
2025.09.05 12:00:00;ORDER;filled SELL 0.11 lots sl=3554.31 tp=3533.64 [WT|CHOCH|0.65]
2025.09.05 12:00:00;RISK;sizing: vol_ratio=0.84 scalar=1.00 gap_buf=1.81143 eff_stop=10.08143
2025.09.05 12:00:00;ORDER;entry fill deal #79 SELL 0.11 @ 3546.04000
2025.09.05 14:11:59;RISK;deal closed pnl=-91.96 streak=1 lock=0
2025.09.05 15:45:00;VETO;outlier bar masked, z=17.1
2025.09.05 16:00:00;VETO;outlier bar masked, z=4.9
2025.09.05 16:15:00;VETO;outlier bar masked, z=3.7
2025.09.05 17:00:00;VETO;outlier bar masked, z=3.8
2025.09.05 17:30:00;VETO;outlier bar masked, z=7.4
2025.09.05 17:45:00;VETO;outlier bar masked, z=5.0
2025.09.05 18:00:00;VETO;outlier bar masked, z=3.6
2025.09.05 19:30:00;VETO;signal rejected: score 0.50 < 0.55 [BOS long lvl=3597.63|RelVol=1.29|VWAPside|ADX=40]
2025.09.05 23:15:00;VETO;signal rejected: score 0.40 < 0.55 [CHoCH short lvl=3590.57|RelVol=1.73|Retest@3589.66|VPnear]
2025.09.08 04:00:00;DECISION;setup LONG score=0.85 entry=3595.13 inv=3586.91 tgt=0.00 AWAIT-RETEST [CHoCH long lvl=3594.02|RelVol=1.19|Retest@3595.13|VPnode d=2.33|VWAPside|CycleTurn w=-0.99<--1.00]
2025.09.08 04:15:00;VETO;outlier bar masked, z=4.4
2025.09.08 04:30:00;DECISION;setup SHORT score=0.65 entry=3585.74 inv=3594.02 tgt=0.00 AWAIT-RETEST [CHoCH short lvl=3586.91|RelVol=1.21|Retest@3585.74|VPnode d=2.46|VWAPside]
2025.09.08 04:45:00;VETO;authorization denied: outside session window (server hour 04, window 12-20)
2025.09.08 05:00:00;VETO;authorization denied: outside session window (server hour 05, window 12-20)
2025.09.08 05:15:00;VETO;authorization denied: outside session window (server hour 05, window 12-20)
2025.09.08 05:30:00;VETO;authorization denied: outside session window (server hour 05, window 12-20)
2025.09.08 06:45:00;DECISION;setup SHORT score=0.65 entry=3584.14 inv=3594.31 tgt=0.00 [BOS short lvl=3584.98|RelVol=1.35|VPnode d=2.86|VWAPside]
2025.09.08 06:45:00;VETO;authorization denied: outside session window (server hour 06, window 12-20)
2025.09.08 07:00:00;VETO;authorization denied: outside session window (server hour 07, window 12-20)
2025.09.08 07:15:00;VETO;authorization denied: outside session window (server hour 07, window 12-20)
2025.09.08 07:30:00;VETO;authorization denied: outside session window (server hour 07, window 12-20)
2025.09.08 09:30:00;DECISION;setup LONG score=0.65 entry=3595.19 inv=3579.64 tgt=0.00 AWAIT-RETEST [CHoCH long lvl=3594.31|RelVol=1.08|Retest@3595.19|VPnode d=1.39|VWAPside]
2025.09.08 09:45:00;VETO;authorization denied: outside session window (server hour 09, window 12-20)
2025.09.08 10:00:00;VETO;authorization denied: outside session window (server hour 10, window 12-20)
2025.09.08 10:15:00;VETO;authorization denied: outside session window (server hour 10, window 12-20)
2025.09.08 10:30:00;VETO;authorization denied: outside session window (server hour 10, window 12-20)
2025.09.08 13:15:00;VETO;signal rejected: score 0.50 < 0.55 [BOS long lvl=3617.11|RelVol=1.05|Retest@3618.36|VWAPside|ADX=52]
2025.09.08 16:00:00;DECISION;setup LONG score=0.70 entry=3624.20 inv=3612.99 tgt=0.00 [BOS long lvl=3622.36|RelVol=1.01|VWAPside|CycleTurn w=-0.98<--1.00|ADX=32]
2025.09.08 16:00:00;DECISION;TP capped 23.06000 -> 17.29500 (3.0xATR)
2025.09.08 16:00:00;ORDER;filled BUY 0.08 lots sl=3612.99 tp=3641.82 [WT|BOS|0.70]
2025.09.08 16:00:00;RISK;sizing: vol_ratio=0.82 scalar=1.00 gap_buf=2.22071 eff_stop=13.75071
2025.09.08 16:00:00;ORDER;entry fill deal #81 BUY 0.08 @ 3624.52000
2025.09.08 16:51:40;MANAGE;#85 SL 3612.99 -> 3624.69 breakeven
2025.09.08 16:51:40;MANAGE;#85 partial close 0.04 of 0.08 lots
2025.09.08 16:51:40;RISK;deal closed pnl=46.36 streak=0 lock=0
2025.09.08 16:51:41;MANAGE;#85 SL 3624.69 -> 3625.22 trail
2025.09.08 16:52:25;MANAGE;#85 SL 3625.22 -> 3625.36 trail
2025.09.08 16:52:33;MANAGE;#85 SL 3625.36 -> 3625.52 trail
2025.09.08 16:52:33;MANAGE;#85 SL 3625.52 -> 3625.85 trail
2025.09.08 16:52:34;MANAGE;#85 SL 3625.85 -> 3626.00 trail
2025.09.08 17:10:04;MANAGE;#85 SL 3626.00 -> 3626.14 trail
2025.09.08 17:10:11;MANAGE;#85 SL 3626.14 -> 3626.34 trail
2025.09.08 17:54:58;MANAGE;#85 SL 3626.34 -> 3626.50 trail
2025.09.08 17:55:12;MANAGE;#85 SL 3626.50 -> 3626.68 trail
2025.09.08 17:55:17;MANAGE;#85 SL 3626.68 -> 3626.88 trail
2025.09.08 17:55:17;MANAGE;#85 SL 3626.88 -> 3626.99 trail
2025.09.08 17:55:52;MANAGE;#85 SL 3626.99 -> 3627.31 trail
2025.09.08 17:56:51;MANAGE;#85 SL 3627.31 -> 3627.46 trail
2025.09.08 17:57:00;MANAGE;#85 SL 3627.46 -> 3628.04 trail
2025.09.08 17:57:02;MANAGE;#85 SL 3628.04 -> 3628.19 trail
2025.09.08 18:00:40;RISK;deal closed pnl=70.16 streak=0 lock=0
2025.09.09 01:30:00;DECISION;setup SHORT score=0.65 entry=3631.94 inv=3637.83 tgt=0.00 AWAIT-RETEST [CHoCH short lvl=3632.59|RelVol=1.13|Retest@3631.94|VPnode d=0.26|VWAPside]
2025.09.09 01:45:00;VETO;authorization denied: outside session window (server hour 01, window 12-20)
2025.09.09 02:00:00;VETO;authorization denied: outside session window (server hour 02, window 12-20)
2025.09.09 02:15:00;VETO;authorization denied: outside session window (server hour 02, window 12-20)
2025.09.09 02:30:00;VETO;authorization denied: outside session window (server hour 02, window 12-20)
2025.09.09 04:00:00;VETO;signal rejected: volume: relVol 0.96 < 1.00
2025.09.09 07:45:00;DECISION;setup LONG score=0.95 entry=3655.28 inv=3642.74 tgt=0.00 [BOS long lvl=3654.38|RelVol=1.23|VPnode d=0.48|VWAPside|CycleTurn w=-0.87<--0.96|ADX=37]
2025.09.09 07:45:00;VETO;authorization denied: outside session window (server hour 07, window 12-20)
2025.09.09 08:00:00;VETO;authorization denied: outside session window (server hour 08, window 12-20)
2025.09.09 08:15:00;VETO;authorization denied: outside session window (server hour 08, window 12-20)
2025.09.09 08:30:00;VETO;authorization denied: outside session window (server hour 08, window 12-20)
2025.09.09 09:15:00;VETO;outlier bar masked, z=7.5
2025.09.09 09:30:00;DECISION;setup SHORT score=0.85 entry=3641.60 inv=3654.38 tgt=0.00 AWAIT-RETEST [CHoCH short lvl=3642.74|RelVol=1.30|Retest@3641.60|VPnode d=2.40|VWAPside|CycleTurn w=-0.35<-0.75]
2025.09.09 09:45:00;VETO;outlier bar masked, z=4.0
2025.09.09 10:00:00;VETO;authorization denied: outside session window (server hour 10, window 12-20)
2025.09.09 10:15:01;VETO;authorization denied: outside session window (server hour 10, window 12-20)
2025.09.09 10:30:00;VETO;authorization denied: outside session window (server hour 10, window 12-20)
2025.09.09 10:45:00;VETO;authorization denied: outside session window (server hour 10, window 12-20)
2025.09.09 12:15:00;DECISION;setup LONG score=0.85 entry=3652.17 inv=3641.61 tgt=0.00 AWAIT-RETEST [CHoCH long lvl=3650.85|RelVol=1.27|Retest@3652.17|VPnode d=1.63|VWAPside|CycleTurn w=-0.84<--0.96]
2025.09.09 12:15:00;DECISION;TP capped 21.12214 -> 15.85286 (3.0xATR)
2025.09.09 12:15:00;ORDER;limit BUY 0.08 @ 3652.17 sl=3641.61 tp=3668.02 rc=10009 [WT|CHOCH|0.85|RL]
2025.09.09 12:15:00;RISK;sizing: vol_ratio=1.45 scalar=1.00 gap_buf=3.45750 eff_stop=14.01857
2025.09.09 12:37:07;ORDER;entry fill deal #84 BUY 0.08 @ 3652.13000
2025.09.09 15:00:00;VETO;signal rejected: score 0.40 < 0.55 [CHoCH short lvl=3648.89|RelVol=1.12|Retest@3647.90|VPnear]
2025.09.09 16:30:00;DECISION;setup LONG score=0.85 entry=3656.53 inv=3643.90 tgt=0.00 AWAIT-RETEST [CHoCH long lvl=3655.29|RelVol=1.09|Retest@3656.53|VPnode d=0.53|VWAPside|CycleTurn w=-0.93<--0.99]
2025.09.09 16:30:00;VETO;retest limit risk veto: max positions
2025.09.09 16:32:59;MANAGE;#88 SL 3641.61 -> 3652.31 breakeven
2025.09.09 16:32:59;MANAGE;#88 partial close 0.04 of 0.08 lots
2025.09.09 16:32:59;RISK;deal closed pnl=42.20 streak=0 lock=0
2025.09.09 16:33:00;MANAGE;#88 SL 3652.31 -> 3652.65 trail
2025.09.09 16:34:41;MANAGE;#88 SL 3652.65 -> 3653.12 trail
2025.09.09 16:34:42;MANAGE;#88 SL 3653.12 -> 3653.24 trail
2025.09.09 16:34:42;MANAGE;#88 SL 3653.24 -> 3653.35 trail
2025.09.09 16:34:43;MANAGE;#88 SL 3653.35 -> 3653.53 trail
2025.09.09 16:34:44;MANAGE;#88 SL 3653.53 -> 3653.77 trail
2025.09.09 16:35:00;MANAGE;#88 SL 3653.77 -> 3653.93 trail
2025.09.09 16:35:07;MANAGE;#88 SL 3653.93 -> 3654.15 trail
2025.09.09 16:35:08;MANAGE;#88 SL 3654.15 -> 3654.42 trail
2025.09.09 16:35:09;MANAGE;#88 SL 3654.42 -> 3654.55 trail
2025.09.09 16:36:15;MANAGE;#88 SL 3654.55 -> 3654.70 trail
2025.09.09 16:36:16;MANAGE;#88 SL 3654.70 -> 3654.93 trail
2025.09.09 16:36:16;MANAGE;#88 SL 3654.93 -> 3655.18 trail
2025.09.09 16:36:27;MANAGE;#88 SL 3655.18 -> 3655.48 trail
2025.09.09 16:36:32;MANAGE;#88 SL 3655.48 -> 3655.60 trail
2025.09.09 16:36:35;MANAGE;#88 SL 3655.60 -> 3655.95 trail
2025.09.09 16:36:43;MANAGE;#88 SL 3655.95 -> 3656.41 trail
2025.09.09 16:37:39;MANAGE;#88 SL 3656.41 -> 3656.72 trail
2025.09.09 16:37:40;MANAGE;#88 SL 3656.72 -> 3656.87 trail
2025.09.09 16:37:41;MANAGE;#88 SL 3656.87 -> 3657.07 trail
2025.09.09 16:37:42;MANAGE;#88 SL 3657.07 -> 3657.30 trail
2025.09.09 16:37:44;MANAGE;#88 SL 3657.30 -> 3657.55 trail
2025.09.09 16:58:08;RISK;deal closed pnl=64.32 streak=0 lock=0
2025.09.09 17:15:00;VETO;outlier bar masked, z=12.4
2025.09.09 17:30:00;DECISION;TP capped 19.12000 -> 18.69857 (3.0xATR)
2025.09.09 17:30:00;ORDER;filled BUY 0.08 lots sl=3643.90 tp=3672.16 [WT|CHOCH|0.85]
2025.09.09 17:30:00;RISK;sizing: vol_ratio=1.59 scalar=1.00 gap_buf=4.11571 eff_stop=13.67571
2025.09.09 17:30:00;ORDER;entry fill deal #87 BUY 0.08 @ 3653.46000
2025.09.09 17:31:54;RISK;deal closed pnl=-79.60 streak=1 lock=0
2025.09.09 17:45:00;VETO;outlier bar masked, z=6.1
2025.09.09 18:15:00;DECISION;setup SHORT score=0.85 entry=3642.14 inv=3674.12 tgt=0.00 AWAIT-RETEST [CHoCH short lvl=3643.90|RelVol=1.14|Retest@3642.14|VPnode d=0.86|VWAPside|CycleTurn w=-0.76<-0.03]
2025.09.09 18:15:00;DECISION;TP capped 63.95143 -> 47.96357 (3.0xATR)
2025.09.09 18:15:00;ORDER;limit SELL 0.03 @ 3642.14 sl=3674.12 tp=3594.18 rc=10009 [WT|CHOCH|0.85|RL]
2025.09.09 18:15:00;RISK;sizing: vol_ratio=1.91 scalar=1.00 gap_buf=5.08536 eff_stop=37.06107
2025.09.09 18:30:00;VETO;outlier bar masked, z=4.3
2025.09.09 18:42:44;ORDER;entry fill deal #89 SELL 0.03 @ 3642.15000
2025.09.10 01:00:08;VETO;signal rejected: score 0.40 < 0.55 [BOS short lvl=3626.91|RelVol=1.89|ADX=64]
2025.09.10 04:30:00;DECISION;setup SHORT score=0.75 entry=3621.11 inv=3640.77 tgt=0.00 [BOS short lvl=3622.17|RelVol=1.08|VPnode d=0.69|VWAPside|ADX=46]
2025.09.10 04:30:00;VETO;authorization denied: outside session window (server hour 04, window 12-20)
2025.09.10 04:45:00;VETO;authorization denied: outside session window (server hour 04, window 12-20)
2025.09.10 05:00:00;VETO;authorization denied: outside session window (server hour 05, window 12-20)
2025.09.10 05:15:00;VETO;authorization denied: outside session window (server hour 05, window 12-20)
2025.09.10 07:15:02;DECISION;setup LONG score=0.65 entry=3639.47 inv=3620.29 tgt=0.00 AWAIT-RETEST [CHoCH long lvl=3638.29|RelVol=1.15|Retest@3639.47|VPnode d=2.27|VWAPside]
2025.09.10 12:45:00;DECISION;setup LONG score=0.85 entry=3651.04 inv=3642.27 tgt=0.00 [BOS long lvl=3648.37|RelVol=1.10|VPnode d=2.84|VWAPside|CycleTurn w=-0.65<--0.98]
2025.09.10 12:45:00;DECISION;TP capped 17.98000 -> 13.48500 (3.0xATR)
2025.09.10 12:45:00;VETO;risk veto: max positions
2025.09.10 15:45:00;VETO;outlier bar masked, z=5.6
2025.09.10 22:30:00;DECISION;setup SHORT score=0.85 entry=3639.12 inv=3649.64 tgt=0.00 AWAIT-RETEST [CHoCH short lvl=3639.90|RelVol=1.30|Retest@3639.12|VPnode d=0.88|VWAPside|CycleTurn w=0.65<-0.95]
2025.09.10 22:45:00;VETO;authorization denied: outside session window (server hour 22, window 12-20)
2025.09.10 23:00:00;VETO;authorization denied: outside session window (server hour 23, window 12-20)
2025.09.10 23:15:00;VETO;authorization denied: outside session window (server hour 23, window 12-20)
2025.09.10 23:30:00;VETO;authorization denied: outside session window (server hour 23, window 12-20)
2025.09.11 03:00:00;VETO;signal rejected: volume: relVol 0.94 < 1.00
2025.09.11 06:15:00;VETO;signal rejected: score 0.40 < 0.55 [CHoCH short lvl=3634.98|RelVol=1.01|Retest@3634.01|VWAPside]
2025.09.11 08:45:00;DECISION;setup SHORT score=0.60 entry=3629.75 inv=3634.89 tgt=0.00 [BOS short lvl=3629.86|RelVol=1.21|StopFloored|VPnear|VWAPside|ADX=47]
2025.09.11 08:45:00;VETO;authorization denied: outside session window (server hour 08, window 12-20)
2025.09.11 09:00:00;VETO;authorization denied: outside session window (server hour 09, window 12-20)
2025.09.11 09:15:00;VETO;outlier bar masked, z=3.9
2025.09.11 09:30:00;VETO;authorization denied: outside session window (server hour 09, window 12-20)
2025.09.11 09:45:00;DECISION;setup LONG score=0.75 entry=3635.21 inv=3629.85 tgt=0.00 AWAIT-RETEST [CHoCH long lvl=3634.32|RelVol=1.22|Retest@3635.21|StopFloored|VPnode d=2.21|CycleTurn w=-0.12<--0.89]
2025.09.11 10:00:00;VETO;authorization denied: outside session window (server hour 10, window 12-20)
2025.09.11 12:15:00;DECISION;setup SHORT score=0.85 entry=3622.56 inv=3631.66 tgt=0.00 AWAIT-RETEST [CHoCH short lvl=3623.86|RelVol=1.22|Retest@3622.56|VPnode d=1.44|VWAPside|CycleTurn w=-0.29<-0.90]
2025.09.11 12:15:00;VETO;retest limit risk veto: max positions
2025.09.11 13:00:00;DECISION;TP capped 19.54000 -> 14.69357 (3.0xATR)
2025.09.11 13:00:00;VETO;risk veto: max positions
2025.09.11 15:45:00;VETO;outlier bar masked, z=14.3
2025.09.11 16:00:00;VETO;outlier bar masked, z=3.7
2025.09.11 16:30:00;VETO;outlier bar masked, z=5.3
2025.09.11 16:45:00;VETO;outlier bar masked, z=4.3
2025.09.11 19:15:00;VETO;signal rejected: score 0.50 < 0.55 [BOS long lvl=3637.94|RelVol=1.17|VPnear|VWAPside]
2025.09.12 03:00:00;VETO;signal rejected: volume: relVol 0.94 < 1.00
2025.09.12 04:15:00;DECISION;setup LONG score=0.70 entry=3638.91 inv=3633.08 tgt=0.00 AWAIT-RETEST [CHoCH long lvl=3638.19|RelVol=1.05|Retest@3638.91|VPnear|VWAPside|CycleTurn w=-0.76<--0.99]
2025.09.12 17:30:00;VETO;signal rejected: volume: relVol 0.91 < 1.00
2025.09.12 22:00:00;RISK;FLATTEN ALL: Friday flatten: weekend gap protection
2025.09.12 22:00:00;RISK;deal closed pnl=-20.19 streak=1 lock=0
2025.09.12 22:30:00;VETO;signal rejected: volume: relVol 0.80 < 1.00
2025.09.15 05:30:00;DECISION;setup LONG score=0.85 entry=3643.66 inv=3626.69 tgt=0.00 AWAIT-RETEST [CHoCH long lvl=3642.57|RelVol=1.04|Retest@3643.66|VPnode d=1.74|VWAPside|CycleTurn w=-0.41<--0.92]
2025.09.15 05:45:00;VETO;authorization denied: outside session window (server hour 05, window 12-20)
2025.09.15 06:00:00;VETO;authorization denied: outside session window (server hour 06, window 12-20)
2025.09.15 06:15:00;VETO;authorization denied: outside session window (server hour 06, window 12-20)
2025.09.15 06:30:00;VETO;authorization denied: outside session window (server hour 06, window 12-20)
2025.09.15 07:00:00;VETO;signal rejected: volume: relVol 0.89 < 1.00
2025.09.15 14:45:00;DECISION;setup LONG score=0.65 entry=3646.41 inv=3635.83 tgt=0.00 [BOS long lvl=3646.28|RelVol=1.07|VPnode d=0.21|VWAPside]
2025.09.15 14:45:00;DECISION;TP capped 21.50000 -> 16.12500 (3.0xATR)
2025.09.15 14:45:00;ORDER;filled BUY 0.08 lots sl=3635.83 tp=3662.70 [WT|BOS|0.65]
2025.09.15 14:45:00;RISK;sizing: vol_ratio=1.07 scalar=1.00 gap_buf=1.80964 eff_stop=12.55964
2025.09.15 14:45:00;ORDER;entry fill deal #91 BUY 0.08 @ 3646.58000
2025.09.15 15:30:00;DECISION;setup SHORT score=0.85 entry=3638.09 inv=3646.28 tgt=0.00 AWAIT-RETEST [CHoCH short lvl=3639.05|RelVol=1.14|Retest@3638.09|VPnode d=0.91|VWAPside|CycleTurn w=0.51<-0.97]
2025.09.15 15:30:00;VETO;retest limit risk veto: max positions
2025.09.15 15:45:00;VETO;risk veto: max positions
2025.09.15 16:00:00;DECISION;setup LONG score=0.65 entry=3647.76 inv=3639.05 tgt=0.00 AWAIT-RETEST [CHoCH long lvl=3646.71|RelVol=1.16|Retest@3647.76|VPnode d=1.56|VWAPside]
2025.09.15 16:00:00;VETO;retest limit risk veto: max positions
2025.09.15 16:15:00;DECISION;TP capped 21.40000 -> 16.05000 (3.0xATR)
2025.09.15 16:15:00;VETO;risk veto: max positions
2025.09.15 16:37:14;MANAGE;#95 SL 3635.83 -> 3646.76 breakeven
2025.09.15 16:37:14;MANAGE;#95 partial close 0.04 of 0.08 lots
2025.09.15 16:37:14;RISK;deal closed pnl=43.00 streak=0 lock=0
2025.09.15 16:37:15;MANAGE;#95 SL 3646.76 -> 3648.94 trail
2025.09.15 16:37:43;MANAGE;#95 SL 3648.94 -> 3649.17 trail
2025.09.15 16:37:44;MANAGE;#95 SL 3649.17 -> 3649.30 trail
2025.09.15 16:37:44;MANAGE;#95 SL 3649.30 -> 3650.15 trail
2025.09.15 16:37:45;MANAGE;#95 SL 3650.15 -> 3650.44 trail
2025.09.15 16:37:45;MANAGE;#95 SL 3650.44 -> 3650.65 trail
2025.09.15 16:37:46;MANAGE;#95 SL 3650.65 -> 3650.80 trail
2025.09.15 16:37:48;MANAGE;#95 SL 3650.80 -> 3651.00 trail
2025.09.15 16:37:49;MANAGE;#95 SL 3651.00 -> 3651.13 trail
2025.09.15 16:37:50;MANAGE;#95 SL 3651.13 -> 3651.28 trail
2025.09.15 16:37:59;MANAGE;#95 SL 3651.28 -> 3651.50 trail
2025.09.15 16:38:02;MANAGE;#95 SL 3651.50 -> 3651.88 trail
2025.09.15 16:38:03;MANAGE;#95 SL 3651.88 -> 3652.03 trail
2025.09.15 16:38:12;MANAGE;#95 SL 3652.03 -> 3652.15 trail
2025.09.15 16:38:13;MANAGE;#95 SL 3652.15 -> 3652.35 trail
2025.09.15 16:38:56;MANAGE;#95 SL 3652.35 -> 3652.47 trail
2025.09.15 16:39:07;MANAGE;#95 SL 3652.47 -> 3652.57 trail
2025.09.15 16:39:10;MANAGE;#95 SL 3652.57 -> 3652.73 trail
2025.09.15 16:39:36;MANAGE;#95 SL 3652.73 -> 3652.85 trail
2025.09.15 16:39:37;MANAGE;#95 SL 3652.85 -> 3652.96 trail
2025.09.15 16:39:48;MANAGE;#95 SL 3652.96 -> 3653.07 trail
2025.09.15 16:39:53;MANAGE;#95 SL 3653.07 -> 3653.20 trail
2025.09.15 16:39:54;MANAGE;#95 SL 3653.20 -> 3653.30 trail
2025.09.15 16:39:55;MANAGE;#95 SL 3653.30 -> 3653.40 trail
2025.09.15 16:39:56;MANAGE;#95 SL 3653.40 -> 3653.54 trail
2025.09.15 16:40:00;MANAGE;#95 SL 3653.54 -> 3653.74 trail
2025.09.15 16:40:02;MANAGE;#95 SL 3653.74 -> 3653.85 trail
2025.09.15 16:40:05;RISK;deal closed pnl=64.76 streak=0 lock=0
2025.09.15 16:45:00;VETO;outlier bar masked, z=4.5
2025.09.15 18:15:00;VETO;signal rejected: score 0.50 < 0.55 [BOS long lvl=3664.29|RelVol=1.00|VWAPside|ADX=31]
2025.09.15 19:00:00;VETO;outlier bar masked, z=5.9
2025.09.16 03:30:00;DECISION;setup LONG score=0.85 entry=3681.01 inv=3676.27 tgt=0.00 AWAIT-RETEST [BOS long lvl=3680.41|RelVol=1.08|Retest@3681.01|VPnode d=1.41|VWAPside|CycleTurn w=-0.99<--1.00]
2025.09.16 04:15:00;VETO;outlier bar masked, z=4.0
2025.09.16 04:30:00;VETO;authorization denied: outside session window (server hour 04, window 12-20)
2025.09.16 04:45:00;VETO;authorization denied: outside session window (server hour 04, window 12-20)
2025.09.16 05:00:00;VETO;authorization denied: outside session window (server hour 05, window 12-20)
2025.09.16 05:15:00;VETO;authorization denied: outside session window (server hour 05, window 12-20)
2025.09.16 07:45:01;VETO;signal rejected: volume: relVol 0.85 < 1.00
2025.09.16 09:45:00;DECISION;setup LONG score=0.70 entry=3685.98 inv=3680.33 tgt=0.00 AWAIT-RETEST [BOS long lvl=3685.33|RelVol=1.12|Retest@3685.98|VPnear|VWAPside|CycleTurn w=-0.39<--0.89]
2025.09.16 11:15:00;VETO;outlier bar masked, z=3.9
2025.09.16 13:00:00;VETO;signal rejected: score 0.40 < 0.55 [BOS long lvl=3697.16|RelVol=1.15|VWAPside]
2025.09.16 15:45:00;VETO;signal rejected: score 0.40 < 0.55 [CHoCH short lvl=3690.54|RelVol=1.24|Retest@3689.68|VPnear]
2025.09.16 16:30:00;VETO;outlier bar masked, z=4.2
2025.09.16 17:30:00;VETO;outlier bar masked, z=5.1
2025.09.16 18:15:00;DECISION;setup SHORT score=0.85 entry=3684.36 inv=3703.06 tgt=0.00 [BOS short lvl=3685.25|RelVol=1.33|VPnode d=2.36|VWAPside|CycleTurn w=-0.73<--0.16]
2025.09.16 18:15:00;DECISION;TP capped 38.18000 -> 28.63500 (3.0xATR)
2025.09.16 18:15:00;ORDER;filled SELL 0.05 lots sl=3703.06 tp=3655.33 [WT|BOS|0.85]
2025.09.16 18:15:00;RISK;sizing: vol_ratio=1.49 scalar=1.00 gap_buf=2.96750 eff_stop=22.05750
2025.09.16 18:15:00;ORDER;entry fill deal #94 SELL 0.05 @ 3683.97000
2025.09.16 23:15:00;VETO;signal rejected: volume: relVol 0.73 < 1.00
2025.09.17 02:15:00;DECISION;setup LONG score=0.75 entry=3694.18 inv=3689.27 tgt=0.00 [BOS long lvl=3693.77|RelVol=1.02|VPnode d=1.18|VWAPside|ADX=34]
2025.09.17 02:15:00;VETO;authorization denied: outside session window (server hour 02, window 12-20)
2025.09.17 02:30:01;VETO;authorization denied: outside session window (server hour 02, window 12-20)
2025.09.17 02:45:00;VETO;authorization denied: outside session window (server hour 02, window 12-20)
2025.09.17 03:00:00;VETO;authorization denied: outside session window (server hour 03, window 12-20)
2025.09.17 04:30:00;VETO;signal rejected: volume: relVol 0.93 < 1.00
2025.09.17 04:45:00;VETO;outlier bar masked, z=4.3
2025.09.17 09:45:00;DECISION;setup SHORT score=0.75 entry=3673.57 inv=3685.90 tgt=0.00 AWAIT-RETEST [BOS short lvl=3674.38|RelVol=1.06|Retest@3673.57|VPnode d=1.37|VWAPside|ADX=39]
2025.09.17 10:00:00;VETO;authorization denied: outside session window (server hour 10, window 12-20)
2025.09.17 10:15:00;VETO;authorization denied: outside session window (server hour 10, window 12-20)
2025.09.17 10:30:00;VETO;authorization denied: outside session window (server hour 10, window 12-20)
2025.09.17 10:45:00;VETO;authorization denied: outside session window (server hour 10, window 12-20)
2025.09.17 11:03:41;MANAGE;#98 SL 3703.06 -> 3683.72 breakeven
2025.09.17 11:03:41;MANAGE;#98 partial close 0.02 of 0.05 lots
2025.09.17 11:03:41;RISK;deal closed pnl=38.59 streak=0 lock=0
2025.09.17 11:03:42;MANAGE;#98 SL 3683.72 -> 3673.63 trail
2025.09.17 11:15:55;MANAGE;#98 SL 3673.63 -> 3673.49 trail
2025.09.17 11:15:55;MANAGE;#98 SL 3673.49 -> 3673.32 trail
2025.09.17 11:16:04;MANAGE;#98 SL 3673.32 -> 3673.21 trail
2025.09.17 11:16:06;MANAGE;#98 SL 3673.21 -> 3673.03 trail
2025.09.17 11:16:46;MANAGE;#98 SL 3673.03 -> 3672.78 trail
2025.09.17 11:37:33;MANAGE;#98 SL 3672.78 -> 3672.66 trail
2025.09.17 11:42:09;MANAGE;#98 SL 3672.66 -> 3672.35 trail
2025.09.17 11:42:16;MANAGE;#98 SL 3672.35 -> 3672.21 trail
2025.09.17 13:10:18;MANAGE;#98 SL 3672.21 -> 3672.08 trail
2025.09.17 13:12:03;MANAGE;#98 SL 3672.08 -> 3671.96 trail
2025.09.17 13:12:06;MANAGE;#98 SL 3671.96 -> 3671.86 trail
2025.09.17 13:12:36;MANAGE;#98 SL 3671.86 -> 3671.71 trail
2025.09.17 13:12:39;MANAGE;#98 SL 3671.71 -> 3671.57 trail
2025.09.17 13:12:40;MANAGE;#98 SL 3671.57 -> 3671.47 trail
2025.09.17 13:12:43;MANAGE;#98 SL 3671.47 -> 3671.37 trail
2025.09.17 13:12:45;MANAGE;#98 SL 3671.37 -> 3671.04 trail
2025.09.17 13:12:49;MANAGE;#98 SL 3671.04 -> 3670.89 trail
2025.09.17 13:12:50;MANAGE;#98 SL 3670.89 -> 3670.63 trail
2025.09.17 13:12:51;MANAGE;#98 SL 3670.63 -> 3670.40 trail
2025.09.17 13:12:53;MANAGE;#98 SL 3670.40 -> 3670.29 trail
2025.09.17 13:13:03;MANAGE;#98 SL 3670.29 -> 3670.04 trail
2025.09.17 13:13:04;MANAGE;#98 SL 3670.04 -> 3669.60 trail
2025.09.17 13:13:05;MANAGE;#98 SL 3669.60 -> 3669.39 trail
2025.09.17 13:51:03;MANAGE;#98 SL 3669.39 -> 3669.14 trail
2025.09.17 13:51:22;MANAGE;#98 SL 3669.14 -> 3668.79 trail
2025.09.17 13:58:31;MANAGE;#98 SL 3668.79 -> 3668.68 trail
2025.09.17 14:00:00;DECISION;setup SHORT score=0.80 entry=3661.45 inv=3670.92 tgt=0.00 [BOS short lvl=3662.48|RelVol=1.22|VPnear|VWAPside|CycleTurn w=0.99<-1.00|ADX=45]
2025.09.17 14:00:00;DECISION;TP capped 19.02000 -> 14.26500 (3.0xATR)
2025.09.17 14:00:00;VETO;risk veto: max positions
2025.09.17 14:00:52;MANAGE;#98 SL 3668.68 -> 3668.34 trail
2025.09.17 14:00:52;MANAGE;#98 SL 3668.34 -> 3668.20 trail
2025.09.17 14:24:12;RISK;deal closed pnl=46.99 streak=0 lock=0
2025.09.17 15:45:00;VETO;signal rejected: volume: relVol 0.83 < 1.00
2025.09.17 20:30:00;DECISION;setup SHORT score=0.75 entry=3681.99 inv=3688.54 tgt=0.00 AWAIT-RETEST [CHoCH short lvl=3682.81|RelVol=1.14|Retest@3681.99|VPnode d=0.89|CycleTurn w=0.06<-0.83]
2025.09.17 20:45:00;VETO;authorization denied: outside session window (server hour 20, window 12-20)
2025.09.17 21:00:00;VETO;authorization denied: outside session window (server hour 21, window 12-20)
2025.09.17 21:15:00;VETO;outlier bar masked, z=30.5
2025.09.17 21:30:00;VETO;outlier bar masked, z=5.4
2025.09.17 21:45:00;VETO;outlier bar masked, z=11.5
2025.09.17 22:00:00;VETO;outlier bar masked, z=7.9
2025.09.17 22:15:00;VETO;outlier bar masked, z=7.9
2025.09.17 22:30:00;VETO;outlier bar masked, z=7.9
2025.09.17 22:45:00;VETO;authorization denied: outside session window (server hour 22, window 12-20)
2025.09.17 23:00:00;VETO;authorization denied: outside session window (server hour 23, window 12-20)
2025.09.18 04:15:00;VETO;outlier bar masked, z=4.5
2025.09.18 04:30:00;DECISION;setup SHORT score=0.85 entry=3654.67 inv=3671.95 tgt=0.00 [BOS short lvl=3655.66|RelVol=1.31|VPnode d=2.53|VWAPside|CycleTurn w=-0.55<-0.58]
2025.09.18 04:30:00;VETO;authorization denied: outside session window (server hour 04, window 12-20)
2025.09.18 04:45:00;VETO;authorization denied: outside session window (server hour 04, window 12-20)
2025.09.18 05:00:00;VETO;authorization denied: outside session window (server hour 05, window 12-20)
2025.09.18 05:15:00;VETO;authorization denied: outside session window (server hour 05, window 12-20)
2025.09.18 09:00:00;DECISION;setup SHORT score=0.60 entry=3651.60 inv=3665.98 tgt=0.00 [BOS short lvl=3652.22|RelVol=1.35|VPnear|VWAPside|ADX=37]
2025.09.18 09:00:00;VETO;authorization denied: outside session window (server hour 09, window 12-20)
2025.09.18 09:15:00;VETO;outlier bar masked, z=6.7
2025.09.18 09:30:00;VETO;authorization denied: outside session window (server hour 09, window 12-20)
2025.09.18 09:45:00;VETO;authorization denied: outside session window (server hour 09, window 12-20)
2025.09.18 10:00:00;VETO;authorization denied: outside session window (server hour 10, window 12-20)
2025.09.18 11:45:00;DECISION;setup LONG score=0.65 entry=3660.51 inv=3633.83 tgt=0.00 AWAIT-RETEST [CHoCH long lvl=3659.11|RelVol=1.26|Retest@3660.51|VPnode d=1.79|VWAPside]
2025.09.18 15:30:00;DECISION;setup LONG score=0.65 entry=3671.25 inv=3664.43 tgt=0.00 [BOS long lvl=3670.86|RelVol=1.04|VPnode d=0.95|VWAPside]
2025.09.18 15:30:00;DECISION;TP capped 14.06000 -> 12.72643 (3.0xATR)
2025.09.18 15:30:00;ORDER;filled BUY 0.12 lots sl=3664.43 tp=3684.19 [WT|BOS|0.65]
2025.09.18 15:30:00;RISK;sizing: vol_ratio=0.72 scalar=1.00 gap_buf=2.12107 eff_stop=9.15107
2025.09.18 15:30:00;ORDER;entry fill deal #97 BUY 0.12 @ 3671.46000
2025.09.18 15:59:40;RISK;deal closed pnl=-86.16 streak=1 lock=0
2025.09.18 16:00:00;VETO;signal rejected: score 0.40 < 0.55 [CHoCH short lvl=3664.43|RelVol=1.13|Retest@3663.33|VPnear]
2025.09.18 16:45:00;VETO;outlier bar masked, z=8.6
2025.09.18 17:00:00;VETO;outlier bar masked, z=4.2
2025.09.18 20:00:00;DECISION;setup LONG score=0.55 entry=3647.73 inv=3627.78 tgt=0.00 AWAIT-RETEST [CHoCH long lvl=3646.39|RelVol=1.17|Retest@3647.73|VPnode d=1.47]
2025.09.18 20:15:00;VETO;authorization denied: outside session window (server hour 20, window 12-20)
2025.09.18 20:30:00;VETO;authorization denied: outside session window (server hour 20, window 12-20)
2025.09.18 20:45:00;VETO;authorization denied: outside session window (server hour 20, window 12-20)
2025.09.18 21:00:00;VETO;authorization denied: outside session window (server hour 21, window 12-20)
2025.09.19 02:00:00;VETO;signal rejected: volume: relVol 0.90 < 1.00
2025.09.19 04:15:00;VETO;outlier bar masked, z=3.9
2025.09.19 05:00:00;VETO;outlier bar masked, z=5.2
2025.09.19 06:30:00;VETO;signal rejected: score 0.40 < 0.55 [BOS long lvl=3651.01|RelVol=1.08|VWAPside]
2025.09.19 12:45:01;VETO;signal rejected: volume: relVol 0.86 < 1.00
2025.09.19 14:45:00;VETO;signal rejected: volume: relVol 0.93 < 1.00
2025.09.19 16:15:00;VETO;outlier bar masked, z=3.9
2025.09.19 17:00:00;VETO;outlier bar masked, z=3.8
2025.09.19 21:00:00;DECISION;setup LONG score=0.70 entry=3678.67 inv=3666.63 tgt=0.00 [BOS long lvl=3676.10|RelVol=1.19|VWAPside|CycleTurn w=0.57<-0.17|ADX=39]
2025.09.19 21:00:00;VETO;authorization denied: outside session window (server hour 21, window 12-20)
2025.09.19 21:15:00;VETO;authorization denied: outside session window (server hour 21, window 12-20)
2025.09.19 21:30:00;VETO;authorization denied: outside session window (server hour 21, window 12-20)
2025.09.19 21:45:00;VETO;authorization denied: outside session window (server hour 21, window 12-20)
2025.09.22 01:15:00;DECISION;setup LONG score=0.65 entry=3685.84 inv=3680.85 tgt=0.00 AWAIT-RETEST [BOS long lvl=3685.18|RelVol=1.86|Retest@3685.84|VPnode d=0.24|ADX=48]
2025.09.22 03:00:00;VETO;authorization denied: outside session window (server hour 03, window 12-20)
2025.09.22 03:15:00;VETO;authorization denied: outside session window (server hour 03, window 12-20)
2025.09.22 03:30:00;VETO;authorization denied: outside session window (server hour 03, window 12-20)
2025.09.22 03:45:00;VETO;authorization denied: outside session window (server hour 03, window 12-20)
2025.09.22 04:15:00;VETO;outlier bar masked, z=3.6
2025.09.22 06:45:00;DECISION;setup LONG score=0.70 entry=3695.03 inv=3685.54 tgt=0.00 [BOS long lvl=3693.24|RelVol=1.22|VPnear|VWAPside|CycleTurn w=-0.96<--1.00]
2025.09.22 06:45:00;VETO;authorization denied: outside session window (server hour 06, window 12-20)
2025.09.22 07:00:00;VETO;authorization denied: outside session window (server hour 07, window 12-20)
2025.09.22 07:15:00;VETO;authorization denied: outside session window (server hour 07, window 12-20)
2025.09.22 07:30:00;VETO;authorization denied: outside session window (server hour 07, window 12-20)
2025.09.22 08:45:00;DECISION;setup LONG score=0.70 entry=3698.38 inv=3690.10 tgt=0.00 [BOS long lvl=3697.47|RelVol=1.11|VWAPside|CycleTurn w=-0.77<--0.99|ADX=31]
2025.09.22 08:45:00;VETO;authorization denied: outside session window (server hour 08, window 12-20)
2025.09.22 09:00:00;VETO;authorization denied: outside session window (server hour 09, window 12-20)
2025.09.22 09:15:00;VETO;authorization denied: outside session window (server hour 09, window 12-20)
2025.09.22 09:30:00;VETO;authorization denied: outside session window (server hour 09, window 12-20)
2025.09.22 09:45:00;VETO;outlier bar masked, z=6.1
2025.09.22 11:45:00;VETO;signal rejected: score 0.50 < 0.55 [BOS long lvl=3719.78|RelVol=1.10|VWAPside|ADX=50]
2025.09.22 14:00:00;VETO;signal rejected: score 0.50 < 0.55 [BOS long lvl=3726.32|RelVol=1.08|VWAPside|ADX=67]
2025.09.22 15:30:00;VETO;outlier bar masked, z=4.2
2025.09.22 18:00:00;DECISION;setup LONG score=0.70 entry=3725.79 inv=3716.86 tgt=0.00 [BOS long lvl=3725.62|RelVol=1.10|VPnear|VWAPside|CycleTurn w=-1.00<--1.00]
2025.09.22 18:00:00;DECISION;TP capped 18.42000 -> 16.29643 (3.0xATR)
2025.09.22 18:00:00;ORDER;filled BUY 0.09 lots sl=3716.86 tp=3742.37 [WT|BOS|0.70]
2025.09.22 18:00:00;RISK;sizing: vol_ratio=1.28 scalar=1.00 gap_buf=2.71607 eff_stop=11.92607
2025.09.22 18:00:00;ORDER;entry fill deal #99 BUY 0.09 @ 3726.07000
2025.09.22 18:49:54;MANAGE;#103 SL 3716.86 -> 3726.24 breakeven
2025.09.22 18:49:54;MANAGE;#103 partial close 0.04 of 0.09 lots
2025.09.22 18:49:54;RISK;deal closed pnl=36.96 streak=0 lock=0
2025.09.22 19:04:25;MANAGE;#103 SL 3726.24 -> 3726.37 trail
2025.09.22 19:05:00;MANAGE;#103 SL 3726.37 -> 3726.86 trail
2025.09.22 19:05:26;MANAGE;#103 SL 3726.86 -> 3726.96 trail
2025.09.22 19:05:53;MANAGE;#103 SL 3726.96 -> 3727.09 trail
2025.09.22 19:06:07;MANAGE;#103 SL 3727.09 -> 3727.19 trail
2025.09.22 19:11:12;MANAGE;#103 SL 3727.19 -> 3727.29 trail
2025.09.22 19:11:22;MANAGE;#103 SL 3727.29 -> 3727.93 trail
2025.09.22 19:18:07;MANAGE;#103 SL 3727.93 -> 3728.07 trail
2025.09.22 19:33:54;MANAGE;#103 SL 3728.07 -> 3728.20 trail
2025.09.22 19:33:59;MANAGE;#103 SL 3728.20 -> 3728.38 trail
2025.09.22 19:34:00;MANAGE;#103 SL 3728.38 -> 3728.57 trail
2025.09.22 19:34:37;MANAGE;#103 SL 3728.57 -> 3728.83 trail
2025.09.22 19:42:11;MANAGE;#103 SL 3728.83 -> 3728.97 trail
2025.09.22 19:42:13;MANAGE;#103 SL 3728.97 -> 3729.28 trail
2025.09.22 19:44:30;MANAGE;#103 SL 3729.28 -> 3729.50 trail
2025.09.22 19:44:53;MANAGE;#103 SL 3729.50 -> 3729.79 trail
2025.09.22 19:45:00;MANAGE;#103 SL 3729.79 -> 3730.37 trail
2025.09.22 19:45:28;MANAGE;#103 SL 3730.37 -> 3730.49 trail
2025.09.22 20:07:42;MANAGE;#103 SL 3730.49 -> 3730.61 trail
2025.09.22 20:09:05;MANAGE;#103 SL 3730.61 -> 3730.75 trail
2025.09.22 20:09:08;MANAGE;#103 SL 3730.75 -> 3731.03 trail
2025.09.22 20:09:23;MANAGE;#103 SL 3731.03 -> 3731.15 trail
2025.09.22 20:09:31;MANAGE;#103 SL 3731.15 -> 3731.54 trail
2025.09.22 20:09:40;MANAGE;#103 SL 3731.54 -> 3731.66 trail
2025.09.22 20:09:43;MANAGE;#103 SL 3731.66 -> 3731.89 trail
2025.09.22 20:09:43;MANAGE;#103 SL 3731.89 -> 3732.24 trail
2025.09.22 20:09:46;MANAGE;#103 SL 3732.24 -> 3732.41 trail
2025.09.22 20:28:18;MANAGE;#103 SL 3732.41 -> 3732.55 trail
2025.09.22 20:28:19;MANAGE;#103 SL 3732.55 -> 3732.68 trail
2025.09.22 20:28:40;MANAGE;#103 SL 3732.68 -> 3732.83 trail
2025.09.22 20:28:41;MANAGE;#103 SL 3732.83 -> 3733.07 trail
2025.09.22 20:30:51;RISK;deal closed pnl=81.80 streak=0 lock=0
2025.09.23 01:45:00;VETO;signal rejected: volume: relVol 0.90 < 1.00
2025.09.23 03:30:00;VETO;signal rejected: volume: relVol 0.87 < 1.00
2025.09.23 04:15:00;VETO;outlier bar masked, z=3.6
2025.09.23 04:30:00;VETO;outlier bar masked, z=3.5
2025.09.23 04:45:00;VETO;outlier bar masked, z=3.8
2025.09.23 05:15:00;VETO;outlier bar masked, z=5.6
2025.09.23 11:30:00;VETO;signal rejected: volume: relVol 0.96 < 1.00
2025.09.23 11:45:01;VETO;outlier bar masked, z=4.0
2025.09.23 12:15:00;VETO;outlier bar masked, z=4.0
2025.09.23 14:30:00;VETO;signal rejected: score 0.50 < 0.55 [BOS long lvl=3787.78|RelVol=1.06|VWAPside|ADX=41]
2025.09.23 15:15:00;VETO;signal rejected: volume: relVol 0.99 < 1.00
2025.09.23 17:15:00;VETO;signal rejected: volume: relVol 0.95 < 1.00
2025.09.23 19:45:00;VETO;outlier bar masked, z=4.0
2025.09.23 20:30:00;DECISION;setup LONG score=0.85 entry=3783.56 inv=3765.16 tgt=0.00 AWAIT-RETEST [CHoCH long lvl=3781.98|RelVol=1.08|Retest@3783.56|VPnode d=0.46|VWAPside|CycleTurn w=-0.92<--0.99]
2025.09.23 20:45:00;VETO;authorization denied: outside session window (server hour 20, window 12-20)
2025.09.23 21:00:00;VETO;authorization denied: outside session window (server hour 21, window 12-20)
2025.09.23 21:15:00;VETO;authorization denied: outside session window (server hour 21, window 12-20)
2025.09.23 21:30:00;VETO;authorization denied: outside session window (server hour 21, window 12-20)
2025.09.23 22:00:00;VETO;outlier bar masked, z=8.8
2025.09.24 02:15:00;DECISION;setup LONG score=0.85 entry=3768.57 inv=3761.56 tgt=0.00 AWAIT-RETEST [CHoCH long lvl=3767.47|RelVol=1.20|Retest@3768.57|VPnode d=1.37|VWAPside|CycleTurn w=0.38<--0.67]
2025.09.24 02:30:00;VETO;authorization denied: outside session window (server hour 02, window 12-20)
2025.09.24 02:45:00;VETO;authorization denied: outside session window (server hour 02, window 12-20)
2025.09.24 03:00:00;VETO;authorization denied: outside session window (server hour 03, window 12-20)
2025.09.24 03:15:00;DECISION;setup SHORT score=0.85 entry=3760.65 inv=3770.28 tgt=0.00 AWAIT-RETEST [CHoCH short lvl=3761.56|RelVol=1.04|Retest@3760.65|VPnode d=0.95|VWAPside|CycleTurn w=0.92<-0.99]
2025.09.24 03:30:00;VETO;authorization denied: outside session window (server hour 03, window 12-20)
2025.09.24 03:45:00;VETO;authorization denied: outside session window (server hour 03, window 12-20)
2025.09.24 04:00:00;VETO;authorization denied: outside session window (server hour 04, window 12-20)
2025.09.24 04:15:00;VETO;authorization denied: outside session window (server hour 04, window 12-20)
2025.09.24 05:00:00;VETO;signal rejected: volume: relVol 0.92 < 1.00
2025.09.24 08:30:00;DECISION;setup LONG score=0.65 entry=3772.82 inv=3750.74 tgt=0.00 AWAIT-RETEST [CHoCH long lvl=3771.85|RelVol=1.02|Retest@3772.82|VPnode d=2.62|VWAPside]
2025.09.24 08:45:00;VETO;authorization denied: outside session window (server hour 08, window 12-20)
2025.09.24 09:00:00;VETO;authorization denied: outside session window (server hour 09, window 12-20)
2025.09.24 09:15:00;VETO;authorization denied: outside session window (server hour 09, window 12-20)
2025.09.24 09:30:00;VETO;authorization denied: outside session window (server hour 09, window 12-20)
2025.09.24 10:45:00;VETO;signal rejected: volume: relVol 0.89 < 1.00
2025.09.24 12:30:00;VETO;signal rejected: volume: relVol 0.88 < 1.00
2025.09.24 16:45:00;VETO;signal rejected: volume: relVol 0.89 < 1.00
2025.09.24 21:15:00;VETO;signal rejected: score 0.50 < 0.55 [BOS short lvl=3732.40|RelVol=1.07|VWAPside|ADX=74]
2025.09.25 03:15:00;DECISION;setup LONG score=0.65 entry=3746.24 inv=3739.08 tgt=0.00 AWAIT-RETEST [CHoCH long lvl=3745.28|RelVol=1.28|Retest@3746.24|VPnode d=2.44|VWAPside]
2025.09.25 04:15:00;VETO;authorization denied: outside session window (server hour 04, window 12-20)
2025.09.25 04:30:00;VETO;authorization denied: outside session window (server hour 04, window 12-20)
2025.09.25 04:45:00;DECISION;setup SHORT score=0.85 entry=3737.87 inv=3751.58 tgt=0.00 AWAIT-RETEST [CHoCH short lvl=3739.08|RelVol=1.12|Retest@3737.87|VPnode d=1.13|VWAPside|CycleTurn w=0.90<-0.97]
2025.09.25 05:00:00;VETO;authorization denied: outside session window (server hour 05, window 12-20)
2025.09.25 05:15:00;VETO;authorization denied: outside session window (server hour 05, window 12-20)
2025.09.25 05:30:00;VETO;authorization denied: outside session window (server hour 05, window 12-20)
2025.09.25 05:45:00;VETO;authorization denied: outside session window (server hour 05, window 12-20)
2025.09.25 09:15:00;DECISION;setup LONG score=0.65 entry=3741.93 inv=3731.71 tgt=0.00 AWAIT-RETEST [CHoCH long lvl=3740.75|RelVol=1.07|Retest@3741.93|VPnode d=2.67|VWAPside]
2025.09.25 09:45:00;VETO;authorization denied: outside session window (server hour 09, window 12-20)
2025.09.25 10:00:00;VETO;authorization denied: outside session window (server hour 10, window 12-20)
2025.09.25 10:15:00;VETO;authorization denied: outside session window (server hour 10, window 12-20)
2025.09.25 10:30:00;VETO;authorization denied: outside session window (server hour 10, window 12-20)
2025.09.25 10:45:00;VETO;signal rejected: score 0.50 < 0.55 [BOS long lvl=3748.37|RelVol=1.22|VPnear|VWAPside]
2025.09.25 14:15:00;VETO;outlier bar masked, z=5.8
2025.09.25 15:45:00;VETO;outlier bar masked, z=7.1
2025.09.25 16:00:00;DECISION;setup SHORT score=0.65 entry=3738.76 inv=3760.78 tgt=0.00 [BOS short lvl=3741.15|RelVol=1.28|VPnode d=1.94|VWAPside]
2025.09.25 16:00:00;DECISION;TP capped 43.86000 -> 32.89500 (3.0xATR)
2025.09.25 16:00:00;ORDER;filled SELL 0.04 lots sl=3760.78 tp=3705.95 [WT|BOS|0.65]
2025.09.25 16:00:00;RISK;sizing: vol_ratio=1.26 scalar=1.00 gap_buf=4.14000 eff_stop=26.07000
2025.09.25 16:00:00;ORDER;entry fill deal #102 SELL 0.04 @ 3738.85000
2025.09.25 16:45:00;VETO;outlier bar masked, z=6.5
2025.09.25 21:30:00;DECISION;setup LONG score=0.65 entry=3744.36 inv=3732.41 tgt=0.00 AWAIT-RETEST [CHoCH long lvl=3742.71|RelVol=1.35|Retest@3744.36|VPnode d=4.26|VWAPside]
2025.09.26 02:15:00;DECISION;setup SHORT score=0.65 entry=3745.38 inv=3752.50 tgt=0.00 AWAIT-RETEST [CHoCH short lvl=3746.39|RelVol=1.02|Retest@3745.38|VPnode d=2.42|VWAPside]
2025.09.26 02:30:00;VETO;authorization denied: outside session window (server hour 02, window 12-20)
2025.09.26 02:45:00;VETO;authorization denied: outside session window (server hour 02, window 12-20)
2025.09.26 03:00:00;VETO;authorization denied: outside session window (server hour 03, window 12-20)
2025.09.26 03:15:00;VETO;authorization denied: outside session window (server hour 03, window 12-20)
2025.09.26 06:15:00;DECISION;setup SHORT score=0.65 entry=3735.41 inv=3753.37 tgt=0.00 [BOS short lvl=3738.02|RelVol=1.05|VPnode d=2.59|VWAPside]
2025.09.26 06:15:00;VETO;authorization denied: outside session window (server hour 06, window 12-20)
2025.09.26 06:30:00;VETO;authorization denied: outside session window (server hour 06, window 12-20)
2025.09.26 06:45:00;VETO;authorization denied: outside session window (server hour 06, window 12-20)
2025.09.26 07:00:00;VETO;authorization denied: outside session window (server hour 07, window 12-20)
2025.09.26 13:45:00;VETO;signal rejected: volume: relVol 0.98 < 1.00
2025.09.26 16:08:52;RISK;deal closed pnl=-87.90 streak=1 lock=0
2025.09.26 16:15:00;VETO;outlier bar masked, z=4.0
2025.09.26 17:15:00;VETO;outlier bar masked, z=3.7
2025.09.26 20:45:00;DECISION;setup LONG score=0.70 entry=3782.65 inv=3771.55 tgt=0.00 [BOS long lvl=3781.19|RelVol=1.13|VWAPside|CycleTurn w=-0.98<--0.98|ADX=35]
2025.09.26 20:45:00;VETO;authorization denied: outside session window (server hour 20, window 12-20)
2025.09.26 21:00:00;VETO;authorization denied: outside session window (server hour 21, window 12-20)
2025.09.26 21:15:00;VETO;authorization denied: outside session window (server hour 21, window 12-20)
2025.09.26 21:30:00;VETO;authorization denied: outside session window (server hour 21, window 12-20)
2025.09.26 22:30:00;VETO;signal rejected: score 0.30 < 0.55 [CHoCH short lvl=3774.77|RelVol=1.13|Retest@3773.67]
2025.09.29 03:15:00;DECISION;setup LONG score=0.85 entry=3772.22 inv=3757.78 tgt=0.00 AWAIT-RETEST [CHoCH long lvl=3770.94|RelVol=1.20|Retest@3772.22|VPnode d=1.62|VWAPside|CycleTurn w=-0.62<--0.90]
2025.09.29 04:15:00;VETO;outlier bar masked, z=5.0
2025.09.29 04:30:00;VETO;outlier bar masked, z=4.2
2025.09.29 04:45:00;VETO;authorization denied: outside session window (server hour 04, window 12-20)
2025.09.29 05:00:00;VETO;authorization denied: outside session window (server hour 05, window 12-20)
2025.09.29 05:15:00;VETO;authorization denied: outside session window (server hour 05, window 12-20)
2025.09.29 05:30:00;VETO;outlier bar masked, z=4.2
2025.09.29 05:45:00;VETO;authorization denied: outside session window (server hour 05, window 12-20)
2025.09.29 07:30:00;DECISION;setup LONG score=0.60 entry=3799.58 inv=3767.91 tgt=0.00 [BOS long lvl=3799.35|RelVol=1.36|VPnear|VWAPside|ADX=38]
2025.09.29 07:30:00;VETO;authorization denied: outside session window (server hour 07, window 12-20)
2025.09.29 07:45:00;VETO;authorization denied: outside session window (server hour 07, window 12-20)
2025.09.29 08:00:00;VETO;authorization denied: outside session window (server hour 08, window 12-20)
2025.09.29 08:15:00;VETO;authorization denied: outside session window (server hour 08, window 12-20)
2025.09.29 14:30:00;DECISION;setup LONG score=0.85 entry=3823.53 inv=3806.59 tgt=0.00 [BOS long lvl=3819.67|RelVol=1.25|VPnode d=3.73|VWAPside|CycleTurn w=-0.88<--0.94]
2025.09.29 14:30:00;DECISION;TP capped 34.36000 -> 25.77000 (3.0xATR)
2025.09.29 14:30:00;ORDER;filled BUY 0.05 lots sl=3806.59 tp=3849.54 [WT|BOS|0.85]
2025.09.29 14:30:00;RISK;sizing: vol_ratio=0.88 scalar=1.00 gap_buf=2.60393 eff_stop=19.78393
2025.09.29 14:30:00;ORDER;entry fill deal #104 BUY 0.05 @ 3823.77000
2025.09.29 18:45:00;DECISION;setup LONG score=0.65 entry=3830.62 inv=3816.78 tgt=0.00 [BOS long lvl=3830.21|RelVol=1.18|VPnode d=1.58|VWAPside]
2025.09.29 18:45:00;DECISION;TP capped 28.14000 -> 23.80071 (3.0xATR)
2025.09.29 18:45:00;VETO;risk veto: max positions
2025.09.30 01:00:08;VETO;signal rejected: score 0.50 < 0.55 [BOS long lvl=3833.49|RelVol=1.51|CycleTurn w=-0.71<--0.93]
2025.09.30 03:15:00;DECISION;setup LONG score=0.70 entry=3834.90 inv=3825.60 tgt=0.00 AWAIT-RETEST [BOS long lvl=3834.06|RelVol=1.12|Retest@3834.90|VPnear|VWAPside|CycleTurn w=-0.52<--0.98]
2025.09.30 04:00:00;VETO;authorization denied: outside session window (server hour 04, window 12-20)
2025.09.30 04:00:45;MANAGE;#108 SL 3806.59 -> 3823.92 breakeven
2025.09.30 04:00:45;MANAGE;#108 partial close 0.02 of 0.05 lots
2025.09.30 04:00:45;RISK;deal closed pnl=34.53 streak=0 lock=0
2025.09.30 04:00:46;MANAGE;#108 SL 3823.92 -> 3833.26 trail
2025.09.30 04:00:47;MANAGE;#108 SL 3833.26 -> 3833.44 trail
2025.09.30 04:00:50;MANAGE;#108 SL 3833.44 -> 3833.97 trail
2025.09.30 04:01:08;MANAGE;#108 SL 3833.97 -> 3834.20 trail
2025.09.30 04:01:37;MANAGE;#108 SL 3834.20 -> 3834.33 trail
2025.09.30 04:01:39;MANAGE;#108 SL 3834.33 -> 3834.47 trail
2025.09.30 04:01:39;MANAGE;#108 SL 3834.47 -> 3834.60 trail
2025.09.30 04:01:42;MANAGE;#108 SL 3834.60 -> 3834.74 trail
2025.09.30 04:01:43;MANAGE;#108 SL 3834.74 -> 3835.38 trail
2025.09.30 04:01:45;MANAGE;#108 SL 3835.38 -> 3835.81 trail
2025.09.30 04:15:00;VETO;authorization denied: outside session window (server hour 04, window 12-20)
2025.09.30 04:24:08;MANAGE;#108 SL 3835.81 -> 3835.96 trail
2025.09.30 04:24:14;MANAGE;#108 SL 3835.96 -> 3836.18 trail
2025.09.30 04:24:16;MANAGE;#108 SL 3836.18 -> 3836.28 trail
2025.09.30 04:24:20;MANAGE;#108 SL 3836.28 -> 3836.44 trail
2025.09.30 04:24:26;MANAGE;#108 SL 3836.44 -> 3836.54 trail
2025.09.30 04:24:28;MANAGE;#108 SL 3836.54 -> 3836.65 trail
2025.09.30 04:24:47;MANAGE;#108 SL 3836.65 -> 3837.14 trail
2025.09.30 04:24:51;MANAGE;#108 SL 3837.14 -> 3837.29 trail
2025.09.30 04:24:52;MANAGE;#108 SL 3837.29 -> 3837.78 trail
2025.09.30 04:24:53;MANAGE;#108 SL 3837.78 -> 3837.97 trail
2025.09.30 04:24:55;MANAGE;#108 SL 3837.97 -> 3838.16 trail
2025.09.30 04:24:56;MANAGE;#108 SL 3838.16 -> 3838.42 trail
2025.09.30 04:24:57;MANAGE;#108 SL 3838.42 -> 3838.69 trail
2025.09.30 04:24:58;MANAGE;#108 SL 3838.69 -> 3838.79 trail
2025.09.30 04:24:59;MANAGE;#108 SL 3838.79 -> 3839.04 trail
2025.09.30 04:25:02;MANAGE;#108 SL 3839.04 -> 3839.14 trail
2025.09.30 04:30:00;VETO;authorization denied: outside session window (server hour 04, window 12-20)
2025.09.30 04:32:49;MANAGE;#108 SL 3839.14 -> 3839.37 trail
2025.09.30 04:32:51;MANAGE;#108 SL 3839.37 -> 3839.61 trail
2025.09.30 04:33:38;MANAGE;#108 SL 3839.61 -> 3839.78 trail
2025.09.30 04:33:52;MANAGE;#108 SL 3839.78 -> 3840.01 trail
2025.09.30 04:34:21;MANAGE;#108 SL 3840.01 -> 3840.29 trail
2025.09.30 04:34:29;MANAGE;#108 SL 3840.29 -> 3840.40 trail
2025.09.30 04:36:24;RISK;deal closed pnl=77.83 streak=0 lock=0
2025.09.30 04:45:00;VETO;authorization denied: outside session window (server hour 04, window 12-20)
2025.09.30 06:15:00;VETO;signal rejected: volume: relVol 0.98 < 1.00
2025.09.30 08:30:00;VETO;signal rejected: score 0.50 < 0.55 [BOS long lvl=3867.24|RelVol=1.13|VWAPside|ADX=68]
2025.09.30 10:00:00;VETO;outlier bar masked, z=4.1
2025.09.30 11:15:00;VETO;outlier bar masked, z=3.8
2025.09.30 11:30:00;VETO;outlier bar masked, z=5.2
2025.09.30 11:45:00;VETO;outlier bar masked, z=4.4
2025.09.30 12:15:00;VETO;outlier bar masked, z=7.7
2025.09.30 16:00:00;VETO;signal rejected: volume: relVol 0.93 < 1.00
2025.09.30 17:15:00;VETO;outlier bar masked, z=7.7
2025.09.30 18:15:00;VETO;outlier bar masked, z=5.7
2025.09.30 22:15:00;VETO;signal rejected: volume: relVol 0.86 < 1.00
2025.10.01 02:15:00;DECISION;setup LONG score=0.75 entry=3861.82 inv=3854.67 tgt=0.00 [BOS long lvl=3861.25|RelVol=1.13|VPnode d=0.22|VWAPside|ADX=54]
2025.10.01 02:15:00;VETO;authorization denied: outside session window (server hour 02, window 12-20)
2025.10.01 02:30:00;VETO;authorization denied: outside session window (server hour 02, window 12-20)
2025.10.01 02:45:00;VETO;authorization denied: outside session window (server hour 02, window 12-20)
2025.10.01 03:00:00;VETO;authorization denied: outside session window (server hour 03, window 12-20)
2025.10.01 04:45:00;VETO;signal rejected: volume: relVol 0.73 < 1.00
2025.10.01 10:30:00;DECISION;setup LONG score=0.70 entry=3870.90 inv=3853.35 tgt=0.00 [BOS long lvl=3869.90|RelVol=1.03|VPnear|VWAPside|CycleTurn w=-0.87<--1.00]
2025.10.01 10:30:00;VETO;authorization denied: outside session window (server hour 10, window 12-20)
2025.10.01 10:45:01;VETO;authorization denied: outside session window (server hour 10, window 12-20)
2025.10.01 11:00:00;VETO;authorization denied: outside session window (server hour 11, window 12-20)
2025.10.01 11:15:00;VETO;authorization denied: outside session window (server hour 11, window 12-20)
2025.10.01 14:15:00;VETO;signal rejected: volume: relVol 0.85 < 1.00
2025.10.01 15:30:00;VETO;outlier bar masked, z=4.2
2025.10.01 18:00:00;VETO;outlier bar masked, z=6.1
2025.10.01 18:30:00;DECISION;setup SHORT score=0.65 entry=3859.71 inv=3878.68 tgt=0.00 [BOS short lvl=3863.80|RelVol=1.05|VPnode d=1.19|VWAPside]
2025.10.01 18:30:00;DECISION;TP capped 38.52000 -> 28.89000 (3.0xATR)
2025.10.01 18:30:00;ORDER;filled SELL 0.04 lots sl=3878.68 tp=3830.53 [WT|BOS|0.65]
2025.10.01 18:30:00;RISK;sizing: vol_ratio=1.55 scalar=1.00 gap_buf=4.76000 eff_stop=24.02000
2025.10.01 18:30:00;ORDER;entry fill deal #107 SELL 0.04 @ 3859.42000
2025.10.02 01:30:02;VETO;signal rejected: volume: relVol 0.94 < 1.00
2025.10.02 03:15:00;DECISION;setup SHORT score=0.65 entry=3858.43 inv=3866.61 tgt=0.00 [BOS short lvl=3858.75|RelVol=1.03|VPnode d=1.57|VWAPside]
2025.10.02 03:15:00;VETO;authorization denied: outside session window (server hour 03, window 12-20)
2025.10.02 03:30:00;VETO;authorization denied: outside session window (server hour 03, window 12-20)
2025.10.02 03:45:00;VETO;authorization denied: outside session window (server hour 03, window 12-20)
2025.10.02 04:00:00;VETO;authorization denied: outside session window (server hour 04, window 12-20)
2025.10.02 05:15:00;VETO;signal rejected: volume: relVol 0.84 < 1.00
2025.10.02 08:30:00;VETO;signal rejected: volume: relVol 0.92 < 1.00
2025.10.02 11:45:00;VETO;signal rejected: volume: relVol 0.97 < 1.00
2025.10.02 11:57:32;RISK;deal closed pnl=-77.59 streak=1 lock=0
2025.10.02 14:45:00;VETO;signal rejected: volume: relVol 0.93 < 1.00
2025.10.02 16:30:00;VETO;signal rejected: volume: relVol 0.93 < 1.00
2025.10.02 16:45:00;VETO;outlier bar masked, z=4.3
2025.10.02 17:00:00;DECISION;setup SHORT score=0.75 entry=3878.66 inv=3891.97 tgt=0.00 AWAIT-RETEST [CHoCH short lvl=3880.12|RelVol=1.02|Retest@3878.66|VPnode d=3.74|CycleTurn w=0.54<-0.73]
2025.10.02 17:00:00;DECISION;TP capped 26.62000 -> 19.96500 (3.0xATR)
2025.10.02 17:00:00;ORDER;limit SELL 0.06 @ 3878.66 sl=3891.97 tp=3858.69 rc=10009 [WT|CHOCH|0.75|RL]
2025.10.02 17:00:00;RISK;sizing: vol_ratio=1.14 scalar=1.00 gap_buf=3.21429 eff_stop=16.52429
2025.10.02 17:45:00;VETO;outlier bar masked, z=9.1
2025.10.02 18:00:00;VETO;outlier bar masked, z=4.0
2025.10.02 18:45:00;VETO;outlier bar masked, z=4.3
2025.10.02 20:00:00;ORDER;cancelled 1 pending: setup expired/invalidated
2025.10.02 21:45:01;VETO;signal rejected: volume: relVol 0.90 < 1.00
2025.10.03 02:45:00;DECISION;setup LONG score=0.75 entry=3859.42 inv=3852.21 tgt=0.00 AWAIT-RETEST [BOS long lvl=3858.61|RelVol=1.23|Retest@3859.42|VPnode d=0.42|VWAPside|ADX=31]
2025.10.03 03:15:00;VETO;authorization denied: outside session window (server hour 03, window 12-20)
2025.10.03 03:30:00;VETO;authorization denied: outside session window (server hour 03, window 12-20)
2025.10.03 03:45:00;VETO;authorization denied: outside session window (server hour 03, window 12-20)
2025.10.03 04:00:00;VETO;authorization denied: outside session window (server hour 04, window 12-20)
2025.10.03 04:30:00;VETO;signal rejected: volume: relVol 0.93 < 1.00
2025.10.03 06:30:00;VETO;signal rejected: score 0.50 < 0.55 [BOS short lvl=3847.42|RelVol=1.07|Retest@3846.03|VPnear|VWAPside]
2025.10.03 10:30:00;VETO;signal rejected: volume: relVol 0.88 < 1.00
2025.10.03 14:00:00;DECISION;setup LONG score=0.65 entry=3865.89 inv=3856.80 tgt=0.00 [BOS long lvl=3865.57|RelVol=1.03|VPnode d=0.69|VWAPside]
2025.10.03 14:00:00;DECISION;TP capped 18.38000 -> 13.78500 (3.0xATR)
2025.10.03 14:00:00;ORDER;filled BUY 0.10 lots sl=3856.80 tp=3879.77 [WT|BOS|0.65]
2025.10.03 14:00:00;RISK;sizing: vol_ratio=0.69 scalar=1.00 gap_buf=1.91893 eff_stop=11.10893
2025.10.03 14:00:00;ORDER;entry fill deal #109 BUY 0.10 @ 3865.99000
2025.10.03 14:34:08;RISK;deal closed pnl=-102.70 streak=1 lock=0
2025.10.03 15:45:00;VETO;signal rejected: volume: relVol 0.92 < 1.00
2025.10.03 16:45:00;VETO;outlier bar masked, z=4.9
2025.10.03 17:15:00;VETO;outlier bar masked, z=6.3
2025.10.03 21:45:00;DECISION;setup LONG score=0.60 entry=3888.27 inv=3877.05 tgt=0.00 [BOS long lvl=3885.96|RelVol=1.11|VWAPside|CycleTurn w=-0.99<--1.00]
2025.10.03 21:45:00;VETO;authorization denied: outside session window (server hour 21, window 12-20)
2025.10.03 22:00:00;VETO;authorization denied: outside session window (server hour 22, window 12-20)
2025.10.03 22:15:00;VETO;authorization denied: outside session window (server hour 22, window 12-20)
2025.10.03 22:30:00;VETO;authorization denied: outside session window (server hour 22, window 12-20)
2025.10.06 01:15:00;DECISION;setup LONG score=0.85 entry=3890.40 inv=3877.05 tgt=0.00 [BOS long lvl=3889.13|RelVol=1.68|VPnode d=1.40|VWAPside|CycleTurn w=-0.99<--1.00]
2025.10.06 01:15:00;VETO;authorization denied: outside session window (server hour 01, window 12-20)
2025.10.06 01:30:00;VETO;authorization denied: outside session window (server hour 01, window 12-20)
2025.10.06 01:45:00;VETO;authorization denied: outside session window (server hour 01, window 12-20)
2025.10.06 02:00:00;VETO;outlier bar masked, z=3.5
2025.10.06 02:15:00;VETO;outlier bar masked, z=9.0
2025.10.06 02:30:00;VETO;authorization denied: outside session window (server hour 02, window 12-20)
2025.10.06 05:15:00;DECISION;setup LONG score=0.80 entry=3923.69 inv=3899.05 tgt=0.00 [BOS long lvl=3921.00|RelVol=1.09|VPnear|VWAPside|CycleTurn w=0.00<--0.87|ADX=32]
2025.10.06 05:15:00;VETO;authorization denied: outside session window (server hour 05, window 12-20)
2025.10.06 05:30:00;VETO;authorization denied: outside session window (server hour 05, window 12-20)
2025.10.06 05:45:00;VETO;authorization denied: outside session window (server hour 05, window 12-20)
2025.10.06 06:00:00;VETO;authorization denied: outside session window (server hour 06, window 12-20)
2025.10.06 06:45:00;DECISION;setup LONG score=0.75 entry=3928.51 inv=3899.05 tgt=0.00 [BOS long lvl=3924.50|RelVol=1.12|VPnode d=1.71|VWAPside|ADX=45]
2025.10.06 06:45:00;VETO;authorization denied: outside session window (server hour 06, window 12-20)
2025.10.06 07:00:00;VETO;authorization denied: outside session window (server hour 07, window 12-20)
2025.10.06 07:15:00;VETO;authorization denied: outside session window (server hour 07, window 12-20)
2025.10.06 07:30:00;VETO;authorization denied: outside session window (server hour 07, window 12-20)
2025.10.06 11:15:00;DECISION;setup LONG score=0.95 entry=3947.14 inv=3922.62 tgt=0.00 [BOS long lvl=3945.24|RelVol=1.14|VPnode d=1.54|VWAPside|CycleTurn w=-0.87<--0.98|ADX=38]
2025.10.06 11:15:00;VETO;authorization denied: outside session window (server hour 11, window 12-20)
2025.10.06 11:30:00;VETO;authorization denied: outside session window (server hour 11, window 12-20)
2025.10.06 11:45:00;VETO;authorization denied: outside session window (server hour 11, window 12-20)
2025.10.06 12:00:00;DECISION;TP capped 40.32000 -> 30.24000 (3.0xATR)
2025.10.06 12:00:00;ORDER;filled BUY 0.04 lots sl=3922.62 tp=3973.02 [WT|BOS|0.95]
2025.10.06 12:00:00;RISK;sizing: vol_ratio=1.21 scalar=1.00 gap_buf=3.70500 eff_stop=23.86500
2025.10.06 12:00:00;ORDER;entry fill deal #111 BUY 0.04 @ 3942.78000
2025.10.06 15:30:00;VETO;signal rejected: score 0.40 < 0.55 [CHoCH short lvl=3932.74|RelVol=1.09|Retest@3931.05|VPnear]
2025.10.06 16:45:00;VETO;outlier bar masked, z=4.5
2025.10.06 18:55:30;MANAGE;#116 SL 3922.62 -> 3942.93 breakeven
2025.10.06 18:55:30;MANAGE;#116 partial close 0.02 of 0.04 lots
2025.10.06 18:55:30;RISK;deal closed pnl=40.36 streak=0 lock=0
2025.10.06 18:55:31;MANAGE;#116 SL 3942.93 -> 3945.95 trail
2025.10.06 18:55:31;MANAGE;#116 SL 3945.95 -> 3946.10 trail
2025.10.06 18:55:54;MANAGE;#116 SL 3946.10 -> 3946.27 trail
2025.10.06 18:55:57;MANAGE;#116 SL 3946.27 -> 3946.40 trail
2025.10.06 18:55:58;MANAGE;#116 SL 3946.40 -> 3946.54 trail
2025.10.06 18:56:01;MANAGE;#116 SL 3946.54 -> 3946.70 trail
2025.10.06 18:56:32;MANAGE;#116 SL 3946.70 -> 3946.97 trail
2025.10.06 19:00:00;VETO;signal rejected: score 0.40 < 0.55 [BOS long lvl=3958.90|RelVol=1.09|VWAPside]
2025.10.06 19:01:53;MANAGE;#116 SL 3946.97 -> 3947.18 trail
2025.10.06 19:01:56;MANAGE;#116 SL 3947.18 -> 3947.30 trail
2025.10.06 19:01:59;MANAGE;#116 SL 3947.30 -> 3947.41 trail
2025.10.06 19:06:28;MANAGE;#116 SL 3947.41 -> 3947.93 trail
2025.10.06 19:06:28;MANAGE;#116 SL 3947.93 -> 3948.98 trail
2025.10.06 19:06:28;MANAGE;#116 SL 3948.98 -> 3949.70 trail
2025.10.06 19:06:29;MANAGE;#116 SL 3949.70 -> 3950.31 trail
2025.10.06 19:07:02;MANAGE;#116 SL 3950.31 -> 3950.63 trail
2025.10.06 19:07:19;MANAGE;#116 SL 3950.63 -> 3950.82 trail
2025.10.06 19:07:21;MANAGE;#116 SL 3950.82 -> 3950.98 trail
2025.10.06 19:07:29;MANAGE;#116 SL 3950.98 -> 3951.10 trail
2025.10.06 19:07:30;MANAGE;#116 SL 3951.10 -> 3951.30 trail
2025.10.06 19:07:35;MANAGE;#116 SL 3951.30 -> 3951.44 trail
2025.10.06 19:07:59;MANAGE;#116 SL 3951.44 -> 3951.65 trail
2025.10.06 19:08:11;MANAGE;#116 SL 3951.65 -> 3951.86 trail
2025.10.06 19:08:41;MANAGE;#116 SL 3951.86 -> 3952.00 trail
2025.10.06 19:08:42;MANAGE;#116 SL 3952.00 -> 3952.15 trail
2025.10.06 19:08:47;MANAGE;#116 SL 3952.15 -> 3952.34 trail
2025.10.06 19:08:48;MANAGE;#116 SL 3952.34 -> 3952.61 trail
2025.10.06 19:08:50;MANAGE;#116 SL 3952.61 -> 3953.01 trail
2025.10.06 19:08:53;MANAGE;#116 SL 3953.01 -> 3953.17 trail
2025.10.06 19:11:08;RISK;deal closed pnl=20.34 streak=0 lock=0
2025.10.06 19:15:00;VETO;outlier bar masked, z=6.1
2025.10.06 22:15:00;DECISION;setup LONG score=0.70 entry=3962.29 inv=3946.03 tgt=0.00 [BOS long lvl=3958.91|RelVol=1.02|VPnear|VWAPside|CycleTurn w=-0.80<--0.97]
2025.10.06 22:15:00;VETO;authorization denied: outside session window (server hour 22, window 12-20)
2025.10.06 22:30:00;VETO;authorization denied: outside session window (server hour 22, window 12-20)
2025.10.06 22:45:00;VETO;authorization denied: outside session window (server hour 22, window 12-20)
2025.10.06 23:00:00;VETO;authorization denied: outside session window (server hour 23, window 12-20)
2025.10.07 01:15:00;DECISION;setup LONG score=0.65 entry=3966.00 inv=3946.03 tgt=0.00 AWAIT-RETEST [BOS long lvl=3964.93|RelVol=1.08|Retest@3966.00|VPnode d=2.40|VWAPside]
2025.10.07 01:45:00;VETO;authorization denied: outside session window (server hour 01, window 12-20)
2025.10.07 02:00:00;VETO;authorization denied: outside session window (server hour 02, window 12-20)
2025.10.07 02:15:00;VETO;authorization denied: outside session window (server hour 02, window 12-20)
2025.10.07 02:30:00;VETO;authorization denied: outside session window (server hour 02, window 12-20)
2025.10.07 08:15:00;VETO;outlier bar masked, z=3.9
2025.10.07 09:45:00;VETO;signal rejected: volume: relVol 0.96 < 1.00
2025.10.07 14:45:00;VETO;signal rejected: volume: relVol 0.93 < 1.00
2025.10.07 18:15:00;DECISION;setup LONG score=0.60 entry=3986.63 inv=3969.16 tgt=0.00 [BOS long lvl=3985.62|RelVol=1.05|VPnear|VWAPside|ADX=34]
2025.10.07 18:15:00;DECISION;TP capped 35.30000 -> 26.47500 (3.0xATR)
2025.10.07 18:15:00;ORDER;filled BUY 0.05 lots sl=3969.16 tp=4013.28 [WT|BOS|0.60]
2025.10.07 18:15:00;RISK;sizing: vol_ratio=1.26 scalar=1.00 gap_buf=4.16393 eff_stop=21.81393
2025.10.07 18:15:00;ORDER;entry fill deal #114 BUY 0.05 @ 3986.81000
2025.10.07 18:46:51;RISK;deal closed pnl=-89.20 streak=1 lock=0
2025.10.07 19:00:00;DECISION;setup SHORT score=0.75 entry=3966.86 inv=3985.62 tgt=0.00 AWAIT-RETEST [CHoCH short lvl=3969.16|RelVol=1.24|Retest@3966.86|VPnode d=3.16|CycleTurn w=0.61<-0.98]
2025.10.07 19:00:00;DECISION;TP capped 37.52250 -> 28.14188 (3.0xATR)
2025.10.07 19:00:00;ORDER;limit SELL 0.04 @ 3966.86 sl=3985.62 tp=3938.72 rc=10009 [WT|CHOCH|0.75|RL]
2025.10.07 19:00:00;RISK;sizing: vol_ratio=1.39 scalar=1.00 gap_buf=4.60250 eff_stop=23.36375
2025.10.07 19:00:03;ORDER;entry fill deal #116 SELL 0.04 @ 3966.90000
2025.10.07 20:41:37;RISK;deal closed pnl=-74.96 streak=2 lock=0
2025.10.08 01:15:00;VETO;signal rejected: volume: relVol 0.95 < 1.00
2025.10.08 05:00:00;DECISION;setup LONG score=0.60 entry=4000.77 inv=3984.60 tgt=0.00 [BOS long lvl=3999.23|RelVol=1.06|VPnear|VWAPside|ADX=34]
2025.10.08 05:00:00;VETO;authorization denied: outside session window (server hour 05, window 12-20)
2025.10.08 05:15:00;VETO;authorization denied: outside session window (server hour 05, window 12-20)
2025.10.08 05:30:00;VETO;authorization denied: outside session window (server hour 05, window 12-20)
2025.10.08 05:45:00;VETO;authorization denied: outside session window (server hour 05, window 12-20)
2025.10.08 13:00:00;DECISION;setup LONG score=0.85 entry=4041.91 inv=4021.47 tgt=0.00 AWAIT-RETEST [BOS long lvl=4040.42|RelVol=1.33|Retest@4041.91|VPnode d=0.91|VWAPside|CycleTurn w=-0.99<--0.99]
2025.10.08 13:00:00;DECISION;TP capped 40.87607 -> 30.65705 (3.0xATR)
2025.10.08 13:00:00;ORDER;limit BUY 0.04 @ 4041.91 sl=4021.47 tp=4072.57 rc=10009 [WT|BOS|0.85|RL]
2025.10.08 13:00:00;RISK;sizing: vol_ratio=0.99 scalar=1.00 gap_buf=2.97607 eff_stop=23.41411
2025.10.08 13:27:11;ORDER;entry fill deal #118 BUY 0.04 @ 4041.13000
2025.10.08 16:45:00;VETO;signal rejected: score 0.40 < 0.55 [CHoCH short lvl=4031.04|RelVol=1.20|Retest@4029.12|VPnear]
2025.10.08 19:15:00;DECISION;setup LONG score=0.65 entry=4052.90 inv=4037.43 tgt=0.00 AWAIT-RETEST [CHoCH long lvl=4050.69|RelVol=1.18|Retest@4052.90|VPnode d=3.30|VWAPside]
2025.10.08 19:15:00;VETO;retest limit risk veto: max positions
2025.10.08 19:30:00;DECISION;TP capped 36.40000 -> 27.30000 (3.0xATR)
2025.10.08 19:30:00;VETO;risk veto: max positions
2025.10.08 22:15:00;VETO;outlier bar masked, z=5.3
2025.10.09 01:09:24;RISK;deal closed pnl=-84.63 streak=1 lock=0
2025.10.09 01:15:00;VETO;outlier bar masked, z=7.5
2025.10.09 02:30:00;DECISION;setup SHORT score=0.75 entry=4013.87 inv=4054.51 tgt=0.00 [BOS short lvl=4015.41|RelVol=1.49|VPnode d=1.47|VWAPside|ADX=45]
2025.10.09 02:30:00;VETO;authorization denied: outside session window (server hour 02, window 12-20)
2025.10.09 02:45:00;VETO;authorization denied: outside session window (server hour 02, window 12-20)
2025.10.09 03:00:00;VETO;authorization denied: outside session window (server hour 03, window 12-20)
2025.10.09 03:15:00;VETO;authorization denied: outside session window (server hour 03, window 12-20)
2025.10.09 07:30:00;VETO;signal rejected: score 0.50 < 0.55 [CHoCH long lvl=4036.28|RelVol=1.30|Retest@4038.56|VPnear|VWAPside]
2025.10.09 14:00:00;VETO;signal rejected: volume: relVol 0.98 < 1.00
2025.10.09 16:00:00;DECISION;setup LONG score=0.60 entry=4048.10 inv=4033.59 tgt=0.00 AWAIT-RETEST [BOS long lvl=4046.73|RelVol=1.01|Retest@4048.10|VPnear|VWAPside|ADX=33]
2025.10.09 16:00:00;DECISION;TP capped 29.02214 -> 21.76661 (3.0xATR)
2025.10.09 16:00:00;ORDER;limit BUY 0.06 @ 4048.10 sl=4033.59 tp=4069.87 rc=10009 [WT|BOS|0.60|RL]
2025.10.09 16:00:00;RISK;sizing: vol_ratio=0.74 scalar=1.00 gap_buf=2.74214 eff_stop=17.25321
2025.10.09 16:34:35;ORDER;entry fill deal #120 BUY 0.06 @ 4047.95000
2025.10.09 16:44:48;RISK;deal closed pnl=-86.16 streak=2 lock=0
2025.10.09 16:45:00;VETO;outlier bar masked, z=5.3
2025.10.09 17:30:00;VETO;outlier bar masked, z=4.0
2025.10.09 18:00:00;VETO;outlier bar masked, z=3.9
2025.10.09 19:45:00;VETO;outlier bar masked, z=7.6
2025.10.09 20:00:00;VETO;outlier bar masked, z=3.9
2025.10.09 20:15:00;VETO;outlier bar masked, z=3.9
2025.10.09 20:30:00;VETO;outlier bar masked, z=3.8
2025.10.10 01:15:00;VETO;outlier bar masked, z=3.9
2025.10.10 02:30:00;DECISION;setup LONG score=0.65 entry=3983.19 inv=3958.55 tgt=0.00 AWAIT-RETEST [CHoCH long lvl=3981.35|RelVol=1.16|Retest@3983.19|VPnode d=4.59|VWAPside]
2025.10.10 02:45:00;VETO;authorization denied: outside session window (server hour 02, window 12-20)
2025.10.10 03:00:00;VETO;authorization denied: outside session window (server hour 03, window 12-20)
2025.10.10 03:15:00;VETO;authorization denied: outside session window (server hour 03, window 12-20)
2025.10.10 03:30:00;VETO;authorization denied: outside session window (server hour 03, window 12-20)
2025.10.10 06:45:00;DECISION;setup SHORT score=0.70 entry=3967.94 inv=3986.79 tgt=0.00 AWAIT-RETEST [CHoCH short lvl=3969.89|RelVol=1.26|Retest@3967.94|VPnear|VWAPside|CycleTurn w=-0.77<--0.34]
2025.10.10 08:15:00;VETO;authorization denied: outside session window (server hour 08, window 12-20)
2025.10.10 08:30:00;VETO;authorization denied: outside session window (server hour 08, window 12-20)
2025.10.10 08:45:00;VETO;authorization denied: outside session window (server hour 08, window 12-20)
2025.10.10 09:00:00;VETO;authorization denied: outside session window (server hour 09, window 12-20)
2025.10.10 11:15:00;DECISION;setup LONG score=0.85 entry=3979.92 inv=3952.62 tgt=0.00 AWAIT-RETEST [CHoCH long lvl=3977.75|RelVol=1.16|Retest@3979.92|VPnode d=3.48|VWAPside|CycleTurn w=-0.03<--0.95]
2025.10.10 15:00:00;DECISION;setup SHORT score=0.75 entry=3988.75 inv=4006.78 tgt=0.00 AWAIT-RETEST [CHoCH short lvl=3990.67|RelVol=1.09|Retest@3988.75|VPnode d=3.05|CycleTurn w=-0.24<-0.77]
2025.10.10 15:00:00;DECISION;TP capped 36.06536 -> 27.04902 (3.0xATR)
2025.10.10 15:00:00;ORDER;limit SELL 0.05 @ 3988.75 sl=4006.78 tp=3961.70 rc=10009 [WT|CHOCH|0.75|RL]
2025.10.10 15:00:00;RISK;sizing: vol_ratio=0.81 scalar=1.00 gap_buf=3.84536 eff_stop=21.87804
2025.10.10 15:00:10;ORDER;entry fill deal #122 SELL 0.05 @ 3988.83000
2025.10.10 18:06:08;RISK;deal closed pnl=-90.80 streak=1 lock=0
2025.10.10 18:15:00;DECISION;setup LONG score=0.85 entry=4000.82 inv=3970.73 tgt=0.00 AWAIT-RETEST [CHoCH long lvl=3998.20|RelVol=1.15|Retest@4000.82|VPnode d=1.22|VWAPside|CycleTurn w=-0.90<--1.00]
2025.10.10 18:15:00;DECISION;TP capped 60.18929 -> 45.14196 (3.0xATR)
2025.10.10 18:15:00;ORDER;limit BUY 0.03 @ 4000.82 sl=3970.73 tp=4045.97 rc=10009 [WT|CHOCH|0.85|RL]
2025.10.10 18:15:00;RISK;sizing: vol_ratio=1.04 scalar=1.00 gap_buf=5.24929 eff_stop=35.34393
2025.10.10 18:46:12;ORDER;entry fill deal #124 BUY 0.03 @ 4000.76000
2025.10.10 22:00:00;RISK;FLATTEN ALL: Friday flatten: weekend gap protection
2025.10.10 22:00:00;RISK;deal closed pnl=-4.83 streak=2 lock=0
2025.10.10 22:45:00;VETO;signal rejected: score 0.50 < 0.55 [BOS long lvl=4008.98|RelVol=1.21|Retest@4011.50|VPnear|VWAPside]
2025.10.13 01:15:00;VETO;outlier bar masked, z=4.3
2025.10.13 01:30:00;VETO;outlier bar masked, z=3.9
2025.10.13 07:30:00;DECISION;setup LONG score=0.65 entry=4056.76 inv=4041.88 tgt=0.00 [BOS long lvl=4055.81|RelVol=1.32|VPnode d=1.56|VWAPside]
2025.10.13 07:30:00;VETO;authorization denied: outside session window (server hour 07, window 12-20)
2025.10.13 07:45:00;VETO;authorization denied: outside session window (server hour 07, window 12-20)
2025.10.13 08:00:00;VETO;authorization denied: outside session window (server hour 08, window 12-20)
2025.10.13 08:15:00;VETO;authorization denied: outside session window (server hour 08, window 12-20)
2025.10.13 12:00:00;DECISION;setup LONG score=0.60 entry=4077.77 inv=4059.84 tgt=0.00 [BOS long lvl=4077.35|RelVol=1.30|VPnear|VWAPside|ADX=56]
2025.10.13 12:00:00;DECISION;TP capped 36.20000 -> 27.15000 (3.0xATR)
2025.10.13 12:00:00;ORDER;filled BUY 0.05 lots sl=4059.84 tp=4105.09 [WT|BOS|0.60]
2025.10.13 12:00:00;RISK;sizing: vol_ratio=0.73 scalar=1.00 gap_buf=3.61679 eff_stop=21.71679
2025.10.13 12:00:00;ORDER;entry fill deal #126 BUY 0.05 @ 4077.94000
2025.10.13 14:00:00;DECISION;setup LONG score=0.95 entry=4080.95 inv=4070.42 tgt=0.00 [BOS long lvl=4079.80|RelVol=1.23|VPnode d=0.55|VWAPside|CycleTurn w=-0.99<--1.00|ADX=40]
2025.10.13 14:00:00;DECISION;TP capped 20.90000 -> 17.85000 (3.0xATR)
2025.10.13 14:00:00;VETO;risk veto: max positions
2025.10.13 16:15:00;DECISION;setup LONG score=0.85 entry=4087.67 inv=4073.18 tgt=0.00 [BOS long lvl=4085.26|RelVol=1.18|VPnode d=2.07|VWAPside|CycleTurn w=-0.97<--0.99]
2025.10.13 16:15:00;DECISION;TP capped 29.34000 -> 22.00500 (3.0xATR)
2025.10.13 16:15:00;VETO;risk veto: max positions
2025.10.13 17:00:47;MANAGE;#131 SL 4059.84 -> 4078.11 breakeven
2025.10.13 17:00:47;MANAGE;#131 partial close 0.02 of 0.05 lots
2025.10.13 17:00:47;RISK;deal closed pnl=36.26 streak=0 lock=0
2025.10.13 17:00:47;MANAGE;#131 SL 4078.11 -> 4081.33 trail
2025.10.13 17:00:49;MANAGE;#131 SL 4081.33 -> 4081.51 trail
2025.10.13 17:00:49;MANAGE;#131 SL 4081.51 -> 4081.67 trail
2025.10.13 17:00:55;MANAGE;#131 SL 4081.67 -> 4081.82 trail
2025.10.13 17:21:04;MANAGE;#131 SL 4081.82 -> 4081.93 trail
2025.10.13 17:23:55;MANAGE;#131 SL 4081.93 -> 4082.09 trail
2025.10.13 17:23:56;MANAGE;#131 SL 4082.09 -> 4082.28 trail
2025.10.13 17:24:11;MANAGE;#131 SL 4082.28 -> 4082.44 trail
2025.10.13 17:30:32;MANAGE;#131 SL 4082.44 -> 4082.60 trail
2025.10.13 17:30:33;MANAGE;#131 SL 4082.60 -> 4082.73 trail
2025.10.13 17:30:33;MANAGE;#131 SL 4082.73 -> 4082.98 trail
2025.10.13 17:30:35;MANAGE;#131 SL 4082.98 -> 4083.55 trail
2025.10.13 17:30:36;MANAGE;#131 SL 4083.55 -> 4083.86 trail
2025.10.13 17:33:33;MANAGE;#131 SL 4083.86 -> 4083.98 trail
2025.10.13 17:36:59;MANAGE;#131 SL 4083.98 -> 4084.38 trail
2025.10.13 17:38:37;MANAGE;#131 SL 4084.38 -> 4084.82 trail
2025.10.13 17:38:56;MANAGE;#131 SL 4084.82 -> 4084.95 trail
2025.10.13 17:39:23;MANAGE;#131 SL 4084.95 -> 4085.07 trail
2025.10.13 17:39:26;MANAGE;#131 SL 4085.07 -> 4085.18 trail
2025.10.13 17:46:01;MANAGE;#131 SL 4085.18 -> 4085.29 trail
2025.10.13 17:46:02;MANAGE;#131 SL 4085.29 -> 4085.65 trail
2025.10.13 17:46:08;MANAGE;#131 SL 4085.65 -> 4085.75 trail
2025.10.13 17:47:48;MANAGE;#131 SL 4085.75 -> 4086.16 trail
2025.10.13 17:48:01;MANAGE;#131 SL 4086.16 -> 4086.32 trail
2025.10.13 17:51:36;MANAGE;#131 SL 4086.32 -> 4086.43 trail
2025.10.13 17:51:48;MANAGE;#131 SL 4086.43 -> 4086.56 trail
2025.10.13 17:52:56;MANAGE;#131 SL 4086.56 -> 4087.21 trail
2025.10.13 17:52:56;MANAGE;#131 SL 4087.21 -> 4087.53 trail
2025.10.13 17:52:57;MANAGE;#131 SL 4087.53 -> 4087.67 trail
2025.10.13 17:52:58;MANAGE;#131 SL 4087.67 -> 4087.91 trail
2025.10.13 17:52:59;MANAGE;#131 SL 4087.91 -> 4088.02 trail
2025.10.13 17:53:00;MANAGE;#131 SL 4088.02 -> 4088.42 trail
2025.10.13 17:53:00;MANAGE;#131 SL 4088.42 -> 4088.54 trail
2025.10.13 17:53:01;MANAGE;#131 SL 4088.54 -> 4089.11 trail
2025.10.13 17:53:01;MANAGE;#131 SL 4089.11 -> 4089.35 trail
2025.10.13 17:53:07;MANAGE;#131 SL 4089.35 -> 4089.49 trail
2025.10.13 17:53:08;MANAGE;#131 SL 4089.49 -> 4089.88 trail
2025.10.13 17:53:10;MANAGE;#131 SL 4089.88 -> 4090.00 trail
2025.10.13 18:56:47;RISK;deal closed pnl=81.66 streak=0 lock=0
2025.10.13 19:00:00;DECISION;setup LONG score=0.75 entry=4104.97 inv=4073.18 tgt=0.00 [BOS long lvl=4103.96|RelVol=1.13|VPnode d=1.57|VWAPside|ADX=35]
2025.10.13 19:00:00;DECISION;TP capped 63.72000 -> 47.79000 (3.0xATR)
2025.10.13 19:00:00;ORDER;filled BUY 0.03 lots sl=4073.18 tp=4152.83 [WT|BOS|0.75]
2025.10.13 19:00:00;RISK;sizing: vol_ratio=0.82 scalar=1.00 gap_buf=3.85893 eff_stop=35.71893
2025.10.13 19:00:00;ORDER;entry fill deal #129 BUY 0.03 @ 4105.04000
2025.10.13 22:15:00;VETO;signal rejected: score 0.30 < 0.55 [CHoCH short lvl=4099.56|RelVol=1.25|Retest@4097.64]
2025.10.14 02:45:00;DECISION;setup LONG score=0.85 entry=4116.70 inv=4106.54 tgt=0.00 AWAIT-RETEST [CHoCH long lvl=4115.30|RelVol=1.74|Retest@4116.70|VPnode d=0.10|VWAPside|CycleTurn w=0.26<--0.82]
2025.10.14 04:11:55;MANAGE;#134 SL 4073.18 -> 4105.20 breakeven
2025.10.14 04:11:55;MANAGE;#134 partial close 0.01 of 0.03 lots
2025.10.14 04:11:55;RISK;deal closed pnl=31.83 streak=0 lock=0
2025.10.14 04:11:55;MANAGE;#134 SL 4105.20 -> 4125.18 trail
2025.10.14 04:11:57;MANAGE;#134 SL 4125.18 -> 4125.35 trail
2025.10.14 04:12:00;MANAGE;#134 SL 4125.35 -> 4125.47 trail
2025.10.14 04:12:02;MANAGE;#134 SL 4125.47 -> 4125.72 trail
2025.10.14 04:12:02;MANAGE;#134 SL 4125.72 -> 4125.97 trail
2025.10.14 04:12:03;MANAGE;#134 SL 4125.97 -> 4126.35 trail
2025.10.14 04:12:04;MANAGE;#134 SL 4126.35 -> 4126.49 trail
2025.10.14 04:12:04;MANAGE;#134 SL 4126.49 -> 4127.08 trail
2025.10.14 04:12:07;MANAGE;#134 SL 4127.08 -> 4127.25 trail
2025.10.14 04:12:07;MANAGE;#134 SL 4127.25 -> 4127.59 trail
2025.10.14 04:12:08;MANAGE;#134 SL 4127.59 -> 4127.72 trail
2025.10.14 04:12:17;MANAGE;#134 SL 4127.72 -> 4127.99 trail
2025.10.14 04:12:43;MANAGE;#134 SL 4127.99 -> 4128.18 trail
2025.10.14 04:12:58;MANAGE;#134 SL 4128.18 -> 4128.30 trail
2025.10.14 04:12:58;MANAGE;#134 SL 4128.30 -> 4128.42 trail
2025.10.14 04:13:02;MANAGE;#134 SL 4128.42 -> 4128.54 trail
2025.10.14 04:13:04;MANAGE;#134 SL 4128.54 -> 4128.90 trail
2025.10.14 04:13:05;MANAGE;#134 SL 4128.90 -> 4129.02 trail
2025.10.14 04:15:00;VETO;outlier bar masked, z=3.8
2025.10.14 04:24:03;MANAGE;#134 SL 4129.02 -> 4130.63 trail
2025.10.14 04:24:04;MANAGE;#134 SL 4130.63 -> 4130.89 trail
2025.10.14 04:24:05;MANAGE;#134 SL 4130.89 -> 4131.26 trail
2025.10.14 04:24:11;MANAGE;#134 SL 4131.26 -> 4131.59 trail
2025.10.14 04:24:12;MANAGE;#134 SL 4131.59 -> 4131.77 trail
2025.10.14 04:24:14;MANAGE;#134 SL 4131.77 -> 4131.88 trail
2025.10.14 04:24:15;MANAGE;#134 SL 4131.88 -> 4132.71 trail
2025.10.14 04:24:18;MANAGE;#134 SL 4132.71 -> 4133.06 trail
2025.10.14 04:24:25;MANAGE;#134 SL 4133.06 -> 4133.25 trail
2025.10.14 04:24:27;MANAGE;#134 SL 4133.25 -> 4133.50 trail
2025.10.14 04:24:28;MANAGE;#134 SL 4133.50 -> 4133.91 trail
2025.10.14 04:24:31;MANAGE;#134 SL 4133.91 -> 4134.12 trail
2025.10.14 04:24:35;MANAGE;#134 SL 4134.12 -> 4134.30 trail
2025.10.14 04:24:36;MANAGE;#134 SL 4134.30 -> 4134.55 trail
2025.10.14 04:24:37;MANAGE;#134 SL 4134.55 -> 4134.68 trail
2025.10.14 04:28:49;MANAGE;#134 SL 4134.68 -> 4134.99 trail
2025.10.14 04:28:51;MANAGE;#134 SL 4134.99 -> 4135.39 trail
2025.10.14 04:28:51;MANAGE;#134 SL 4135.39 -> 4135.57 trail
2025.10.14 04:28:52;MANAGE;#134 SL 4135.57 -> 4135.67 trail
2025.10.14 04:28:53;MANAGE;#134 SL 4135.67 -> 4135.80 trail
2025.10.14 04:42:20;RISK;deal closed pnl=60.73 streak=0 lock=0
2025.10.14 06:15:00;DECISION;setup LONG score=0.60 entry=4154.68 inv=4106.54 tgt=0.00 [BOS long lvl=4150.01|RelVol=1.30|VPnear|VWAPside|ADX=48]
2025.10.14 06:15:00;VETO;authorization denied: outside session window (server hour 06, window 12-20)
2025.10.14 06:30:00;VETO;authorization denied: outside session window (server hour 06, window 12-20)
2025.10.14 06:45:00;VETO;authorization denied: outside session window (server hour 06, window 12-20)
2025.10.14 07:00:00;VETO;authorization denied: outside session window (server hour 07, window 12-20)
2025.10.14 08:45:00;VETO;outlier bar masked, z=22.4
2025.10.14 09:00:00;VETO;outlier bar masked, z=8.1
2025.10.14 09:15:00;VETO;outlier bar masked, z=8.1
2025.10.14 09:30:00;VETO;outlier bar masked, z=8.1
2025.10.14 09:45:00;VETO;outlier bar masked, z=3.7
2025.10.14 10:00:00;VETO;outlier bar masked, z=5.3
2025.10.14 10:30:00;VETO;outlier bar masked, z=3.6
2025.10.14 15:30:00;DECISION;setup SHORT score=0.65 entry=4118.79 inv=4144.13 tgt=0.00 [BOS short lvl=4122.00|RelVol=1.22|VPnode d=4.39|VWAPside]
2025.10.14 15:30:00;DECISION;TP capped 51.80000 -> 38.85000 (3.0xATR)
2025.10.14 15:30:00;ORDER;filled SELL 0.03 lots sl=4144.13 tp=4079.38 [WT|BOS|0.65]
2025.10.14 15:30:00;RISK;sizing: vol_ratio=0.96 scalar=1.00 gap_buf=4.41464 eff_stop=30.31464
2025.10.14 15:30:00;ORDER;entry fill deal #132 SELL 0.03 @ 4118.23000
2025.10.14 16:45:00;VETO;outlier bar masked, z=3.7
2025.10.14 18:15:00;DECISION;setup LONG score=0.65 entry=4140.41 inv=4097.72 tgt=0.00 AWAIT-RETEST [CHoCH long lvl=4137.49|RelVol=1.12|Retest@4140.41|VPnode d=3.99|VWAPside]
2025.10.14 18:15:00;VETO;retest limit risk veto: max positions
2025.10.14 18:30:00;DECISION;TP capped 81.46000 -> 61.09500 (3.0xATR)
2025.10.14 18:30:00;VETO;risk veto: max positions
2025.10.14 19:46:08;RISK;deal closed pnl=-77.76 streak=1 lock=0
2025.10.14 20:15:00;DECISION;setup LONG score=0.65 entry=4145.47 inv=4128.02 tgt=0.00 [BOS long lvl=4142.80|RelVol=1.38|VPnode d=4.33|VWAPside]
2025.10.14 20:15:00;VETO;authorization denied: outside session window (server hour 20, window 12-20)
2025.10.14 20:30:00;VETO;authorization denied: outside session window (server hour 20, window 12-20)
2025.10.14 20:45:00;VETO;authorization denied: outside session window (server hour 20, window 12-20)
2025.10.14 21:00:00;VETO;authorization denied: outside session window (server hour 21, window 12-20)
2025.10.14 22:45:00;DECISION;setup SHORT score=0.60 entry=4141.12 inv=4155.38 tgt=0.00 AWAIT-RETEST [CHoCH short lvl=4143.21|RelVol=1.40|Retest@4141.12|VPnear|CycleTurn w=0.79<-0.96]
2025.10.14 23:00:00;VETO;authorization denied: outside session window (server hour 23, window 12-20)
2025.10.14 23:15:00;VETO;authorization denied: outside session window (server hour 23, window 12-20)
2025.10.14 23:30:00;VETO;authorization denied: outside session window (server hour 23, window 12-20)
2025.10.14 23:45:00;VETO;authorization denied: outside session window (server hour 23, window 12-20)
2025.10.15 01:15:00;DECISION;setup LONG score=0.70 entry=4156.99 inv=4134.40 tgt=0.00 AWAIT-RETEST [CHoCH long lvl=4155.38|RelVol=1.11|Retest@4156.99|VPnear|VWAPside|CycleTurn w=-0.96<--1.00]
2025.10.15 01:30:00;VETO;authorization denied: outside session window (server hour 01, window 12-20)
2025.10.15 01:45:00;VETO;authorization denied: outside session window (server hour 01, window 12-20)
2025.10.15 02:00:00;VETO;authorization denied: outside session window (server hour 02, window 12-20)
2025.10.15 02:15:00;VETO;authorization denied: outside session window (server hour 02, window 12-20)
2025.10.15 02:45:00;DECISION;setup LONG score=0.65 entry=4165.56 inv=4140.73 tgt=0.00 [BOS long lvl=4163.98|RelVol=1.24|VPnode d=1.16|VWAPside]
2025.10.15 02:45:00;VETO;authorization denied: outside session window (server hour 02, window 12-20)
2025.10.15 03:00:00;VETO;authorization denied: outside session window (server hour 03, window 12-20)
2025.10.15 03:15:00;VETO;authorization denied: outside session window (server hour 03, window 12-20)
2025.10.15 03:30:00;VETO;authorization denied: outside session window (server hour 03, window 12-20)
2025.10.15 04:15:00;DECISION;setup LONG score=0.75 entry=4172.22 inv=4153.82 tgt=0.00 AWAIT-RETEST [BOS long lvl=4169.65|RelVol=1.20|Retest@4172.22|VPnode d=4.22|VWAPside|ADX=33]
2025.10.15 05:45:00;VETO;authorization denied: outside session window (server hour 05, window 12-20)
2025.10.15 06:00:00;VETO;authorization denied: outside session window (server hour 06, window 12-20)
2025.10.15 06:15:00;VETO;authorization denied: outside session window (server hour 06, window 12-20)
2025.10.15 06:30:00;VETO;authorization denied: outside session window (server hour 06, window 12-20)
2025.10.15 07:00:00;DECISION;setup LONG score=0.95 entry=4187.02 inv=4166.99 tgt=0.00 [BOS long lvl=4186.78|RelVol=1.14|VPnode d=0.82|VWAPside|CycleTurn w=-0.37<--0.87|ADX=39]
2025.10.15 07:00:00;VETO;authorization denied: outside session window (server hour 07, window 12-20)
2025.10.15 07:15:00;VETO;authorization denied: outside session window (server hour 07, window 12-20)
2025.10.15 07:30:00;VETO;authorization denied: outside session window (server hour 07, window 12-20)
2025.10.15 07:45:00;VETO;authorization denied: outside session window (server hour 07, window 12-20)
2025.10.15 08:30:00;DECISION;setup LONG score=0.85 entry=4192.64 inv=4173.37 tgt=0.00 [BOS long lvl=4190.49|RelVol=1.18|VPnode d=2.64|VWAPside|CycleTurn w=-0.97<--0.98]
2025.10.15 08:30:00;VETO;authorization denied: outside session window (server hour 08, window 12-20)
2025.10.15 08:45:00;VETO;authorization denied: outside session window (server hour 08, window 12-20)
2025.10.15 09:00:00;VETO;authorization denied: outside session window (server hour 09, window 12-20)
2025.10.15 09:15:00;VETO;authorization denied: outside session window (server hour 09, window 12-20)
2025.10.15 09:45:00;VETO;signal rejected: volume: relVol 1.00 < 1.00
2025.10.15 12:30:00;VETO;outlier bar masked, z=6.3
2025.10.15 17:15:00;DECISION;setup LONG score=0.85 entry=4208.64 inv=4176.61 tgt=0.00 [BOS long lvl=4204.19|RelVol=1.06|VPnode d=3.24|VWAPside|CycleTurn w=-0.81<--0.93]
2025.10.15 17:15:00;DECISION;TP capped 64.30000 -> 48.22500 (3.0xATR)
2025.10.15 17:15:00;ORDER;filled BUY 0.02 lots sl=4176.61 tp=4256.99 [WT|BOS|0.85]
2025.10.15 17:15:00;RISK;sizing: vol_ratio=1.12 scalar=1.00 gap_buf=5.39571 eff_stop=37.54571
2025.10.15 17:15:00;ORDER;entry fill deal #134 BUY 0.02 @ 4208.76000
2025.10.15 22:15:00;DECISION;setup LONG score=0.75 entry=4205.62 inv=4182.59 tgt=0.00 [BOS long lvl=4204.60|RelVol=1.12|VPnode d=2.82|VWAPside|ADX=31]
2025.10.15 22:15:00;VETO;authorization denied: outside session window (server hour 22, window 12-20)
2025.10.15 22:30:00;VETO;authorization denied: outside session window (server hour 22, window 12-20)
2025.10.15 22:45:00;VETO;authorization denied: outside session window (server hour 22, window 12-20)
2025.10.15 23:00:00;VETO;authorization denied: outside session window (server hour 23, window 12-20)
2025.10.16 01:45:00;DECISION;setup LONG score=0.75 entry=4215.35 inv=4182.59 tgt=0.00 [BOS long lvl=4213.14|RelVol=1.27|VPnode d=2.35|VWAPside|ADX=30]
2025.10.16 01:45:00;VETO;authorization denied: outside session window (server hour 01, window 12-20)
2025.10.16 02:00:00;VETO;authorization denied: outside session window (server hour 02, window 12-20)
2025.10.16 02:15:00;VETO;authorization denied: outside session window (server hour 02, window 12-20)
2025.10.16 02:30:00;VETO;authorization denied: outside session window (server hour 02, window 12-20)
2025.10.16 03:30:00;DECISION;setup LONG score=0.65 entry=4217.46 inv=4199.79 tgt=0.00 AWAIT-RETEST [BOS long lvl=4215.85|RelVol=1.23|Retest@4217.46|VPnode d=3.46|VWAPside]
2025.10.16 04:00:00;VETO;authorization denied: outside session window (server hour 04, window 12-20)
2025.10.16 04:15:00;VETO;authorization denied: outside session window (server hour 04, window 12-20)
2025.10.16 04:30:00;VETO;authorization denied: outside session window (server hour 04, window 12-20)
2025.10.16 04:45:00;VETO;authorization denied: outside session window (server hour 04, window 12-20)
2025.10.16 06:03:55;MANAGE;#139 SL 4176.61 -> 4208.93 breakeven
2025.10.16 06:03:55;MANAGE;#139 partial close 0.01 of 0.02 lots
2025.10.16 06:03:55;RISK;deal closed pnl=31.78 streak=0 lock=0
2025.10.16 06:03:56;MANAGE;#139 SL 4208.93 -> 4224.50 trail
2025.10.16 06:06:01;MANAGE;#139 SL 4224.50 -> 4224.65 trail
2025.10.16 06:06:56;MANAGE;#139 SL 4224.65 -> 4224.88 trail
2025.10.16 06:07:16;MANAGE;#139 SL 4224.88 -> 4224.99 trail
2025.10.16 06:07:23;MANAGE;#139 SL 4224.99 -> 4225.13 trail
2025.10.16 06:07:27;MANAGE;#139 SL 4225.13 -> 4225.24 trail
2025.10.16 06:07:39;MANAGE;#139 SL 4225.24 -> 4225.45 trail
2025.10.16 06:11:11;MANAGE;#139 SL 4225.45 -> 4225.78 trail
2025.10.16 08:14:40;RISK;deal closed pnl=16.45 streak=0 lock=0
2025.10.16 08:15:00;VETO;signal rejected: score 0.40 < 0.55 [CHoCH short lvl=4229.08|RelVol=1.15|Retest@4227.45|VPnear]
2025.10.16 08:45:00;VETO;outlier bar masked, z=4.2
2025.10.16 09:15:00;VETO;outlier bar masked, z=3.7
2025.10.16 13:00:00;DECISION;setup LONG score=0.65 entry=4237.45 inv=4203.65 tgt=0.00 AWAIT-RETEST [CHoCH long lvl=4235.75|RelVol=1.14|Retest@4237.45|VPnode d=0.85|VWAPside]
2025.10.16 13:00:00;DECISION;TP capped 67.60857 -> 50.70643 (3.0xATR)
2025.10.16 13:00:00;ORDER;limit BUY 0.02 @ 4237.45 sl=4203.65 tp=4288.16 rc=10009 [WT|CHOCH|0.65|RL]
2025.10.16 13:00:00;RISK;sizing: vol_ratio=0.78 scalar=1.00 gap_buf=3.40857 eff_stop=37.21286
2025.10.16 13:12:11;ORDER;entry fill deal #137 BUY 0.02 @ 4237.33000
2025.10.16 15:45:00;VETO;outlier bar masked, z=5.4
2025.10.16 17:15:00;VETO;outlier bar masked, z=4.1
2025.10.16 18:08:12;MANAGE;#142 SL 4203.65 -> 4237.51 breakeven
2025.10.16 18:08:12;MANAGE;#142 partial close 0.01 of 0.02 lots
2025.10.16 18:08:12;RISK;deal closed pnl=33.72 streak=0 lock=0
2025.10.16 18:08:12;MANAGE;#142 SL 4237.51 -> 4249.03 trail
2025.10.16 18:08:29;MANAGE;#142 SL 4249.03 -> 4249.51 trail
2025.10.16 18:08:31;MANAGE;#142 SL 4249.51 -> 4249.64 trail
2025.10.16 18:08:46;MANAGE;#142 SL 4249.64 -> 4249.76 trail
2025.10.16 18:17:11;MANAGE;#142 SL 4249.76 -> 4249.97 trail
2025.10.16 18:29:50;MANAGE;#142 SL 4249.97 -> 4250.66 trail
2025.10.16 18:52:44;MANAGE;#142 SL 4250.66 -> 4250.84 trail
2025.10.16 18:52:51;MANAGE;#142 SL 4250.84 -> 4251.10 trail
2025.10.16 18:52:51;MANAGE;#142 SL 4251.10 -> 4251.30 trail
2025.10.16 18:52:59;MANAGE;#142 SL 4251.30 -> 4251.41 trail
2025.10.16 18:53:04;MANAGE;#142 SL 4251.41 -> 4251.56 trail
2025.10.16 18:53:04;MANAGE;#142 SL 4251.56 -> 4251.66 trail
2025.10.16 18:53:06;MANAGE;#142 SL 4251.66 -> 4251.96 trail
2025.10.16 18:53:28;MANAGE;#142 SL 4251.96 -> 4252.13 trail
2025.10.16 18:53:29;MANAGE;#142 SL 4252.13 -> 4252.73 trail
2025.10.16 18:53:30;MANAGE;#142 SL 4252.73 -> 4253.10 trail
2025.10.16 18:53:31;MANAGE;#142 SL 4253.10 -> 4253.27 trail
2025.10.16 18:53:34;MANAGE;#142 SL 4253.27 -> 4253.39 trail
2025.10.16 18:54:42;MANAGE;#142 SL 4253.39 -> 4253.53 trail
2025.10.16 18:54:45;MANAGE;#142 SL 4253.53 -> 4253.67 trail
2025.10.16 19:06:01;MANAGE;#142 SL 4253.67 -> 4254.09 trail
2025.10.16 19:06:02;MANAGE;#142 SL 4254.09 -> 4254.20 trail
2025.10.16 19:06:05;MANAGE;#142 SL 4254.20 -> 4254.33 trail
2025.10.16 19:06:13;MANAGE;#142 SL 4254.33 -> 4254.43 trail
2025.10.16 19:06:17;MANAGE;#142 SL 4254.43 -> 4255.13 trail
2025.10.16 19:06:19;MANAGE;#142 SL 4255.13 -> 4255.39 trail
2025.10.16 19:06:20;MANAGE;#142 SL 4255.39 -> 4255.57 trail
2025.10.16 19:06:21;MANAGE;#142 SL 4255.57 -> 4255.74 trail
2025.10.16 19:07:51;MANAGE;#142 SL 4255.74 -> 4255.88 trail
2025.10.16 19:08:30;MANAGE;#142 SL 4255.88 -> 4255.99 trail
2025.10.16 19:08:31;MANAGE;#142 SL 4255.99 -> 4256.38 trail
2025.10.16 19:08:35;MANAGE;#142 SL 4256.38 -> 4256.54 trail
2025.10.16 19:08:38;MANAGE;#142 SL 4256.54 -> 4256.66 trail
2025.10.16 19:13:22;MANAGE;#142 SL 4256.66 -> 4256.78 trail
2025.10.16 19:13:32;MANAGE;#142 SL 4256.78 -> 4256.95 trail
2025.10.16 19:13:34;MANAGE;#142 SL 4256.95 -> 4257.07 trail
2025.10.16 19:13:35;MANAGE;#142 SL 4257.07 -> 4257.18 trail
2025.10.16 19:13:36;MANAGE;#142 SL 4257.18 -> 4257.28 trail
2025.10.16 19:13:37;MANAGE;#142 SL 4257.28 -> 4257.66 trail
2025.10.16 19:13:38;MANAGE;#142 SL 4257.66 -> 4258.07 trail
2025.10.16 19:15:00;MANAGE;#142 SL 4258.07 -> 4258.53 trail
2025.10.16 19:15:02;MANAGE;#142 SL 4258.53 -> 4258.81 trail
2025.10.16 19:15:15;MANAGE;#142 SL 4258.81 -> 4258.96 trail
2025.10.16 19:15:16;MANAGE;#142 SL 4258.96 -> 4259.08 trail
2025.10.16 19:15:17;MANAGE;#142 SL 4259.08 -> 4259.27 trail
2025.10.16 19:15:36;MANAGE;#142 SL 4259.27 -> 4259.43 trail
2025.10.16 19:15:37;MANAGE;#142 SL 4259.43 -> 4259.53 trail
2025.10.16 19:15:38;MANAGE;#142 SL 4259.53 -> 4259.65 trail
2025.10.16 19:15:42;MANAGE;#142 SL 4259.65 -> 4259.88 trail
2025.10.16 19:15:52;MANAGE;#142 SL 4259.88 -> 4259.98 trail
2025.10.16 19:16:02;MANAGE;#142 SL 4259.98 -> 4260.09 trail
2025.10.16 19:16:14;MANAGE;#142 SL 4260.09 -> 4260.20 trail
2025.10.16 19:16:43;MANAGE;#142 SL 4260.20 -> 4260.76 trail
2025.10.16 19:16:43;MANAGE;#142 SL 4260.76 -> 4261.35 trail
2025.10.16 19:16:47;MANAGE;#142 SL 4261.35 -> 4261.45 trail
2025.10.16 19:16:55;MANAGE;#142 SL 4261.45 -> 4261.62 trail
2025.10.16 19:17:00;MANAGE;#142 SL 4261.62 -> 4261.92 trail
2025.10.16 19:17:02;MANAGE;#142 SL 4261.92 -> 4262.04 trail
2025.10.16 19:17:31;MANAGE;#142 SL 4262.04 -> 4262.44 trail
2025.10.16 19:17:32;MANAGE;#142 SL 4262.44 -> 4263.04 trail
2025.10.16 19:18:17;MANAGE;#142 SL 4263.04 -> 4263.16 trail
2025.10.16 19:18:20;MANAGE;#142 SL 4263.16 -> 4263.27 trail
2025.10.16 19:18:21;MANAGE;#142 SL 4263.27 -> 4263.96 trail
2025.10.16 19:18:24;MANAGE;#142 SL 4263.96 -> 4264.22 trail
2025.10.16 19:18:27;MANAGE;#142 SL 4264.22 -> 4264.34 trail
2025.10.16 19:18:28;MANAGE;#142 SL 4264.34 -> 4264.45 trail
2025.10.16 19:18:28;MANAGE;#142 SL 4264.45 -> 4264.78 trail
2025.10.16 19:18:42;MANAGE;#142 SL 4264.78 -> 4265.01 trail
2025.10.16 19:18:43;MANAGE;#142 SL 4265.01 -> 4265.23 trail
2025.10.16 19:18:43;MANAGE;#142 SL 4265.23 -> 4265.79 trail
2025.10.16 19:18:44;MANAGE;#142 SL 4265.79 -> 4266.10 trail
2025.10.16 19:18:45;MANAGE;#142 SL 4266.10 -> 4266.48 trail
2025.10.16 19:18:46;MANAGE;#142 SL 4266.48 -> 4266.82 trail
2025.10.16 19:18:54;MANAGE;#142 SL 4266.82 -> 4266.97 trail
2025.10.16 19:18:54;MANAGE;#142 SL 4266.97 -> 4267.24 trail
2025.10.16 19:18:55;MANAGE;#142 SL 4267.24 -> 4267.34 trail
2025.10.16 19:18:55;MANAGE;#142 SL 4267.34 -> 4267.60 trail
2025.10.16 19:18:57;RISK;deal closed pnl=51.17 streak=0 lock=0
2025.10.16 19:45:00;VETO;outlier bar masked, z=7.5
2025.10.16 23:00:00;VETO;outlier bar masked, z=3.5
2025.10.17 01:15:00;VETO;outlier bar masked, z=8.0
2025.10.17 01:30:00;VETO;outlier bar masked, z=6.5
2025.10.17 01:45:00;VETO;outlier bar masked, z=4.7
2025.10.17 02:15:00;VETO;outlier bar masked, z=3.6
2025.10.17 04:30:00;VETO;outlier bar masked, z=3.8
2025.10.17 04:45:00;VETO;outlier bar masked, z=11.8
2025.10.17 05:00:00;VETO;outlier bar masked, z=5.7
2025.10.17 08:00:00;DECISION;setup LONG score=0.65 entry=4374.91 inv=4278.66 tgt=0.00 AWAIT-RETEST [CHoCH long lvl=4371.43|RelVol=1.51|Retest@4374.91|VPnode d=3.31|VWAPside]
2025.10.17 08:15:00;VETO;authorization denied: outside session window (server hour 08, window 12-20)
2025.10.17 08:30:00;VETO;authorization denied: outside session window (server hour 08, window 12-20)
2025.10.17 08:45:00;VETO;authorization denied: outside session window (server hour 08, window 12-20)
2025.10.17 09:00:00;VETO;authorization denied: outside session window (server hour 09, window 12-20)
2025.10.17 10:30:00;VETO;outlier bar masked, z=6.3
2025.10.17 13:45:00;DECISION;setup SHORT score=0.75 entry=4331.21 inv=4350.24 tgt=0.00 [BOS short lvl=4332.43|RelVol=1.54|StopFloored|VPnode d=8.59|VWAPside|ADX=40]
2025.10.17 13:45:00;DECISION;TP capped 38.45286 -> 38.05286 (3.0xATR)
2025.10.17 13:45:00;ORDER;filled SELL 0.04 lots sl=4350.24 tp=4292.96 [WT|BOS|0.75]
2025.10.17 13:45:00;RISK;sizing: vol_ratio=1.15 scalar=1.00 gap_buf=7.71786 eff_stop=26.94429
2025.10.17 13:45:00;ORDER;entry fill deal #140 SELL 0.04 @ 4331.01000
2025.10.17 14:32:51;MANAGE;#145 SL 4350.24 -> 4330.94 breakeven
2025.10.17 14:32:51;MANAGE;#145 partial close 0.02 of 0.04 lots
2025.10.17 14:32:51;RISK;deal closed pnl=38.90 streak=0 lock=0
2025.10.17 14:34:54;MANAGE;#145 SL 4330.94 -> 4330.46 trail
2025.10.17 14:36:10;MANAGE;#145 SL 4330.46 -> 4330.01 trail
2025.10.17 14:44:23;MANAGE;#145 SL 4330.01 -> 4329.22 trail
2025.10.17 14:44:24;MANAGE;#145 SL 4329.22 -> 4329.10 trail
2025.10.17 14:44:33;MANAGE;#145 SL 4329.10 -> 4328.93 trail
2025.10.17 14:51:39;MANAGE;#145 SL 4328.93 -> 4328.75 trail
2025.10.17 14:51:43;MANAGE;#145 SL 4328.75 -> 4328.48 trail
2025.10.17 14:51:45;MANAGE;#145 SL 4328.48 -> 4328.22 trail
2025.10.17 14:51:45;MANAGE;#145 SL 4328.22 -> 4327.73 trail
2025.10.17 14:51:48;MANAGE;#145 SL 4327.73 -> 4327.49 trail
2025.10.17 14:51:50;MANAGE;#145 SL 4327.49 -> 4326.48 trail
2025.10.17 14:51:51;MANAGE;#145 SL 4326.48 -> 4326.16 trail
2025.10.17 14:51:52;MANAGE;#145 SL 4326.16 -> 4326.05 trail
2025.10.17 14:51:53;MANAGE;#145 SL 4326.05 -> 4325.84 trail
2025.10.17 14:51:53;MANAGE;#145 SL 4325.84 -> 4325.57 trail
2025.10.17 14:51:55;MANAGE;#145 SL 4325.57 -> 4325.22 trail
2025.10.17 14:51:55;MANAGE;#145 SL 4325.22 -> 4324.54 trail
2025.10.17 14:51:57;MANAGE;#145 SL 4324.54 -> 4324.20 trail
2025.10.17 14:51:58;MANAGE;#145 SL 4324.20 -> 4323.98 trail
2025.10.17 14:52:03;MANAGE;#145 SL 4323.98 -> 4323.85 trail
2025.10.17 14:56:03;MANAGE;#145 SL 4323.85 -> 4322.01 trail
2025.10.17 14:56:04;MANAGE;#145 SL 4322.01 -> 4321.51 trail
2025.10.17 14:56:05;MANAGE;#145 SL 4321.51 -> 4321.27 trail
2025.10.17 14:56:13;MANAGE;#145 SL 4321.27 -> 4320.81 trail
2025.10.17 14:56:16;MANAGE;#145 SL 4320.81 -> 4320.68 trail
2025.10.17 14:56:19;MANAGE;#145 SL 4320.68 -> 4320.24 trail
2025.10.17 14:56:20;MANAGE;#145 SL 4320.24 -> 4320.11 trail
2025.10.17 14:56:21;MANAGE;#145 SL 4320.11 -> 4319.66 trail
2025.10.17 14:56:22;MANAGE;#145 SL 4319.66 -> 4319.46 trail
2025.10.17 14:56:23;MANAGE;#145 SL 4319.46 -> 4319.03 trail
2025.10.17 14:56:23;MANAGE;#145 SL 4319.03 -> 4318.92 trail
2025.10.17 14:56:30;MANAGE;#145 SL 4318.92 -> 4318.03 trail
2025.10.17 14:56:37;MANAGE;#145 SL 4318.03 -> 4317.58 trail
2025.10.17 14:56:38;MANAGE;#145 SL 4317.58 -> 4317.25 trail
2025.10.17 14:56:40;MANAGE;#145 SL 4317.25 -> 4316.95 trail
2025.10.17 14:56:41;RISK;deal closed pnl=76.40 streak=0 lock=0
2025.10.17 16:45:00;VETO;outlier bar masked, z=6.5
2025.10.17 17:00:00;DECISION;setup SHORT score=0.70 entry=4274.18 inv=4320.24 tgt=0.00 [BOS short lvl=4283.64|RelVol=1.28|VWAPside|CycleTurn w=-0.51<--0.49|ADX=62]
2025.10.17 17:00:00;DECISION;TP capped 93.32000 -> 69.99000 (3.0xATR)
2025.10.17 17:00:00;ORDER;filled SELL 0.01 lots sl=4320.24 tp=4203.59 [WT|BOS|0.70]
2025.10.17 17:00:00;RISK;sizing: vol_ratio=1.44 scalar=1.00 gap_buf=11.03893 eff_stop=57.69893
2025.10.17 17:00:00;ORDER;entry fill deal #143 SELL 0.01 @ 4273.58000
2025.10.17 17:05:54;MANAGE;#148 SL 4320.24 -> 4273.17 breakeven
2025.10.17 17:05:54;MANAGE;#148 SL 4273.17 -> 4269.40 trail
2025.10.17 17:05:55;MANAGE;#148 SL 4269.40 -> 4269.09 trail
2025.10.17 17:14:37;MANAGE;#148 SL 4269.09 -> 4268.50 trail
2025.10.17 17:14:38;MANAGE;#148 SL 4268.50 -> 4268.33 trail
2025.10.17 17:14:39;MANAGE;#148 SL 4268.33 -> 4267.97 trail
2025.10.17 17:14:39;MANAGE;#148 SL 4267.97 -> 4266.76 trail
2025.10.17 17:14:40;MANAGE;#148 SL 4266.76 -> 4266.49 trail
2025.10.17 17:14:42;MANAGE;#148 SL 4266.49 -> 4266.01 trail
2025.10.17 17:14:42;MANAGE;#148 SL 4266.01 -> 4264.34 trail
2025.10.17 17:14:43;MANAGE;#148 SL 4264.34 -> 4263.62 trail
2025.10.17 17:14:43;MANAGE;#148 SL 4263.62 -> 4263.41 trail
2025.10.17 17:14:44;MANAGE;#148 SL 4263.41 -> 4261.83 trail
2025.10.17 17:14:52;MANAGE;#148 SL 4261.83 -> 4261.58 trail
2025.10.17 17:15:00;VETO;outlier bar masked, z=6.3
2025.10.17 17:40:47;RISK;deal closed pnl=11.60 streak=0 lock=0
2025.10.17 19:30:00;VETO;signal rejected: score 0.50 < 0.55 [BOS short lvl=4216.88|RelVol=1.28|VWAPside|ADX=48]
2025.10.17 23:30:00;VETO;signal rejected: score 0.30 < 0.55 [CHoCH long lvl=4244.63|RelVol=1.85|Retest@4248.49]
2025.10.20 09:00:00;DECISION;setup SHORT score=0.85 entry=4246.77 inv=4268.20 tgt=0.00 AWAIT-RETEST [CHoCH short lvl=4249.01|RelVol=1.06|Retest@4246.77|VPnode d=1.83|VWAPside|CycleTurn w=-0.57<-0.45]
2025.10.20 10:15:00;VETO;authorization denied: outside session window (server hour 10, window 12-20)
2025.10.20 10:30:00;VETO;authorization denied: outside session window (server hour 10, window 12-20)
2025.10.20 10:45:00;VETO;authorization denied: outside session window (server hour 10, window 12-20)
2025.10.20 11:00:00;VETO;authorization denied: outside session window (server hour 11, window 12-20)
2025.10.20 14:45:00;VETO;signal rejected: volume: relVol 0.98 < 1.00
2025.10.20 18:00:00;VETO;signal rejected: volume: relVol 0.97 < 1.00
2025.10.20 21:30:00;VETO;signal rejected: volume: relVol 0.91 < 1.00
2025.10.21 04:30:00;DECISION;setup SHORT score=0.65 entry=4353.39 inv=4375.40 tgt=0.00 AWAIT-RETEST [CHoCH short lvl=4355.92|RelVol=1.04|Retest@4353.39|VPnode d=6.61|VWAPside]
2025.10.21 05:30:00;VETO;authorization denied: outside session window (server hour 05, window 12-20)
2025.10.21 05:45:00;VETO;authorization denied: outside session window (server hour 05, window 12-20)
2025.10.21 06:00:00;VETO;authorization denied: outside session window (server hour 06, window 12-20)
2025.10.21 06:15:00;VETO;authorization denied: outside session window (server hour 06, window 12-20)
2025.10.21 08:15:00;DECISION;setup SHORT score=0.75 entry=4334.48 inv=4350.57 tgt=0.00 [BOS short lvl=4335.09|RelVol=1.13|VPnode d=1.48|VWAPside|ADX=39]
2025.10.21 08:15:00;VETO;authorization denied: outside session window (server hour 08, window 12-20)
2025.10.21 08:30:00;VETO;authorization denied: outside session window (server hour 08, window 12-20)
2025.10.21 08:45:00;VETO;authorization denied: outside session window (server hour 08, window 12-20)
2025.10.21 09:00:00;VETO;authorization denied: outside session window (server hour 09, window 12-20)
2025.10.21 10:45:00;VETO;outlier bar masked, z=4.2
2025.10.21 11:15:00;VETO;outlier bar masked, z=9.1
2025.10.21 15:15:00;VETO;outlier bar masked, z=5.4
2025.10.21 16:45:00;VETO;outlier bar masked, z=3.8
2025.10.21 17:00:00;VETO;outlier bar masked, z=5.0
2025.10.21 17:30:00;VETO;outlier bar masked, z=6.2
2025.10.21 17:45:00;VETO;outlier bar masked, z=4.4
2025.10.21 18:00:00;VETO;outlier bar masked, z=7.6
2025.10.21 23:45:00;VETO;signal rejected: score 0.30 < 0.55 [CHoCH long lvl=4125.68|RelVol=1.36|Retest@4128.87]
2025.10.22 03:00:00;VETO;outlier bar masked, z=3.6
2025.10.22 03:15:00;VETO;outlier bar masked, z=12.0
2025.10.22 03:45:00;VETO;outlier bar masked, z=4.5
2025.10.22 04:15:00;VETO;outlier bar masked, z=6.1
2025.10.22 06:45:00;DECISION;setup LONG score=0.65 entry=4125.32 inv=4004.22 tgt=0.00 AWAIT-RETEST [CHoCH long lvl=4120.63|RelVol=1.15|Retest@4125.32|VPnode d=0.22|VWAPside]
2025.10.22 07:15:00;VETO;authorization denied: outside session window (server hour 07, window 12-20)
2025.10.22 07:30:00;VETO;authorization denied: outside session window (server hour 07, window 12-20)
2025.10.22 07:45:00;VETO;authorization denied: outside session window (server hour 07, window 12-20)
2025.10.22 08:00:00;VETO;authorization denied: outside session window (server hour 08, window 12-20)
2025.10.22 09:45:00;VETO;signal rejected: volume: relVol 0.99 < 1.00
2025.10.22 11:15:00;VETO;outlier bar masked, z=4.7
2025.10.22 11:30:00;VETO;outlier bar masked, z=4.9
2025.10.22 13:45:00;VETO;signal rejected: score 0.40 < 0.55 [BOS short lvl=4059.97|RelVol=1.25|VWAPside]
2025.10.22 18:00:00;DECISION;setup SHORT score=0.60 entry=4015.29 inv=4085.23 tgt=0.00 [BOS short lvl=4022.96|RelVol=1.06|VWAPside|CycleTurn w=0.89<-0.98]
2025.10.22 18:00:00;DECISION;TP capped 140.50000 -> 105.37500 (3.0xATR)
2025.10.22 18:00:00;ORDER;filled SELL 0.01 lots sl=4085.23 tp=3909.61 [WT|BOS|0.60]
2025.10.22 18:00:00;RISK;sizing: vol_ratio=1.08 scalar=1.00 gap_buf=11.28750 eff_stop=81.53750
2025.10.22 18:00:00;ORDER;entry fill deal #145 SELL 0.01 @ 4014.98000
2025.10.22 21:00:00;VETO;signal rejected: score 0.40 < 0.55 [CHoCH long lvl=4064.09|RelVol=1.12|Retest@4068.87|VPnear]
2025.10.22 22:03:46;RISK;deal closed pnl=-70.59 streak=1 lock=0
2025.10.23 02:30:00;DECISION;setup SHORT score=0.85 entry=4085.30 inv=4116.35 tgt=0.00 AWAIT-RETEST [CHoCH short lvl=4088.56|RelVol=1.28|Retest@4085.30|VPnode d=8.30|VWAPside|CycleTurn w=-0.60<-0.40]
2025.10.23 02:45:00;VETO;authorization denied: outside session window (server hour 02, window 12-20)
2025.10.23 03:00:00;VETO;authorization denied: outside session window (server hour 03, window 12-20)
2025.10.23 03:15:00;VETO;authorization denied: outside session window (server hour 03, window 12-20)
2025.10.23 03:30:00;DECISION;setup SHORT score=0.65 entry=4076.05 inv=4116.35 tgt=0.00 [BOS short lvl=4080.77|RelVol=1.19|VPnode d=9.55|VWAPside]
2025.10.23 03:30:00;VETO;authorization denied: outside session window (server hour 03, window 12-20)
2025.10.23 03:45:00;VETO;authorization denied: outside session window (server hour 03, window 12-20)
2025.10.23 04:00:00;VETO;authorization denied: outside session window (server hour 04, window 12-20)
2025.10.23 04:15:00;VETO;authorization denied: outside session window (server hour 04, window 12-20)
2025.10.23 06:30:00;DECISION;setup LONG score=0.85 entry=4095.70 inv=4072.20 tgt=0.00 AWAIT-RETEST [CHoCH long lvl=4092.77|RelVol=1.11|Retest@4095.70|VPnode d=3.10|VWAPside|CycleTurn w=-0.72<--0.95]
2025.10.23 06:45:00;VETO;authorization denied: outside session window (server hour 06, window 12-20)
2025.10.23 07:00:00;VETO;authorization denied: outside session window (server hour 07, window 12-20)
2025.10.23 07:15:00;VETO;authorization denied: outside session window (server hour 07, window 12-20)
2025.10.23 07:30:00;VETO;authorization denied: outside session window (server hour 07, window 12-20)
2025.10.23 09:00:00;VETO;signal rejected: volume: relVol 0.96 < 1.00
2025.10.23 16:00:00;VETO;signal rejected: volume: relVol 0.92 < 1.00
2025.10.23 19:45:00;VETO;signal rejected: volume: relVol 0.91 < 1.00
2025.10.23 22:45:00;VETO;signal rejected: volume: relVol 0.97 < 1.00
2025.10.24 04:15:00;VETO;signal rejected: volume: relVol 0.91 < 1.00
2025.10.24 07:30:00;DECISION;setup SHORT score=0.65 entry=4105.51 inv=4144.14 tgt=0.00 AWAIT-RETEST [CHoCH short lvl=4107.90|RelVol=1.11|Retest@4105.51|VPnode d=2.29|VWAPside]
2025.10.24 07:45:00;VETO;authorization denied: outside session window (server hour 07, window 12-20)
2025.10.24 08:00:00;VETO;authorization denied: outside session window (server hour 08, window 12-20)
2025.10.24 08:15:00;VETO;authorization denied: outside session window (server hour 08, window 12-20)
2025.10.24 08:30:00;VETO;authorization denied: outside session window (server hour 08, window 12-20)
2025.10.24 09:15:00;VETO;outlier bar masked, z=3.8
2025.10.24 11:00:00;VETO;signal rejected: score 0.40 < 0.55 [BOS short lvl=4081.63|RelVol=1.06|Retest@4079.35|VWAPside]
2025.10.24 11:15:00;VETO;outlier bar masked, z=4.7
2025.10.24 14:00:00;VETO;signal rejected: volume: relVol 0.91 < 1.00
2025.10.24 15:45:00;VETO;outlier bar masked, z=6.5
2025.10.24 16:15:00;VETO;outlier bar masked, z=7.6
2025.10.24 16:45:00;VETO;outlier bar masked, z=3.6
2025.10.24 17:15:00;VETO;outlier bar masked, z=6.5
2025.10.24 19:30:00;VETO;signal rejected: volume: relVol 0.93 < 1.00
2025.10.24 23:15:00;VETO;signal rejected: volume: relVol 0.97 < 1.00
2025.10.27 00:15:10;VETO;outlier bar masked, z=12.0
2025.10.27 00:30:00;VETO;signal rejected: score 0.40 < 0.55 [BOS short lvl=4096.44|VPnear]
2025.10.27 00:45:00;VETO;outlier bar masked, z=3.6
2025.10.27 06:15:00;VETO;signal rejected: score 0.50 < 0.55 [BOS short lvl=4065.20|RelVol=1.19|VPnear|VWAPside]
2025.10.27 07:30:00;DECISION;setup LONG score=0.85 entry=4084.25 inv=4053.90 tgt=0.00 AWAIT-RETEST [CHoCH long lvl=4081.79|RelVol=1.09|Retest@4084.25|VPnode d=3.95|VWAPside|CycleTurn w=-0.43<--0.94]
2025.10.27 07:45:00;VETO;authorization denied: outside session window (server hour 07, window 12-20)
2025.10.27 08:00:00;VETO;authorization denied: outside session window (server hour 08, window 12-20)
2025.10.27 08:15:00;VETO;authorization denied: outside session window (server hour 08, window 12-20)
2025.10.27 08:30:00;VETO;authorization denied: outside session window (server hour 08, window 12-20)
2025.10.27 11:00:00;VETO;outlier bar masked, z=7.6
2025.10.27 13:45:00;VETO;signal rejected: score 0.50 < 0.55 [BOS short lvl=4024.12|RelVol=1.19|VWAPside|ADX=59]
2025.10.27 16:15:00;DECISION;setup SHORT score=0.70 entry=4012.25 inv=4049.97 tgt=0.00 AWAIT-RETEST [BOS short lvl=4015.55|RelVol=1.17|Retest@4012.25|VWAPside|CycleTurn w=0.70<-0.95|ADX=37]
2025.10.27 16:15:00;DECISION;TP capped 75.44893 -> 56.58670 (3.0xATR)
2025.10.27 16:15:00;ORDER;limit SELL 0.02 @ 4012.25 sl=4049.97 tp=3955.66 rc=10009 [WT|BOS|0.70|RL]
2025.10.27 16:15:00;RISK;sizing: vol_ratio=1.11 scalar=1.00 gap_buf=6.60893 eff_stop=44.33339
2025.10.27 18:30:00;ORDER;cancelled 1 pending: setup expired/invalidated
2025.10.28 00:00:08;VETO;signal rejected: volume: relVol 0.84 < 1.00
2025.10.28 01:45:01;VETO;signal rejected: score 0.50 < 0.55 [CHoCH long lvl=4000.25|RelVol=1.17|Retest@4002.53|VPnear|VWAPside]
2025.10.28 03:00:00;VETO;signal rejected: score 0.50 < 0.55 [BOS long lvl=4004.47|RelVol=1.07|VPnear|VWAPside]
2025.10.28 06:30:00;VETO;outlier bar masked, z=3.5
2025.10.28 07:45:00;VETO;signal rejected: score 0.40 < 0.55 [BOS short lvl=3963.87|RelVol=1.33|VWAPside]
2025.10.28 12:45:00;VETO;signal rejected: score 0.50 < 0.55 [CHoCH long lvl=3910.80|RelVol=1.16|Retest@3914.08|CycleTurn w=0.33<--0.67]
2025.10.28 15:30:00;DECISION;setup LONG score=0.55 entry=3932.73 inv=3886.62 tgt=0.00 [BOS long lvl=3930.18|RelVol=1.07|VPnode d=7.73]
2025.10.28 15:30:00;DECISION;TP capped 92.64000 -> 69.48000 (3.0xATR)
2025.10.28 15:30:00;ORDER;filled BUY 0.02 lots sl=3886.62 tp=4002.42 [WT|BOS|0.55]
2025.10.28 15:30:00;RISK;sizing: vol_ratio=0.99 scalar=1.00 gap_buf=5.64857 eff_stop=51.96857
2025.10.28 15:30:00;ORDER;entry fill deal #147 BUY 0.02 @ 3932.94000
2025.10.29 00:15:00;VETO;outlier bar masked, z=8.2
2025.10.29 02:00:00;DECISION;setup LONG score=0.70 entry=3963.14 inv=3916.15 tgt=0.00 AWAIT-RETEST [CHoCH long lvl=3960.71|RelVol=1.40|Retest@3963.14|VPnear|VWAPside|CycleTurn w=-0.60<--0.92]
2025.10.29 02:15:00;VETO;authorization denied: outside session window (server hour 02, window 12-20)
2025.10.29 02:30:00;VETO;authorization denied: outside session window (server hour 02, window 12-20)
2025.10.29 02:41:19;MANAGE;#153 SL 3886.62 -> 3933.11 breakeven
2025.10.29 02:41:19;MANAGE;#153 partial close 0.01 of 0.02 lots
2025.10.29 02:41:19;RISK;deal closed pnl=46.30 streak=0 lock=0
2025.10.29 02:41:20;MANAGE;#153 SL 3933.11 -> 3953.43 trail
2025.10.29 02:41:23;MANAGE;#153 SL 3953.43 -> 3953.59 trail
2025.10.29 02:41:24;MANAGE;#153 SL 3953.59 -> 3953.73 trail
2025.10.29 02:41:36;MANAGE;#153 SL 3953.73 -> 3953.84 trail
2025.10.29 02:41:37;MANAGE;#153 SL 3953.84 -> 3954.10 trail
2025.10.29 02:41:50;MANAGE;#153 SL 3954.10 -> 3954.23 trail
2025.10.29 02:41:56;MANAGE;#153 SL 3954.23 -> 3954.34 trail
2025.10.29 02:41:58;MANAGE;#153 SL 3954.34 -> 3954.45 trail
2025.10.29 02:43:09;MANAGE;#153 SL 3954.45 -> 3954.67 trail
2025.10.29 02:43:20;MANAGE;#153 SL 3954.67 -> 3954.98 trail
2025.10.29 02:43:22;MANAGE;#153 SL 3954.98 -> 3955.10 trail
2025.10.29 02:43:25;MANAGE;#153 SL 3955.10 -> 3955.43 trail
2025.10.29 02:43:25;MANAGE;#153 SL 3955.43 -> 3955.59 trail
2025.10.29 02:43:30;MANAGE;#153 SL 3955.59 -> 3956.12 trail
2025.10.29 02:45:00;VETO;authorization denied: outside session window (server hour 02, window 12-20)
2025.10.29 03:00:00;VETO;authorization denied: outside session window (server hour 03, window 12-20)
2025.10.29 04:32:47;RISK;deal closed pnl=22.79 streak=0 lock=0
2025.10.29 08:45:00;DECISION;setup LONG score=0.65 entry=3974.54 inv=3950.76 tgt=0.00 AWAIT-RETEST [BOS long lvl=3972.16|RelVol=1.03|Retest@3974.54|VPnode d=2.06|VWAPside]
2025.10.29 09:00:00;VETO;authorization denied: outside session window (server hour 09, window 12-20)
2025.10.29 09:15:00;VETO;authorization denied: outside session window (server hour 09, window 12-20)
2025.10.29 09:30:00;VETO;authorization denied: outside session window (server hour 09, window 12-20)
2025.10.29 09:45:00;VETO;authorization denied: outside session window (server hour 09, window 12-20)
2025.10.29 15:15:00;DECISION;setup SHORT score=0.55 entry=4011.39 inv=4030.22 tgt=0.00 AWAIT-RETEST [CHoCH short lvl=4013.50|RelVol=1.10|Retest@4011.39|VPnode d=6.11]
2025.10.29 15:15:00;DECISION;TP capped 37.65500 -> 28.24125 (3.0xATR)
2025.10.29 15:15:00;ERROR;limit SELL 0.04 @ 4011.39 sl=4030.22 tp=3983.15 rc=10015 [WT|CHOCH|0.55|RL]
2025.10.29 15:30:00;ORDER;filled SELL 0.07 lots sl=4030.22 tp=3998.06 [WT|CHOCH|0.55]
2025.10.29 15:30:00;RISK;sizing: vol_ratio=0.83 scalar=1.00 gap_buf=4.12107 eff_stop=14.84107
2025.10.29 15:30:00;ORDER;entry fill deal #150 SELL 0.07 @ 4019.50000
2025.10.29 15:37:10;MANAGE;#156 SL 4030.22 -> 4019.32 breakeven
2025.10.29 15:37:10;MANAGE;#156 partial close 0.03 of 0.07 lots
2025.10.29 15:37:10;RISK;deal closed pnl=32.22 streak=0 lock=0
2025.10.29 16:03:56;RISK;deal closed pnl=0.12 streak=0 lock=0
2025.10.29 18:00:00;VETO;signal rejected: score 0.40 < 0.55 [BOS short lvl=4002.58|RelVol=1.01|Retest@4000.15|ADX=35]
2025.10.29 19:30:00;VETO;signal rejected: volume: relVol 0.94 < 1.00
2025.10.29 20:15:00;VETO;outlier bar masked, z=8.0
2025.10.29 20:45:00;VETO;outlier bar masked, z=15.9
2025.10.29 21:00:00;VETO;outlier bar masked, z=6.8
2025.10.29 21:15:00;VETO;outlier bar masked, z=6.9
2025.10.29 21:30:00;VETO;outlier bar masked, z=5.7
2025.10.29 21:45:00;VETO;outlier bar masked, z=6.9
2025.10.29 22:00:00;VETO;outlier bar masked, z=4.5
2025.10.30 00:15:00;VETO;outlier bar masked, z=4.8
2025.10.30 04:15:00;VETO;signal rejected: volume: relVol 0.96 < 1.00
2025.10.30 06:45:00;VETO;outlier bar masked, z=3.6
2025.10.30 11:15:00;VETO;outlier bar masked, z=4.2
2025.10.30 15:00:00;VETO;signal rejected: score 0.50 < 0.55 [CHoCH short lvl=3963.78|RelVol=1.08|Retest@3960.98|VPnear|VWAPside]
2025.10.30 16:00:00;DECISION;setup LONG score=0.85 entry=3988.20 inv=3959.93 tgt=0.00 AWAIT-RETEST [CHoCH long lvl=3985.04|RelVol=1.04|Retest@3988.20|VPnode d=3.80|VWAPside|CycleTurn w=-0.95<--0.99]
2025.10.30 16:00:00;DECISION;TP capped 56.54071 -> 42.40554 (3.0xATR)
2025.10.30 16:00:00;ORDER;limit BUY 0.03 @ 3988.20 sl=3959.93 tp=4030.61 rc=10009 [WT|CHOCH|0.85|RL]
2025.10.30 16:00:00;RISK;sizing: vol_ratio=0.98 scalar=1.00 gap_buf=6.32071 eff_stop=34.59107
2025.10.30 16:42:50;ORDER;entry fill deal #153 BUY 0.03 @ 3988.05000
2025.10.30 19:45:00;VETO;signal rejected: volume: relVol 0.88 < 1.00
2025.10.30 19:47:16;MANAGE;#159 SL 3959.93 -> 3988.22 breakeven
2025.10.30 19:47:16;MANAGE;#159 partial close 0.01 of 0.03 lots
2025.10.30 19:47:16;RISK;deal closed pnl=28.33 streak=0 lock=0
2025.10.30 19:47:18;MANAGE;#159 SL 3988.22 -> 3996.57 trail
2025.10.30 19:47:22;MANAGE;#159 SL 3996.57 -> 3996.68 trail
2025.10.30 19:47:25;MANAGE;#159 SL 3996.68 -> 3997.35 trail
2025.10.30 19:47:27;MANAGE;#159 SL 3997.35 -> 3997.47 trail
2025.10.30 19:47:30;MANAGE;#159 SL 3997.47 -> 3997.57 trail
2025.10.30 19:48:12;MANAGE;#159 SL 3997.57 -> 3997.74 trail
2025.10.30 19:48:14;MANAGE;#159 SL 3997.74 -> 3997.91 trail
2025.10.30 19:48:15;MANAGE;#159 SL 3997.91 -> 3998.05 trail
2025.10.30 20:31:36;MANAGE;#159 SL 3998.05 -> 3998.27 trail
2025.10.30 20:35:45;MANAGE;#159 SL 3998.27 -> 3998.38 trail
2025.10.30 20:36:02;MANAGE;#159 SL 3998.38 -> 3998.50 trail
2025.10.30 20:36:21;MANAGE;#159 SL 3998.50 -> 3998.78 trail
2025.10.30 20:36:22;MANAGE;#159 SL 3998.78 -> 3999.03 trail
2025.10.30 20:36:24;MANAGE;#159 SL 3999.03 -> 3999.25 trail
2025.10.30 20:36:24;MANAGE;#159 SL 3999.25 -> 3999.44 trail
2025.10.30 20:55:36;MANAGE;#159 SL 3999.44 -> 3999.64 trail
2025.10.30 20:56:12;MANAGE;#159 SL 3999.64 -> 3999.77 trail
2025.10.30 20:56:15;MANAGE;#159 SL 3999.77 -> 3999.96 trail
2025.10.30 20:56:16;MANAGE;#159 SL 3999.96 -> 4000.15 trail
2025.10.30 20:56:17;MANAGE;#159 SL 4000.15 -> 4000.26 trail
2025.10.30 20:56:17;MANAGE;#159 SL 4000.26 -> 4000.61 trail
2025.10.30 21:00:10;MANAGE;#159 SL 4000.61 -> 4000.74 trail
2025.10.30 21:00:14;MANAGE;#159 SL 4000.74 -> 4000.90 trail
2025.10.30 21:00:28;MANAGE;#159 SL 4000.90 -> 4001.17 trail
2025.10.30 21:00:29;MANAGE;#159 SL 4001.17 -> 4001.41 trail
2025.10.30 21:04:04;MANAGE;#159 SL 4001.41 -> 4001.87 trail
2025.10.30 21:04:05;MANAGE;#159 SL 4001.87 -> 4001.99 trail
2025.10.30 21:04:05;MANAGE;#159 SL 4001.99 -> 4002.23 trail
2025.10.30 21:04:08;MANAGE;#159 SL 4002.23 -> 4002.41 trail
2025.10.30 21:04:14;MANAGE;#159 SL 4002.41 -> 4003.15 trail
2025.10.30 21:04:15;MANAGE;#159 SL 4003.15 -> 4003.36 trail
2025.10.30 21:04:16;MANAGE;#159 SL 4003.36 -> 4003.48 trail
2025.10.30 21:04:23;MANAGE;#159 SL 4003.48 -> 4003.71 trail
2025.10.30 21:04:25;MANAGE;#159 SL 4003.71 -> 4003.87 trail
2025.10.30 21:04:25;MANAGE;#159 SL 4003.87 -> 4003.98 trail
2025.10.30 21:04:26;MANAGE;#159 SL 4003.98 -> 4004.15 trail
2025.10.30 21:04:31;MANAGE;#159 SL 4004.15 -> 4004.40 trail
2025.10.30 21:04:37;MANAGE;#159 SL 4004.40 -> 4004.51 trail
2025.10.30 21:04:49;MANAGE;#159 SL 4004.51 -> 4004.63 trail
2025.10.30 21:04:51;MANAGE;#159 SL 4004.63 -> 4004.94 trail
2025.10.30 21:05:40;MANAGE;#159 SL 4004.94 -> 4005.32 trail
2025.10.30 21:05:44;MANAGE;#159 SL 4005.32 -> 4005.60 trail
2025.10.30 21:05:47;MANAGE;#159 SL 4005.60 -> 4005.88 trail
2025.10.30 21:05:49;MANAGE;#159 SL 4005.88 -> 4006.07 trail
2025.10.30 21:05:49;MANAGE;#159 SL 4006.07 -> 4006.34 trail
2025.10.30 21:05:50;MANAGE;#159 SL 4006.34 -> 4006.54 trail
2025.10.30 21:05:59;MANAGE;#159 SL 4006.54 -> 4007.00 trail
2025.10.30 21:06:48;MANAGE;#159 SL 4007.00 -> 4007.34 trail
2025.10.30 21:06:49;MANAGE;#159 SL 4007.34 -> 4007.64 trail
2025.10.30 21:06:51;MANAGE;#159 SL 4007.64 -> 4007.77 trail
2025.10.30 21:09:24;MANAGE;#159 SL 4007.77 -> 4008.06 trail
2025.10.30 21:09:51;MANAGE;#159 SL 4008.06 -> 4008.18 trail
2025.10.30 21:10:09;MANAGE;#159 SL 4008.18 -> 4008.31 trail
2025.10.30 21:10:12;MANAGE;#159 SL 4008.31 -> 4008.53 trail
2025.10.30 21:10:16;MANAGE;#159 SL 4008.53 -> 4008.64 trail
2025.10.30 21:15:00;VETO;signal rejected: score 0.40 < 0.55 [BOS long lvl=4017.82|RelVol=1.01|Retest@4020.01|VWAPside]
2025.10.30 21:52:38;MANAGE;#159 SL 4008.64 -> 4008.74 trail
2025.10.30 22:01:32;MANAGE;#159 SL 4008.74 -> 4008.84 trail
2025.10.30 22:02:45;MANAGE;#159 SL 4008.84 -> 4009.75 trail
2025.10.30 22:02:45;MANAGE;#159 SL 4009.75 -> 4009.96 trail
2025.10.30 22:02:47;MANAGE;#159 SL 4009.96 -> 4010.07 trail
2025.10.30 22:02:47;MANAGE;#159 SL 4010.07 -> 4010.33 trail
2025.10.30 22:02:49;MANAGE;#159 SL 4010.33 -> 4010.47 trail
2025.10.30 22:02:51;MANAGE;#159 SL 4010.47 -> 4010.60 trail
2025.10.30 22:51:03;MANAGE;#159 SL 4010.60 -> 4010.75 trail
2025.10.30 22:52:48;MANAGE;#159 SL 4010.75 -> 4011.00 trail
2025.10.30 22:53:50;MANAGE;#159 SL 4011.00 -> 4011.20 trail
2025.10.30 22:53:56;MANAGE;#159 SL 4011.20 -> 4011.33 trail
2025.10.31 00:00:18;RISK;deal closed pnl=45.95 streak=0 lock=0
2025.10.31 01:00:00;DECISION;setup LONG score=0.85 entry=4029.44 inv=4009.81 tgt=0.00 AWAIT-RETEST [BOS long lvl=4027.32|Retest@4029.44|VPnode d=2.24|VWAPside|CycleTurn w=-0.96<--0.97]
2025.10.31 01:15:00;VETO;authorization denied: outside session window (server hour 01, window 12-20)
2025.10.31 01:30:00;VETO;authorization denied: outside session window (server hour 01, window 12-20)
2025.10.31 01:45:00;VETO;authorization denied: outside session window (server hour 01, window 12-20)
2025.10.31 02:00:00;VETO;authorization denied: outside session window (server hour 02, window 12-20)
2025.10.31 04:15:00;VETO;signal rejected: volume: relVol 0.94 < 1.00
2025.10.31 09:00:00;VETO;signal rejected: volume: relVol 0.89 < 1.00
2025.10.31 14:30:00;DECISION;setup LONG score=0.70 entry=4019.52 inv=4001.70 tgt=0.00 [BOS long lvl=4016.72|RelVol=1.06|VPnear|VWAPside|CycleTurn w=-0.19<--0.90]
2025.10.31 14:30:00;DECISION;TP capped 36.00000 -> 27.00000 (3.0xATR)
2025.10.31 14:30:00;ORDER;filled BUY 0.05 lots sl=4001.70 tp=4046.70 [WT|BOS|0.70]
2025.10.31 14:30:00;RISK;sizing: vol_ratio=0.73 scalar=1.00 gap_buf=3.59107 eff_stop=21.59107
2025.10.31 14:30:00;ORDER;entry fill deal #156 BUY 0.05 @ 4019.70000
2025.10.31 18:09:34;RISK;deal closed pnl=-94.20 streak=1 lock=0
2025.10.31 18:15:00;VETO;outlier bar masked, z=9.3
2025.10.31 19:45:00;VETO;outlier bar masked, z=3.5
2025.11.03 01:45:00;DECISION;setup SHORT score=0.85 entry=3989.30 inv=4006.61 tgt=0.00 AWAIT-RETEST [BOS short lvl=3991.31|RelVol=1.03|Retest@3989.30|VPnode d=0.90|VWAPside|CycleTurn w=0.33<-0.94]
2025.11.03 02:15:00;VETO;outlier bar masked, z=3.6
2025.11.03 03:15:00;VETO;outlier bar masked, z=4.4
2025.11.03 03:30:00;VETO;authorization denied: outside session window (server hour 03, window 12-20)
2025.11.03 03:45:00;VETO;authorization denied: outside session window (server hour 03, window 12-20)
2025.11.03 04:00:00;VETO;authorization denied: outside session window (server hour 04, window 12-20)
2025.11.03 04:15:00;VETO;authorization denied: outside session window (server hour 04, window 12-20)
2025.11.03 05:15:00;VETO;signal rejected: volume: relVol 0.98 < 1.00
2025.11.03 09:30:00;VETO;signal rejected: volume: relVol 0.78 < 1.00
2025.11.03 11:30:00;VETO;signal rejected: score 0.40 < 0.55 [CHoCH short lvl=4011.24|RelVol=1.01|Retest@4009.31|VPnear]
2025.11.03 17:15:00;VETO;signal rejected: volume: relVol 0.97 < 1.00
2025.11.03 18:30:00;VETO;signal rejected: volume: relVol 0.96 < 1.00
2025.11.03 22:15:00;VETO;signal rejected: volume: relVol 0.93 < 1.00
2025.11.04 01:15:00;VETO;outlier bar masked, z=4.6
2025.11.04 02:45:00;VETO;signal rejected: score 0.50 < 0.55 [BOS short lvl=3980.98|RelVol=1.16|VWAPside|ADX=40]
2025.11.04 04:15:01;VETO;signal rejected: volume: relVol 0.89 < 1.00
2025.11.04 06:00:00;VETO;signal rejected: volume: relVol 0.95 < 1.00
2025.11.04 08:00:00;DECISION;setup SHORT score=0.70 entry=3973.68 inv=3999.38 tgt=0.00 AWAIT-RETEST [CHoCH short lvl=3975.51|RelVol=1.20|Retest@3973.68|VPnear|VWAPside|CycleTurn w=-0.78<--0.09]
2025.11.04 08:15:00;VETO;authorization denied: outside session window (server hour 08, window 12-20)
2025.11.04 08:30:00;VETO;authorization denied: outside session window (server hour 08, window 12-20)
2025.11.04 08:45:00;VETO;authorization denied: outside session window (server hour 08, window 12-20)
2025.11.04 09:00:00;VETO;authorization denied: outside session window (server hour 09, window 12-20)
2025.11.04 10:30:00;VETO;signal rejected: volume: relVol 0.96 < 1.00
2025.11.04 15:00:00;VETO;signal rejected: volume: relVol 0.96 < 1.00
2025.11.04 16:30:00;VETO;outlier bar masked, z=5.8
2025.11.04 16:45:00;VETO;outlier bar masked, z=5.7
2025.11.04 17:00:00;VETO;outlier bar masked, z=6.1
2025.11.04 20:45:00;VETO;outlier bar masked, z=3.5
2025.11.04 23:45:00;VETO;signal rejected: volume: relVol 0.66 < 1.00
2025.11.05 03:30:00;VETO;signal rejected: volume: relVol 0.97 < 1.00
2025.11.05 05:15:01;VETO;signal rejected: volume: relVol 0.91 < 1.00
2025.11.05 10:15:00;VETO;signal rejected: volume: relVol 0.98 < 1.00
2025.11.05 19:00:00;VETO;signal rejected: volume: relVol 0.89 < 1.00
2025.11.05 21:45:00;VETO;signal rejected: volume: relVol 0.84 < 1.00
2025.11.06 01:00:08;VETO;signal rejected: volume: relVol 0.61 < 1.00
2025.11.06 01:15:00;VETO;outlier bar masked, z=4.7
2025.11.06 04:15:00;VETO;signal rejected: volume: relVol 0.79 < 1.00
2025.11.06 09:00:00;VETO;signal rejected: volume: relVol 0.90 < 1.00
2025.11.06 14:00:00;VETO;signal rejected: volume: relVol 0.88 < 1.00
2025.11.06 16:30:00;VETO;outlier bar masked, z=7.2
2025.11.06 17:15:00;VETO;outlier bar masked, z=4.6
2025.11.06 19:30:00;VETO;outlier bar masked, z=3.7
2025.11.06 19:45:00;VETO;outlier bar masked, z=4.2
2025.11.07 03:15:00;VETO;signal rejected: volume: relVol 0.98 < 1.00
2025.11.07 08:45:00;VETO;signal rejected: volume: relVol 0.90 < 1.00
2025.11.07 11:15:00;VETO;signal rejected: volume: relVol 0.77 < 1.00
2025.11.07 16:45:00;VETO;outlier bar masked, z=4.8
2025.11.07 18:30:00;VETO;signal rejected: volume: relVol 0.98 < 1.00
2025.11.07 18:45:00;VETO;outlier bar masked, z=5.5
2025.11.07 19:00:00;VETO;outlier bar masked, z=3.8
2025.11.10 01:15:00;DECISION;setup LONG score=0.85 entry=4010.75 inv=3994.18 tgt=0.00 [BOS long lvl=4008.88|RelVol=1.15|VPnode d=0.05|VWAPside|CycleTurn w=-0.96<--1.00]
2025.11.10 01:15:00;VETO;authorization denied: outside session window (server hour 01, window 12-20)
2025.11.10 01:30:00;VETO;authorization denied: outside session window (server hour 01, window 12-20)
2025.11.10 01:45:00;VETO;authorization denied: outside session window (server hour 01, window 12-20)
2025.11.10 02:00:00;VETO;authorization denied: outside session window (server hour 02, window 12-20)
2025.11.10 03:30:00;VETO;outlier bar masked, z=8.8
2025.11.10 06:15:00;DECISION;setup LONG score=0.75 entry=4056.21 inv=3997.76 tgt=0.00 [BOS long lvl=4053.31|RelVol=1.04|VPnode d=0.59|VWAPside|ADX=33]
2025.11.10 06:15:00;VETO;authorization denied: outside session window (server hour 06, window 12-20)
2025.11.10 06:30:00;VETO;authorization denied: outside session window (server hour 06, window 12-20)
2025.11.10 06:45:00;VETO;authorization denied: outside session window (server hour 06, window 12-20)
2025.11.10 07:00:00;VETO;authorization denied: outside session window (server hour 07, window 12-20)
2025.11.10 07:45:00;DECISION;setup LONG score=0.65 entry=4058.17 inv=4049.85 tgt=0.00 AWAIT-RETEST [BOS long lvl=4056.80|RelVol=1.27|Retest@4058.17|VPnode d=1.37|VWAPside]
2025.11.10 14:00:00;VETO;signal rejected: volume: relVol 0.90 < 1.00
2025.11.10 19:00:00;DECISION;setup LONG score=0.70 entry=4094.90 inv=4078.16 tgt=0.00 [BOS long lvl=4094.23|RelVol=1.02|VPnear|VWAPside|CycleTurn w=-0.92<--0.95]
2025.11.10 19:00:00;DECISION;TP capped 34.12000 -> 25.59000 (3.0xATR)
2025.11.10 19:00:00;ORDER;filled BUY 0.05 lots sl=4078.16 tp=4120.81 [WT|BOS|0.70]
2025.11.10 19:00:00;RISK;sizing: vol_ratio=1.11 scalar=1.00 gap_buf=3.95857 eff_stop=21.01857
2025.11.10 19:00:00;ORDER;entry fill deal #158 BUY 0.05 @ 4095.22000
2025.11.10 20:27:31;MANAGE;#164 SL 4078.16 -> 4095.45 breakeven
2025.11.10 20:27:31;MANAGE;#164 partial close 0.02 of 0.05 lots
2025.11.10 20:27:31;RISK;deal closed pnl=34.28 streak=0 lock=0
2025.11.10 20:27:31;MANAGE;#164 SL 4095.45 -> 4099.43 trail
2025.11.10 20:27:32;MANAGE;#164 SL 4099.43 -> 4099.79 trail
2025.11.10 20:27:38;MANAGE;#164 SL 4099.79 -> 4099.94 trail
2025.11.10 20:27:55;MANAGE;#164 SL 4099.94 -> 4100.04 trail
2025.11.10 20:27:56;MANAGE;#164 SL 4100.04 -> 4100.14 trail
2025.11.10 20:27:58;MANAGE;#164 SL 4100.14 -> 4100.24 trail
2025.11.10 20:29:01;MANAGE;#164 SL 4100.24 -> 4100.42 trail
2025.11.10 20:29:15;MANAGE;#164 SL 4100.42 -> 4100.71 trail
2025.11.10 20:29:19;MANAGE;#164 SL 4100.71 -> 4101.06 trail
2025.11.10 20:29:35;MANAGE;#164 SL 4101.06 -> 4101.17 trail
2025.11.10 20:29:35;MANAGE;#164 SL 4101.17 -> 4101.33 trail
2025.11.10 20:30:44;MANAGE;#164 SL 4101.33 -> 4101.54 trail
2025.11.10 20:30:47;MANAGE;#164 SL 4101.54 -> 4101.67 trail
2025.11.10 20:30:47;MANAGE;#164 SL 4101.67 -> 4101.77 trail
2025.11.10 20:31:49;MANAGE;#164 SL 4101.77 -> 4101.88 trail
2025.11.10 20:32:01;MANAGE;#164 SL 4101.88 -> 4101.99 trail
2025.11.10 20:32:02;MANAGE;#164 SL 4101.99 -> 4102.10 trail
2025.11.10 20:32:09;MANAGE;#164 SL 4102.10 -> 4102.36 trail
2025.11.10 20:32:17;MANAGE;#164 SL 4102.36 -> 4102.47 trail
2025.11.10 20:32:26;MANAGE;#164 SL 4102.47 -> 4102.63 trail
2025.11.10 21:28:29;MANAGE;#164 SL 4102.63 -> 4102.73 trail
2025.11.10 21:29:17;MANAGE;#164 SL 4102.73 -> 4102.95 trail
2025.11.10 21:29:21;MANAGE;#164 SL 4102.95 -> 4103.07 trail
2025.11.10 23:22:34;ERROR;modify #164 sl=4103.34 tp=4120.81 rejected rc=10018
2025.11.10 23:23:04;ERROR;modify #164 sl=4103.44 tp=4120.81 rejected rc=10018
2025.11.10 23:23:34;ERROR;modify #164 sl=4103.32 tp=4120.81 rejected rc=10018
2025.11.10 23:24:10;ERROR;modify #164 sl=4103.21 tp=4120.81 rejected rc=10018
2025.11.10 23:24:46;ERROR;modify #164 sl=4103.53 tp=4120.81 rejected rc=10018
2025.11.10 23:25:18;ERROR;modify #164 sl=4103.31 tp=4120.81 rejected rc=10018
2025.11.10 23:25:48;ERROR;modify #164 sl=4103.24 tp=4120.81 rejected rc=10018
2025.11.10 23:36:24;ERROR;modify #164 sl=4103.25 tp=4120.81 rejected rc=10018
2025.11.10 23:36:54;ERROR;modify #164 sl=4103.19 tp=4120.81 rejected rc=10018
2025.11.10 23:37:24;ERROR;modify #164 sl=4103.22 tp=4120.81 rejected rc=10018
2025.11.10 23:39:56;ERROR;modify #164 sl=4103.21 tp=4120.81 rejected rc=10018
2025.11.10 23:41:01;ERROR;modify #164 sl=4103.18 tp=4120.81 rejected rc=10018
2025.11.10 23:41:57;ERROR;modify #164 sl=4103.17 tp=4120.81 rejected rc=10018
2025.11.10 23:42:27;ERROR;modify #164 sl=4103.26 tp=4120.81 rejected rc=10018
2025.11.10 23:42:58;ERROR;modify #164 sl=4103.32 tp=4120.81 rejected rc=10018
2025.11.10 23:43:28;ERROR;modify #164 sl=4103.36 tp=4120.81 rejected rc=10018
2025.11.10 23:44:00;ERROR;modify #164 sl=4103.35 tp=4120.81 rejected rc=10018
2025.11.10 23:44:33;ERROR;modify #164 sl=4103.69 tp=4120.81 rejected rc=10018
2025.11.10 23:45:03;ERROR;modify #164 sl=4103.41 tp=4120.81 rejected rc=10018
2025.11.10 23:45:34;ERROR;modify #164 sl=4103.73 tp=4120.81 rejected rc=10018
2025.11.10 23:46:04;ERROR;modify #164 sl=4104.32 tp=4120.81 rejected rc=10018
2025.11.10 23:46:36;ERROR;modify #164 sl=4104.77 tp=4120.81 rejected rc=10018
2025.11.10 23:47:06;ERROR;modify #164 sl=4104.99 tp=4120.81 rejected rc=10018
2025.11.10 23:47:36;ERROR;modify #164 sl=4104.71 tp=4120.81 rejected rc=10018
2025.11.10 23:48:06;ERROR;modify #164 sl=4104.77 tp=4120.81 rejected rc=10018
2025.11.10 23:48:36;ERROR;modify #164 sl=4105.25 tp=4120.81 rejected rc=10018
2025.11.10 23:49:07;ERROR;modify #164 sl=4105.50 tp=4120.81 rejected rc=10018
2025.11.10 23:49:38;ERROR;modify #164 sl=4105.26 tp=4120.81 rejected rc=10018
2025.11.10 23:50:08;ERROR;modify #164 sl=4105.61 tp=4120.81 rejected rc=10018
2025.11.10 23:50:38;ERROR;modify #164 sl=4104.68 tp=4120.81 rejected rc=10018
2025.11.10 23:51:11;ERROR;modify #164 sl=4104.69 tp=4120.81 rejected rc=10018
2025.11.10 23:51:42;ERROR;modify #164 sl=4105.73 tp=4120.81 rejected rc=10018
2025.11.10 23:52:12;ERROR;modify #164 sl=4105.77 tp=4120.81 rejected rc=10018
2025.11.10 23:52:42;ERROR;modify #164 sl=4106.14 tp=4120.81 rejected rc=10018
2025.11.10 23:53:13;ERROR;modify #164 sl=4105.87 tp=4120.81 rejected rc=10018
2025.11.10 23:53:43;ERROR;modify #164 sl=4106.34 tp=4120.81 rejected rc=10018
2025.11.10 23:54:13;ERROR;modify #164 sl=4106.07 tp=4120.81 rejected rc=10018
2025.11.10 23:54:46;ERROR;modify #164 sl=4105.99 tp=4120.81 rejected rc=10018
2025.11.10 23:55:35;ERROR;modify #164 sl=4104.68 tp=4120.81 rejected rc=10018
2025.11.10 23:56:06;ERROR;modify #164 sl=4105.34 tp=4120.81 rejected rc=10018
2025.11.10 23:56:38;ERROR;modify #164 sl=4105.30 tp=4120.81 rejected rc=10018
2025.11.10 23:57:11;ERROR;modify #164 sl=4104.96 tp=4120.81 rejected rc=10018
2025.11.10 23:57:41;ERROR;modify #164 sl=4105.13 tp=4120.81 rejected rc=10018
2025.11.10 23:58:11;ERROR;modify #164 sl=4105.18 tp=4120.81 rejected rc=10018
2025.11.10 23:58:45;ERROR;modify #164 sl=4105.30 tp=4120.81 rejected rc=10018
2025.11.11 01:00:20;MANAGE;#164 SL 4103.07 -> 4106.24 trail
2025.11.11 01:00:45;MANAGE;#164 SL 4106.24 -> 4106.93 trail
2025.11.11 01:00:48;MANAGE;#164 SL 4106.93 -> 4107.15 trail
2025.11.11 01:00:48;MANAGE;#164 SL 4107.15 -> 4107.38 trail
2025.11.11 01:00:50;MANAGE;#164 SL 4107.38 -> 4107.53 trail
2025.11.11 01:01:01;MANAGE;#164 SL 4107.53 -> 4107.64 trail
2025.11.11 01:01:02;MANAGE;#164 SL 4107.64 -> 4107.75 trail
2025.11.11 01:02:51;MANAGE;#164 SL 4107.75 -> 4107.86 trail
2025.11.11 01:02:59;MANAGE;#164 SL 4107.86 -> 4107.97 trail
2025.11.11 01:06:22;MANAGE;#164 SL 4107.97 -> 4108.24 trail
2025.11.11 01:06:27;MANAGE;#164 SL 4108.24 -> 4108.57 trail
2025.11.11 01:07:06;MANAGE;#164 SL 4108.57 -> 4108.71 trail
2025.11.11 01:07:41;MANAGE;#164 SL 4108.71 -> 4109.05 trail
2025.11.11 01:07:41;MANAGE;#164 SL 4109.05 -> 4109.26 trail
2025.11.11 01:08:05;MANAGE;#164 SL 4109.26 -> 4109.47 trail
2025.11.11 01:08:09;MANAGE;#164 SL 4109.47 -> 4109.58 trail
2025.11.11 01:08:10;MANAGE;#164 SL 4109.58 -> 4109.70 trail
2025.11.11 01:09:26;MANAGE;#164 SL 4109.70 -> 4109.84 trail
2025.11.11 01:09:27;MANAGE;#164 SL 4109.84 -> 4110.24 trail
2025.11.11 01:09:31;MANAGE;#164 SL 4110.24 -> 4110.35 trail
2025.11.11 01:09:33;MANAGE;#164 SL 4110.35 -> 4110.46 trail
2025.11.11 01:09:35;MANAGE;#164 SL 4110.46 -> 4110.98 trail
2025.11.11 01:10:04;MANAGE;#164 SL 4110.98 -> 4111.17 trail
2025.11.11 01:10:05;MANAGE;#164 SL 4111.17 -> 4111.32 trail
2025.11.11 01:15:00;VETO;signal rejected: volume: relVol 0.73 < 1.00
2025.11.11 01:21:38;MANAGE;#164 SL 4111.32 -> 4111.48 trail
2025.11.11 01:21:43;MANAGE;#164 SL 4111.48 -> 4111.75 trail
2025.11.11 01:22:18;RISK;deal closed pnl=76.93 streak=0 lock=0
2025.11.11 05:15:00;VETO;signal rejected: volume: relVol 0.88 < 1.00
2025.11.11 11:15:00;VETO;signal rejected: volume: relVol 0.89 < 1.00
2025.11.11 15:00:00;VETO;signal rejected: volume: relVol 0.88 < 1.00
2025.11.11 16:30:00;VETO;signal rejected: volume: relVol 0.90 < 1.00
2025.11.11 17:00:00;VETO;outlier bar masked, z=4.0
2025.11.11 17:30:00;VETO;outlier bar masked, z=8.3
2025.11.11 21:45:00;VETO;signal rejected: volume: relVol 0.84 < 1.00
2025.11.12 01:15:00;VETO;signal rejected: volume: relVol 0.76 < 1.00
2025.11.12 04:45:00;DECISION;setup SHORT score=0.65 entry=4124.70 inv=4145.39 tgt=0.00 AWAIT-RETEST [CHoCH short lvl=4126.31|RelVol=1.06|Retest@4124.70|VPnode d=2.90|VWAPside]
2025.11.12 05:00:00;VETO;authorization denied: outside session window (server hour 05, window 12-20)
2025.11.12 05:15:00;VETO;authorization denied: outside session window (server hour 05, window 12-20)
2025.11.12 05:30:00;VETO;authorization denied: outside session window (server hour 05, window 12-20)
2025.11.12 05:45:00;VETO;authorization denied: outside session window (server hour 05, window 12-20)
2025.11.12 10:30:00;VETO;outlier bar masked, z=3.9
2025.11.12 14:30:00;DECISION;setup LONG score=0.65 entry=4132.66 inv=4118.14 tgt=0.00 AWAIT-RETEST [BOS long lvl=4131.06|RelVol=1.16|Retest@4132.66|VPnode d=3.54|VWAPside]
2025.11.12 14:30:00;DECISION;TP capped 29.03429 -> 21.77571 (3.0xATR)
2025.11.12 14:30:00;ORDER;limit BUY 0.06 @ 4132.66 sl=4118.14 tp=4154.43 rc=10009 [WT|BOS|0.65|RL]
2025.11.12 14:30:00;RISK;sizing: vol_ratio=0.99 scalar=1.00 gap_buf=3.19429 eff_stop=17.71143
2025.11.12 14:54:31;ORDER;entry fill deal #161 BUY 0.06 @ 4132.42000
2025.11.12 17:10:10;MANAGE;#167 SL 4118.14 -> 4132.60 breakeven
2025.11.12 17:10:10;MANAGE;#167 partial close 0.03 of 0.06 lots
2025.11.12 17:10:10;RISK;deal closed pnl=44.07 streak=0 lock=0
2025.11.12 17:10:11;MANAGE;#167 SL 4132.60 -> 4132.71 trail
2025.11.12 17:10:12;MANAGE;#167 SL 4132.71 -> 4133.00 trail
2025.11.12 17:10:13;MANAGE;#167 SL 4133.00 -> 4133.15 trail
2025.11.12 17:10:15;MANAGE;#167 SL 4133.15 -> 4134.02 trail
2025.11.12 17:10:16;MANAGE;#167 SL 4134.02 -> 4134.16 trail
2025.11.12 17:10:20;MANAGE;#167 SL 4134.16 -> 4134.63 trail
2025.11.12 17:10:20;MANAGE;#167 SL 4134.63 -> 4134.76 trail
2025.11.12 17:10:21;MANAGE;#167 SL 4134.76 -> 4135.16 trail
2025.11.12 17:10:22;MANAGE;#167 SL 4135.16 -> 4135.68 trail
2025.11.12 17:10:22;MANAGE;#167 SL 4135.68 -> 4136.31 trail
2025.11.12 17:10:23;MANAGE;#167 SL 4136.31 -> 4136.48 trail
2025.11.12 17:10:38;MANAGE;#167 SL 4136.48 -> 4136.61 trail
2025.11.12 17:10:38;MANAGE;#167 SL 4136.61 -> 4137.65 trail
2025.11.12 17:10:38;MANAGE;#167 SL 4137.65 -> 4137.78 trail
2025.11.12 17:10:39;MANAGE;#167 SL 4137.78 -> 4138.01 trail
2025.11.12 17:10:40;MANAGE;#167 SL 4138.01 -> 4138.14 trail
2025.11.12 17:11:03;MANAGE;#167 SL 4138.14 -> 4138.89 trail
2025.11.12 17:11:03;MANAGE;#167 SL 4138.89 -> 4139.21 trail
2025.11.12 17:11:03;RISK;deal closed pnl=67.47 streak=0 lock=0
2025.11.12 17:15:00;VETO;outlier bar masked, z=8.6
2025.11.12 21:15:00;VETO;outlier bar masked, z=3.8
2025.11.13 01:45:00;DECISION;setup SHORT score=0.65 entry=4189.40 inv=4211.86 tgt=0.00 AWAIT-RETEST [CHoCH short lvl=4191.11|RelVol=1.16|Retest@4189.40|VPnode d=2.60|VWAPside]
2025.11.13 02:00:00;VETO;authorization denied: outside session window (server hour 02, window 12-20)
2025.11.13 02:15:00;VETO;authorization denied: outside session window (server hour 02, window 12-20)
2025.11.13 02:30:00;VETO;authorization denied: outside session window (server hour 02, window 12-20)
2025.11.13 02:45:00;VETO;authorization denied: outside session window (server hour 02, window 12-20)
2025.11.13 03:15:00;VETO;outlier bar masked, z=4.9
2025.11.13 05:15:00;DECISION;setup LONG score=0.85 entry=4198.11 inv=4179.89 tgt=0.00 AWAIT-RETEST [CHoCH long lvl=4195.75|RelVol=1.18|Retest@4198.11|VPnode d=1.11|VWAPside|CycleTurn w=-0.99<--1.00]
2025.11.13 05:30:00;VETO;authorization denied: outside session window (server hour 05, window 12-20)
2025.11.13 05:45:00;VETO;authorization denied: outside session window (server hour 05, window 12-20)
2025.11.13 06:00:00;VETO;authorization denied: outside session window (server hour 06, window 12-20)
2025.11.13 06:15:00;VETO;authorization denied: outside session window (server hour 06, window 12-20)
2025.11.13 10:00:00;DECISION;setup LONG score=0.85 entry=4219.92 inv=4203.37 tgt=0.00 [BOS long lvl=4217.71|RelVol=1.09|VPnode d=1.12|VWAPside|CycleTurn w=-0.69<--0.92]
2025.11.13 10:00:00;VETO;authorization denied: outside session window (server hour 10, window 12-20)
2025.11.13 10:15:00;VETO;authorization denied: outside session window (server hour 10, window 12-20)
2025.11.13 10:30:00;VETO;authorization denied: outside session window (server hour 10, window 12-20)
2025.11.13 10:45:00;VETO;authorization denied: outside session window (server hour 10, window 12-20)
2025.11.13 13:00:00;DECISION;setup SHORT score=0.75 entry=4223.04 inv=4239.56 tgt=0.00 AWAIT-RETEST [CHoCH short lvl=4225.10|RelVol=1.16|Retest@4223.04|VPnode d=4.24|CycleTurn w=-0.21<-0.91]
2025.11.13 13:00:00;DECISION;TP capped 33.04000 -> 24.78000 (3.0xATR)
2025.11.13 13:00:00;ERROR;limit SELL 0.05 @ 4223.04 sl=4239.56 tp=4198.26 rc=10015 [WT|CHOCH|0.75|RL]
2025.11.13 13:15:00;ORDER;filled SELL 0.06 lots sl=4239.56 tp=4202.36 [WT|CHOCH|0.75]
2025.11.13 13:15:00;RISK;sizing: vol_ratio=1.02 scalar=1.00 gap_buf=4.25071 eff_stop=16.65071
2025.11.13 13:15:00;ORDER;entry fill deal #164 SELL 0.06 @ 4227.16000
2025.11.13 14:54:01;RISK;deal closed pnl=-74.52 streak=1 lock=0
2025.11.13 15:00:00;DECISION;setup LONG score=0.85 entry=4242.55 inv=4219.47 tgt=0.00 AWAIT-RETEST [CHoCH long lvl=4240.59|RelVol=1.05|Retest@4242.55|VPnode d=2.95|VWAPside|CycleTurn w=-0.84<--0.94]
2025.11.13 15:00:00;DECISION;TP capped 46.16964 -> 34.62723 (3.0xATR)
2025.11.13 15:00:00;ERROR;limit BUY 0.04 @ 4242.55 sl=4219.47 tp=4277.18 rc=10015 [WT|CHOCH|0.85|RL]
2025.11.13 15:15:00;VETO;outlier bar masked, z=4.1
2025.11.13 15:30:00;DECISION;TP capped 32.14000 -> 24.10500 (3.0xATR)
2025.11.13 15:30:00;ORDER;filled BUY 0.05 lots sl=4219.47 tp=4259.64 [WT|CHOCH|0.85]
2025.11.13 15:30:00;RISK;sizing: vol_ratio=1.03 scalar=1.00 gap_buf=4.35321 eff_stop=20.42321
2025.11.13 15:30:00;ORDER;entry fill deal #166 BUY 0.05 @ 4235.54000
2025.11.13 16:08:25;RISK;deal closed pnl=-81.90 streak=2 lock=0
2025.11.13 16:15:00;VETO;outlier bar masked, z=4.1
2025.11.13 16:30:00;VETO;signal rejected: score 0.40 < 0.55 [CHoCH short lvl=4219.47|RelVol=1.11|Retest@4217.01|VPnear]
2025.11.13 16:45:00;VETO;outlier bar masked, z=8.7
2025.11.13 20:30:00;DECISION;setup SHORT score=0.65 entry=4190.19 inv=4210.83 tgt=0.00 [BOS short lvl=4193.32|RelVol=1.14|VPnode d=5.59|VWAPside]
2025.11.13 20:30:00;VETO;authorization denied: outside session window (server hour 20, window 12-20)
2025.11.13 20:45:00;VETO;outlier bar masked, z=10.8
2025.11.13 21:00:00;VETO;authorization denied: outside session window (server hour 21, window 12-20)
2025.11.13 21:15:00;VETO;authorization denied: outside session window (server hour 21, window 12-20)
2025.11.13 21:30:00;VETO;authorization denied: outside session window (server hour 21, window 12-20)
2025.11.14 02:00:00;DECISION;setup LONG score=0.65 entry=4183.70 inv=4145.36 tgt=0.00 AWAIT-RETEST [CHoCH long lvl=4181.58|RelVol=1.02|Retest@4183.70|VPnode d=1.70|VWAPside]
2025.11.14 02:15:00;VETO;authorization denied: outside session window (server hour 02, window 12-20)
2025.11.14 02:30:00;VETO;authorization denied: outside session window (server hour 02, window 12-20)
2025.11.14 02:45:00;VETO;authorization denied: outside session window (server hour 02, window 12-20)
2025.11.14 03:00:00;VETO;authorization denied: outside session window (server hour 03, window 12-20)
2025.11.14 04:15:01;VETO;signal rejected: volume: relVol 0.90 < 1.00
2025.11.14 08:30:00;DECISION;setup SHORT score=0.65 entry=4182.25 inv=4211.15 tgt=0.00 AWAIT-RETEST [CHoCH short lvl=4184.14|RelVol=1.08|Retest@4182.25|VPnode d=4.25|VWAPside]
2025.11.14 08:45:00;VETO;authorization denied: outside session window (server hour 08, window 12-20)
2025.11.14 09:00:00;VETO;authorization denied: outside session window (server hour 09, window 12-20)
2025.11.14 09:15:00;VETO;authorization denied: outside session window (server hour 09, window 12-20)
2025.11.14 09:30:00;VETO;authorization denied: outside session window (server hour 09, window 12-20)
2025.11.14 13:15:00;DECISION;setup SHORT score=0.60 entry=4153.00 inv=4186.94 tgt=0.00 [BOS short lvl=4158.80|RelVol=1.03|VPnear|VWAPside|ADX=38]
2025.11.14 13:15:00;DECISION;TP capped 68.30000 -> 51.22500 (3.0xATR)
2025.11.14 13:15:00;ORDER;filled SELL 0.02 lots sl=4186.94 tp=4101.57 [WT|BOS|0.60]
2025.11.14 13:15:00;RISK;sizing: vol_ratio=0.93 scalar=1.00 gap_buf=4.65964 eff_stop=38.80964
2025.11.14 13:15:00;ORDER;entry fill deal #168 SELL 0.02 @ 4152.79000
2025.11.14 14:00:00;VETO;outlier bar masked, z=3.7
2025.11.14 14:19:18;MANAGE;#174 SL 4186.94 -> 4152.63 breakeven
2025.11.14 14:19:18;MANAGE;#174 partial close 0.01 of 0.02 lots
2025.11.14 14:19:18;RISK;deal closed pnl=34.70 streak=0 lock=0
2025.11.14 14:19:19;MANAGE;#174 SL 4152.63 -> 4139.95 trail
2025.11.14 14:19:19;MANAGE;#174 SL 4139.95 -> 4139.20 trail
2025.11.14 14:19:20;MANAGE;#174 SL 4139.20 -> 4139.02 trail
2025.11.14 14:19:21;MANAGE;#174 SL 4139.02 -> 4138.41 trail
2025.11.14 14:19:21;MANAGE;#174 SL 4138.41 -> 4137.74 trail
2025.11.14 14:19:28;MANAGE;#174 SL 4137.74 -> 4137.58 trail
2025.11.14 14:19:28;MANAGE;#174 SL 4137.58 -> 4137.43 trail
2025.11.14 14:20:52;MANAGE;#174 SL 4137.43 -> 4137.24 trail
2025.11.14 14:20:52;MANAGE;#174 SL 4137.24 -> 4136.81 trail
2025.11.14 14:20:56;MANAGE;#174 SL 4136.81 -> 4136.67 trail
2025.11.14 14:20:59;MANAGE;#174 SL 4136.67 -> 4136.01 trail
2025.11.14 14:21:03;MANAGE;#174 SL 4136.01 -> 4135.69 trail
2025.11.14 14:21:05;MANAGE;#174 SL 4135.69 -> 4135.20 trail
2025.11.14 14:21:06;MANAGE;#174 SL 4135.20 -> 4135.09 trail
2025.11.14 14:21:07;MANAGE;#174 SL 4135.09 -> 4134.97 trail
2025.11.14 14:22:56;MANAGE;#174 SL 4134.97 -> 4134.65 trail
2025.11.14 14:22:57;MANAGE;#174 SL 4134.65 -> 4134.37 trail
2025.11.14 14:28:34;MANAGE;#174 SL 4134.37 -> 4133.48 trail
2025.11.14 14:28:34;MANAGE;#174 SL 4133.48 -> 4132.87 trail
2025.11.14 14:28:37;MANAGE;#174 SL 4132.87 -> 4132.51 trail
2025.11.14 14:39:37;MANAGE;#174 SL 4132.51 -> 4131.87 trail
2025.11.14 14:39:38;MANAGE;#174 SL 4131.87 -> 4131.63 trail
2025.11.14 14:39:38;MANAGE;#174 SL 4131.63 -> 4131.38 trail
2025.11.14 14:39:39;MANAGE;#174 SL 4131.38 -> 4130.89 trail
2025.11.14 14:40:29;MANAGE;#174 SL 4130.89 -> 4130.78 trail
2025.11.14 14:40:33;MANAGE;#174 SL 4130.78 -> 4130.50 trail
2025.11.14 14:40:34;MANAGE;#174 SL 4130.50 -> 4130.13 trail
2025.11.14 14:40:37;MANAGE;#174 SL 4130.13 -> 4130.02 trail
2025.11.14 14:40:38;MANAGE;#174 SL 4130.02 -> 4129.90 trail
2025.11.14 14:40:42;MANAGE;#174 SL 4129.90 -> 4129.51 trail
2025.11.14 15:08:41;MANAGE;#174 SL 4129.51 -> 4129.36 trail
2025.11.14 15:08:44;MANAGE;#174 SL 4129.36 -> 4129.22 trail
2025.11.14 15:08:44;MANAGE;#174 SL 4129.22 -> 4128.54 trail
2025.11.14 15:08:45;MANAGE;#174 SL 4128.54 -> 4128.34 trail
2025.11.14 15:09:31;MANAGE;#174 SL 4128.34 -> 4128.13 trail
2025.11.14 15:09:33;MANAGE;#174 SL 4128.13 -> 4127.70 trail
2025.11.14 15:10:50;MANAGE;#174 SL 4127.70 -> 4127.51 trail
2025.11.14 15:11:32;MANAGE;#174 SL 4127.51 -> 4127.34 trail
2025.11.14 15:11:34;MANAGE;#174 SL 4127.34 -> 4126.78 trail
2025.11.14 15:11:39;MANAGE;#174 SL 4126.78 -> 4126.66 trail
2025.11.14 15:11:40;MANAGE;#174 SL 4126.66 -> 4125.62 trail
2025.11.14 15:11:41;MANAGE;#174 SL 4125.62 -> 4125.50 trail
2025.11.14 15:11:46;MANAGE;#174 SL 4125.50 -> 4124.99 trail
2025.11.14 15:11:49;MANAGE;#174 SL 4124.99 -> 4124.67 trail
2025.11.14 15:11:49;RISK;deal closed pnl=52.65 streak=0 lock=0
2025.11.14 15:15:00;VETO;outlier bar masked, z=6.6
2025.11.14 15:30:00;VETO;outlier bar masked, z=7.4
2025.11.14 16:45:00;VETO;outlier bar masked, z=6.9
2025.11.14 18:00:00;VETO;signal rejected: volume: relVol 0.96 < 1.00
2025.11.17 01:15:00;VETO;outlier bar masked, z=5.4
2025.11.17 05:15:00;DECISION;setup SHORT score=0.85 entry=4077.96 inv=4102.15 tgt=0.00 AWAIT-RETEST [CHoCH short lvl=4080.43|RelVol=1.25|Retest@4077.96|VPnode d=6.04|VWAPside|CycleTurn w=-0.18<-0.76]
2025.11.17 05:30:00;VETO;authorization denied: outside session window (server hour 05, window 12-20)
2025.11.17 05:45:00;VETO;authorization denied: outside session window (server hour 05, window 12-20)
2025.11.17 06:00:00;VETO;authorization denied: outside session window (server hour 06, window 12-20)
2025.11.17 06:15:00;VETO;authorization denied: outside session window (server hour 06, window 12-20)
2025.11.17 07:30:00;DECISION;setup SHORT score=0.60 entry=4068.36 inv=4087.94 tgt=0.00 AWAIT-RETEST [BOS short lvl=4070.22|RelVol=1.38|Retest@4068.36|VPnear|VWAPside|ADX=32]
2025.11.17 08:45:00;VETO;authorization denied: outside session window (server hour 08, window 12-20)
2025.11.17 09:00:00;VETO;authorization denied: outside session window (server hour 09, window 12-20)
2025.11.17 09:15:00;VETO;authorization denied: outside session window (server hour 09, window 12-20)
2025.11.17 09:30:00;VETO;authorization denied: outside session window (server hour 09, window 12-20)
2025.11.17 10:00:00;DECISION;setup LONG score=0.65 entry=4089.98 inv=4049.69 tgt=0.00 AWAIT-RETEST [CHoCH long lvl=4087.94|RelVol=1.13|Retest@4089.98|VPnode d=1.88|VWAPside]
2025.11.17 10:15:00;VETO;authorization denied: outside session window (server hour 10, window 12-20)
2025.11.17 10:30:00;VETO;authorization denied: outside session window (server hour 10, window 12-20)
2025.11.17 10:45:00;VETO;authorization denied: outside session window (server hour 10, window 12-20)
2025.11.17 11:00:00;VETO;authorization denied: outside session window (server hour 11, window 12-20)
2025.11.17 13:00:00;DECISION;setup SHORT score=0.85 entry=4070.17 inv=4095.76 tgt=0.00 AWAIT-RETEST [CHoCH short lvl=4072.21|RelVol=1.18|Retest@4070.17|VPnode d=4.03|VWAPside|CycleTurn w=0.89<-0.99]
2025.11.17 13:00:00;DECISION;TP capped 51.17321 -> 38.37991 (3.0xATR)
2025.11.17 13:00:00;ERROR;limit SELL 0.03 @ 4070.17 sl=4095.76 tp=4031.79 rc=10015 [WT|CHOCH|0.85|RL]
2025.11.17 13:15:00;DECISION;TP capped 55.34000 -> 41.50500 (3.0xATR)
2025.11.17 13:15:00;ORDER;filled SELL 0.03 lots sl=4095.76 tp=4026.59 [WT|CHOCH|0.85]
2025.11.17 13:15:00;RISK;sizing: vol_ratio=0.77 scalar=1.00 gap_buf=4.29536 eff_stop=31.96536
2025.11.17 13:15:00;ORDER;entry fill deal #171 SELL 0.03 @ 4068.09000
2025.11.17 21:34:03;MANAGE;#177 SL 4095.76 -> 4067.92 breakeven
2025.11.17 21:34:03;MANAGE;#177 partial close 0.01 of 0.03 lots
2025.11.17 21:34:03;RISK;deal closed pnl=27.70 streak=0 lock=0
2025.11.17 21:34:04;MANAGE;#177 SL 4067.92 -> 4055.69 trail
2025.11.17 21:34:04;MANAGE;#177 SL 4055.69 -> 4055.58 trail
2025.11.17 21:34:08;MANAGE;#177 SL 4055.58 -> 4055.00 trail
2025.11.17 21:34:09;MANAGE;#177 SL 4055.00 -> 4054.19 trail
2025.11.17 21:34:09;MANAGE;#177 SL 4054.19 -> 4053.99 trail
2025.11.17 21:34:10;MANAGE;#177 SL 4053.99 -> 4053.87 trail
2025.11.17 21:34:10;MANAGE;#177 SL 4053.87 -> 4053.74 trail
2025.11.17 21:34:11;MANAGE;#177 SL 4053.74 -> 4053.43 trail
2025.11.17 21:34:26;MANAGE;#177 SL 4053.43 -> 4052.58 trail
2025.11.17 21:34:27;MANAGE;#177 SL 4052.58 -> 4052.46 trail
2025.11.17 21:34:28;MANAGE;#177 SL 4052.46 -> 4052.23 trail
2025.11.17 21:34:33;MANAGE;#177 SL 4052.23 -> 4052.07 trail
2025.11.17 21:34:33;MANAGE;#177 SL 4052.07 -> 4051.65 trail
2025.11.17 21:34:34;MANAGE;#177 SL 4051.65 -> 4051.33 trail
2025.11.17 21:35:15;MANAGE;#177 SL 4051.33 -> 4050.81 trail
2025.11.17 21:35:15;MANAGE;#177 SL 4050.81 -> 4049.75 trail
2025.11.17 21:35:24;MANAGE;#177 SL 4049.75 -> 4048.72 trail
2025.11.17 21:35:24;MANAGE;#177 SL 4048.72 -> 4048.11 trail
2025.11.17 21:35:24;MANAGE;#177 SL 4048.11 -> 4047.69 trail
2025.11.17 21:35:24;MANAGE;#177 SL 4047.69 -> 4046.78 trail
2025.11.17 21:39:22;MANAGE;#177 SL 4046.78 -> 4046.65 trail
2025.11.17 21:39:23;MANAGE;#177 SL 4046.65 -> 4046.48 trail
2025.11.17 21:39:24;MANAGE;#177 SL 4046.48 -> 4046.32 trail
2025.11.17 21:39:24;MANAGE;#177 SL 4046.32 -> 4046.07 trail
2025.11.17 21:40:10;MANAGE;#177 SL 4046.07 -> 4044.79 trail
2025.11.17 21:40:10;MANAGE;#177 SL 4044.79 -> 4044.16 trail
2025.11.17 21:40:10;MANAGE;#177 SL 4044.16 -> 4043.38 trail
2025.11.17 21:40:12;MANAGE;#177 SL 4043.38 -> 4043.27 trail
2025.11.17 21:40:12;MANAGE;#177 SL 4043.27 -> 4043.02 trail
2025.11.17 21:41:52;MANAGE;#177 SL 4043.02 -> 4042.75 trail
2025.11.17 21:41:52;MANAGE;#177 SL 4042.75 -> 4042.48 trail
2025.11.17 21:42:06;RISK;deal closed pnl=84.36 streak=0 lock=0
2025.11.17 21:45:00;VETO;outlier bar masked, z=11.3
2025.11.18 04:00:00;DECISION;setup SHORT score=0.65 entry=4025.06 inv=4045.02 tgt=0.00 [BOS short lvl=4027.32|RelVol=1.10|VPnode d=5.54|VWAPside]
2025.11.18 04:00:00;VETO;authorization denied: outside session window (server hour 04, window 12-20)
2025.11.18 04:15:00;VETO;authorization denied: outside session window (server hour 04, window 12-20)
2025.11.18 04:30:00;VETO;authorization denied: outside session window (server hour 04, window 12-20)
2025.11.18 04:45:00;VETO;authorization denied: outside session window (server hour 04, window 12-20)
2025.11.18 09:30:00;DECISION;setup SHORT score=0.85 entry=4002.55 inv=4025.10 tgt=0.00 [BOS short lvl=4005.09|RelVol=1.02|VPnode d=1.05|VWAPside|CycleTurn w=0.73<-0.91]
2025.11.18 09:30:00;VETO;authorization denied: outside session window (server hour 09, window 12-20)
2025.11.18 09:45:00;VETO;authorization denied: outside session window (server hour 09, window 12-20)
2025.11.18 10:00:00;VETO;authorization denied: outside session window (server hour 10, window 12-20)
2025.11.18 10:15:00;DECISION;setup LONG score=0.85 entry=4027.32 inv=4005.09 tgt=0.00 AWAIT-RETEST [CHoCH long lvl=4025.10|RelVol=1.11|Retest@4027.32|VPnode d=5.28|VWAPside|CycleTurn w=0.57<--0.06]
2025.11.18 10:30:00;VETO;authorization denied: outside session window (server hour 10, window 12-20)
2025.11.18 10:45:00;VETO;outlier bar masked, z=3.9
2025.11.18 11:00:00;VETO;authorization denied: outside session window (server hour 11, window 12-20)
2025.11.18 11:15:00;VETO;authorization denied: outside session window (server hour 11, window 12-20)
2025.11.18 11:30:00;VETO;authorization denied: outside session window (server hour 11, window 12-20)
2025.11.18 13:30:00;VETO;signal rejected: volume: relVol 0.97 < 1.00
2025.11.18 15:45:00;DECISION;setup LONG score=0.85 entry=4052.65 inv=4028.91 tgt=0.00 AWAIT-RETEST [BOS long lvl=4050.43|RelVol=1.12|Retest@4052.65|VPnode d=0.15|VWAPside|CycleTurn w=-0.61<--0.97]
2025.11.18 15:45:00;DECISION;TP capped 47.47321 -> 35.60491 (3.0xATR)
2025.11.18 15:45:00;ORDER;limit BUY 0.04 @ 4052.65 sl=4028.91 tp=4088.25 rc=10009 [WT|BOS|0.85|RL]
2025.11.18 15:45:00;RISK;sizing: vol_ratio=0.91 scalar=1.00 gap_buf=4.43321 eff_stop=28.16982
2025.11.18 17:50:37;ORDER;entry fill deal #174 BUY 0.04 @ 4052.56000
2025.11.18 21:10:51;MANAGE;#180 SL 4028.91 -> 4052.73 breakeven
2025.11.18 21:10:51;MANAGE;#180 partial close 0.02 of 0.04 lots
2025.11.18 21:10:51;RISK;deal closed pnl=48.20 streak=0 lock=0
2025.11.18 21:10:52;MANAGE;#180 SL 4052.73 -> 4056.63 trail
2025.11.18 21:10:53;MANAGE;#180 SL 4056.63 -> 4056.76 trail
2025.11.18 21:10:53;MANAGE;#180 SL 4056.76 -> 4056.91 trail
2025.11.18 21:12:27;MANAGE;#180 SL 4056.91 -> 4057.06 trail
2025.11.18 21:12:30;MANAGE;#180 SL 4057.06 -> 4057.20 trail
2025.11.18 21:12:30;MANAGE;#180 SL 4057.20 -> 4057.54 trail
2025.11.18 21:12:44;MANAGE;#180 SL 4057.54 -> 4057.76 trail
2025.11.18 21:13:45;MANAGE;#180 SL 4057.76 -> 4058.37 trail
2025.11.18 21:13:46;MANAGE;#180 SL 4058.37 -> 4058.57 trail
2025.11.18 21:13:46;MANAGE;#180 SL 4058.57 -> 4058.70 trail
2025.11.18 21:13:47;MANAGE;#180 SL 4058.70 -> 4059.01 trail
2025.11.18 21:13:49;MANAGE;#180 SL 4059.01 -> 4059.46 trail
2025.11.18 21:13:51;MANAGE;#180 SL 4059.46 -> 4059.69 trail
2025.11.18 21:14:01;MANAGE;#180 SL 4059.69 -> 4059.94 trail
2025.11.18 21:14:12;MANAGE;#180 SL 4059.94 -> 4060.09 trail
2025.11.18 21:14:27;MANAGE;#180 SL 4060.09 -> 4060.31 trail
2025.11.18 21:15:00;MANAGE;#180 SL 4060.31 -> 4061.20 trail
2025.11.18 21:15:00;VETO;signal rejected: volume: relVol 1.00 < 1.00
2025.11.18 21:15:00;MANAGE;#180 SL 4061.20 -> 4061.35 trail
2025.11.18 21:18:24;MANAGE;#180 SL 4061.35 -> 4061.46 trail
2025.11.18 21:18:36;MANAGE;#180 SL 4061.46 -> 4061.57 trail
2025.11.18 21:18:53;MANAGE;#180 SL 4061.57 -> 4061.85 trail
2025.11.18 21:18:54;MANAGE;#180 SL 4061.85 -> 4061.96 trail
2025.11.18 21:20:17;MANAGE;#180 SL 4061.96 -> 4062.09 trail
2025.11.18 21:20:20;MANAGE;#180 SL 4062.09 -> 4062.30 trail
2025.11.18 21:37:59;MANAGE;#180 SL 4062.30 -> 4062.66 trail
2025.11.18 21:37:59;MANAGE;#180 SL 4062.66 -> 4062.79 trail
2025.11.18 21:38:01;MANAGE;#180 SL 4062.79 -> 4063.45 trail
2025.11.18 21:47:24;MANAGE;#180 SL 4063.45 -> 4063.56 trail
2025.11.18 21:47:24;MANAGE;#180 SL 4063.56 -> 4063.67 trail
2025.11.18 21:48:35;MANAGE;#180 SL 4063.67 -> 4063.80 trail
2025.11.18 21:49:45;MANAGE;#180 SL 4063.80 -> 4063.91 trail
2025.11.18 21:49:54;MANAGE;#180 SL 4063.91 -> 4064.18 trail
2025.11.18 21:49:54;MANAGE;#180 SL 4064.18 -> 4064.36 trail
2025.11.18 21:49:56;MANAGE;#180 SL 4064.36 -> 4064.47 trail
2025.11.18 21:50:01;MANAGE;#180 SL 4064.47 -> 4064.58 trail
2025.11.18 21:50:01;MANAGE;#180 SL 4064.58 -> 4064.90 trail
2025.11.18 21:58:00;MANAGE;#180 SL 4064.90 -> 4065.11 trail
2025.11.18 21:58:00;MANAGE;#180 SL 4065.11 -> 4065.33 trail
2025.11.18 22:00:00;MANAGE;#180 SL 4065.33 -> 4065.99 trail
2025.11.18 22:00:07;MANAGE;#180 SL 4065.99 -> 4066.11 trail
2025.11.18 22:00:17;MANAGE;#180 SL 4066.11 -> 4066.24 trail
2025.11.18 22:00:22;MANAGE;#180 SL 4066.24 -> 4066.41 trail
2025.11.18 22:00:26;MANAGE;#180 SL 4066.41 -> 4066.70 trail
2025.11.19 01:03:05;RISK;deal closed pnl=27.51 streak=0 lock=0
2025.11.19 03:15:00;VETO;signal rejected: volume: relVol 0.87 < 1.00
2025.11.19 07:30:00;DECISION;setup LONG score=0.65 entry=4082.27 inv=4064.44 tgt=0.00 AWAIT-RETEST [CHoCH long lvl=4080.50|RelVol=1.13|Retest@4082.27|VPnode d=4.67|VWAPside]
2025.11.19 10:15:00;VETO;signal rejected: volume: relVol 0.93 < 1.00
2025.11.19 11:45:00;VETO;signal rejected: volume: relVol 0.93 < 1.00
2025.11.19 12:00:00;VETO;outlier bar masked, z=4.0
2025.11.19 15:15:00;VETO;signal rejected: volume: relVol 0.96 < 1.00
2025.11.19 17:00:00;VETO;outlier bar masked, z=4.1
2025.11.19 18:00:00;VETO;outlier bar masked, z=4.2
2025.11.19 18:30:00;VETO;outlier bar masked, z=5.1
2025.11.19 19:15:00;VETO;outlier bar masked, z=4.0
2025.11.20 01:15:00;VETO;signal rejected: volume: relVol 0.93 < 1.00
2025.11.20 04:15:00;VETO;outlier bar masked, z=4.4
2025.11.20 04:30:00;VETO;outlier bar masked, z=4.5
2025.11.20 08:30:00;DECISION;setup SHORT score=0.65 entry=4062.98 inv=4080.50 tgt=0.00 [BOS short lvl=4064.88|RelVol=1.06|VPnode d=1.82|VWAPside]
2025.11.20 08:30:00;VETO;authorization denied: outside session window (server hour 08, window 12-20)
2025.11.20 08:45:00;VETO;authorization denied: outside session window (server hour 08, window 12-20)
2025.11.20 09:00:00;VETO;authorization denied: outside session window (server hour 09, window 12-20)
2025.11.20 09:15:00;VETO;authorization denied: outside session window (server hour 09, window 12-20)
2025.11.20 10:15:00;DECISION;setup SHORT score=0.85 entry=4056.08 inv=4076.51 tgt=0.00 AWAIT-RETEST [BOS short lvl=4058.60|RelVol=1.05|Retest@4056.08|VPnode d=4.88|VWAPside|CycleTurn w=-0.77<--0.25]
2025.11.20 10:45:00;VETO;authorization denied: outside session window (server hour 10, window 12-20)
2025.11.20 11:00:00;VETO;authorization denied: outside session window (server hour 11, window 12-20)
2025.11.20 11:15:00;VETO;authorization denied: outside session window (server hour 11, window 12-20)
2025.11.20 11:30:00;VETO;authorization denied: outside session window (server hour 11, window 12-20)
2025.11.20 14:15:00;VETO;signal rejected: volume: relVol 0.97 < 1.00
2025.11.20 15:45:00;VETO;outlier bar masked, z=4.7
2025.11.20 18:30:00;DECISION;setup SHORT score=0.85 entry=4063.19 inv=4107.25 tgt=0.00 AWAIT-RETEST [CHoCH short lvl=4066.79|RelVol=1.06|Retest@4063.19|VPnode d=4.31|VWAPside|CycleTurn w=-0.50<-0.51]
2025.11.20 18:30:00;DECISION;TP capped 88.11071 -> 66.08304 (3.0xATR)
2025.11.20 18:30:00;ERROR;limit SELL 0.02 @ 4063.19 sl=4107.25 tp=3997.11 rc=10015 [WT|CHOCH|0.85|RL]
2025.11.20 18:45:00;DECISION;TP capped 96.56000 -> 72.42000 (3.0xATR)
2025.11.20 18:45:00;ORDER;filled SELL 0.02 lots sl=4107.25 tp=3986.55 [WT|CHOCH|0.85]
2025.11.20 18:45:00;RISK;sizing: vol_ratio=1.40 scalar=1.00 gap_buf=7.87857 eff_stop=56.15857
2025.11.20 18:45:00;ORDER;entry fill deal #177 SELL 0.02 @ 4058.97000
2025.11.20 21:30:00;DECISION;setup LONG score=0.85 entry=4075.87 inv=4043.85 tgt=0.00 AWAIT-RETEST [CHoCH long lvl=4072.70|RelVol=1.12|Retest@4075.87|VPnode d=7.53|VWAPside|CycleTurn w=0.45<--0.70]
2025.11.20 22:15:00;VETO;authorization denied: outside session window (server hour 22, window 12-20)
2025.11.20 22:30:00;VETO;authorization denied: outside session window (server hour 22, window 12-20)
2025.11.20 22:45:00;VETO;authorization denied: outside session window (server hour 22, window 12-20)
2025.11.20 23:00:00;VETO;authorization denied: outside session window (server hour 23, window 12-20)
2025.11.21 03:15:00;VETO;signal rejected: volume: relVol 0.97 < 1.00
2025.11.21 05:00:00;VETO;signal rejected: score 0.50 < 0.55 [BOS short lvl=4060.55|RelVol=1.06|VPnear|VWAPside]
2025.11.21 08:30:00;DECISION;setup SHORT score=0.85 entry=4045.28 inv=4062.32 tgt=0.00 AWAIT-RETEST [BOS short lvl=4047.72|RelVol=1.11|Retest@4045.28|VPnode d=2.52|VWAPside|CycleTurn w=-0.79<--0.78]
2025.11.21 10:30:00;VETO;authorization denied: outside session window (server hour 10, window 12-20)
2025.11.21 10:45:00;VETO;authorization denied: outside session window (server hour 10, window 12-20)
2025.11.21 11:00:00;VETO;authorization denied: outside session window (server hour 11, window 12-20)
2025.11.21 11:15:00;VETO;authorization denied: outside session window (server hour 11, window 12-20)
2025.11.21 14:45:00;DECISION;setup LONG score=0.55 entry=4049.39 inv=4031.07 tgt=0.00 AWAIT-RETEST [CHoCH long lvl=4046.91|RelVol=1.22|Retest@4049.39|VPnode d=6.71]
2025.11.21 14:45:00;VETO;retest limit risk veto: max positions
2025.11.21 18:45:00;DECISION;setup LONG score=0.85 entry=4079.34 inv=4055.15 tgt=0.00 [BOS long lvl=4076.99|RelVol=1.00|VPnode d=0.86|VWAPside|CycleTurn w=-0.93<--0.96]
2025.11.21 18:45:00;DECISION;TP capped 49.20000 -> 36.90000 (3.0xATR)
2025.11.21 18:45:00;VETO;risk veto: max positions
2025.11.21 19:00:00;VETO;outlier bar masked, z=4.7
2025.11.21 22:00:00;RISK;FLATTEN ALL: Friday flatten: weekend gap protection
2025.11.21 22:00:00;RISK;deal closed pnl=-57.49 streak=1 lock=0
2025.11.21 22:30:00;VETO;signal rejected: score 0.40 < 0.55 [CHoCH short lvl=4076.43|RelVol=1.09|Retest@4074.42|VPnear]
2025.11.24 03:15:00;VETO;outlier bar masked, z=4.1
2025.11.24 09:45:00;DECISION;setup LONG score=0.65 entry=4059.89 inv=4039.89 tgt=0.00 AWAIT-RETEST [CHoCH long lvl=4058.05|RelVol=1.13|Retest@4059.89|VPnode d=2.69|VWAPside]
2025.11.24 10:00:00;VETO;authorization denied: outside session window (server hour 10, window 12-20)
2025.11.24 10:15:00;VETO;authorization denied: outside session window (server hour 10, window 12-20)
2025.11.24 10:30:00;VETO;authorization denied: outside session window (server hour 10, window 12-20)
2025.11.24 10:45:00;VETO;authorization denied: outside session window (server hour 10, window 12-20)
2025.11.24 11:15:00;DECISION;setup LONG score=0.60 entry=4072.03 inv=4039.89 tgt=0.00 [BOS long lvl=4067.57|RelVol=1.02|VPnear|VWAPside|ADX=44]
2025.11.24 11:15:00;VETO;authorization denied: outside session window (server hour 11, window 12-20)
2025.11.24 11:30:00;VETO;authorization denied: outside session window (server hour 11, window 12-20)
2025.11.24 11:45:00;VETO;authorization denied: outside session window (server hour 11, window 12-20)
2025.11.24 12:00:00;DECISION;TP capped 64.40000 -> 48.30000 (3.0xATR)
2025.11.24 12:00:00;ORDER;filled BUY 0.03 lots sl=4039.89 tp=4120.39 [WT|BOS|0.60]
2025.11.24 12:00:00;RISK;sizing: vol_ratio=0.76 scalar=1.00 gap_buf=3.40214 eff_stop=35.60214
2025.11.24 12:00:00;ORDER;entry fill deal #179 BUY 0.03 @ 4072.09000
2025.11.24 14:45:00;DECISION;setup LONG score=0.85 entry=4079.02 inv=4063.18 tgt=0.00 [BOS long lvl=4077.09|RelVol=1.04|VPnode d=2.42|VWAPside|CycleTurn w=-0.51<--1.00]
2025.11.24 14:45:00;DECISION;TP capped 32.54000 -> 24.40500 (3.0xATR)
2025.11.24 14:45:00;VETO;risk veto: max positions
2025.11.24 17:15:00;DECISION;setup LONG score=0.65 entry=4088.09 inv=4065.89 tgt=0.00 AWAIT-RETEST [BOS long lvl=4086.06|RelVol=1.00|Retest@4088.09|VPnode d=2.89|VWAPside]
2025.11.24 17:15:00;VETO;retest limit risk veto: max positions
2025.11.24 17:30:00;DECISION;TP capped 44.70000 -> 33.52500 (3.0xATR)
2025.11.24 17:30:00;VETO;risk veto: max positions
2025.11.24 20:38:03;MANAGE;#185 SL 4039.89 -> 4072.29 breakeven
2025.11.24 20:38:03;MANAGE;#185 partial close 0.01 of 0.03 lots
2025.11.24 20:38:03;RISK;deal closed pnl=32.45 streak=0 lock=0
2025.11.24 20:38:03;MANAGE;#185 SL 4072.29 -> 4092.78 trail
2025.11.24 20:38:03;MANAGE;#185 SL 4092.78 -> 4093.39 trail
2025.11.24 20:38:04;MANAGE;#185 SL 4093.39 -> 4094.13 trail
2025.11.24 20:38:05;MANAGE;#185 SL 4094.13 -> 4094.49 trail
2025.11.24 20:38:05;MANAGE;#185 SL 4094.49 -> 4094.69 trail
2025.11.24 20:38:06;MANAGE;#185 SL 4094.69 -> 4095.01 trail
2025.11.24 20:38:07;MANAGE;#185 SL 4095.01 -> 4095.82 trail
2025.11.24 20:38:08;MANAGE;#185 SL 4095.82 -> 4095.94 trail
2025.11.24 20:38:47;MANAGE;#185 SL 4095.94 -> 4096.12 trail
2025.11.24 20:38:48;MANAGE;#185 SL 4096.12 -> 4096.35 trail
2025.11.24 20:38:50;MANAGE;#185 SL 4096.35 -> 4096.48 trail
2025.11.24 20:39:11;MANAGE;#185 SL 4096.48 -> 4097.27 trail
2025.11.24 20:39:12;MANAGE;#185 SL 4097.27 -> 4097.62 trail
2025.11.24 20:39:13;MANAGE;#185 SL 4097.62 -> 4098.75 trail
2025.11.24 20:39:13;MANAGE;#185 SL 4098.75 -> 4098.89 trail
2025.11.24 20:39:14;MANAGE;#185 SL 4098.89 -> 4099.10 trail
2025.11.24 20:39:17;MANAGE;#185 SL 4099.10 -> 4099.24 trail
2025.11.24 20:39:18;MANAGE;#185 SL 4099.24 -> 4099.48 trail
2025.11.24 20:39:20;MANAGE;#185 SL 4099.48 -> 4099.88 trail
2025.11.24 20:39:31;MANAGE;#185 SL 4099.88 -> 4100.27 trail
2025.11.24 20:40:02;MANAGE;#185 SL 4100.27 -> 4100.46 trail
2025.11.24 20:40:03;MANAGE;#185 SL 4100.46 -> 4101.16 trail
2025.11.24 20:40:03;MANAGE;#185 SL 4101.16 -> 4101.36 trail
2025.11.24 20:40:05;MANAGE;#185 SL 4101.36 -> 4101.48 trail
2025.11.24 20:40:08;MANAGE;#185 SL 4101.48 -> 4101.87 trail
2025.11.24 20:40:09;MANAGE;#185 SL 4101.87 -> 4102.00 trail
2025.11.24 20:40:10;MANAGE;#185 SL 4102.00 -> 4102.14 trail
2025.11.24 20:40:20;MANAGE;#185 SL 4102.14 -> 4102.30 trail
2025.11.24 20:42:05;MANAGE;#185 SL 4102.30 -> 4102.41 trail
2025.11.24 20:45:00;VETO;outlier bar masked, z=4.7
2025.11.24 20:45:51;MANAGE;#185 SL 4102.41 -> 4102.53 trail
2025.11.24 20:45:54;MANAGE;#185 SL 4102.53 -> 4102.67 trail
2025.11.24 20:51:43;MANAGE;#185 SL 4102.67 -> 4102.93 trail
2025.11.24 20:51:53;MANAGE;#185 SL 4102.93 -> 4103.44 trail
2025.11.24 20:51:55;MANAGE;#185 SL 4103.44 -> 4103.68 trail
2025.11.24 20:52:04;MANAGE;#185 SL 4103.68 -> 4104.08 trail
2025.11.24 20:52:05;MANAGE;#185 SL 4104.08 -> 4104.48 trail
2025.11.24 20:52:05;MANAGE;#185 SL 4104.48 -> 4104.94 trail
2025.11.24 20:52:06;MANAGE;#185 SL 4104.94 -> 4105.31 trail
2025.11.24 20:52:55;MANAGE;#185 SL 4105.31 -> 4105.47 trail
2025.11.24 20:52:55;MANAGE;#185 SL 4105.47 -> 4105.93 trail
2025.11.24 20:52:56;MANAGE;#185 SL 4105.93 -> 4106.67 trail
2025.11.24 20:52:57;MANAGE;#185 SL 4106.67 -> 4106.86 trail
2025.11.24 20:52:57;MANAGE;#185 SL 4106.86 -> 4107.08 trail
2025.11.24 20:52:59;RISK;deal closed pnl=96.86 streak=0 lock=0
2025.11.24 22:45:00;VETO;signal rejected: score 0.50 < 0.55 [BOS long lvl=4125.41|RelVol=1.07|Retest@4127.10|VWAPside|ADX=39]
2025.11.25 02:00:00;DECISION;setup LONG score=0.60 entry=4143.87 inv=4125.14 tgt=0.00 [BOS long lvl=4139.97|RelVol=1.02|VPnear|VWAPside|ADX=52]
2025.11.25 02:00:00;VETO;authorization denied: outside session window (server hour 02, window 12-20)
2025.11.25 02:15:00;VETO;authorization denied: outside session window (server hour 02, window 12-20)
2025.11.25 02:30:00;VETO;authorization denied: outside session window (server hour 02, window 12-20)
2025.11.25 02:45:00;VETO;authorization denied: outside session window (server hour 02, window 12-20)
2025.11.25 04:30:00;VETO;signal rejected: volume: relVol 0.99 < 1.00
2025.11.25 08:00:00;VETO;signal rejected: volume: relVol 0.92 < 1.00
2025.11.25 09:30:00;VETO;signal rejected: volume: relVol 0.96 < 1.00
2025.11.25 10:45:00;VETO;outlier bar masked, z=4.4
2025.11.25 11:00:00;VETO;outlier bar masked, z=5.6
2025.11.25 11:15:00;VETO;outlier bar masked, z=3.5
2025.11.25 14:45:00;VETO;outlier bar masked, z=5.1
2025.11.25 15:30:00;VETO;signal rejected: volume: relVol 0.98 < 1.00
2025.11.25 16:45:00;VETO;outlier bar masked, z=5.0
2025.11.25 19:15:00;VETO;outlier bar masked, z=3.7
2025.11.25 19:45:00;DECISION;setup LONG score=0.65 entry=4152.46 inv=4111.53 tgt=0.00 [BOS long lvl=4150.88|RelVol=1.03|VPnode d=6.66|VWAPside]
2025.11.25 19:45:00;DECISION;TP capped 82.66000 -> 61.99500 (3.0xATR)
2025.11.25 19:45:00;ORDER;filled BUY 0.02 lots sl=4111.53 tp=4214.85 [WT|BOS|0.65]
2025.11.25 19:45:00;RISK;sizing: vol_ratio=1.36 scalar=1.00 gap_buf=5.39393 eff_stop=46.72393
2025.11.25 19:45:00;ORDER;entry fill deal #182 BUY 0.02 @ 4152.86000
2025.11.26 04:30:00;VETO;signal rejected: score 0.50 < 0.55 [BOS long lvl=4159.28|RelVol=1.12|VWAPside|ADX=40]
2025.11.26 08:45:00;VETO;signal rejected: score 0.40 < 0.55 [CHoCH short lvl=4156.60|RelVol=1.02|Retest@4155.18|VPnear]
2025.11.26 13:45:00;DECISION;setup LONG score=0.85 entry=4166.57 inv=4156.11 tgt=0.00 AWAIT-RETEST [CHoCH long lvl=4165.14|RelVol=1.08|Retest@4166.57|VPnode d=1.03|VWAPside|CycleTurn w=-0.84<--0.99]
2025.11.26 13:45:00;VETO;retest limit risk veto: max positions
2025.11.26 14:00:00;DECISION;TP capped 31.48000 -> 23.61000 (3.0xATR)
2025.11.26 14:00:00;VETO;risk veto: max positions
2025.11.26 15:00:00;DECISION;setup SHORT score=0.85 entry=4154.58 inv=4173.45 tgt=0.00 AWAIT-RETEST [CHoCH short lvl=4156.11|RelVol=1.05|Retest@4154.58|VPnode d=2.58|VWAPside|CycleTurn w=0.23<-0.90]
2025.11.26 15:00:00;VETO;retest limit risk veto: max positions
2025.11.26 15:15:00;DECISION;TP capped 28.08000 -> 21.06000 (3.0xATR)
2025.11.26 15:15:00;VETO;risk veto: max positions
2025.11.26 16:15:00;VETO;outlier bar masked, z=3.8
2025.11.26 18:45:00;VETO;signal rejected: volume: relVol 0.94 < 1.00
2025.11.27 03:15:00;VETO;signal rejected: volume: relVol 0.92 < 1.00
2025.11.27 05:00:00;VETO;signal rejected: volume: relVol 0.96 < 1.00
2025.11.27 08:30:00;DECISION;setup LONG score=0.65 entry=4155.76 inv=4142.58 tgt=0.00 AWAIT-RETEST [CHoCH long lvl=4154.65|RelVol=1.00|Retest@4155.76|VPnode d=0.36|VWAPside]
2025.11.27 08:45:00;VETO;authorization denied: outside session window (server hour 08, window 12-20)
2025.11.27 09:00:00;VETO;authorization denied: outside session window (server hour 09, window 12-20)
2025.11.27 09:15:00;VETO;authorization denied: outside session window (server hour 09, window 12-20)
2025.11.27 09:30:00;VETO;authorization denied: outside session window (server hour 09, window 12-20)
2025.11.27 15:15:00;VETO;signal rejected: volume: relVol 0.95 < 1.00
2025.11.27 17:30:00;VETO;signal rejected: volume: relVol 0.75 < 1.00
2025.11.27 21:15:00;VETO;signal rejected: volume: relVol 0.49 < 1.00
2025.11.28 01:00:20;VETO;signal rejected: volume: relVol 0.03 < 1.00
2025.11.28 01:15:00;VETO;signal rejected: volume: relVol 0.54 < 1.00
2025.11.28 02:45:00;VETO;outlier bar masked, z=4.7
2025.11.28 03:15:00;VETO;outlier bar masked, z=4.1
2025.11.28 07:15:01;VETO;outlier bar masked, z=7.0
2025.11.28 07:30:01;VETO;outlier bar masked, z=3.8
2025.11.28 10:20:25;VETO;signal rejected: volume: relVol 0.06 < 1.00
2025.11.28 10:30:15;VETO;outlier bar masked, z=8.1
2025.11.28 10:45:11;VETO;outlier bar masked, z=6.2
2025.11.28 11:00:00;VETO;outlier bar masked, z=8.0
2025.11.28 16:00:00;VETO;signal rejected: volume: relVol 0.70 < 1.00
2025.11.28 16:18:49;MANAGE;#188 SL 4111.53 -> 4153.11 breakeven
2025.11.28 16:18:49;MANAGE;#188 partial close 0.01 of 0.02 lots
2025.11.28 16:18:49;RISK;deal closed pnl=40.70 streak=0 lock=0
2025.11.28 16:18:50;MANAGE;#188 SL 4153.11 -> 4180.37 trail
2025.11.28 16:19:04;MANAGE;#188 SL 4180.37 -> 4180.97 trail
2025.11.28 16:19:04;MANAGE;#188 SL 4180.97 -> 4181.92 trail
2025.11.28 16:21:29;MANAGE;#188 SL 4181.92 -> 4182.10 trail
2025.11.28 16:21:55;MANAGE;#188 SL 4182.10 -> 4182.38 trail
2025.11.28 16:22:36;MANAGE;#188 SL 4182.38 -> 4183.13 trail
2025.11.28 16:22:40;MANAGE;#188 SL 4183.13 -> 4183.25 trail
2025.11.28 16:22:43;MANAGE;#188 SL 4183.25 -> 4183.38 trail
2025.11.28 16:22:52;MANAGE;#188 SL 4183.38 -> 4183.70 trail
2025.11.28 16:22:53;MANAGE;#188 SL 4183.70 -> 4184.35 trail
2025.11.28 16:22:54;MANAGE;#188 SL 4184.35 -> 4184.73 trail
2025.11.28 16:23:03;MANAGE;#188 SL 4184.73 -> 4184.93 trail
2025.11.28 16:23:04;MANAGE;#188 SL 4184.93 -> 4185.28 trail
2025.11.28 16:23:05;MANAGE;#188 SL 4185.28 -> 4185.68 trail
2025.11.28 16:23:41;MANAGE;#188 SL 4185.68 -> 4186.24 trail
2025.11.28 16:37:54;MANAGE;#188 SL 4186.24 -> 4186.37 trail
2025.11.28 16:37:57;MANAGE;#188 SL 4186.37 -> 4186.75 trail
2025.11.28 16:38:09;MANAGE;#188 SL 4186.75 -> 4187.12 trail
2025.11.28 16:38:42;MANAGE;#188 SL 4187.12 -> 4187.39 trail
2025.11.28 16:38:56;MANAGE;#188 SL 4187.39 -> 4187.52 trail
2025.11.28 16:39:03;MANAGE;#188 SL 4187.52 -> 4187.80 trail
2025.11.28 16:39:35;MANAGE;#188 SL 4187.80 -> 4188.02 trail
2025.11.28 16:39:44;MANAGE;#188 SL 4188.02 -> 4188.30 trail
2025.11.28 16:39:45;MANAGE;#188 SL 4188.30 -> 4188.63 trail
2025.11.28 16:39:49;MANAGE;#188 SL 4188.63 -> 4188.88 trail
2025.11.28 16:39:50;MANAGE;#188 SL 4188.88 -> 4189.33 trail
2025.11.28 16:40:02;MANAGE;#188 SL 4189.33 -> 4189.47 trail
2025.11.28 16:40:04;MANAGE;#188 SL 4189.47 -> 4189.60 trail
2025.11.28 16:40:09;MANAGE;#188 SL 4189.60 -> 4190.00 trail
2025.11.28 16:40:13;MANAGE;#188 SL 4190.00 -> 4190.40 trail
2025.11.28 16:40:14;MANAGE;#188 SL 4190.40 -> 4190.53 trail
2025.11.28 16:40:15;MANAGE;#188 SL 4190.53 -> 4190.73 trail
2025.11.28 16:40:17;MANAGE;#188 SL 4190.73 -> 4190.83 trail
2025.11.28 16:40:18;MANAGE;#188 SL 4190.83 -> 4190.96 trail
2025.11.28 16:40:21;MANAGE;#188 SL 4190.96 -> 4191.10 trail
2025.11.28 16:40:24;MANAGE;#188 SL 4191.10 -> 4191.23 trail
2025.11.28 16:40:24;MANAGE;#188 SL 4191.23 -> 4191.49 trail
2025.11.28 16:40:27;MANAGE;#188 SL 4191.49 -> 4191.93 trail
2025.11.28 16:40:28;MANAGE;#188 SL 4191.93 -> 4192.06 trail
2025.11.28 16:40:32;MANAGE;#188 SL 4192.06 -> 4192.26 trail
2025.11.28 16:40:33;MANAGE;#188 SL 4192.26 -> 4192.78 trail
2025.11.28 16:40:33;MANAGE;#188 SL 4192.78 -> 4192.98 trail
2025.11.28 16:40:34;MANAGE;#188 SL 4192.98 -> 4193.26 trail
2025.11.28 16:40:38;MANAGE;#188 SL 4193.26 -> 4193.90 trail
2025.11.28 16:40:40;MANAGE;#188 SL 4193.90 -> 4194.15 trail
2025.11.28 16:40:49;MANAGE;#188 SL 4194.15 -> 4194.45 trail
2025.11.28 16:40:49;MANAGE;#188 SL 4194.45 -> 4194.58 trail
2025.11.28 17:01:43;RISK;deal closed pnl=40.85 streak=0 lock=0
2025.11.28 18:30:00;VETO;signal rejected: score 0.50 < 0.55 [BOS long lvl=4208.62|RelVol=1.05|VWAPside|ADX=39]
2025.12.01 01:15:00;VETO;outlier bar masked, z=5.0
2025.12.01 02:45:00;DECISION;setup LONG score=0.95 entry=4231.92 inv=4206.13 tgt=0.00 [BOS long lvl=4231.00|RelVol=1.30|VPnode d=3.72|VWAPside|CycleTurn w=-0.93<--1.00|ADX=33]
2025.12.01 02:45:00;VETO;authorization denied: outside session window (server hour 02, window 12-20)
2025.12.01 03:00:00;VETO;authorization denied: outside session window (server hour 03, window 12-20)
2025.12.01 03:15:00;VETO;authorization denied: outside session window (server hour 03, window 12-20)
2025.12.01 03:30:00;VETO;authorization denied: outside session window (server hour 03, window 12-20)
2025.12.01 07:30:00;DECISION;setup SHORT score=0.65 entry=4230.71 inv=4256.36 tgt=0.00 AWAIT-RETEST [CHoCH short lvl=4232.67|RelVol=1.57|Retest@4230.71|VPnode d=4.91|VWAPside]
2025.12.01 08:00:00;VETO;authorization denied: outside session window (server hour 08, window 12-20)
2025.12.01 08:15:00;VETO;authorization denied: outside session window (server hour 08, window 12-20)
2025.12.01 08:30:00;VETO;authorization denied: outside session window (server hour 08, window 12-20)
2025.12.01 08:45:00;VETO;authorization denied: outside session window (server hour 08, window 12-20)
2025.12.01 10:15:00;DECISION;setup LONG score=0.65 entry=4248.98 inv=4215.71 tgt=0.00 AWAIT-RETEST [CHoCH long lvl=4246.87|RelVol=1.25|Retest@4248.98|VPnode d=5.58|VWAPside]
2025.12.01 10:45:00;VETO;authorization denied: outside session window (server hour 10, window 12-20)
2025.12.01 11:00:00;VETO;authorization denied: outside session window (server hour 11, window 12-20)
2025.12.01 11:15:00;VETO;authorization denied: outside session window (server hour 11, window 12-20)
2025.12.01 11:30:00;VETO;authorization denied: outside session window (server hour 11, window 12-20)
2025.12.01 12:15:00;DECISION;setup LONG score=0.75 entry=4255.38 inv=4238.37 tgt=0.00 AWAIT-RETEST [BOS long lvl=4253.65|RelVol=1.29|Retest@4255.38|VPnode d=3.18|VWAPside|ADX=32]
2025.12.01 12:15:00;DECISION;TP capped 34.01393 -> 25.51045 (3.0xATR)
2025.12.01 12:15:00;ORDER;limit BUY 0.05 @ 4255.38 sl=4238.37 tp=4280.89 rc=10009 [WT|BOS|0.75|RL]
2025.12.01 12:15:00;RISK;sizing: vol_ratio=0.88 scalar=1.00 gap_buf=3.45393 eff_stop=20.46089
2025.12.01 12:21:05;ORDER;entry fill deal #185 BUY 0.05 @ 4254.91000
2025.12.01 15:45:00;DECISION;setup LONG score=0.85 entry=4261.74 inv=4244.21 tgt=0.00 [BOS long lvl=4258.48|RelVol=1.14|VPnode d=4.34|VWAPside|CycleTurn w=-0.93<--1.00]
2025.12.01 15:45:00;DECISION;TP capped 35.82000 -> 26.86500 (3.0xATR)
2025.12.01 15:45:00;VETO;risk veto: max positions
2025.12.01 16:35:44;RISK;deal closed pnl=-84.10 streak=1 lock=0
2025.12.01 16:45:00;VETO;outlier bar masked, z=6.8
2025.12.01 17:00:00;VETO;outlier bar masked, z=3.6
2025.12.01 20:45:00;DECISION;setup LONG score=0.65 entry=4244.72 inv=4223.17 tgt=0.00 AWAIT-RETEST [CHoCH long lvl=4242.21|RelVol=1.10|Retest@4244.72|VPnode d=3.68|VWAPside]
2025.12.01 21:00:00;VETO;authorization denied: outside session window (server hour 21, window 12-20)
2025.12.01 21:15:00;VETO;authorization denied: outside session window (server hour 21, window 12-20)
2025.12.01 21:30:00;VETO;authorization denied: outside session window (server hour 21, window 12-20)
2025.12.01 21:45:00;VETO;authorization denied: outside session window (server hour 21, window 12-20)
2025.12.02 02:00:00;DECISION;setup SHORT score=0.65 entry=4227.98 inv=4241.35 tgt=0.00 AWAIT-RETEST [CHoCH short lvl=4229.37|RelVol=1.04|Retest@4227.98|VPnode d=2.22|VWAPside]
2025.12.02 02:45:00;VETO;authorization denied: outside session window (server hour 02, window 12-20)
2025.12.02 03:00:00;VETO;authorization denied: outside session window (server hour 03, window 12-20)
2025.12.02 03:15:00;VETO;outlier bar masked, z=9.9
2025.12.02 03:30:00;VETO;authorization denied: outside session window (server hour 03, window 12-20)
2025.12.02 03:45:00;VETO;authorization denied: outside session window (server hour 03, window 12-20)
2025.12.02 08:30:00;VETO;outlier bar masked, z=4.9
2025.12.02 11:30:00;VETO;outlier bar masked, z=3.7
2025.12.02 16:15:00;DECISION;setup LONG score=0.65 entry=4216.98 inv=4202.25 tgt=0.00 AWAIT-RETEST [CHoCH long lvl=4215.09|RelVol=1.04|Retest@4216.98|VPnode d=0.08|VWAPside]
2025.12.02 16:15:00;DECISION;TP capped 29.45071 -> 22.62429 (3.0xATR)
2025.12.02 16:15:00;ORDER;limit BUY 0.06 @ 4216.98 sl=4202.25 tp=4239.60 rc=10009 [WT|CHOCH|0.65|RL]
2025.12.02 16:15:00;RISK;sizing: vol_ratio=0.95 scalar=1.00 gap_buf=3.77071 eff_stop=18.49607
2025.12.02 16:42:03;ORDER;entry fill deal #187 BUY 0.06 @ 4216.89000
2025.12.02 17:16:44;RISK;deal closed pnl=-88.50 streak=1 lock=0
2025.12.02 17:30:00;VETO;outlier bar masked, z=5.0
2025.12.02 18:00:00;VETO;outlier bar masked, z=6.0
2025.12.02 21:15:00;VETO;signal rejected: volume: relVol 0.95 < 1.00
2025.12.03 02:00:00;DECISION;setup LONG score=0.65 entry=4212.93 inv=4202.84 tgt=0.00 [BOS long lvl=4212.34|RelVol=1.18|VPnode d=0.07|VWAPside]
2025.12.03 02:00:00;VETO;authorization denied: outside session window (server hour 02, window 12-20)
2025.12.03 02:15:00;VETO;authorization denied: outside session window (server hour 02, window 12-20)
2025.12.03 02:30:00;VETO;authorization denied: outside session window (server hour 02, window 12-20)
2025.12.03 02:45:00;VETO;authorization denied: outside session window (server hour 02, window 12-20)
2025.12.03 03:30:00;VETO;signal rejected: volume: relVol 0.95 < 1.00
2025.12.03 04:15:00;VETO;signal rejected: score 0.50 < 0.55 [BOS long lvl=4221.06|RelVol=1.02|VPnear|VWAPside]
2025.12.03 07:45:00;VETO;outlier bar masked, z=3.7
2025.12.03 09:30:00;DECISION;setup SHORT score=0.75 entry=4202.47 inv=4225.35 tgt=0.00 [BOS short lvl=4203.29|RelVol=1.01|VPnode d=1.33|VWAPside|ADX=33]
2025.12.03 09:30:00;VETO;authorization denied: outside session window (server hour 09, window 12-20)
2025.12.03 09:45:00;VETO;authorization denied: outside session window (server hour 09, window 12-20)
2025.12.03 10:00:00;VETO;authorization denied: outside session window (server hour 10, window 12-20)
2025.12.03 10:15:00;VETO;authorization denied: outside session window (server hour 10, window 12-20)
2025.12.03 12:15:00;VETO;signal rejected: score 0.50 < 0.55 [BOS short lvl=4197.01|RelVol=1.05|VWAPside|ADX=44]
2025.12.03 13:30:00;VETO;signal rejected: volume: relVol 0.91 < 1.00
2025.12.03 16:00:00;VETO;outlier bar masked, z=4.2
2025.12.03 16:15:00;VETO;outlier bar masked, z=6.2
2025.12.03 16:45:00;VETO;outlier bar masked, z=4.6
2025.12.03 17:00:00;VETO;outlier bar masked, z=5.9
2025.12.03 19:00:00;VETO;outlier bar masked, z=7.0
2025.12.04 01:00:16;VETO;signal rejected: score 0.50 < 0.55 [BOS short lvl=4203.63|RelVol=1.08|CycleTurn w=0.95<-0.98]
2025.12.04 02:45:00;VETO;signal rejected: volume: relVol 0.96 < 1.00
2025.12.04 04:15:00;DECISION;setup SHORT score=0.85 entry=4204.38 inv=4215.72 tgt=0.00 AWAIT-RETEST [CHoCH short lvl=4205.83|RelVol=1.02|Retest@4204.38|VPnode d=1.82|VWAPside|CycleTurn w=0.93<-0.99]
2025.12.04 04:30:00;VETO;authorization denied: outside session window (server hour 04, window 12-20)
2025.12.04 04:45:00;VETO;authorization denied: outside session window (server hour 04, window 12-20)
2025.12.04 05:00:00;VETO;authorization denied: outside session window (server hour 05, window 12-20)
2025.12.04 05:15:00;VETO;outlier bar masked, z=3.9
2025.12.04 05:30:00;VETO;authorization denied: outside session window (server hour 05, window 12-20)
2025.12.04 07:45:00;VETO;outlier bar masked, z=5.4
2025.12.04 11:00:00;DECISION;setup SHORT score=0.70 entry=4184.58 inv=4198.98 tgt=0.00 [BOS short lvl=4186.45|RelVol=1.04|VPnear|VWAPside|CycleTurn w=0.99<-1.00]
2025.12.04 11:00:00;VETO;authorization denied: outside session window (server hour 11, window 12-20)
2025.12.04 11:15:00;VETO;authorization denied: outside session window (server hour 11, window 12-20)
2025.12.04 11:30:00;VETO;authorization denied: outside session window (server hour 11, window 12-20)
2025.12.04 11:45:00;VETO;signal rejected: volume: relVol 0.97 < 1.00
2025.12.04 11:45:00;VETO;authorization denied: outside session window (server hour 11, window 12-20)
2025.12.04 14:30:00;VETO;signal rejected: volume: relVol 0.94 < 1.00
2025.12.04 16:30:00;VETO;signal rejected: volume: relVol 0.95 < 1.00
2025.12.04 16:45:00;VETO;outlier bar masked, z=4.4
2025.12.04 18:30:00;VETO;signal rejected: volume: relVol 0.92 < 1.00
2025.12.05 03:00:00;VETO;signal rejected: volume: relVol 0.93 < 1.00
2025.12.05 06:15:00;VETO;signal rejected: score 0.50 < 0.55 [CHoCH long lvl=4210.61|RelVol=1.09|Retest@4212.03|VPnear|VWAPside]
2025.12.05 15:30:00;DECISION;setup LONG score=0.85 entry=4232.77 inv=4220.04 tgt=0.00 [BOS long lvl=4229.70|RelVol=1.08|VPnode d=1.57|VWAPside|CycleTurn w=0.64<--0.32]
2025.12.05 15:30:00;DECISION;TP capped 26.48000 -> 19.86000 (3.0xATR)
2025.12.05 15:30:00;ORDER;filled BUY 0.07 lots sl=4220.04 tp=4253.14 [WT|BOS|0.85]
2025.12.05 15:30:00;RISK;sizing: vol_ratio=0.91 scalar=1.00 gap_buf=2.45179 eff_stop=15.69179
2025.12.05 15:30:00;ORDER;entry fill deal #189 BUY 0.07 @ 4233.28000
2025.12.05 17:21:41;MANAGE;#195 SL 4220.04 -> 4233.78 breakeven
2025.12.05 17:21:41;MANAGE;#195 partial close 0.03 of 0.07 lots
2025.12.05 17:21:41;RISK;deal closed pnl=40.68 streak=0 lock=0
2025.12.05 17:29:49;MANAGE;#195 SL 4233.78 -> 4234.01 trail
2025.12.05 17:29:52;MANAGE;#195 SL 4234.01 -> 4234.17 trail
2025.12.05 17:29:57;MANAGE;#195 SL 4234.17 -> 4234.36 trail
2025.12.05 17:32:16;MANAGE;#195 SL 4234.36 -> 4234.53 trail
2025.12.05 17:32:18;MANAGE;#195 SL 4234.53 -> 4234.63 trail
2025.12.05 17:32:18;MANAGE;#195 SL 4234.63 -> 4234.81 trail
2025.12.05 17:32:20;MANAGE;#195 SL 4234.81 -> 4234.91 trail
2025.12.05 17:32:21;MANAGE;#195 SL 4234.91 -> 4235.01 trail
2025.12.05 17:32:22;MANAGE;#195 SL 4235.01 -> 4235.27 trail
2025.12.05 17:32:23;MANAGE;#195 SL 4235.27 -> 4235.39 trail
2025.12.05 17:32:24;MANAGE;#195 SL 4235.39 -> 4235.50 trail
2025.12.05 17:32:25;MANAGE;#195 SL 4235.50 -> 4235.64 trail
2025.12.05 17:32:28;MANAGE;#195 SL 4235.64 -> 4235.77 trail
2025.12.05 17:32:29;MANAGE;#195 SL 4235.77 -> 4235.88 trail
2025.12.05 17:32:30;MANAGE;#195 SL 4235.88 -> 4236.00 trail
2025.12.05 17:32:32;MANAGE;#195 SL 4236.00 -> 4236.54 trail
2025.12.05 17:32:33;MANAGE;#195 SL 4236.54 -> 4236.78 trail
2025.12.05 17:32:37;MANAGE;#195 SL 4236.78 -> 4236.90 trail
2025.12.05 17:32:42;RISK;deal closed pnl=79.76 streak=0 lock=0
2025.12.05 18:00:00;VETO;outlier bar masked, z=4.5
2025.12.05 18:15:00;VETO;outlier bar masked, z=14.1
2025.12.05 18:30:00;VETO;outlier bar masked, z=5.5
2025.12.05 21:45:00;VETO;signal rejected: volume: relVol 0.98 < 1.00
2025.12.08 01:15:28;VETO;outlier bar masked, z=3.7
2025.12.08 02:45:00;DECISION;setup LONG score=0.65 entry=4210.81 inv=4191.89 tgt=0.00 AWAIT-RETEST [CHoCH long lvl=4209.43|RelVol=1.15|Retest@4210.81|VPnode d=4.01|VWAPside]
2025.12.08 03:00:00;VETO;authorization denied: outside session window (server hour 03, window 12-20)
2025.12.08 03:15:00;VETO;authorization denied: outside session window (server hour 03, window 12-20)
2025.12.08 03:30:00;VETO;authorization denied: outside session window (server hour 03, window 12-20)
2025.12.08 03:45:00;VETO;authorization denied: outside session window (server hour 03, window 12-20)
2025.12.08 07:30:00;DECISION;setup SHORT score=0.85 entry=4205.63 inv=4213.25 tgt=0.00 AWAIT-RETEST [CHoCH short lvl=4206.71|RelVol=1.03|Retest@4205.63|VPnode d=2.23|VWAPside|CycleTurn w=0.96<-0.98]
2025.12.08 07:45:00;DECISION;setup LONG score=0.65 entry=4214.44 inv=4206.71 tgt=0.00 AWAIT-RETEST [CHoCH long lvl=4213.25|RelVol=1.17|Retest@4214.44|VPnode d=2.64|VWAPside]
2025.12.08 08:00:00;VETO;authorization denied: outside session window (server hour 08, window 12-20)
2025.12.08 08:15:00;VETO;authorization denied: outside session window (server hour 08, window 12-20)
2025.12.08 08:30:00;VETO;authorization denied: outside session window (server hour 08, window 12-20)
2025.12.08 08:45:00;VETO;authorization denied: outside session window (server hour 08, window 12-20)
2025.12.08 13:00:00;DECISION;setup SHORT score=0.65 entry=4202.48 inv=4212.72 tgt=0.00 AWAIT-RETEST [CHoCH short lvl=4203.91|RelVol=1.06|Retest@4202.48|VPnode d=0.88|VWAPside]
2025.12.08 13:00:00;DECISION;TP capped 20.47607 -> 17.13643 (3.0xATR)
2025.12.08 13:00:00;ERROR;limit SELL 0.09 @ 4202.48 sl=4212.72 tp=4185.35 rc=10015 [WT|CHOCH|0.65|RL]
2025.12.08 13:15:00;DECISION;TP capped 19.00000 -> 16.86214 (3.0xATR)
2025.12.08 13:15:00;ORDER;filled SELL 0.09 lots sl=4212.72 tp=4186.36 [WT|CHOCH|0.65]
2025.12.08 13:15:00;RISK;sizing: vol_ratio=0.86 scalar=1.00 gap_buf=2.81036 eff_stop=12.31036
2025.12.08 13:15:00;ORDER;entry fill deal #192 SELL 0.09 @ 4203.22000
2025.12.08 13:37:00;RISK;deal closed pnl=-85.68 streak=1 lock=0
2025.12.08 13:45:00;DECISION;setup LONG score=0.85 entry=4214.10 inv=4203.91 tgt=0.00 AWAIT-RETEST [CHoCH long lvl=4212.72|RelVol=1.16|Retest@4214.10|VPnode d=1.70|VWAPside|CycleTurn w=-0.93<--1.00]
2025.12.08 13:45:00;DECISION;TP capped 20.37214 -> 16.51286 (3.0xATR)
2025.12.08 13:45:00;ERROR;limit BUY 0.09 @ 4214.10 sl=4203.91 tp=4230.61 rc=10015 [WT|CHOCH|0.85|RL]
2025.12.08 14:00:00;ORDER;filled BUY 0.15 lots sl=4203.91 tp=4218.58 [WT|CHOCH|0.85]
2025.12.08 14:00:00;RISK;sizing: vol_ratio=0.81 scalar=1.00 gap_buf=2.67464 eff_stop=7.56464
2025.12.08 14:00:00;ORDER;entry fill deal #194 BUY 0.15 @ 4208.80000
2025.12.08 14:51:21;MANAGE;#200 SL 4203.91 -> 4208.97 breakeven
2025.12.08 14:51:21;MANAGE;#200 partial close 0.07 of 0.15 lots
2025.12.08 14:51:21;RISK;deal closed pnl=36.96 streak=0 lock=0
2025.12.08 15:00:52;RISK;deal closed pnl=-2.88 streak=1 lock=0
2025.12.08 16:45:00;DECISION;setup SHORT score=0.65 entry=4197.92 inv=4215.47 tgt=0.00 AWAIT-RETEST [CHoCH short lvl=4199.57|RelVol=1.09|Retest@4197.92|VPnode d=4.88|VWAPside]
2025.12.08 16:45:00;DECISION;TP capped 35.10393 -> 26.32795 (3.0xATR)
2025.12.08 16:45:00;ERROR;limit SELL 0.05 @ 4197.92 sl=4215.47 tp=4171.59 rc=10015 [WT|CHOCH|0.65|RL]
2025.12.08 17:00:00;DECISION;TP capped 37.64000 -> 28.23000 (3.0xATR)
2025.12.08 17:00:00;ORDER;filled SELL 0.05 lots sl=4215.47 tp=4168.42 [WT|CHOCH|0.65]
2025.12.08 17:00:00;RISK;sizing: vol_ratio=1.01 scalar=1.00 gap_buf=3.56214 eff_stop=22.38214
2025.12.08 17:00:00;ORDER;entry fill deal #197 SELL 0.05 @ 4196.65000
2025.12.08 17:09:49;MANAGE;#203 SL 4215.47 -> 4196.48 breakeven
2025.12.08 17:09:49;MANAGE;#203 partial close 0.02 of 0.05 lots
2025.12.08 17:09:49;RISK;deal closed pnl=38.60 streak=0 lock=0
2025.12.08 17:09:50;MANAGE;#203 SL 4196.48 -> 4191.88 trail
2025.12.08 17:09:50;MANAGE;#203 SL 4191.88 -> 4191.73 trail
2025.12.08 17:15:00;VETO;outlier bar masked, z=4.9
2025.12.08 17:22:30;RISK;deal closed pnl=14.16 streak=0 lock=0
2025.12.08 17:30:00;VETO;outlier bar masked, z=3.8
2025.12.09 03:15:00;VETO;signal rejected: volume: relVol 0.98 < 1.00
2025.12.09 05:30:00;DECISION;setup LONG score=0.85 entry=4197.93 inv=4186.00 tgt=0.00 [BOS long lvl=4197.22|RelVol=1.14|VPnode d=1.53|VWAPside|CycleTurn w=-0.85<--0.92]
2025.12.09 05:30:00;VETO;authorization denied: outside session window (server hour 05, window 12-20)
2025.12.09 05:45:00;VETO;authorization denied: outside session window (server hour 05, window 12-20)
2025.12.09 06:00:00;VETO;authorization denied: outside session window (server hour 06, window 12-20)
2025.12.09 06:15:00;VETO;authorization denied: outside session window (server hour 06, window 12-20)
2025.12.09 07:30:00;VETO;signal rejected: volume: relVol 0.92 < 1.00
2025.12.09 10:15:00;DECISION;setup LONG score=0.60 entry=4187.13 inv=4175.93 tgt=0.00 AWAIT-RETEST [CHoCH long lvl=4185.82|RelVol=1.10|Retest@4187.13|VPnear|CycleTurn w=-0.03<--0.89]
2025.12.09 10:30:00;VETO;authorization denied: outside session window (server hour 10, window 12-20)
2025.12.09 10:45:00;VETO;authorization denied: outside session window (server hour 10, window 12-20)
2025.12.09 11:00:00;VETO;authorization denied: outside session window (server hour 11, window 12-20)
2025.12.09 11:15:00;VETO;outlier bar masked, z=4.5
2025.12.09 11:30:00;VETO;authorization denied: outside session window (server hour 11, window 12-20)
2025.12.09 16:15:00;VETO;outlier bar masked, z=3.7
2025.12.09 16:45:00;VETO;outlier bar masked, z=4.1
2025.12.09 17:15:00;VETO;outlier bar masked, z=4.3
2025.12.09 17:30:00;VETO;outlier bar masked, z=3.7
2025.12.09 18:00:00;VETO;outlier bar masked, z=5.4
2025.12.10 03:15:00;VETO;signal rejected: score 0.50 < 0.55 [BOS long lvl=4212.98|RelVol=1.04|VPnear|VWAPside]
2025.12.10 06:00:00;DECISION;setup SHORT score=0.65 entry=4205.81 inv=4218.78 tgt=0.00 AWAIT-RETEST [CHoCH short lvl=4206.95|RelVol=1.03|Retest@4205.81|VPnode d=1.19|VWAPside]
2025.12.10 06:15:00;VETO;authorization denied: outside session window (server hour 06, window 12-20)
2025.12.10 06:30:01;VETO;authorization denied: outside session window (server hour 06, window 12-20)
2025.12.10 06:45:00;VETO;authorization denied: outside session window (server hour 06, window 12-20)
2025.12.10 07:00:00;VETO;authorization denied: outside session window (server hour 07, window 12-20)
2025.12.10 07:15:00;VETO;signal rejected: volume: relVol 0.92 < 1.00
2025.12.10 07:45:00;DECISION;setup LONG score=0.85 entry=4210.75 inv=4203.79 tgt=0.00 AWAIT-RETEST [CHoCH long lvl=4209.71|RelVol=1.11|Retest@4210.75|VPnode d=2.45|VWAPside|CycleTurn w=-0.99<--1.00]
2025.12.10 08:00:00;VETO;authorization denied: outside session window (server hour 08, window 12-20)
2025.12.10 08:15:00;VETO;authorization denied: outside session window (server hour 08, window 12-20)
2025.12.10 08:30:00;VETO;authorization denied: outside session window (server hour 08, window 12-20)
2025.12.10 08:45:00;VETO;authorization denied: outside session window (server hour 08, window 12-20)
2025.12.10 10:15:00;DECISION;setup SHORT score=0.65 entry=4202.19 inv=4214.32 tgt=0.00 AWAIT-RETEST [CHoCH short lvl=4203.22|RelVol=1.03|Retest@4202.19|VPnode d=1.41|VWAPside]
2025.12.10 10:30:00;VETO;authorization denied: outside session window (server hour 10, window 12-20)
2025.12.10 10:45:00;VETO;authorization denied: outside session window (server hour 10, window 12-20)
2025.12.10 11:00:00;VETO;authorization denied: outside session window (server hour 11, window 12-20)
2025.12.10 11:15:00;VETO;authorization denied: outside session window (server hour 11, window 12-20)
2025.12.10 15:45:00;DECISION;setup LONG score=0.65 entry=4203.40 inv=4187.98 tgt=0.00 AWAIT-RETEST [CHoCH long lvl=4202.30|RelVol=6.50|Retest@4203.40|VPnode d=1.40|VWAPside]
2025.12.10 15:45:00;DECISION;TP capped 30.83536 -> 23.12652 (3.0xATR)
2025.12.10 15:45:00;ERROR;limit BUY 0.06 @ 4203.40 sl=4187.98 tp=4226.52 rc=10015 [WT|CHOCH|0.65|RL]
2025.12.10 16:00:00;DECISION;TP capped 25.58000 -> 19.18500 (3.0xATR)
2025.12.10 16:00:00;ORDER;filled BUY 0.07 lots sl=4187.98 tp=4219.96 [WT|CHOCH|0.65]
2025.12.10 16:00:00;RISK;sizing: vol_ratio=0.87 scalar=1.00 gap_buf=2.21214 eff_stop=15.00214
2025.12.10 16:00:00;ORDER;entry fill deal #200 BUY 0.07 @ 4200.77000
2025.12.10 17:00:00;DECISION;setup SHORT score=0.85 entry=4191.59 inv=4207.01 tgt=0.00 AWAIT-RETEST [CHoCH short lvl=4193.09|RelVol=7.82|Retest@4191.59|VPnode d=0.61|VWAPside|CycleTurn w=0.92<-0.99]
2025.12.10 17:00:00;VETO;retest limit risk veto: max positions
2025.12.10 17:15:00;DECISION;TP capped 24.70000 -> 19.27929 (3.0xATR)
2025.12.10 17:15:00;VETO;risk veto: max positions
2025.12.10 21:08:25;MANAGE;#206 SL 4187.98 -> 4200.77 breakeven
2025.12.10 21:08:25;MANAGE;#206 partial close 0.03 of 0.07 lots
2025.12.10 21:08:25;RISK;deal closed pnl=38.49 streak=0 lock=0
2025.12.10 21:08:25;MANAGE;#206 SL 4200.77 -> 4204.80 trail
2025.12.10 21:08:26;MANAGE;#206 SL 4204.80 -> 4204.90 trail
2025.12.10 21:08:26;MANAGE;#206 SL 4204.90 -> 4205.01 trail
2025.12.10 21:08:40;MANAGE;#206 SL 4205.01 -> 4205.46 trail
2025.12.10 21:08:40;MANAGE;#206 SL 4205.46 -> 4205.60 trail
2025.12.10 21:08:40;MANAGE;#206 SL 4205.60 -> 4205.82 trail
2025.12.10 21:08:40;MANAGE;#206 SL 4205.82 -> 4205.93 trail
2025.12.10 21:08:40;MANAGE;#206 SL 4205.93 -> 4206.04 trail
2025.12.10 21:08:40;MANAGE;#206 SL 4206.04 -> 4206.14 trail
2025.12.10 21:08:40;MANAGE;#206 SL 4206.14 -> 4206.31 trail
2025.12.10 21:08:50;MANAGE;#206 SL 4206.31 -> 4206.50 trail
2025.12.10 21:08:51;MANAGE;#206 SL 4206.50 -> 4206.62 trail
2025.12.10 21:09:01;MANAGE;#206 SL 4206.62 -> 4206.79 trail
2025.12.10 21:09:02;MANAGE;#206 SL 4206.79 -> 4206.96 trail
2025.12.10 21:09:02;MANAGE;#206 SL 4206.96 -> 4207.08 trail
2025.12.10 21:09:02;MANAGE;#206 SL 4207.08 -> 4207.18 trail
2025.12.10 21:09:03;MANAGE;#206 SL 4207.18 -> 4207.37 trail
2025.12.10 21:09:03;MANAGE;#206 SL 4207.37 -> 4207.49 trail
2025.12.10 21:09:07;MANAGE;#206 SL 4207.49 -> 4207.59 trail
2025.12.10 21:09:11;MANAGE;#206 SL 4207.59 -> 4207.77 trail
2025.12.10 21:09:11;MANAGE;#206 SL 4207.77 -> 4207.93 trail
2025.12.10 21:09:11;MANAGE;#206 SL 4207.93 -> 4208.11 trail
2025.12.10 21:09:11;MANAGE;#206 SL 4208.11 -> 4208.21 trail
2025.12.10 21:09:12;MANAGE;#206 SL 4208.21 -> 4208.58 trail
2025.12.10 21:09:12;MANAGE;#206 SL 4208.58 -> 4208.90 trail
2025.12.10 21:09:12;MANAGE;#206 SL 4208.90 -> 4209.03 trail
2025.12.10 21:09:16;MANAGE;#206 SL 4209.03 -> 4209.24 trail
2025.12.10 21:09:17;MANAGE;#206 SL 4209.24 -> 4209.39 trail
2025.12.10 21:09:17;MANAGE;#206 SL 4209.39 -> 4209.53 trail
2025.12.10 21:09:18;MANAGE;#206 SL 4209.53 -> 4209.65 trail
2025.12.10 21:09:18;MANAGE;#206 SL 4209.65 -> 4209.77 trail
2025.12.10 21:09:18;MANAGE;#206 SL 4209.77 -> 4209.89 trail
2025.12.10 21:09:18;MANAGE;#206 SL 4209.89 -> 4210.01 trail
2025.12.10 21:09:43;MANAGE;#206 SL 4210.01 -> 4210.12 trail
2025.12.10 21:11:09;MANAGE;#206 SL 4210.12 -> 4210.24 trail
2025.12.10 21:11:09;MANAGE;#206 SL 4210.24 -> 4210.36 trail
2025.12.10 21:11:09;MANAGE;#206 SL 4210.36 -> 4210.54 trail
2025.12.10 21:11:15;MANAGE;#206 SL 4210.54 -> 4210.65 trail
2025.12.10 21:11:15;MANAGE;#206 SL 4210.65 -> 4210.75 trail
2025.12.10 21:11:15;MANAGE;#206 SL 4210.75 -> 4210.85 trail
2025.12.10 21:12:21;RISK;deal closed pnl=40.24 streak=0 lock=0
2025.12.10 21:15:00;VETO;outlier bar masked, z=13.0
2025.12.10 21:30:00;VETO;outlier bar masked, z=9.7
2025.12.10 21:45:00;VETO;outlier bar masked, z=15.8
2025.12.10 22:00:00;VETO;outlier bar masked, z=14.0
2025.12.10 22:15:00;VETO;outlier bar masked, z=10.9
2025.12.10 22:30:00;VETO;outlier bar masked, z=4.0
2025.12.11 02:15:00;VETO;outlier bar masked, z=3.7
2025.12.11 05:00:00;VETO;signal rejected: score 0.40 < 0.55 [CHoCH short lvl=4223.97|RelVol=7.06|Retest@4222.26|VWAPside]
2025.12.11 05:15:00;VETO;outlier bar masked, z=4.9
2025.12.11 08:00:00;DECISION;setup SHORT score=0.75 entry=4207.55 inv=4247.63 tgt=0.00 [BOS short lvl=4209.43|RelVol=6.09|VPnode d=1.55|VWAPside|ADX=38]
2025.12.11 08:00:00;VETO;authorization denied: outside session window (server hour 08, window 12-20)
2025.12.11 08:15:00;VETO;authorization denied: outside session window (server hour 08, window 12-20)
2025.12.11 08:30:00;VETO;authorization denied: outside session window (server hour 08, window 12-20)
2025.12.11 08:45:00;VETO;authorization denied: outside session window (server hour 08, window 12-20)
2025.12.11 09:45:00;DECISION;setup LONG score=0.55 entry=4216.73 inv=4204.34 tgt=0.00 AWAIT-RETEST [CHoCH long lvl=4215.44|RelVol=4.67|Retest@4216.73|VPnode d=3.03]
2025.12.11 10:00:00;VETO;authorization denied: outside session window (server hour 10, window 12-20)
2025.12.11 10:15:00;VETO;authorization denied: outside session window (server hour 10, window 12-20)
2025.12.11 10:30:00;VETO;authorization denied: outside session window (server hour 10, window 12-20)
2025.12.11 10:45:00;VETO;authorization denied: outside session window (server hour 10, window 12-20)
2025.12.11 12:15:00;VETO;signal rejected: score 0.40 < 0.55 [BOS long lvl=4219.61|RelVol=5.84|VPnear]
2025.12.11 14:00:00;DECISION;setup SHORT score=0.85 entry=4210.65 inv=4225.92 tgt=0.00 AWAIT-RETEST [CHoCH short lvl=4211.90|RelVol=3.37|Retest@4210.65|VPnode d=3.05|VWAPside|CycleTurn w=-0.20<-0.72]
2025.12.11 14:00:00;DECISION;TP capped 30.53679 -> 22.90259 (3.0xATR)
2025.12.11 14:00:00;ERROR;limit SELL 0.06 @ 4210.65 sl=4225.92 tp=4187.75 rc=10015 [WT|CHOCH|0.85|RL]
2025.12.11 14:15:00;DECISION;TP capped 27.12000 -> 20.34000 (3.0xATR)
2025.12.11 14:15:00;ORDER;filled SELL 0.07 lots sl=4225.92 tp=4192.02 [WT|CHOCH|0.85]
2025.12.11 14:15:00;RISK;sizing: vol_ratio=0.74 scalar=1.00 gap_buf=2.48821 eff_stop=16.04821
2025.12.11 14:15:00;ORDER;entry fill deal #203 SELL 0.07 @ 4212.36000
2025.12.11 16:08:54;RISK;deal closed pnl=-95.34 streak=1 lock=0
2025.12.11 16:15:00;VETO;signal rejected: score 0.50 < 0.55 [CHoCH long lvl=4225.92|RelVol=5.50|Retest@4227.49|VPnear|VWAPside]
2025.12.11 17:45:00;VETO;outlier bar masked, z=4.0
2025.12.11 19:00:00;VETO;outlier bar masked, z=3.9
2025.12.11 21:00:00;VETO;outlier bar masked, z=3.9
2025.12.12 03:00:00;DECISION;setup SHORT score=0.65 entry=4270.83 inv=4283.67 tgt=0.00 AWAIT-RETEST [CHoCH short lvl=4272.19|RelVol=3.20|Retest@4270.83|VPnode d=2.97|VWAPside]
2025.12.12 03:15:00;VETO;authorization denied: outside session window (server hour 03, window 12-20)
2025.12.12 03:30:00;VETO;authorization denied: outside session window (server hour 03, window 12-20)
2025.12.12 03:45:00;VETO;authorization denied: outside session window (server hour 03, window 12-20)
2025.12.12 04:00:00;VETO;authorization denied: outside session window (server hour 04, window 12-20)
2025.12.12 07:45:00;DECISION;setup LONG score=0.70 entry=4277.81 inv=4264.67 tgt=0.00 AWAIT-RETEST [CHoCH long lvl=4276.83|RelVol=4.63|Retest@4277.81|VPnear|VWAPside|CycleTurn w=-0.85<--0.98]
2025.12.12 08:00:00;VETO;authorization denied: outside session window (server hour 08, window 12-20)
2025.12.12 08:15:00;VETO;authorization denied: outside session window (server hour 08, window 12-20)
2025.12.12 08:30:00;VETO;authorization denied: outside session window (server hour 08, window 12-20)
2025.12.12 08:45:00;VETO;authorization denied: outside session window (server hour 08, window 12-20)
2025.12.12 15:15:00;VETO;outlier bar masked, z=4.7
2025.12.12 15:45:00;VETO;signal rejected: score 0.50 < 0.55 [BOS long lvl=4339.23|RelVol=3.82|VWAPside|ADX=38]
2025.12.12 16:45:00;VETO;outlier bar masked, z=3.8
2025.12.12 17:00:00;VETO;outlier bar masked, z=4.1
2025.12.12 17:30:00;VETO;outlier bar masked, z=15.6
2025.12.12 17:45:00;VETO;outlier bar masked, z=6.3
2025.12.12 18:00:00;VETO;outlier bar masked, z=12.5
2025.12.12 18:15:00;VETO;outlier bar masked, z=6.0
2025.12.12 18:30:00;VETO;outlier bar masked, z=5.3
2025.12.12 18:45:00;VETO;outlier bar masked, z=9.5
2025.12.12 19:30:00;VETO;outlier bar masked, z=4.1
2025.12.15 01:48:18;VETO;signal rejected: volume: relVol 0.00 < 1.00
2025.12.15 03:15:00;DECISION;setup LONG score=0.65 entry=4308.81 inv=4300.14 tgt=0.00 AWAIT-RETEST [BOS long lvl=4307.70|RelVol=3.57|Retest@4308.81|VPnode d=0.79|VWAPside]
2025.12.15 07:45:00;DECISION;setup LONG score=0.75 entry=4331.27 inv=4323.13 tgt=0.00 AWAIT-RETEST [BOS long lvl=4330.08|RelVol=3.17|Retest@4331.27|VPnode d=0.07|VWAPside|ADX=36]
2025.12.15 11:15:00;DECISION;setup LONG score=0.70 entry=4349.05 inv=4333.54 tgt=0.00 [BOS long lvl=4347.38|RelVol=2.06|VWAPside|CycleTurn w=-0.96<--0.98|ADX=32]
2025.12.15 11:15:00;VETO;authorization denied: outside session window (server hour 11, window 12-20)
2025.12.15 11:30:00;VETO;authorization denied: outside session window (server hour 11, window 12-20)
2025.12.15 11:45:00;VETO;authorization denied: outside session window (server hour 11, window 12-20)
2025.12.15 12:00:00;DECISION;TP capped 18.54000 -> 14.64643 (3.0xATR)
2025.12.15 12:00:00;ORDER;filled BUY 0.10 lots sl=4333.54 tp=4357.46 [WT|BOS|0.70]
2025.12.15 12:00:00;RISK;sizing: vol_ratio=0.60 scalar=1.00 gap_buf=2.44107 eff_stop=11.71107
2025.12.15 12:00:00;ORDER;entry fill deal #205 BUY 0.10 @ 4342.81000
2025.12.15 15:57:41;RISK;deal closed pnl=-92.80 streak=1 lock=0
2025.12.15 16:00:00;VETO;signal rejected: score 0.40 < 0.55 [CHoCH short lvl=4335.34|RelVol=3.29|Retest@4333.91|VPnear]
2025.12.16 03:45:00;DECISION;setup LONG score=0.65 entry=4314.45 inv=4303.09 tgt=0.00 AWAIT-RETEST [CHoCH long lvl=4313.21|RelVol=2.88|Retest@4314.45|VPnode d=2.65|VWAPside]
2025.12.16 04:00:00;VETO;authorization denied: outside session window (server hour 04, window 12-20)
2025.12.16 04:15:00;VETO;authorization denied: outside session window (server hour 04, window 12-20)
2025.12.16 04:30:00;VETO;authorization denied: outside session window (server hour 04, window 12-20)
2025.12.16 04:45:00;VETO;authorization denied: outside session window (server hour 04, window 12-20)
2025.12.16 05:00:00;VETO;outlier bar masked, z=6.8
2025.12.16 07:45:00;VETO;signal rejected: score 0.50 < 0.55 [BOS short lvl=4280.67|RelVol=4.29|VPnear|VWAPside]
2025.12.16 10:30:00;DECISION;setup SHORT score=0.70 entry=4279.07 inv=4292.16 tgt=0.00 [BOS short lvl=4279.77|RelVol=2.67|VPnear|VWAPside|CycleTurn w=0.96<-1.00]
2025.12.16 10:30:00;VETO;authorization denied: outside session window (server hour 10, window 12-20)
2025.12.16 10:45:00;VETO;authorization denied: outside session window (server hour 10, window 12-20)
2025.12.16 11:00:00;VETO;authorization denied: outside session window (server hour 11, window 12-20)
2025.12.16 11:15:00;VETO;authorization denied: outside session window (server hour 11, window 12-20)
2025.12.16 14:30:00;DECISION;setup LONG score=0.75 entry=4290.69 inv=4273.83 tgt=0.00 AWAIT-RETEST [CHoCH long lvl=4289.37|RelVol=2.79|Retest@4290.69|VPnode d=1.31|CycleTurn w=0.79<-0.65]
2025.12.16 14:30:00;DECISION;TP capped 33.72000 -> 25.29000 (3.0xATR)
2025.12.16 14:30:00;ORDER;limit BUY 0.06 @ 4290.69 sl=4273.83 tp=4315.98 rc=10009 [WT|CHOCH|0.75|RL]
2025.12.16 14:30:00;RISK;sizing: vol_ratio=0.77 scalar=1.00 gap_buf=2.64000 eff_stop=19.50000
2025.12.16 14:30:26;ORDER;entry fill deal #207 BUY 0.06 @ 4290.65000
2025.12.16 15:30:52;MANAGE;#213 SL 4273.83 -> 4290.84 breakeven
2025.12.16 15:30:52;MANAGE;#213 partial close 0.03 of 0.06 lots
2025.12.16 15:30:52;RISK;deal closed pnl=51.27 streak=0 lock=0
2025.12.16 15:30:52;MANAGE;#213 SL 4290.84 -> 4296.01 trail
2025.12.16 15:31:03;MANAGE;#213 SL 4296.01 -> 4296.15 trail
2025.12.16 15:31:11;MANAGE;#213 SL 4296.15 -> 4296.34 trail
2025.12.16 15:31:13;MANAGE;#213 SL 4296.34 -> 4296.63 trail
2025.12.16 15:31:16;MANAGE;#213 SL 4296.63 -> 4296.93 trail
2025.12.16 15:31:17;MANAGE;#213 SL 4296.93 -> 4297.16 trail
2025.12.16 15:31:19;MANAGE;#213 SL 4297.16 -> 4297.56 trail
2025.12.16 15:31:20;MANAGE;#213 SL 4297.56 -> 4297.67 trail
2025.12.16 15:31:20;MANAGE;#213 SL 4297.67 -> 4297.99 trail
2025.12.16 15:31:22;MANAGE;#213 SL 4297.99 -> 4298.13 trail
2025.12.16 15:31:24;MANAGE;#213 SL 4298.13 -> 4298.25 trail
2025.12.16 15:31:25;MANAGE;#213 SL 4298.25 -> 4298.43 trail
2025.12.16 15:31:25;MANAGE;#213 SL 4298.43 -> 4298.95 trail
2025.12.16 15:31:26;MANAGE;#213 SL 4298.95 -> 4299.07 trail
2025.12.16 15:31:26;MANAGE;#213 SL 4299.07 -> 4299.27 trail
2025.12.16 15:31:30;MANAGE;#213 SL 4299.27 -> 4299.52 trail
2025.12.16 15:32:16;MANAGE;#213 SL 4299.52 -> 4299.65 trail
2025.12.16 15:32:16;MANAGE;#213 SL 4299.65 -> 4299.85 trail
2025.12.16 15:32:16;MANAGE;#213 SL 4299.85 -> 4300.04 trail
2025.12.16 15:32:22;MANAGE;#213 SL 4300.04 -> 4300.62 trail
2025.12.16 15:32:22;MANAGE;#213 SL 4300.62 -> 4301.25 trail
2025.12.16 15:46:55;RISK;deal closed pnl=31.74 streak=0 lock=0
2025.12.16 18:30:00;DECISION;setup SHORT score=0.75 entry=4309.73 inv=4335.08 tgt=0.00 AWAIT-RETEST [CHoCH short lvl=4312.42|RelVol=2.77|Retest@4309.73|VPnode d=0.67|CycleTurn w=0.53<-0.89]
2025.12.16 18:30:00;DECISION;TP capped 50.69286 -> 38.01964 (3.0xATR)
2025.12.16 18:30:00;ORDER;limit SELL 0.03 @ 4309.73 sl=4335.08 tp=4271.71 rc=10009 [WT|CHOCH|0.75|RL]
2025.12.16 18:30:00;RISK;sizing: vol_ratio=1.42 scalar=1.00 gap_buf=5.37286 eff_stop=30.71929
2025.12.16 19:07:47;ORDER;entry fill deal #210 SELL 0.03 @ 4309.75000
2025.12.17 03:15:00;DECISION;setup LONG score=0.65 entry=4316.85 inv=4300.72 tgt=0.00 AWAIT-RETEST [CHoCH long lvl=4315.93|RelVol=2.45|Retest@4316.85|VPnode d=1.05|VWAPside]
2025.12.17 03:30:00;VETO;authorization denied: outside session window (server hour 03, window 12-20)
2025.12.17 03:45:00;VETO;authorization denied: outside session window (server hour 03, window 12-20)
2025.12.17 04:00:00;VETO;authorization denied: outside session window (server hour 04, window 12-20)
2025.12.17 04:15:00;VETO;authorization denied: outside session window (server hour 04, window 12-20)
2025.12.17 06:45:00;DECISION;setup LONG score=0.60 entry=4329.86 inv=4311.18 tgt=0.00 [BOS long lvl=4327.80|RelVol=1.93|VPnear|VWAPside|ADX=35]
2025.12.17 06:45:00;VETO;authorization denied: outside session window (server hour 06, window 12-20)
2025.12.17 07:00:00;VETO;authorization denied: outside session window (server hour 07, window 12-20)
2025.12.17 07:15:00;VETO;authorization denied: outside session window (server hour 07, window 12-20)
2025.12.17 07:22:08;RISK;deal closed pnl=-76.19 streak=1 lock=0
2025.12.17 07:30:00;VETO;authorization denied: outside session window (server hour 07, window 12-20)
2025.12.17 09:45:00;DECISION;setup SHORT score=0.65 entry=4318.92 inv=4342.51 tgt=0.00 AWAIT-RETEST [CHoCH short lvl=4320.57|RelVol=2.28|Retest@4318.92|VPnode d=4.38|VWAPside]
2025.12.17 10:00:00;VETO;authorization denied: outside session window (server hour 10, window 12-20)
2025.12.17 10:15:00;VETO;authorization denied: outside session window (server hour 10, window 12-20)
2025.12.17 10:30:00;VETO;authorization denied: outside session window (server hour 10, window 12-20)
2025.12.17 10:45:00;VETO;authorization denied: outside session window (server hour 10, window 12-20)
2025.12.17 14:30:00;DECISION;setup LONG score=0.85 entry=4321.75 inv=4306.58 tgt=0.00 AWAIT-RETEST [CHoCH long lvl=4320.48|RelVol=1.58|Retest@4321.75|VPnode d=3.05|VWAPside|CycleTurn w=-0.95<--1.00]
2025.12.17 14:30:00;DECISION;TP capped 30.33786 -> 22.75339 (3.0xATR)
2025.12.17 14:30:00;ERROR;limit BUY 0.06 @ 4321.75 sl=4306.58 tp=4344.50 rc=10015 [WT|CHOCH|0.85|RL]
2025.12.17 14:45:00;DECISION;TP capped 22.06000 -> 16.54500 (3.0xATR)
2025.12.17 14:45:00;ORDER;filled BUY 0.08 lots sl=4306.58 tp=4334.15 [WT|CHOCH|0.85]
2025.12.17 14:45:00;RISK;sizing: vol_ratio=0.78 scalar=1.00 gap_buf=2.55679 eff_stop=13.58679
2025.12.17 14:45:00;ORDER;entry fill deal #212 BUY 0.08 @ 4317.61000
2025.12.17 15:17:11;MANAGE;#218 SL 4306.58 -> 4317.65 breakeven
2025.12.17 15:17:11;MANAGE;#218 partial close 0.04 of 0.08 lots
2025.12.17 15:17:11;RISK;deal closed pnl=45.12 streak=0 lock=0
2025.12.17 15:17:11;MANAGE;#218 SL 4317.65 -> 4317.96 trail
2025.12.17 15:17:15;MANAGE;#218 SL 4317.96 -> 4318.08 trail
2025.12.17 15:17:28;MANAGE;#218 SL 4318.08 -> 4318.19 trail
2025.12.17 15:19:31;MANAGE;#218 SL 4318.19 -> 4318.32 trail
2025.12.17 15:19:31;MANAGE;#218 SL 4318.32 -> 4318.47 trail
2025.12.17 15:19:31;MANAGE;#218 SL 4318.47 -> 4318.75 trail
2025.12.17 15:19:31;MANAGE;#218 SL 4318.75 -> 4318.91 trail
2025.12.17 15:19:31;MANAGE;#218 SL 4318.91 -> 4319.09 trail
2025.12.17 15:19:38;MANAGE;#218 SL 4319.09 -> 4319.23 trail
2025.12.17 15:19:38;MANAGE;#218 SL 4319.23 -> 4319.38 trail
2025.12.17 15:20:01;MANAGE;#218 SL 4319.38 -> 4319.53 trail
2025.12.17 15:20:02;MANAGE;#218 SL 4319.53 -> 4319.65 trail
2025.12.17 15:20:02;MANAGE;#218 SL 4319.65 -> 4319.78 trail
2025.12.17 15:20:03;MANAGE;#218 SL 4319.78 -> 4319.89 trail
2025.12.17 15:20:03;MANAGE;#218 SL 4319.89 -> 4320.02 trail
2025.12.17 15:20:56;MANAGE;#218 SL 4320.02 -> 4320.17 trail
2025.12.17 15:20:58;MANAGE;#218 SL 4320.17 -> 4320.31 trail
2025.12.17 15:21:05;MANAGE;#218 SL 4320.31 -> 4320.42 trail
2025.12.17 15:30:42;MANAGE;#218 SL 4320.42 -> 4320.54 trail
2025.12.17 15:30:43;MANAGE;#218 SL 4320.54 -> 4320.67 trail
2025.12.17 15:30:44;MANAGE;#218 SL 4320.67 -> 4321.64 trail
2025.12.17 15:30:44;MANAGE;#218 SL 4321.64 -> 4322.33 trail
2025.12.17 15:30:44;MANAGE;#218 SL 4322.33 -> 4322.45 trail
2025.12.17 15:30:50;MANAGE;#218 SL 4322.45 -> 4322.60 trail
2025.12.17 15:30:50;RISK;deal closed pnl=66.32 streak=0 lock=0
2025.12.17 17:45:00;VETO;outlier bar masked, z=3.8
2025.12.18 03:00:00;DECISION;setup SHORT score=0.65 entry=4335.07 inv=4346.24 tgt=0.00 AWAIT-RETEST [CHoCH short lvl=4336.09|RelVol=2.57|Retest@4335.07|VPnode d=0.93|VWAPside]
2025.12.18 03:15:00;VETO;authorization denied: outside session window (server hour 03, window 12-20)
2025.12.18 03:30:00;VETO;authorization denied: outside session window (server hour 03, window 12-20)
2025.12.18 03:45:00;VETO;authorization denied: outside session window (server hour 03, window 12-20)
2025.12.18 04:00:00;VETO;authorization denied: outside session window (server hour 04, window 12-20)
2025.12.18 10:15:00;DECISION;setup SHORT score=0.65 entry=4328.41 inv=4337.40 tgt=0.00 [BOS short lvl=4330.10|RelVol=1.93|VPnode d=2.39|VWAPside]
2025.12.18 10:15:00;VETO;authorization denied: outside session window (server hour 10, window 12-20)
2025.12.18 10:30:00;VETO;authorization denied: outside session window (server hour 10, window 12-20)
2025.12.18 10:45:00;VETO;authorization denied: outside session window (server hour 10, window 12-20)
2025.12.18 11:00:00;VETO;authorization denied: outside session window (server hour 11, window 12-20)
2025.12.18 14:30:00;DECISION;setup SHORT score=0.70 entry=4319.44 inv=4328.71 tgt=0.00 [BOS short lvl=4320.81|RelVol=1.34|VWAPside|CycleTurn w=0.83<-1.00|ADX=31]
2025.12.18 14:30:00;DECISION;TP capped 18.56000 -> 13.92000 (3.0xATR)
2025.12.18 14:30:00;ORDER;filled SELL 0.10 lots sl=4328.71 tp=4305.51 [WT|BOS|0.70]
2025.12.18 14:30:00;RISK;sizing: vol_ratio=0.67 scalar=1.00 gap_buf=1.97143 eff_stop=11.25143
2025.12.18 14:30:00;ORDER;entry fill deal #215 SELL 0.10 @ 4319.43000
2025.12.18 15:30:01;RISK;deal closed pnl=-108.80 streak=1 lock=0
2025.12.18 15:45:00;VETO;outlier bar masked, z=5.5
2025.12.18 16:45:00;VETO;outlier bar masked, z=9.4
2025.12.18 17:00:00;VETO;outlier bar masked, z=6.3
2025.12.18 18:15:00;VETO;outlier bar masked, z=9.6
2025.12.18 19:15:00;VETO;outlier bar masked, z=13.6
2025.12.18 19:45:00;VETO;outlier bar masked, z=3.9
2025.12.18 22:00:00;DECISION;setup SHORT score=0.65 entry=4323.44 inv=4374.63 tgt=0.00 AWAIT-RETEST [CHoCH short lvl=4325.72|RelVol=2.37|Retest@4323.44|VPnode d=1.36|VWAPside]
2025.12.18 22:15:00;VETO;authorization denied: outside session window (server hour 22, window 12-20)
2025.12.18 22:30:00;VETO;authorization denied: outside session window (server hour 22, window 12-20)
2025.12.18 22:45:00;VETO;authorization denied: outside session window (server hour 22, window 12-20)
2025.12.18 23:00:00;VETO;authorization denied: outside session window (server hour 23, window 12-20)
2025.12.19 03:00:00;VETO;signal rejected: volume: relVol 0.85 < 1.00
2025.12.19 03:30:00;VETO;outlier bar masked, z=5.1
2025.12.19 07:00:00;DECISION;setup LONG score=0.65 entry=4323.88 inv=4312.67 tgt=0.00 AWAIT-RETEST [CHoCH long lvl=4322.53|RelVol=1.74|Retest@4323.88|VPnode d=0.32|VWAPside]
2025.12.19 07:15:00;VETO;authorization denied: outside session window (server hour 07, window 12-20)
2025.12.19 07:30:00;VETO;authorization denied: outside session window (server hour 07, window 12-20)
2025.12.19 07:45:00;VETO;authorization denied: outside session window (server hour 07, window 12-20)
2025.12.19 08:00:00;VETO;authorization denied: outside session window (server hour 08, window 12-20)
2025.12.19 15:15:00;DECISION;setup LONG score=0.85 entry=4330.16 inv=4320.69 tgt=0.00 [BOS long lvl=4329.52|RelVol=1.63|VPnode d=0.24|VWAPside|CycleTurn w=-0.94<--1.00]
2025.12.19 15:15:00;DECISION;TP capped 19.32000 -> 14.49000 (3.0xATR)
2025.12.19 15:15:00;ORDER;filled BUY 0.09 lots sl=4320.69 tp=4344.84 [WT|BOS|0.85]
2025.12.19 15:15:00;RISK;sizing: vol_ratio=0.64 scalar=1.00 gap_buf=2.24071 eff_stop=11.90071
2025.12.19 15:15:00;ORDER;entry fill deal #217 BUY 0.09 @ 4330.35000
2025.12.19 16:47:17;RISK;deal closed pnl=-87.30 streak=1 lock=0
2025.12.19 17:15:00;DECISION;setup LONG score=0.65 entry=4337.32 inv=4320.69 tgt=0.00 AWAIT-RETEST [BOS long lvl=4335.46|RelVol=1.98|Retest@4337.32|VPnode d=4.32|VWAPside]
2025.12.19 17:15:00;DECISION;TP capped 33.26036 -> 24.94527 (3.0xATR)
2025.12.19 17:15:00;ORDER;limit BUY 0.05 @ 4337.32 sl=4320.69 tp=4362.27 rc=10009 [WT|BOS|0.65|RL]
2025.12.19 17:15:00;RISK;sizing: vol_ratio=1.02 scalar=1.00 gap_buf=3.72036 eff_stop=20.35054
2025.12.19 17:27:14;ORDER;entry fill deal #219 BUY 0.05 @ 4337.23000
2025.12.19 18:01:30;MANAGE;#225 SL 4320.69 -> 4337.27 breakeven
2025.12.19 18:01:30;MANAGE;#225 partial close 0.02 of 0.05 lots
2025.12.19 18:01:30;RISK;deal closed pnl=33.30 streak=0 lock=0
2025.12.19 18:01:32;MANAGE;#225 SL 4337.27 -> 4337.39 trail
2025.12.19 18:01:32;MANAGE;#225 SL 4337.39 -> 4337.52 trail
2025.12.19 18:01:32;MANAGE;#225 SL 4337.52 -> 4337.66 trail
2025.12.19 19:50:09;MANAGE;#225 SL 4337.66 -> 4337.77 trail
2025.12.19 19:50:14;MANAGE;#225 SL 4337.77 -> 4337.88 trail
2025.12.19 19:55:11;MANAGE;#225 SL 4337.88 -> 4338.01 trail
2025.12.19 19:55:11;MANAGE;#225 SL 4338.01 -> 4338.12 trail
2025.12.19 19:55:12;MANAGE;#225 SL 4338.12 -> 4338.27 trail
2025.12.19 19:55:12;MANAGE;#225 SL 4338.27 -> 4338.38 trail
2025.12.19 19:55:12;MANAGE;#225 SL 4338.38 -> 4338.49 trail
2025.12.19 19:55:13;MANAGE;#225 SL 4338.49 -> 4338.62 trail
2025.12.19 20:25:01;MANAGE;#225 SL 4338.62 -> 4338.75 trail
2025.12.19 20:25:02;MANAGE;#225 SL 4338.75 -> 4338.89 trail
2025.12.19 20:25:03;MANAGE;#225 SL 4338.89 -> 4339.01 trail
2025.12.19 20:25:03;MANAGE;#225 SL 4339.01 -> 4339.14 trail
2025.12.19 20:25:04;MANAGE;#225 SL 4339.14 -> 4339.35 trail
2025.12.19 20:25:33;MANAGE;#225 SL 4339.35 -> 4339.46 trail
2025.12.19 20:25:35;MANAGE;#225 SL 4339.46 -> 4339.58 trail
2025.12.19 20:25:42;MANAGE;#225 SL 4339.58 -> 4339.69 trail
2025.12.19 20:26:22;MANAGE;#225 SL 4339.69 -> 4339.83 trail
2025.12.19 20:26:22;MANAGE;#225 SL 4339.83 -> 4339.97 trail
2025.12.19 20:26:22;MANAGE;#225 SL 4339.97 -> 4340.10 trail
2025.12.19 22:00:00;RISK;FLATTEN ALL: Friday flatten: weekend gap protection
2025.12.19 22:00:00;RISK;deal closed pnl=24.15 streak=0 lock=0
2025.12.19 22:15:00;DECISION;setup SHORT score=0.55 entry=4341.90 inv=4356.51 tgt=0.00 AWAIT-RETEST [CHoCH short lvl=4343.20|RelVol=1.16|Retest@4341.90|VPnode d=2.50]
2025.12.19 22:30:00;VETO;authorization denied: outside session window (server hour 22, window 12-20)
2025.12.19 22:45:00;VETO;authorization denied: outside session window (server hour 22, window 12-20)
2025.12.19 23:00:00;VETO;authorization denied: outside session window (server hour 23, window 12-20)
2025.12.19 23:15:00;VETO;authorization denied: outside session window (server hour 23, window 12-20)
2025.12.22 02:15:00;VETO;outlier bar masked, z=5.9
2025.12.22 03:45:00;VETO;outlier bar masked, z=4.6
2025.12.22 09:00:00;DECISION;setup LONG score=0.75 entry=4411.18 inv=4361.28 tgt=0.00 AWAIT-RETEST [BOS long lvl=4409.56|RelVol=2.50|Retest@4411.18|VPnode d=0.38|VWAPside|ADX=80]
2025.12.22 09:15:00;VETO;authorization denied: outside session window (server hour 09, window 12-20)
2025.12.22 09:30:00;VETO;authorization denied: outside session window (server hour 09, window 12-20)
2025.12.22 09:45:00;VETO;authorization denied: outside session window (server hour 09, window 12-20)
2025.12.22 10:00:00;VETO;authorization denied: outside session window (server hour 10, window 12-20)
2025.12.22 15:15:00;DECISION;setup LONG score=0.85 entry=4417.10 inv=4406.23 tgt=0.00 AWAIT-RETEST [BOS long lvl=4415.93|RelVol=2.03|Retest@4417.10|VPnode d=3.30|VWAPside|CycleTurn w=-0.91<--0.99]
2025.12.22 15:15:00;DECISION;TP capped 21.74750 -> 16.31063 (3.0xATR)
2025.12.22 15:15:00;ORDER;limit BUY 0.08 @ 4417.10 sl=4406.23 tp=4433.41 rc=10009 [WT|BOS|0.85|RL]
2025.12.22 15:15:00;RISK;sizing: vol_ratio=0.79 scalar=1.00 gap_buf=2.34750 eff_stop=13.22125
2025.12.22 15:24:17;ORDER;entry fill deal #222 BUY 0.08 @ 4417.04000
2025.12.22 15:30:00;VETO;outlier bar masked, z=3.8
2025.12.22 16:17:05;MANAGE;#228 SL 4406.23 -> 4417.23 breakeven
2025.12.22 16:17:05;MANAGE;#228 partial close 0.04 of 0.08 lots
2025.12.22 16:17:05;RISK;deal closed pnl=43.24 streak=0 lock=0
2025.12.22 16:34:06;RISK;deal closed pnl=0.68 streak=0 lock=0
2025.12.22 18:00:00;DECISION;setup LONG score=0.65 entry=4431.84 inv=4406.23 tgt=0.00 [BOS long lvl=4429.25|RelVol=1.39|VPnode d=2.84|VWAPside]
2025.12.22 18:00:00;DECISION;TP capped 51.50000 -> 38.62500 (3.0xATR)
2025.12.22 18:00:00;ORDER;filled BUY 0.03 lots sl=4406.23 tp=4470.60 [WT|BOS|0.65]
2025.12.22 18:00:00;RISK;sizing: vol_ratio=1.37 scalar=1.00 gap_buf=4.36857 eff_stop=30.11857
2025.12.22 18:00:00;ORDER;entry fill deal #225 BUY 0.03 @ 4431.98000
2025.12.22 21:15:00;VETO;signal rejected: score 0.30 < 0.55 [CHoCH short lvl=4432.11|RelVol=1.04|Retest@4430.54]
2025.12.22 23:15:00;DECISION;setup LONG score=0.85 entry=4443.39 inv=4428.90 tgt=0.00 AWAIT-RETEST [CHoCH long lvl=4442.21|RelVol=1.83|Retest@4443.39|VPnode d=2.79|VWAPside|CycleTurn w=-0.94<--0.99]
2025.12.22 23:30:00;VETO;authorization denied: outside session window (server hour 23, window 12-20)
2025.12.22 23:45:00;VETO;authorization denied: outside session window (server hour 23, window 12-20)
2025.12.23 01:04:33;VETO;authorization denied: outside session window (server hour 01, window 12-20)
2025.12.23 01:18:40;VETO;authorization denied: outside session window (server hour 01, window 12-20)
2025.12.23 02:05:00;MANAGE;#231 SL 4406.23 -> 4432.08 breakeven
2025.12.23 02:05:00;MANAGE;#231 partial close 0.01 of 0.03 lots
2025.12.23 02:05:00;RISK;deal closed pnl=29.88 streak=0 lock=0
2025.12.23 02:05:00;MANAGE;#231 SL 4432.08 -> 4453.11 trail
2025.12.23 02:05:00;MANAGE;#231 SL 4453.11 -> 4453.24 trail
2025.12.23 02:05:24;MANAGE;#231 SL 4453.24 -> 4453.38 trail
2025.12.23 02:05:27;MANAGE;#231 SL 4453.38 -> 4453.48 trail
2025.12.23 02:05:28;MANAGE;#231 SL 4453.48 -> 4453.58 trail
2025.12.23 02:05:40;MANAGE;#231 SL 4453.58 -> 4453.68 trail
2025.12.23 02:05:51;MANAGE;#231 SL 4453.68 -> 4453.78 trail
2025.12.23 02:05:52;MANAGE;#231 SL 4453.78 -> 4453.90 trail
2025.12.23 02:05:53;MANAGE;#231 SL 4453.90 -> 4454.01 trail
2025.12.23 02:06:55;MANAGE;#231 SL 4454.01 -> 4454.28 trail
2025.12.23 02:06:55;MANAGE;#231 SL 4454.28 -> 4454.42 trail
2025.12.23 02:06:56;MANAGE;#231 SL 4454.42 -> 4454.55 trail
2025.12.23 02:07:00;MANAGE;#231 SL 4454.55 -> 4454.65 trail
2025.12.23 02:07:00;MANAGE;#231 SL 4454.65 -> 4454.79 trail
2025.12.23 02:07:02;MANAGE;#231 SL 4454.79 -> 4454.91 trail
2025.12.23 02:07:03;MANAGE;#231 SL 4454.91 -> 4455.01 trail
2025.12.23 02:07:04;MANAGE;#231 SL 4455.01 -> 4455.11 trail
2025.12.23 02:07:04;MANAGE;#231 SL 4455.11 -> 4455.23 trail
2025.12.23 02:07:04;MANAGE;#231 SL 4455.23 -> 4455.34 trail
2025.12.23 02:07:04;MANAGE;#231 SL 4455.34 -> 4455.47 trail
2025.12.23 02:07:04;MANAGE;#231 SL 4455.47 -> 4455.59 trail
2025.12.23 02:07:06;MANAGE;#231 SL 4455.59 -> 4455.70 trail
2025.12.23 02:07:12;MANAGE;#231 SL 4455.70 -> 4455.84 trail
2025.12.23 02:07:14;MANAGE;#231 SL 4455.84 -> 4456.03 trail
2025.12.23 02:07:15;MANAGE;#231 SL 4456.03 -> 4456.13 trail
2025.12.23 02:07:24;MANAGE;#231 SL 4456.13 -> 4456.24 trail
2025.12.23 02:07:25;MANAGE;#231 SL 4456.24 -> 4456.35 trail
2025.12.23 02:07:48;MANAGE;#231 SL 4456.35 -> 4456.46 trail
2025.12.23 02:07:49;MANAGE;#231 SL 4456.46 -> 4456.58 trail
2025.12.23 02:07:50;MANAGE;#231 SL 4456.58 -> 4456.72 trail
2025.12.23 02:12:42;MANAGE;#231 SL 4456.72 -> 4456.88 trail
2025.12.23 02:12:57;MANAGE;#231 SL 4456.88 -> 4456.99 trail
2025.12.23 02:13:12;MANAGE;#231 SL 4456.99 -> 4457.12 trail
2025.12.23 02:13:12;MANAGE;#231 SL 4457.12 -> 4457.25 trail
2025.12.23 02:13:14;MANAGE;#231 SL 4457.25 -> 4457.35 trail
2025.12.23 02:13:14;MANAGE;#231 SL 4457.35 -> 4457.45 trail
2025.12.23 02:13:14;MANAGE;#231 SL 4457.45 -> 4457.63 trail
2025.12.23 02:15:58;MANAGE;#231 SL 4457.63 -> 4457.76 trail
2025.12.23 02:18:00;MANAGE;#231 SL 4457.76 -> 4457.97 trail
2025.12.23 02:18:04;MANAGE;#231 SL 4457.97 -> 4458.09 trail
2025.12.23 02:19:30;MANAGE;#231 SL 4458.09 -> 4458.21 trail
2025.12.23 02:19:31;MANAGE;#231 SL 4458.21 -> 4458.32 trail
2025.12.23 02:19:32;MANAGE;#231 SL 4458.32 -> 4458.56 trail
2025.12.23 02:19:48;MANAGE;#231 SL 4458.56 -> 4458.72 trail
2025.12.23 02:31:00;MANAGE;#231 SL 4458.72 -> 4458.85 trail
2025.12.23 02:31:08;MANAGE;#231 SL 4458.85 -> 4458.97 trail
2025.12.23 02:31:29;MANAGE;#231 SL 4458.97 -> 4459.09 trail
2025.12.23 02:31:32;MANAGE;#231 SL 4459.09 -> 4459.21 trail
2025.12.23 02:31:35;MANAGE;#231 SL 4459.21 -> 4459.39 trail
2025.12.23 02:31:35;MANAGE;#231 SL 4459.39 -> 4459.49 trail
2025.12.23 02:31:36;MANAGE;#231 SL 4459.49 -> 4459.59 trail
2025.12.23 02:31:38;MANAGE;#231 SL 4459.59 -> 4459.70 trail
2025.12.23 02:32:02;MANAGE;#231 SL 4459.70 -> 4459.80 trail
2025.12.23 02:56:53;MANAGE;#231 SL 4459.80 -> 4459.94 trail
2025.12.23 02:56:59;MANAGE;#231 SL 4459.94 -> 4460.05 trail
2025.12.23 02:57:32;MANAGE;#231 SL 4460.05 -> 4460.15 trail
2025.12.23 03:00:00;MANAGE;#231 SL 4460.15 -> 4460.47 trail
2025.12.23 03:00:00;RISK;deal closed pnl=77.01 streak=0 lock=0
2025.12.23 03:15:00;VETO;outlier bar masked, z=4.3
2025.12.23 03:30:00;VETO;outlier bar masked, z=4.2
2025.12.23 07:00:00;DECISION;setup SHORT score=0.65 entry=4481.40 inv=4497.79 tgt=0.00 AWAIT-RETEST [CHoCH short lvl=4482.98|RelVol=2.69|Retest@4481.40|VPnode d=2.00|VWAPside]
2025.12.23 07:15:00;VETO;authorization denied: outside session window (server hour 07, window 12-20)
2025.12.23 07:30:00;VETO;authorization denied: outside session window (server hour 07, window 12-20)
2025.12.23 07:45:00;VETO;authorization denied: outside session window (server hour 07, window 12-20)
2025.12.23 08:00:00;VETO;authorization denied: outside session window (server hour 08, window 12-20)
2025.12.23 10:00:00;DECISION;setup LONG score=0.85 entry=4486.93 inv=4469.53 tgt=0.00 AWAIT-RETEST [CHoCH long lvl=4485.56|RelVol=2.60|Retest@4486.93|VPnode d=1.03|VWAPside|CycleTurn w=-0.92<--0.95]
2025.12.23 10:15:00;VETO;authorization denied: outside session window (server hour 10, window 12-20)
2025.12.23 10:30:00;VETO;authorization denied: outside session window (server hour 10, window 12-20)
2025.12.23 10:45:00;VETO;authorization denied: outside session window (server hour 10, window 12-20)
2025.12.23 11:00:00;VETO;authorization denied: outside session window (server hour 11, window 12-20)
2025.12.23 13:45:00;DECISION;setup LONG score=0.85 entry=4488.45 inv=4478.23 tgt=0.00 [BOS long lvl=4487.57|RelVol=1.30|VPnode d=0.55|VWAPside|CycleTurn w=-0.98<--0.99]
2025.12.23 13:45:00;DECISION;TP capped 20.76000 -> 15.57000 (3.0xATR)
2025.12.23 13:45:00;ORDER;filled BUY 0.09 lots sl=4478.23 tp=4504.18 [WT|BOS|0.85]
2025.12.23 13:45:00;RISK;sizing: vol_ratio=0.85 scalar=1.00 gap_buf=2.55036 eff_stop=12.93036
2025.12.23 13:45:00;ORDER;entry fill deal #228 BUY 0.09 @ 4488.61000
2025.12.23 15:15:00;VETO;signal rejected: score 0.50 < 0.55 [BOS long lvl=4494.23|RelVol=1.98|VPnear|VWAPside]
2025.12.23 15:51:51;RISK;deal closed pnl=-94.41 streak=1 lock=0
2025.12.23 16:00:00;VETO;outlier bar masked, z=4.4
2025.12.23 16:15:00;VETO;outlier bar masked, z=7.4
2025.12.23 16:45:00;VETO;outlier bar masked, z=4.1
2025.12.23 17:00:00;VETO;outlier bar masked, z=4.1
2025.12.23 17:15:00;VETO;outlier bar masked, z=4.8
2025.12.23 21:00:00;DECISION;setup LONG score=0.65 entry=4482.01 inv=4469.46 tgt=0.00 AWAIT-RETEST [CHoCH long lvl=4479.92|RelVol=1.56|Retest@4482.01|StopFloored|VPnode d=2.29|VWAPside]
2025.12.23 23:00:00;DECISION;setup LONG score=0.75 entry=4497.59 inv=4469.83 tgt=0.00 [BOS long lvl=4496.37|RelVol=1.20|VPnode d=3.19|VWAPside|ADX=40]
2025.12.23 23:00:00;VETO;authorization denied: outside session window (server hour 23, window 12-20)
2025.12.23 23:15:00;VETO;authorization denied: outside session window (server hour 23, window 12-20)
2025.12.23 23:30:00;VETO;authorization denied: outside session window (server hour 23, window 12-20)
2025.12.23 23:45:00;VETO;authorization denied: outside session window (server hour 23, window 12-20)
2025.12.24 02:15:00;VETO;outlier bar masked, z=5.9
2025.12.24 05:00:00;VETO;outlier bar masked, z=9.2
2025.12.24 10:00:00;VETO;signal rejected: score 0.50 < 0.55 [BOS short lvl=4485.48|RelVol=2.09|VPnear|VWAPside]
2025.12.24 15:30:00;DECISION;setup SHORT score=0.85 entry=4478.43 inv=4496.10 tgt=0.00 [BOS short lvl=4483.12|RelVol=2.29|VPnode d=2.57|VWAPside|CycleTurn w=0.48<-0.95]
2025.12.24 15:30:00;DECISION;TP capped 35.40000 -> 26.55000 (3.0xATR)
2025.12.24 15:30:00;ORDER;filled SELL 0.05 lots sl=4496.10 tp=4451.85 [WT|BOS|0.85]
2025.12.24 15:30:00;RISK;sizing: vol_ratio=0.83 scalar=1.00 gap_buf=3.39286 eff_stop=21.09286
2025.12.24 15:30:00;ORDER;entry fill deal #230 SELL 0.05 @ 4478.40000
2025.12.24 16:45:00;VETO;outlier bar masked, z=4.4
2025.12.24 17:00:00;VETO;outlier bar masked, z=5.0
2025.12.24 17:37:03;MANAGE;#236 SL 4496.10 -> 4478.36 breakeven
2025.12.24 17:37:03;MANAGE;#236 partial close 0.02 of 0.05 lots
2025.12.24 17:37:03;RISK;deal closed pnl=35.62 streak=0 lock=0
2025.12.24 17:37:03;MANAGE;#236 SL 4478.36 -> 4478.20 trail
2025.12.24 17:37:03;MANAGE;#236 SL 4478.20 -> 4477.61 trail
2025.12.24 17:37:03;MANAGE;#236 SL 4477.61 -> 4477.51 trail
2025.12.24 17:37:03;MANAGE;#236 SL 4477.51 -> 4477.40 trail
2025.12.24 17:37:04;MANAGE;#236 SL 4477.40 -> 4477.28 trail
2025.12.24 17:37:04;MANAGE;#236 SL 4477.28 -> 4477.17 trail
2025.12.24 17:37:58;MANAGE;#236 SL 4477.17 -> 4476.92 trail
2025.12.24 17:37:58;MANAGE;#236 SL 4476.92 -> 4476.75 trail
2025.12.24 17:37:58;MANAGE;#236 SL 4476.75 -> 4476.63 trail
2025.12.24 17:40:45;MANAGE;#236 SL 4476.63 -> 4476.44 trail
2025.12.24 17:40:45;MANAGE;#236 SL 4476.44 -> 4476.24 trail
2025.12.24 17:40:45;MANAGE;#236 SL 4476.24 -> 4475.91 trail
2025.12.24 17:40:45;MANAGE;#236 SL 4475.91 -> 4475.71 trail
2025.12.24 17:40:57;MANAGE;#236 SL 4475.71 -> 4475.28 trail
2025.12.24 17:40:57;MANAGE;#236 SL 4475.28 -> 4474.96 trail
2025.12.24 17:40:57;MANAGE;#236 SL 4474.96 -> 4474.72 trail
2025.12.24 17:41:01;MANAGE;#236 SL 4474.72 -> 4474.62 trail
2025.12.24 17:41:01;MANAGE;#236 SL 4474.62 -> 4474.51 trail
2025.12.24 17:41:47;MANAGE;#236 SL 4474.51 -> 4474.41 trail
2025.12.24 17:42:02;MANAGE;#236 SL 4474.41 -> 4474.27 trail
2025.12.24 17:42:03;MANAGE;#236 SL 4474.27 -> 4474.17 trail
2025.12.24 17:42:03;MANAGE;#236 SL 4474.17 -> 4474.04 trail
2025.12.24 17:42:06;MANAGE;#236 SL 4474.04 -> 4473.93 trail
2025.12.24 17:42:06;MANAGE;#236 SL 4473.93 -> 4473.80 trail
2025.12.24 17:42:07;MANAGE;#236 SL 4473.80 -> 4473.58 trail
2025.12.24 17:42:24;MANAGE;#236 SL 4473.58 -> 4473.41 trail
2025.12.24 17:42:24;MANAGE;#236 SL 4473.41 -> 4473.29 trail
2025.12.24 17:42:26;MANAGE;#236 SL 4473.29 -> 4473.12 trail
2025.12.24 17:42:40;MANAGE;#236 SL 4473.12 -> 4472.99 trail
2025.12.24 17:43:02;MANAGE;#236 SL 4472.99 -> 4472.86 trail
2025.12.24 17:43:03;MANAGE;#236 SL 4472.86 -> 4471.98 trail
2025.12.24 17:43:03;MANAGE;#236 SL 4471.98 -> 4471.27 trail
2025.12.24 17:43:03;RISK;deal closed pnl=80.61 streak=0 lock=0
2025.12.24 17:45:00;VETO;outlier bar masked, z=5.1
2025.12.26 01:30:42;VETO;outlier bar masked, z=5.9
2025.12.26 03:15:00;VETO;outlier bar masked, z=4.9
2025.12.26 03:45:00;VETO;outlier bar masked, z=3.5
2025.12.26 07:45:00;DECISION;setup LONG score=0.65 entry=4512.07 inv=4497.53 tgt=0.00 [BOS long lvl=4511.69|RelVol=1.66|VPnode d=0.07|VWAPside]
2025.12.26 07:45:00;VETO;authorization denied: outside session window (server hour 07, window 12-20)
2025.12.26 08:00:00;VETO;authorization denied: outside session window (server hour 08, window 12-20)
2025.12.26 08:15:00;VETO;authorization denied: outside session window (server hour 08, window 12-20)
2025.12.26 08:30:00;VETO;authorization denied: outside session window (server hour 08, window 12-20)
2025.12.26 12:30:00;DECISION;setup LONG score=0.65 entry=4520.78 inv=4507.44 tgt=0.00 [BOS long lvl=4520.47|RelVol=1.64|VPnode d=2.78|VWAPside]
2025.12.26 12:30:00;DECISION;TP capped 26.82000 -> 20.11500 (3.0xATR)
2025.12.26 12:30:00;ORDER;filled BUY 0.07 lots sl=4507.44 tp=4540.97 [WT|BOS|0.65]
2025.12.26 12:30:00;RISK;sizing: vol_ratio=0.63 scalar=1.00 gap_buf=2.49536 eff_stop=15.90536
2025.12.26 12:30:00;ORDER;entry fill deal #233 BUY 0.07 @ 4520.85000
2025.12.26 13:05:53;RISK;deal closed pnl=-94.36 streak=1 lock=0
2025.12.26 13:15:00;DECISION;setup SHORT score=0.55 entry=4510.60 inv=4523.66 tgt=0.00 AWAIT-RETEST [CHoCH short lvl=4511.98|RelVol=2.03|Retest@4510.60|VPnode d=0.10]
2025.12.26 13:15:00;DECISION;TP capped 26.11964 -> 19.58973 (3.0xATR)
2025.12.26 13:15:00;ORDER;limit SELL 0.07 @ 4510.60 sl=4523.66 tp=4491.01 rc=10009 [WT|CHOCH|0.55|RL]
2025.12.26 13:15:00;RISK;sizing: vol_ratio=0.70 scalar=1.00 gap_buf=2.75964 eff_stop=15.81946
2025.12.26 13:15:22;ORDER;entry fill deal #235 SELL 0.07 @ 4510.60000
2025.12.26 15:37:29;RISK;deal closed pnl=-91.42 streak=2 lock=0
2025.12.26 16:00:00;DECISION;setup LONG score=0.70 entry=4525.50 inv=4503.70 tgt=0.00 AWAIT-RETEST [CHoCH long lvl=4523.66|RelVol=1.48|Retest@4525.50|VPnear|VWAPside|CycleTurn w=0.72<--0.08]
2025.12.26 16:00:00;DECISION;TP capped 43.59179 -> 32.69384 (3.0xATR)
2025.12.26 16:00:00;ERROR;limit BUY 0.04 @ 4525.50 sl=4503.70 tp=4558.19 rc=10015 [WT|CHOCH|0.70|RL]
2025.12.26 16:15:00;DECISION;TP capped 44.00000 -> 33.00000 (3.0xATR)
2025.12.26 16:15:00;ORDER;filled BUY 0.04 lots sl=4503.70 tp=4558.70 [WT|CHOCH|0.70]
2025.12.26 16:15:00;RISK;sizing: vol_ratio=0.90 scalar=1.00 gap_buf=3.55464 eff_stop=25.55464
2025.12.26 16:15:00;ORDER;entry fill deal #237 BUY 0.04 @ 4525.70000
2025.12.26 18:04:09;MANAGE;#243 SL 4503.70 -> 4525.74 breakeven
2025.12.26 18:04:09;MANAGE;#243 partial close 0.02 of 0.04 lots
2025.12.26 18:04:09;RISK;deal closed pnl=44.00 streak=0 lock=0
2025.12.26 18:04:09;MANAGE;#243 SL 4525.74 -> 4529.03 trail
2025.12.26 18:04:10;MANAGE;#243 SL 4529.03 -> 4529.28 trail
2025.12.26 18:04:10;MANAGE;#243 SL 4529.28 -> 4529.47 trail
2025.12.26 18:04:10;MANAGE;#243 SL 4529.47 -> 4529.66 trail
2025.12.26 18:04:10;MANAGE;#243 SL 4529.66 -> 4529.85 trail
2025.12.26 18:04:22;MANAGE;#243 SL 4529.85 -> 4529.95 trail
2025.12.26 18:04:23;MANAGE;#243 SL 4529.95 -> 4530.08 trail
2025.12.26 18:04:31;MANAGE;#243 SL 4530.08 -> 4530.18 trail
2025.12.26 18:04:31;MANAGE;#243 SL 4530.18 -> 4530.33 trail
2025.12.26 18:04:32;MANAGE;#243 SL 4530.33 -> 4530.44 trail
2025.12.26 18:05:02;MANAGE;#243 SL 4530.44 -> 4530.58 trail
2025.12.26 18:07:09;MANAGE;#243 SL 4530.58 -> 4530.72 trail
2025.12.26 18:07:54;MANAGE;#243 SL 4530.72 -> 4530.85 trail
2025.12.26 18:08:06;MANAGE;#243 SL 4530.85 -> 4530.95 trail
2025.12.26 18:08:06;MANAGE;#243 SL 4530.95 -> 4531.06 trail
2025.12.26 19:13:44;RISK;deal closed pnl=10.68 streak=0 lock=0
2025.12.29 02:30:00;VETO;outlier bar masked, z=8.6
2025.12.29 02:45:00;VETO;outlier bar masked, z=5.9
2025.12.29 03:15:00;VETO;outlier bar masked, z=3.6
2025.12.29 08:00:00;DECISION;setup SHORT score=0.85 entry=4506.85 inv=4519.55 tgt=0.00 [BOS short lvl=4507.85|RelVol=2.00|VPnode d=3.85|VWAPside|CycleTurn w=0.97<-0.99]
2025.12.29 08:00:00;VETO;authorization denied: outside session window (server hour 08, window 12-20)
2025.12.29 08:15:00;VETO;authorization denied: outside session window (server hour 08, window 12-20)
2025.12.29 08:30:00;VETO;authorization denied: outside session window (server hour 08, window 12-20)
2025.12.29 08:45:00;VETO;authorization denied: outside session window (server hour 08, window 12-20)
2025.12.29 09:15:00;VETO;outlier bar masked, z=6.0
2025.12.29 13:45:00;VETO;outlier bar masked, z=5.7
2025.12.29 14:00:00;VETO;signal rejected: score 0.50 < 0.55 [BOS short lvl=4452.63|RelVol=2.94|VWAPside|ADX=43]
2025.12.29 15:45:00;VETO;outlier bar masked, z=4.7
2025.12.29 16:15:00;VETO;outlier bar masked, z=6.0
2025.12.29 16:45:00;VETO;outlier bar masked, z=5.0
2025.12.29 17:15:00;VETO;outlier bar masked, z=4.7
2025.12.29 17:30:00;VETO;outlier bar masked, z=6.3
2025.12.30 02:05:00;VETO;signal rejected: volume: relVol 0.00 < 1.00
2025.12.30 04:00:00;DECISION;setup LONG score=0.65 entry=4353.09 inv=4324.54 tgt=0.00 AWAIT-RETEST [BOS long lvl=4350.81|RelVol=2.17|Retest@4353.09|VPnode d=5.49|VWAPside]
2025.12.30 04:15:00;VETO;authorization denied: outside session window (server hour 04, window 12-20)
2025.12.30 04:30:00;VETO;authorization denied: outside session window (server hour 04, window 12-20)
2025.12.30 04:45:00;VETO;authorization denied: outside session window (server hour 04, window 12-20)
2025.12.30 05:00:00;VETO;authorization denied: outside session window (server hour 05, window 12-20)
2025.12.30 07:30:00;DECISION;setup LONG score=0.75 entry=4372.38 inv=4356.29 tgt=0.00 [BOS long lvl=4369.21|RelVol=1.95|VPnode d=4.38|VWAPside|ADX=32]
2025.12.30 07:30:00;VETO;authorization denied: outside session window (server hour 07, window 12-20)
2025.12.30 07:45:00;VETO;authorization denied: outside session window (server hour 07, window 12-20)
2025.12.30 08:00:00;VETO;authorization denied: outside session window (server hour 08, window 12-20)
2025.12.30 08:15:00;VETO;authorization denied: outside session window (server hour 08, window 12-20)
2025.12.30 10:30:00;DECISION;setup SHORT score=0.85 entry=4356.77 inv=4380.15 tgt=0.00 AWAIT-RETEST [CHoCH short lvl=4359.17|RelVol=1.73|Retest@4356.77|VPnode d=3.37|VWAPside|CycleTurn w=-0.64<--0.64]
2025.12.30 10:45:00;VETO;authorization denied: outside session window (server hour 10, window 12-20)
2025.12.30 11:00:00;VETO;authorization denied: outside session window (server hour 11, window 12-20)
2025.12.30 11:15:00;VETO;authorization denied: outside session window (server hour 11, window 12-20)
2025.12.30 11:30:00;VETO;authorization denied: outside session window (server hour 11, window 12-20)
2025.12.30 12:30:00;DECISION;setup LONG score=0.85 entry=4378.93 inv=4350.21 tgt=0.00 AWAIT-RETEST [CHoCH long lvl=4376.51|RelVol=2.31|Retest@4378.93|VPnode d=2.73|VWAPside|CycleTurn w=0.52<--0.54]
2025.12.30 12:30:00;DECISION;TP capped 57.43964 -> 43.07973 (3.0xATR)
2025.12.30 12:30:00;ORDER;limit BUY 0.03 @ 4378.93 sl=4350.21 tp=4422.01 rc=10009 [WT|CHOCH|0.85|RL]
2025.12.30 12:30:00;RISK;sizing: vol_ratio=0.85 scalar=1.00 gap_buf=4.83964 eff_stop=33.55946
2025.12.30 12:48:43;ORDER;entry fill deal #240 BUY 0.03 @ 4378.85000
2025.12.30 14:15:00;VETO;signal rejected: score 0.50 < 0.55 [BOS long lvl=4391.73|RelVol=1.50|VWAPside|ADX=39]
2025.12.30 15:45:00;DECISION;setup SHORT score=0.60 entry=4379.22 inv=4391.73 tgt=0.00 AWAIT-RETEST [CHoCH short lvl=4381.26|RelVol=1.96|Retest@4379.22|VPnear|CycleTurn w=0.87<-0.99]
2025.12.30 15:45:00;VETO;retest limit risk veto: max positions
2025.12.30 16:00:00;VETO;risk veto: max positions
2025.12.30 16:45:00;VETO;outlier bar masked, z=5.6
2025.12.30 21:48:57;RISK;deal closed pnl=-88.05 streak=1 lock=0
2025.12.30 22:00:00;VETO;outlier bar masked, z=6.1
2026.01.01 00:00:00;RECOVER;init: v2.30 test_case=A2_tuned lock=0 streak=0 positions=0 equity=10000.00 day_eq=10000.00 peak_eq=10000.00
2026.01.02 01:15:00;DECISION;setup LONG score=0.75 entry=4326.41 inv=4304.62 tgt=0.00 AWAIT-RETEST [BOS long lvl=4324.38|RelVol=3.76|Retest@4326.41|VPnode d=2.59|CycleTurn w=-0.09<--0.95]
2026.01.02 05:00:00;VETO;signal rejected: volume: relVol 0.94 < 1.00
2026.01.02 07:30:00;DECISION;setup LONG score=0.60 entry=4378.45 inv=4345.03 tgt=0.00 [BOS long lvl=4378.41|RelVol=1.03|VPnear|VWAPside|ADX=58]
2026.01.02 07:30:00;VETO;authorization denied: outside session window (server hour 07, window 12-20)
2026.01.02 07:45:00;VETO;authorization denied: outside session window (server hour 07, window 12-20)
2026.01.02 08:00:00;VETO;authorization denied: outside session window (server hour 08, window 12-20)
2026.01.02 08:15:00;VETO;authorization denied: outside session window (server hour 08, window 12-20)
2026.01.02 10:00:00;DECISION;setup LONG score=0.75 entry=4382.82 inv=4371.13 tgt=0.00 [BOS long lvl=4381.74|RelVol=1.52|VPnode d=0.58|VWAPside|ADX=35]
2026.01.02 10:00:00;VETO;authorization denied: outside session window (server hour 10, window 12-20)
2026.01.02 10:15:00;VETO;authorization denied: outside session window (server hour 10, window 12-20)
2026.01.02 10:30:00;VETO;authorization denied: outside session window (server hour 10, window 12-20)
2026.01.02 10:45:00;VETO;authorization denied: outside session window (server hour 10, window 12-20)
2026.01.02 15:15:00;VETO;signal rejected: volume: relVol 0.79 < 1.00
2026.01.02 15:30:00;VETO;outlier bar masked, z=7.0
2026.01.02 16:45:00;VETO;outlier bar masked, z=4.4
2026.01.02 17:15:00;VETO;outlier bar masked, z=4.5
2026.01.02 20:15:00;VETO;signal rejected: score 0.50 < 0.55 [BOS short lvl=4315.03|RelVol=1.35|VWAPside|ADX=40]
2026.01.05 01:15:00;VETO;outlier bar masked, z=10.0
2026.01.05 03:15:00;VETO;outlier bar masked, z=5.5
2026.01.05 08:15:00;DECISION;setup LONG score=0.95 entry=4418.34 inv=4397.33 tgt=0.00 [BOS long lvl=4414.01|RelVol=1.48|VPnode d=5.34|VWAPside|CycleTurn w=-0.99<--1.00|ADX=41]
2026.01.05 08:15:00;VETO;authorization denied: outside session window (server hour 08, window 12-20)
2026.01.05 08:30:00;VETO;authorization denied: outside session window (server hour 08, window 12-20)
2026.01.05 08:45:00;VETO;authorization denied: outside session window (server hour 08, window 12-20)
2026.01.05 09:00:00;VETO;authorization denied: outside session window (server hour 09, window 12-20)
2026.01.05 10:30:00;DECISION;setup LONG score=0.60 entry=4426.57 inv=4401.07 tgt=0.00 [BOS long lvl=4426.41|RelVol=1.13|VPnear|VWAPside|ADX=58]
2026.01.05 10:30:00;VETO;authorization denied: outside session window (server hour 10, window 12-20)
2026.01.05 10:45:00;VETO;authorization denied: outside session window (server hour 10, window 12-20)
2026.01.05 11:00:00;VETO;authorization denied: outside session window (server hour 11, window 12-20)
2026.01.05 11:15:00;VETO;authorization denied: outside session window (server hour 11, window 12-20)
2026.01.05 13:30:00;VETO;outlier bar masked, z=3.8
2026.01.05 14:45:00;VETO;signal rejected: score 0.40 < 0.55 [CHoCH short lvl=4411.07|RelVol=1.39|Retest@4409.49|VWAPside]
2026.01.05 16:15:00;DECISION;setup LONG score=0.85 entry=4421.51 inv=4406.14 tgt=0.00 AWAIT-RETEST [CHoCH long lvl=4418.95|RelVol=1.34|Retest@4421.51|StopFloored|VPnode d=4.69|VWAPside|CycleTurn w=-0.95<--0.99]
2026.01.05 16:15:00;DECISION;TP capped 30.74786 -> 30.74786 (3.0xATR)
2026.01.05 16:15:00;ORDER;limit BUY 0.04 @ 4421.51 sl=4406.14 tp=4452.26 rc=10009 [WT|CHOCH|0.85|RL]
2026.01.05 16:15:00;RISK;sizing: vol_ratio=1.07 scalar=1.00 gap_buf=5.12464 eff_stop=20.49857
2026.01.05 16:24:48;ORDER;entry fill deal #2 BUY 0.04 @ 4421.51000
2026.01.05 16:49:05;MANAGE;#2 SL 4406.14 -> 4421.55 breakeven
2026.01.05 16:49:05;MANAGE;#2 partial close 0.02 of 0.04 lots
2026.01.05 16:49:05;RISK;deal closed pnl=30.74 streak=0 lock=0
2026.01.05 17:00:21;MANAGE;#2 SL 4421.55 -> 4421.75 trail
2026.01.05 17:00:21;MANAGE;#2 SL 4421.75 -> 4421.86 trail
2026.01.05 17:00:31;MANAGE;#2 SL 4421.86 -> 4421.97 trail
2026.01.05 17:00:31;MANAGE;#2 SL 4421.97 -> 4422.24 trail
2026.01.05 17:00:31;MANAGE;#2 SL 4422.24 -> 4422.37 trail
2026.01.05 17:00:31;MANAGE;#2 SL 4422.37 -> 4422.69 trail
2026.01.05 17:00:31;MANAGE;#2 SL 4422.69 -> 4422.92 trail
2026.01.05 17:00:31;MANAGE;#2 SL 4422.92 -> 4423.17 trail
2026.01.05 17:00:32;MANAGE;#2 SL 4423.17 -> 4423.33 trail
2026.01.05 17:00:32;MANAGE;#2 SL 4423.33 -> 4423.48 trail
2026.01.05 17:00:32;MANAGE;#2 SL 4423.48 -> 4423.75 trail
2026.01.05 17:00:32;MANAGE;#2 SL 4423.75 -> 4423.86 trail
2026.01.05 17:00:33;MANAGE;#2 SL 4423.86 -> 4423.97 trail
2026.01.05 17:00:33;MANAGE;#2 SL 4423.97 -> 4424.16 trail
2026.01.05 17:01:17;MANAGE;#2 SL 4424.16 -> 4424.31 trail
2026.01.05 17:01:17;MANAGE;#2 SL 4424.31 -> 4424.43 trail
2026.01.05 17:01:18;MANAGE;#2 SL 4424.43 -> 4424.56 trail
2026.01.05 17:02:16;MANAGE;#2 SL 4424.56 -> 4424.70 trail
2026.01.05 17:02:41;MANAGE;#2 SL 4424.70 -> 4424.83 trail
2026.01.05 17:02:46;MANAGE;#2 SL 4424.83 -> 4425.09 trail
2026.01.05 17:02:47;MANAGE;#2 SL 4425.09 -> 4425.24 trail
2026.01.05 17:02:47;MANAGE;#2 SL 4425.24 -> 4425.36 trail
2026.01.05 17:02:47;MANAGE;#2 SL 4425.36 -> 4425.57 trail
2026.01.05 17:02:58;MANAGE;#2 SL 4425.57 -> 4425.75 trail
2026.01.05 17:02:58;MANAGE;#2 SL 4425.75 -> 4425.93 trail
2026.01.05 17:02:58;MANAGE;#2 SL 4425.93 -> 4426.12 trail
2026.01.05 17:02:58;MANAGE;#2 SL 4426.12 -> 4426.23 trail
2026.01.05 17:02:58;MANAGE;#2 SL 4426.23 -> 4426.36 trail
2026.01.05 17:02:59;MANAGE;#2 SL 4426.36 -> 4426.51 trail
2026.01.05 17:03:02;MANAGE;#2 SL 4426.51 -> 4426.76 trail
2026.01.05 17:03:02;MANAGE;#2 SL 4426.76 -> 4426.96 trail
2026.01.05 17:03:03;MANAGE;#2 SL 4426.96 -> 4427.07 trail
2026.01.05 17:03:03;MANAGE;#2 SL 4427.07 -> 4427.27 trail
2026.01.05 17:03:03;MANAGE;#2 SL 4427.27 -> 4427.41 trail
2026.01.05 17:03:04;MANAGE;#2 SL 4427.41 -> 4427.56 trail
2026.01.05 17:03:04;MANAGE;#2 SL 4427.56 -> 4427.76 trail
2026.01.05 17:03:04;MANAGE;#2 SL 4427.76 -> 4427.96 trail
2026.01.05 17:03:11;MANAGE;#2 SL 4427.96 -> 4428.13 trail
2026.01.05 17:03:11;MANAGE;#2 SL 4428.13 -> 4428.26 trail
2026.01.05 17:03:11;MANAGE;#2 SL 4428.26 -> 4428.45 trail
2026.01.05 17:03:13;MANAGE;#2 SL 4428.45 -> 4428.57 trail
2026.01.05 17:03:15;MANAGE;#2 SL 4428.57 -> 4428.72 trail
2026.01.05 17:03:15;MANAGE;#2 SL 4428.72 -> 4428.97 trail
2026.01.05 17:03:16;MANAGE;#2 SL 4428.97 -> 4429.16 trail
2026.01.05 17:03:26;MANAGE;#2 SL 4429.16 -> 4429.30 trail
2026.01.05 17:03:29;MANAGE;#2 SL 4429.30 -> 4429.57 trail
2026.01.05 17:03:29;MANAGE;#2 SL 4429.57 -> 4429.73 trail
2026.01.05 17:03:31;MANAGE;#2 SL 4429.73 -> 4429.89 trail
2026.01.05 17:03:45;MANAGE;#2 SL 4429.89 -> 4430.17 trail
2026.01.05 17:03:51;MANAGE;#2 SL 4430.17 -> 4430.31 trail
2026.01.05 17:03:51;MANAGE;#2 SL 4430.31 -> 4430.46 trail
2026.01.05 17:03:51;MANAGE;#2 SL 4430.46 -> 4430.59 trail
2026.01.05 17:03:51;MANAGE;#2 SL 4430.59 -> 4430.72 trail
2026.01.05 17:03:51;MANAGE;#2 SL 4430.72 -> 4430.85 trail
2026.01.05 17:03:51;MANAGE;#2 SL 4430.85 -> 4430.97 trail
2026.01.05 17:03:51;MANAGE;#2 SL 4430.97 -> 4431.20 trail
2026.01.05 17:04:10;MANAGE;#2 SL 4431.20 -> 4431.32 trail
2026.01.05 17:04:15;MANAGE;#2 SL 4431.32 -> 4431.50 trail
2026.01.05 17:04:15;RISK;deal closed pnl=61.64 streak=0 lock=0
2026.01.06 01:15:00;DECISION;setup LONG score=0.75 entry=4451.55 inv=4438.04 tgt=0.00 [BOS long lvl=4449.42|RelVol=3.16|VPnode d=0.65|CycleTurn w=-0.57<--0.92]
2026.01.06 01:15:00;VETO;authorization denied: outside session window (server hour 01, window 12-20)
2026.01.06 01:30:00;VETO;authorization denied: outside session window (server hour 01, window 12-20)
2026.01.06 01:45:00;VETO;authorization denied: outside session window (server hour 01, window 12-20)
2026.01.06 02:00:00;VETO;authorization denied: outside session window (server hour 02, window 12-20)
2026.01.06 02:45:00;DECISION;setup SHORT score=0.65 entry=4436.41 inv=4460.12 tgt=0.00 AWAIT-RETEST [CHoCH short lvl=4438.04|RelVol=1.36|Retest@4436.41|VPnode d=3.81|VWAPside]
2026.01.06 03:00:00;VETO;authorization denied: outside session window (server hour 03, window 12-20)
2026.01.06 03:15:00;VETO;authorization denied: outside session window (server hour 03, window 12-20)
2026.01.06 03:30:00;VETO;authorization denied: outside session window (server hour 03, window 12-20)
2026.01.06 03:45:00;VETO;authorization denied: outside session window (server hour 03, window 12-20)
2026.01.06 04:00:00;DECISION;setup LONG score=0.85 entry=4446.84 inv=4427.96 tgt=0.00 AWAIT-RETEST [CHoCH long lvl=4444.75|RelVol=1.43|Retest@4446.84|VPnode d=4.24|VWAPside|CycleTurn w=-0.97<--1.00]
2026.01.06 07:30:00;VETO;signal rejected: volume: relVol 0.94 < 1.00
2026.01.06 08:00:00;DECISION;setup SHORT score=0.60 entry=4460.16 inv=4470.44 tgt=0.00 AWAIT-RETEST [CHoCH short lvl=4461.87|RelVol=1.34|Retest@4460.16|StopFloored|VPnear|CycleTurn w=0.11<-0.96]
2026.01.06 08:30:00;VETO;authorization denied: outside session window (server hour 08, window 12-20)
2026.01.06 08:45:00;VETO;authorization denied: outside session window (server hour 08, window 12-20)
2026.01.06 09:00:00;VETO;authorization denied: outside session window (server hour 09, window 12-20)
2026.01.06 09:15:00;VETO;authorization denied: outside session window (server hour 09, window 12-20)
2026.01.06 10:30:00;DECISION;setup LONG score=0.65 entry=4472.31 inv=4449.51 tgt=0.00 AWAIT-RETEST [CHoCH long lvl=4470.41|RelVol=1.10|Retest@4472.31|VPnode d=1.91|VWAPside]
2026.01.06 10:45:00;VETO;authorization denied: outside session window (server hour 10, window 12-20)
2026.01.06 11:00:00;VETO;authorization denied: outside session window (server hour 11, window 12-20)
2026.01.06 11:15:00;VETO;authorization denied: outside session window (server hour 11, window 12-20)
2026.01.06 11:30:00;DECISION;setup SHORT score=0.65 entry=4455.30 inv=4475.71 tgt=0.00 AWAIT-RETEST [CHoCH short lvl=4457.19|RelVol=1.32|Retest@4455.30|VPnode d=4.30|VWAPside]
2026.01.06 11:45:00;VETO;authorization denied: outside session window (server hour 11, window 12-20)
2026.01.06 12:00:00;DECISION;TP capped 58.64000 -> 43.98000 (3.0xATR)
2026.01.06 12:00:00;ORDER;filled SELL 0.03 lots sl=4475.71 tp=4402.41 [WT|CHOCH|0.65]
2026.01.06 12:00:00;RISK;sizing: vol_ratio=0.96 scalar=1.00 gap_buf=3.84500 eff_stop=33.16500
2026.01.06 12:00:00;ORDER;entry fill deal #5 SELL 0.03 @ 4446.39000
2026.01.06 16:33:03;RISK;deal closed pnl=-88.29 streak=1 lock=0
2026.01.06 16:45:00;VETO;signal rejected: volume: relVol 0.97 < 1.00
2026.01.06 20:15:00;DECISION;setup LONG score=0.60 entry=4491.11 inv=4463.08 tgt=0.00 [BOS long lvl=4490.93|RelVol=1.17|VPnear|VWAPside|ADX=32]
2026.01.06 20:15:00;VETO;authorization denied: outside session window (server hour 20, window 12-20)
2026.01.06 20:30:00;VETO;authorization denied: outside session window (server hour 20, window 12-20)
2026.01.06 20:45:00;VETO;authorization denied: outside session window (server hour 20, window 12-20)
2026.01.06 21:00:00;VETO;authorization denied: outside session window (server hour 21, window 12-20)
2026.01.06 21:30:00;DECISION;setup SHORT score=0.55 entry=4479.95 inv=4494.11 tgt=0.00 AWAIT-RETEST [CHoCH short lvl=4481.67|RelVol=1.22|Retest@4479.95|VPnode d=3.85]
2026.01.06 21:45:00;VETO;authorization denied: outside session window (server hour 21, window 12-20)
2026.01.06 22:00:00;VETO;authorization denied: outside session window (server hour 22, window 12-20)
2026.01.06 22:15:00;VETO;authorization denied: outside session window (server hour 22, window 12-20)
2026.01.06 22:30:00;VETO;authorization denied: outside session window (server hour 22, window 12-20)
2026.01.07 01:15:00;DECISION;setup LONG score=0.65 entry=4498.14 inv=4477.44 tgt=0.00 AWAIT-RETEST [CHoCH long lvl=4496.89|RelVol=2.53|Retest@4498.14|VPnode d=0.14|VWAPside]
2026.01.07 01:30:00;VETO;authorization denied: outside session window (server hour 01, window 12-20)
2026.01.07 01:45:00;VETO;authorization denied: outside session window (server hour 01, window 12-20)
2026.01.07 02:00:00;VETO;authorization denied: outside session window (server hour 02, window 12-20)
2026.01.07 02:15:00;VETO;authorization denied: outside session window (server hour 02, window 12-20)
2026.01.07 03:15:00;VETO;outlier bar masked, z=6.2
2026.01.07 07:45:00;VETO;outlier bar masked, z=4.9
2026.01.07 13:45:00;VETO;signal rejected: volume: relVol 0.29 < 1.00
2026.01.07 15:15:00;VETO;outlier bar masked, z=5.4
2026.01.07 15:30:00;VETO;outlier bar masked, z=3.7
2026.01.07 17:15:00;VETO;outlier bar masked, z=3.9
2026.01.07 17:30:00;VETO;outlier bar masked, z=3.9
2026.01.07 18:30:00;VETO;signal rejected: volume: relVol 0.94 < 1.00
2026.01.08 01:30:00;DECISION;setup LONG score=0.85 entry=4461.97 inv=4449.74 tgt=0.00 [BOS long lvl=4461.55|RelVol=1.58|VPnode d=0.27|VWAPside|CycleTurn w=0.22<--0.80]
2026.01.08 01:30:00;VETO;authorization denied: outside session window (server hour 01, window 12-20)
2026.01.08 01:45:00;VETO;authorization denied: outside session window (server hour 01, window 12-20)
2026.01.08 02:00:00;VETO;authorization denied: outside session window (server hour 02, window 12-20)
2026.01.08 02:15:00;VETO;authorization denied: outside session window (server hour 02, window 12-20)
2026.01.08 03:45:00;DECISION;setup SHORT score=0.65 entry=4448.12 inv=4466.37 tgt=0.00 AWAIT-RETEST [CHoCH short lvl=4449.74|RelVol=1.12|Retest@4448.12|VPnode d=0.68|VWAPside]
2026.01.08 04:00:00;VETO;authorization denied: outside session window (server hour 04, window 12-20)
2026.01.08 04:15:00;VETO;authorization denied: outside session window (server hour 04, window 12-20)
2026.01.08 04:30:00;VETO;authorization denied: outside session window (server hour 04, window 12-20)
2026.01.08 04:45:00;VETO;authorization denied: outside session window (server hour 04, window 12-20)
2026.01.08 06:45:00;DECISION;setup SHORT score=0.75 entry=4432.05 inv=4446.48 tgt=0.00 [BOS short lvl=4433.46|RelVol=1.05|VPnode d=4.75|VWAPside|ADX=40]
2026.01.08 06:45:00;VETO;authorization denied: outside session window (server hour 06, window 12-20)
2026.01.08 07:00:00;VETO;authorization denied: outside session window (server hour 07, window 12-20)
2026.01.08 07:15:00;VETO;authorization denied: outside session window (server hour 07, window 12-20)
2026.01.08 07:30:00;VETO;authorization denied: outside session window (server hour 07, window 12-20)
2026.01.08 14:00:00;VETO;signal rejected: volume: relVol 0.97 < 1.00
2026.01.08 17:15:00;VETO;outlier bar masked, z=4.3
2026.01.08 22:30:00;DECISION;setup LONG score=0.60 entry=4469.97 inv=4444.65 tgt=0.00 [BOS long lvl=4465.39|RelVol=1.19|VWAPside|CycleTurn w=-0.88<--0.98]
2026.01.08 22:30:00;VETO;authorization denied: outside session window (server hour 22, window 12-20)
2026.01.08 22:45:00;VETO;authorization denied: outside session window (server hour 22, window 12-20)
2026.01.08 23:00:00;VETO;authorization denied: outside session window (server hour 23, window 12-20)
2026.01.08 23:15:00;VETO;authorization denied: outside session window (server hour 23, window 12-20)
2026.01.09 14:45:00;VETO;signal rejected: volume: relVol 0.92 < 1.00
2026.01.09 15:45:00;VETO;outlier bar masked, z=9.6
2026.01.09 20:00:00;VETO;outlier bar masked, z=5.8
2026.01.09 22:15:00;VETO;signal rejected: volume: relVol 0.87 < 1.00
2026.01.12 01:15:00;VETO;outlier bar masked, z=6.0
2026.01.12 02:15:00;VETO;outlier bar masked, z=4.4
2026.01.12 02:45:00;VETO;outlier bar masked, z=9.2
2026.01.12 03:15:00;VETO;outlier bar masked, z=3.5
2026.01.12 10:00:00;VETO;signal rejected: volume: relVol 0.91 < 1.00
2026.01.12 11:00:00;DECISION;setup LONG score=0.75 entry=4591.59 inv=4569.79 tgt=0.00 AWAIT-RETEST [BOS long lvl=4589.64|RelVol=1.30|Retest@4591.59|VPnode d=3.99|VWAPside|ADX=31]
2026.01.12 12:00:00;DECISION;TP capped 38.94000 -> 29.20500 (3.0xATR)
2026.01.12 12:00:00;ORDER;filled BUY 0.04 lots sl=4569.79 tp=4618.47 [WT|BOS|0.75]
2026.01.12 12:00:00;RISK;sizing: vol_ratio=0.80 scalar=1.00 gap_buf=3.40714 eff_stop=22.87714
2026.01.12 12:00:00;ORDER;entry fill deal #7 BUY 0.04 @ 4589.26000
2026.01.12 13:30:00;VETO;signal rejected: score 0.40 < 0.55 [CHoCH short lvl=4586.06|RelVol=1.07|Retest@4584.37|VPnear]
2026.01.12 15:13:36;MANAGE;#7 SL 4569.79 -> 4589.31 breakeven
2026.01.12 15:13:36;MANAGE;#7 partial close 0.02 of 0.04 lots
2026.01.12 15:13:36;RISK;deal closed pnl=39.00 streak=0 lock=0
2026.01.12 15:13:36;MANAGE;#7 SL 4589.31 -> 4595.75 trail
2026.01.12 15:13:36;MANAGE;#7 SL 4595.75 -> 4595.85 trail
2026.01.12 15:13:36;MANAGE;#7 SL 4595.85 -> 4596.01 trail
2026.01.12 15:13:36;MANAGE;#7 SL 4596.01 -> 4596.13 trail
2026.01.12 15:13:37;MANAGE;#7 SL 4596.13 -> 4596.31 trail
2026.01.12 15:15:00;VETO;outlier bar masked, z=3.9
2026.01.12 15:40:23;MANAGE;#7 SL 4596.31 -> 4596.46 trail
2026.01.12 15:40:32;MANAGE;#7 SL 4596.46 -> 4596.58 trail
2026.01.12 15:40:32;MANAGE;#7 SL 4596.58 -> 4596.71 trail
2026.01.12 15:40:32;MANAGE;#7 SL 4596.71 -> 4596.82 trail
2026.01.12 15:40:32;MANAGE;#7 SL 4596.82 -> 4596.93 trail
2026.01.12 15:40:36;MANAGE;#7 SL 4596.93 -> 4597.05 trail
2026.01.12 15:40:36;MANAGE;#7 SL 4597.05 -> 4597.38 trail
2026.01.12 15:40:36;MANAGE;#7 SL 4597.38 -> 4597.52 trail
2026.01.12 15:40:37;MANAGE;#7 SL 4597.52 -> 4597.63 trail
2026.01.12 15:40:45;MANAGE;#7 SL 4597.63 -> 4597.83 trail
2026.01.12 15:40:47;MANAGE;#7 SL 4597.83 -> 4597.98 trail
2026.01.12 15:48:01;MANAGE;#7 SL 4597.98 -> 4598.13 trail
2026.01.12 15:48:03;MANAGE;#7 SL 4598.13 -> 4598.25 trail
2026.01.12 15:48:03;MANAGE;#7 SL 4598.25 -> 4598.44 trail
2026.01.12 15:48:03;MANAGE;#7 SL 4598.44 -> 4598.73 trail
2026.01.12 15:48:04;MANAGE;#7 SL 4598.73 -> 4598.84 trail
2026.01.12 15:48:05;MANAGE;#7 SL 4598.84 -> 4598.97 trail
2026.01.12 15:49:14;MANAGE;#7 SL 4598.97 -> 4599.09 trail
2026.01.12 15:49:15;MANAGE;#7 SL 4599.09 -> 4599.24 trail
2026.01.12 15:49:15;MANAGE;#7 SL 4599.24 -> 4599.44 trail
2026.01.12 15:49:15;MANAGE;#7 SL 4599.44 -> 4599.59 trail
2026.01.12 15:49:16;MANAGE;#7 SL 4599.59 -> 4599.72 trail
2026.01.12 15:50:37;MANAGE;#7 SL 4599.72 -> 4599.84 trail
2026.01.12 15:50:56;MANAGE;#7 SL 4599.84 -> 4600.12 trail
2026.01.12 15:50:56;MANAGE;#7 SL 4600.12 -> 4600.25 trail
2026.01.12 15:50:56;MANAGE;#7 SL 4600.25 -> 4600.50 trail
2026.01.12 15:50:57;MANAGE;#7 SL 4600.50 -> 4600.61 trail
2026.01.12 15:50:57;MANAGE;#7 SL 4600.61 -> 4600.80 trail
2026.01.12 15:50:59;MANAGE;#7 SL 4600.80 -> 4600.91 trail
2026.01.12 15:51:05;MANAGE;#7 SL 4600.91 -> 4601.04 trail
2026.01.12 15:51:08;MANAGE;#7 SL 4601.04 -> 4601.15 trail
2026.01.12 15:51:14;MANAGE;#7 SL 4601.15 -> 4601.38 trail
2026.01.12 15:51:14;MANAGE;#7 SL 4601.38 -> 4601.49 trail
2026.01.12 15:51:14;MANAGE;#7 SL 4601.49 -> 4601.60 trail
2026.01.12 15:51:37;MANAGE;#7 SL 4601.60 -> 4601.71 trail
2026.01.12 15:51:48;MANAGE;#7 SL 4601.71 -> 4601.85 trail
2026.01.12 15:51:49;MANAGE;#7 SL 4601.85 -> 4601.99 trail
2026.01.12 15:51:49;MANAGE;#7 SL 4601.99 -> 4602.21 trail
2026.01.12 15:51:58;MANAGE;#7 SL 4602.21 -> 4602.33 trail
2026.01.12 15:51:59;MANAGE;#7 SL 4602.33 -> 4602.55 trail
2026.01.12 15:51:59;MANAGE;#7 SL 4602.55 -> 4602.77 trail
2026.01.12 15:52:03;MANAGE;#7 SL 4602.77 -> 4602.89 trail
2026.01.12 15:54:00;RISK;deal closed pnl=58.66 streak=0 lock=0
2026.01.12 16:15:00;VETO;outlier bar masked, z=4.8
2026.01.12 16:45:00;VETO;outlier bar masked, z=5.1
2026.01.12 17:45:00;VETO;signal rejected: volume: relVol 0.86 < 1.00
2026.01.12 20:30:00;DECISION;setup SHORT score=0.55 entry=4605.52 inv=4630.13 tgt=0.00 AWAIT-RETEST [CHoCH short lvl=4607.89|RelVol=1.09|Retest@4605.52|VPnode d=1.48]
2026.01.12 20:45:00;VETO;authorization denied: outside session window (server hour 20, window 12-20)
2026.01.12 21:00:00;VETO;authorization denied: outside session window (server hour 21, window 12-20)
2026.01.12 21:15:00;VETO;authorization denied: outside session window (server hour 21, window 12-20)
2026.01.12 21:30:00;VETO;authorization denied: outside session window (server hour 21, window 12-20)
2026.01.12 22:45:00;VETO;signal rejected: score 0.40 < 0.55 [BOS short lvl=4600.55|RelVol=1.08|Retest@4598.67|VPnear]
2026.01.13 01:15:00;VETO;outlier bar masked, z=6.7
2026.01.13 04:00:00;DECISION;setup SHORT score=0.75 entry=4577.90 inv=4607.74 tgt=0.00 [BOS short lvl=4578.11|RelVol=1.22|VPnode d=2.30|VWAPside|ADX=31]
2026.01.13 04:00:00;VETO;authorization denied: outside session window (server hour 04, window 12-20)
2026.01.13 04:15:00;VETO;authorization denied: outside session window (server hour 04, window 12-20)
2026.01.13 04:30:00;VETO;authorization denied: outside session window (server hour 04, window 12-20)
2026.01.13 04:45:00;VETO;authorization denied: outside session window (server hour 04, window 12-20)
2026.01.13 07:30:00;VETO;signal rejected: volume: relVol 0.68 < 1.00
2026.01.13 08:00:00;VETO;signal rejected: volume: relVol 0.76 < 1.00
2026.01.13 15:00:00;DECISION;setup LONG score=0.65 entry=4593.49 inv=4580.42 tgt=0.00 AWAIT-RETEST [CHoCH long lvl=4592.01|RelVol=1.14|Retest@4593.49|VPnode d=0.09|VWAPside]
2026.01.13 15:00:00;DECISION;TP capped 26.13321 -> 19.59991 (3.0xATR)
2026.01.13 15:00:00;ERROR;limit BUY 0.06 @ 4593.49 sl=4580.42 tp=4613.09 rc=10015 [WT|CHOCH|0.65|RL]
2026.01.13 15:15:00;DECISION;TP capped 44.98000 -> 33.73500 (3.0xATR)
2026.01.13 15:15:00;ORDER;filled BUY 0.03 lots sl=4580.42 tp=4636.64 [WT|CHOCH|0.65]
2026.01.13 15:15:00;RISK;sizing: vol_ratio=0.79 scalar=1.00 gap_buf=3.32071 eff_stop=25.81071
2026.01.13 15:15:00;ORDER;entry fill deal #10 BUY 0.03 @ 4602.91000
2026.01.13 15:45:00;VETO;outlier bar masked, z=4.8
2026.01.13 16:44:37;MANAGE;#10 SL 4580.42 -> 4603.11 breakeven
2026.01.13 16:44:37;MANAGE;#10 partial close 0.01 of 0.03 lots
2026.01.13 16:44:37;RISK;deal closed pnl=22.57 streak=0 lock=0
2026.01.13 16:44:37;MANAGE;#10 SL 4603.11 -> 4607.45 trail
2026.01.13 16:44:37;MANAGE;#10 SL 4607.45 -> 4607.66 trail
2026.01.13 16:44:37;MANAGE;#10 SL 4607.66 -> 4607.77 trail
2026.01.13 16:44:37;MANAGE;#10 SL 4607.77 -> 4607.93 trail
2026.01.13 16:45:16;MANAGE;#10 SL 4607.93 -> 4608.05 trail
2026.01.13 16:45:21;MANAGE;#10 SL 4608.05 -> 4608.16 trail
2026.01.13 16:45:52;MANAGE;#10 SL 4608.16 -> 4608.28 trail
2026.01.13 16:45:53;MANAGE;#10 SL 4608.28 -> 4608.44 trail
2026.01.13 16:45:53;MANAGE;#10 SL 4608.44 -> 4608.56 trail
2026.01.13 16:46:04;MANAGE;#10 SL 4608.56 -> 4608.67 trail
2026.01.13 16:46:04;MANAGE;#10 SL 4608.67 -> 4608.79 trail
2026.01.13 16:46:15;MANAGE;#10 SL 4608.79 -> 4608.93 trail
2026.01.13 16:46:25;MANAGE;#10 SL 4608.93 -> 4609.08 trail
2026.01.13 16:46:46;MANAGE;#10 SL 4609.08 -> 4609.30 trail
2026.01.13 16:46:52;MANAGE;#10 SL 4609.30 -> 4609.42 trail
2026.01.13 16:46:52;MANAGE;#10 SL 4609.42 -> 4609.54 trail
2026.01.13 16:46:52;MANAGE;#10 SL 4609.54 -> 4609.71 trail
2026.01.13 16:46:53;MANAGE;#10 SL 4609.71 -> 4609.82 trail
2026.01.13 16:46:53;MANAGE;#10 SL 4609.82 -> 4609.94 trail
2026.01.13 16:47:04;MANAGE;#10 SL 4609.94 -> 4610.09 trail
2026.01.13 16:47:15;MANAGE;#10 SL 4610.09 -> 4610.41 trail
2026.01.13 16:47:15;MANAGE;#10 SL 4610.41 -> 4610.55 trail
2026.01.13 16:47:15;MANAGE;#10 SL 4610.55 -> 4610.78 trail
2026.01.13 16:47:15;MANAGE;#10 SL 4610.78 -> 4610.89 trail
2026.01.13 16:47:15;MANAGE;#10 SL 4610.89 -> 4611.06 trail
2026.01.13 16:47:16;MANAGE;#10 SL 4611.06 -> 4611.22 trail
2026.01.13 16:47:16;MANAGE;#10 SL 4611.22 -> 4611.71 trail
2026.01.13 16:47:16;MANAGE;#10 SL 4611.71 -> 4612.14 trail
2026.01.13 16:47:16;MANAGE;#10 SL 4612.14 -> 4612.26 trail
2026.01.13 16:47:16;MANAGE;#10 SL 4612.26 -> 4612.42 trail
2026.01.13 16:47:16;MANAGE;#10 SL 4612.42 -> 4612.61 trail
2026.01.13 16:47:34;MANAGE;#10 SL 4612.61 -> 4612.87 trail
2026.01.13 16:47:34;MANAGE;#10 SL 4612.87 -> 4613.07 trail
2026.01.13 16:47:34;MANAGE;#10 SL 4613.07 -> 4613.29 trail
2026.01.13 16:47:34;MANAGE;#10 SL 4613.29 -> 4613.47 trail
2026.01.13 16:47:35;MANAGE;#10 SL 4613.47 -> 4613.60 trail
2026.01.13 16:47:40;MANAGE;#10 SL 4613.60 -> 4613.71 trail
2026.01.13 16:47:40;MANAGE;#10 SL 4613.71 -> 4613.86 trail
2026.01.13 16:48:05;MANAGE;#10 SL 4613.86 -> 4614.05 trail
2026.01.13 16:48:37;MANAGE;#10 SL 4614.05 -> 4614.30 trail
2026.01.13 16:49:50;MANAGE;#10 SL 4614.30 -> 4614.46 trail
2026.01.13 16:49:50;MANAGE;#10 SL 4614.46 -> 4614.68 trail
2026.01.13 16:50:04;MANAGE;#10 SL 4614.68 -> 4614.79 trail
2026.01.13 16:50:04;MANAGE;#10 SL 4614.79 -> 4614.94 trail
2026.01.13 16:50:04;MANAGE;#10 SL 4614.94 -> 4615.10 trail
2026.01.13 17:04:01;RISK;deal closed pnl=24.36 streak=0 lock=0
2026.01.13 17:30:00;VETO;outlier bar masked, z=4.5
2026.01.13 18:30:00;VETO;outlier bar masked, z=3.5
2026.01.13 20:00:00;VETO;outlier bar masked, z=4.4
2026.01.13 22:45:00;VETO;outlier bar masked, z=3.6
2026.01.14 02:15:00;DECISION;setup LONG score=0.65 entry=4600.63 inv=4569.58 tgt=0.00 AWAIT-RETEST [CHoCH long lvl=4598.99|RelVol=1.45|Retest@4600.63|VPnode d=0.83|VWAPside]
2026.01.14 08:00:00;VETO;outlier bar masked, z=4.8
2026.01.14 15:00:00;DECISION;setup LONG score=0.85 entry=4638.71 inv=4626.08 tgt=0.00 [BOS long lvl=4638.21|RelVol=1.21|VPnode d=0.29|VWAPside|CycleTurn w=-0.88<--0.94]
2026.01.14 15:00:00;DECISION;TP capped 25.66000 -> 19.24500 (3.0xATR)
2026.01.14 15:00:00;ORDER;filled BUY 0.06 lots sl=4626.08 tp=4658.15 [WT|BOS|0.85]
2026.01.14 15:00:00;RISK;sizing: vol_ratio=0.75 scalar=1.00 gap_buf=3.10714 eff_stop=15.93714
2026.01.14 15:00:00;ORDER;entry fill deal #13 BUY 0.06 @ 4638.91000
2026.01.14 15:30:16;RISK;deal closed pnl=-79.08 streak=1 lock=0
2026.01.14 16:45:00;VETO;outlier bar masked, z=4.0
2026.01.14 20:30:00;DECISION;setup LONG score=0.85 entry=4627.39 inv=4601.18 tgt=0.00 AWAIT-RETEST [CHoCH long lvl=4624.79|RelVol=1.36|Retest@4627.39|VPnode d=7.51|VWAPside|CycleTurn w=-0.55<--0.97]
2026.01.14 22:15:00;VETO;authorization denied: outside session window (server hour 22, window 12-20)
2026.01.14 22:30:00;VETO;authorization denied: outside session window (server hour 22, window 12-20)
2026.01.14 22:45:00;VETO;authorization denied: outside session window (server hour 22, window 12-20)
2026.01.14 23:00:00;VETO;authorization denied: outside session window (server hour 23, window 12-20)
2026.01.15 01:15:00;VETO;outlier bar masked, z=5.2
2026.01.15 03:30:00;VETO;signal rejected: score 0.50 < 0.55 [CHoCH short lvl=4602.82|RelVol=1.47|Retest@4600.77|VPnear|VWAPside]
2026.01.15 03:45:00;VETO;outlier bar masked, z=4.0
2026.01.15 11:45:00;VETO;signal rejected: score 0.50 < 0.55 [CHoCH long lvl=4607.18|RelVol=1.40|Retest@4608.77|VPnear|VWAPside]
2026.01.15 15:45:00;DECISION;setup SHORT score=0.65 entry=4596.32 inv=4622.94 tgt=0.00 AWAIT-RETEST [CHoCH short lvl=4597.81|RelVol=1.20|Retest@4596.32|VPnode d=1.28|VWAPside]
2026.01.15 15:45:00;DECISION;TP capped 53.23143 -> 39.92357 (3.0xATR)
2026.01.15 15:45:00;ORDER;limit SELL 0.03 @ 4596.32 sl=4622.94 tp=4556.40 rc=10009 [WT|CHOCH|0.65|RL]
2026.01.15 15:45:00;RISK;sizing: vol_ratio=0.68 scalar=1.00 gap_buf=2.97143 eff_stop=29.58714
2026.01.15 16:09:45;ORDER;entry fill deal #15 SELL 0.03 @ 4596.40000
2026.01.15 18:11:55;RISK;deal closed pnl=-80.40 streak=1 lock=0
2026.01.15 22:15:00;DECISION;setup SHORT score=0.75 entry=4612.21 inv=4621.59 tgt=0.00 AWAIT-RETEST [BOS short lvl=4613.52|RelVol=1.06|Retest@4612.21|VPnode d=3.49|CycleTurn w=0.41<-0.94]
2026.01.15 23:30:00;VETO;authorization denied: outside session window (server hour 23, window 12-20)
2026.01.15 23:45:00;VETO;authorization denied: outside session window (server hour 23, window 12-20)
2026.01.16 01:00:04;VETO;authorization denied: outside session window (server hour 01, window 12-20)
2026.01.16 01:15:00;VETO;authorization denied: outside session window (server hour 01, window 12-20)
2026.01.16 03:00:00;VETO;signal rejected: volume: relVol 0.97 < 1.00
2026.01.16 08:00:00;VETO;signal rejected: volume: relVol 0.90 < 1.00
2026.01.16 09:15:00;VETO;outlier bar masked, z=3.5
2026.01.16 13:30:00;VETO;signal rejected: volume: relVol 0.86 < 1.00
2026.01.16 15:15:00;DECISION;setup SHORT score=0.85 entry=4597.04 inv=4616.11 tgt=0.00 AWAIT-RETEST [CHoCH short lvl=4598.58|RelVol=1.25|Retest@4597.04|VPnode d=1.04|VWAPside|CycleTurn w=-0.52<-0.52]
2026.01.16 15:15:00;DECISION;TP capped 38.13500 -> 28.60125 (3.0xATR)
2026.01.16 15:15:00;ORDER;limit SELL 0.04 @ 4597.04 sl=4616.11 tp=4568.44 rc=10009 [WT|CHOCH|0.85|RL]
2026.01.16 15:15:00;RISK;sizing: vol_ratio=0.91 scalar=1.00 gap_buf=3.07500 eff_stop=22.14250
2026.01.16 15:15:04;ORDER;entry fill deal #17 SELL 0.04 @ 4597.08000
2026.01.16 15:30:00;VETO;outlier bar masked, z=3.6
2026.01.16 15:45:00;VETO;outlier bar masked, z=3.8
2026.01.16 17:05:00;RISK;deal closed pnl=-78.28 streak=1 lock=0
2026.01.16 17:30:00;VETO;outlier bar masked, z=16.7
2026.01.16 17:45:00;VETO;outlier bar masked, z=9.8
2026.01.16 18:00:00;VETO;outlier bar masked, z=4.9
2026.01.16 18:15:00;VETO;outlier bar masked, z=6.8
2026.01.19 01:00:12;VETO;signal rejected: volume: relVol 0.95 < 1.00
2026.01.19 01:15:00;VETO;outlier bar masked, z=17.7
2026.01.19 01:30:00;VETO;outlier bar masked, z=7.1
2026.01.19 01:45:00;VETO;outlier bar masked, z=5.6
2026.01.19 04:00:00;DECISION;setup SHORT score=0.85 entry=4658.73 inv=4682.03 tgt=0.00 AWAIT-RETEST [CHoCH short lvl=4661.18|RelVol=1.15|Retest@4658.73|VPnode d=2.87|VWAPside|CycleTurn w=0.63<-0.87]
2026.01.19 04:15:00;VETO;authorization denied: outside session window (server hour 04, window 12-20)
2026.01.19 04:30:00;VETO;authorization denied: outside session window (server hour 04, window 12-20)
2026.01.19 04:45:00;VETO;authorization denied: outside session window (server hour 04, window 12-20)
2026.01.19 05:00:00;VETO;authorization denied: outside session window (server hour 05, window 12-20)
2026.01.19 08:00:00;VETO;signal rejected: volume: relVol 0.69 < 1.00
2026.01.19 09:00:00;VETO;signal rejected: volume: relVol 0.77 < 1.00
2026.01.19 12:45:00;VETO;signal rejected: volume: relVol 0.78 < 1.00
2026.01.19 14:00:00;DECISION;setup SHORT score=0.65 entry=4660.68 inv=4671.21 tgt=0.00 [BOS short lvl=4661.27|RelVol=1.25|VPnode d=1.48|VWAPside]
2026.01.19 14:00:00;DECISION;TP capped 21.06000 -> 17.16429 (3.0xATR)
2026.01.19 14:00:00;ORDER;filled SELL 0.07 lots sl=4671.21 tp=4643.52 [WT|BOS|0.65]
2026.01.19 14:00:00;RISK;sizing: vol_ratio=0.59 scalar=1.00 gap_buf=2.86071 eff_stop=13.39071
2026.01.19 14:00:00;ORDER;entry fill deal #19 SELL 0.07 @ 4660.68000
2026.01.19 14:17:28;RISK;deal closed pnl=-73.85 streak=1 lock=0
2026.01.19 14:45:00;VETO;signal rejected: volume: relVol 0.63 < 1.00
2026.01.19 18:00:00;VETO;signal rejected: volume: relVol 0.42 < 1.00
2026.01.19 19:45:00;VETO;signal rejected: volume: relVol 0.38 < 1.00
2026.01.20 01:30:00;VETO;signal rejected: volume: relVol 0.62 < 1.00
2026.01.20 05:45:00;VETO;signal rejected: volume: relVol 0.74 < 1.00
2026.01.20 09:30:00;VETO;signal rejected: score 0.50 < 0.55 [BOS long lvl=4717.01|RelVol=1.06|VWAPside|ADX=68]
2026.01.20 15:30:00;VETO;signal rejected: volume: relVol 0.89 < 1.00
2026.01.20 15:45:00;VETO;outlier bar masked, z=5.2
2026.01.20 16:00:00;DECISION;setup LONG score=0.85 entry=4736.72 inv=4721.65 tgt=0.00 AWAIT-RETEST [CHoCH long lvl=4735.25|RelVol=1.14|Retest@4736.72|VPnode d=1.68|VWAPside|CycleTurn w=-0.99<--1.00]
2026.01.20 16:00:00;DECISION;TP capped 30.13143 -> 22.59857 (3.0xATR)
2026.01.20 16:00:00;ORDER;limit BUY 0.05 @ 4736.72 sl=4721.65 tp=4759.31 rc=10009 [WT|CHOCH|0.85|RL]
2026.01.20 16:00:00;RISK;sizing: vol_ratio=1.09 scalar=1.00 gap_buf=3.27643 eff_stop=18.34214
2026.01.20 16:00:00;ORDER;entry fill deal #21 BUY 0.05 @ 4736.53000
2026.01.20 16:15:00;VETO;outlier bar masked, z=5.7
2026.01.20 16:45:00;VETO;outlier bar masked, z=9.0
2026.01.20 17:30:00;VETO;outlier bar masked, z=7.4
2026.01.20 18:15:00;VETO;outlier bar masked, z=3.8
2026.01.20 18:55:12;MANAGE;#21 SL 4721.65 -> 4736.59 breakeven
2026.01.20 18:55:12;MANAGE;#21 partial close 0.02 of 0.05 lots
2026.01.20 18:55:12;RISK;deal closed pnl=29.90 streak=0 lock=0
2026.01.20 19:00:00;DECISION;setup LONG score=0.85 entry=4753.64 inv=4722.41 tgt=0.00 [BOS long lvl=4751.14|RelVol=1.04|VPnode d=5.04|VWAPside|CycleTurn w=-0.60<--0.93]
2026.01.20 19:00:00;DECISION;TP capped 62.76000 -> 47.07000 (3.0xATR)
2026.01.20 19:00:00;VETO;risk veto: max positions
2026.01.20 19:55:39;MANAGE;#21 SL 4736.59 -> 4736.78 trail
2026.01.20 19:55:39;RISK;deal closed pnl=69.24 streak=0 lock=0
2026.01.20 22:30:00;VETO;signal rejected: score 0.40 < 0.55 [CHoCH short lvl=4752.87|RelVol=1.22|Retest@4751.11|VPnear]
2026.01.21 01:45:00;VETO;signal rejected: volume: relVol 0.68 < 1.00
2026.01.21 03:15:00;VETO;outlier bar masked, z=6.9
2026.01.21 03:30:00;VETO;outlier bar masked, z=5.6
2026.01.21 03:45:00;VETO;outlier bar masked, z=5.0
2026.01.21 04:00:00;VETO;outlier bar masked, z=6.2
2026.01.21 04:15:00;VETO;outlier bar masked, z=4.1
2026.01.21 06:30:00;DECISION;setup LONG score=0.75 entry=4849.85 inv=4747.47 tgt=0.00 [BOS long lvl=4849.75|RelVol=1.57|VPnode d=2.75|VWAPside|ADX=56]
2026.01.21 06:30:00;VETO;authorization denied: outside session window (server hour 06, window 12-20)
2026.01.21 06:45:00;VETO;authorization denied: outside session window (server hour 06, window 12-20)
2026.01.21 07:00:00;VETO;authorization denied: outside session window (server hour 07, window 12-20)
2026.01.21 07:15:00;VETO;authorization denied: outside session window (server hour 07, window 12-20)
2026.01.21 08:45:00;VETO;outlier bar masked, z=5.2
2026.01.21 15:45:00;VETO;signal rejected: volume: relVol 0.73 < 1.00
2026.01.21 16:15:00;VETO;outlier bar masked, z=6.9
2026.01.21 17:30:00;VETO;outlier bar masked, z=8.1
2026.01.21 19:45:00;VETO;signal rejected: score 0.50 < 0.55 [BOS short lvl=4812.84|RelVol=1.94|VPnear|VWAPside]
2026.01.21 21:30:00;VETO;outlier bar masked, z=6.6
2026.01.21 21:45:00;VETO;outlier bar masked, z=7.6
2026.01.22 07:45:00;VETO;signal rejected: volume: relVol 0.77 < 1.00
2026.01.22 11:45:00;DECISION;setup SHORT score=0.75 entry=4820.36 inv=4839.00 tgt=0.00 AWAIT-RETEST [CHoCH short lvl=4822.32|RelVol=1.38|Retest@4820.36|VPnode d=0.24|CycleTurn w=-0.33<-0.84]
2026.01.22 12:00:00;DECISION;TP capped 31.72000 -> 23.79000 (3.0xATR)
2026.01.22 12:00:00;ORDER;filled SELL 0.05 lots sl=4839.00 tp=4799.35 [WT|CHOCH|0.75]
2026.01.22 12:00:00;RISK;sizing: vol_ratio=0.56 scalar=1.00 gap_buf=3.79464 eff_stop=19.65464
2026.01.22 12:00:00;ORDER;entry fill deal #24 SELL 0.05 @ 4823.14000
2026.01.22 15:45:00;VETO;signal rejected: volume: relVol 0.86 < 1.00
2026.01.22 16:32:39;RISK;deal closed pnl=-80.30 streak=1 lock=0
2026.01.22 16:45:00;VETO;signal rejected: volume: relVol 0.90 < 1.00
2026.01.22 22:15:00;VETO;signal rejected: volume: relVol 0.80 < 1.00
2026.01.22 23:45:00;VETO;signal rejected: score 0.50 < 0.55 [BOS long lvl=4928.50|RelVol=1.66|Retest@4930.77|VWAPside|ADX=36]
2026.01.23 03:15:00;VETO;outlier bar masked, z=4.6
2026.01.23 10:00:00;DECISION;setup SHORT score=0.65 entry=4943.83 inv=4967.30 tgt=0.00 AWAIT-RETEST [CHoCH short lvl=4945.59|RelVol=1.07|Retest@4943.83|VPnode d=3.97|VWAPside]
2026.01.23 10:15:00;VETO;authorization denied: outside session window (server hour 10, window 12-20)
2026.01.23 10:30:00;VETO;outlier bar masked, z=8.3
2026.01.23 10:45:00;VETO;authorization denied: outside session window (server hour 10, window 12-20)
2026.01.23 11:00:00;VETO;authorization denied: outside session window (server hour 11, window 12-20)
2026.01.23 11:15:00;VETO;authorization denied: outside session window (server hour 11, window 12-20)
2026.01.23 14:15:00;DECISION;setup LONG score=0.55 entry=4935.02 inv=4912.21 tgt=0.00 AWAIT-RETEST [CHoCH long lvl=4932.45|RelVol=1.09|Retest@4935.02|VPnode d=5.62]
2026.01.23 14:15:00;DECISION;TP capped 45.61571 -> 34.21179 (3.0xATR)
2026.01.23 14:15:00;ERROR;limit BUY 0.03 @ 4935.02 sl=4912.21 tp=4969.23 rc=10015 [WT|CHOCH|0.55|RL]
2026.01.23 14:30:00;DECISION;TP capped 44.28000 -> 33.21000 (3.0xATR)
2026.01.23 14:30:00;ORDER;filled BUY 0.03 lots sl=4912.21 tp=4967.56 [WT|CHOCH|0.55]
2026.01.23 14:30:00;RISK;sizing: vol_ratio=0.94 scalar=1.00 gap_buf=4.77964 eff_stop=26.91964
2026.01.23 14:30:00;ORDER;entry fill deal #26 BUY 0.03 @ 4934.35000
2026.01.23 17:15:00;VETO;signal rejected: volume: relVol 0.79 < 1.00
2026.01.23 17:41:33;MANAGE;#26 SL 4912.21 -> 4934.53 breakeven
2026.01.23 17:41:33;MANAGE;#26 partial close 0.01 of 0.03 lots
2026.01.23 17:41:33;RISK;deal closed pnl=22.16 streak=0 lock=0
2026.01.23 17:42:04;MANAGE;#26 SL 4934.53 -> 4934.71 trail
2026.01.23 17:42:04;MANAGE;#26 SL 4934.71 -> 4934.82 trail
2026.01.23 17:42:05;MANAGE;#26 SL 4934.82 -> 4934.93 trail
2026.01.23 17:42:06;MANAGE;#26 SL 4934.93 -> 4935.06 trail
2026.01.23 17:42:07;MANAGE;#26 SL 4935.06 -> 4935.18 trail
2026.01.23 17:42:41;MANAGE;#26 SL 4935.18 -> 4935.29 trail
2026.01.23 17:43:04;MANAGE;#26 SL 4935.29 -> 4935.47 trail
2026.01.23 17:43:04;MANAGE;#26 SL 4935.47 -> 4935.66 trail
2026.01.23 17:43:07;MANAGE;#26 SL 4935.66 -> 4935.84 trail
2026.01.23 17:43:08;MANAGE;#26 SL 4935.84 -> 4935.95 trail
2026.01.23 17:43:08;MANAGE;#26 SL 4935.95 -> 4936.07 trail
2026.01.23 17:43:08;MANAGE;#26 SL 4936.07 -> 4936.18 trail
2026.01.23 17:43:10;MANAGE;#26 SL 4936.18 -> 4936.50 trail
2026.01.23 17:43:10;MANAGE;#26 SL 4936.50 -> 4936.63 trail
2026.01.23 17:43:14;MANAGE;#26 SL 4936.63 -> 4936.74 trail
2026.01.23 17:43:15;MANAGE;#26 SL 4936.74 -> 4936.90 trail
2026.01.23 17:47:16;MANAGE;#26 SL 4936.90 -> 4937.01 trail
2026.01.23 17:47:16;MANAGE;#26 SL 4937.01 -> 4937.14 trail
2026.01.23 17:47:22;MANAGE;#26 SL 4937.14 -> 4937.28 trail
2026.01.23 17:47:23;MANAGE;#26 SL 4937.28 -> 4937.40 trail
2026.01.23 17:47:24;MANAGE;#26 SL 4937.40 -> 4937.54 trail
2026.01.23 17:47:24;MANAGE;#26 SL 4937.54 -> 4937.65 trail
2026.01.23 17:47:30;MANAGE;#26 SL 4937.65 -> 4937.75 trail
2026.01.23 17:47:35;MANAGE;#26 SL 4937.75 -> 4937.87 trail
2026.01.23 17:47:36;MANAGE;#26 SL 4937.87 -> 4938.24 trail
2026.01.23 17:47:36;MANAGE;#26 SL 4938.24 -> 4938.38 trail
2026.01.23 17:47:38;MANAGE;#26 SL 4938.38 -> 4938.49 trail
2026.01.23 17:47:39;MANAGE;#26 SL 4938.49 -> 4938.62 trail
2026.01.23 17:47:51;MANAGE;#26 SL 4938.62 -> 4938.72 trail
2026.01.23 17:47:51;MANAGE;#26 SL 4938.72 -> 4938.89 trail
2026.01.23 17:47:52;MANAGE;#26 SL 4938.89 -> 4939.01 trail
2026.01.23 18:02:26;MANAGE;#26 SL 4939.01 -> 4939.17 trail
2026.01.23 18:02:26;MANAGE;#26 SL 4939.17 -> 4939.95 trail
2026.01.23 18:02:26;MANAGE;#26 SL 4939.95 -> 4940.35 trail
2026.01.23 18:02:26;MANAGE;#26 SL 4940.35 -> 4940.52 trail
2026.01.23 18:02:27;MANAGE;#26 SL 4940.52 -> 4940.66 trail
2026.01.23 18:04:41;MANAGE;#26 SL 4940.66 -> 4940.81 trail
2026.01.23 18:04:41;MANAGE;#26 SL 4940.81 -> 4940.91 trail
2026.01.23 18:04:43;MANAGE;#26 SL 4940.91 -> 4941.05 trail
2026.01.23 18:04:43;MANAGE;#26 SL 4941.05 -> 4941.16 trail
2026.01.23 18:04:43;MANAGE;#26 SL 4941.16 -> 4941.28 trail
2026.01.23 18:09:25;MANAGE;#26 SL 4941.28 -> 4941.67 trail
2026.01.23 18:09:25;MANAGE;#26 SL 4941.67 -> 4941.79 trail
2026.01.23 18:09:26;MANAGE;#26 SL 4941.79 -> 4941.90 trail
2026.01.23 18:09:40;MANAGE;#26 SL 4941.90 -> 4942.05 trail
2026.01.23 18:09:41;MANAGE;#26 SL 4942.05 -> 4942.16 trail
2026.01.23 18:09:41;MANAGE;#26 SL 4942.16 -> 4942.29 trail
2026.01.23 18:09:41;MANAGE;#26 SL 4942.29 -> 4942.41 trail
2026.01.23 18:09:41;MANAGE;#26 SL 4942.41 -> 4942.61 trail
2026.01.23 18:09:42;RISK;deal closed pnl=66.44 streak=0 lock=0
2026.01.26 01:15:00;VETO;outlier bar masked, z=6.3
2026.01.26 03:15:00;VETO;outlier bar masked, z=3.6
2026.01.26 09:00:00;VETO;outlier bar masked, z=3.5
2026.01.26 09:30:00;DECISION;setup LONG score=0.95 entry=5095.38 inv=5052.39 tgt=0.00 [BOS long lvl=5093.05|RelVol=1.01|VPnode d=1.38|VWAPside|CycleTurn w=-0.76<--0.90|ADX=32]
2026.01.26 09:30:00;VETO;authorization denied: outside session window (server hour 09, window 12-20)
2026.01.26 09:45:00;VETO;authorization denied: outside session window (server hour 09, window 12-20)
2026.01.26 10:00:00;VETO;authorization denied: outside session window (server hour 10, window 12-20)
2026.01.26 10:15:00;VETO;authorization denied: outside session window (server hour 10, window 12-20)
2026.01.26 15:30:00;VETO;signal rejected: score 0.40 < 0.55 [CHoCH short lvl=5078.55|RelVol=1.03|Retest@5076.26|VPnear]
2026.01.26 18:15:00;DECISION;setup LONG score=0.65 entry=5101.10 inv=5054.59 tgt=0.00 AWAIT-RETEST [CHoCH long lvl=5097.34|RelVol=1.08|Retest@5101.10|VPnode d=5.70|VWAPside]
2026.01.26 18:15:00;DECISION;TP capped 93.02714 -> 69.77036 (3.0xATR)
2026.01.26 18:15:00;ORDER;limit BUY 0.01 @ 5101.10 sl=5054.59 tp=5170.87 rc=10009 [WT|CHOCH|0.65|RL]
2026.01.26 18:15:00;RISK;sizing: vol_ratio=1.21 scalar=1.00 gap_buf=7.52714 eff_stop=54.04071
2026.01.26 18:15:00;ORDER;entry fill deal #29 BUY 0.01 @ 5101.04000
2026.01.26 18:30:00;VETO;outlier bar masked, z=3.6
2026.01.26 20:45:00;DECISION;setup SHORT score=0.85 entry=5061.18 inv=5105.05 tgt=0.00 AWAIT-RETEST [CHoCH short lvl=5065.35|RelVol=2.58|Retest@5061.18|VPnode d=8.62|VWAPside|CycleTurn w=0.12<-0.89]
2026.01.26 21:00:00;VETO;authorization denied: outside session window (server hour 21, window 12-20)
2026.01.26 21:02:10;RISK;deal closed pnl=-46.85 streak=1 lock=0
2026.01.26 21:15:00;VETO;outlier bar masked, z=3.6
2026.01.26 21:30:00;VETO;outlier bar masked, z=4.8
2026.01.26 21:45:00;VETO;authorization denied: outside session window (server hour 21, window 12-20)
2026.01.26 22:00:00;VETO;authorization denied: outside session window (server hour 22, window 12-20)
2026.01.26 22:15:00;VETO;authorization denied: outside session window (server hour 22, window 12-20)
2026.01.26 23:45:00;VETO;signal rejected: score 0.50 < 0.55 [BOS short lvl=5008.51|RelVol=3.96|VWAPside|ADX=34]
2026.01.27 03:15:00;VETO;outlier bar masked, z=6.5
2026.01.27 04:45:00;VETO;signal rejected: volume: relVol 0.84 < 1.00
2026.01.27 08:00:00;DECISION;setup LONG score=0.85 entry=5082.99 inv=5057.34 tgt=0.00 [BOS long lvl=5079.17|RelVol=1.00|VPnode d=2.39|VWAPside|CycleTurn w=-0.82<--0.86]
2026.01.27 08:00:00;VETO;authorization denied: outside session window (server hour 08, window 12-20)
2026.01.27 08:15:00;VETO;authorization denied: outside session window (server hour 08, window 12-20)
2026.01.27 08:30:00;VETO;authorization denied: outside session window (server hour 08, window 12-20)
2026.01.27 08:45:00;VETO;authorization denied: outside session window (server hour 08, window 12-20)
2026.01.27 14:00:00;DECISION;setup SHORT score=0.55 entry=5079.74 inv=5099.53 tgt=0.00 AWAIT-RETEST [CHoCH short lvl=5081.90|RelVol=1.63|Retest@5079.74|VPnode d=6.36]
2026.01.27 14:00:00;DECISION;TP capped 39.58071 -> 29.68554 (3.0xATR)
2026.01.27 14:00:00;ORDER;limit SELL 0.04 @ 5079.74 sl=5099.53 tp=5050.05 rc=10009 [WT|CHOCH|0.55|RL]
2026.01.27 14:00:00;RISK;sizing: vol_ratio=0.59 scalar=1.00 gap_buf=4.32071 eff_stop=24.11107
2026.01.27 14:00:31;ORDER;entry fill deal #31 SELL 0.04 @ 5079.78000
2026.01.27 16:05:57;MANAGE;#31 SL 5099.53 -> 5079.62 breakeven
2026.01.27 16:05:57;MANAGE;#31 partial close 0.02 of 0.04 lots
2026.01.27 16:05:57;RISK;deal closed pnl=39.52 streak=0 lock=0
2026.01.27 16:13:17;MANAGE;#31 SL 5079.62 -> 5079.33 trail
2026.01.27 16:13:17;MANAGE;#31 SL 5079.33 -> 5079.18 trail
2026.01.27 16:13:20;MANAGE;#31 SL 5079.18 -> 5079.04 trail
2026.01.27 16:13:20;MANAGE;#31 SL 5079.04 -> 5078.88 trail
2026.01.27 16:13:20;MANAGE;#31 SL 5078.88 -> 5078.67 trail
2026.01.27 16:13:20;MANAGE;#31 SL 5078.67 -> 5078.43 trail
2026.01.27 16:13:20;MANAGE;#31 SL 5078.43 -> 5078.31 trail
2026.01.27 16:13:20;MANAGE;#31 SL 5078.31 -> 5078.17 trail
2026.01.27 16:13:21;MANAGE;#31 SL 5078.17 -> 5078.06 trail
2026.01.27 16:13:21;MANAGE;#31 SL 5078.06 -> 5077.64 trail
2026.01.27 16:13:21;MANAGE;#31 SL 5077.64 -> 5077.50 trail
2026.01.27 16:13:21;MANAGE;#31 SL 5077.50 -> 5077.23 trail
2026.01.27 16:13:22;MANAGE;#31 SL 5077.23 -> 5077.01 trail
2026.01.27 16:13:23;MANAGE;#31 SL 5077.01 -> 5076.74 trail
2026.01.27 16:13:23;MANAGE;#31 SL 5076.74 -> 5076.57 trail
2026.01.27 16:13:24;MANAGE;#31 SL 5076.57 -> 5076.42 trail
2026.01.27 16:13:24;MANAGE;#31 SL 5076.42 -> 5076.29 trail
2026.01.27 16:13:30;MANAGE;#31 SL 5076.29 -> 5076.18 trail
2026.01.27 16:13:30;MANAGE;#31 SL 5076.18 -> 5075.97 trail
2026.01.27 16:13:32;MANAGE;#31 SL 5075.97 -> 5075.79 trail
2026.01.27 16:15:00;DECISION;setup SHORT score=0.65 entry=5060.11 inv=5092.92 tgt=0.00 [BOS short lvl=5066.97|RelVol=1.36|VPnode d=4.09|VWAPside]
2026.01.27 16:15:00;DECISION;TP capped 65.62000 -> 49.21500 (3.0xATR)
2026.01.27 16:15:00;VETO;risk veto: max positions
2026.01.27 16:16:17;MANAGE;#31 SL 5075.79 -> 5074.87 trail
2026.01.27 16:16:18;MANAGE;#31 SL 5074.87 -> 5074.75 trail
2026.01.27 16:16:18;MANAGE;#31 SL 5074.75 -> 5074.63 trail
2026.01.27 16:16:21;MANAGE;#31 SL 5074.63 -> 5074.50 trail
2026.01.27 16:16:21;MANAGE;#31 SL 5074.50 -> 5074.37 trail
2026.01.27 16:16:21;MANAGE;#31 SL 5074.37 -> 5074.23 trail
2026.01.27 16:16:22;MANAGE;#31 SL 5074.23 -> 5074.08 trail
2026.01.27 16:16:22;MANAGE;#31 SL 5074.08 -> 5073.90 trail
2026.01.27 16:16:22;MANAGE;#31 SL 5073.90 -> 5073.77 trail
2026.01.27 16:16:36;MANAGE;#31 SL 5073.77 -> 5073.47 trail
2026.01.27 16:16:36;MANAGE;#31 SL 5073.47 -> 5073.31 trail
2026.01.27 16:16:36;MANAGE;#31 SL 5073.31 -> 5072.96 trail
2026.01.27 16:16:36;MANAGE;#31 SL 5072.96 -> 5072.79 trail
2026.01.27 16:16:36;RISK;deal closed pnl=59.58 streak=0 lock=0
2026.01.27 18:00:00;DECISION;setup LONG score=0.85 entry=5086.67 inv=5046.65 tgt=0.00 AWAIT-RETEST [CHoCH long lvl=5082.29|RelVol=1.29|Retest@5086.67|VPnode d=0.57|VWAPside|CycleTurn w=-0.77<--0.97]
2026.01.27 18:00:00;DECISION;TP capped 80.03679 -> 60.02759 (3.0xATR)
2026.01.27 18:00:00;ORDER;limit BUY 0.02 @ 5086.67 sl=5046.65 tp=5146.70 rc=10009 [WT|CHOCH|0.85|RL]
2026.01.27 18:00:00;RISK;sizing: vol_ratio=1.12 scalar=1.00 gap_buf=8.75679 eff_stop=48.77518
2026.01.27 18:04:05;ORDER;entry fill deal #34 BUY 0.02 @ 5086.66000
2026.01.27 22:00:00;DECISION;setup LONG score=0.65 entry=5098.94 inv=5076.37 tgt=0.00 [BOS long lvl=5095.54|RelVol=1.02|VPnode d=6.14|VWAPside]
2026.01.27 22:00:00;VETO;authorization denied: outside session window (server hour 22, window 12-20)
2026.01.27 22:09:55;MANAGE;#34 SL 5046.65 -> 5086.81 breakeven
2026.01.27 22:09:55;MANAGE;#34 partial close 0.01 of 0.02 lots
2026.01.27 22:09:55;RISK;deal closed pnl=40.10 streak=0 lock=0
2026.01.27 22:09:55;MANAGE;#34 SL 5086.81 -> 5107.69 trail
2026.01.27 22:09:57;MANAGE;#34 SL 5107.69 -> 5107.85 trail
2026.01.27 22:10:19;MANAGE;#34 SL 5107.85 -> 5108.34 trail
2026.01.27 22:10:19;MANAGE;#34 SL 5108.34 -> 5108.47 trail
2026.01.27 22:10:19;MANAGE;#34 SL 5108.47 -> 5108.70 trail
2026.01.27 22:10:19;MANAGE;#34 SL 5108.70 -> 5108.83 trail
2026.01.27 22:10:24;MANAGE;#34 SL 5108.83 -> 5109.31 trail
2026.01.27 22:10:24;MANAGE;#34 SL 5109.31 -> 5109.51 trail
2026.01.27 22:10:26;MANAGE;#34 SL 5109.51 -> 5109.62 trail
2026.01.27 22:10:28;MANAGE;#34 SL 5109.62 -> 5109.72 trail
2026.01.27 22:10:29;MANAGE;#34 SL 5109.72 -> 5109.92 trail
2026.01.27 22:10:36;MANAGE;#34 SL 5109.92 -> 5110.20 trail
2026.01.27 22:10:36;MANAGE;#34 SL 5110.20 -> 5110.56 trail
2026.01.27 22:10:37;MANAGE;#34 SL 5110.56 -> 5110.77 trail
2026.01.27 22:10:37;MANAGE;#34 SL 5110.77 -> 5110.93 trail
2026.01.27 22:10:40;MANAGE;#34 SL 5110.93 -> 5111.26 trail
2026.01.27 22:10:40;MANAGE;#34 SL 5111.26 -> 5111.54 trail
2026.01.27 22:10:40;MANAGE;#34 SL 5111.54 -> 5111.78 trail
2026.01.27 22:10:41;MANAGE;#34 SL 5111.78 -> 5112.03 trail
2026.01.27 22:10:41;MANAGE;#34 SL 5112.03 -> 5112.33 trail
2026.01.27 22:10:41;MANAGE;#34 SL 5112.33 -> 5112.49 trail
2026.01.27 22:10:41;MANAGE;#34 SL 5112.49 -> 5112.67 trail
2026.01.27 22:10:47;MANAGE;#34 SL 5112.67 -> 5113.21 trail
2026.01.27 22:10:48;MANAGE;#34 SL 5113.21 -> 5113.41 trail
2026.01.27 22:10:48;MANAGE;#34 SL 5113.41 -> 5113.78 trail
2026.01.27 22:10:48;MANAGE;#34 SL 5113.78 -> 5114.02 trail
2026.01.27 22:10:48;MANAGE;#34 SL 5114.02 -> 5114.24 trail
2026.01.27 22:10:48;MANAGE;#34 SL 5114.24 -> 5114.41 trail
2026.01.27 22:10:48;MANAGE;#34 SL 5114.41 -> 5114.55 trail
2026.01.27 22:10:48;MANAGE;#34 SL 5114.55 -> 5114.68 trail
2026.01.27 22:10:48;MANAGE;#34 SL 5114.68 -> 5114.84 trail
2026.01.27 22:10:48;MANAGE;#34 SL 5114.84 -> 5115.04 trail
2026.01.27 22:10:48;MANAGE;#34 SL 5115.04 -> 5115.16 trail
2026.01.27 22:10:52;MANAGE;#34 SL 5115.16 -> 5115.30 trail
2026.01.27 22:10:52;MANAGE;#34 SL 5115.30 -> 5115.52 trail
2026.01.27 22:10:52;MANAGE;#34 SL 5115.52 -> 5115.62 trail
2026.01.27 22:10:52;MANAGE;#34 SL 5115.62 -> 5115.76 trail
2026.01.27 22:10:52;MANAGE;#34 SL 5115.76 -> 5115.89 trail
2026.01.27 22:10:53;MANAGE;#34 SL 5115.89 -> 5116.09 trail
2026.01.27 22:10:53;MANAGE;#34 SL 5116.09 -> 5116.24 trail
2026.01.27 22:10:53;MANAGE;#34 SL 5116.24 -> 5116.35 trail
2026.01.27 22:10:53;MANAGE;#34 SL 5116.35 -> 5116.46 trail
2026.01.27 22:10:53;MANAGE;#34 SL 5116.46 -> 5116.56 trail
2026.01.27 22:10:56;MANAGE;#34 SL 5116.56 -> 5116.72 trail
2026.01.27 22:10:59;MANAGE;#34 SL 5116.72 -> 5116.86 trail
2026.01.27 22:11:05;MANAGE;#34 SL 5116.86 -> 5117.00 trail
2026.01.27 22:11:05;MANAGE;#34 SL 5117.00 -> 5117.22 trail
2026.01.27 22:11:05;MANAGE;#34 SL 5117.22 -> 5117.35 trail
2026.01.27 22:11:05;MANAGE;#34 SL 5117.35 -> 5117.50 trail
2026.01.27 22:11:05;MANAGE;#34 SL 5117.50 -> 5117.61 trail
2026.01.27 22:11:07;MANAGE;#34 SL 5117.61 -> 5118.00 trail
2026.01.27 22:11:07;MANAGE;#34 SL 5118.00 -> 5118.21 trail
2026.01.27 22:11:08;MANAGE;#34 SL 5118.21 -> 5118.46 trail
2026.01.27 22:11:08;MANAGE;#34 SL 5118.46 -> 5118.62 trail
2026.01.27 22:11:12;MANAGE;#34 SL 5118.62 -> 5118.98 trail
2026.01.27 22:11:12;MANAGE;#34 SL 5118.98 -> 5119.17 trail
2026.01.27 22:11:12;MANAGE;#34 SL 5119.17 -> 5119.38 trail
2026.01.27 22:11:28;MANAGE;#34 SL 5119.38 -> 5119.86 trail
2026.01.27 22:11:28;MANAGE;#34 SL 5119.86 -> 5120.07 trail
2026.01.27 22:11:28;MANAGE;#34 SL 5120.07 -> 5120.21 trail
2026.01.27 22:11:28;MANAGE;#34 SL 5120.21 -> 5120.37 trail
2026.01.27 22:11:28;MANAGE;#34 SL 5120.37 -> 5120.53 trail
2026.01.27 22:11:38;MANAGE;#34 SL 5120.53 -> 5120.64 trail
2026.01.27 22:11:40;MANAGE;#34 SL 5120.64 -> 5120.78 trail
2026.01.27 22:11:40;MANAGE;#34 SL 5120.78 -> 5120.89 trail
2026.01.27 22:11:40;MANAGE;#34 SL 5120.89 -> 5121.03 trail
2026.01.27 22:14:03;MANAGE;#34 SL 5121.03 -> 5121.22 trail
2026.01.27 22:14:04;MANAGE;#34 SL 5121.22 -> 5121.38 trail
2026.01.27 22:14:04;MANAGE;#34 SL 5121.38 -> 5121.59 trail
2026.01.27 22:14:06;MANAGE;#34 SL 5121.59 -> 5121.69 trail
2026.01.27 22:14:06;MANAGE;#34 SL 5121.69 -> 5121.80 trail
2026.01.27 22:14:06;MANAGE;#34 SL 5121.80 -> 5122.00 trail
2026.01.27 22:14:07;MANAGE;#34 SL 5122.00 -> 5122.23 trail
2026.01.27 22:14:07;MANAGE;#34 SL 5122.23 -> 5122.98 trail
2026.01.27 22:14:07;MANAGE;#34 SL 5122.98 -> 5123.67 trail
2026.01.27 22:14:10;MANAGE;#34 SL 5123.67 -> 5123.91 trail
2026.01.27 22:14:20;MANAGE;#34 SL 5123.91 -> 5124.02 trail
2026.01.27 22:14:20;MANAGE;#34 SL 5124.02 -> 5124.13 trail
2026.01.27 22:14:29;MANAGE;#34 SL 5124.13 -> 5124.25 trail
2026.01.27 22:15:00;VETO;outlier bar masked, z=5.5
2026.01.27 22:20:32;RISK;deal closed pnl=60.10 streak=0 lock=0
2026.01.27 22:30:00;VETO;authorization denied: outside session window (server hour 22, window 12-20)
2026.01.27 22:45:00;VETO;authorization denied: outside session window (server hour 22, window 12-20)
2026.01.27 23:00:00;VETO;outlier bar masked, z=4.7
2026.01.27 23:15:00;VETO;authorization denied: outside session window (server hour 23, window 12-20)
2026.01.28 03:15:00;VETO;outlier bar masked, z=4.4
2026.01.28 07:15:00;DECISION;setup LONG score=0.75 entry=5253.91 inv=5157.31 tgt=0.00 [BOS long lvl=5247.63|RelVol=1.68|VPnode d=4.91|VWAPside|ADX=55]
2026.01.28 07:15:00;VETO;authorization denied: outside session window (server hour 07, window 12-20)
2026.01.28 07:30:00;VETO;authorization denied: outside session window (server hour 07, window 12-20)
2026.01.28 07:45:00;VETO;authorization denied: outside session window (server hour 07, window 12-20)
2026.01.28 08:00:00;VETO;authorization denied: outside session window (server hour 08, window 12-20)
2026.01.28 09:00:00;VETO;signal rejected: score 0.50 < 0.55 [BOS long lvl=5266.49|RelVol=1.10|VWAPside|ADX=56]
2026.01.28 13:15:00;VETO;outlier bar masked, z=3.8
2026.01.28 16:45:00;VETO;outlier bar masked, z=4.8
2026.01.28 17:15:00;VETO;outlier bar masked, z=11.3
2026.01.28 19:00:00;DECISION;setup LONG score=0.65 entry=5302.31 inv=5235.23 tgt=0.00 AWAIT-RETEST [CHoCH long lvl=5298.29|RelVol=1.28|Retest@5302.31|VPnode d=2.71|VWAPside]
2026.01.28 19:00:00;DECISION;TP capped 134.16643 -> 100.62482 (3.0xATR)
2026.01.28 19:00:00;ERROR;limit BUY 0.01 @ 5302.31 sl=5235.23 tp=5402.94 rc=10015 [WT|CHOCH|0.65|RL]
2026.01.28 19:15:00;DECISION;TP capped 121.22000 -> 90.91500 (3.0xATR)
2026.01.28 19:15:00;ORDER;filled BUY 0.01 lots sl=5235.23 tp=5386.76 [WT|CHOCH|0.65]
2026.01.28 19:15:00;RISK;sizing: vol_ratio=1.39 scalar=1.00 gap_buf=10.47214 eff_stop=71.08214
2026.01.28 19:15:00;ORDER;entry fill deal #37 BUY 0.01 @ 5295.84000
2026.01.28 20:45:00;VETO;outlier bar masked, z=6.1
2026.01.28 21:45:00;VETO;outlier bar masked, z=3.9
2026.01.28 22:15:00;DECISION;setup LONG score=0.80 entry=5326.60 inv=5268.78 tgt=0.00 [BOS long lvl=5326.02|RelVol=1.65|VPnear|VWAPside|CycleTurn w=0.40<--0.61|ADX=34]
2026.01.28 22:15:00;VETO;authorization denied: outside session window (server hour 22, window 12-20)
2026.01.28 22:30:00;VETO;outlier bar masked, z=4.2
2026.01.28 22:30:17;MANAGE;#37 SL 5235.23 -> 5295.88 breakeven
2026.01.28 22:30:17;MANAGE;#37 SL 5295.88 -> 5311.09 trail
2026.01.28 22:30:18;MANAGE;#37 SL 5311.09 -> 5311.27 trail
2026.01.28 22:30:18;MANAGE;#37 SL 5311.27 -> 5311.39 trail
2026.01.28 22:30:19;MANAGE;#37 SL 5311.39 -> 5311.54 trail
2026.01.28 22:30:22;MANAGE;#37 SL 5311.54 -> 5311.68 trail
2026.01.28 22:30:22;MANAGE;#37 SL 5311.68 -> 5311.92 trail
2026.01.28 22:30:23;MANAGE;#37 SL 5311.92 -> 5312.34 trail
2026.01.28 22:30:23;MANAGE;#37 SL 5312.34 -> 5312.52 trail
2026.01.28 22:30:23;MANAGE;#37 SL 5312.52 -> 5312.65 trail
2026.01.28 22:30:23;MANAGE;#37 SL 5312.65 -> 5312.98 trail
2026.01.28 22:30:23;MANAGE;#37 SL 5312.98 -> 5313.28 trail
2026.01.28 22:30:23;MANAGE;#37 SL 5313.28 -> 5313.95 trail
2026.01.28 22:30:23;MANAGE;#37 SL 5313.95 -> 5314.51 trail
2026.01.28 22:30:24;MANAGE;#37 SL 5314.51 -> 5314.66 trail
2026.01.28 22:30:24;MANAGE;#37 SL 5314.66 -> 5314.80 trail
2026.01.28 22:30:24;MANAGE;#37 SL 5314.80 -> 5314.92 trail
2026.01.28 22:30:24;MANAGE;#37 SL 5314.92 -> 5315.27 trail
2026.01.28 22:30:26;MANAGE;#37 SL 5315.27 -> 5315.66 trail
2026.01.28 22:30:28;MANAGE;#37 SL 5315.66 -> 5316.12 trail
2026.01.28 22:30:28;MANAGE;#37 SL 5316.12 -> 5316.32 trail
2026.01.28 22:30:28;MANAGE;#37 SL 5316.32 -> 5316.56 trail
2026.01.28 22:31:03;MANAGE;#37 SL 5316.56 -> 5316.70 trail
2026.01.28 22:31:04;MANAGE;#37 SL 5316.70 -> 5317.01 trail
2026.01.28 22:31:04;MANAGE;#37 SL 5317.01 -> 5317.23 trail
2026.01.28 22:31:04;MANAGE;#37 SL 5317.23 -> 5317.33 trail
2026.01.28 22:31:11;MANAGE;#37 SL 5317.33 -> 5317.46 trail
2026.01.28 22:34:05;MANAGE;#37 SL 5317.46 -> 5317.82 trail
2026.01.28 22:34:05;MANAGE;#37 SL 5317.82 -> 5318.24 trail
2026.01.28 22:34:05;MANAGE;#37 SL 5318.24 -> 5318.42 trail
2026.01.28 22:35:15;MANAGE;#37 SL 5318.42 -> 5318.52 trail
2026.01.28 22:35:21;MANAGE;#37 SL 5318.52 -> 5318.65 trail
2026.01.28 22:35:28;MANAGE;#37 SL 5318.65 -> 5318.75 trail
2026.01.28 22:35:28;MANAGE;#37 SL 5318.75 -> 5319.13 trail
2026.01.28 22:35:28;MANAGE;#37 SL 5319.13 -> 5319.51 trail
2026.01.28 22:35:29;MANAGE;#37 SL 5319.51 -> 5319.75 trail
2026.01.28 22:35:29;MANAGE;#37 SL 5319.75 -> 5319.85 trail
2026.01.28 22:35:29;MANAGE;#37 SL 5319.85 -> 5319.96 trail
2026.01.28 22:35:41;MANAGE;#37 SL 5319.96 -> 5320.23 trail
2026.01.28 22:35:44;MANAGE;#37 SL 5320.23 -> 5320.34 trail
2026.01.28 22:35:45;MANAGE;#37 SL 5320.34 -> 5320.49 trail
2026.01.28 22:36:01;MANAGE;#37 SL 5320.49 -> 5320.63 trail
2026.01.28 22:36:01;MANAGE;#37 SL 5320.63 -> 5320.73 trail
2026.01.28 22:36:01;MANAGE;#37 SL 5320.73 -> 5320.95 trail
2026.01.28 22:36:01;MANAGE;#37 SL 5320.95 -> 5321.08 trail
2026.01.28 22:36:01;MANAGE;#37 SL 5321.08 -> 5321.20 trail
2026.01.28 22:36:01;MANAGE;#37 SL 5321.20 -> 5321.33 trail
2026.01.28 22:36:05;MANAGE;#37 SL 5321.33 -> 5321.46 trail
2026.01.28 22:36:05;MANAGE;#37 SL 5321.46 -> 5321.61 trail
2026.01.28 22:36:06;MANAGE;#37 SL 5321.61 -> 5321.73 trail
2026.01.28 22:36:06;MANAGE;#37 SL 5321.73 -> 5321.84 trail
2026.01.28 22:36:06;MANAGE;#37 SL 5321.84 -> 5321.96 trail
2026.01.28 22:36:06;MANAGE;#37 SL 5321.96 -> 5322.11 trail
2026.01.28 22:36:06;MANAGE;#37 SL 5322.11 -> 5322.22 trail
2026.01.28 22:36:07;MANAGE;#37 SL 5322.22 -> 5322.33 trail
2026.01.28 22:36:07;MANAGE;#37 SL 5322.33 -> 5322.43 trail
2026.01.28 22:36:07;MANAGE;#37 SL 5322.43 -> 5322.56 trail
2026.01.28 22:36:12;MANAGE;#37 SL 5322.56 -> 5322.69 trail
2026.01.28 22:36:13;MANAGE;#37 SL 5322.69 -> 5322.81 trail
2026.01.28 22:36:13;MANAGE;#37 SL 5322.81 -> 5322.92 trail
2026.01.28 22:36:13;MANAGE;#37 SL 5322.92 -> 5323.09 trail
2026.01.28 22:36:13;MANAGE;#37 SL 5323.09 -> 5323.46 trail
2026.01.28 22:36:13;MANAGE;#37 SL 5323.46 -> 5323.63 trail
2026.01.28 22:36:13;MANAGE;#37 SL 5323.63 -> 5324.01 trail
2026.01.28 22:36:13;MANAGE;#37 SL 5324.01 -> 5324.37 trail
2026.01.28 22:36:13;MANAGE;#37 SL 5324.37 -> 5324.55 trail
2026.01.28 22:36:14;MANAGE;#37 SL 5324.55 -> 5324.81 trail
2026.01.28 22:37:01;MANAGE;#37 SL 5324.81 -> 5324.92 trail
2026.01.28 22:37:01;MANAGE;#37 SL 5324.92 -> 5325.04 trail
2026.01.28 22:37:01;MANAGE;#37 SL 5325.04 -> 5325.20 trail
2026.01.28 22:37:01;MANAGE;#37 SL 5325.20 -> 5325.39 trail
2026.01.28 22:37:04;MANAGE;#37 SL 5325.39 -> 5325.49 trail
2026.01.28 22:37:04;MANAGE;#37 SL 5325.49 -> 5325.80 trail
2026.01.28 22:37:04;MANAGE;#37 SL 5325.80 -> 5326.07 trail
2026.01.28 22:37:05;MANAGE;#37 SL 5326.07 -> 5326.30 trail
2026.01.28 22:37:05;MANAGE;#37 SL 5326.30 -> 5326.46 trail
2026.01.28 22:37:10;MANAGE;#37 SL 5326.46 -> 5326.61 trail
2026.01.28 22:37:10;MANAGE;#37 SL 5326.61 -> 5326.79 trail
2026.01.28 22:37:10;MANAGE;#37 SL 5326.79 -> 5327.06 trail
2026.01.28 22:37:10;MANAGE;#37 SL 5327.06 -> 5327.16 trail
2026.01.28 22:37:10;MANAGE;#37 SL 5327.16 -> 5327.27 trail
2026.01.28 22:37:44;MANAGE;#37 SL 5327.27 -> 5327.39 trail
2026.01.28 22:37:45;MANAGE;#37 SL 5327.39 -> 5327.51 trail
2026.01.28 22:37:46;MANAGE;#37 SL 5327.51 -> 5327.65 trail
2026.01.28 22:37:46;MANAGE;#37 SL 5327.65 -> 5327.84 trail
2026.01.28 22:37:47;MANAGE;#37 SL 5327.84 -> 5327.94 trail
2026.01.28 22:37:47;MANAGE;#37 SL 5327.94 -> 5328.09 trail
2026.01.28 22:37:47;MANAGE;#37 SL 5328.09 -> 5328.19 trail
2026.01.28 22:37:47;MANAGE;#37 SL 5328.19 -> 5328.29 trail
2026.01.28 22:38:35;MANAGE;#37 SL 5328.29 -> 5328.43 trail
2026.01.28 22:38:35;MANAGE;#37 SL 5328.43 -> 5328.63 trail
2026.01.28 22:38:37;MANAGE;#37 SL 5328.63 -> 5328.88 trail
2026.01.28 22:38:37;MANAGE;#37 SL 5328.88 -> 5329.11 trail
2026.01.28 22:38:37;MANAGE;#37 SL 5329.11 -> 5329.26 trail
2026.01.28 22:38:37;MANAGE;#37 SL 5329.26 -> 5329.43 trail
2026.01.28 22:38:37;MANAGE;#37 SL 5329.43 -> 5329.54 trail
2026.01.28 22:38:38;MANAGE;#37 SL 5329.54 -> 5329.69 trail
2026.01.28 22:38:38;MANAGE;#37 SL 5329.69 -> 5329.81 trail
2026.01.28 22:38:39;MANAGE;#37 SL 5329.81 -> 5329.97 trail
2026.01.28 22:38:39;MANAGE;#37 SL 5329.97 -> 5330.09 trail
2026.01.28 22:38:39;MANAGE;#37 SL 5330.09 -> 5330.22 trail
2026.01.28 22:38:43;MANAGE;#37 SL 5330.22 -> 5330.32 trail
2026.01.28 22:38:43;MANAGE;#37 SL 5330.32 -> 5330.92 trail
2026.01.28 22:38:43;MANAGE;#37 SL 5330.92 -> 5331.24 trail
2026.01.28 22:38:43;MANAGE;#37 SL 5331.24 -> 5331.34 trail
2026.01.28 22:38:43;MANAGE;#37 SL 5331.34 -> 5331.48 trail
2026.01.28 22:38:43;MANAGE;#37 SL 5331.48 -> 5331.72 trail
2026.01.28 22:38:43;MANAGE;#37 SL 5331.72 -> 5331.92 trail
2026.01.28 22:39:05;MANAGE;#37 SL 5331.92 -> 5332.10 trail
2026.01.28 22:39:05;MANAGE;#37 SL 5332.10 -> 5332.26 trail
2026.01.28 22:39:05;MANAGE;#37 SL 5332.26 -> 5332.44 trail
2026.01.28 22:40:04;MANAGE;#37 SL 5332.44 -> 5332.75 trail
2026.01.28 22:40:05;MANAGE;#37 SL 5332.75 -> 5333.17 trail
2026.01.28 22:40:05;MANAGE;#37 SL 5333.17 -> 5333.37 trail
2026.01.28 22:40:07;MANAGE;#37 SL 5333.37 -> 5333.62 trail
2026.01.28 22:40:08;MANAGE;#37 SL 5333.62 -> 5333.93 trail
2026.01.28 22:40:08;MANAGE;#37 SL 5333.93 -> 5334.10 trail
2026.01.28 22:40:10;MANAGE;#37 SL 5334.10 -> 5334.27 trail
2026.01.28 22:40:39;MANAGE;#37 SL 5334.27 -> 5334.38 trail
2026.01.28 22:40:39;MANAGE;#37 SL 5334.38 -> 5334.50 trail
2026.01.28 22:40:39;MANAGE;#37 SL 5334.50 -> 5334.62 trail
2026.01.28 22:40:42;MANAGE;#37 SL 5334.62 -> 5334.83 trail
2026.01.28 22:40:42;MANAGE;#37 SL 5334.83 -> 5334.95 trail
2026.01.28 22:40:43;MANAGE;#37 SL 5334.95 -> 5335.10 trail
2026.01.28 22:40:43;MANAGE;#37 SL 5335.10 -> 5335.34 trail
2026.01.28 22:41:39;MANAGE;#37 SL 5335.34 -> 5335.50 trail
2026.01.28 22:41:39;MANAGE;#37 SL 5335.50 -> 5335.72 trail
2026.01.28 22:41:41;MANAGE;#37 SL 5335.72 -> 5336.14 trail
2026.01.28 22:41:41;MANAGE;#37 SL 5336.14 -> 5336.28 trail
2026.01.28 22:41:45;MANAGE;#37 SL 5336.28 -> 5336.38 trail
2026.01.28 22:41:50;MANAGE;#37 SL 5336.38 -> 5336.53 trail
2026.01.28 22:41:50;MANAGE;#37 SL 5336.53 -> 5336.63 trail
2026.01.28 22:41:50;MANAGE;#37 SL 5336.63 -> 5336.77 trail
2026.01.28 22:41:54;MANAGE;#37 SL 5336.77 -> 5336.90 trail
2026.01.28 22:41:56;MANAGE;#37 SL 5336.90 -> 5337.13 trail
2026.01.28 22:41:56;MANAGE;#37 SL 5337.13 -> 5337.27 trail
2026.01.28 22:41:56;MANAGE;#37 SL 5337.27 -> 5337.39 trail
2026.01.28 22:41:56;MANAGE;#37 SL 5337.39 -> 5337.56 trail
2026.01.28 22:41:56;MANAGE;#37 SL 5337.56 -> 5337.70 trail
2026.01.28 22:41:57;MANAGE;#37 SL 5337.70 -> 5337.86 trail
2026.01.28 22:41:57;MANAGE;#37 SL 5337.86 -> 5338.07 trail
2026.01.28 22:41:58;MANAGE;#37 SL 5338.07 -> 5338.21 trail
2026.01.28 22:41:59;MANAGE;#37 SL 5338.21 -> 5338.39 trail
2026.01.28 22:41:59;MANAGE;#37 SL 5338.39 -> 5338.49 trail
2026.01.28 22:41:59;MANAGE;#37 SL 5338.49 -> 5338.63 trail
2026.01.28 22:41:59;MANAGE;#37 SL 5338.63 -> 5338.78 trail
2026.01.28 22:42:00;MANAGE;#37 SL 5338.78 -> 5338.88 trail
2026.01.28 22:42:00;MANAGE;#37 SL 5338.88 -> 5339.09 trail
2026.01.28 22:42:00;MANAGE;#37 SL 5339.09 -> 5339.20 trail
2026.01.28 22:42:00;MANAGE;#37 SL 5339.20 -> 5339.34 trail
2026.01.28 22:42:03;MANAGE;#37 SL 5339.34 -> 5339.71 trail
2026.01.28 22:42:03;MANAGE;#37 SL 5339.71 -> 5339.92 trail
2026.01.28 22:42:03;MANAGE;#37 SL 5339.92 -> 5340.20 trail
2026.01.28 22:42:03;MANAGE;#37 SL 5340.20 -> 5340.33 trail
2026.01.28 22:42:03;MANAGE;#37 SL 5340.33 -> 5340.48 trail
2026.01.28 22:42:05;MANAGE;#37 SL 5340.48 -> 5340.60 trail
2026.01.28 22:42:05;MANAGE;#37 SL 5340.60 -> 5340.71 trail
2026.01.28 22:42:05;MANAGE;#37 SL 5340.71 -> 5340.86 trail
2026.01.28 22:42:26;MANAGE;#37 SL 5340.86 -> 5340.97 trail
2026.01.28 22:42:26;MANAGE;#37 SL 5340.97 -> 5341.25 trail
2026.01.28 22:42:26;RISK;deal closed pnl=90.96 streak=0 lock=0
2026.01.28 22:45:00;VETO;outlier bar masked, z=5.0
2026.01.28 23:00:00;VETO;authorization denied: outside session window (server hour 23, window 12-20)
2026.01.28 23:15:00;VETO;authorization denied: outside session window (server hour 23, window 12-20)
2026.01.28 23:30:00;VETO;authorization denied: outside session window (server hour 23, window 12-20)
2026.01.29 01:00:01;VETO;outlier bar masked, z=4.3
2026.01.29 01:15:00;VETO;outlier bar masked, z=8.7
2026.01.29 01:45:00;VETO;outlier bar masked, z=18.4
2026.01.29 02:00:00;VETO;outlier bar masked, z=8.5
2026.01.29 02:15:00;VETO;outlier bar masked, z=8.7
2026.01.29 02:30:00;VETO;outlier bar masked, z=4.4
2026.01.29 02:45:00;VETO;outlier bar masked, z=3.6
2026.01.29 03:15:00;VETO;outlier bar masked, z=11.2
2026.01.29 03:45:00;VETO;outlier bar masked, z=4.8
2026.01.29 04:15:00;VETO;outlier bar masked, z=4.1
2026.01.29 05:15:00;VETO;outlier bar masked, z=3.7
2026.01.29 06:45:00;DECISION;setup LONG score=0.95 entry=5557.40 inv=5508.32 tgt=0.00 [BOS long lvl=5550.19|RelVol=1.73|VPnode d=7.20|VWAPside|CycleTurn w=-1.00<--1.00|ADX=43]
2026.01.29 06:45:00;VETO;authorization denied: outside session window (server hour 06, window 12-20)
2026.01.29 07:00:00;VETO;authorization denied: outside session window (server hour 07, window 12-20)
2026.01.29 07:15:00;VETO;authorization denied: outside session window (server hour 07, window 12-20)
2026.01.29 07:30:00;VETO;outlier bar masked, z=3.8
2026.01.29 07:45:00;VETO;authorization denied: outside session window (server hour 07, window 12-20)
2026.01.29 08:15:00;DECISION;setup LONG score=0.75 entry=5569.62 inv=5516.27 tgt=0.00 AWAIT-RETEST [BOS long lvl=5564.55|RelVol=1.48|Retest@5569.62|VPnode d=9.22|VWAPside|ADX=36]
2026.01.29 09:00:00;VETO;authorization denied: outside session window (server hour 09, window 12-20)
2026.01.29 09:15:00;VETO;authorization denied: outside session window (server hour 09, window 12-20)
2026.01.29 09:30:00;VETO;authorization denied: outside session window (server hour 09, window 12-20)
2026.01.29 09:45:00;VETO;authorization denied: outside session window (server hour 09, window 12-20)
2026.01.29 10:45:00;VETO;outlier bar masked, z=4.1
2026.01.29 14:15:00;DECISION;setup LONG score=0.70 entry=5534.76 inv=5470.82 tgt=0.00 AWAIT-RETEST [CHoCH long lvl=5529.64|RelVol=1.45|Retest@5534.76|VPnear|VWAPside|CycleTurn w=-0.78<--0.94]
2026.01.29 14:15:00;DECISION;TP capped 127.87107 -> 95.90330 (3.0xATR)
2026.01.29 14:15:00;ORDER;limit BUY 0.01 @ 5534.76 sl=5470.82 tp=5630.66 rc=10009 [WT|CHOCH|0.70|RL]
2026.01.29 14:15:00;RISK;sizing: vol_ratio=0.84 scalar=1.00 gap_buf=10.23107 eff_stop=74.16661
2026.01.29 14:15:01;ORDER;entry fill deal #39 BUY 0.01 @ 5534.66000
2026.01.29 16:30:00;DECISION;setup LONG score=0.65 entry=5543.92 inv=5500.19 tgt=0.00 [BOS long lvl=5542.99|RelVol=1.51|VPnode d=7.88|VWAPside]
2026.01.29 16:30:00;DECISION;TP capped 87.54000 -> 65.65500 (3.0xATR)
2026.01.29 16:30:00;VETO;risk veto: max positions
2026.01.29 17:00:00;DECISION;setup SHORT score=0.65 entry=5494.39 inv=5542.99 tgt=0.00 AWAIT-RETEST [CHoCH short lvl=5500.19|RelVol=1.60|Retest@5494.39|VPnode d=7.81|VWAPside]
2026.01.29 17:00:00;VETO;retest limit risk veto: max positions
2026.01.29 17:01:45;RISK;deal closed pnl=-64.30 streak=1 lock=0
2026.01.29 17:15:00;VETO;outlier bar masked, z=10.4
2026.01.29 17:30:00;VETO;outlier bar masked, z=24.9
2026.01.29 17:45:00;VETO;outlier bar masked, z=12.7
2026.01.29 18:00:00;VETO;outlier bar masked, z=6.7
2026.01.29 18:15:00;VETO;outlier bar masked, z=7.9
2026.01.29 18:30:00;VETO;outlier bar masked, z=3.7
2026.01.29 18:45:00;VETO;outlier bar masked, z=4.1
2026.01.29 19:30:00;VETO;outlier bar masked, z=4.4
2026.01.29 23:00:00;DECISION;setup LONG score=0.55 entry=5371.57 inv=5282.73 tgt=0.00 AWAIT-RETEST [CHoCH long lvl=5362.06|RelVol=1.71|Retest@5371.57|VPnode d=21.03]
2026.01.30 01:00:02;VETO;authorization denied: outside session window (server hour 01, window 12-20)
2026.01.30 01:15:00;VETO;authorization denied: outside session window (server hour 01, window 12-20)
2026.01.30 01:30:00;VETO;authorization denied: outside session window (server hour 01, window 12-20)
2026.01.30 01:45:00;VETO;authorization denied: outside session window (server hour 01, window 12-20)
2026.01.30 03:15:00;VETO;outlier bar masked, z=5.1
2026.01.30 04:15:00;VETO;outlier bar masked, z=5.5
2026.01.30 04:30:00;VETO;outlier bar masked, z=4.6
2026.01.30 04:45:00;VETO;outlier bar masked, z=3.8
2026.01.30 07:45:00;VETO;signal rejected: score 0.40 < 0.55 [CHoCH long lvl=5230.78|RelVol=1.13|Retest@5239.97|VPnear]
2026.01.30 09:45:00;VETO;signal rejected: score 0.50 < 0.55 [CHoCH short lvl=5151.34|RelVol=2.26|Retest@5143.07|VPnear|VWAPside]
2026.01.30 10:45:00;VETO;outlier bar masked, z=3.7
2026.01.30 11:15:00;VETO;outlier bar masked, z=4.8
2026.01.30 15:00:00;DECISION;setup SHORT score=0.85 entry=5064.54 inv=5145.74 tgt=0.00 [BOS short lvl=5090.11|RelVol=1.56|VPnode d=13.14|VWAPside|CycleTurn w=0.98<-0.99]
2026.01.30 15:00:00;DECISION;TP capped 162.40000 -> 138.08143 (3.0xATR)
2026.01.30 15:00:00;VETO;risk veto: size 0.00 < broker min 0.01 (risk too small for stop)
2026.01.30 19:15:00;DECISION;setup SHORT score=0.60 entry=4967.16 inv=5073.84 tgt=0.00 AWAIT-RETEST [BOS short lvl=4980.60|RelVol=1.62|Retest@4967.16|VPnear|VWAPside|ADX=31]
2026.01.30 19:15:00;VETO;retest limit risk veto: size 0.00 < broker min 0.01 (risk too small for stop)
2026.01.30 20:30:00;VETO;outlier bar masked, z=4.3
2026.01.30 21:00:00;VETO;outlier bar masked, z=4.1
2026.02.02 01:15:00;VETO;outlier bar masked, z=7.2
2026.02.02 03:15:00;VETO;outlier bar masked, z=7.0
2026.02.02 07:45:00;DECISION;setup SHORT score=0.70 entry=4575.94 inv=4713.46 tgt=0.00 [BOS short lvl=4603.84|RelVol=1.98|VPnear|VWAPside|CycleTurn w=0.95<-0.97]
2026.02.02 07:45:00;VETO;authorization denied: outside session window (server hour 07, window 12-20)
2026.02.02 08:00:00;VETO;authorization denied: outside session window (server hour 08, window 12-20)
2026.02.02 08:15:00;VETO;authorization denied: outside session window (server hour 08, window 12-20)
2026.02.02 08:30:00;VETO;authorization denied: outside session window (server hour 08, window 12-20)
2026.02.02 12:00:00;DECISION;setup LONG score=0.65 entry=4727.88 inv=4402.14 tgt=0.00 AWAIT-RETEST [CHoCH long lvl=4713.46|RelVol=1.71|Retest@4727.88|VPnode d=10.18|VWAPside]
2026.02.02 12:00:00;VETO;retest limit risk veto: size 0.00 < broker min 0.01 (risk too small for stop)
2026.02.02 12:15:00;DECISION;TP capped 656.86000 -> 492.64500 (3.0xATR)
2026.02.02 12:15:00;VETO;risk veto: size 0.00 < broker min 0.01 (risk too small for stop)
2026.02.02 13:15:00;DECISION;setup LONG score=0.65 entry=4749.18 inv=4402.14 tgt=0.00 [BOS long lvl=4734.09|RelVol=1.56|VPnode d=22.02|VWAPside]
2026.02.02 13:15:00;DECISION;TP capped 694.48000 -> 520.86000 (3.0xATR)
2026.02.02 13:15:00;VETO;risk veto: size 0.00 < broker min 0.01 (risk too small for stop)
2026.02.02 18:00:00;DECISION;setup SHORT score=0.65 entry=4655.37 inv=4794.23 tgt=0.00 AWAIT-RETEST [CHoCH short lvl=4669.45|RelVol=1.33|Retest@4655.37|VPnode d=13.37|VWAPside]
2026.02.02 18:00:00;VETO;retest limit risk veto: size 0.00 < broker min 0.01 (risk too small for stop)
2026.02.02 18:15:00;DECISION;TP capped 194.12000 -> 186.23571 (3.0xATR)
2026.02.02 18:15:00;VETO;risk veto: size 0.00 < broker min 0.01 (risk too small for stop)
2026.02.03 01:15:00;DECISION;setup LONG score=0.65 entry=4721.50 inv=4643.83 tgt=0.00 AWAIT-RETEST [CHoCH long lvl=4712.85|RelVol=1.48|Retest@4721.50|VPnode d=0.90|VWAPside]
2026.02.03 01:30:00;VETO;authorization denied: outside session window (server hour 01, window 12-20)
2026.02.03 01:45:00;VETO;authorization denied: outside session window (server hour 01, window 12-20)
2026.02.03 02:00:00;VETO;authorization denied: outside session window (server hour 02, window 12-20)
2026.02.03 02:15:00;VETO;authorization denied: outside session window (server hour 02, window 12-20)
2026.02.03 04:45:00;DECISION;setup SHORT score=0.85 entry=4756.78 inv=4856.59 tgt=0.00 AWAIT-RETEST [CHoCH short lvl=4766.57|RelVol=1.62|Retest@4756.78|VPnode d=17.82|VWAPside|CycleTurn w=0.54<-0.91]
2026.02.03 05:00:00;VETO;authorization denied: outside session window (server hour 05, window 12-20)
2026.02.03 05:15:00;VETO;authorization denied: outside session window (server hour 05, window 12-20)
2026.02.03 05:30:00;VETO;authorization denied: outside session window (server hour 05, window 12-20)
2026.02.03 05:45:00;VETO;authorization denied: outside session window (server hour 05, window 12-20)
2026.02.03 08:30:00;DECISION;setup LONG score=0.70 entry=4862.81 inv=4745.49 tgt=0.00 AWAIT-RETEST [CHoCH long lvl=4856.59|RelVol=1.68|Retest@4862.81|VPnear|VWAPside|CycleTurn w=0.35<--0.84]
2026.02.03 15:45:00;DECISION;setup LONG score=0.85 entry=4941.67 inv=4892.40 tgt=0.00 [BOS long lvl=4936.29|RelVol=1.31|VPnode d=3.13|VWAPside|CycleTurn w=-0.92<--0.98]
2026.02.03 15:45:00;DECISION;TP capped 98.74000 -> 74.05500 (3.0xATR)
2026.02.03 15:45:00;ORDER;filled BUY 0.01 lots sl=4892.40 tp=5015.83 [WT|BOS|0.85]
2026.02.03 15:45:00;RISK;sizing: vol_ratio=0.59 scalar=1.00 gap_buf=10.11893 eff_stop=59.48893
2026.02.03 15:45:00;ORDER;entry fill deal #41 BUY 0.01 @ 4941.77000
2026.02.03 18:30:00;DECISION;setup LONG score=0.95 entry=4955.14 inv=4893.75 tgt=0.00 AWAIT-RETEST [BOS long lvl=4948.56|RelVol=1.39|Retest@4955.14|VPnode d=4.14|VWAPside|CycleTurn w=-0.74<--0.97|ADX=31]
2026.02.03 18:30:00;VETO;retest limit risk veto: max positions
2026.02.03 18:38:35;MANAGE;#41 SL 4892.40 -> 4941.81 breakeven
2026.02.03 19:00:00;DECISION;TP capped 123.82000 -> 92.86500 (3.0xATR)
2026.02.03 19:00:00;VETO;risk veto: max positions
2026.02.03 19:08:22;RISK;deal closed pnl=0.02 streak=0 lock=0
2026.02.03 22:45:00;DECISION;setup LONG score=0.70 entry=4951.73 inv=4880.86 tgt=0.00 [BOS long lvl=4948.85|RelVol=1.07|VPnear|VWAPside|CycleTurn w=-0.58<--0.93]
2026.02.03 22:45:00;VETO;authorization denied: outside session window (server hour 22, window 12-20)
2026.02.03 23:00:00;VETO;authorization denied: outside session window (server hour 23, window 12-20)
2026.02.03 23:15:00;VETO;authorization denied: outside session window (server hour 23, window 12-20)
2026.02.03 23:30:00;VETO;authorization denied: outside session window (server hour 23, window 12-20)
2026.02.04 02:15:00;DECISION;setup LONG score=0.70 entry=4986.97 inv=4910.22 tgt=0.00 [BOS long lvl=4972.25|RelVol=1.57|VPnear|VWAPside|CycleTurn w=-0.64<--0.98]
2026.02.04 02:15:00;VETO;authorization denied: outside session window (server hour 02, window 12-20)
2026.02.04 02:30:00;VETO;authorization denied: outside session window (server hour 02, window 12-20)
2026.02.04 02:45:00;VETO;authorization denied: outside session window (server hour 02, window 12-20)
2026.02.04 03:00:00;VETO;authorization denied: outside session window (server hour 03, window 12-20)
2026.02.04 03:15:00;VETO;outlier bar masked, z=3.9
2026.02.04 06:00:00;VETO;signal rejected: volume: relVol 0.82 < 1.00
2026.02.04 12:30:00;DECISION;setup SHORT score=0.55 entry=5046.72 inv=5091.94 tgt=0.00 AWAIT-RETEST [CHoCH short lvl=5051.10|RelVol=1.33|Retest@5046.72|VPnode d=8.92]
2026.02.04 12:30:00;DECISION;TP capped 90.43179 -> 67.82384 (3.0xATR)
2026.02.04 12:30:00;ORDER;limit SELL 0.01 @ 5046.72 sl=5091.94 tp=4978.90 rc=10009 [WT|CHOCH|0.55|RL]
2026.02.04 12:30:00;RISK;sizing: vol_ratio=0.75 scalar=1.00 gap_buf=8.75179 eff_stop=53.96768
2026.02.04 12:30:09;ORDER;entry fill deal #43 SELL 0.01 @ 5046.82000
2026.02.04 13:30:00;DECISION;setup SHORT score=0.75 entry=5037.50 inv=5091.94 tgt=0.00 AWAIT-RETEST [BOS short lvl=5041.77|RelVol=1.87|Retest@5037.50|VPnode d=0.10|VWAPside|ADX=48]
2026.02.04 13:30:00;VETO;retest limit risk veto: max positions
2026.02.04 13:45:00;DECISION;TP capped 119.08000 -> 89.31000 (3.0xATR)
2026.02.04 13:45:00;VETO;risk veto: max positions
2026.02.04 16:37:43;MANAGE;#43 SL 5091.94 -> 5046.78 breakeven
2026.02.04 16:37:43;MANAGE;#43 SL 5046.78 -> 5041.58 trail
2026.02.04 16:37:43;MANAGE;#43 SL 5041.58 -> 5041.36 trail
2026.02.04 16:37:43;MANAGE;#43 SL 5041.36 -> 5039.69 trail
2026.02.04 16:37:43;MANAGE;#43 SL 5039.69 -> 5039.04 trail
2026.02.04 16:37:43;MANAGE;#43 SL 5039.04 -> 5038.47 trail
2026.02.04 16:37:44;MANAGE;#43 SL 5038.47 -> 5038.23 trail
2026.02.04 16:37:45;MANAGE;#43 SL 5038.23 -> 5038.08 trail
2026.02.04 16:37:45;MANAGE;#43 SL 5038.08 -> 5037.94 trail
2026.02.04 16:37:45;MANAGE;#43 SL 5037.94 -> 5037.78 trail
2026.02.04 16:37:47;MANAGE;#43 SL 5037.78 -> 5037.56 trail
2026.02.04 16:37:48;MANAGE;#43 SL 5037.56 -> 5037.43 trail
2026.02.04 16:37:48;MANAGE;#43 SL 5037.43 -> 5037.32 trail
2026.02.04 16:37:49;MANAGE;#43 SL 5037.32 -> 5037.20 trail
2026.02.04 16:37:50;MANAGE;#43 SL 5037.20 -> 5037.08 trail
2026.02.04 16:37:51;MANAGE;#43 SL 5037.08 -> 5036.95 trail
2026.02.04 16:38:02;MANAGE;#43 SL 5036.95 -> 5036.76 trail
2026.02.04 16:38:03;MANAGE;#43 SL 5036.76 -> 5036.56 trail
2026.02.04 16:38:07;MANAGE;#43 SL 5036.56 -> 5036.45 trail
2026.02.04 16:38:07;MANAGE;#43 SL 5036.45 -> 5036.32 trail
2026.02.04 16:38:13;MANAGE;#43 SL 5036.32 -> 5035.69 trail
2026.02.04 16:38:13;MANAGE;#43 SL 5035.69 -> 5035.15 trail
2026.02.04 16:38:13;MANAGE;#43 SL 5035.15 -> 5034.74 trail
2026.02.04 16:38:13;MANAGE;#43 SL 5034.74 -> 5034.38 trail
2026.02.04 16:38:13;MANAGE;#43 SL 5034.38 -> 5034.17 trail
2026.02.04 16:38:13;MANAGE;#43 SL 5034.17 -> 5033.99 trail
2026.02.04 16:38:13;MANAGE;#43 SL 5033.99 -> 5033.13 trail
2026.02.04 16:38:13;MANAGE;#43 SL 5033.13 -> 5032.63 trail
2026.02.04 16:38:13;MANAGE;#43 SL 5032.63 -> 5032.42 trail
2026.02.04 16:38:15;MANAGE;#43 SL 5032.42 -> 5032.23 trail
2026.02.04 16:38:15;MANAGE;#43 SL 5032.23 -> 5031.91 trail
2026.02.04 16:38:16;MANAGE;#43 SL 5031.91 -> 5031.79 trail
2026.02.04 16:38:16;MANAGE;#43 SL 5031.79 -> 5031.59 trail
2026.02.04 16:38:17;MANAGE;#43 SL 5031.59 -> 5031.43 trail
2026.02.04 16:38:17;MANAGE;#43 SL 5031.43 -> 5029.41 trail
2026.02.04 16:38:17;MANAGE;#43 SL 5029.41 -> 5027.90 trail
2026.02.04 16:38:17;MANAGE;#43 SL 5027.90 -> 5027.56 trail
2026.02.04 16:38:27;MANAGE;#43 SL 5027.56 -> 5026.72 trail
2026.02.04 16:38:27;MANAGE;#43 SL 5026.72 -> 5026.33 trail
2026.02.04 16:38:27;MANAGE;#43 SL 5026.33 -> 5026.17 trail
2026.02.04 16:38:27;MANAGE;#43 SL 5026.17 -> 5026.02 trail
2026.02.04 16:38:27;MANAGE;#43 SL 5026.02 -> 5025.91 trail
2026.02.04 16:38:28;MANAGE;#43 SL 5025.91 -> 5025.75 trail
2026.02.04 16:38:28;MANAGE;#43 SL 5025.75 -> 5025.58 trail
2026.02.04 16:38:28;MANAGE;#43 SL 5025.58 -> 5025.16 trail
2026.02.04 16:38:28;MANAGE;#43 SL 5025.16 -> 5024.78 trail
2026.02.04 16:38:29;MANAGE;#43 SL 5024.78 -> 5024.22 trail
2026.02.04 16:38:29;MANAGE;#43 SL 5024.22 -> 5023.84 trail
2026.02.04 16:38:29;MANAGE;#43 SL 5023.84 -> 5023.70 trail
2026.02.04 16:38:29;MANAGE;#43 SL 5023.70 -> 5023.46 trail
2026.02.04 16:38:29;MANAGE;#43 SL 5023.46 -> 5023.25 trail
2026.02.04 16:38:29;MANAGE;#43 SL 5023.25 -> 5023.02 trail
2026.02.04 16:38:30;MANAGE;#43 SL 5023.02 -> 5022.15 trail
2026.02.04 16:38:32;MANAGE;#43 SL 5022.15 -> 5021.90 trail
2026.02.04 16:38:32;MANAGE;#43 SL 5021.90 -> 5021.77 trail
2026.02.04 16:38:32;RISK;deal closed pnl=68.12 streak=0 lock=0
2026.02.04 16:45:00;VETO;outlier bar masked, z=5.8
2026.02.04 17:45:00;VETO;outlier bar masked, z=5.6
2026.02.04 23:30:00;VETO;signal rejected: volume: relVol 0.42 < 1.00
2026.02.05 03:15:00;DECISION;setup SHORT score=0.85 entry=4992.12 inv=5023.80 tgt=0.00 AWAIT-RETEST [CHoCH short lvl=4997.13|RelVol=1.28|Retest@4992.12|VPnode d=11.68|VWAPside|CycleTurn w=0.96<-0.99]
2026.02.05 04:15:00;VETO;outlier bar masked, z=4.2
2026.02.05 05:00:00;VETO;outlier bar masked, z=7.9
2026.02.05 05:15:00;VETO;outlier bar masked, z=5.2
2026.02.05 05:30:00;VETO;outlier bar masked, z=3.6
2026.02.05 07:45:00;VETO;outlier bar masked, z=3.8
2026.02.05 08:00:00;DECISION;setup LONG score=0.60 entry=4899.53 inv=4788.86 tgt=0.00 AWAIT-RETEST [CHoCH long lvl=4891.14|RelVol=1.68|Retest@4899.53|VPnear|CycleTurn w=0.33<--0.75]
2026.02.05 08:15:00;VETO;authorization denied: outside session window (server hour 08, window 12-20)
2026.02.05 08:30:00;VETO;authorization denied: outside session window (server hour 08, window 12-20)
2026.02.05 08:45:00;VETO;authorization denied: outside session window (server hour 08, window 12-20)
2026.02.05 09:00:00;VETO;authorization denied: outside session window (server hour 09, window 12-20)
2026.02.05 11:15:00;DECISION;setup SHORT score=0.70 entry=4889.14 inv=4943.62 tgt=0.00 AWAIT-RETEST [CHoCH short lvl=4895.99|RelVol=1.97|Retest@4889.14|VPnear|VWAPside|CycleTurn w=0.87<-0.99]
2026.02.05 11:45:00;VETO;authorization denied: outside session window (server hour 11, window 12-20)
2026.02.05 12:00:00;DECISION;TP capped 177.32000 -> 132.99000 (3.0xATR)
2026.02.05 12:00:00;VETO;risk veto: size 0.00 < broker min 0.01 (risk too small for stop)
2026.02.05 14:15:00;DECISION;setup SHORT score=0.85 entry=4840.19 inv=4894.57 tgt=0.00 [BOS short lvl=4847.78|RelVol=1.56|VPnode d=6.19|VWAPside|CycleTurn w=0.66<-0.93]
2026.02.05 14:15:00;DECISION;TP capped 108.82000 -> 82.24500 (3.0xATR)
2026.02.05 14:15:00;ORDER;filled SELL 0.01 lots sl=4894.57 tp=4757.91 [WT|BOS|0.85]
2026.02.05 14:15:00;RISK;sizing: vol_ratio=0.92 scalar=1.00 gap_buf=13.70750 eff_stop=68.11750
2026.02.05 14:15:00;ORDER;entry fill deal #45 SELL 0.01 @ 4840.16000
2026.02.05 18:45:27;DECISION;setup LONG score=0.75 entry=4878.97 inv=4800.53 tgt=0.00 AWAIT-RETEST [CHoCH long lvl=4869.99|RelVol=1.42|Retest@4878.97|VPnode d=21.87|CycleTurn w=0.37<--0.78]
2026.02.05 18:45:27;VETO;retest limit risk veto: max positions
2026.02.05 18:50:09;RISK;deal closed pnl=-54.47 streak=1 lock=0
2026.02.05 19:00:00;DECISION;TP capped 177.10000 -> 132.82500 (3.0xATR)
2026.02.05 19:00:00;VETO;risk veto: size 0.00 < broker min 0.01 (risk too small for stop)
2026.02.05 23:45:00;DECISION;setup SHORT score=0.65 entry=4794.55 inv=4906.91 tgt=0.00 AWAIT-RETEST [CHoCH short lvl=4800.53|RelVol=2.08|Retest@4794.55|VPnode d=10.25|VWAPside]
2026.02.06 02:30:00;VETO;outlier bar masked, z=4.9
2026.02.06 03:15:00;VETO;outlier bar masked, z=4.0
2026.02.06 04:00:00;DECISION;setup LONG score=0.65 entry=4773.27 inv=4655.27 tgt=0.00 AWAIT-RETEST [CHoCH long lvl=4764.68|RelVol=1.48|Retest@4773.27|VPnode d=12.07|VWAPside]
2026.02.06 04:15:00;VETO;authorization denied: outside session window (server hour 04, window 12-20)
2026.02.06 04:30:00;VETO;authorization denied: outside session window (server hour 04, window 12-20)
2026.02.06 04:45:00;VETO;authorization denied: outside session window (server hour 04, window 12-20)
2026.02.06 05:00:00;VETO;authorization denied: outside session window (server hour 05, window 12-20)
2026.02.06 07:30:00;DECISION;setup LONG score=0.65 entry=4852.14 inv=4801.20 tgt=0.00 [BOS long lvl=4846.61|RelVol=1.26|VPnode d=3.74|VWAPside]
2026.02.06 07:30:00;VETO;authorization denied: outside session window (server hour 07, window 12-20)
2026.02.06 07:45:00;VETO;authorization denied: outside session window (server hour 07, window 12-20)
2026.02.06 08:00:00;VETO;authorization denied: outside session window (server hour 08, window 12-20)
2026.02.06 08:15:00;VETO;authorization denied: outside session window (server hour 08, window 12-20)
2026.02.06 13:15:00;DECISION;setup LONG score=0.70 entry=4884.47 inv=4851.76 tgt=0.00 [BOS long lvl=4882.36|RelVol=1.11|VPnear|VWAPside|CycleTurn w=-0.02<--0.86]
2026.02.06 13:15:00;DECISION;TP capped 65.50000 -> 61.91786 (3.0xATR)
2026.02.06 13:15:00;ORDER;filled BUY 0.02 lots sl=4851.76 tp=4946.43 [WT|BOS|0.70]
2026.02.06 13:15:00;RISK;sizing: vol_ratio=0.72 scalar=1.00 gap_buf=10.31964 eff_stop=43.06964
2026.02.06 13:15:00;ORDER;entry fill deal #47 BUY 0.02 @ 4884.51000
2026.02.06 15:01:31;MANAGE;#47 SL 4851.76 -> 4884.55 breakeven
2026.02.06 15:01:31;MANAGE;#47 partial close 0.01 of 0.02 lots
2026.02.06 15:01:31;RISK;deal closed pnl=32.91 streak=0 lock=0
2026.02.06 15:01:36;MANAGE;#47 SL 4884.55 -> 4885.09 trail
2026.02.06 15:01:36;MANAGE;#47 SL 4885.09 -> 4885.27 trail
2026.02.06 15:01:40;MANAGE;#47 SL 4885.27 -> 4885.48 trail
2026.02.06 15:01:40;MANAGE;#47 SL 4885.48 -> 4886.01 trail
2026.02.06 15:01:41;MANAGE;#47 SL 4886.01 -> 4886.23 trail
2026.02.06 15:01:41;MANAGE;#47 SL 4886.23 -> 4886.42 trail
2026.02.06 15:01:41;MANAGE;#47 SL 4886.42 -> 4886.61 trail
2026.02.06 15:01:42;MANAGE;#47 SL 4886.61 -> 4887.02 trail
2026.02.06 15:01:42;MANAGE;#47 SL 4887.02 -> 4887.19 trail
2026.02.06 15:01:43;MANAGE;#47 SL 4887.19 -> 4887.33 trail
2026.02.06 15:01:43;MANAGE;#47 SL 4887.33 -> 4887.46 trail
2026.02.06 15:01:43;MANAGE;#47 SL 4887.46 -> 4889.45 trail
2026.02.06 15:01:55;MANAGE;#47 SL 4889.45 -> 4890.73 trail
2026.02.06 15:04:37;MANAGE;#47 SL 4890.73 -> 4890.87 trail
2026.02.06 15:04:39;MANAGE;#47 SL 4890.87 -> 4891.06 trail
2026.02.06 15:04:57;MANAGE;#47 SL 4891.06 -> 4891.35 trail
2026.02.06 15:04:57;MANAGE;#47 SL 4891.35 -> 4891.47 trail
2026.02.06 15:05:00;MANAGE;#47 SL 4891.47 -> 4891.58 trail
2026.02.06 15:05:00;MANAGE;#47 SL 4891.58 -> 4891.80 trail
2026.02.06 15:05:00;MANAGE;#47 SL 4891.80 -> 4891.92 trail
2026.02.06 15:05:01;MANAGE;#47 SL 4891.92 -> 4892.09 trail
2026.02.06 15:05:01;MANAGE;#47 SL 4892.09 -> 4892.29 trail
2026.02.06 15:05:01;MANAGE;#47 SL 4892.29 -> 4892.60 trail
2026.02.06 15:15:00;DECISION;setup LONG score=0.65 entry=4909.63 inv=4871.88 tgt=0.00 [BOS long lvl=4903.49|RelVol=1.42|VPnode d=6.03|VWAPside]
2026.02.06 15:15:00;DECISION;TP capped 75.74000 -> 56.80500 (3.0xATR)
2026.02.06 15:15:00;VETO;risk veto: max positions
2026.02.06 15:38:39;MANAGE;#47 SL 4892.60 -> 4893.01 trail
2026.02.06 15:38:39;MANAGE;#47 SL 4893.01 -> 4893.71 trail
2026.02.06 15:38:39;MANAGE;#47 SL 4893.71 -> 4893.82 trail
2026.02.06 15:38:39;MANAGE;#47 SL 4893.82 -> 4893.95 trail
2026.02.06 15:38:39;MANAGE;#47 SL 4893.95 -> 4894.14 trail
2026.02.06 15:38:39;MANAGE;#47 SL 4894.14 -> 4894.31 trail
2026.02.06 15:38:40;MANAGE;#47 SL 4894.31 -> 4894.67 trail
2026.02.06 15:38:40;MANAGE;#47 SL 4894.67 -> 4894.82 trail
2026.02.06 15:38:44;MANAGE;#47 SL 4894.82 -> 4894.94 trail
2026.02.06 15:38:44;MANAGE;#47 SL 4894.94 -> 4895.14 trail
2026.02.06 15:38:44;MANAGE;#47 SL 4895.14 -> 4895.27 trail
2026.02.06 15:38:45;MANAGE;#47 SL 4895.27 -> 4895.57 trail
2026.02.06 15:38:45;MANAGE;#47 SL 4895.57 -> 4895.85 trail
2026.02.06 15:38:45;MANAGE;#47 SL 4895.85 -> 4896.00 trail
2026.02.06 15:38:47;MANAGE;#47 SL 4896.00 -> 4896.16 trail
2026.02.06 15:38:47;MANAGE;#47 SL 4896.16 -> 4896.35 trail
2026.02.06 15:38:47;MANAGE;#47 SL 4896.35 -> 4896.58 trail
2026.02.06 15:38:47;MANAGE;#47 SL 4896.58 -> 4896.92 trail
2026.02.06 15:38:47;MANAGE;#47 SL 4896.92 -> 4897.11 trail
2026.02.06 15:38:48;MANAGE;#47 SL 4897.11 -> 4897.28 trail
2026.02.06 15:38:48;MANAGE;#47 SL 4897.28 -> 4897.59 trail
2026.02.06 15:38:48;MANAGE;#47 SL 4897.59 -> 4898.02 trail
2026.02.06 15:38:48;MANAGE;#47 SL 4898.02 -> 4898.15 trail
2026.02.06 15:38:54;MANAGE;#47 SL 4898.15 -> 4898.28 trail
2026.02.06 15:38:54;MANAGE;#47 SL 4898.28 -> 4898.55 trail
2026.02.06 15:38:55;MANAGE;#47 SL 4898.55 -> 4898.76 trail
2026.02.06 15:38:55;MANAGE;#47 SL 4898.76 -> 4898.89 trail
2026.02.06 15:38:56;MANAGE;#47 SL 4898.89 -> 4899.00 trail
2026.02.06 15:39:00;MANAGE;#47 SL 4899.00 -> 4899.14 trail
2026.02.06 15:39:00;MANAGE;#47 SL 4899.14 -> 4899.83 trail
2026.02.06 15:39:06;MANAGE;#47 SL 4899.83 -> 4900.07 trail
2026.02.06 15:42:15;MANAGE;#47 SL 4900.07 -> 4900.18 trail
2026.02.06 15:42:18;MANAGE;#47 SL 4900.18 -> 4900.30 trail
2026.02.06 15:42:19;MANAGE;#47 SL 4900.30 -> 4900.46 trail
2026.02.06 15:42:19;MANAGE;#47 SL 4900.46 -> 4900.60 trail
2026.02.06 16:25:08;RISK;deal closed pnl=15.98 streak=0 lock=0
2026.02.06 17:00:00;DECISION;setup LONG score=0.75 entry=4948.12 inv=4871.88 tgt=0.00 [BOS long lvl=4938.44|RelVol=1.04|VPnode d=1.88|VWAPside|ADX=32]
2026.02.06 17:00:00;DECISION;TP capped 153.68000 -> 115.26000 (3.0xATR)
2026.02.06 17:00:00;ORDER;filled BUY 0.01 lots sl=4871.88 tp=5063.98 [WT|BOS|0.75]
2026.02.06 17:00:00;RISK;sizing: vol_ratio=0.82 scalar=1.00 gap_buf=11.48071 eff_stop=88.32071
2026.02.06 17:00:00;ORDER;entry fill deal #50 BUY 0.01 @ 4948.72000
2026.02.06 20:15:00;VETO;signal rejected: volume: relVol 0.98 < 1.00
2026.02.06 22:00:00;RISK;FLATTEN ALL: Friday flatten: weekend gap protection
2026.02.06 22:00:00;RISK;deal closed pnl=8.24 streak=0 lock=0
2026.02.09 01:15:00;DECISION;setup LONG score=0.85 entry=4979.93 inv=4936.61 tgt=0.00 [BOS long lvl=4971.48|RelVol=1.06|VPnode d=5.27|VWAPside|CycleTurn w=-0.90<--0.97]
2026.02.09 01:15:00;VETO;authorization denied: outside session window (server hour 01, window 12-20)
2026.02.09 01:30:00;VETO;authorization denied: outside session window (server hour 01, window 12-20)
2026.02.09 01:45:00;VETO;authorization denied: outside session window (server hour 01, window 12-20)
2026.02.09 02:00:00;VETO;authorization denied: outside session window (server hour 02, window 12-20)
2026.02.09 07:45:00;DECISION;setup LONG score=0.85 entry=5034.42 inv=5007.56 tgt=0.00 [BOS long lvl=5031.53|RelVol=1.07|VPnode d=8.78|VWAPside|CycleTurn w=-0.96<--1.00]
2026.02.09 07:45:00;VETO;authorization denied: outside session window (server hour 07, window 12-20)
2026.02.09 08:00:00;VETO;authorization denied: outside session window (server hour 08, window 12-20)
2026.02.09 08:15:00;VETO;authorization denied: outside session window (server hour 08, window 12-20)
2026.02.09 08:30:00;VETO;authorization denied: outside session window (server hour 08, window 12-20)
2026.02.09 10:00:00;VETO;signal rejected: volume: relVol 0.96 < 1.00
2026.02.09 12:30:00;VETO;signal rejected: score 0.50 < 0.55 [BOS short lvl=4997.68|RelVol=1.21|VPnear|VWAPside]
2026.02.09 16:45:00;DECISION;setup LONG score=0.85 entry=5028.47 inv=4995.11 tgt=0.00 AWAIT-RETEST [CHoCH long lvl=5024.84|RelVol=1.04|Retest@5028.47|VPnode d=7.93|VWAPside|CycleTurn w=0.33<--0.76]
2026.02.09 16:45:00;DECISION;TP capped 66.72179 -> 50.04134 (3.0xATR)
2026.02.09 16:45:00;ORDER;limit BUY 0.02 @ 5028.47 sl=4995.11 tp=5078.51 rc=10009 [WT|CHOCH|0.85|RL]
2026.02.09 16:45:00;RISK;sizing: vol_ratio=0.83 scalar=1.00 gap_buf=7.26179 eff_stop=40.62268
2026.02.09 17:15:01;ORDER;entry fill deal #52 BUY 0.02 @ 5028.46000
2026.02.09 18:02:24;MANAGE;#52 SL 4995.11 -> 5028.59 breakeven
2026.02.09 18:02:24;MANAGE;#52 partial close 0.01 of 0.02 lots
2026.02.09 18:02:24;RISK;deal closed pnl=33.42 streak=0 lock=0
2026.02.09 18:02:24;MANAGE;#52 SL 5028.59 -> 5031.10 trail
2026.02.09 18:02:24;MANAGE;#52 SL 5031.10 -> 5031.26 trail
2026.02.09 18:02:24;MANAGE;#52 SL 5031.26 -> 5031.39 trail
2026.02.09 18:02:26;MANAGE;#52 SL 5031.39 -> 5031.61 trail
2026.02.09 18:02:36;MANAGE;#52 SL 5031.61 -> 5031.77 trail
2026.02.09 18:02:36;MANAGE;#52 SL 5031.77 -> 5032.05 trail
2026.02.09 18:03:02;MANAGE;#52 SL 5032.05 -> 5032.18 trail
2026.02.09 18:03:03;MANAGE;#52 SL 5032.18 -> 5032.29 trail
2026.02.09 18:03:03;MANAGE;#52 SL 5032.29 -> 5032.49 trail
2026.02.09 18:03:04;MANAGE;#52 SL 5032.49 -> 5032.61 trail
2026.02.09 18:03:04;MANAGE;#52 SL 5032.61 -> 5032.74 trail
2026.02.09 18:03:05;MANAGE;#52 SL 5032.74 -> 5033.00 trail
2026.02.09 18:03:23;MANAGE;#52 SL 5033.00 -> 5033.53 trail
2026.02.09 18:03:23;MANAGE;#52 SL 5033.53 -> 5033.69 trail
2026.02.09 18:03:23;MANAGE;#52 SL 5033.69 -> 5033.82 trail
2026.02.09 18:03:35;MANAGE;#52 SL 5033.82 -> 5033.93 trail
2026.02.09 18:03:35;MANAGE;#52 SL 5033.93 -> 5034.10 trail
2026.02.09 18:03:37;MANAGE;#52 SL 5034.10 -> 5034.25 trail
2026.02.09 18:03:41;MANAGE;#52 SL 5034.25 -> 5034.37 trail
2026.02.09 18:03:41;MANAGE;#52 SL 5034.37 -> 5034.49 trail
2026.02.09 18:03:42;MANAGE;#52 SL 5034.49 -> 5034.78 trail
2026.02.09 18:03:42;MANAGE;#52 SL 5034.78 -> 5034.89 trail
2026.02.09 18:04:06;MANAGE;#52 SL 5034.89 -> 5036.51 trail
2026.02.09 18:04:16;MANAGE;#52 SL 5036.51 -> 5037.33 trail
2026.02.09 18:04:16;MANAGE;#52 SL 5037.33 -> 5037.44 trail
2026.02.09 18:04:16;MANAGE;#52 SL 5037.44 -> 5037.57 trail
2026.02.09 18:04:16;MANAGE;#52 SL 5037.57 -> 5037.74 trail
2026.02.09 18:04:16;MANAGE;#52 SL 5037.74 -> 5037.87 trail
2026.02.09 18:15:51;MANAGE;#52 SL 5037.87 -> 5038.47 trail
2026.02.09 18:15:52;MANAGE;#52 SL 5038.47 -> 5038.59 trail
2026.02.09 18:15:53;MANAGE;#52 SL 5038.59 -> 5038.74 trail
2026.02.09 18:15:54;MANAGE;#52 SL 5038.74 -> 5038.88 trail
2026.02.09 18:15:54;MANAGE;#52 SL 5038.88 -> 5039.02 trail
2026.02.09 18:15:55;MANAGE;#52 SL 5039.02 -> 5039.16 trail
2026.02.09 18:15:55;MANAGE;#52 SL 5039.16 -> 5039.27 trail
2026.02.09 18:15:57;MANAGE;#52 SL 5039.27 -> 5039.46 trail
2026.02.09 18:15:58;MANAGE;#52 SL 5039.46 -> 5039.57 trail
2026.02.09 18:15:58;MANAGE;#52 SL 5039.57 -> 5039.77 trail
2026.02.09 18:15:58;MANAGE;#52 SL 5039.77 -> 5039.88 trail
2026.02.09 18:22:13;MANAGE;#52 SL 5039.88 -> 5041.22 trail
2026.02.09 18:22:13;MANAGE;#52 SL 5041.22 -> 5041.34 trail
2026.02.09 18:22:13;MANAGE;#52 SL 5041.34 -> 5042.05 trail
2026.02.09 18:22:13;MANAGE;#52 SL 5042.05 -> 5042.16 trail
2026.02.09 18:22:14;MANAGE;#52 SL 5042.16 -> 5042.29 trail
2026.02.09 18:22:15;MANAGE;#52 SL 5042.29 -> 5042.45 trail
2026.02.09 18:22:15;MANAGE;#52 SL 5042.45 -> 5042.58 trail
2026.02.09 18:22:16;MANAGE;#52 SL 5042.58 -> 5042.79 trail
2026.02.09 18:22:16;MANAGE;#52 SL 5042.79 -> 5042.99 trail
2026.02.09 18:22:45;MANAGE;#52 SL 5042.99 -> 5043.17 trail
2026.02.09 18:22:56;MANAGE;#52 SL 5043.17 -> 5043.29 trail
2026.02.09 18:22:57;MANAGE;#52 SL 5043.29 -> 5043.41 trail
2026.02.09 18:22:57;MANAGE;#52 SL 5043.41 -> 5043.57 trail
2026.02.09 18:23:01;MANAGE;#52 SL 5043.57 -> 5043.68 trail
2026.02.09 18:23:01;MANAGE;#52 SL 5043.68 -> 5043.81 trail
2026.02.09 18:23:07;MANAGE;#52 SL 5043.81 -> 5043.94 trail
2026.02.09 18:23:07;MANAGE;#52 SL 5043.94 -> 5044.04 trail
2026.02.09 18:23:14;MANAGE;#52 SL 5044.04 -> 5044.16 trail
2026.02.09 18:25:48;MANAGE;#52 SL 5044.16 -> 5044.31 trail
2026.02.09 18:25:48;MANAGE;#52 SL 5044.31 -> 5046.03 trail
2026.02.09 18:25:48;MANAGE;#52 SL 5046.03 -> 5046.16 trail
2026.02.09 18:25:49;MANAGE;#52 SL 5046.16 -> 5046.27 trail
2026.02.09 18:25:50;MANAGE;#52 SL 5046.27 -> 5046.39 trail
2026.02.09 18:25:51;MANAGE;#52 SL 5046.39 -> 5046.55 trail
2026.02.09 18:25:51;MANAGE;#52 SL 5046.55 -> 5046.79 trail
2026.02.09 18:25:51;MANAGE;#52 SL 5046.79 -> 5047.13 trail
2026.02.09 18:25:51;RISK;deal closed pnl=50.16 streak=0 lock=0
2026.02.10 01:15:00;VETO;outlier bar masked, z=15.1
2026.02.10 04:45:00;VETO;signal rejected: volume: relVol 0.70 < 1.00
2026.02.10 10:45:00;VETO;signal rejected: volume: relVol 0.73 < 1.00
2026.02.10 14:45:00;VETO;signal rejected: volume: relVol 0.85 < 1.00
2026.02.10 16:30:00;VETO;signal rejected: volume: relVol 0.96 < 1.00
2026.02.10 17:00:00;VETO;outlier bar masked, z=4.7
2026.02.10 17:45:00;VETO;outlier bar masked, z=5.4
2026.02.11 01:30:00;VETO;signal rejected: volume: relVol 0.82 < 1.00
2026.02.11 04:00:00;VETO;signal rejected: volume: relVol 0.66 < 1.00
2026.02.11 07:45:00;VETO;signal rejected: volume: relVol 0.61 < 1.00
2026.02.11 09:00:00;VETO;signal rejected: volume: relVol 0.78 < 1.00
2026.02.11 12:30:00;DECISION;setup LONG score=0.70 entry=5071.38 inv=5045.91 tgt=0.00 [BOS long lvl=5069.39|RelVol=1.06|VPnear|VWAPside|CycleTurn w=0.79<-0.02]
2026.02.11 12:30:00;DECISION;TP capped 51.02000 -> 38.26500 (3.0xATR)
2026.02.11 12:30:00;ORDER;filled BUY 0.03 lots sl=5045.91 tp=5109.69 [WT|BOS|0.70]
2026.02.11 12:30:00;RISK;sizing: vol_ratio=0.73 scalar=1.00 gap_buf=4.32071 eff_stop=29.83071
2026.02.11 12:30:00;ORDER;entry fill deal #55 BUY 0.03 @ 5071.42000
2026.02.11 12:44:28;MANAGE;#55 SL 5045.91 -> 5071.46 breakeven
2026.02.11 12:44:28;MANAGE;#55 partial close 0.01 of 0.03 lots
2026.02.11 12:44:28;RISK;deal closed pnl=27.92 streak=0 lock=0
2026.02.11 12:44:28;MANAGE;#55 SL 5071.46 -> 5081.85 trail
2026.02.11 12:44:28;MANAGE;#55 SL 5081.85 -> 5082.05 trail
2026.02.11 12:44:33;MANAGE;#55 SL 5082.05 -> 5082.20 trail
2026.02.11 12:44:34;MANAGE;#55 SL 5082.20 -> 5082.39 trail
2026.02.11 12:44:34;MANAGE;#55 SL 5082.39 -> 5082.57 trail
2026.02.11 12:44:35;MANAGE;#55 SL 5082.57 -> 5082.89 trail
2026.02.11 12:44:36;MANAGE;#55 SL 5082.89 -> 5083.04 trail
2026.02.11 12:44:43;MANAGE;#55 SL 5083.04 -> 5083.16 trail
2026.02.11 12:44:59;MANAGE;#55 SL 5083.16 -> 5083.32 trail
2026.02.11 12:45:00;VETO;outlier bar masked, z=4.5
2026.02.11 13:03:49;RISK;deal closed pnl=23.34 streak=0 lock=0
2026.02.11 14:45:00;VETO;outlier bar masked, z=7.4
2026.02.11 15:45:00;VETO;outlier bar masked, z=10.1
2026.02.11 16:45:00;VETO;outlier bar masked, z=5.2
2026.02.12 01:15:00;VETO;outlier bar masked, z=6.9
2026.02.12 03:15:00;VETO;signal rejected: volume: relVol 0.73 < 1.00
2026.02.12 11:15:00;VETO;signal rejected: volume: relVol 0.74 < 1.00
2026.02.12 15:00:00;VETO;signal rejected: volume: relVol 0.93 < 1.00
2026.02.12 17:00:00;VETO;signal rejected: volume: relVol 0.95 < 1.00
2026.02.12 18:15:00;VETO;outlier bar masked, z=20.6
2026.02.12 18:30:00;VETO;outlier bar masked, z=14.4
2026.02.12 18:45:00;VETO;outlier bar masked, z=12.1
2026.02.12 19:00:00;VETO;outlier bar masked, z=3.9
2026.02.12 20:00:00;VETO;outlier bar masked, z=3.9
2026.02.13 01:15:00;VETO;outlier bar masked, z=6.2
2026.02.13 02:15:00;VETO;outlier bar masked, z=3.9
2026.02.13 03:15:00;VETO;outlier bar masked, z=4.7
2026.02.13 07:45:00;VETO;signal rejected: volume: relVol 0.79 < 1.00
2026.02.13 13:00:00;VETO;signal rejected: volume: relVol 0.86 < 1.00
2026.02.13 15:45:00;DECISION;setup LONG score=0.65 entry=4984.51 inv=4933.76 tgt=0.00 AWAIT-RETEST [CHoCH long lvl=4980.79|RelVol=1.30|Retest@4984.51|VPnode d=3.89|VWAPside]
2026.02.13 15:45:00;DECISION;TP capped 101.50607 -> 76.12955 (3.0xATR)
2026.02.13 15:45:00;ERROR;limit BUY 0.01 @ 4984.51 sl=4933.76 tp=5060.64 rc=10015 [WT|CHOCH|0.65|RL]
2026.02.13 16:00:00;DECISION;TP capped 106.90000 -> 80.17500 (3.0xATR)
2026.02.13 16:00:00;ORDER;filled BUY 0.01 lots sl=4933.76 tp=5067.39 [WT|CHOCH|0.65]
2026.02.13 16:00:00;RISK;sizing: vol_ratio=0.85 scalar=1.00 gap_buf=7.67429 eff_stop=61.12429
2026.02.13 16:00:00;ORDER;entry fill deal #58 BUY 0.01 @ 4987.21000
2026.02.13 16:45:00;VETO;outlier bar masked, z=6.0
2026.02.13 18:00:00;VETO;outlier bar masked, z=3.6
2026.02.13 18:30:00;VETO;outlier bar masked, z=3.7
2026.02.13 21:07:00;MANAGE;#58 SL 4933.76 -> 4987.25 breakeven
2026.02.13 21:07:00;MANAGE;#58 SL 4987.25 -> 5007.42 trail
2026.02.13 21:07:02;MANAGE;#58 SL 5007.42 -> 5007.61 trail
2026.02.13 21:07:02;MANAGE;#58 SL 5007.61 -> 5007.74 trail
2026.02.13 21:07:04;MANAGE;#58 SL 5007.74 -> 5007.87 trail
2026.02.13 21:07:04;MANAGE;#58 SL 5007.87 -> 5008.04 trail
2026.02.13 21:07:04;MANAGE;#58 SL 5008.04 -> 5008.16 trail
2026.02.13 21:07:15;MANAGE;#58 SL 5008.16 -> 5009.61 trail
2026.02.13 21:07:18;MANAGE;#58 SL 5009.61 -> 5009.84 trail
2026.02.13 21:07:18;MANAGE;#58 SL 5009.84 -> 5009.99 trail
2026.02.13 21:07:19;MANAGE;#58 SL 5009.99 -> 5010.11 trail
2026.02.13 21:07:19;MANAGE;#58 SL 5010.11 -> 5010.23 trail
2026.02.13 21:07:21;MANAGE;#58 SL 5010.23 -> 5010.50 trail
2026.02.13 21:07:45;MANAGE;#58 SL 5010.50 -> 5010.72 trail
2026.02.13 21:07:46;MANAGE;#58 SL 5010.72 -> 5010.85 trail
2026.02.13 21:07:46;MANAGE;#58 SL 5010.85 -> 5011.00 trail
2026.02.13 21:07:46;MANAGE;#58 SL 5011.00 -> 5011.14 trail
2026.02.13 21:07:48;MANAGE;#58 SL 5011.14 -> 5011.30 trail
2026.02.13 21:08:13;MANAGE;#58 SL 5011.30 -> 5011.41 trail
2026.02.13 21:09:07;MANAGE;#58 SL 5011.41 -> 5012.34 trail
2026.02.13 21:09:57;MANAGE;#58 SL 5012.34 -> 5012.47 trail
2026.02.13 21:10:05;MANAGE;#58 SL 5012.47 -> 5012.63 trail
2026.02.13 21:15:00;VETO;signal rejected: volume: relVol 0.81 < 1.00
2026.02.13 21:30:25;MANAGE;#58 SL 5012.63 -> 5012.80 trail
2026.02.13 21:30:41;MANAGE;#58 SL 5012.80 -> 5012.99 trail
2026.02.13 21:30:41;MANAGE;#58 SL 5012.99 -> 5013.14 trail
2026.02.13 21:30:41;MANAGE;#58 SL 5013.14 -> 5013.28 trail
2026.02.13 21:30:42;MANAGE;#58 SL 5013.28 -> 5013.40 trail
2026.02.13 21:30:42;MANAGE;#58 SL 5013.40 -> 5013.52 trail
2026.02.13 22:00:00;RISK;FLATTEN ALL: Friday flatten: weekend gap protection
2026.02.13 22:00:00;RISK;deal closed pnl=36.86 streak=0 lock=0
2026.02.16 01:15:00;VETO;outlier bar masked, z=4.0
2026.02.16 01:45:00;VETO;signal rejected: volume: relVol 0.70 < 1.00
2026.02.16 04:45:00;VETO;signal rejected: volume: relVol 0.56 < 1.00
2026.02.16 10:00:00;VETO;signal rejected: volume: relVol 0.79 < 1.00
2026.02.16 11:30:00;VETO;signal rejected: volume: relVol 0.50 < 1.00
2026.02.16 14:15:00;VETO;signal rejected: volume: relVol 0.46 < 1.00
2026.02.16 16:30:00;VETO;signal rejected: volume: relVol 0.48 < 1.00
2026.02.17 02:15:00;VETO;signal rejected: volume: relVol 0.67 < 1.00
2026.02.17 03:00:00;VETO;outlier bar masked, z=8.1
2026.02.17 03:15:00;VETO;outlier bar masked, z=5.4
2026.02.17 07:15:00;VETO;outlier bar masked, z=5.4
2026.02.17 07:30:00;VETO;outlier bar masked, z=8.8
2026.02.17 07:45:00;VETO;outlier bar masked, z=9.7
2026.02.17 08:00:00;VETO;outlier bar masked, z=4.5
2026.02.17 08:45:00;VETO;outlier bar masked, z=3.9
2026.02.17 12:15:00;VETO;signal rejected: volume: relVol 0.77 < 1.00
2026.02.17 13:00:00;DECISION;setup SHORT score=0.70 entry=4910.61 inv=4939.46 tgt=0.00 AWAIT-RETEST [CHoCH short lvl=4913.41|RelVol=1.11|Retest@4910.61|VPnear|VWAPside|CycleTurn w=0.99<-1.00]
2026.02.17 13:00:00;DECISION;TP capped 57.69393 -> 43.27045 (3.0xATR)
2026.02.17 13:00:00;ERROR;limit SELL 0.03 @ 4910.61 sl=4939.46 tp=4867.34 rc=10015 [WT|CHOCH|0.70|RL]
2026.02.17 13:15:00;ORDER;filled SELL 0.05 lots sl=4939.46 tp=4899.86 [WT|CHOCH|0.70]
2026.02.17 13:15:00;RISK;sizing: vol_ratio=1.06 scalar=1.00 gap_buf=5.47071 eff_stop=18.67071
2026.02.17 13:15:00;ORDER;entry fill deal #60 SELL 0.05 @ 4926.26000
2026.02.17 14:15:27;RISK;deal closed pnl=-66.35 streak=1 lock=0
2026.02.17 14:30:00;VETO;signal rejected: volume: relVol 0.83 < 1.00
2026.02.17 16:00:00;VETO;outlier bar masked, z=11.5
2026.02.17 16:15:00;VETO;outlier bar masked, z=12.5
2026.02.17 16:45:00;VETO;outlier bar masked, z=6.9
2026.02.17 21:00:00;VETO;signal rejected: score 0.40 < 0.55 [CHoCH long lvl=4893.65|RelVol=1.17|Retest@4897.68|VPnear]
2026.02.18 02:00:00;VETO;signal rejected: volume: relVol 0.92 < 1.00
2026.02.18 03:15:00;VETO;signal rejected: volume: relVol 0.56 < 1.00
2026.02.18 10:45:00;VETO;signal rejected: volume: relVol 0.51 < 1.00
2026.02.18 12:45:00;VETO;signal rejected: volume: relVol 0.94 < 1.00
2026.02.18 14:45:00;VETO;signal rejected: volume: relVol 0.84 < 1.00
2026.02.18 16:45:00;VETO;outlier bar masked, z=4.2
2026.02.18 20:30:00;VETO;signal rejected: volume: relVol 0.65 < 1.00
2026.02.19 01:15:00;VETO;outlier bar masked, z=4.8
2026.02.19 06:00:00;VETO;signal rejected: volume: relVol 0.62 < 1.00
2026.02.19 11:30:00;VETO;outlier bar masked, z=5.1
2026.02.19 15:45:00;VETO;outlier bar masked, z=4.7
2026.02.19 16:15:00;VETO;outlier bar masked, z=4.5
2026.02.19 16:45:00;VETO;outlier bar masked, z=6.3
2026.02.19 17:00:00;VETO;outlier bar masked, z=4.0
2026.02.20 02:00:00;VETO;signal rejected: volume: relVol 0.55 < 1.00
2026.02.20 03:15:00;VETO;signal rejected: volume: relVol 0.54 < 1.00
2026.02.20 05:30:00;VETO;signal rejected: volume: relVol 0.29 < 1.00
2026.02.20 08:15:00;VETO;signal rejected: volume: relVol 0.64 < 1.00
2026.02.20 11:15:00;VETO;signal rejected: volume: relVol 0.85 < 1.00
2026.02.20 14:00:00;VETO;signal rejected: score 0.40 < 0.55 [CHoCH short lvl=5019.64|RelVol=1.07|Retest@5017.36|VPnear]
2026.02.20 16:00:00;VETO;signal rejected: volume: relVol 0.94 < 1.00
2026.02.20 17:15:00;VETO;outlier bar masked, z=17.4
2026.02.20 17:30:00;VETO;outlier bar masked, z=6.3
2026.02.20 17:45:00;VETO;outlier bar masked, z=5.2
2026.02.20 19:00:00;VETO;signal rejected: volume: relVol 0.77 < 1.00
2026.02.20 22:00:00;VETO;signal rejected: volume: relVol 0.64 < 1.00
2026.02.23 01:15:00;VETO;outlier bar masked, z=9.5
2026.02.23 02:15:00;VETO;outlier bar masked, z=6.1
2026.02.23 02:30:00;VETO;outlier bar masked, z=3.6
2026.02.23 04:45:00;VETO;signal rejected: volume: relVol 0.71 < 1.00
2026.02.23 08:45:00;VETO;signal rejected: volume: relVol 0.74 < 1.00
2026.02.23 13:00:00;VETO;signal rejected: volume: relVol 0.91 < 1.00
2026.02.23 14:45:00;VETO;signal rejected: volume: relVol 0.87 < 1.00
2026.02.23 16:45:00;VETO;signal rejected: volume: relVol 0.88 < 1.00
2026.02.23 18:15:00;VETO;outlier bar masked, z=3.5
2026.02.23 21:45:00;VETO;signal rejected: volume: relVol 0.73 < 1.00
2026.02.24 01:15:00;VETO;outlier bar masked, z=3.5
2026.02.24 03:15:00;VETO;outlier bar masked, z=5.7
2026.02.24 03:30:00;VETO;outlier bar masked, z=6.4
2026.02.24 14:30:00;DECISION;setup SHORT score=0.85 entry=5161.62 inv=5181.47 tgt=0.00 [BOS short lvl=5163.25|RelVol=1.21|VPnode d=2.98|VWAPside|CycleTurn w=0.85<-0.99]
2026.02.24 14:30:00;DECISION;TP capped 39.70000 -> 29.77500 (3.0xATR)
2026.02.24 14:30:00;ORDER;filled SELL 0.04 lots sl=5181.47 tp=5131.84 [WT|BOS|0.85]
2026.02.24 14:30:00;RISK;sizing: vol_ratio=0.73 scalar=1.00 gap_buf=4.11571 eff_stop=23.96571
2026.02.24 14:30:00;ORDER;entry fill deal #62 SELL 0.04 @ 5161.62000
2026.02.24 15:39:43;MANAGE;#62 SL 5181.47 -> 5161.58 breakeven
2026.02.24 15:39:43;MANAGE;#62 partial close 0.02 of 0.04 lots
2026.02.24 15:39:43;RISK;deal closed pnl=44.22 streak=0 lock=0
2026.02.24 15:39:43;MANAGE;#62 SL 5161.58 -> 5157.61 trail
2026.02.24 15:39:43;MANAGE;#62 SL 5157.61 -> 5157.24 trail
2026.02.24 15:39:43;MANAGE;#62 SL 5157.24 -> 5157.09 trail
2026.02.24 15:39:43;MANAGE;#62 SL 5157.09 -> 5156.76 trail
2026.02.24 15:39:43;MANAGE;#62 SL 5156.76 -> 5156.37 trail
2026.02.24 15:39:43;MANAGE;#62 SL 5156.37 -> 5156.07 trail
2026.02.24 15:39:44;MANAGE;#62 SL 5156.07 -> 5155.81 trail
2026.02.24 15:39:44;MANAGE;#62 SL 5155.81 -> 5155.49 trail
2026.02.24 15:39:44;MANAGE;#62 SL 5155.49 -> 5155.28 trail
2026.02.24 15:39:44;MANAGE;#62 SL 5155.28 -> 5154.83 trail
2026.02.24 15:39:44;MANAGE;#62 SL 5154.83 -> 5154.57 trail
2026.02.24 15:39:45;MANAGE;#62 SL 5154.57 -> 5154.45 trail
2026.02.24 15:39:45;MANAGE;#62 SL 5154.45 -> 5154.28 trail
2026.02.24 15:39:45;MANAGE;#62 SL 5154.28 -> 5153.61 trail
2026.02.24 15:39:45;MANAGE;#62 SL 5153.61 -> 5153.47 trail
2026.02.24 15:39:45;MANAGE;#62 SL 5153.47 -> 5153.24 trail
2026.02.24 15:39:45;MANAGE;#62 SL 5153.24 -> 5152.89 trail
2026.02.24 15:39:45;MANAGE;#62 SL 5152.89 -> 5152.69 trail
2026.02.24 15:39:46;MANAGE;#62 SL 5152.69 -> 5152.41 trail
2026.02.24 15:39:46;MANAGE;#62 SL 5152.41 -> 5152.24 trail
2026.02.24 15:39:46;MANAGE;#62 SL 5152.24 -> 5152.05 trail
2026.02.24 15:39:46;MANAGE;#62 SL 5152.05 -> 5151.91 trail
2026.02.24 15:45:00;VETO;outlier bar masked, z=3.8
2026.02.24 15:48:05;RISK;deal closed pnl=66.64 streak=0 lock=0
2026.02.24 16:00:00;VETO;outlier bar masked, z=6.3
2026.02.24 16:15:00;VETO;outlier bar masked, z=5.8
2026.02.24 16:45:00;VETO;outlier bar masked, z=4.1
2026.02.24 19:15:00;VETO;signal rejected: volume: relVol 0.68 < 1.00
2026.02.24 22:45:00;VETO;signal rejected: volume: relVol 0.67 < 1.00
2026.02.25 01:00:02;VETO;signal rejected: volume: relVol 0.68 < 1.00
2026.02.25 01:15:00;VETO;outlier bar masked, z=3.8
2026.02.25 03:15:00;VETO;outlier bar masked, z=5.2
2026.02.25 07:30:00;VETO;signal rejected: volume: relVol 0.78 < 1.00
2026.02.25 12:30:00;DECISION;setup SHORT score=0.65 entry=5174.56 inv=5197.41 tgt=0.00 AWAIT-RETEST [CHoCH short lvl=5176.61|RelVol=1.38|Retest@5174.56|VPnode d=3.04|VWAPside]
2026.02.25 12:30:00;DECISION;TP capped 45.70571 -> 34.27929 (3.0xATR)
2026.02.25 12:30:00;ERROR;limit SELL 0.03 @ 5174.56 sl=5197.41 tp=5140.28 rc=10015 [WT|CHOCH|0.65|RL]
2026.02.25 12:45:00;DECISION;TP capped 40.54000 -> 30.40500 (3.0xATR)
2026.02.25 12:45:00;ORDER;filled SELL 0.04 lots sl=5197.41 tp=5146.74 [WT|CHOCH|0.65]
2026.02.25 12:45:00;RISK;sizing: vol_ratio=0.76 scalar=1.00 gap_buf=4.22750 eff_stop=24.49750
2026.02.25 12:45:00;ORDER;entry fill deal #65 SELL 0.04 @ 5177.14000
2026.02.25 13:16:56;MANAGE;#65 SL 5197.41 -> 5177.10 breakeven
2026.02.25 13:16:56;MANAGE;#65 partial close 0.02 of 0.04 lots
2026.02.25 13:16:56;RISK;deal closed pnl=40.72 streak=0 lock=0
2026.02.25 13:16:56;MANAGE;#65 SL 5177.10 -> 5174.36 trail
2026.02.25 13:16:58;MANAGE;#65 SL 5174.36 -> 5174.19 trail
2026.02.25 13:17:02;MANAGE;#65 SL 5174.19 -> 5174.02 trail
2026.02.25 13:17:06;MANAGE;#65 SL 5174.02 -> 5173.46 trail
2026.02.25 13:17:10;MANAGE;#65 SL 5173.46 -> 5173.30 trail
2026.02.25 13:17:11;MANAGE;#65 SL 5173.30 -> 5173.16 trail
2026.02.25 13:42:03;RISK;deal closed pnl=7.62 streak=0 lock=0
2026.02.25 16:45:00;VETO;outlier bar masked, z=3.6
2026.02.25 17:15:00;VETO;signal rejected: volume: relVol 0.88 < 1.00
2026.02.25 18:30:00;VETO;signal rejected: volume: relVol 0.63 < 1.00
2026.02.25 21:00:00;VETO;signal rejected: volume: relVol 0.47 < 1.00
2026.02.25 22:30:00;VETO;signal rejected: volume: relVol 0.97 < 1.00
2026.02.25 23:00:00;VETO;outlier bar masked, z=7.5
2026.02.26 01:15:00;VETO;outlier bar masked, z=3.9
2026.02.26 02:30:00;VETO;signal rejected: volume: relVol 0.74 < 1.00
2026.02.26 04:45:00;DECISION;setup SHORT score=0.85 entry=5175.59 inv=5198.32 tgt=0.00 AWAIT-RETEST [CHoCH short lvl=5178.81|RelVol=1.46|Retest@5175.59|VPnode d=1.81|VWAPside|CycleTurn w=0.94<-0.99]
2026.02.26 05:00:00;VETO;authorization denied: outside session window (server hour 05, window 12-20)
2026.02.26 05:15:00;VETO;authorization denied: outside session window (server hour 05, window 12-20)
2026.02.26 05:30:00;VETO;authorization denied: outside session window (server hour 05, window 12-20)
2026.02.26 05:45:00;VETO;authorization denied: outside session window (server hour 05, window 12-20)
2026.02.26 06:15:00;VETO;signal rejected: volume: relVol 0.66 < 1.00
2026.02.26 07:30:00;VETO;signal rejected: volume: relVol 0.84 < 1.00
2026.02.26 09:15:00;VETO;signal rejected: volume: relVol 0.74 < 1.00
2026.02.26 14:00:00;VETO;signal rejected: volume: relVol 0.92 < 1.00
2026.02.26 16:45:00;VETO;outlier bar masked, z=6.5
2026.02.26 17:30:00;VETO;outlier bar masked, z=5.2
2026.02.26 17:45:00;VETO;outlier bar masked, z=5.9
2026.02.26 22:15:00;VETO;signal rejected: volume: relVol 0.67 < 1.00
2026.02.27 02:45:00;DECISION;setup SHORT score=0.65 entry=5173.06 inv=5200.97 tgt=0.00 AWAIT-RETEST [CHoCH short lvl=5175.34|RelVol=1.01|Retest@5173.06|VPnode d=6.54|VWAPside]
2026.02.27 03:17:27;VETO;authorization denied: outside session window (server hour 03, window 12-20)
2026.02.27 03:30:00;VETO;authorization denied: outside session window (server hour 03, window 12-20)
2026.02.27 03:45:00;VETO;authorization denied: outside session window (server hour 03, window 12-20)
2026.02.27 04:00:00;VETO;authorization denied: outside session window (server hour 04, window 12-20)
2026.02.27 07:30:00;VETO;signal rejected: volume: relVol 0.69 < 1.00
2026.02.27 09:30:00;VETO;signal rejected: volume: relVol 0.91 < 1.00
2026.02.27 12:30:00;VETO;signal rejected: volume: relVol 0.82 < 1.00
2026.02.27 14:00:00;VETO;signal rejected: volume: relVol 0.74 < 1.00
2026.02.27 15:15:00;VETO;outlier bar masked, z=6.5
2026.02.27 15:30:00;VETO;outlier bar masked, z=6.3
2026.02.27 15:45:00;VETO;outlier bar masked, z=6.4
2026.02.27 17:15:00;VETO;outlier bar masked, z=3.5
2026.02.27 17:30:00;VETO;outlier bar masked, z=5.0
2026.02.27 18:15:00;VETO;outlier bar masked, z=3.8
2026.02.27 18:30:00;VETO;outlier bar masked, z=7.7
2026.02.27 22:45:00;VETO;signal rejected: volume: relVol 0.97 < 1.00
2026.03.02 01:15:00;VETO;outlier bar masked, z=29.4
2026.03.02 01:45:00;VETO;outlier bar masked, z=10.3
2026.03.02 02:15:00;VETO;outlier bar masked, z=4.7
2026.03.02 02:30:00;VETO;outlier bar masked, z=5.6
2026.03.02 03:00:00;VETO;outlier bar masked, z=4.9
2026.03.02 03:15:00;VETO;outlier bar masked, z=6.4
2026.03.02 03:30:00;VETO;outlier bar masked, z=9.2
2026.03.02 03:45:00;VETO;outlier bar masked, z=6.6
2026.03.02 08:15:00;VETO;signal rejected: volume: relVol 0.88 < 1.00
2026.03.02 15:30:00;DECISION;setup LONG score=0.65 entry=5401.66 inv=5375.51 tgt=0.00 [BOS long lvl=5400.87|RelVol=1.44|VPnode d=7.16|VWAPside]
2026.03.02 15:30:00;DECISION;TP capped 52.64000 -> 45.67929 (3.0xATR)
2026.03.02 15:30:00;ORDER;filled BUY 0.03 lots sl=5375.51 tp=5447.51 [WT|BOS|0.65]
2026.03.02 15:30:00;RISK;sizing: vol_ratio=1.00 scalar=1.00 gap_buf=7.61321 eff_stop=33.93321
2026.03.02 15:30:00;ORDER;entry fill deal #68 BUY 0.03 @ 5401.83000
2026.03.02 16:05:02;RISK;deal closed pnl=-79.14 streak=1 lock=0
2026.03.02 16:15:00;VETO;signal rejected: score 0.40 < 0.55 [CHoCH short lvl=5382.07|RelVol=1.34|Retest@5377.78|StopFloored|VPnear]
2026.03.02 16:30:00;VETO;outlier bar masked, z=9.3
2026.03.02 16:45:00;VETO;outlier bar masked, z=5.9
2026.03.02 18:00:00;VETO;outlier bar masked, z=3.6
2026.03.02 18:15:00;VETO;outlier bar masked, z=6.2
2026.03.02 21:15:00;DECISION;setup LONG score=0.55 entry=5325.72 inv=5289.61 tgt=0.00 AWAIT-RETEST [CHoCH long lvl=5320.64|RelVol=1.10|Retest@5325.72|VPnode d=2.88]
2026.03.02 21:30:00;VETO;authorization denied: outside session window (server hour 21, window 12-20)
2026.03.02 21:45:00;VETO;authorization denied: outside session window (server hour 21, window 12-20)
2026.03.02 22:00:00;VETO;authorization denied: outside session window (server hour 22, window 12-20)
2026.03.02 22:15:00;VETO;authorization denied: outside session window (server hour 22, window 12-20)
2026.03.03 02:15:00;VETO;signal rejected: volume: relVol 0.55 < 1.00
2026.03.03 07:30:00;DECISION;setup SHORT score=0.65 entry=5356.41 inv=5375.60 tgt=0.00 AWAIT-RETEST [CHoCH short lvl=5359.18|RelVol=1.30|Retest@5356.41|VPnode d=6.61|VWAPside]
2026.03.03 07:45:00;VETO;authorization denied: outside session window (server hour 07, window 12-20)
2026.03.03 08:00:00;VETO;outlier bar masked, z=4.7
2026.03.03 08:15:00;VETO;outlier bar masked, z=4.8
2026.03.03 08:30:00;VETO;authorization denied: outside session window (server hour 08, window 12-20)
2026.03.03 08:45:00;VETO;authorization denied: outside session window (server hour 08, window 12-20)
2026.03.03 09:00:00;VETO;authorization denied: outside session window (server hour 09, window 12-20)
2026.03.03 11:30:00;VETO;outlier bar masked, z=8.9
2026.03.03 13:15:00;VETO;outlier bar masked, z=11.5
2026.03.03 13:30:00;VETO;outlier bar masked, z=9.9
2026.03.03 13:45:00;VETO;outlier bar masked, z=6.3
2026.03.03 14:15:00;VETO;outlier bar masked, z=4.4
2026.03.03 15:15:00;VETO;outlier bar masked, z=6.0
2026.03.03 16:45:00;VETO;outlier bar masked, z=5.9
2026.03.03 17:00:00;VETO;outlier bar masked, z=3.6
2026.03.03 21:00:00;DECISION;setup LONG score=0.55 entry=5141.27 inv=5065.32 tgt=0.00 AWAIT-RETEST [CHoCH long lvl=5134.82|RelVol=1.51|Retest@5141.27|VPnode d=18.47]
2026.03.03 21:15:00;VETO;authorization denied: outside session window (server hour 21, window 12-20)
2026.03.03 21:30:00;VETO;authorization denied: outside session window (server hour 21, window 12-20)
2026.03.03 21:45:00;VETO;authorization denied: outside session window (server hour 21, window 12-20)
2026.03.03 22:00:00;VETO;authorization denied: outside session window (server hour 22, window 12-20)
2026.03.03 23:00:00;DECISION;setup SHORT score=0.70 entry=5093.91 inv=5149.04 tgt=0.00 AWAIT-RETEST [CHoCH short lvl=5099.42|RelVol=1.48|Retest@5093.91|VPnear|VWAPside|CycleTurn w=0.99<-1.00]
2026.03.03 23:15:00;VETO;authorization denied: outside session window (server hour 23, window 12-20)
2026.03.03 23:30:00;VETO;authorization denied: outside session window (server hour 23, window 12-20)
2026.03.03 23:45:00;VETO;authorization denied: outside session window (server hour 23, window 12-20)
2026.03.04 01:00:04;VETO;authorization denied: outside session window (server hour 01, window 12-20)
2026.03.04 02:45:00;VETO;signal rejected: volume: relVol 0.98 < 1.00
2026.03.04 08:15:00;DECISION;setup SHORT score=0.65 entry=5147.92 inv=5181.03 tgt=0.00 AWAIT-RETEST [CHoCH short lvl=5152.13|RelVol=1.62|Retest@5147.92|VPnode d=2.12|VWAPside]
2026.03.04 08:30:00;VETO;authorization denied: outside session window (server hour 08, window 12-20)
2026.03.04 08:45:00;VETO;authorization denied: outside session window (server hour 08, window 12-20)
2026.03.04 09:00:00;VETO;authorization denied: outside session window (server hour 09, window 12-20)
2026.03.04 09:15:00;VETO;authorization denied: outside session window (server hour 09, window 12-20)
2026.03.04 09:45:00;DECISION;setup LONG score=0.85 entry=5172.41 inv=5122.39 tgt=0.00 AWAIT-RETEST [CHoCH long lvl=5168.32|RelVol=1.16|Retest@5172.41|VPnode d=5.39|VWAPside|CycleTurn w=-0.63<--0.88]
2026.03.04 10:00:00;VETO;authorization denied: outside session window (server hour 10, window 12-20)
2026.03.04 10:15:00;VETO;authorization denied: outside session window (server hour 10, window 12-20)
2026.03.04 10:30:00;VETO;authorization denied: outside session window (server hour 10, window 12-20)
2026.03.04 10:45:00;VETO;authorization denied: outside session window (server hour 10, window 12-20)
2026.03.04 11:45:00;VETO;signal rejected: volume: relVol 0.95 < 1.00
2026.03.04 17:00:00;DECISION;setup SHORT score=0.65 entry=5151.59 inv=5206.14 tgt=0.00 AWAIT-RETEST [CHoCH short lvl=5156.27|RelVol=1.40|Retest@5151.59|VPnode d=2.59|VWAPside]
2026.03.04 17:00:00;DECISION;TP capped 109.10429 -> 81.82821 (3.0xATR)
2026.03.04 17:00:00;ORDER;limit SELL 0.01 @ 5151.59 sl=5206.14 tp=5069.76 rc=10009 [WT|CHOCH|0.65|RL]
2026.03.04 17:00:00;RISK;sizing: vol_ratio=0.87 scalar=1.00 gap_buf=9.36429 eff_stop=63.91643
2026.03.04 17:00:26;ORDER;entry fill deal #70 SELL 0.01 @ 5151.67000
2026.03.04 20:15:00;DECISION;setup SHORT score=0.65 entry=5124.73 inv=5206.14 tgt=0.00 [BOS short lvl=5131.30|RelVol=1.58|VPnode d=14.07|VWAPside]
2026.03.04 20:15:00;VETO;authorization denied: outside session window (server hour 20, window 12-20)
2026.03.04 20:30:00;VETO;authorization denied: outside session window (server hour 20, window 12-20)
2026.03.04 20:45:00;VETO;authorization denied: outside session window (server hour 20, window 12-20)
2026.03.04 21:00:00;VETO;authorization denied: outside session window (server hour 21, window 12-20)
2026.03.05 01:15:00;VETO;signal rejected: volume: relVol 0.56 < 1.00
2026.03.05 05:00:00;VETO;signal rejected: volume: relVol 0.92 < 1.00
2026.03.05 08:15:00;VETO;outlier bar masked, z=4.8
2026.03.05 11:15:00;DECISION;setup LONG score=0.85 entry=5179.54 inv=5137.79 tgt=0.00 [BOS long lvl=5172.78|RelVol=1.98|VPnode d=2.24|VWAPside|CycleTurn w=-0.61<--0.98]
2026.03.05 11:15:00;VETO;authorization denied: outside session window (server hour 11, window 12-20)
2026.03.05 11:30:00;VETO;authorization denied: outside session window (server hour 11, window 12-20)
2026.03.05 11:45:00;VETO;authorization denied: outside session window (server hour 11, window 12-20)
2026.03.05 12:00:00;DECISION;TP capped 46.64000 -> 40.19786 (3.0xATR)
2026.03.05 12:00:00;VETO;risk veto: max positions
2026.03.05 14:15:00;VETO;signal rejected: volume: relVol 0.70 < 1.00
2026.03.05 15:22:54;MANAGE;#70 SL 5206.14 -> 5151.63 breakeven
2026.03.05 15:22:55;MANAGE;#70 SL 5151.63 -> 5115.14 trail
2026.03.05 15:22:55;MANAGE;#70 SL 5115.14 -> 5114.76 trail
2026.03.05 15:22:55;MANAGE;#70 SL 5114.76 -> 5114.65 trail
2026.03.05 15:22:56;MANAGE;#70 SL 5114.65 -> 5114.44 trail
2026.03.05 15:22:56;MANAGE;#70 SL 5114.44 -> 5113.86 trail
2026.03.05 15:22:56;MANAGE;#70 SL 5113.86 -> 5113.39 trail
2026.03.05 15:23:08;MANAGE;#70 SL 5113.39 -> 5113.15 trail
2026.03.05 15:23:08;MANAGE;#70 SL 5113.15 -> 5113.02 trail
2026.03.05 15:23:08;MANAGE;#70 SL 5113.02 -> 5112.72 trail
2026.03.05 15:23:08;MANAGE;#70 SL 5112.72 -> 5112.56 trail
2026.03.05 15:23:09;MANAGE;#70 SL 5112.56 -> 5112.44 trail
2026.03.05 15:23:09;MANAGE;#70 SL 5112.44 -> 5112.22 trail
2026.03.05 15:23:10;MANAGE;#70 SL 5112.22 -> 5112.02 trail
2026.03.05 15:23:10;MANAGE;#70 SL 5112.02 -> 5111.81 trail
2026.03.05 15:23:10;MANAGE;#70 SL 5111.81 -> 5111.63 trail
2026.03.05 15:23:10;MANAGE;#70 SL 5111.63 -> 5111.11 trail
2026.03.05 15:23:11;MANAGE;#70 SL 5111.11 -> 5110.97 trail
2026.03.05 15:23:11;MANAGE;#70 SL 5110.97 -> 5110.77 trail
2026.03.05 15:23:11;MANAGE;#70 SL 5110.77 -> 5110.65 trail
2026.03.05 15:23:11;MANAGE;#70 SL 5110.65 -> 5110.53 trail
2026.03.05 15:23:11;MANAGE;#70 SL 5110.53 -> 5110.36 trail
2026.03.05 15:23:11;MANAGE;#70 SL 5110.36 -> 5108.71 trail
2026.03.05 15:23:11;MANAGE;#70 SL 5108.71 -> 5106.81 trail
2026.03.05 15:23:15;MANAGE;#70 SL 5106.81 -> 5105.78 trail
2026.03.05 15:23:16;MANAGE;#70 SL 5105.78 -> 5105.65 trail
2026.03.05 15:23:16;MANAGE;#70 SL 5105.65 -> 5101.76 trail
2026.03.05 15:23:16;MANAGE;#70 SL 5101.76 -> 5101.03 trail
2026.03.05 15:24:16;RISK;deal closed pnl=50.35 streak=0 lock=0
2026.03.05 15:30:00;VETO;outlier bar masked, z=12.5
2026.03.05 16:45:00;VETO;outlier bar masked, z=3.8
2026.03.05 17:15:00;VETO;outlier bar masked, z=8.1
2026.03.05 17:45:00;VETO;signal rejected: score 0.50 < 0.55 [BOS short lvl=5083.30|RelVol=1.28|VWAPside|ADX=53]
2026.03.06 01:45:00;VETO;signal rejected: volume: relVol 0.48 < 1.00
2026.03.06 03:45:00;VETO;signal rejected: score 0.50 < 0.55 [BOS long lvl=5102.01|RelVol=1.05|Retest@5105.91|VPnear|VWAPside]
2026.03.06 10:30:00;DECISION;setup SHORT score=0.65 entry=5103.41 inv=5141.53 tgt=0.00 AWAIT-RETEST [CHoCH short lvl=5105.86|RelVol=1.03|Retest@5103.41|VPnode d=5.21|VWAPside]
2026.03.06 10:45:00;VETO;authorization denied: outside session window (server hour 10, window 12-20)
2026.03.06 11:00:00;VETO;authorization denied: outside session window (server hour 11, window 12-20)
2026.03.06 11:15:00;VETO;authorization denied: outside session window (server hour 11, window 12-20)
2026.03.06 11:30:00;VETO;authorization denied: outside session window (server hour 11, window 12-20)
2026.03.06 15:45:00;VETO;outlier bar masked, z=5.6
2026.03.06 16:00:00;VETO;outlier bar masked, z=5.6
2026.03.06 17:00:00;VETO;outlier bar masked, z=4.8
2026.03.06 17:15:00;VETO;signal rejected: score 0.50 < 0.55 [BOS long lvl=5131.07|RelVol=1.36|Retest@5135.68|VPnear|VWAPside]
2026.03.06 20:45:00;VETO;signal rejected: volume: relVol 0.91 < 1.00
2026.03.09 01:15:00;VETO;outlier bar masked, z=11.7
2026.03.09 01:45:00;VETO;outlier bar masked, z=8.8
2026.03.09 02:15:00;VETO;outlier bar masked, z=7.0
2026.03.09 03:15:00;VETO;outlier bar masked, z=7.9
2026.03.09 04:15:00;VETO;outlier bar masked, z=4.4
2026.03.09 07:45:00;DECISION;setup LONG score=0.65 entry=5106.04 inv=5081.73 tgt=0.00 AWAIT-RETEST [CHoCH long lvl=5102.45|RelVol=1.62|Retest@5106.04|VPnode d=2.44|VWAPside]
2026.03.09 08:45:00;VETO;authorization denied: outside session window (server hour 08, window 12-20)
2026.03.09 09:00:00;VETO;authorization denied: outside session window (server hour 09, window 12-20)
2026.03.09 09:15:00;VETO;authorization denied: outside session window (server hour 09, window 12-20)
2026.03.09 09:30:00;VETO;authorization denied: outside session window (server hour 09, window 12-20)
2026.03.09 11:15:00;DECISION;setup LONG score=0.85 entry=5112.78 inv=5088.63 tgt=0.00 [BOS long lvl=5110.88|RelVol=1.15|VPnode d=0.98|VWAPside|CycleTurn w=-0.98<--0.99]
2026.03.09 11:15:00;VETO;authorization denied: outside session window (server hour 11, window 12-20)
2026.03.09 11:30:00;VETO;authorization denied: outside session window (server hour 11, window 12-20)
2026.03.09 11:45:00;VETO;authorization denied: outside session window (server hour 11, window 12-20)
2026.03.09 12:00:00;ORDER;filled BUY 0.04 lots sl=5088.63 tp=5138.94 [WT|BOS|0.85]
2026.03.09 12:00:00;RISK;sizing: vol_ratio=0.84 scalar=1.00 gap_buf=7.50964 eff_stop=24.27964
2026.03.09 12:00:00;ORDER;entry fill deal #72 BUY 0.04 @ 5105.40000
2026.03.09 12:50:48;RISK;deal closed pnl=-68.12 streak=1 lock=0
2026.03.09 13:30:00;DECISION;setup SHORT score=0.65 entry=5083.59 inv=5132.61 tgt=0.00 AWAIT-RETEST [CHoCH short lvl=5087.10|RelVol=1.28|Retest@5083.59|VPnode d=7.71|VWAPside]
2026.03.09 13:30:00;DECISION;TP capped 98.04643 -> 73.53482 (3.0xATR)
2026.03.09 13:30:00;ERROR;limit SELL 0.01 @ 5083.59 sl=5132.61 tp=5010.05 rc=10015 [WT|CHOCH|0.65|RL]
2026.03.09 13:45:00;DECISION;TP capped 93.56000 -> 70.17000 (3.0xATR)
2026.03.09 13:45:00;ORDER;filled SELL 0.01 lots sl=5132.61 tp=5015.66 [WT|CHOCH|0.65]
2026.03.09 13:45:00;RISK;sizing: vol_ratio=0.79 scalar=1.00 gap_buf=6.99286 eff_stop=53.77286
2026.03.09 13:45:00;ORDER;entry fill deal #74 SELL 0.01 @ 5085.83000
2026.03.09 15:45:00;VETO;outlier bar masked, z=3.6
2026.03.09 16:45:00;VETO;signal rejected: volume: relVol 0.80 < 1.00
2026.03.09 20:45:00;VETO;signal rejected: volume: relVol 0.76 < 1.00
2026.03.09 21:19:45;RISK;deal closed pnl=-46.84 streak=2 lock=0
2026.03.10 02:30:00;VETO;signal rejected: volume: relVol 0.82 < 1.00
2026.03.10 03:30:00;DECISION;setup LONG score=0.70 entry=5159.05 inv=5133.82 tgt=0.00 AWAIT-RETEST [CHoCH long lvl=5156.09|RelVol=1.15|Retest@5159.05|VPnear|VWAPside|CycleTurn w=-0.96<--1.00]
2026.03.10 03:45:00;VETO;authorization denied: outside session window (server hour 03, window 12-20)
2026.03.10 04:00:00;VETO;authorization denied: outside session window (server hour 04, window 12-20)
2026.03.10 04:15:00;VETO;authorization denied: outside session window (server hour 04, window 12-20)
2026.03.10 04:30:00;VETO;authorization denied: outside session window (server hour 04, window 12-20)
2026.03.10 10:00:00;DECISION;setup LONG score=0.65 entry=5181.05 inv=5154.37 tgt=0.00 [BOS long lvl=5180.94|RelVol=1.05|VPnode d=0.15|VWAPside]
2026.03.10 10:00:00;VETO;authorization denied: outside session window (server hour 10, window 12-20)
2026.03.10 10:15:00;VETO;authorization denied: outside session window (server hour 10, window 12-20)
2026.03.10 10:30:00;VETO;authorization denied: outside session window (server hour 10, window 12-20)
2026.03.10 10:45:00;VETO;authorization denied: outside session window (server hour 10, window 12-20)
2026.03.10 15:15:00;DECISION;setup LONG score=0.85 entry=5194.79 inv=5162.44 tgt=0.00 AWAIT-RETEST [BOS long lvl=5191.94|RelVol=1.03|Retest@5194.79|VPnode d=7.59|VWAPside|CycleTurn w=-0.53<--0.92]
2026.03.10 15:15:00;DECISION;TP capped 64.70607 -> 48.52955 (3.0xATR)
2026.03.10 15:15:00;ORDER;limit BUY 0.02 @ 5194.79 sl=5162.44 tp=5243.32 rc=10009 [WT|BOS|0.85|RL]
2026.03.10 15:15:00;RISK;sizing: vol_ratio=0.95 scalar=1.00 gap_buf=5.70607 eff_stop=38.05911
2026.03.10 15:30:00;VETO;outlier bar masked, z=4.6
2026.03.10 16:07:43;ORDER;entry fill deal #76 BUY 0.02 @ 5193.41000
2026.03.10 17:13:43;MANAGE;#76 SL 5162.44 -> 5193.45 breakeven
2026.03.10 17:13:43;MANAGE;#76 partial close 0.01 of 0.02 lots
2026.03.10 17:13:43;RISK;deal closed pnl=31.57 streak=0 lock=0
2026.03.10 17:13:44;MANAGE;#76 SL 5193.45 -> 5194.90 trail
2026.03.10 17:13:44;MANAGE;#76 SL 5194.90 -> 5195.02 trail
2026.03.10 17:13:44;MANAGE;#76 SL 5195.02 -> 5195.19 trail
2026.03.10 17:13:45;MANAGE;#76 SL 5195.19 -> 5195.30 trail
2026.03.10 17:13:45;MANAGE;#76 SL 5195.30 -> 5195.42 trail
2026.03.10 17:13:45;MANAGE;#76 SL 5195.42 -> 5195.53 trail
2026.03.10 17:13:45;MANAGE;#76 SL 5195.53 -> 5195.75 trail
2026.03.10 17:13:46;MANAGE;#76 SL 5195.75 -> 5195.89 trail
2026.03.10 17:13:46;MANAGE;#76 SL 5195.89 -> 5196.03 trail
2026.03.10 17:14:03;MANAGE;#76 SL 5196.03 -> 5196.27 trail
2026.03.10 17:14:03;MANAGE;#76 SL 5196.27 -> 5196.41 trail
2026.03.10 17:14:17;MANAGE;#76 SL 5196.41 -> 5196.52 trail
2026.03.10 17:14:17;MANAGE;#76 SL 5196.52 -> 5196.63 trail
2026.03.10 17:14:17;MANAGE;#76 SL 5196.63 -> 5196.81 trail
2026.03.10 17:20:39;MANAGE;#76 SL 5196.81 -> 5196.99 trail
2026.03.10 17:20:39;MANAGE;#76 SL 5196.99 -> 5197.10 trail
2026.03.10 17:20:40;MANAGE;#76 SL 5197.10 -> 5197.22 trail
2026.03.10 17:20:40;MANAGE;#76 SL 5197.22 -> 5197.34 trail
2026.03.10 17:31:33;MANAGE;#76 SL 5197.34 -> 5198.18 trail
2026.03.10 17:31:35;MANAGE;#76 SL 5198.18 -> 5198.37 trail
2026.03.10 17:31:37;MANAGE;#76 SL 5198.37 -> 5198.57 trail
2026.03.10 17:31:55;MANAGE;#76 SL 5198.57 -> 5198.72 trail
2026.03.10 17:31:55;MANAGE;#76 SL 5198.72 -> 5198.82 trail
2026.03.10 17:31:55;MANAGE;#76 SL 5198.82 -> 5198.94 trail
2026.03.10 17:31:56;MANAGE;#76 SL 5198.94 -> 5199.04 trail
2026.03.10 17:33:02;MANAGE;#76 SL 5199.04 -> 5199.23 trail
2026.03.10 17:33:14;MANAGE;#76 SL 5199.23 -> 5199.33 trail
2026.03.10 17:33:14;MANAGE;#76 SL 5199.33 -> 5199.61 trail
2026.03.10 17:33:14;MANAGE;#76 SL 5199.61 -> 5200.13 trail
2026.03.10 17:33:14;MANAGE;#76 SL 5200.13 -> 5200.24 trail
2026.03.10 17:33:18;MANAGE;#76 SL 5200.24 -> 5200.36 trail
2026.03.10 17:33:19;MANAGE;#76 SL 5200.36 -> 5200.46 trail
2026.03.10 17:33:20;MANAGE;#76 SL 5200.46 -> 5200.61 trail
2026.03.10 17:33:21;MANAGE;#76 SL 5200.61 -> 5200.79 trail
2026.03.10 17:33:21;MANAGE;#76 SL 5200.79 -> 5200.90 trail
2026.03.10 17:33:21;MANAGE;#76 SL 5200.90 -> 5201.00 trail
2026.03.10 17:33:22;MANAGE;#76 SL 5201.00 -> 5201.12 trail
2026.03.10 17:33:23;MANAGE;#76 SL 5201.12 -> 5201.29 trail
2026.03.10 17:33:23;MANAGE;#76 SL 5201.29 -> 5201.48 trail
2026.03.10 17:33:24;MANAGE;#76 SL 5201.48 -> 5201.63 trail
2026.03.10 17:33:24;MANAGE;#76 SL 5201.63 -> 5201.76 trail
2026.03.10 17:33:57;MANAGE;#76 SL 5201.76 -> 5202.01 trail
2026.03.10 17:33:57;MANAGE;#76 SL 5202.01 -> 5202.11 trail
2026.03.10 17:33:58;MANAGE;#76 SL 5202.11 -> 5202.23 trail
2026.03.10 17:33:58;MANAGE;#76 SL 5202.23 -> 5202.38 trail
2026.03.10 17:33:58;MANAGE;#76 SL 5202.38 -> 5202.68 trail
2026.03.10 17:33:58;MANAGE;#76 SL 5202.68 -> 5202.78 trail
2026.03.10 17:33:58;MANAGE;#76 SL 5202.78 -> 5203.07 trail
2026.03.10 17:34:23;MANAGE;#76 SL 5203.07 -> 5203.40 trail
2026.03.10 17:34:25;MANAGE;#76 SL 5203.40 -> 5203.54 trail
2026.03.10 17:34:27;MANAGE;#76 SL 5203.54 -> 5203.64 trail
2026.03.10 17:34:29;MANAGE;#76 SL 5203.64 -> 5203.75 trail
2026.03.10 17:34:43;MANAGE;#76 SL 5203.75 -> 5203.87 trail
2026.03.10 17:34:43;MANAGE;#76 SL 5203.87 -> 5204.06 trail
2026.03.10 17:34:43;MANAGE;#76 SL 5204.06 -> 5204.21 trail
2026.03.10 17:34:43;MANAGE;#76 SL 5204.21 -> 5204.34 trail
2026.03.10 17:34:43;MANAGE;#76 SL 5204.34 -> 5204.49 trail
2026.03.10 17:34:43;MANAGE;#76 SL 5204.49 -> 5205.21 trail
2026.03.10 17:34:44;MANAGE;#76 SL 5205.21 -> 5205.31 trail
2026.03.10 17:34:45;MANAGE;#76 SL 5205.31 -> 5205.44 trail
2026.03.10 17:45:00;VETO;signal rejected: volume: relVol 0.67 < 1.00
2026.03.10 17:45:09;MANAGE;#76 SL 5205.44 -> 5205.55 trail
2026.03.10 17:45:29;MANAGE;#76 SL 5205.55 -> 5206.11 trail
2026.03.10 17:45:30;MANAGE;#76 SL 5206.11 -> 5206.25 trail
2026.03.10 17:45:30;MANAGE;#76 SL 5206.25 -> 5206.40 trail
2026.03.10 17:45:31;MANAGE;#76 SL 5206.40 -> 5207.11 trail
2026.03.10 17:45:32;MANAGE;#76 SL 5207.11 -> 5207.27 trail
2026.03.10 17:45:32;MANAGE;#76 SL 5207.27 -> 5207.39 trail
2026.03.10 17:45:34;MANAGE;#76 SL 5207.39 -> 5207.59 trail
2026.03.10 17:45:34;MANAGE;#76 SL 5207.59 -> 5207.73 trail
2026.03.10 17:45:34;MANAGE;#76 SL 5207.73 -> 5207.86 trail
2026.03.10 19:12:34;MANAGE;#76 SL 5207.86 -> 5208.00 trail
2026.03.10 19:12:34;MANAGE;#76 SL 5208.00 -> 5208.20 trail
2026.03.10 19:12:41;MANAGE;#76 SL 5208.20 -> 5208.39 trail
2026.03.10 19:12:42;MANAGE;#76 SL 5208.39 -> 5208.50 trail
2026.03.10 19:12:43;MANAGE;#76 SL 5208.50 -> 5208.70 trail
2026.03.10 19:12:47;MANAGE;#76 SL 5208.70 -> 5208.82 trail
2026.03.10 19:12:50;MANAGE;#76 SL 5208.82 -> 5209.29 trail
2026.03.10 19:30:04;MANAGE;#76 SL 5209.29 -> 5209.42 trail
2026.03.10 19:30:04;MANAGE;#76 SL 5209.42 -> 5209.60 trail
2026.03.10 19:30:04;MANAGE;#76 SL 5209.60 -> 5210.04 trail
2026.03.10 19:30:05;MANAGE;#76 SL 5210.04 -> 5210.15 trail
2026.03.10 19:30:05;MANAGE;#76 SL 5210.15 -> 5210.25 trail
2026.03.10 19:30:05;MANAGE;#76 SL 5210.25 -> 5210.40 trail
2026.03.10 19:30:07;MANAGE;#76 SL 5210.40 -> 5210.50 trail
2026.03.10 19:30:07;MANAGE;#76 SL 5210.50 -> 5210.71 trail
2026.03.10 19:52:41;MANAGE;#76 SL 5210.71 -> 5210.98 trail
2026.03.10 19:52:41;MANAGE;#76 SL 5210.98 -> 5211.09 trail
2026.03.10 20:16:50;RISK;deal closed pnl=17.30 streak=0 lock=0
2026.03.10 20:30:00;VETO;outlier bar masked, z=12.2
2026.03.11 09:45:00;DECISION;setup SHORT score=0.65 entry=5189.58 inv=5210.82 tgt=0.00 AWAIT-RETEST [CHoCH short lvl=5191.59|RelVol=1.18|Retest@5189.58|VPnode d=2.82|VWAPside]
2026.03.11 10:00:00;VETO;authorization denied: outside session window (server hour 10, window 12-20)
2026.03.11 10:15:00;VETO;authorization denied: outside session window (server hour 10, window 12-20)
2026.03.11 10:30:00;VETO;authorization denied: outside session window (server hour 10, window 12-20)
2026.03.11 10:45:00;VETO;authorization denied: outside session window (server hour 10, window 12-20)
2026.03.11 15:00:00;DECISION;setup SHORT score=0.65 entry=5174.27 inv=5197.26 tgt=0.00 AWAIT-RETEST [BOS short lvl=5177.21|RelVol=1.52|Retest@5174.27|VPnode d=8.13|VWAPside]
2026.03.11 15:00:00;DECISION;TP capped 45.98893 -> 35.33357 (3.0xATR)
2026.03.11 15:00:00;ORDER;limit SELL 0.03 @ 5174.27 sl=5197.26 tp=5138.93 rc=10009 [WT|BOS|0.65|RL]
2026.03.11 15:00:00;RISK;sizing: vol_ratio=1.04 scalar=1.00 gap_buf=5.88893 eff_stop=28.88339
2026.03.11 15:03:37;ORDER;entry fill deal #79 SELL 0.03 @ 5174.28000
2026.03.11 15:51:58;MANAGE;#79 SL 5197.26 -> 5174.24 breakeven
2026.03.11 15:51:58;MANAGE;#79 partial close 0.01 of 0.03 lots
2026.03.11 15:51:58;RISK;deal closed pnl=23.58 streak=0 lock=0
2026.03.11 15:57:50;RISK;deal closed pnl=-0.96 streak=1 lock=0
2026.03.11 16:00:00;VETO;outlier bar masked, z=4.1
2026.03.11 19:45:00;VETO;signal rejected: volume: relVol 0.97 < 1.00
2026.03.11 21:45:00;VETO;signal rejected: volume: relVol 0.51 < 1.00
2026.03.12 00:45:00;DECISION;setup SHORT score=0.85 entry=5167.51 inv=5183.58 tgt=0.00 AWAIT-RETEST [CHoCH short lvl=5169.25|Retest@5167.51|VPnode d=2.11|VWAPside|CycleTurn w=-0.03<-0.85]
2026.03.12 01:00:00;VETO;outlier bar masked, z=7.2
2026.03.12 06:45:00;VETO;signal rejected: volume: relVol 0.77 < 1.00
2026.03.12 09:45:00;VETO;signal rejected: volume: relVol 0.69 < 1.00
2026.03.12 14:15:00;DECISION;setup SHORT score=0.55 entry=5172.71 inv=5191.70 tgt=0.00 AWAIT-RETEST [CHoCH short lvl=5174.40|RelVol=1.00|Retest@5172.71|VPnode d=4.69]
2026.03.12 14:15:00;DECISION;TP capped 37.97536 -> 28.48152 (3.0xATR)
2026.03.12 14:15:00;ORDER;limit SELL 0.04 @ 5172.71 sl=5191.70 tp=5144.23 rc=10009 [WT|CHOCH|0.55|RL]
2026.03.12 14:15:00;RISK;sizing: vol_ratio=0.67 scalar=1.00 gap_buf=3.37536 eff_stop=22.36304
2026.03.12 14:29:06;ORDER;entry fill deal #82 SELL 0.04 @ 5172.72000
2026.03.12 15:30:00;VETO;outlier bar masked, z=4.2
2026.03.12 15:45:00;VETO;signal rejected: score 0.50 < 0.55 [BOS short lvl=5163.85|RelVol=1.23|VPnear|VWAPside]
2026.03.12 15:45:57;MANAGE;#82 SL 5191.70 -> 5172.68 breakeven
2026.03.12 15:45:57;MANAGE;#82 partial close 0.02 of 0.04 lots
2026.03.12 15:45:57;RISK;deal closed pnl=38.10 streak=0 lock=0
2026.03.12 15:45:57;MANAGE;#82 SL 5172.68 -> 5172.41 trail
2026.03.12 15:45:58;MANAGE;#82 SL 5172.41 -> 5172.16 trail
2026.03.12 15:47:29;MANAGE;#82 SL 5172.16 -> 5172.06 trail
2026.03.12 15:48:38;MANAGE;#82 SL 5172.06 -> 5171.96 trail
2026.03.12 15:48:52;MANAGE;#82 SL 5171.96 -> 5171.29 trail
2026.03.12 15:49:56;MANAGE;#82 SL 5171.29 -> 5171.14 trail
2026.03.12 15:49:56;MANAGE;#82 SL 5171.14 -> 5171.04 trail
2026.03.12 15:49:57;MANAGE;#82 SL 5171.04 -> 5170.92 trail
2026.03.12 15:49:59;MANAGE;#82 SL 5170.92 -> 5170.77 trail
2026.03.12 15:53:13;MANAGE;#82 SL 5170.77 -> 5170.15 trail
2026.03.12 15:53:14;MANAGE;#82 SL 5170.15 -> 5170.04 trail
2026.03.12 15:53:56;MANAGE;#82 SL 5170.04 -> 5169.83 trail
2026.03.12 15:53:57;MANAGE;#82 SL 5169.83 -> 5168.96 trail
2026.03.12 15:53:59;MANAGE;#82 SL 5168.96 -> 5168.76 trail
2026.03.12 15:53:59;MANAGE;#82 SL 5168.76 -> 5168.49 trail
2026.03.12 15:53:59;MANAGE;#82 SL 5168.49 -> 5168.20 trail
2026.03.12 15:54:02;MANAGE;#82 SL 5168.20 -> 5168.10 trail
2026.03.12 15:54:03;MANAGE;#82 SL 5168.10 -> 5167.99 trail
2026.03.12 15:54:03;MANAGE;#82 SL 5167.99 -> 5167.79 trail
2026.03.12 15:54:03;MANAGE;#82 SL 5167.79 -> 5167.47 trail
2026.03.12 15:54:03;MANAGE;#82 SL 5167.47 -> 5167.34 trail
2026.03.12 15:54:03;MANAGE;#82 SL 5167.34 -> 5167.20 trail
2026.03.12 15:54:10;MANAGE;#82 SL 5167.20 -> 5166.94 trail
2026.03.12 15:54:10;MANAGE;#82 SL 5166.94 -> 5166.82 trail
2026.03.12 15:54:11;MANAGE;#82 SL 5166.82 -> 5166.67 trail
2026.03.12 15:55:54;MANAGE;#82 SL 5166.67 -> 5166.57 trail
2026.03.12 15:55:57;MANAGE;#82 SL 5166.57 -> 5166.36 trail
2026.03.12 15:56:03;MANAGE;#82 SL 5166.36 -> 5166.15 trail
2026.03.12 15:56:03;MANAGE;#82 SL 5166.15 -> 5166.02 trail
2026.03.12 15:56:17;MANAGE;#82 SL 5166.02 -> 5165.85 trail
2026.03.12 15:56:17;MANAGE;#82 SL 5165.85 -> 5165.72 trail
2026.03.12 15:56:17;MANAGE;#82 SL 5165.72 -> 5165.44 trail
2026.03.12 15:56:17;MANAGE;#82 SL 5165.44 -> 5165.33 trail
2026.03.12 15:56:17;MANAGE;#82 SL 5165.33 -> 5165.19 trail
2026.03.12 15:56:18;MANAGE;#82 SL 5165.19 -> 5165.09 trail
2026.03.12 16:33:44;RISK;deal closed pnl=57.42 streak=0 lock=0
2026.03.12 17:15:00;VETO;outlier bar masked, z=6.1
2026.03.12 20:00:00;VETO;signal rejected: volume: relVol 0.96 < 1.00
2026.03.12 22:30:00;VETO;signal rejected: volume: relVol 0.85 < 1.00
2026.03.13 06:30:00;VETO;signal rejected: volume: relVol 0.82 < 1.00
2026.03.13 14:00:00;VETO;signal rejected: volume: relVol 0.91 < 1.00
2026.03.13 16:45:00;VETO;signal rejected: volume: relVol 0.68 < 1.00
2026.03.13 17:00:00;VETO;outlier bar masked, z=7.3
2026.03.13 17:15:00;VETO;outlier bar masked, z=4.9
2026.03.13 18:00:00;VETO;signal rejected: score 0.50 < 0.55 [BOS short lvl=5035.97|RelVol=1.10|VWAPside|ADX=44]
2026.03.13 22:00:00;DECISION;setup SHORT score=0.70 entry=5016.44 inv=5049.81 tgt=0.00 [BOS short lvl=5019.04|RelVol=1.26|VWAPside|CycleTurn w=-0.44<-0.63|ADX=34]
2026.03.13 22:00:00;VETO;authorization denied: outside session window (server hour 22, window 12-20)
2026.03.13 22:15:00;VETO;authorization denied: outside session window (server hour 22, window 12-20)
2026.03.13 22:30:00;VETO;authorization denied: outside session window (server hour 22, window 12-20)
2026.03.13 22:45:00;VETO;authorization denied: outside session window (server hour 22, window 12-20)
2026.03.16 01:30:00;VETO;outlier bar masked, z=6.6
2026.03.16 02:00:00;VETO;outlier bar masked, z=3.5
2026.03.16 02:15:00;VETO;outlier bar masked, z=4.5
2026.03.16 02:45:00;DECISION;setup LONG score=0.85 entry=5029.71 inv=4967.62 tgt=0.00 AWAIT-RETEST [CHoCH long lvl=5026.13|RelVol=1.09|Retest@5029.71|VPnode d=1.09|VWAPside|CycleTurn w=0.40<--0.61]
2026.03.16 03:00:00;VETO;authorization denied: outside session window (server hour 03, window 12-20)
2026.03.16 03:15:00;VETO;outlier bar masked, z=6.3
2026.03.16 03:30:00;VETO;authorization denied: outside session window (server hour 03, window 12-20)
2026.03.16 03:45:00;VETO;authorization denied: outside session window (server hour 03, window 12-20)
2026.03.16 04:00:00;VETO;authorization denied: outside session window (server hour 04, window 12-20)
2026.03.16 06:00:00;VETO;signal rejected: volume: relVol 0.82 < 1.00
2026.03.16 08:15:00;VETO;signal rejected: volume: relVol 0.81 < 1.00
2026.03.16 09:30:00;DECISION;setup SHORT score=0.85 entry=5001.03 inv=5036.17 tgt=0.00 AWAIT-RETEST [CHoCH short lvl=5003.28|RelVol=1.18|Retest@5001.03|VPnode d=0.17|VWAPside|CycleTurn w=0.70<-0.95]
2026.03.16 09:45:00;VETO;authorization denied: outside session window (server hour 09, window 12-20)
2026.03.16 10:00:00;VETO;authorization denied: outside session window (server hour 10, window 12-20)
2026.03.16 10:15:00;VETO;authorization denied: outside session window (server hour 10, window 12-20)
2026.03.16 10:30:00;VETO;authorization denied: outside session window (server hour 10, window 12-20)
2026.03.16 14:30:00;DECISION;setup LONG score=0.65 entry=5025.95 inv=4970.11 tgt=0.00 AWAIT-RETEST [CHoCH long lvl=5022.63|RelVol=1.05|Retest@5025.95|VPnode d=0.15|VWAPside]
2026.03.16 14:30:00;DECISION;TP capped 111.68143 -> 83.76107 (3.0xATR)
2026.03.16 14:30:00;ERROR;limit BUY 0.01 @ 5025.95 sl=4970.11 tp=5109.71 rc=10015 [WT|CHOCH|0.65|RL]
2026.03.16 14:45:00;DECISION;TP capped 103.82000 -> 77.86500 (3.0xATR)
2026.03.16 14:45:00;ORDER;filled BUY 0.01 lots sl=4970.11 tp=5099.89 [WT|CHOCH|0.65]
2026.03.16 14:45:00;RISK;sizing: vol_ratio=0.94 scalar=1.00 gap_buf=6.45214 eff_stop=58.36214
2026.03.16 14:45:00;ORDER;entry fill deal #85 BUY 0.01 @ 5022.02000
2026.03.16 17:30:00;VETO;signal rejected: volume: relVol 0.56 < 1.00
2026.03.16 20:30:00;VETO;signal rejected: volume: relVol 0.60 < 1.00
2026.03.17 03:45:00;VETO;signal rejected: volume: relVol 0.64 < 1.00
2026.03.17 05:30:00;VETO;signal rejected: volume: relVol 0.59 < 1.00
2026.03.17 06:45:00;VETO;signal rejected: volume: relVol 0.74 < 1.00
2026.03.17 12:15:00;VETO;signal rejected: volume: relVol 0.73 < 1.00
2026.03.17 15:45:00;VETO;signal rejected: volume: relVol 0.69 < 1.00
2026.03.17 16:00:00;VETO;outlier bar masked, z=3.7
2026.03.17 17:30:00;VETO;signal rejected: volume: relVol 0.53 < 1.00
2026.03.17 17:45:00;VETO;outlier bar masked, z=4.9
2026.03.18 00:45:00;DECISION;setup SHORT score=0.85 entry=4996.33 inv=5006.37 tgt=0.00 [BOS short lvl=4996.42|VPnode d=2.47|VWAPside|CycleTurn w=0.94<-1.00]
2026.03.18 00:45:00;VETO;authorization denied: outside session window (server hour 00, window 12-20)
2026.03.18 01:00:00;VETO;authorization denied: outside session window (server hour 01, window 12-20)
2026.03.18 01:15:00;VETO;authorization denied: outside session window (server hour 01, window 12-20)
2026.03.18 01:30:00;VETO;authorization denied: outside session window (server hour 01, window 12-20)
2026.03.18 02:15:00;VETO;signal rejected: volume: relVol 0.46 < 1.00
2026.03.18 06:45:00;VETO;signal rejected: volume: relVol 0.86 < 1.00
2026.03.18 12:35:37;RISK;deal closed pnl=-52.27 streak=1 lock=0
2026.03.18 12:45:00;VETO;outlier bar masked, z=5.1
2026.03.18 13:00:00;VETO;outlier bar masked, z=3.6
2026.03.18 13:30:00;VETO;outlier bar masked, z=5.1
2026.03.18 13:45:00;VETO;outlier bar masked, z=4.7
2026.03.18 14:15:00;VETO;outlier bar masked, z=4.3
2026.03.18 14:45:00;VETO;outlier bar masked, z=4.3
2026.03.18 15:15:00;VETO;outlier bar masked, z=5.2
2026.03.18 15:30:00;VETO;outlier bar masked, z=5.2
2026.03.18 15:45:00;VETO;outlier bar masked, z=5.7
2026.03.18 18:30:00;VETO;signal rejected: volume: relVol 0.51 < 1.00
2026.03.18 21:00:00;VETO;outlier bar masked, z=3.8
2026.03.19 08:00:00;VETO;signal rejected: volume: relVol 0.82 < 1.00
2026.03.19 08:45:00;VETO;outlier bar masked, z=4.2
2026.03.19 09:00:00;VETO;outlier bar masked, z=4.2
2026.03.19 12:30:00;VETO;signal rejected: score 0.50 < 0.55 [BOS short lvl=4686.85|RelVol=1.47|StopFloored|VWAPside|ADX=69]
2026.03.19 14:45:00;VETO;outlier bar masked, z=3.7
2026.03.19 15:15:00;VETO;outlier bar masked, z=5.0
2026.03.19 15:30:00;VETO;outlier bar masked, z=3.7
2026.03.19 16:00:00;VETO;outlier bar masked, z=6.0
2026.03.19 21:15:00;VETO;signal rejected: score 0.40 < 0.55 [CHoCH long lvl=4629.88|RelVol=1.80|Retest@4636.27|VPnear]
2026.03.20 00:15:00;VETO;signal rejected: volume: relVol 0.99 < 1.00
2026.03.20 03:45:00;VETO;signal rejected: volume: relVol 0.88 < 1.00
2026.03.20 05:15:00;DECISION;setup LONG score=0.60 entry=4704.22 inv=4639.42 tgt=0.00 AWAIT-RETEST [BOS long lvl=4699.22|RelVol=1.05|Retest@4704.22|VPnear|VWAPside|ADX=51]
2026.03.20 12:30:00;VETO;signal rejected: score 0.50 < 0.55 [CHoCH short lvl=4661.50|RelVol=1.23|Retest@4657.12|VPnear|VWAPside]
2026.03.20 16:00:00;VETO;outlier bar masked, z=3.8
2026.03.20 20:45:00;DECISION;setup SHORT score=0.70 entry=4526.15 inv=4613.58 tgt=0.00 [BOS short lvl=4540.53|RelVol=1.38|VWAPside|CycleTurn w=0.79<-0.98|ADX=39]
2026.03.20 20:45:00;VETO;authorization denied: outside session window (server hour 20, window 12-20)
2026.03.20 21:00:00;VETO;outlier bar masked, z=4.6
2026.03.20 21:15:00;VETO;authorization denied: outside session window (server hour 21, window 12-20)
2026.03.20 21:30:00;VETO;authorization denied: outside session window (server hour 21, window 12-20)
2026.03.20 21:45:00;VETO;authorization denied: outside session window (server hour 21, window 12-20)
2026.03.23 00:15:00;VETO;outlier bar masked, z=6.3
2026.03.23 02:15:00;DECISION;setup SHORT score=0.80 entry=4436.74 inv=4536.29 tgt=0.00 [BOS short lvl=4449.59|RelVol=1.43|VPnear|VWAPside|CycleTurn w=0.29<-0.91|ADX=49]
2026.03.23 02:15:00;VETO;authorization denied: outside session window (server hour 02, window 12-20)
2026.03.23 02:30:00;VETO;authorization denied: outside session window (server hour 02, window 12-20)
2026.03.23 02:45:00;VETO;outlier bar masked, z=10.1
2026.03.23 03:00:00;VETO;outlier bar masked, z=3.6
2026.03.23 03:15:00;VETO;outlier bar masked, z=7.9
2026.03.23 03:30:00;VETO;authorization denied: outside session window (server hour 03, window 12-20)
2026.03.23 03:45:00;VETO;authorization denied: outside session window (server hour 03, window 12-20)
2026.03.23 04:00:00;VETO;outlier bar masked, z=3.6
2026.03.23 07:45:00;DECISION;setup SHORT score=0.95 entry=4322.16 inv=4381.65 tgt=0.00 [BOS short lvl=4335.18|RelVol=1.49|VPnode d=1.76|VWAPside|CycleTurn w=0.99<-1.00|ADX=34]
2026.03.23 07:45:00;VETO;authorization denied: outside session window (server hour 07, window 12-20)
2026.03.23 08:00:00;VETO;authorization denied: outside session window (server hour 08, window 12-20)
2026.03.23 08:15:00;VETO;authorization denied: outside session window (server hour 08, window 12-20)
2026.03.23 08:30:00;VETO;outlier bar masked, z=4.4
2026.03.23 08:45:00;VETO;outlier bar masked, z=4.1
2026.03.23 09:00:00;VETO;outlier bar masked, z=4.0
2026.03.23 09:15:00;VETO;outlier bar masked, z=6.5
2026.03.23 09:30:00;VETO;outlier bar masked, z=3.6
2026.03.23 09:45:00;VETO;outlier bar masked, z=5.9
2026.03.23 10:00:00;VETO;authorization denied: outside session window (server hour 10, window 12-20)
2026.03.23 11:45:00;VETO;outlier bar masked, z=4.7
2026.03.23 13:15:00;VETO;outlier bar masked, z=12.3
2026.03.23 13:30:00;VETO;outlier bar masked, z=5.9
2026.03.23 15:00:00;VETO;signal rejected: score 0.50 < 0.55 [BOS long lvl=4462.75|RelVol=1.68|VPnear|VWAPside]
2026.03.23 18:00:00;DECISION;setup SHORT score=0.75 entry=4390.02 inv=4512.81 tgt=0.00 AWAIT-RETEST [CHoCH short lvl=4401.63|RelVol=1.31|Retest@4390.02|VPnode d=21.72|CycleTurn w=-0.51<-0.54]
2026.03.23 18:00:00;VETO;retest limit risk veto: size 0.00 < broker min 0.01 (risk too small for stop)
2026.03.23 18:15:00;DECISION;TP capped 257.84000 -> 193.38000 (3.0xATR)
2026.03.23 18:15:00;VETO;risk veto: size 0.00 < broker min 0.01 (risk too small for stop)
2026.03.23 20:45:00;DECISION;setup LONG score=0.60 entry=4447.55 inv=4350.99 tgt=0.00 AWAIT-RETEST [CHoCH long lvl=4438.86|RelVol=1.36|Retest@4447.55|VWAPside|CycleTurn w=0.51<--0.57]
2026.03.23 21:00:00;VETO;authorization denied: outside session window (server hour 21, window 12-20)
2026.03.23 21:15:00;VETO;authorization denied: outside session window (server hour 21, window 12-20)
2026.03.23 21:30:00;VETO;authorization denied: outside session window (server hour 21, window 12-20)
2026.03.23 21:45:00;VETO;authorization denied: outside session window (server hour 21, window 12-20)
2026.03.24 02:45:00;DECISION;setup SHORT score=0.60 entry=4354.59 inv=4448.36 tgt=0.00 AWAIT-RETEST [CHoCH short lvl=4361.27|RelVol=1.82|Retest@4354.59|VWAPside|CycleTurn w=-0.30<-0.77]
2026.03.24 03:00:00;VETO;authorization denied: outside session window (server hour 03, window 12-20)
2026.03.24 03:15:00;VETO;authorization denied: outside session window (server hour 03, window 12-20)
2026.03.24 03:30:00;VETO;authorization denied: outside session window (server hour 03, window 12-20)
2026.03.24 03:45:00;VETO;authorization denied: outside session window (server hour 03, window 12-20)
2026.03.24 08:30:00;DECISION;setup LONG score=0.65 entry=4385.04 inv=4319.88 tgt=0.00 AWAIT-RETEST [CHoCH long lvl=4379.28|RelVol=1.23|Retest@4385.04|VPnode d=11.24|VWAPside]
2026.03.24 08:45:00;VETO;authorization denied: outside session window (server hour 08, window 12-20)
2026.03.24 09:00:00;VETO;authorization denied: outside session window (server hour 09, window 12-20)
2026.03.24 09:15:00;VETO;authorization denied: outside session window (server hour 09, window 12-20)
2026.03.24 09:30:00;VETO;authorization denied: outside session window (server hour 09, window 12-20)
2026.03.24 13:00:00;DECISION;setup LONG score=0.75 entry=4438.77 inv=4391.11 tgt=0.00 [BOS long lvl=4432.68|RelVol=1.12|VPnode d=3.23|VWAPside|ADX=41]
2026.03.24 13:00:00;DECISION;TP capped 95.68000 -> 71.76000 (3.0xATR)
2026.03.24 13:00:00;ORDER;filled BUY 0.01 lots sl=4391.11 tp=4510.71 [WT|BOS|0.75]
2026.03.24 13:00:00;RISK;sizing: vol_ratio=0.56 scalar=1.00 gap_buf=9.22250 eff_stop=57.06250
2026.03.24 13:00:00;ORDER;entry fill deal #87 BUY 0.01 @ 4438.95000
2026.03.24 13:01:37;RISK;deal closed pnl=-48.46 streak=1 lock=0
2026.03.24 14:45:00;DECISION;setup SHORT score=0.65 entry=4368.35 inv=4442.08 tgt=0.00 AWAIT-RETEST [CHoCH short lvl=4374.64|RelVol=1.43|Retest@4368.35|VPnode d=13.35|VWAPside]
2026.03.24 14:45:00;DECISION;TP capped 147.46500 -> 110.59875 (3.0xATR)
2026.03.24 14:45:00;ERROR;limit SELL 0.01 @ 4368.35 sl=4442.08 tp=4257.75 rc=10015 [WT|CHOCH|0.65|RL]
2026.03.24 15:00:00;DECISION;TP capped 125.86000 -> 94.39500 (3.0xATR)
2026.03.24 15:00:00;ORDER;filled SELL 0.01 lots sl=4442.08 tp=4284.75 [WT|CHOCH|0.65]
2026.03.24 15:00:00;RISK;sizing: vol_ratio=0.77 scalar=1.00 gap_buf=12.66500 eff_stop=75.59500
2026.03.24 15:00:00;ORDER;entry fill deal #89 SELL 0.01 @ 4379.15000
2026.03.24 19:15:00;DECISION;setup SHORT score=0.75 entry=4397.53 inv=4430.93 tgt=0.00 [BOS short lvl=4402.47|RelVol=1.26|VPnode d=13.97|CycleTurn w=0.96<-1.00]
2026.03.24 19:15:00;DECISION;TP capped 66.82000 -> 65.59929 (3.0xATR)
2026.03.24 19:15:00;VETO;risk veto: max positions
2026.03.24 22:24:08;RISK;deal closed pnl=-62.98 streak=2 lock=0
2026.03.24 22:30:00;VETO;outlier bar masked, z=6.5
2026.03.25 01:30:00;DECISION;setup LONG score=0.65 entry=4489.89 inv=4455.97 tgt=0.00 AWAIT-RETEST [BOS long lvl=4485.76|RelVol=1.28|Retest@4489.89|VPnode d=4.69|VWAPside]
2026.03.25 07:30:00;VETO;signal rejected: volume: relVol 0.96 < 1.00
2026.03.25 10:30:00;DECISION;setup LONG score=0.85 entry=4566.92 inv=4533.26 tgt=0.00 AWAIT-RETEST [CHoCH long lvl=4563.29|RelVol=1.12|Retest@4566.92|VPnode d=6.78|VWAPside|CycleTurn w=-0.99<--1.00]
2026.03.25 10:45:00;VETO;authorization denied: outside session window (server hour 10, window 12-20)
2026.03.25 11:00:00;VETO;authorization denied: outside session window (server hour 11, window 12-20)
2026.03.25 11:15:00;VETO;authorization denied: outside session window (server hour 11, window 12-20)
2026.03.25 11:30:00;VETO;authorization denied: outside session window (server hour 11, window 12-20)
2026.03.25 13:30:00;DECISION;setup LONG score=0.85 entry=4571.25 inv=4527.80 tgt=0.00 AWAIT-RETEST [BOS long lvl=4567.86|RelVol=1.03|Retest@4571.25|VPnode d=6.35|VWAPside|CycleTurn w=-0.63<--0.96]
2026.03.25 13:30:00;DECISION;TP capped 86.89464 -> 65.17098 (3.0xATR)
2026.03.25 13:30:00;ORDER;limit BUY 0.02 @ 4571.25 sl=4527.80 tp=4636.42 rc=10009 [WT|BOS|0.85|RL]
2026.03.25 13:30:00;RISK;sizing: vol_ratio=0.73 scalar=1.00 gap_buf=6.77464 eff_stop=50.22196
2026.03.25 14:16:14;ORDER;entry fill deal #91 BUY 0.02 @ 4571.17000
2026.03.25 14:31:43;RISK;deal closed pnl=-90.76 streak=1 lock=0
2026.03.25 21:00:00;VETO;signal rejected: volume: relVol 0.96 < 1.00
2026.03.25 21:15:00;VETO;outlier bar masked, z=5.5
2026.03.26 03:00:00;VETO;signal rejected: volume: relVol 0.93 < 1.00
2026.03.26 07:30:00;DECISION;setup SHORT score=0.70 entry=4497.19 inv=4544.42 tgt=0.00 AWAIT-RETEST [CHoCH short lvl=4499.96|RelVol=1.23|Retest@4497.19|VPnear|VWAPside|CycleTurn w=0.61<-0.98]
2026.03.26 08:00:00;VETO;outlier bar masked, z=4.5
2026.03.26 16:30:00;VETO;signal rejected: score 0.40 < 0.55 [CHoCH long lvl=4456.64|RelVol=1.02|Retest@4461.45|VPnear]
2026.03.26 18:30:00;VETO;outlier bar masked, z=6.1
2026.03.26 22:00:00;DECISION;setup SHORT score=0.70 entry=4364.03 inv=4399.41 tgt=0.00 [BOS short lvl=4367.79|RelVol=1.07|VWAPside|CycleTurn w=0.73<-0.88|ADX=43]
2026.03.26 22:00:00;VETO;authorization denied: outside session window (server hour 22, window 12-20)
2026.03.26 22:15:00;VETO;outlier bar masked, z=6.5
2026.03.26 22:30:00;DECISION;setup LONG score=0.60 entry=4403.69 inv=4367.79 tgt=0.00 AWAIT-RETEST [CHoCH long lvl=4399.41|RelVol=1.80|Retest@4403.69|VPnear|CycleTurn w=0.49<-0.33]
2026.03.26 22:45:00;VETO;authorization denied: outside session window (server hour 22, window 12-20)
2026.03.27 00:00:32;VETO;authorization denied: outside session window (server hour 00, window 12-20)
2026.03.27 00:15:00;VETO;authorization denied: outside session window (server hour 00, window 12-20)
2026.03.27 00:30:00;VETO;authorization denied: outside session window (server hour 00, window 12-20)
2026.03.27 03:00:00;VETO;signal rejected: volume: relVol 0.95 < 1.00
2026.03.27 03:45:00;VETO;signal rejected: volume: relVol 0.72 < 1.00
2026.03.27 07:00:00;DECISION;setup LONG score=0.75 entry=4446.13 inv=4421.10 tgt=0.00 [BOS long lvl=4446.01|RelVol=1.01|VPnode d=3.47|VWAPside|ADX=40]
2026.03.27 07:00:00;VETO;authorization denied: outside session window (server hour 07, window 12-20)
2026.03.27 07:15:00;VETO;authorization denied: outside session window (server hour 07, window 12-20)
2026.03.27 07:30:00;VETO;authorization denied: outside session window (server hour 07, window 12-20)
2026.03.27 07:45:00;VETO;authorization denied: outside session window (server hour 07, window 12-20)
2026.03.27 12:45:00;VETO;signal rejected: volume: relVol 0.88 < 1.00
2026.03.27 16:15:00;VETO;signal rejected: volume: relVol 0.82 < 1.00
2026.03.27 17:00:00;VETO;outlier bar masked, z=4.5
2026.03.30 01:00:25;VETO;signal rejected: volume: relVol 0.62 < 1.00
2026.03.30 01:15:00;VETO;outlier bar masked, z=4.7
2026.03.30 02:45:00;DECISION;setup SHORT score=0.60 entry=4463.98 inv=4513.98 tgt=0.00 AWAIT-RETEST [BOS short lvl=4468.39|RelVol=1.23|Retest@4463.98|VPnear|VWAPside|ADX=49]
2026.03.30 03:30:00;VETO;outlier bar masked, z=4.5
2026.03.30 04:30:00;VETO;authorization denied: outside session window (server hour 04, window 12-20)
2026.03.30 04:45:00;VETO;authorization denied: outside session window (server hour 04, window 12-20)
2026.03.30 05:00:00;VETO;authorization denied: outside session window (server hour 05, window 12-20)
2026.03.30 05:15:00;VETO;authorization denied: outside session window (server hour 05, window 12-20)
2026.03.30 05:45:00;VETO;outlier bar masked, z=3.5
2026.03.30 09:00:00;VETO;signal rejected: volume: relVol 0.96 < 1.00
2026.03.30 14:30:00;VETO;signal rejected: volume: relVol 0.90 < 1.00
2026.03.30 17:00:00;VETO;signal rejected: volume: relVol 0.98 < 1.00
2026.03.30 22:00:00;VETO;signal rejected: volume: relVol 0.80 < 1.00
2026.03.31 03:30:00;VETO;outlier bar masked, z=4.9
2026.03.31 03:45:00;VETO;outlier bar masked, z=3.6
2026.03.31 04:30:00;VETO;outlier bar masked, z=6.0
2026.03.31 04:45:00;VETO;outlier bar masked, z=5.8
2026.03.31 13:45:00;VETO;outlier bar masked, z=4.1
2026.03.31 14:30:00;VETO;outlier bar masked, z=4.3
2026.03.31 17:00:00;VETO;signal rejected: volume: relVol 0.76 < 1.00
2026.03.31 19:45:00;VETO;outlier bar masked, z=3.9
2026.04.01 03:15:00;VETO;signal rejected: volume: relVol 0.67 < 1.00
2026.04.01 07:15:00;VETO;signal rejected: volume: relVol 0.83 < 1.00
2026.04.01 08:45:00;VETO;signal rejected: volume: relVol 0.82 < 1.00
2026.04.01 14:30:00;VETO;signal rejected: volume: relVol 0.59 < 1.00
2026.04.01 17:45:00;VETO;signal rejected: volume: relVol 0.84 < 1.00
2026.04.02 02:15:00;VETO;signal rejected: volume: relVol 0.61 < 1.00
2026.04.02 04:15:00;VETO;outlier bar masked, z=8.7
2026.04.02 04:30:00;VETO;outlier bar masked, z=9.3
2026.04.02 04:45:00;VETO;outlier bar masked, z=8.0
2026.04.02 08:45:00;VETO;outlier bar masked, z=7.2
2026.04.02 09:00:00;VETO;outlier bar masked, z=6.3
2026.04.02 09:15:00;VETO;outlier bar masked, z=4.6
2026.04.02 14:45:00;VETO;signal rejected: volume: relVol 0.82 < 1.00
2026.04.02 16:15:00;VETO;signal rejected: volume: relVol 0.93 < 1.00
2026.04.02 17:00:00;VETO;outlier bar masked, z=4.8
2026.04.02 22:15:00;VETO;signal rejected: volume: relVol 0.97 < 1.00
2026.04.06 01:15:00;VETO;outlier bar masked, z=7.2
2026.04.06 02:00:00;VETO;outlier bar masked, z=5.4
2026.04.06 05:30:00;DECISION;setup LONG score=0.65 entry=4647.97 inv=4600.76 tgt=0.00 AWAIT-RETEST [CHoCH long lvl=4643.13|RelVol=1.23|Retest@4647.97|VPnode d=5.77|VWAPside]
2026.04.06 05:45:00;VETO;authorization denied: outside session window (server hour 05, window 12-20)
2026.04.06 06:00:00;VETO;authorization denied: outside session window (server hour 06, window 12-20)
2026.04.06 06:15:00;VETO;authorization denied: outside session window (server hour 06, window 12-20)
2026.04.06 06:30:00;VETO;authorization denied: outside session window (server hour 06, window 12-20)
2026.04.06 08:15:00;VETO;signal rejected: volume: relVol 0.68 < 1.00
2026.04.06 11:00:00;VETO;signal rejected: volume: relVol 1.00 < 1.00
2026.04.06 15:00:00;VETO;signal rejected: volume: relVol 0.54 < 1.00
2026.04.07 04:15:00;VETO;outlier bar masked, z=4.0
2026.04.07 04:45:00;VETO;outlier bar masked, z=3.6
2026.04.07 07:45:00;VETO;signal rejected: volume: relVol 0.62 < 1.00
2026.04.07 11:15:00;DECISION;setup LONG score=0.65 entry=4663.41 inv=4623.10 tgt=0.00 [BOS long lvl=4657.15|RelVol=1.32|VPnode d=1.21|VWAPside]
2026.04.07 11:15:00;VETO;authorization denied: outside session window (server hour 11, window 12-20)
2026.04.07 11:30:00;VETO;outlier bar masked, z=4.3
2026.04.07 11:45:00;VETO;authorization denied: outside session window (server hour 11, window 12-20)
2026.04.07 12:00:00;DECISION;TP capped 119.86000 -> 89.89500 (3.0xATR)
2026.04.07 12:00:00;ORDER;filled BUY 0.01 lots sl=4623.10 tp=4772.92 [WT|BOS|0.65]
2026.04.07 12:00:00;RISK;sizing: vol_ratio=1.13 scalar=1.00 gap_buf=6.87750 eff_stop=66.80750
2026.04.07 12:00:00;ORDER;entry fill deal #93 BUY 0.01 @ 4683.03000
2026.04.07 14:15:00;VETO;signal rejected: volume: relVol 0.95 < 1.00
2026.04.07 17:04:48;RISK;deal closed pnl=-59.98 streak=1 lock=0
2026.04.07 17:15:00;VETO;outlier bar masked, z=3.9
2026.04.07 17:30:00;VETO;outlier bar masked, z=4.0
2026.04.07 19:30:00;DECISION;setup LONG score=0.65 entry=4665.57 inv=4607.28 tgt=0.00 AWAIT-RETEST [CHoCH long lvl=4661.43|RelVol=1.01|Retest@4665.57|VPnode d=2.37|VWAPside]
2026.04.07 19:30:00;DECISION;TP capped 116.57250 -> 87.42938 (3.0xATR)
2026.04.07 19:30:00;ERROR;limit BUY 0.01 @ 4665.57 sl=4607.28 tp=4753.00 rc=10015 [WT|CHOCH|0.65|RL]
2026.04.07 19:45:00;DECISION;TP capped 107.90000 -> 80.92500 (3.0xATR)
2026.04.07 19:45:00;ORDER;filled BUY 0.01 lots sl=4607.28 tp=4742.15 [WT|CHOCH|0.65]
2026.04.07 19:45:00;RISK;sizing: vol_ratio=1.41 scalar=1.00 gap_buf=9.95143 eff_stop=63.90143
2026.04.07 19:45:00;ORDER;entry fill deal #95 BUY 0.01 @ 4661.23000
2026.04.07 20:45:00;DECISION;setup LONG score=0.75 entry=4672.28 inv=4607.28 tgt=0.00 [BOS long lvl=4668.42|RelVol=1.38|VPnode d=8.68|VWAPside|ADX=33]
2026.04.07 20:45:00;VETO;authorization denied: outside session window (server hour 20, window 12-20)
2026.04.07 21:00:00;VETO;authorization denied: outside session window (server hour 21, window 12-20)
2026.04.07 21:15:00;VETO;authorization denied: outside session window (server hour 21, window 12-20)
2026.04.07 21:30:00;VETO;authorization denied: outside session window (server hour 21, window 12-20)
2026.04.07 22:30:00;VETO;outlier bar masked, z=3.5
2026.04.07 22:48:24;MANAGE;#95 SL 4607.28 -> 4661.27 breakeven
2026.04.07 22:48:24;MANAGE;#95 SL 4661.27 -> 4687.17 trail
2026.04.07 22:48:24;MANAGE;#95 SL 4687.17 -> 4687.53 trail
2026.04.07 22:48:24;MANAGE;#95 SL 4687.53 -> 4687.65 trail
2026.04.07 22:48:24;MANAGE;#95 SL 4687.65 -> 4687.86 trail
2026.04.07 22:48:25;MANAGE;#95 SL 4687.86 -> 4688.13 trail
2026.04.07 22:48:27;MANAGE;#95 SL 4688.13 -> 4688.26 trail
2026.04.07 22:48:27;MANAGE;#95 SL 4688.26 -> 4688.56 trail
2026.04.07 22:49:12;MANAGE;#95 SL 4688.56 -> 4688.74 trail
2026.04.07 22:49:12;MANAGE;#95 SL 4688.74 -> 4688.99 trail
2026.04.07 22:49:12;MANAGE;#95 SL 4688.99 -> 4689.17 trail
2026.04.07 22:49:12;MANAGE;#95 SL 4689.17 -> 4689.35 trail
2026.04.07 22:49:13;MANAGE;#95 SL 4689.35 -> 4689.79 trail
2026.04.07 22:49:13;MANAGE;#95 SL 4689.79 -> 4690.05 trail
2026.04.07 22:49:13;MANAGE;#95 SL 4690.05 -> 4690.39 trail
2026.04.08 01:00:09;MANAGE;#95 SL 4690.39 -> 4690.57 trail
2026.04.08 01:00:09;MANAGE;#95 SL 4690.57 -> 4690.69 trail
2026.04.08 01:00:09;MANAGE;#95 SL 4690.69 -> 4690.95 trail
2026.04.08 01:00:09;MANAGE;#95 SL 4690.95 -> 4702.77 trail
2026.04.08 01:00:09;MANAGE;#95 SL 4702.77 -> 4703.35 trail
2026.04.08 01:00:10;MANAGE;#95 SL 4703.35 -> 4703.45 trail
2026.04.08 01:00:18;MANAGE;#95 SL 4703.45 -> 4703.76 trail
2026.04.08 01:00:19;MANAGE;#95 SL 4703.76 -> 4704.02 trail
2026.04.08 01:00:19;MANAGE;#95 SL 4704.02 -> 4704.14 trail
2026.04.08 01:00:20;MANAGE;#95 SL 4704.14 -> 4706.28 trail
2026.04.08 01:00:20;MANAGE;#95 SL 4706.28 -> 4707.01 trail
2026.04.08 01:00:27;MANAGE;#95 SL 4707.01 -> 4707.15 trail
2026.04.08 01:00:27;MANAGE;#95 SL 4707.15 -> 4707.26 trail
2026.04.08 01:00:28;MANAGE;#95 SL 4707.26 -> 4709.13 trail
2026.04.08 01:00:42;MANAGE;#95 SL 4709.13 -> 4709.25 trail
2026.04.08 01:00:44;MANAGE;#95 SL 4709.25 -> 4709.40 trail
2026.04.08 01:00:46;MANAGE;#95 SL 4709.40 -> 4709.59 trail
2026.04.08 01:00:46;MANAGE;#95 SL 4709.59 -> 4709.90 trail
2026.04.08 01:00:47;MANAGE;#95 SL 4709.90 -> 4710.05 trail
2026.04.08 01:00:47;MANAGE;#95 SL 4710.05 -> 4710.25 trail
2026.04.08 01:00:47;MANAGE;#95 SL 4710.25 -> 4710.87 trail
2026.04.08 01:00:49;MANAGE;#95 SL 4710.87 -> 4711.01 trail
2026.04.08 01:00:49;RISK;deal closed pnl=81.19 streak=0 lock=0
2026.04.08 01:15:00;VETO;outlier bar masked, z=5.7
2026.04.08 01:45:00;VETO;outlier bar masked, z=7.9
2026.04.08 02:00:00;VETO;outlier bar masked, z=6.6
2026.04.08 09:00:00;DECISION;setup LONG score=0.85 entry=4827.53 inv=4790.20 tgt=0.00 [BOS long lvl=4825.27|RelVol=1.04|VPnode d=4.73|VWAPside|CycleTurn w=-0.94<--0.97]
2026.04.08 09:00:00;VETO;authorization denied: outside session window (server hour 09, window 12-20)
2026.04.08 09:15:00;VETO;authorization denied: outside session window (server hour 09, window 12-20)
2026.04.08 09:30:00;VETO;authorization denied: outside session window (server hour 09, window 12-20)
2026.04.08 09:45:00;VETO;authorization denied: outside session window (server hour 09, window 12-20)
2026.04.08 12:45:00;DECISION;setup SHORT score=0.65 entry=4786.95 inv=4843.82 tgt=0.00 AWAIT-RETEST [CHoCH short lvl=4790.53|RelVol=1.05|Retest@4786.95|VPnode d=7.45|VWAPside]
2026.04.08 12:45:00;DECISION;TP capped 113.74000 -> 85.30500 (3.0xATR)
2026.04.08 12:45:00;ORDER;limit SELL 0.01 @ 4786.95 sl=4843.82 tp=4701.65 rc=10009 [WT|CHOCH|0.65|RL]
2026.04.08 12:45:00;RISK;sizing: vol_ratio=0.84 scalar=1.00 gap_buf=7.16000 eff_stop=64.03000
2026.04.08 12:50:32;ORDER;entry fill deal #97 SELL 0.01 @ 4787.00000
2026.04.08 15:30:00;VETO;outlier bar masked, z=4.0
2026.04.08 17:30:00;DECISION;setup SHORT score=0.65 entry=4768.06 inv=4806.70 tgt=0.00 [BOS short lvl=4768.79|RelVol=1.02|VPnode d=6.54|VWAPside]
2026.04.08 17:30:00;DECISION;TP capped 77.28000 -> 57.96000 (3.0xATR)
2026.04.08 17:30:00;VETO;risk veto: max positions
2026.04.08 20:45:00;VETO;signal rejected: score 0.40 < 0.55 [BOS short lvl=4745.40|RelVol=1.21|VWAPside]
2026.04.08 21:00:27;MANAGE;#97 SL 4843.82 -> 4786.96 breakeven
2026.04.08 21:00:27;MANAGE;#97 SL 4786.96 -> 4757.73 trail
2026.04.08 21:00:27;MANAGE;#97 SL 4757.73 -> 4757.40 trail
2026.04.08 21:00:30;MANAGE;#97 SL 4757.40 -> 4756.82 trail
2026.04.08 21:00:30;MANAGE;#97 SL 4756.82 -> 4755.94 trail
2026.04.08 21:18:43;MANAGE;#97 SL 4755.94 -> 4755.77 trail
2026.04.08 21:18:44;MANAGE;#97 SL 4755.77 -> 4755.29 trail
2026.04.08 21:18:44;MANAGE;#97 SL 4755.29 -> 4755.17 trail
2026.04.08 21:18:44;MANAGE;#97 SL 4755.17 -> 4754.79 trail
2026.04.08 21:18:44;MANAGE;#97 SL 4754.79 -> 4754.66 trail
2026.04.08 21:18:45;MANAGE;#97 SL 4754.66 -> 4754.32 trail
2026.04.08 21:18:45;MANAGE;#97 SL 4754.32 -> 4753.94 trail
2026.04.08 21:18:45;MANAGE;#97 SL 4753.94 -> 4753.38 trail
2026.04.08 21:18:45;MANAGE;#97 SL 4753.38 -> 4750.72 trail
2026.04.08 21:18:45;MANAGE;#97 SL 4750.72 -> 4747.44 trail
2026.04.08 21:18:47;MANAGE;#97 SL 4747.44 -> 4747.22 trail
2026.04.08 21:18:48;MANAGE;#97 SL 4747.22 -> 4747.08 trail
2026.04.08 21:18:49;MANAGE;#97 SL 4747.08 -> 4746.90 trail
2026.04.08 21:18:49;MANAGE;#97 SL 4746.90 -> 4745.71 trail
2026.04.08 21:18:49;MANAGE;#97 SL 4745.71 -> 4744.70 trail
2026.04.08 21:37:21;MANAGE;#97 SL 4744.70 -> 4744.51 trail
2026.04.08 21:37:56;MANAGE;#97 SL 4744.51 -> 4744.18 trail
2026.04.08 21:38:00;MANAGE;#97 SL 4744.18 -> 4744.00 trail
2026.04.08 21:38:00;MANAGE;#97 SL 4744.00 -> 4743.72 trail
2026.04.08 21:38:03;MANAGE;#97 SL 4743.72 -> 4743.54 trail
2026.04.08 21:38:05;MANAGE;#97 SL 4743.54 -> 4743.28 trail
2026.04.08 21:38:05;MANAGE;#97 SL 4743.28 -> 4743.13 trail
2026.04.08 21:38:38;MANAGE;#97 SL 4743.13 -> 4742.95 trail
2026.04.08 21:38:53;MANAGE;#97 SL 4742.95 -> 4742.67 trail
2026.04.08 21:38:53;MANAGE;#97 SL 4742.67 -> 4742.49 trail
2026.04.08 21:38:53;MANAGE;#97 SL 4742.49 -> 4742.24 trail
2026.04.08 21:38:54;MANAGE;#97 SL 4742.24 -> 4742.09 trail
2026.04.08 21:38:54;MANAGE;#97 SL 4742.09 -> 4741.39 trail
2026.04.08 21:38:54;MANAGE;#97 SL 4741.39 -> 4741.06 trail
2026.04.08 21:39:00;MANAGE;#97 SL 4741.06 -> 4740.91 trail
2026.04.08 21:39:01;MANAGE;#97 SL 4740.91 -> 4740.67 trail
2026.04.08 21:39:07;MANAGE;#97 SL 4740.67 -> 4740.50 trail
2026.04.08 21:39:07;MANAGE;#97 SL 4740.50 -> 4740.28 trail
2026.04.08 21:39:07;MANAGE;#97 SL 4740.28 -> 4740.13 trail
2026.04.08 21:41:58;MANAGE;#97 SL 4740.13 -> 4739.77 trail
2026.04.08 21:42:03;MANAGE;#97 SL 4739.77 -> 4739.53 trail
2026.04.08 21:42:03;MANAGE;#97 SL 4739.53 -> 4739.41 trail
2026.04.08 21:42:03;MANAGE;#97 SL 4739.41 -> 4739.25 trail
2026.04.08 21:42:04;MANAGE;#97 SL 4739.25 -> 4739.02 trail
2026.04.08 21:42:11;MANAGE;#97 SL 4739.02 -> 4738.91 trail
2026.04.08 21:42:11;MANAGE;#97 SL 4738.91 -> 4738.58 trail
2026.04.08 21:42:11;MANAGE;#97 SL 4738.58 -> 4738.36 trail
2026.04.08 21:42:12;MANAGE;#97 SL 4738.36 -> 4738.20 trail
2026.04.08 21:42:12;MANAGE;#97 SL 4738.20 -> 4737.99 trail
2026.04.08 21:43:53;MANAGE;#97 SL 4737.99 -> 4736.79 trail
2026.04.08 21:43:53;MANAGE;#97 SL 4736.79 -> 4735.60 trail
2026.04.08 21:43:53;MANAGE;#97 SL 4735.60 -> 4735.12 trail
2026.04.08 21:50:05;MANAGE;#97 SL 4735.12 -> 4734.91 trail
2026.04.08 21:50:06;MANAGE;#97 SL 4734.91 -> 4734.70 trail
2026.04.08 21:50:06;MANAGE;#97 SL 4734.70 -> 4734.58 trail
2026.04.08 21:50:07;MANAGE;#97 SL 4734.58 -> 4734.47 trail
2026.04.08 21:50:07;MANAGE;#97 SL 4734.47 -> 4734.23 trail
2026.04.08 21:50:07;MANAGE;#97 SL 4734.23 -> 4733.87 trail
2026.04.08 21:50:09;MANAGE;#97 SL 4733.87 -> 4733.73 trail
2026.04.08 21:50:09;MANAGE;#97 SL 4733.73 -> 4733.51 trail
2026.04.08 21:51:14;MANAGE;#97 SL 4733.51 -> 4733.39 trail
2026.04.08 21:51:17;MANAGE;#97 SL 4733.39 -> 4733.05 trail
2026.04.08 21:51:17;MANAGE;#97 SL 4733.05 -> 4732.93 trail
2026.04.08 21:51:17;MANAGE;#97 SL 4732.93 -> 4732.68 trail
2026.04.08 21:51:24;MANAGE;#97 SL 4732.68 -> 4732.56 trail
2026.04.08 21:51:25;MANAGE;#97 SL 4732.56 -> 4732.02 trail
2026.04.08 21:51:25;MANAGE;#97 SL 4732.02 -> 4731.87 trail
2026.04.08 21:51:25;MANAGE;#97 SL 4731.87 -> 4731.69 trail
2026.04.08 21:51:25;MANAGE;#97 SL 4731.69 -> 4731.52 trail
2026.04.08 21:51:27;MANAGE;#97 SL 4731.52 -> 4731.33 trail
2026.04.08 21:51:27;MANAGE;#97 SL 4731.33 -> 4731.14 trail
2026.04.08 21:56:08;MANAGE;#97 SL 4731.14 -> 4730.98 trail
2026.04.08 21:56:08;MANAGE;#97 SL 4730.98 -> 4730.48 trail
2026.04.08 22:00:01;MANAGE;#97 SL 4730.48 -> 4730.34 trail
2026.04.08 22:00:01;MANAGE;#97 SL 4730.34 -> 4729.94 trail
2026.04.08 22:00:01;MANAGE;#97 SL 4729.94 -> 4729.62 trail
2026.04.08 22:00:01;MANAGE;#97 SL 4729.62 -> 4729.43 trail
2026.04.08 22:00:15;MANAGE;#97 SL 4729.43 -> 4729.14 trail
2026.04.08 22:00:16;MANAGE;#97 SL 4729.14 -> 4728.96 trail
2026.04.08 22:00:16;MANAGE;#97 SL 4728.96 -> 4728.78 trail
2026.04.08 22:00:16;MANAGE;#97 SL 4728.78 -> 4728.56 trail
2026.04.08 22:00:16;MANAGE;#97 SL 4728.56 -> 4728.46 trail
2026.04.08 22:00:16;MANAGE;#97 SL 4728.46 -> 4728.32 trail
2026.04.08 22:00:16;RISK;deal closed pnl=85.39 streak=0 lock=0
2026.04.09 03:15:00;VETO;signal rejected: volume: relVol 0.70 < 1.00
2026.04.09 04:15:00;DECISION;setup LONG score=0.65 entry=4723.27 inv=4698.62 tgt=0.00 AWAIT-RETEST [CHoCH long lvl=4720.00|RelVol=1.04|Retest@4723.27|VPnode d=5.47|VWAPside]
2026.04.09 04:30:00;VETO;authorization denied: outside session window (server hour 04, window 12-20)
2026.04.09 04:45:00;VETO;authorization denied: outside session window (server hour 04, window 12-20)
2026.04.09 05:00:00;VETO;authorization denied: outside session window (server hour 05, window 12-20)
2026.04.09 05:15:00;VETO;authorization denied: outside session window (server hour 05, window 12-20)
2026.04.09 13:30:00;VETO;signal rejected: volume: relVol 0.87 < 1.00
2026.04.09 16:45:00;VETO;signal rejected: volume: relVol 0.87 < 1.00
2026.04.09 18:30:00;VETO;signal rejected: volume: relVol 0.98 < 1.00
2026.04.09 21:15:00;VETO;signal rejected: score 0.50 < 0.55 [CHoCH short lvl=4784.49|RelVol=1.05|Retest@4781.61|CycleTurn w=-0.05<-0.85]
2026.04.10 01:30:00;VETO;signal rejected: volume: relVol 0.44 < 1.00
2026.04.10 05:30:00;VETO;signal rejected: volume: relVol 0.97 < 1.00
2026.04.10 09:15:00;VETO;signal rejected: volume: relVol 0.74 < 1.00
2026.04.10 12:00:00;DECISION;setup SHORT score=0.60 entry=4740.77 inv=4757.61 tgt=0.00 [BOS short lvl=4741.30|RelVol=1.22|VPnear|VWAPside|ADX=37]
2026.04.10 12:00:00;DECISION;TP capped 33.68000 -> 26.28643 (3.0xATR)
2026.04.10 12:00:00;ORDER;filled SELL 0.04 lots sl=4757.61 tp=4714.48 [WT|BOS|0.60]
2026.04.10 12:00:00;RISK;sizing: vol_ratio=0.86 scalar=1.00 gap_buf=4.38107 eff_stop=21.22107
2026.04.10 12:00:00;ORDER;entry fill deal #99 SELL 0.04 @ 4740.77000
2026.04.10 12:19:39;RISK;deal closed pnl=-67.64 streak=1 lock=0
2026.04.10 14:30:00;VETO;signal rejected: volume: relVol 0.60 < 1.00
2026.04.10 17:30:00;VETO;signal rejected: volume: relVol 0.85 < 1.00
2026.04.13 01:15:00;VETO;outlier bar masked, z=44.0
2026.04.13 01:30:00;VETO;outlier bar masked, z=7.9
2026.04.13 04:15:00;VETO;outlier bar masked, z=4.1
2026.04.13 09:00:00;VETO;signal rejected: volume: relVol 0.80 < 1.00
2026.04.13 12:15:00;DECISION;setup SHORT score=0.75 entry=4718.54 inv=4740.03 tgt=0.00 AWAIT-RETEST [CHoCH short lvl=4720.73|RelVol=1.01|Retest@4718.54|VPnode d=2.36|CycleTurn w=-0.47<-0.54]
2026.04.13 12:15:00;DECISION;TP capped 42.98536 -> 32.23902 (3.0xATR)
2026.04.13 12:15:00;ERROR;limit SELL 0.03 @ 4718.54 sl=4740.03 tp=4686.30 rc=10015 [WT|CHOCH|0.75|RL]
2026.04.13 12:30:00;DECISION;TP capped 49.52000 -> 37.14000 (3.0xATR)
2026.04.13 12:30:00;ORDER;filled SELL 0.03 lots sl=4740.03 tp=4678.13 [WT|CHOCH|0.75]
2026.04.13 12:30:00;RISK;sizing: vol_ratio=0.72 scalar=1.00 gap_buf=4.27214 eff_stop=29.03214
2026.04.13 12:30:00;ORDER;entry fill deal #101 SELL 0.03 @ 4715.27000
2026.04.13 14:45:00;VETO;signal rejected: volume: relVol 0.76 < 1.00
2026.04.13 16:15:00;VETO;signal rejected: volume: relVol 0.82 < 1.00
2026.04.13 16:49:53;RISK;deal closed pnl=-74.37 streak=1 lock=0
2026.04.14 01:45:00;VETO;signal rejected: volume: relVol 0.58 < 1.00
2026.04.14 03:45:00;VETO;signal rejected: volume: relVol 0.77 < 1.00
2026.04.14 08:15:00;VETO;signal rejected: volume: relVol 0.65 < 1.00
2026.04.14 10:00:00;DECISION;setup LONG score=0.85 entry=4778.77 inv=4758.00 tgt=0.00 AWAIT-RETEST [CHoCH long lvl=4777.03|RelVol=1.14|Retest@4778.77|VPnode d=3.57|VWAPside|CycleTurn w=-0.93<--0.99]
2026.04.14 10:30:00;VETO;outlier bar masked, z=3.9
2026.04.14 10:45:00;VETO;authorization denied: outside session window (server hour 10, window 12-20)
2026.04.14 11:00:00;VETO;authorization denied: outside session window (server hour 11, window 12-20)
2026.04.14 11:15:00;VETO;authorization denied: outside session window (server hour 11, window 12-20)
2026.04.14 11:30:00;VETO;authorization denied: outside session window (server hour 11, window 12-20)
2026.04.14 13:45:00;VETO;outlier bar masked, z=6.4
2026.04.14 16:45:00;VETO;outlier bar masked, z=4.0
2026.04.14 20:15:00;VETO;outlier bar masked, z=4.2
2026.04.15 01:00:02;VETO;signal rejected: score 0.40 < 0.55 [BOS long lvl=4843.38|RelVol=1.52|ADX=45]
2026.04.15 03:45:00;VETO;signal rejected: volume: relVol 0.62 < 1.00
2026.04.15 04:15:00;VETO;outlier bar masked, z=4.5
2026.04.15 04:30:00;VETO;outlier bar masked, z=5.9
2026.04.15 06:00:00;VETO;signal rejected: score 0.50 < 0.55 [CHoCH short lvl=4827.02|RelVol=1.30|Retest@4824.78|VPnear|VWAPside]
2026.04.15 08:45:00;DECISION;setup SHORT score=0.65 entry=4816.81 inv=4829.58 tgt=0.00 [BOS short lvl=4820.52|RelVol=1.23|VPnode d=1.39|VWAPside]
2026.04.15 08:45:00;VETO;authorization denied: outside session window (server hour 08, window 12-20)
2026.04.15 09:00:00;VETO;authorization denied: outside session window (server hour 09, window 12-20)
2026.04.15 09:15:00;VETO;authorization denied: outside session window (server hour 09, window 12-20)
2026.04.15 09:30:00;VETO;authorization denied: outside session window (server hour 09, window 12-20)
2026.04.15 10:00:00;DECISION;setup SHORT score=0.65 entry=4811.67 inv=4830.39 tgt=0.00 [BOS short lvl=4812.63|RelVol=1.06|VPnode d=1.93|VWAPside]
2026.04.15 10:00:00;VETO;authorization denied: outside session window (server hour 10, window 12-20)
2026.04.15 10:15:00;VETO;authorization denied: outside session window (server hour 10, window 12-20)
2026.04.15 10:30:00;VETO;authorization denied: outside session window (server hour 10, window 12-20)
2026.04.15 10:45:00;VETO;authorization denied: outside session window (server hour 10, window 12-20)
2026.04.15 12:15:00;VETO;outlier bar masked, z=5.4
2026.04.15 12:30:00;VETO;signal rejected: score 0.50 < 0.55 [BOS short lvl=4804.61|RelVol=1.23|VPnear|VWAPside]
2026.04.15 16:30:00;VETO;signal rejected: volume: relVol 0.82 < 1.00
2026.04.16 02:00:00;VETO;signal rejected: volume: relVol 0.63 < 1.00
2026.04.16 04:45:00;VETO;signal rejected: volume: relVol 0.81 < 1.00
2026.04.16 07:45:00;VETO;signal rejected: volume: relVol 0.49 < 1.00
2026.04.16 11:15:00;VETO;signal rejected: volume: relVol 1.00 < 1.00
2026.04.16 15:00:00;VETO;signal rejected: volume: relVol 0.68 < 1.00
2026.04.16 17:00:00;VETO;outlier bar masked, z=10.4
2026.04.16 17:15:00;VETO;outlier bar masked, z=4.7
2026.04.16 17:45:00;VETO;outlier bar masked, z=6.8
2026.04.16 18:15:00;VETO;outlier bar masked, z=5.5
2026.04.16 22:45:00;VETO;signal rejected: volume: relVol 0.81 < 1.00
2026.04.17 03:45:00;VETO;signal rejected: volume: relVol 0.61 < 1.00
2026.04.17 04:15:00;VETO;outlier bar masked, z=7.3
2026.04.17 04:30:00;VETO;outlier bar masked, z=3.9
2026.04.17 07:45:00;VETO;signal rejected: volume: relVol 0.44 < 1.00
2026.04.17 09:30:00;VETO;signal rejected: volume: relVol 0.80 < 1.00
2026.04.17 11:45:00;VETO;signal rejected: volume: relVol 0.69 < 1.00
2026.04.17 15:15:00;VETO;signal rejected: volume: relVol 0.68 < 1.00
2026.04.17 15:30:00;VETO;outlier bar masked, z=3.6
2026.04.17 16:00:00;VETO;outlier bar masked, z=6.9
2026.04.17 16:15:00;VETO;outlier bar masked, z=16.6
2026.04.17 16:30:00;VETO;outlier bar masked, z=9.1
2026.04.17 16:45:00;VETO;outlier bar masked, z=5.8
2026.04.17 17:00:00;VETO;outlier bar masked, z=7.5
2026.04.17 17:15:00;VETO;outlier bar masked, z=5.7
2026.04.20 01:15:00;VETO;outlier bar masked, z=29.0
2026.04.20 02:45:00;VETO;outlier bar masked, z=6.2
2026.04.20 04:15:00;VETO;outlier bar masked, z=4.1
2026.04.20 07:45:00;VETO;signal rejected: volume: relVol 0.62 < 1.00
2026.04.20 10:15:00;VETO;signal rejected: volume: relVol 0.96 < 1.00
2026.04.20 13:30:00;VETO;signal rejected: volume: relVol 0.65 < 1.00
2026.04.20 15:00:00;DECISION;setup LONG score=0.65 entry=4802.69 inv=4783.52 tgt=0.00 AWAIT-RETEST [BOS long lvl=4800.99|RelVol=1.06|Retest@4802.69|VPnode d=0.31|VWAPside]
2026.04.20 15:00:00;DECISION;TP capped 38.34643 -> 28.75982 (3.0xATR)
2026.04.20 15:00:00;ORDER;limit BUY 0.04 @ 4802.69 sl=4783.52 tp=4831.45 rc=10009 [WT|BOS|0.65|RL]
2026.04.20 15:00:00;RISK;sizing: vol_ratio=0.61 scalar=1.00 gap_buf=3.40643 eff_stop=22.57964
2026.04.20 15:35:16;ORDER;entry fill deal #103 BUY 0.04 @ 4802.52000
2026.04.20 16:29:24;MANAGE;#103 SL 4783.52 -> 4802.69 breakeven
2026.04.20 16:29:24;MANAGE;#103 partial close 0.02 of 0.04 lots
2026.04.20 16:29:24;RISK;deal closed pnl=38.00 streak=0 lock=0
2026.04.20 16:29:25;MANAGE;#103 SL 4802.69 -> 4802.79 trail
2026.04.20 16:29:25;MANAGE;#103 SL 4802.79 -> 4802.89 trail
2026.04.20 16:29:25;MANAGE;#103 SL 4802.89 -> 4802.99 trail
2026.04.20 16:29:26;MANAGE;#103 SL 4802.99 -> 4803.17 trail
2026.04.20 16:29:26;MANAGE;#103 SL 4803.17 -> 4803.28 trail
2026.04.20 16:29:26;MANAGE;#103 SL 4803.28 -> 4803.39 trail
2026.04.20 16:29:26;MANAGE;#103 SL 4803.39 -> 4803.52 trail
2026.04.20 16:29:26;MANAGE;#103 SL 4803.52 -> 4803.84 trail
2026.04.20 16:29:26;MANAGE;#103 SL 4803.84 -> 4804.06 trail
2026.04.20 16:29:26;MANAGE;#103 SL 4804.06 -> 4804.47 trail
2026.04.20 16:29:27;MANAGE;#103 SL 4804.47 -> 4804.65 trail
2026.04.20 16:29:27;MANAGE;#103 SL 4804.65 -> 4804.78 trail
2026.04.20 16:29:33;MANAGE;#103 SL 4804.78 -> 4804.98 trail
2026.04.20 16:29:33;MANAGE;#103 SL 4804.98 -> 4805.13 trail
2026.04.20 16:29:34;MANAGE;#103 SL 4805.13 -> 4805.29 trail
2026.04.20 16:29:35;MANAGE;#103 SL 4805.29 -> 4805.39 trail
2026.04.20 16:29:35;MANAGE;#103 SL 4805.39 -> 4805.52 trail
2026.04.20 16:29:36;MANAGE;#103 SL 4805.52 -> 4805.63 trail
2026.04.20 16:29:36;MANAGE;#103 SL 4805.63 -> 4805.74 trail
2026.04.20 16:29:36;MANAGE;#103 SL 4805.74 -> 4805.85 trail
2026.04.20 16:29:36;MANAGE;#103 SL 4805.85 -> 4805.98 trail
2026.04.20 16:29:36;MANAGE;#103 SL 4805.98 -> 4806.09 trail
2026.04.20 16:29:46;MANAGE;#103 SL 4806.09 -> 4806.25 trail
2026.04.20 16:29:49;MANAGE;#103 SL 4806.25 -> 4806.37 trail
2026.04.20 16:29:49;MANAGE;#103 SL 4806.37 -> 4806.49 trail
2026.04.20 16:29:50;MANAGE;#103 SL 4806.49 -> 4806.77 trail
2026.04.20 16:29:50;MANAGE;#103 SL 4806.77 -> 4806.90 trail
2026.04.20 16:29:50;MANAGE;#103 SL 4806.90 -> 4807.05 trail
2026.04.20 16:30:00;VETO;signal rejected: volume: relVol 0.88 < 1.00
2026.04.20 17:12:53;RISK;deal closed pnl=9.02 streak=0 lock=0
2026.04.21 01:15:00;VETO;signal rejected: volume: relVol 0.96 < 1.00
2026.04.21 05:00:00;VETO;signal rejected: volume: relVol 0.68 < 1.00
2026.04.21 14:00:00;VETO;signal rejected: volume: relVol 0.61 < 1.00
2026.04.21 15:45:00;VETO;outlier bar masked, z=4.7
2026.04.21 16:15:00;DECISION;setup SHORT score=0.70 entry=4773.40 inv=4797.95 tgt=0.00 AWAIT-RETEST [CHoCH short lvl=4775.39|RelVol=1.01|Retest@4773.40|VPnear|VWAPside|CycleTurn w=-0.12<-0.76]
2026.04.21 16:15:00;DECISION;TP capped 49.09643 -> 36.82232 (3.0xATR)
2026.04.21 16:15:00;ORDER;limit SELL 0.03 @ 4773.40 sl=4797.95 tp=4736.58 rc=10009 [WT|CHOCH|0.70|RL]
2026.04.21 16:15:00;RISK;sizing: vol_ratio=1.11 scalar=1.00 gap_buf=4.63000 eff_stop=29.17821
2026.04.21 16:28:15;ORDER;entry fill deal #106 SELL 0.03 @ 4773.42000
2026.04.21 16:45:00;VETO;outlier bar masked, z=4.2
2026.04.21 17:44:52;MANAGE;#106 SL 4797.95 -> 4773.28 breakeven
2026.04.21 17:44:52;MANAGE;#106 partial close 0.01 of 0.03 lots
2026.04.21 17:44:52;RISK;deal closed pnl=24.66 streak=0 lock=0
2026.04.21 17:44:53;MANAGE;#106 SL 4773.28 -> 4772.83 trail
2026.04.21 17:44:53;MANAGE;#106 SL 4772.83 -> 4772.46 trail
2026.04.21 17:44:53;MANAGE;#106 SL 4772.46 -> 4772.31 trail
2026.04.21 17:44:58;MANAGE;#106 SL 4772.31 -> 4772.16 trail
2026.04.21 17:44:58;MANAGE;#106 SL 4772.16 -> 4771.75 trail
2026.04.21 17:44:58;MANAGE;#106 SL 4771.75 -> 4771.62 trail
2026.04.21 17:44:58;MANAGE;#106 SL 4771.62 -> 4771.38 trail
2026.04.21 17:44:58;MANAGE;#106 SL 4771.38 -> 4771.01 trail
2026.04.21 17:44:58;MANAGE;#106 SL 4771.01 -> 4770.83 trail
2026.04.21 17:44:58;MANAGE;#106 SL 4770.83 -> 4770.68 trail
2026.04.21 17:44:58;MANAGE;#106 SL 4770.68 -> 4770.43 trail
2026.04.21 17:44:59;MANAGE;#106 SL 4770.43 -> 4770.31 trail
2026.04.21 17:44:59;MANAGE;#106 SL 4770.31 -> 4769.88 trail
2026.04.21 17:44:59;MANAGE;#106 SL 4769.88 -> 4769.75 trail
2026.04.21 17:44:59;MANAGE;#106 SL 4769.75 -> 4769.57 trail
2026.04.21 17:45:00;VETO;outlier bar masked, z=6.3
2026.04.21 17:46:36;MANAGE;#106 SL 4769.57 -> 4769.47 trail
2026.04.21 17:46:36;MANAGE;#106 SL 4769.47 -> 4769.36 trail
2026.04.21 17:46:36;MANAGE;#106 SL 4769.36 -> 4769.26 trail
2026.04.21 17:46:37;MANAGE;#106 SL 4769.26 -> 4769.16 trail
2026.04.21 17:46:37;MANAGE;#106 SL 4769.16 -> 4768.99 trail
2026.04.21 17:46:37;MANAGE;#106 SL 4768.99 -> 4768.88 trail
2026.04.21 17:46:37;MANAGE;#106 SL 4768.88 -> 4768.77 trail
2026.04.21 17:46:37;MANAGE;#106 SL 4768.77 -> 4768.49 trail
2026.04.21 17:46:38;MANAGE;#106 SL 4768.49 -> 4768.14 trail
2026.04.21 17:46:38;MANAGE;#106 SL 4768.14 -> 4767.93 trail
2026.04.21 17:46:38;MANAGE;#106 SL 4767.93 -> 4767.68 trail
2026.04.21 17:46:38;MANAGE;#106 SL 4767.68 -> 4767.58 trail
2026.04.21 17:46:38;MANAGE;#106 SL 4767.58 -> 4767.34 trail
2026.04.21 17:46:38;MANAGE;#106 SL 4767.34 -> 4767.19 trail
2026.04.21 17:46:38;MANAGE;#106 SL 4767.19 -> 4767.06 trail
2026.04.21 17:46:38;MANAGE;#106 SL 4767.06 -> 4766.96 trail
2026.04.21 17:46:39;MANAGE;#106 SL 4766.96 -> 4766.86 trail
2026.04.21 17:46:39;MANAGE;#106 SL 4766.86 -> 4766.37 trail
2026.04.21 17:46:39;MANAGE;#106 SL 4766.37 -> 4766.10 trail
2026.04.21 17:46:39;MANAGE;#106 SL 4766.10 -> 4765.93 trail
2026.04.21 17:46:39;MANAGE;#106 SL 4765.93 -> 4765.16 trail
2026.04.21 17:46:39;MANAGE;#106 SL 4765.16 -> 4764.90 trail
2026.04.21 17:46:39;RISK;deal closed pnl=74.04 streak=0 lock=0
2026.04.21 18:00:00;VETO;outlier bar masked, z=3.7
2026.04.21 18:15:00;VETO;outlier bar masked, z=4.0
2026.04.21 19:30:00;VETO;signal rejected: score 0.50 < 0.55 [BOS short lvl=4723.72|RelVol=1.32|VWAPside|ADX=35]
2026.04.21 20:45:00;VETO;outlier bar masked, z=4.4
2026.04.21 22:45:00;VETO;outlier bar masked, z=9.3
2026.04.22 01:15:00;VETO;outlier bar masked, z=9.1
2026.04.22 02:30:00;VETO;signal rejected: volume: relVol 0.76 < 1.00
2026.04.22 04:45:00;VETO;signal rejected: volume: relVol 0.82 < 1.00
2026.04.22 08:30:00;DECISION;setup LONG score=0.75 entry=4766.14 inv=4735.93 tgt=0.00 [BOS long lvl=4765.05|RelVol=1.44|VPnode d=4.34|VWAPside|ADX=32]
2026.04.22 08:30:00;VETO;authorization denied: outside session window (server hour 08, window 12-20)
2026.04.22 08:45:00;VETO;authorization denied: outside session window (server hour 08, window 12-20)
2026.04.22 09:00:00;VETO;authorization denied: outside session window (server hour 09, window 12-20)
2026.04.22 09:15:00;VETO;authorization denied: outside session window (server hour 09, window 12-20)
2026.04.22 13:15:00;DECISION;setup SHORT score=0.65 entry=4750.32 inv=4772.35 tgt=0.00 AWAIT-RETEST [CHoCH short lvl=4751.81|RelVol=1.13|Retest@4750.32|VPnode d=1.32|VWAPside]
2026.04.22 13:15:00;DECISION;TP capped 44.05107 -> 33.03830 (3.0xATR)
2026.04.22 13:15:00;ORDER;limit SELL 0.04 @ 4750.32 sl=4772.35 tp=4717.29 rc=10009 [WT|CHOCH|0.65|RL]
2026.04.22 13:15:00;RISK;sizing: vol_ratio=0.59 scalar=1.00 gap_buf=2.97107 eff_stop=24.99661
2026.04.22 13:16:04;ORDER;entry fill deal #109 SELL 0.04 @ 4750.33000
2026.04.22 16:00:00;VETO;signal rejected: volume: relVol 0.73 < 1.00
2026.04.22 17:45:00;VETO;signal rejected: score 0.50 < 0.55 [BOS short lvl=4736.28|RelVol=1.06|VPnear|VWAPside]
2026.04.22 18:35:44;MANAGE;#109 SL 4772.35 -> 4750.29 breakeven
2026.04.22 18:35:44;MANAGE;#109 partial close 0.02 of 0.04 lots
2026.04.22 18:35:44;RISK;deal closed pnl=44.14 streak=0 lock=0
2026.04.22 18:35:44;MANAGE;#109 SL 4750.29 -> 4748.35 trail
2026.04.22 18:36:28;MANAGE;#109 SL 4748.35 -> 4748.24 trail
2026.04.22 18:38:42;MANAGE;#109 SL 4748.24 -> 4748.02 trail
2026.04.22 18:38:42;MANAGE;#109 SL 4748.02 -> 4747.74 trail
2026.04.22 18:38:43;MANAGE;#109 SL 4747.74 -> 4747.59 trail
2026.04.22 18:38:46;MANAGE;#109 SL 4747.59 -> 4747.45 trail
2026.04.22 18:38:46;MANAGE;#109 SL 4747.45 -> 4747.22 trail
2026.04.22 18:40:32;MANAGE;#109 SL 4747.22 -> 4747.11 trail
2026.04.22 18:40:37;MANAGE;#109 SL 4747.11 -> 4746.97 trail
2026.04.22 18:40:38;MANAGE;#109 SL 4746.97 -> 4746.77 trail
2026.04.22 18:45:00;VETO;signal rejected: volume: relVol 0.81 < 1.00
2026.04.22 18:52:28;MANAGE;#109 SL 4746.77 -> 4746.65 trail
2026.04.22 18:52:36;MANAGE;#109 SL 4746.65 -> 4746.54 trail
2026.04.22 18:52:36;MANAGE;#109 SL 4746.54 -> 4746.43 trail
2026.04.22 18:52:42;MANAGE;#109 SL 4746.43 -> 4746.32 trail
2026.04.22 18:52:47;MANAGE;#109 SL 4746.32 -> 4746.21 trail
2026.04.22 18:52:47;MANAGE;#109 SL 4746.21 -> 4746.08 trail
2026.04.22 18:52:48;MANAGE;#109 SL 4746.08 -> 4745.93 trail
2026.04.22 19:19:39;MANAGE;#109 SL 4745.93 -> 4745.81 trail
2026.04.22 19:19:53;MANAGE;#109 SL 4745.81 -> 4745.59 trail
2026.04.22 19:19:54;MANAGE;#109 SL 4745.59 -> 4745.30 trail
2026.04.22 19:19:54;MANAGE;#109 SL 4745.30 -> 4745.15 trail
2026.04.22 19:19:54;MANAGE;#109 SL 4745.15 -> 4744.81 trail
2026.04.22 19:19:57;MANAGE;#109 SL 4744.81 -> 4744.68 trail
2026.04.22 19:24:47;MANAGE;#109 SL 4744.68 -> 4744.34 trail
2026.04.22 19:30:29;MANAGE;#109 SL 4744.34 -> 4744.23 trail
2026.04.22 19:30:30;MANAGE;#109 SL 4744.23 -> 4744.12 trail
2026.04.22 19:30:31;MANAGE;#109 SL 4744.12 -> 4743.96 trail
2026.04.22 21:22:07;MANAGE;#109 SL 4743.96 -> 4743.80 trail
2026.04.22 21:22:07;MANAGE;#109 SL 4743.80 -> 4743.62 trail
2026.04.22 21:22:07;MANAGE;#109 SL 4743.62 -> 4743.37 trail
2026.04.22 21:47:13;RISK;deal closed pnl=13.60 streak=0 lock=0
2026.04.22 22:00:00;VETO;signal rejected: volume: relVol 0.80 < 1.00
2026.04.23 01:45:00;VETO;signal rejected: volume: relVol 0.59 < 1.00
2026.04.23 03:15:00;VETO;outlier bar masked, z=8.9
2026.04.23 03:30:00;VETO;outlier bar masked, z=16.2
2026.04.23 04:00:00;DECISION;setup LONG score=0.85 entry=4747.34 inv=4723.41 tgt=0.00 AWAIT-RETEST [CHoCH long lvl=4745.71|RelVol=1.25|Retest@4747.34|VPnode d=0.74|VWAPside|CycleTurn w=-0.04<--0.85]
2026.04.23 04:15:00;VETO;authorization denied: outside session window (server hour 04, window 12-20)
2026.04.23 04:30:00;VETO;authorization denied: outside session window (server hour 04, window 12-20)
2026.04.23 04:45:00;VETO;authorization denied: outside session window (server hour 04, window 12-20)
2026.04.23 05:00:00;VETO;authorization denied: outside session window (server hour 05, window 12-20)
2026.04.23 05:15:00;VETO;outlier bar masked, z=4.0
2026.04.23 12:15:00;DECISION;setup SHORT score=0.85 entry=4700.79 inv=4724.78 tgt=0.00 AWAIT-RETEST [CHoCH short lvl=4702.99|RelVol=1.22|Retest@4700.79|VPnode d=2.79|VWAPside|CycleTurn w=0.54<-0.91]
2026.04.23 12:15:00;DECISION;TP capped 47.97643 -> 35.98232 (3.0xATR)
2026.04.23 12:15:00;ORDER;limit SELL 0.03 @ 4700.79 sl=4724.78 tp=4664.81 rc=10009 [WT|CHOCH|0.85|RL]
2026.04.23 12:15:00;RISK;sizing: vol_ratio=1.03 scalar=1.00 gap_buf=4.39643 eff_stop=28.38464
2026.04.23 12:18:18;ORDER;entry fill deal #112 SELL 0.03 @ 4700.81000
2026.04.23 15:00:44;RISK;deal closed pnl=-72.00 streak=1 lock=0
2026.04.23 15:15:00;VETO;outlier bar masked, z=3.6
2026.04.23 20:15:00;VETO;outlier bar masked, z=6.1
2026.04.23 20:30:00;VETO;signal rejected: score 0.50 < 0.55 [CHoCH short lvl=4715.56|RelVol=1.79|Retest@4713.03|VPnear|VWAPside]
2026.04.23 20:45:00;VETO;outlier bar masked, z=9.0
2026.04.23 21:00:00;VETO;outlier bar masked, z=10.6
2026.04.24 05:30:00;DECISION;setup SHORT score=0.85 entry=4683.65 inv=4711.05 tgt=0.00 [BOS short lvl=4686.73|RelVol=1.20|VPnode d=6.95|VWAPside|CycleTurn w=0.36<-0.85]
2026.04.24 05:30:00;VETO;authorization denied: outside session window (server hour 05, window 12-20)
2026.04.24 05:45:00;VETO;authorization denied: outside session window (server hour 05, window 12-20)
2026.04.24 06:00:00;VETO;authorization denied: outside session window (server hour 06, window 12-20)
2026.04.24 06:15:00;VETO;authorization denied: outside session window (server hour 06, window 12-20)
2026.04.24 07:30:00;VETO;signal rejected: score 0.50 < 0.55 [BOS short lvl=4668.67|RelVol=1.50|Retest@4666.12|VWAPside|ADX=52]
2026.04.24 11:00:00;VETO;signal rejected: volume: relVol 0.81 < 1.00
2026.04.24 13:45:00;DECISION;setup SHORT score=0.85 entry=4677.42 inv=4696.75 tgt=0.00 AWAIT-RETEST [CHoCH short lvl=4679.28|RelVol=1.06|Retest@4677.42|VPnode d=0.62|VWAPside|CycleTurn w=-0.72<-0.32]
2026.04.24 13:45:00;DECISION;TP capped 38.66179 -> 28.99634 (3.0xATR)
2026.04.24 13:45:00;ERROR;limit SELL 0.04 @ 4677.42 sl=4696.75 tp=4648.42 rc=10015 [WT|CHOCH|0.85|RL]
2026.04.24 14:00:00;DECISION;TP capped 37.94000 -> 28.45500 (3.0xATR)
2026.04.24 14:00:00;ORDER;filled SELL 0.04 lots sl=4696.75 tp=4649.32 [WT|CHOCH|0.85]
2026.04.24 14:00:00;RISK;sizing: vol_ratio=0.72 scalar=1.00 gap_buf=3.62250 eff_stop=22.59250
2026.04.24 14:00:00;ORDER;entry fill deal #114 SELL 0.04 @ 4677.78000
2026.04.24 14:07:26;RISK;deal closed pnl=-76.60 streak=1 lock=0
2026.04.24 14:15:00;VETO;outlier bar masked, z=4.9
2026.04.24 14:30:00;VETO;outlier bar masked, z=4.6
2026.04.24 17:15:00;VETO;outlier bar masked, z=6.3
2026.04.27 01:00:31;VETO;signal rejected: volume: relVol 0.92 < 1.00
2026.04.27 01:15:00;VETO;outlier bar masked, z=7.8
2026.04.27 02:30:00;VETO;signal rejected: volume: relVol 0.74 < 1.00
2026.04.27 05:45:00;VETO;signal rejected: volume: relVol 0.93 < 1.00
2026.04.27 12:00:00;VETO;signal rejected: volume: relVol 0.90 < 1.00
2026.04.27 15:45:00;VETO;signal rejected: volume: relVol 0.86 < 1.00
2026.04.28 01:15:00;VETO;signal rejected: volume: relVol 0.65 < 1.00
2026.04.28 02:45:00;VETO;signal rejected: volume: relVol 0.58 < 1.00
2026.04.28 05:00:00;VETO;outlier bar masked, z=4.5
2026.04.28 08:15:00;VETO;outlier bar masked, z=5.1
2026.04.28 08:45:00;VETO;outlier bar masked, z=10.9
2026.04.28 09:15:00;VETO;outlier bar masked, z=4.4
2026.04.28 09:30:00;VETO;outlier bar masked, z=4.5
2026.04.28 11:15:00;VETO;outlier bar masked, z=4.2
2026.04.28 12:45:00;DECISION;setup SHORT score=0.95 entry=4613.73 inv=4635.49 tgt=0.00 [BOS short lvl=4614.73|RelVol=1.29|VPnode d=5.73|VWAPside|CycleTurn w=0.95<-0.97|ADX=32]
2026.04.28 12:45:00;DECISION;TP capped 43.52000 -> 32.64000 (3.0xATR)
2026.04.28 12:45:00;ORDER;filled SELL 0.03 lots sl=4635.49 tp=4581.09 [WT|BOS|0.95]
2026.04.28 12:45:00;RISK;sizing: vol_ratio=1.44 scalar=1.00 gap_buf=5.39893 eff_stop=27.15893
2026.04.28 12:45:00;ORDER;entry fill deal #116 SELL 0.03 @ 4613.73000
2026.04.28 14:33:17;MANAGE;#116 SL 4635.49 -> 4613.69 breakeven
2026.04.28 14:33:17;MANAGE;#116 partial close 0.01 of 0.03 lots
2026.04.28 14:33:17;RISK;deal closed pnl=21.79 streak=0 lock=0
2026.04.28 14:33:17;MANAGE;#116 SL 4613.69 -> 4611.51 trail
2026.04.28 14:33:17;MANAGE;#116 SL 4611.51 -> 4611.35 trail
2026.04.28 14:33:45;MANAGE;#116 SL 4611.35 -> 4611.24 trail
2026.04.28 14:33:46;MANAGE;#116 SL 4611.24 -> 4611.13 trail
2026.04.28 14:33:57;MANAGE;#116 SL 4611.13 -> 4610.90 trail
2026.04.28 14:34:19;MANAGE;#116 SL 4610.90 -> 4610.72 trail
2026.04.28 14:34:21;MANAGE;#116 SL 4610.72 -> 4610.60 trail
2026.04.28 14:34:23;MANAGE;#116 SL 4610.60 -> 4610.25 trail
2026.04.28 14:34:26;MANAGE;#116 SL 4610.25 -> 4610.02 trail
2026.04.28 14:34:30;MANAGE;#116 SL 4610.02 -> 4609.77 trail
2026.04.28 14:34:30;MANAGE;#116 SL 4609.77 -> 4609.58 trail
2026.04.28 14:34:30;MANAGE;#116 SL 4609.58 -> 4609.25 trail
2026.04.28 14:34:34;MANAGE;#116 SL 4609.25 -> 4609.14 trail
2026.04.28 14:34:39;MANAGE;#116 SL 4609.14 -> 4608.87 trail
2026.04.28 14:34:39;MANAGE;#116 SL 4608.87 -> 4608.75 trail
2026.04.28 14:35:48;MANAGE;#116 SL 4608.75 -> 4608.59 trail
2026.04.28 14:35:49;MANAGE;#116 SL 4608.59 -> 4608.47 trail
2026.04.28 14:35:49;MANAGE;#116 SL 4608.47 -> 4608.33 trail
2026.04.28 14:35:51;MANAGE;#116 SL 4608.33 -> 4608.22 trail
2026.04.28 14:35:58;MANAGE;#116 SL 4608.22 -> 4608.08 trail
2026.04.28 14:35:58;MANAGE;#116 SL 4608.08 -> 4607.86 trail
2026.04.28 14:35:58;MANAGE;#116 SL 4607.86 -> 4607.72 trail
2026.04.28 14:36:06;MANAGE;#116 SL 4607.72 -> 4606.78 trail
2026.04.28 14:36:06;MANAGE;#116 SL 4606.78 -> 4605.52 trail
2026.04.28 14:36:06;MANAGE;#116 SL 4605.52 -> 4605.41 trail
2026.04.28 14:36:06;MANAGE;#116 SL 4605.41 -> 4605.22 trail
2026.04.28 14:36:06;MANAGE;#116 SL 4605.22 -> 4605.03 trail
2026.04.28 14:36:07;MANAGE;#116 SL 4605.03 -> 4604.80 trail
2026.04.28 14:36:08;MANAGE;#116 SL 4604.80 -> 4604.68 trail
2026.04.28 14:36:08;MANAGE;#116 SL 4604.68 -> 4604.53 trail
2026.04.28 14:36:13;MANAGE;#116 SL 4604.53 -> 4604.32 trail
2026.04.28 14:36:13;MANAGE;#116 SL 4604.32 -> 4603.95 trail
2026.04.28 14:36:13;MANAGE;#116 SL 4603.95 -> 4603.25 trail
2026.04.28 14:36:13;MANAGE;#116 SL 4603.25 -> 4603.06 trail
2026.04.28 14:36:16;MANAGE;#116 SL 4603.06 -> 4602.89 trail
2026.04.28 14:36:16;MANAGE;#116 SL 4602.89 -> 4602.75 trail
2026.04.28 14:36:18;MANAGE;#116 SL 4602.75 -> 4602.64 trail
2026.04.28 14:36:18;MANAGE;#116 SL 4602.64 -> 4602.50 trail
2026.04.28 14:36:18;MANAGE;#116 SL 4602.50 -> 4602.35 trail
2026.04.28 14:36:22;MANAGE;#116 SL 4602.35 -> 4602.18 trail
2026.04.28 14:36:22;MANAGE;#116 SL 4602.18 -> 4601.92 trail
2026.04.28 14:36:25;MANAGE;#116 SL 4601.92 -> 4601.70 trail
2026.04.28 14:36:25;MANAGE;#116 SL 4601.70 -> 4601.37 trail
2026.04.28 14:36:25;MANAGE;#116 SL 4601.37 -> 4601.18 trail
2026.04.28 14:36:25;MANAGE;#116 SL 4601.18 -> 4600.96 trail
2026.04.28 14:36:25;MANAGE;#116 SL 4600.96 -> 4600.81 trail
2026.04.28 14:36:25;RISK;deal closed pnl=65.54 streak=0 lock=0
2026.04.28 14:45:00;VETO;outlier bar masked, z=6.6
2026.04.28 15:15:00;VETO;outlier bar masked, z=5.0
2026.04.28 15:30:00;VETO;outlier bar masked, z=4.2
2026.04.29 03:15:00;DECISION;setup LONG score=0.85 entry=4601.28 inv=4557.29 tgt=0.00 AWAIT-RETEST [CHoCH long lvl=4599.93|RelVol=1.02|Retest@4601.28|VPnode d=3.08|VWAPside|CycleTurn w=-0.56<--0.96]
2026.04.29 03:30:00;VETO;authorization denied: outside session window (server hour 03, window 12-20)
2026.04.29 03:45:00;VETO;authorization denied: outside session window (server hour 03, window 12-20)
2026.04.29 04:00:00;VETO;authorization denied: outside session window (server hour 04, window 12-20)
2026.04.29 04:15:00;DECISION;setup SHORT score=0.85 entry=4586.05 inv=4610.25 tgt=0.00 AWAIT-RETEST [CHoCH short lvl=4587.90|RelVol=1.08|Retest@4586.05|VPnode d=2.15|VWAPside|CycleTurn w=0.96<-0.99]
2026.04.29 04:30:00;VETO;authorization denied: outside session window (server hour 04, window 12-20)
2026.04.29 04:45:00;VETO;authorization denied: outside session window (server hour 04, window 12-20)
2026.04.29 05:00:00;VETO;authorization denied: outside session window (server hour 05, window 12-20)
2026.04.29 05:15:00;VETO;authorization denied: outside session window (server hour 05, window 12-20)
2026.04.29 08:00:00;VETO;signal rejected: volume: relVol 0.88 < 1.00
2026.04.29 09:00:00;VETO;signal rejected: volume: relVol 0.85 < 1.00
2026.04.29 13:00:00;VETO;signal rejected: score 0.50 < 0.55 [BOS short lvl=4557.19|RelVol=1.39|VWAPside|ADX=41]
2026.04.29 16:00:00;DECISION;setup SHORT score=0.60 entry=4544.91 inv=4576.60 tgt=0.00 [BOS short lvl=4551.51|RelVol=1.04|VWAPside|CycleTurn w=-0.15<-0.83]
2026.04.29 16:00:00;DECISION;TP capped 63.38000 -> 47.53500 (3.0xATR)
2026.04.29 16:00:00;ORDER;filled SELL 0.02 lots sl=4576.60 tp=4497.37 [WT|BOS|0.60]
2026.04.29 16:00:00;RISK;sizing: vol_ratio=0.95 scalar=1.00 gap_buf=4.63393 eff_stop=36.32393
2026.04.29 16:00:00;ORDER;entry fill deal #119 SELL 0.02 @ 4544.91000
2026.04.29 16:45:00;VETO;outlier bar masked, z=4.4
2026.04.29 16:45:22;MANAGE;#119 SL 4576.60 -> 4544.79 breakeven
2026.04.29 16:45:22;MANAGE;#119 partial close 0.01 of 0.02 lots
2026.04.29 16:45:22;RISK;deal closed pnl=31.74 streak=0 lock=0
2026.04.29 16:45:22;MANAGE;#119 SL 4544.79 -> 4534.17 trail
2026.04.29 16:45:24;MANAGE;#119 SL 4534.17 -> 4533.92 trail
2026.04.29 16:45:24;MANAGE;#119 SL 4533.92 -> 4533.64 trail
2026.04.29 16:45:24;MANAGE;#119 SL 4533.64 -> 4533.51 trail
2026.04.29 16:45:25;MANAGE;#119 SL 4533.51 -> 4533.38 trail
2026.04.29 16:45:27;MANAGE;#119 SL 4533.38 -> 4533.27 trail
2026.04.29 16:45:34;MANAGE;#119 SL 4533.27 -> 4533.16 trail
2026.04.29 16:45:36;MANAGE;#119 SL 4533.16 -> 4533.03 trail
2026.04.29 16:45:37;MANAGE;#119 SL 4533.03 -> 4532.78 trail
2026.04.29 16:45:37;MANAGE;#119 SL 4532.78 -> 4532.33 trail
2026.04.29 16:45:37;MANAGE;#119 SL 4532.33 -> 4532.19 trail
2026.04.29 16:45:38;MANAGE;#119 SL 4532.19 -> 4532.06 trail
2026.04.29 16:45:41;MANAGE;#119 SL 4532.06 -> 4531.94 trail
2026.04.29 16:45:41;MANAGE;#119 SL 4531.94 -> 4531.78 trail
2026.04.29 16:45:43;MANAGE;#119 SL 4531.78 -> 4531.62 trail
2026.04.29 16:45:43;MANAGE;#119 SL 4531.62 -> 4531.51 trail
2026.04.29 16:45:44;MANAGE;#119 SL 4531.51 -> 4531.32 trail
2026.04.29 17:16:30;RISK;deal closed pnl=12.10 streak=0 lock=0
2026.04.29 21:15:00;VETO;outlier bar masked, z=5.5
2026.04.29 22:00:00;VETO;outlier bar masked, z=4.1
2026.04.30 02:00:00;VETO;signal rejected: volume: relVol 0.94 < 1.00
2026.04.30 10:00:00;DECISION;setup LONG score=0.60 entry=4584.76 inv=4540.93 tgt=0.00 AWAIT-RETEST [BOS long lvl=4582.57|RelVol=1.11|Retest@4584.76|VPnear|VWAPside|ADX=33]
2026.04.30 11:15:00;VETO;outlier bar masked, z=7.1
2026.04.30 13:30:00;DECISION;setup LONG score=0.60 entry=4632.07 inv=4540.93 tgt=0.00 AWAIT-RETEST [BOS long lvl=4629.56|RelVol=1.48|Retest@4632.07|VPnear|VWAPside|ADX=70]
2026.04.30 13:30:00;DECISION;TP capped 182.28714 -> 136.71536 (3.0xATR)
2026.04.30 13:30:00;ORDER;limit BUY 0.01 @ 4632.07 sl=4540.93 tp=4768.79 rc=10009 [WT|BOS|0.60|RL]
2026.04.30 13:30:00;RISK;sizing: vol_ratio=1.10 scalar=1.00 gap_buf=5.57857 eff_stop=96.72214
2026.04.30 14:27:48;ORDER;entry fill deal #122 BUY 0.01 @ 4632.05000
2026.04.30 15:45:00;DECISION;setup SHORT score=0.55 entry=4624.21 inv=4646.89 tgt=0.00 AWAIT-RETEST [CHoCH short lvl=4626.82|RelVol=1.42|Retest@4624.21|VPnode d=6.09]
2026.04.30 15:45:00;VETO;retest limit risk veto: max positions
2026.04.30 16:00:00;VETO;risk veto: max positions
2026.04.30 19:30:00;VETO;signal rejected: score 0.50 < 0.55 [BOS short lvl=4609.41|RelVol=1.13|VPnear|ADX=44]
2026.05.01 01:15:00;VETO;signal rejected: volume: relVol 0.58 < 1.00
2026.05.01 07:45:00;DECISION;setup SHORT score=0.70 entry=4614.90 inv=4631.93 tgt=0.00 AWAIT-RETEST [CHoCH short lvl=4616.54|RelVol=1.06|Retest@4614.90|VPnear|VWAPside|CycleTurn w=-0.63<--0.07]
2026.05.01 08:30:00;VETO;authorization denied: outside session window (server hour 08, window 12-20)
2026.05.01 08:45:00;VETO;authorization denied: outside session window (server hour 08, window 12-20)
2026.05.01 09:00:00;VETO;authorization denied: outside session window (server hour 09, window 12-20)
2026.05.01 09:15:00;VETO;authorization denied: outside session window (server hour 09, window 12-20)
2026.05.01 14:45:00;VETO;signal rejected: volume: relVol 0.70 < 1.00
2026.05.01 15:30:00;VETO;outlier bar masked, z=6.2
2026.05.01 16:45:00;VETO;outlier bar masked, z=5.7
2026.05.01 17:00:00;VETO;outlier bar masked, z=8.6
2026.05.01 17:15:00;VETO;outlier bar masked, z=10.1
2026.05.01 18:15:00;VETO;outlier bar masked, z=3.5
2026.05.01 21:15:00;VETO;signal rejected: volume: relVol 0.86 < 1.00
2026.05.01 22:00:00;RISK;FLATTEN ALL: Friday flatten: weekend gap protection
2026.05.01 22:00:00;RISK;deal closed pnl=-7.53 streak=1 lock=0
2026.05.01 22:45:00;VETO;signal rejected: volume: relVol 0.90 < 1.00
2026.05.04 01:15:00;VETO;outlier bar masked, z=4.7
2026.05.04 03:30:00;DECISION;setup SHORT score=0.65 entry=4605.87 inv=4629.40 tgt=0.00 [BOS short lvl=4611.30|RelVol=1.08|VPnode d=3.53|VWAPside]
2026.05.04 03:30:00;VETO;authorization denied: outside session window (server hour 03, window 12-20)
2026.05.04 03:45:00;VETO;authorization denied: outside session window (server hour 03, window 12-20)
2026.05.04 04:00:00;VETO;authorization denied: outside session window (server hour 04, window 12-20)
2026.05.04 04:15:00;VETO;outlier bar masked, z=3.8
2026.05.04 04:30:00;VETO;authorization denied: outside session window (server hour 04, window 12-20)
2026.05.04 08:30:00;DECISION;setup SHORT score=0.85 entry=4596.51 inv=4617.19 tgt=0.00 [BOS short lvl=4598.47|RelVol=1.53|VPnode d=4.09|VWAPside|CycleTurn w=0.67<-0.94]
2026.05.04 08:30:00;VETO;authorization denied: outside session window (server hour 08, window 12-20)
2026.05.04 08:45:00;VETO;authorization denied: outside session window (server hour 08, window 12-20)
2026.05.04 09:00:00;VETO;authorization denied: outside session window (server hour 09, window 12-20)
2026.05.04 09:15:00;VETO;authorization denied: outside session window (server hour 09, window 12-20)
2026.05.04 13:15:00;VETO;outlier bar masked, z=8.3
2026.05.04 18:15:00;DECISION;setup SHORT score=0.85 entry=4548.36 inv=4579.32 tgt=0.00 [BOS short lvl=4553.58|RelVol=1.02|VPnode d=6.04|VWAPside|CycleTurn w=0.98<-0.98]
2026.05.04 18:15:00;DECISION;TP capped 61.92000 -> 46.44000 (3.0xATR)
2026.05.04 18:15:00;ORDER;filled SELL 0.02 lots sl=4579.32 tp=4501.92 [WT|BOS|0.85]
2026.05.04 18:15:00;RISK;sizing: vol_ratio=1.19 scalar=1.00 gap_buf=6.61500 eff_stop=37.57500
2026.05.04 18:15:00;ORDER;entry fill deal #124 SELL 0.02 @ 4548.36000
2026.05.04 18:21:55;MANAGE;#124 SL 4579.32 -> 4548.32 breakeven
2026.05.04 18:21:55;MANAGE;#124 partial close 0.01 of 0.02 lots
2026.05.04 18:21:55;RISK;deal closed pnl=31.19 streak=0 lock=0
2026.05.04 18:21:55;MANAGE;#124 SL 4548.32 -> 4543.72 trail
2026.05.04 18:21:55;MANAGE;#124 SL 4543.72 -> 4543.16 trail
2026.05.04 18:21:55;MANAGE;#124 SL 4543.16 -> 4542.88 trail
2026.05.04 18:21:55;MANAGE;#124 SL 4542.88 -> 4542.63 trail
2026.05.04 18:21:56;MANAGE;#124 SL 4542.63 -> 4542.36 trail
2026.05.04 18:21:56;MANAGE;#124 SL 4542.36 -> 4542.25 trail
2026.05.04 18:21:57;MANAGE;#124 SL 4542.25 -> 4542.12 trail
2026.05.04 18:21:57;MANAGE;#124 SL 4542.12 -> 4541.98 trail
2026.05.04 18:22:00;MANAGE;#124 SL 4541.98 -> 4541.75 trail
2026.05.04 18:22:01;MANAGE;#124 SL 4541.75 -> 4541.31 trail
2026.05.04 18:22:13;MANAGE;#124 SL 4541.31 -> 4541.17 trail
2026.05.04 18:23:17;MANAGE;#124 SL 4541.17 -> 4540.98 trail
2026.05.04 18:30:00;VETO;outlier bar masked, z=6.6
2026.05.04 18:38:05;RISK;deal closed pnl=7.36 streak=0 lock=0
2026.05.05 03:15:00;VETO;signal rejected: volume: relVol 0.80 < 1.00
2026.05.05 10:15:00;VETO;signal rejected: volume: relVol 0.86 < 1.00
2026.05.05 12:00:00;DECISION;setup LONG score=0.65 entry=4558.54 inv=4543.32 tgt=0.00 [BOS long lvl=4558.31|RelVol=1.05|VPnode d=4.74|VWAPside]
2026.05.05 12:00:00;DECISION;TP capped 30.78000 -> 25.78071 (3.0xATR)
2026.05.05 12:00:00;ORDER;filled BUY 0.05 lots sl=4543.32 tp=4584.49 [WT|BOS|0.65]
2026.05.05 12:00:00;RISK;sizing: vol_ratio=0.89 scalar=1.00 gap_buf=4.29679 eff_stop=19.68679
2026.05.05 12:00:00;ORDER;entry fill deal #127 BUY 0.05 @ 4558.71000
2026.05.05 13:51:04;RISK;deal closed pnl=-77.05 streak=1 lock=0
2026.05.05 14:45:00;VETO;signal rejected: volume: relVol 0.99 < 1.00
2026.05.05 19:30:00;VETO;signal rejected: volume: relVol 0.85 < 1.00
2026.05.06 01:15:00;VETO;signal rejected: volume: relVol 0.55 < 1.00
2026.05.06 02:00:00;VETO;outlier bar masked, z=9.0
2026.05.06 02:15:00;VETO;outlier bar masked, z=5.4
2026.05.06 12:00:00;VETO;outlier bar masked, z=6.3
2026.05.06 12:15:00;VETO;outlier bar masked, z=4.0
2026.05.06 13:45:00;VETO;signal rejected: score 0.50 < 0.55 [BOS long lvl=4708.52|RelVol=1.46|VWAPside|ADX=47]
2026.05.06 15:15:00;VETO;outlier bar masked, z=4.7
2026.05.06 15:30:00;VETO;outlier bar masked, z=6.6
2026.05.06 16:15:00;VETO;outlier bar masked, z=5.2
2026.05.07 04:15:00;VETO;outlier bar masked, z=4.3
2026.05.07 07:00:00;VETO;signal rejected: volume: relVol 0.96 < 1.00
2026.05.07 09:30:00;DECISION;setup LONG score=0.85 entry=4711.50 inv=4692.40 tgt=0.00 AWAIT-RETEST [CHoCH long lvl=4709.98|RelVol=1.15|Retest@4711.50|VPnode d=4.10|VWAPside|CycleTurn w=0.16<--0.79]
2026.05.07 09:45:00;VETO;outlier bar masked, z=8.1
2026.05.07 15:00:00;DECISION;setup LONG score=0.70 entry=4742.78 inv=4721.81 tgt=0.00 [BOS long lvl=4739.78|RelVol=1.06|VPnear|VWAPside|CycleTurn w=-0.99<--1.00]
2026.05.07 15:00:00;DECISION;TP capped 42.28000 -> 31.71000 (3.0xATR)
2026.05.07 15:00:00;ORDER;filled BUY 0.04 lots sl=4721.81 tp=4774.66 [WT|BOS|0.70]
2026.05.07 15:00:00;RISK;sizing: vol_ratio=0.89 scalar=1.00 gap_buf=4.33536 eff_stop=25.47536
2026.05.07 15:00:00;ORDER;entry fill deal #129 BUY 0.04 @ 4742.95000
2026.05.07 18:00:15;MANAGE;#129 SL 4721.81 -> 4742.99 breakeven
2026.05.07 18:00:15;MANAGE;#129 partial close 0.02 of 0.04 lots
2026.05.07 18:00:15;RISK;deal closed pnl=42.34 streak=0 lock=0
2026.05.07 18:26:37;RISK;deal closed pnl=0.08 streak=0 lock=0
2026.05.07 19:00:00;DECISION;setup SHORT score=0.85 entry=4727.84 inv=4764.81 tgt=0.00 AWAIT-RETEST [CHoCH short lvl=4731.21|RelVol=1.13|Retest@4727.84|VPnode d=7.86|VWAPside|CycleTurn w=-0.66<-0.21]
2026.05.07 19:00:00;DECISION;TP capped 73.94857 -> 55.46143 (3.0xATR)
2026.05.07 19:00:00;ERROR;limit SELL 0.02 @ 4727.84 sl=4764.81 tp=4672.37 rc=10015 [WT|CHOCH|0.85|RL]
2026.05.07 19:15:00;DECISION;TP capped 98.84000 -> 74.13000 (3.0xATR)
2026.05.07 19:15:00;ORDER;filled SELL 0.01 lots sl=4764.81 tp=4641.26 [WT|CHOCH|0.85]
2026.05.07 19:15:00;RISK;sizing: vol_ratio=1.42 scalar=1.00 gap_buf=6.81750 eff_stop=56.23750
2026.05.07 19:15:00;ORDER;entry fill deal #132 SELL 0.01 @ 4715.39000
2026.05.07 20:30:00;VETO;outlier bar masked, z=6.1
2026.05.08 01:15:00;VETO;outlier bar masked, z=3.9
2026.05.08 04:15:00;DECISION;setup LONG score=0.65 entry=4711.92 inv=4693.94 tgt=0.00 AWAIT-RETEST [CHoCH long lvl=4709.61|RelVol=1.03|Retest@4711.92|VPnode d=3.92|VWAPside]
2026.05.08 04:30:00;VETO;authorization denied: outside session window (server hour 04, window 12-20)
2026.05.08 04:45:00;VETO;authorization denied: outside session window (server hour 04, window 12-20)
2026.05.08 05:00:00;VETO;authorization denied: outside session window (server hour 05, window 12-20)
2026.05.08 05:15:00;VETO;authorization denied: outside session window (server hour 05, window 12-20)
2026.05.08 09:30:00;DECISION;setup LONG score=0.65 entry=4733.65 inv=4709.10 tgt=0.00 [BOS long lvl=4731.10|RelVol=1.38|VPnode d=3.45|VWAPside]
2026.05.08 09:30:00;VETO;authorization denied: outside session window (server hour 09, window 12-20)
2026.05.08 09:45:00;VETO;authorization denied: outside session window (server hour 09, window 12-20)
2026.05.08 10:00:00;VETO;authorization denied: outside session window (server hour 10, window 12-20)
2026.05.08 10:15:00;VETO;authorization denied: outside session window (server hour 10, window 12-20)
2026.05.08 10:30:00;DECISION;setup SHORT score=0.85 entry=4706.57 inv=4734.71 tgt=0.00 AWAIT-RETEST [CHoCH short lvl=4709.10|RelVol=1.48|Retest@4706.57|VPnode d=1.03|VWAPside|CycleTurn w=0.66<-0.97]
2026.05.08 10:45:00;VETO;authorization denied: outside session window (server hour 10, window 12-20)
2026.05.08 11:00:00;VETO;authorization denied: outside session window (server hour 11, window 12-20)
2026.05.08 11:15:00;VETO;authorization denied: outside session window (server hour 11, window 12-20)
2026.05.08 11:30:00;VETO;authorization denied: outside session window (server hour 11, window 12-20)
2026.05.08 13:45:00;VETO;signal rejected: volume: relVol 0.88 < 1.00
2026.05.08 15:15:00;DECISION;setup SHORT score=0.85 entry=4705.53 inv=4727.89 tgt=0.00 AWAIT-RETEST [CHoCH short lvl=4707.44|RelVol=1.09|Retest@4705.53|VPnode d=2.67|VWAPside|CycleTurn w=0.60<-0.98]
2026.05.08 15:15:00;VETO;retest limit risk veto: max positions
2026.05.08 15:30:00;DECISION;TP capped 35.62000 -> 26.71500 (3.0xATR)
2026.05.08 15:30:00;VETO;risk veto: max positions
2026.05.08 15:45:00;VETO;outlier bar masked, z=5.6
2026.05.08 16:45:00;DECISION;setup LONG score=0.85 entry=4730.27 inv=4702.79 tgt=0.00 AWAIT-RETEST [CHoCH long lvl=4727.89|RelVol=1.10|Retest@4730.27|VPnode d=3.07|VWAPside|CycleTurn w=0.79<-0.06]
2026.05.08 16:45:00;VETO;retest limit risk veto: max positions
2026.05.08 17:15:00;VETO;outlier bar masked, z=5.9
2026.05.08 17:30:00;VETO;risk veto: max positions
2026.05.08 22:00:00;RISK;FLATTEN ALL: Friday flatten: weekend gap protection
2026.05.08 22:00:00;RISK;deal closed pnl=-6.11 streak=1 lock=0
2026.05.11 01:15:00;VETO;outlier bar masked, z=11.2
2026.05.11 04:00:00;VETO;outlier bar masked, z=4.3
2026.05.11 04:15:00;VETO;outlier bar masked, z=4.8
2026.05.11 04:30:00;DECISION;setup LONG score=0.85 entry=4700.55 inv=4678.03 tgt=0.00 AWAIT-RETEST [CHoCH long lvl=4698.54|RelVol=1.24|Retest@4700.55|VPnode d=2.55|VWAPside|CycleTurn w=-0.84<--0.98]
2026.05.11 04:45:00;VETO;authorization denied: outside session window (server hour 04, window 12-20)
2026.05.11 05:00:00;VETO;authorization denied: outside session window (server hour 05, window 12-20)
2026.05.11 05:15:00;VETO;authorization denied: outside session window (server hour 05, window 12-20)
2026.05.11 05:30:00;VETO;authorization denied: outside session window (server hour 05, window 12-20)
2026.05.11 07:30:00;DECISION;setup SHORT score=0.70 entry=4672.28 inv=4700.29 tgt=0.00 AWAIT-RETEST [CHoCH short lvl=4675.09|RelVol=1.23|Retest@4672.28|VPnear|VWAPside|CycleTurn w=0.27<-0.91]
2026.05.11 07:45:00;VETO;authorization denied: outside session window (server hour 07, window 12-20)
2026.05.11 08:00:00;VETO;authorization denied: outside session window (server hour 08, window 12-20)
2026.05.11 08:15:00;VETO;authorization denied: outside session window (server hour 08, window 12-20)
2026.05.11 08:30:00;VETO;authorization denied: outside session window (server hour 08, window 12-20)
2026.05.11 08:45:00;VETO;signal rejected: score 0.50 < 0.55 [BOS short lvl=4668.45|RelVol=1.18|VWAPside|ADX=37]
2026.05.11 12:30:00;VETO;signal rejected: volume: relVol 0.95 < 1.00
2026.05.11 15:30:00;VETO;outlier bar masked, z=4.9
2026.05.11 16:15:00;VETO;outlier bar masked, z=3.7
2026.05.11 19:45:00;VETO;signal rejected: volume: relVol 0.95 < 1.00
2026.05.12 01:00:02;VETO;signal rejected: volume: relVol 0.72 < 1.00
2026.05.12 07:00:00;DECISION;setup SHORT score=0.65 entry=4719.88 inv=4773.42 tgt=0.00 AWAIT-RETEST [CHoCH short lvl=4722.27|RelVol=1.28|Retest@4719.88|VPnode d=0.88|VWAPside]
2026.05.12 07:15:00;VETO;authorization denied: outside session window (server hour 07, window 12-20)
2026.05.12 07:30:00;VETO;authorization denied: outside session window (server hour 07, window 12-20)
2026.05.12 07:45:00;VETO;authorization denied: outside session window (server hour 07, window 12-20)
2026.05.12 08:00:00;DECISION;setup SHORT score=0.75 entry=4714.20 inv=4773.42 tgt=0.00 [BOS short lvl=4718.13|RelVol=1.52|VPnode d=4.00|VWAPside|ADX=32]
2026.05.12 08:00:00;VETO;authorization denied: outside session window (server hour 08, window 12-20)
2026.05.12 08:15:00;VETO;authorization denied: outside session window (server hour 08, window 12-20)
2026.05.12 08:30:00;VETO;authorization denied: outside session window (server hour 08, window 12-20)
2026.05.12 08:45:00;VETO;authorization denied: outside session window (server hour 08, window 12-20)
2026.05.12 09:15:00;DECISION;setup SHORT score=0.75 entry=4705.16 inv=4730.40 tgt=0.00 [BOS short lvl=4708.63|RelVol=1.31|VPnode d=1.76|VWAPside|ADX=31]
2026.05.12 09:15:00;VETO;authorization denied: outside session window (server hour 09, window 12-20)
2026.05.12 09:30:00;VETO;authorization denied: outside session window (server hour 09, window 12-20)
2026.05.12 09:45:00;VETO;authorization denied: outside session window (server hour 09, window 12-20)
2026.05.12 10:00:00;VETO;authorization denied: outside session window (server hour 10, window 12-20)
2026.05.12 15:45:00;VETO;outlier bar masked, z=3.5
2026.05.12 16:15:00;VETO;outlier bar masked, z=4.0
2026.05.12 17:00:00;VETO;outlier bar masked, z=4.4
2026.05.12 18:30:00;VETO;outlier bar masked, z=4.6
2026.05.13 01:00:04;VETO;signal rejected: score 0.30 < 0.55 [CHoCH long lvl=4711.85|RelVol=1.01|Retest@4713.56]
2026.05.13 09:15:00;VETO;signal rejected: volume: relVol 0.97 < 1.00
2026.05.13 11:45:00;VETO;signal rejected: volume: relVol 0.76 < 1.00
2026.05.13 15:30:00;DECISION;setup SHORT score=0.85 entry=4689.61 inv=4710.45 tgt=0.00 AWAIT-RETEST [BOS short lvl=4691.54|RelVol=1.24|Retest@4689.61|VPnode d=1.59|VWAPside|CycleTurn w=0.42<-0.97]
2026.05.13 15:30:00;DECISION;TP capped 41.68536 -> 31.26402 (3.0xATR)
2026.05.13 15:30:00;ORDER;limit SELL 0.04 @ 4689.61 sl=4710.45 tp=4658.34 rc=10009 [WT|BOS|0.85|RL]
2026.05.13 15:30:00;RISK;sizing: vol_ratio=0.87 scalar=1.00 gap_buf=3.86536 eff_stop=24.70804
2026.05.13 16:01:08;ORDER;entry fill deal #134 SELL 0.04 @ 4689.70000
2026.05.13 16:45:00;VETO;outlier bar masked, z=3.7
2026.05.13 18:45:00;VETO;signal rejected: volume: relVol 0.95 < 1.00
2026.05.14 04:00:00;DECISION;setup LONG score=0.65 entry=4705.00 inv=4689.46 tgt=0.00 [BOS long lvl=4702.11|RelVol=1.01|VPnode d=2.20|VWAPside]
2026.05.14 04:00:00;VETO;authorization denied: outside session window (server hour 04, window 12-20)
2026.05.14 04:15:00;VETO;outlier bar masked, z=5.4
2026.05.14 04:30:00;VETO;authorization denied: outside session window (server hour 04, window 12-20)
2026.05.14 06:15:00;DECISION;setup SHORT score=0.65 entry=4682.94 inv=4707.01 tgt=0.00 [BOS short lvl=4683.55|RelVol=1.32|VPnode d=2.26|VWAPside]
2026.05.14 06:15:00;VETO;authorization denied: outside session window (server hour 06, window 12-20)
2026.05.14 06:30:00;VETO;authorization denied: outside session window (server hour 06, window 12-20)
2026.05.14 06:45:00;VETO;authorization denied: outside session window (server hour 06, window 12-20)
2026.05.14 07:00:00;VETO;authorization denied: outside session window (server hour 07, window 12-20)
2026.05.14 07:00:38;MANAGE;#134 SL 4710.45 -> 4689.66 breakeven
2026.05.14 07:00:38;MANAGE;#134 partial close 0.02 of 0.04 lots
2026.05.14 07:00:38;RISK;deal closed pnl=41.50 streak=0 lock=0
2026.05.14 07:24:24;RISK;deal closed pnl=-0.81 streak=1 lock=0
2026.05.14 07:30:00;VETO;outlier bar masked, z=5.8
2026.05.14 11:00:00;VETO;outlier bar masked, z=3.5
2026.05.14 16:30:00;VETO;signal rejected: volume: relVol 0.99 < 1.00
2026.05.14 16:45:00;VETO;outlier bar masked, z=4.4
2026.05.14 19:45:00;VETO;signal rejected: volume: relVol 0.94 < 1.00
2026.05.14 21:45:00;VETO;signal rejected: volume: relVol 0.65 < 1.00
2026.05.15 03:30:00;VETO;outlier bar masked, z=5.1
2026.05.15 04:15:00;VETO;outlier bar masked, z=3.8
2026.05.15 07:45:00;DECISION;setup SHORT score=0.75 entry=4605.73 inv=4623.44 tgt=0.00 [BOS short lvl=4607.10|RelVol=1.25|VPnode d=2.67|VWAPside|ADX=41]
2026.05.15 07:45:00;VETO;authorization denied: outside session window (server hour 07, window 12-20)
2026.05.15 08:00:00;VETO;authorization denied: outside session window (server hour 08, window 12-20)
2026.05.15 08:15:00;VETO;authorization denied: outside session window (server hour 08, window 12-20)
2026.05.15 08:30:00;VETO;authorization denied: outside session window (server hour 08, window 12-20)
2026.05.15 08:45:00;VETO;outlier bar masked, z=4.2
2026.05.15 12:00:00;DECISION;setup SHORT score=0.80 entry=4554.42 inv=4588.63 tgt=0.00 [BOS short lvl=4556.34|RelVol=1.35|VPnear|VWAPside|CycleTurn w=0.63<-0.86|ADX=49]
2026.05.15 12:00:00;DECISION;TP capped 68.42000 -> 51.31500 (3.0xATR)
2026.05.15 12:00:00;ORDER;filled SELL 0.02 lots sl=4588.63 tp=4503.10 [WT|BOS|0.80]
2026.05.15 12:00:00;RISK;sizing: vol_ratio=1.31 scalar=1.00 gap_buf=6.73893 eff_stop=40.94893
2026.05.15 12:00:00;ORDER;entry fill deal #137 SELL 0.02 @ 4554.42000
2026.05.15 16:44:59;MANAGE;#137 SL 4588.63 -> 4554.25 breakeven
2026.05.15 16:44:59;MANAGE;#137 partial close 0.01 of 0.02 lots
2026.05.15 16:44:59;RISK;deal closed pnl=34.22 streak=0 lock=0
2026.05.15 16:44:59;MANAGE;#137 SL 4554.25 -> 4544.86 trail
2026.05.15 16:45:00;VETO;outlier bar masked, z=4.2
2026.05.15 16:45:14;MANAGE;#137 SL 4544.86 -> 4544.50 trail
2026.05.15 16:45:14;MANAGE;#137 SL 4544.50 -> 4544.38 trail
2026.05.15 16:45:14;MANAGE;#137 SL 4544.38 -> 4544.21 trail
2026.05.15 16:45:14;MANAGE;#137 SL 4544.21 -> 4544.01 trail
2026.05.15 16:45:14;MANAGE;#137 SL 4544.01 -> 4543.85 trail
2026.05.15 16:45:14;MANAGE;#137 SL 4543.85 -> 4543.65 trail
2026.05.15 16:45:16;MANAGE;#137 SL 4543.65 -> 4543.51 trail
2026.05.15 16:45:16;MANAGE;#137 SL 4543.51 -> 4543.40 trail
2026.05.15 16:45:16;MANAGE;#137 SL 4543.40 -> 4543.22 trail
2026.05.15 16:45:17;MANAGE;#137 SL 4543.22 -> 4542.98 trail
2026.05.15 16:45:17;MANAGE;#137 SL 4542.98 -> 4542.81 trail
2026.05.15 16:45:17;MANAGE;#137 SL 4542.81 -> 4542.48 trail
2026.05.15 16:45:17;MANAGE;#137 SL 4542.48 -> 4542.22 trail
2026.05.15 16:45:23;MANAGE;#137 SL 4542.22 -> 4542.08 trail
2026.05.15 16:45:25;MANAGE;#137 SL 4542.08 -> 4541.97 trail
2026.05.15 16:45:25;MANAGE;#137 SL 4541.97 -> 4541.85 trail
2026.05.15 16:45:26;MANAGE;#137 SL 4541.85 -> 4541.71 trail
2026.05.15 16:45:32;MANAGE;#137 SL 4541.71 -> 4541.01 trail
2026.05.15 16:45:33;MANAGE;#137 SL 4541.01 -> 4540.79 trail
2026.05.15 16:45:33;MANAGE;#137 SL 4540.79 -> 4540.60 trail
2026.05.15 16:45:41;MANAGE;#137 SL 4540.60 -> 4540.32 trail
2026.05.15 16:45:41;MANAGE;#137 SL 4540.32 -> 4540.21 trail
2026.05.15 16:45:42;MANAGE;#137 SL 4540.21 -> 4539.97 trail
2026.05.15 16:45:43;MANAGE;#137 SL 4539.97 -> 4539.78 trail
2026.05.15 16:45:47;MANAGE;#137 SL 4539.78 -> 4539.01 trail
2026.05.15 16:45:47;MANAGE;#137 SL 4539.01 -> 4538.47 trail
2026.05.15 16:55:58;RISK;deal closed pnl=15.95 streak=0 lock=0
2026.05.15 17:00:00;VETO;outlier bar masked, z=4.1
2026.05.15 18:00:00;DECISION;setup LONG score=0.55 entry=4561.07 inv=4511.76 tgt=0.00 AWAIT-RETEST [CHoCH long lvl=4557.61|RelVol=1.22|Retest@4561.07|VPnode d=7.97]
2026.05.15 18:00:00;DECISION;TP capped 98.61643 -> 73.96232 (3.0xATR)
2026.05.15 18:00:00;ORDER;limit BUY 0.01 @ 4561.07 sl=4511.76 tp=4635.03 rc=10009 [WT|CHOCH|0.55|RL]
2026.05.15 18:00:00;RISK;sizing: vol_ratio=1.41 scalar=1.00 gap_buf=8.43036 eff_stop=57.73857
2026.05.15 18:00:24;ORDER;entry fill deal #140 BUY 0.01 @ 4561.07000
2026.05.15 22:00:00;RISK;FLATTEN ALL: Friday flatten: weekend gap protection
2026.05.15 22:00:00;RISK;deal closed pnl=-1.16 streak=1 lock=0
2026.05.18 01:15:00;VETO;outlier bar masked, z=8.0
2026.05.18 03:45:00;VETO;outlier bar masked, z=5.9
2026.05.18 04:00:00;VETO;outlier bar masked, z=5.1
2026.05.18 14:45:00;VETO;outlier bar masked, z=5.7
2026.05.18 15:45:00;VETO;signal rejected: score 0.40 < 0.55 [BOS long lvl=4567.20|RelVol=1.18|VWAPside]
2026.05.18 22:15:00;VETO;outlier bar masked, z=5.2
2026.05.19 01:15:00;VETO;signal rejected: volume: relVol 0.53 < 1.00
2026.05.19 07:15:00;DECISION;setup SHORT score=0.65 entry=4541.03 inv=4589.24 tgt=0.00 AWAIT-RETEST [CHoCH short lvl=4543.59|RelVol=1.34|Retest@4541.03|VPnode d=6.97|VWAPside]
2026.05.19 07:30:00;VETO;authorization denied: outside session window (server hour 07, window 12-20)
2026.05.19 07:45:00;VETO;authorization denied: outside session window (server hour 07, window 12-20)
2026.05.19 08:00:00;VETO;authorization denied: outside session window (server hour 08, window 12-20)
2026.05.19 08:15:00;VETO;authorization denied: outside session window (server hour 08, window 12-20)
2026.05.19 09:30:00;DECISION;setup LONG score=0.60 entry=4548.69 inv=4530.89 tgt=0.00 AWAIT-RETEST [CHoCH long lvl=4546.61|RelVol=1.34|Retest@4548.69|VPnear|CycleTurn w=-0.82<--0.97]
2026.05.19 09:45:00;VETO;authorization denied: outside session window (server hour 09, window 12-20)
2026.05.19 10:00:00;VETO;authorization denied: outside session window (server hour 10, window 12-20)
2026.05.19 10:15:00;VETO;authorization denied: outside session window (server hour 10, window 12-20)
2026.05.19 10:30:00;VETO;authorization denied: outside session window (server hour 10, window 12-20)
2026.05.19 13:45:00;DECISION;setup SHORT score=0.85 entry=4533.98 inv=4559.28 tgt=0.00 AWAIT-RETEST [CHoCH short lvl=4536.40|RelVol=1.19|Retest@4533.98|VPnode d=2.02|VWAPside|CycleTurn w=-0.77<--0.74]
2026.05.19 13:45:00;DECISION;TP capped 50.59929 -> 37.94946 (3.0xATR)
2026.05.19 13:45:00;ORDER;limit SELL 0.03 @ 4533.98 sl=4559.28 tp=4496.03 rc=10009 [WT|CHOCH|0.85|RL]
2026.05.19 13:45:00;RISK;sizing: vol_ratio=0.93 scalar=1.00 gap_buf=4.83929 eff_stop=30.13893
2026.05.19 13:47:39;ORDER;entry fill deal #142 SELL 0.03 @ 4533.99000
2026.05.19 16:15:00;DECISION;setup SHORT score=0.70 entry=4524.49 inv=4548.00 tgt=0.00 [BOS short lvl=4527.40|RelVol=1.08|VPnear|VWAPside|CycleTurn w=0.83<-0.99]
2026.05.19 16:15:00;DECISION;TP capped 47.02000 -> 35.26500 (3.0xATR)
2026.05.19 16:15:00;VETO;risk veto: max positions
2026.05.19 16:23:28;MANAGE;#142 SL 4559.28 -> 4533.95 breakeven
2026.05.19 16:23:28;MANAGE;#142 partial close 0.01 of 0.03 lots
2026.05.19 16:23:28;RISK;deal closed pnl=25.79 streak=0 lock=0
2026.05.19 16:23:28;MANAGE;#142 SL 4533.95 -> 4530.05 trail
2026.05.19 16:23:35;MANAGE;#142 SL 4530.05 -> 4529.91 trail
2026.05.19 16:23:35;MANAGE;#142 SL 4529.91 -> 4529.66 trail
2026.05.19 16:23:35;MANAGE;#142 SL 4529.66 -> 4529.48 trail
2026.05.19 16:23:35;MANAGE;#142 SL 4529.48 -> 4529.07 trail
2026.05.19 16:23:35;MANAGE;#142 SL 4529.07 -> 4528.94 trail
2026.05.19 16:23:35;MANAGE;#142 SL 4528.94 -> 4528.73 trail
2026.05.19 16:23:36;MANAGE;#142 SL 4528.73 -> 4528.62 trail
2026.05.19 16:23:36;MANAGE;#142 SL 4528.62 -> 4528.49 trail
2026.05.19 16:23:36;MANAGE;#142 SL 4528.49 -> 4528.39 trail
2026.05.19 16:23:41;MANAGE;#142 SL 4528.39 -> 4528.27 trail
2026.05.19 16:23:41;MANAGE;#142 SL 4528.27 -> 4527.95 trail
2026.05.19 16:23:42;MANAGE;#142 SL 4527.95 -> 4527.75 trail
2026.05.19 16:23:42;MANAGE;#142 SL 4527.75 -> 4527.49 trail
2026.05.19 16:23:42;MANAGE;#142 SL 4527.49 -> 4527.31 trail
2026.05.19 16:23:42;MANAGE;#142 SL 4527.31 -> 4527.14 trail
2026.05.19 16:24:24;MANAGE;#142 SL 4527.14 -> 4526.99 trail
2026.05.19 16:24:42;MANAGE;#142 SL 4526.99 -> 4526.89 trail
2026.05.19 16:24:43;MANAGE;#142 SL 4526.89 -> 4526.52 trail
2026.05.19 16:24:49;MANAGE;#142 SL 4526.52 -> 4526.40 trail
2026.05.19 16:24:49;MANAGE;#142 SL 4526.40 -> 4526.26 trail
2026.05.19 16:24:49;MANAGE;#142 SL 4526.26 -> 4526.16 trail
2026.05.19 16:24:50;MANAGE;#142 SL 4526.16 -> 4526.06 trail
2026.05.19 16:24:50;MANAGE;#142 SL 4526.06 -> 4525.95 trail
2026.05.19 16:25:08;MANAGE;#142 SL 4525.95 -> 4525.82 trail
2026.05.19 16:25:08;MANAGE;#142 SL 4525.82 -> 4525.58 trail
2026.05.19 16:25:08;MANAGE;#142 SL 4525.58 -> 4525.34 trail
2026.05.19 16:25:08;MANAGE;#142 SL 4525.34 -> 4525.04 trail
2026.05.19 16:25:09;MANAGE;#142 SL 4525.04 -> 4524.79 trail
2026.05.19 16:25:09;MANAGE;#142 SL 4524.79 -> 4524.30 trail
2026.05.19 16:25:17;MANAGE;#142 SL 4524.30 -> 4524.19 trail
2026.05.19 16:25:17;MANAGE;#142 SL 4524.19 -> 4524.03 trail
2026.05.19 16:25:17;MANAGE;#142 SL 4524.03 -> 4523.82 trail
2026.05.19 16:25:17;MANAGE;#142 SL 4523.82 -> 4523.66 trail
2026.05.19 16:25:22;MANAGE;#142 SL 4523.66 -> 4523.44 trail
2026.05.19 16:25:53;MANAGE;#142 SL 4523.44 -> 4523.34 trail
2026.05.19 16:25:55;MANAGE;#142 SL 4523.34 -> 4523.22 trail
2026.05.19 16:25:55;MANAGE;#142 SL 4523.22 -> 4523.12 trail
2026.05.19 16:26:16;MANAGE;#142 SL 4523.12 -> 4522.95 trail
2026.05.19 16:26:17;MANAGE;#142 SL 4522.95 -> 4522.85 trail
2026.05.19 16:26:17;MANAGE;#142 SL 4522.85 -> 4522.62 trail
2026.05.19 16:26:17;MANAGE;#142 SL 4522.62 -> 4522.18 trail
2026.05.19 16:26:17;MANAGE;#142 SL 4522.18 -> 4522.07 trail
2026.05.19 16:26:19;MANAGE;#142 SL 4522.07 -> 4521.90 trail
2026.05.19 16:26:28;MANAGE;#142 SL 4521.90 -> 4521.77 trail
2026.05.19 16:26:29;MANAGE;#142 SL 4521.77 -> 4521.62 trail
2026.05.19 16:26:30;MANAGE;#142 SL 4521.62 -> 4521.39 trail
2026.05.19 16:28:26;MANAGE;#142 SL 4521.39 -> 4521.27 trail
2026.05.19 16:28:26;MANAGE;#142 SL 4521.27 -> 4521.17 trail
2026.05.19 16:28:54;MANAGE;#142 SL 4521.17 -> 4521.07 trail
2026.05.19 16:28:55;MANAGE;#142 SL 4521.07 -> 4520.94 trail
2026.05.19 16:28:56;MANAGE;#142 SL 4520.94 -> 4520.73 trail
2026.05.19 16:28:56;MANAGE;#142 SL 4520.73 -> 4520.63 trail
2026.05.19 16:28:56;MANAGE;#142 SL 4520.63 -> 4520.43 trail
2026.05.19 16:28:56;MANAGE;#142 SL 4520.43 -> 4520.22 trail
2026.05.19 16:28:57;MANAGE;#142 SL 4520.22 -> 4519.97 trail
2026.05.19 16:29:01;MANAGE;#142 SL 4519.97 -> 4519.58 trail
2026.05.19 16:29:01;MANAGE;#142 SL 4519.58 -> 4519.42 trail
2026.05.19 16:29:01;MANAGE;#142 SL 4519.42 -> 4519.25 trail
2026.05.19 16:29:01;MANAGE;#142 SL 4519.25 -> 4518.68 trail
2026.05.19 16:29:02;MANAGE;#142 SL 4518.68 -> 4518.54 trail
2026.05.19 16:29:02;MANAGE;#142 SL 4518.54 -> 4518.39 trail
2026.05.19 16:29:08;MANAGE;#142 SL 4518.39 -> 4518.20 trail
2026.05.19 16:29:08;MANAGE;#142 SL 4518.20 -> 4518.10 trail
2026.05.19 16:29:08;RISK;deal closed pnl=75.94 streak=0 lock=0
2026.05.19 16:30:00;VETO;outlier bar masked, z=5.0
2026.05.19 16:45:00;VETO;outlier bar masked, z=4.1
2026.05.19 17:00:00;VETO;outlier bar masked, z=5.3
2026.05.20 04:30:00;VETO;outlier bar masked, z=3.7
2026.05.20 10:15:00;DECISION;setup LONG score=0.65 entry=4481.63 inv=4456.64 tgt=0.00 AWAIT-RETEST [CHoCH long lvl=4479.21|RelVol=1.19|Retest@4481.63|VPnode d=1.77|VWAPside]
2026.05.20 10:30:00;VETO;authorization denied: outside session window (server hour 10, window 12-20)
2026.05.20 10:45:00;VETO;authorization denied: outside session window (server hour 10, window 12-20)
2026.05.20 11:00:00;VETO;authorization denied: outside session window (server hour 11, window 12-20)
2026.05.20 11:15:00;VETO;authorization denied: outside session window (server hour 11, window 12-20)
2026.05.20 13:45:00;VETO;signal rejected: volume: relVol 0.93 < 1.00
2026.05.20 16:30:00;VETO;signal rejected: volume: relVol 0.95 < 1.00
2026.05.20 17:30:00;VETO;outlier bar masked, z=6.5
2026.05.20 18:30:00;VETO;outlier bar masked, z=4.3
2026.05.20 22:00:00;VETO;signal rejected: volume: relVol 0.99 < 1.00
2026.05.21 04:15:00;VETO;signal rejected: volume: relVol 0.97 < 1.00
2026.05.21 05:45:00;DECISION;setup SHORT score=0.85 entry=4534.78 inv=4570.94 tgt=0.00 AWAIT-RETEST [CHoCH short lvl=4537.29|RelVol=1.15|Retest@4534.78|VPnode d=0.58|VWAPside|CycleTurn w=-0.02<-0.83]
2026.05.21 06:00:00;VETO;authorization denied: outside session window (server hour 06, window 12-20)
2026.05.21 06:15:00;VETO;authorization denied: outside session window (server hour 06, window 12-20)
2026.05.21 06:30:00;VETO;authorization denied: outside session window (server hour 06, window 12-20)
2026.05.21 06:45:00;VETO;authorization denied: outside session window (server hour 06, window 12-20)
2026.05.21 07:00:00;DECISION;setup SHORT score=0.65 entry=4528.26 inv=4570.94 tgt=0.00 [BOS short lvl=4531.50|RelVol=1.06|VPnode d=3.54|VWAPside]
2026.05.21 07:00:00;VETO;authorization denied: outside session window (server hour 07, window 12-20)
2026.05.21 07:15:00;VETO;authorization denied: outside session window (server hour 07, window 12-20)
2026.05.21 07:30:00;VETO;authorization denied: outside session window (server hour 07, window 12-20)
2026.05.21 07:45:00;VETO;authorization denied: outside session window (server hour 07, window 12-20)
2026.05.21 08:30:00;VETO;signal rejected: score 0.50 < 0.55 [BOS short lvl=4527.27|RelVol=1.17|VPnear|VWAPside]
2026.05.21 10:30:00;VETO;signal rejected: volume: relVol 0.99 < 1.00
2026.05.21 13:30:00;VETO;outlier bar masked, z=4.5
2026.05.21 14:00:00;DECISION;setup SHORT score=0.70 entry=4511.49 inv=4542.96 tgt=0.00 [BOS short lvl=4511.83|RelVol=1.57|VPnear|VWAPside|CycleTurn w=-0.58<-0.41]
2026.05.21 14:00:00;DECISION;TP capped 62.94000 -> 47.20500 (3.0xATR)
2026.05.21 14:00:00;ORDER;filled SELL 0.02 lots sl=4542.96 tp=4464.28 [WT|BOS|0.70]
2026.05.21 14:00:00;RISK;sizing: vol_ratio=1.06 scalar=1.00 gap_buf=4.96607 eff_stop=36.43607
2026.05.21 14:00:00;ORDER;entry fill deal #145 SELL 0.02 @ 4511.49000
2026.05.21 16:00:00;VETO;signal rejected: score 0.50 < 0.55 [BOS short lvl=4505.02|RelVol=1.02|VPnear|VWAPside]
2026.05.21 17:00:00;VETO;outlier bar masked, z=4.3
2026.05.21 19:15:00;VETO;signal rejected: score 0.40 < 0.55 [CHoCH long lvl=4515.33|RelVol=1.16|Retest@4518.13|VPnear]
2026.05.21 20:15:00;DECISION;setup LONG score=0.60 entry=4526.36 inv=4496.69 tgt=0.00 [BOS long lvl=4520.84|RelVol=1.21|VPnear|VWAPside|ADX=34]
2026.05.21 20:15:00;VETO;authorization denied: outside session window (server hour 20, window 12-20)
2026.05.21 20:20:29;RISK;deal closed pnl=-63.14 streak=1 lock=0
2026.05.21 20:30:00;VETO;authorization denied: outside session window (server hour 20, window 12-20)
2026.05.21 20:45:00;VETO;authorization denied: outside session window (server hour 20, window 12-20)
2026.05.21 21:00:00;VETO;authorization denied: outside session window (server hour 21, window 12-20)
2026.05.22 04:00:00;VETO;signal rejected: volume: relVol 0.82 < 1.00
2026.05.22 08:45:00;VETO;signal rejected: volume: relVol 0.85 < 1.00
2026.05.22 09:00:00;VETO;outlier bar masked, z=6.7
2026.05.22 13:00:00;VETO;signal rejected: volume: relVol 0.85 < 1.00
2026.05.22 13:45:00;DECISION;setup SHORT score=0.65 entry=4512.79 inv=4531.23 tgt=0.00 AWAIT-RETEST [CHoCH short lvl=4514.88|RelVol=1.01|Retest@4512.79|VPnode d=5.61|VWAPside]
2026.05.22 13:45:00;DECISION;TP capped 36.87036 -> 27.65277 (3.0xATR)
2026.05.22 13:45:00;ORDER;limit SELL 0.04 @ 4512.79 sl=4531.23 tp=4485.14 rc=10009 [WT|CHOCH|0.65|RL]
2026.05.22 13:45:00;RISK;sizing: vol_ratio=0.94 scalar=1.00 gap_buf=4.17036 eff_stop=22.60554
2026.05.22 13:45:39;ORDER;entry fill deal #147 SELL 0.04 @ 4512.81000
2026.05.22 15:19:08;RISK;deal closed pnl=-74.56 streak=1 lock=0
2026.05.22 17:00:00;VETO;signal rejected: volume: relVol 1.00 < 1.00
2026.05.22 22:15:00;VETO;signal rejected: score 0.50 < 0.55 [BOS short lvl=4511.96|RelVol=1.07|VPnear|VWAPside]
2026.05.25 01:15:00;VETO;outlier bar masked, z=13.3
2026.05.25 06:45:00;VETO;signal rejected: volume: relVol 0.83 < 1.00
2026.05.25 08:30:00;VETO;signal rejected: volume: relVol 0.69 < 1.00
2026.05.25 12:45:00;VETO;signal rejected: volume: relVol 0.68 < 1.00
2026.05.25 14:45:01;VETO;signal rejected: volume: relVol 0.56 < 1.00
2026.05.25 15:15:00;VETO;signal rejected: volume: relVol 0.77 < 1.00
2026.05.25 18:30:00;VETO;signal rejected: volume: relVol 0.54 < 1.00
2026.05.25 20:45:00;VETO;signal rejected: volume: relVol 0.30 < 1.00
2026.05.26 02:15:00;VETO;signal rejected: volume: relVol 0.98 < 1.00
2026.05.26 02:45:00;DECISION;setup SHORT score=0.70 entry=4561.91 inv=4577.98 tgt=0.00 AWAIT-RETEST [CHoCH short lvl=4563.29|RelVol=1.64|Retest@4561.91|VPnear|VWAPside|CycleTurn w=0.56<-0.98]
2026.05.26 03:00:00;VETO;authorization denied: outside session window (server hour 03, window 12-20)
2026.05.26 03:15:00;VETO;authorization denied: outside session window (server hour 03, window 12-20)
2026.05.26 03:30:00;VETO;authorization denied: outside session window (server hour 03, window 12-20)
2026.05.26 03:45:00;VETO;authorization denied: outside session window (server hour 03, window 12-20)
2026.05.26 04:45:00;VETO;outlier bar masked, z=4.0
2026.05.26 07:45:00;VETO;signal rejected: volume: relVol 0.84 < 1.00
2026.05.26 11:00:00;VETO;signal rejected: volume: relVol 0.98 < 1.00
2026.05.26 11:30:00;VETO;signal rejected: volume: relVol 0.79 < 1.00
2026.05.26 14:45:00;VETO;outlier bar masked, z=4.8
2026.05.26 18:30:00;VETO;signal rejected: volume: relVol 0.79 < 1.00
2026.05.26 20:45:00;DECISION;setup SHORT score=0.60 entry=4498.56 inv=4511.26 tgt=0.00 [BOS short lvl=4499.78|RelVol=1.01|VPnear|VWAPside|ADX=32]
2026.05.26 20:45:00;VETO;authorization denied: outside session window (server hour 20, window 12-20)
2026.05.26 21:00:00;VETO;authorization denied: outside session window (server hour 21, window 12-20)
2026.05.26 21:15:00;VETO;authorization denied: outside session window (server hour 21, window 12-20)
2026.05.26 21:30:00;VETO;authorization denied: outside session window (server hour 21, window 12-20)
2026.05.27 01:15:00;VETO;outlier bar masked, z=8.5
2026.05.27 07:00:00;VETO;signal rejected: volume: relVol 0.66 < 1.00
2026.05.27 08:45:00;DECISION;setup SHORT score=0.65 entry=4493.48 inv=4517.29 tgt=0.00 [BOS short lvl=4495.82|RelVol=1.22|VPnode d=4.92|VWAPside]
2026.05.27 08:45:00;VETO;authorization denied: outside session window (server hour 08, window 12-20)
2026.05.27 09:00:00;VETO;authorization denied: outside session window (server hour 09, window 12-20)
2026.05.27 09:15:00;VETO;authorization denied: outside session window (server hour 09, window 12-20)
2026.05.27 09:30:00;VETO;authorization denied: outside session window (server hour 09, window 12-20)
2026.05.27 13:45:00;DECISION;setup SHORT score=0.70 entry=4473.71 inv=4498.76 tgt=0.00 AWAIT-RETEST [BOS short lvl=4475.72|RelVol=1.24|Retest@4473.71|VPnear|VWAPside|CycleTurn w=-0.17<-0.81]
2026.05.27 13:45:00;DECISION;TP capped 50.09107 -> 37.56830 (3.0xATR)
2026.05.27 13:45:00;ORDER;limit SELL 0.03 @ 4473.71 sl=4498.76 tp=4436.15 rc=10009 [WT|BOS|0.70|RL]
2026.05.27 13:45:00;RISK;sizing: vol_ratio=0.93 scalar=1.00 gap_buf=4.01107 eff_stop=29.05661
2026.05.27 14:00:00;VETO;outlier bar masked, z=5.4
2026.05.27 15:00:00;VETO;outlier bar masked, z=3.8
2026.05.27 15:30:00;VETO;outlier bar masked, z=10.1
2026.05.27 16:15:00;VETO;outlier bar masked, z=6.2
2026.05.27 16:30:00;VETO;outlier bar masked, z=3.7
2026.05.27 16:45:00;VETO;outlier bar masked, z=4.1
2026.05.27 17:15:00;VETO;outlier bar masked, z=6.2
2026.05.27 17:45:00;ORDER;cancelled 1 pending: setup expired/invalidated
2026.05.27 21:30:00;VETO;signal rejected: volume: relVol 0.73 < 1.00
2026.05.28 01:30:00;VETO;signal rejected: volume: relVol 0.70 < 1.00
2026.05.28 03:00:00;VETO;signal rejected: volume: relVol 0.91 < 1.00
2026.05.28 04:15:00;VETO;outlier bar masked, z=4.0
2026.05.28 04:30:00;VETO;outlier bar masked, z=4.7
2026.05.28 12:30:00;VETO;signal rejected: volume: relVol 0.91 < 1.00
2026.05.28 14:00:00;DECISION;setup SHORT score=0.70 entry=4383.66 inv=4404.14 tgt=0.00 AWAIT-RETEST [CHoCH short lvl=4385.88|RelVol=1.13|Retest@4383.66|VPnear|VWAPside|CycleTurn w=0.98<-1.00]
2026.05.28 14:00:00;DECISION;TP capped 40.95607 -> 30.71705 (3.0xATR)
2026.05.28 14:00:00;ORDER;limit SELL 0.04 @ 4383.66 sl=4404.14 tp=4352.94 rc=10009 [WT|CHOCH|0.70|RL]
2026.05.28 14:00:00;RISK;sizing: vol_ratio=0.86 scalar=1.00 gap_buf=4.43607 eff_stop=24.91411
2026.05.28 14:00:00;ORDER;entry fill deal #149 SELL 0.04 @ 4383.90000
2026.05.28 15:46:14;RISK;deal closed pnl=-80.96 streak=1 lock=0
2026.05.28 16:00:00;VETO;outlier bar masked, z=5.9
2026.05.28 17:15:00;VETO;outlier bar masked, z=8.9
2026.05.29 01:00:00;VETO;signal rejected: volume: relVol 0.69 < 1.00
2026.05.29 04:15:00;VETO;outlier bar masked, z=3.7
2026.05.29 10:00:00;VETO;signal rejected: volume: relVol 0.88 < 1.00
2026.05.29 12:15:00;VETO;signal rejected: score 0.50 < 0.55 [BOS long lvl=4526.21|RelVol=1.03|VPnear|VWAPside]
2026.05.29 17:15:00;VETO;signal rejected: volume: relVol 0.97 < 1.00
2026.05.29 18:00:00;VETO;outlier bar masked, z=6.3
2026.05.29 18:15:00;VETO;outlier bar masked, z=5.4
2026.05.29 20:45:00;VETO;signal rejected: volume: relVol 0.96 < 1.00
2026.06.01 01:00:01;VETO;signal rejected: volume: relVol 1.00 < 1.00
2026.06.01 01:15:00;VETO;outlier bar masked, z=8.1
2026.06.01 09:45:00;VETO;signal rejected: volume: relVol 0.84 < 1.00
2026.06.01 14:30:00;VETO;signal rejected: volume: relVol 0.77 < 1.00
2026.06.01 16:15:00;VETO;outlier bar masked, z=7.3
2026.06.01 16:30:00;VETO;outlier bar masked, z=5.7
2026.06.01 17:00:00;VETO;outlier bar masked, z=3.7
2026.06.01 20:00:00;VETO;signal rejected: volume: relVol 0.98 < 1.00
2026.06.02 02:30:00;VETO;signal rejected: volume: relVol 0.42 < 1.00
2026.06.02 03:30:00;VETO;signal rejected: volume: relVol 0.84 < 1.00
2026.06.02 05:00:00;DECISION;setup SHORT score=0.85 entry=4474.27 inv=4497.22 tgt=0.00 AWAIT-RETEST [CHoCH short lvl=4476.60|RelVol=1.08|Retest@4474.27|VPnode d=6.33|VWAPside|CycleTurn w=-0.07<-0.91]
2026.06.02 05:15:00;VETO;authorization denied: outside session window (server hour 05, window 12-20)
2026.06.02 05:30:00;VETO;authorization denied: outside session window (server hour 05, window 12-20)
2026.06.02 05:45:00;VETO;authorization denied: outside session window (server hour 05, window 12-20)
2026.06.02 06:00:00;VETO;authorization denied: outside session window (server hour 06, window 12-20)
2026.06.02 07:00:00;VETO;signal rejected: volume: relVol 0.70 < 1.00
2026.06.02 12:00:00;VETO;signal rejected: volume: relVol 0.72 < 1.00
2026.06.02 16:00:00;VETO;signal rejected: volume: relVol 0.78 < 1.00
2026.06.02 19:45:00;VETO;signal rejected: volume: relVol 0.81 < 1.00
2026.06.02 20:45:00;VETO;signal rejected: volume: relVol 0.89 < 1.00
2026.06.02 21:45:00;VETO;signal rejected: volume: relVol 1.00 < 1.00
2026.06.03 02:15:00;DECISION;setup SHORT score=0.80 entry=4477.43 inv=4493.12 tgt=0.00 [BOS short lvl=4480.04|RelVol=1.43|VPnear|VWAPside|CycleTurn w=0.97<-1.00|ADX=56]
2026.06.03 02:15:00;VETO;authorization denied: outside session window (server hour 02, window 12-20)
2026.06.03 02:30:00;VETO;authorization denied: outside session window (server hour 02, window 12-20)
2026.06.03 02:45:00;VETO;authorization denied: outside session window (server hour 02, window 12-20)
2026.06.03 03:00:00;VETO;authorization denied: outside session window (server hour 03, window 12-20)
2026.06.03 03:45:00;VETO;signal rejected: volume: relVol 0.77 < 1.00
2026.06.03 04:15:00;VETO;outlier bar masked, z=4.2
2026.06.03 08:45:00;VETO;signal rejected: volume: relVol 0.87 < 1.00
2026.06.03 10:30:00;VETO;signal rejected: volume: relVol 0.94 < 1.00
2026.06.03 13:15:00;VETO;outlier bar masked, z=5.1
2026.06.03 16:45:00;VETO;outlier bar masked, z=4.7
2026.06.03 17:00:00;VETO;outlier bar masked, z=4.3
2026.06.03 22:15:00;VETO;signal rejected: score 0.30 < 0.55 [CHoCH long lvl=4448.40|RelVol=1.25|Retest@4449.87]
2026.06.04 01:15:00;DECISION;setup SHORT score=0.85 entry=4433.80 inv=4452.24 tgt=0.00 AWAIT-RETEST [CHoCH short lvl=4435.30|RelVol=1.05|Retest@4433.80|VPnode d=1.30|VWAPside|CycleTurn w=0.98<-1.00]
2026.06.04 01:30:00;VETO;authorization denied: outside session window (server hour 01, window 12-20)
2026.06.04 01:45:00;VETO;authorization denied: outside session window (server hour 01, window 12-20)
2026.06.04 02:00:00;VETO;authorization denied: outside session window (server hour 02, window 12-20)
2026.06.04 02:15:00;VETO;authorization denied: outside session window (server hour 02, window 12-20)
2026.06.04 02:45:00;DECISION;setup LONG score=0.65 entry=4454.06 inv=4424.02 tgt=0.00 AWAIT-RETEST [CHoCH long lvl=4452.24|RelVol=1.08|Retest@4454.06|VPnode d=0.14|VWAPside]
2026.06.04 03:00:00;VETO;authorization denied: outside session window (server hour 03, window 12-20)
2026.06.04 03:15:00;VETO;authorization denied: outside session window (server hour 03, window 12-20)
2026.06.04 03:30:00;VETO;authorization denied: outside session window (server hour 03, window 12-20)
2026.06.04 03:45:00;VETO;authorization denied: outside session window (server hour 03, window 12-20)
2026.06.04 04:15:00;VETO;outlier bar masked, z=4.3
2026.06.04 04:30:00;VETO;signal rejected: volume: relVol 0.91 < 1.00
2026.06.04 06:00:00;DECISION;setup LONG score=0.65 entry=4475.03 inv=4455.57 tgt=0.00 [BOS long lvl=4473.47|RelVol=1.04|VPnode d=6.03|VWAPside]
2026.06.04 06:00:00;VETO;authorization denied: outside session window (server hour 06, window 12-20)
2026.06.04 06:15:00;VETO;authorization denied: outside session window (server hour 06, window 12-20)
2026.06.04 06:30:00;VETO;authorization denied: outside session window (server hour 06, window 12-20)
2026.06.04 06:45:00;VETO;authorization denied: outside session window (server hour 06, window 12-20)
2026.06.04 07:45:00;VETO;signal rejected: score 0.50 < 0.55 [BOS long lvl=4477.27|RelVol=1.18|VPnear|VWAPside]
2026.06.04 13:00:00;DECISION;setup LONG score=0.85 entry=4470.43 inv=4458.56 tgt=0.00 [BOS long lvl=4469.48|RelVol=1.02|VPnode d=4.97|VWAPside|CycleTurn w=-0.84<--0.96]
2026.06.04 13:00:00;DECISION;TP capped 24.08000 -> 21.99429 (3.0xATR)
2026.06.04 13:00:00;ORDER;filled BUY 0.06 lots sl=4458.56 tp=4492.59 [WT|BOS|0.85]
2026.06.04 13:00:00;RISK;sizing: vol_ratio=0.79 scalar=1.00 gap_buf=3.66571 eff_stop=15.70571
2026.06.04 13:00:00;ORDER;entry fill deal #151 BUY 0.06 @ 4470.60000
2026.06.04 14:26:01;MANAGE;#152 SL 4458.56 -> 4470.77 breakeven
2026.06.04 14:26:01;MANAGE;#152 partial close 0.03 of 0.06 lots
2026.06.04 14:26:01;RISK;deal closed pnl=36.12 streak=0 lock=0
2026.06.04 14:26:42;MANAGE;#152 SL 4470.77 -> 4470.88 trail
2026.06.04 14:26:43;MANAGE;#152 SL 4470.88 -> 4471.02 trail
2026.06.04 14:26:43;MANAGE;#152 SL 4471.02 -> 4471.13 trail
2026.06.04 14:26:48;MANAGE;#152 SL 4471.13 -> 4471.27 trail
2026.06.04 14:26:48;MANAGE;#152 SL 4471.27 -> 4471.38 trail
2026.06.04 14:26:48;MANAGE;#152 SL 4471.38 -> 4471.94 trail
2026.06.04 14:26:48;MANAGE;#152 SL 4471.94 -> 4472.26 trail
2026.06.04 14:26:48;MANAGE;#152 SL 4472.26 -> 4472.62 trail
2026.06.04 14:26:48;MANAGE;#152 SL 4472.62 -> 4473.01 trail
2026.06.04 14:26:48;MANAGE;#152 SL 4473.01 -> 4473.19 trail
2026.06.04 14:26:48;MANAGE;#152 SL 4473.19 -> 4473.31 trail
2026.06.04 14:26:48;MANAGE;#152 SL 4473.31 -> 4473.42 trail
2026.06.04 14:26:48;MANAGE;#152 SL 4473.42 -> 4473.61 trail
2026.06.04 14:26:52;MANAGE;#152 SL 4473.61 -> 4473.81 trail
2026.06.04 14:27:09;MANAGE;#152 SL 4473.81 -> 4473.97 trail
2026.06.04 14:27:11;MANAGE;#152 SL 4473.97 -> 4474.10 trail
2026.06.04 14:27:11;MANAGE;#152 SL 4474.10 -> 4474.30 trail
2026.06.04 14:27:11;MANAGE;#152 SL 4474.30 -> 4474.56 trail
2026.06.04 14:27:11;MANAGE;#152 SL 4474.56 -> 4474.84 trail
2026.06.04 14:27:12;MANAGE;#152 SL 4474.84 -> 4474.99 trail
2026.06.04 14:27:13;MANAGE;#152 SL 4474.99 -> 4475.16 trail
2026.06.04 14:27:13;MANAGE;#152 SL 4475.16 -> 4475.40 trail
2026.06.04 14:27:13;MANAGE;#152 SL 4475.40 -> 4476.02 trail
2026.06.04 14:27:15;MANAGE;#152 SL 4476.02 -> 4476.37 trail
2026.06.04 14:27:15;MANAGE;#152 SL 4476.37 -> 4476.58 trail
2026.06.04 14:27:16;MANAGE;#152 SL 4476.58 -> 4476.75 trail
2026.06.04 14:27:16;MANAGE;#152 SL 4476.75 -> 4476.92 trail
2026.06.04 14:27:17;MANAGE;#152 SL 4476.92 -> 4477.17 trail
2026.06.04 14:27:17;MANAGE;#152 SL 4477.17 -> 4477.29 trail
2026.06.04 14:27:17;MANAGE;#152 SL 4477.29 -> 4477.42 trail
2026.06.04 14:27:17;MANAGE;#152 SL 4477.42 -> 4477.58 trail
2026.06.04 14:27:17;MANAGE;#152 SL 4477.58 -> 4477.94 trail
2026.06.04 14:30:00;DECISION;setup LONG score=0.75 entry=4477.67 inv=4458.56 tgt=0.00 AWAIT-RETEST [BOS long lvl=4475.69|RelVol=1.28|Retest@4477.67|VPnode d=2.47|VWAPside|ADX=36]
2026.06.04 14:30:00;VETO;retest limit risk veto: max positions
2026.06.04 14:45:04;RISK;deal closed pnl=66.51 streak=0 lock=0
2026.06.04 15:00:00;VETO;outlier bar masked, z=5.1
2026.06.04 15:15:00;VETO;outlier bar masked, z=4.8
2026.06.04 17:00:00;VETO;outlier bar masked, z=4.0
2026.06.05 02:45:00;VETO;signal rejected: volume: relVol 0.81 < 1.00
2026.06.05 04:45:00;VETO;signal rejected: volume: relVol 0.91 < 1.00
2026.06.05 09:15:00;VETO;signal rejected: volume: relVol 0.99 < 1.00
2026.06.05 09:30:00;VETO;outlier bar masked, z=3.6
2026.06.05 10:00:00;VETO;signal rejected: volume: relVol 0.91 < 1.00
2026.06.05 15:00:00;VETO;signal rejected: volume: relVol 0.98 < 1.00
2026.06.05 15:45:00;VETO;outlier bar masked, z=6.1
2026.06.05 16:00:00;VETO;outlier bar masked, z=11.6
2026.06.05 16:15:00;VETO;outlier bar masked, z=4.1
2026.06.05 16:45:00;VETO;outlier bar masked, z=4.6
2026.06.05 17:00:00;VETO;outlier bar masked, z=5.2
2026.06.05 18:00:00;VETO;outlier bar masked, z=4.0
2026.06.05 18:45:00;VETO;signal rejected: score 0.50 < 0.55 [BOS short lvl=4344.56|RelVol=1.46|VWAPside|ADX=50]
2026.06.05 20:00:00;VETO;outlier bar masked, z=3.5
2026.06.05 21:15:00;VETO;outlier bar masked, z=3.6
2026.06.08 01:15:00;VETO;outlier bar masked, z=5.9
2026.06.08 02:45:00;VETO;signal rejected: score 0.50 < 0.55 [CHoCH long lvl=4337.34|RelVol=1.27|Retest@4340.16|VPnear|VWAPside]
2026.06.08 04:45:00;VETO;outlier bar masked, z=5.3
2026.06.08 08:45:00;VETO;outlier bar masked, z=9.2
2026.06.08 14:15:00;DECISION;setup LONG score=0.65 entry=4319.85 inv=4273.03 tgt=0.00 AWAIT-RETEST [CHoCH long lvl=4317.12|RelVol=1.31|Retest@4319.85|VPnode d=0.45|VWAPside]
2026.06.08 14:15:00;DECISION;TP capped 93.63036 -> 70.22277 (3.0xATR)
2026.06.08 14:15:00;ERROR;limit BUY 0.01 @ 4319.85 sl=4273.03 tp=4390.07 rc=10015 [WT|CHOCH|0.65|RL]
2026.06.08 14:30:00;DECISION;TP capped 104.86000 -> 78.64500 (3.0xATR)
2026.06.08 14:30:00;ORDER;filled BUY 0.01 lots sl=4273.03 tp=4404.11 [WT|CHOCH|0.65]
2026.06.08 14:30:00;RISK;sizing: vol_ratio=0.95 scalar=1.00 gap_buf=5.81179 eff_stop=58.24179
2026.06.08 14:30:00;ORDER;entry fill deal #154 BUY 0.01 @ 4325.46000
2026.06.08 17:15:00;DECISION;setup SHORT score=0.75 entry=4316.89 inv=4339.46 tgt=0.00 AWAIT-RETEST [CHoCH short lvl=4320.21|RelVol=1.17|Retest@4316.89|VPnode d=8.81|CycleTurn w=0.94<-0.98]
2026.06.08 17:15:00;VETO;retest limit risk veto: max positions
2026.06.08 17:30:00;VETO;risk veto: max positions
2026.06.08 22:15:00;VETO;signal rejected: volume: relVol 0.98 < 1.00
2026.06.09 02:30:00;VETO;signal rejected: volume: relVol 0.81 < 1.00
2026.06.09 04:30:00;DECISION;setup LONG score=0.70 entry=4333.83 inv=4312.79 tgt=0.00 AWAIT-RETEST [CHoCH long lvl=4332.09|RelVol=1.17|Retest@4333.83|VPnear|VWAPside|CycleTurn w=-0.81<--0.98]
2026.06.09 04:45:00;VETO;authorization denied: outside session window (server hour 04, window 12-20)
2026.06.09 05:00:00;VETO;authorization denied: outside session window (server hour 05, window 12-20)
2026.06.09 05:15:00;VETO;authorization denied: outside session window (server hour 05, window 12-20)
2026.06.09 05:30:00;VETO;authorization denied: outside session window (server hour 05, window 12-20)
2026.06.09 08:45:00;DECISION;setup LONG score=0.85 entry=4344.12 inv=4324.19 tgt=0.00 AWAIT-RETEST [BOS long lvl=4342.22|RelVol=1.18|Retest@4344.12|VPnode d=3.52|VWAPside|CycleTurn w=-0.88<--1.00]
2026.06.09 09:00:00;VETO;authorization denied: outside session window (server hour 09, window 12-20)
2026.06.09 09:15:00;VETO;authorization denied: outside session window (server hour 09, window 12-20)
2026.06.09 09:30:00;VETO;authorization denied: outside session window (server hour 09, window 12-20)
2026.06.09 09:45:00;VETO;authorization denied: outside session window (server hour 09, window 12-20)
2026.06.09 14:00:00;VETO;signal rejected: volume: relVol 0.88 < 1.00
2026.06.09 15:15:00;VETO;signal rejected: volume: relVol 0.84 < 1.00
2026.06.09 17:00:00;VETO;outlier bar masked, z=10.6
2026.06.09 17:15:00;DECISION;setup SHORT score=0.65 entry=4322.25 inv=4340.74 tgt=0.00 AWAIT-RETEST [CHoCH short lvl=4324.15|RelVol=1.27|Retest@4322.25|VPnode d=3.55|VWAPside]
2026.06.09 17:15:00;VETO;retest limit risk veto: max positions
2026.06.09 17:30:00;VETO;outlier bar masked, z=3.6
2026.06.09 17:45:00;VETO;outlier bar masked, z=10.1
2026.06.09 18:00:00;VETO;outlier bar masked, z=5.2
2026.06.09 18:30:00;VETO;outlier bar masked, z=4.3
2026.06.09 18:31:44;RISK;deal closed pnl=-52.61 streak=1 lock=0
2026.06.09 18:45:00;VETO;outlier bar masked, z=4.0
2026.06.09 19:15:00;VETO;outlier bar masked, z=5.3
2026.06.09 19:45:00;VETO;outlier bar masked, z=8.3
2026.06.10 02:15:00;DECISION;setup SHORT score=0.95 entry=4236.04 inv=4274.27 tgt=0.00 [BOS short lvl=4236.55|RelVol=1.56|VPnode d=4.76|VWAPside|CycleTurn w=0.64<-0.97|ADX=51]
2026.06.10 02:15:00;VETO;authorization denied: outside session window (server hour 02, window 12-20)
2026.06.10 02:30:00;VETO;authorization denied: outside session window (server hour 02, window 12-20)
2026.06.10 02:45:00;VETO;authorization denied: outside session window (server hour 02, window 12-20)
2026.06.10 03:00:00;VETO;authorization denied: outside session window (server hour 03, window 12-20)
2026.06.10 03:45:00;VETO;outlier bar masked, z=3.7
2026.06.10 04:00:00;VETO;outlier bar masked, z=3.6
2026.06.10 04:15:00;VETO;outlier bar masked, z=6.0
2026.06.10 08:45:00;VETO;signal rejected: score 0.30 < 0.55 [CHoCH long lvl=4187.27|RelVol=1.47|Retest@4189.65]
2026.06.10 11:15:00;VETO;outlier bar masked, z=3.5
2026.06.10 13:15:00;DECISION;setup SHORT score=0.75 entry=4161.06 inv=4221.87 tgt=0.00 [BOS short lvl=4161.35|RelVol=1.40|VPnode d=4.14|VWAPside|ADX=39]
2026.06.10 13:15:00;DECISION;TP capped 121.62000 -> 91.21500 (3.0xATR)
2026.06.10 13:15:00;ORDER;filled SELL 0.01 lots sl=4221.87 tp=4069.85 [WT|BOS|0.75]
2026.06.10 13:15:00;RISK;sizing: vol_ratio=1.03 scalar=1.00 gap_buf=6.16893 eff_stop=66.97893
2026.06.10 13:15:00;ORDER;entry fill deal #156 SELL 0.01 @ 4161.06000
2026.06.10 14:45:00;DECISION;setup SHORT score=0.65 entry=4154.49 inv=4178.68 tgt=0.00 [BOS short lvl=4155.70|RelVol=1.74|VPnode d=5.31|VWAPside]
2026.06.10 14:45:00;DECISION;TP capped 48.38000 -> 37.47429 (3.0xATR)
2026.06.10 14:45:00;VETO;risk veto: max positions
2026.06.10 15:45:00;VETO;outlier bar masked, z=4.6
2026.06.10 16:45:00;VETO;outlier bar masked, z=4.4
2026.06.10 18:00:00;VETO;outlier bar masked, z=4.1
2026.06.10 20:45:00;VETO;signal rejected: score 0.50 < 0.55 [BOS short lvl=4106.82|RelVol=1.48|VWAPside|ADX=43]
2026.06.10 21:50:39;MANAGE;#157 SL 4221.87 -> 4160.99 breakeven
2026.06.10 21:50:39;MANAGE;#157 SL 4160.99 -> 4125.23 trail
2026.06.10 21:50:42;MANAGE;#157 SL 4125.23 -> 4124.93 trail
2026.06.10 21:50:42;MANAGE;#157 SL 4124.93 -> 4124.54 trail
2026.06.10 21:50:42;MANAGE;#157 SL 4124.54 -> 4124.28 trail
2026.06.10 21:50:46;MANAGE;#157 SL 4124.28 -> 4124.11 trail
2026.06.10 21:50:48;MANAGE;#157 SL 4124.11 -> 4124.01 trail
2026.06.10 21:50:48;MANAGE;#157 SL 4124.01 -> 4123.77 trail
2026.06.10 21:50:48;MANAGE;#157 SL 4123.77 -> 4123.65 trail
2026.06.10 21:50:48;MANAGE;#157 SL 4123.65 -> 4123.55 trail
2026.06.10 21:50:48;MANAGE;#157 SL 4123.55 -> 4123.44 trail
2026.06.10 21:50:50;MANAGE;#157 SL 4123.44 -> 4123.24 trail
2026.06.10 21:50:50;MANAGE;#157 SL 4123.24 -> 4123.13 trail
2026.06.10 21:50:50;MANAGE;#157 SL 4123.13 -> 4122.93 trail
2026.06.10 21:50:52;MANAGE;#157 SL 4122.93 -> 4122.82 trail
2026.06.10 21:50:52;MANAGE;#157 SL 4122.82 -> 4122.66 trail
2026.06.10 21:50:53;MANAGE;#157 SL 4122.66 -> 4122.54 trail
2026.06.10 21:50:53;MANAGE;#157 SL 4122.54 -> 4122.43 trail
2026.06.10 21:50:54;MANAGE;#157 SL 4122.43 -> 4122.33 trail
2026.06.10 21:50:54;MANAGE;#157 SL 4122.33 -> 4122.20 trail
2026.06.10 21:50:54;MANAGE;#157 SL 4122.20 -> 4122.04 trail
2026.06.10 22:02:19;MANAGE;#157 SL 4122.04 -> 4121.93 trail
2026.06.10 22:02:19;MANAGE;#157 SL 4121.93 -> 4121.81 trail
2026.06.10 22:02:19;MANAGE;#157 SL 4121.81 -> 4121.69 trail
2026.06.10 22:04:14;MANAGE;#157 SL 4121.69 -> 4121.47 trail
2026.06.10 22:04:14;MANAGE;#157 SL 4121.47 -> 4121.26 trail
2026.06.10 22:04:15;MANAGE;#157 SL 4121.26 -> 4121.12 trail
2026.06.10 22:04:16;MANAGE;#157 SL 4121.12 -> 4120.92 trail
2026.06.10 22:04:16;MANAGE;#157 SL 4120.92 -> 4120.79 trail
2026.06.10 22:04:16;MANAGE;#157 SL 4120.79 -> 4120.66 trail
2026.06.10 22:04:16;MANAGE;#157 SL 4120.66 -> 4120.51 trail
2026.06.10 22:04:16;MANAGE;#157 SL 4120.51 -> 4120.28 trail
2026.06.10 22:04:16;MANAGE;#157 SL 4120.28 -> 4120.04 trail
2026.06.10 22:04:53;MANAGE;#157 SL 4120.04 -> 4119.93 trail
2026.06.10 22:04:54;MANAGE;#157 SL 4119.93 -> 4119.75 trail
2026.06.10 22:04:54;MANAGE;#157 SL 4119.75 -> 4119.58 trail
2026.06.10 22:04:55;MANAGE;#157 SL 4119.58 -> 4119.37 trail
2026.06.10 22:04:57;MANAGE;#157 SL 4119.37 -> 4119.26 trail
2026.06.10 22:05:26;MANAGE;#157 SL 4119.26 -> 4119.01 trail
2026.06.10 22:05:29;MANAGE;#157 SL 4119.01 -> 4118.81 trail
2026.06.10 22:09:24;MANAGE;#157 SL 4118.81 -> 4118.70 trail
2026.06.10 22:09:31;MANAGE;#157 SL 4118.70 -> 4118.59 trail
2026.06.10 22:09:33;MANAGE;#157 SL 4118.59 -> 4118.47 trail
2026.06.10 22:09:35;MANAGE;#157 SL 4118.47 -> 4118.35 trail
2026.06.10 22:09:36;MANAGE;#157 SL 4118.35 -> 4118.23 trail
2026.06.10 22:10:00;MANAGE;#157 SL 4118.23 -> 4118.09 trail
2026.06.10 22:10:06;MANAGE;#157 SL 4118.09 -> 4117.84 trail
2026.06.10 22:10:09;MANAGE;#157 SL 4117.84 -> 4117.71 trail
2026.06.10 22:10:10;MANAGE;#157 SL 4117.71 -> 4117.58 trail
2026.06.10 22:10:11;MANAGE;#157 SL 4117.58 -> 4117.47 trail
2026.06.10 22:10:23;MANAGE;#157 SL 4117.47 -> 4117.35 trail
2026.06.10 22:10:23;MANAGE;#157 SL 4117.35 -> 4117.23 trail
2026.06.10 22:10:25;MANAGE;#157 SL 4117.23 -> 4116.98 trail
2026.06.10 22:10:26;MANAGE;#157 SL 4116.98 -> 4116.83 trail
2026.06.10 22:10:41;MANAGE;#157 SL 4116.83 -> 4116.69 trail
2026.06.10 22:10:41;MANAGE;#157 SL 4116.69 -> 4116.47 trail
2026.06.10 22:10:42;MANAGE;#157 SL 4116.47 -> 4116.35 trail
2026.06.10 22:10:52;MANAGE;#157 SL 4116.35 -> 4116.22 trail
2026.06.10 22:10:52;MANAGE;#157 SL 4116.22 -> 4116.11 trail
2026.06.10 22:10:56;MANAGE;#157 SL 4116.11 -> 4116.00 trail
2026.06.10 22:11:29;MANAGE;#157 SL 4116.00 -> 4115.88 trail
2026.06.10 22:11:33;MANAGE;#157 SL 4115.88 -> 4115.64 trail
2026.06.10 22:11:37;MANAGE;#157 SL 4115.64 -> 4115.51 trail
2026.06.10 22:11:38;MANAGE;#157 SL 4115.51 -> 4115.28 trail
2026.06.10 22:11:39;MANAGE;#157 SL 4115.28 -> 4115.17 trail
2026.06.10 22:11:42;MANAGE;#157 SL 4115.17 -> 4115.01 trail
2026.06.10 22:11:45;MANAGE;#157 SL 4115.01 -> 4114.86 trail
2026.06.10 22:11:46;MANAGE;#157 SL 4114.86 -> 4114.65 trail
2026.06.10 22:11:46;MANAGE;#157 SL 4114.65 -> 4114.54 trail
2026.06.10 22:11:47;MANAGE;#157 SL 4114.54 -> 4114.30 trail
2026.06.10 22:11:50;MANAGE;#157 SL 4114.30 -> 4114.09 trail
2026.06.10 22:11:54;MANAGE;#157 SL 4114.09 -> 4113.80 trail
2026.06.10 22:11:54;MANAGE;#157 SL 4113.80 -> 4113.44 trail
2026.06.10 22:11:56;MANAGE;#157 SL 4113.44 -> 4113.29 trail
2026.06.10 22:11:59;MANAGE;#157 SL 4113.29 -> 4113.16 trail
2026.06.10 22:11:59;MANAGE;#157 SL 4113.16 -> 4113.04 trail
2026.06.10 22:12:00;MANAGE;#157 SL 4113.04 -> 4112.93 trail
2026.06.10 22:12:28;MANAGE;#157 SL 4112.93 -> 4112.79 trail
2026.06.10 22:12:29;MANAGE;#157 SL 4112.79 -> 4112.65 trail
2026.06.10 22:12:30;MANAGE;#157 SL 4112.65 -> 4112.40 trail
2026.06.10 22:12:31;MANAGE;#157 SL 4112.40 -> 4112.29 trail
2026.06.10 22:12:33;MANAGE;#157 SL 4112.29 -> 4112.14 trail
2026.06.10 22:12:33;MANAGE;#157 SL 4112.14 -> 4112.02 trail
2026.06.10 22:12:34;MANAGE;#157 SL 4112.02 -> 4111.91 trail
2026.06.10 22:13:43;MANAGE;#157 SL 4111.91 -> 4111.64 trail
2026.06.10 22:13:43;MANAGE;#157 SL 4111.64 -> 4111.50 trail
2026.06.10 22:13:45;MANAGE;#157 SL 4111.50 -> 4111.26 trail
2026.06.10 22:13:51;MANAGE;#157 SL 4111.26 -> 4111.15 trail
2026.06.10 22:13:51;MANAGE;#157 SL 4111.15 -> 4111.02 trail
2026.06.10 22:13:53;MANAGE;#157 SL 4111.02 -> 4110.91 trail
2026.06.10 22:14:11;MANAGE;#157 SL 4110.91 -> 4110.70 trail
2026.06.10 22:15:00;VETO;signal rejected: score 0.50 < 0.55 [BOS short lvl=4100.82|RelVol=1.75|Retest@4097.82|VWAPside|ADX=43]
2026.06.10 22:23:12;MANAGE;#157 SL 4110.70 -> 4110.54 trail
2026.06.10 22:23:12;MANAGE;#157 SL 4110.54 -> 4110.23 trail
2026.06.10 22:23:12;MANAGE;#157 SL 4110.23 -> 4110.11 trail
2026.06.10 22:23:18;MANAGE;#157 SL 4110.11 -> 4110.01 trail
2026.06.10 22:23:18;MANAGE;#157 SL 4110.01 -> 4109.85 trail
2026.06.10 22:23:18;MANAGE;#157 SL 4109.85 -> 4109.72 trail
2026.06.10 22:23:19;MANAGE;#157 SL 4109.72 -> 4109.57 trail
2026.06.10 22:23:19;MANAGE;#157 SL 4109.57 -> 4109.45 trail
2026.06.10 22:23:30;MANAGE;#157 SL 4109.45 -> 4108.51 trail
2026.06.10 22:23:34;MANAGE;#157 SL 4108.51 -> 4108.34 trail
2026.06.10 22:23:34;MANAGE;#157 SL 4108.34 -> 4108.20 trail
2026.06.10 22:23:35;MANAGE;#157 SL 4108.20 -> 4108.02 trail
2026.06.10 22:23:46;MANAGE;#157 SL 4108.02 -> 4107.79 trail
2026.06.10 22:23:46;MANAGE;#157 SL 4107.79 -> 4107.55 trail
2026.06.10 22:23:46;MANAGE;#157 SL 4107.55 -> 4107.45 trail
2026.06.10 22:23:46;MANAGE;#157 SL 4107.45 -> 4107.31 trail
2026.06.10 22:23:48;MANAGE;#157 SL 4107.31 -> 4107.10 trail
2026.06.10 22:23:49;MANAGE;#157 SL 4107.10 -> 4107.00 trail
2026.06.10 22:23:49;MANAGE;#157 SL 4107.00 -> 4106.78 trail
2026.06.10 22:25:55;MANAGE;#157 SL 4106.78 -> 4106.64 trail
2026.06.10 22:25:55;MANAGE;#157 SL 4106.64 -> 4106.49 trail
2026.06.10 22:26:00;MANAGE;#157 SL 4106.49 -> 4106.36 trail
2026.06.10 22:26:26;MANAGE;#157 SL 4106.36 -> 4106.26 trail
2026.06.10 22:27:21;MANAGE;#157 SL 4106.26 -> 4106.16 trail
2026.06.10 22:27:21;MANAGE;#157 SL 4106.16 -> 4106.04 trail
2026.06.10 22:27:25;MANAGE;#157 SL 4106.04 -> 4105.94 trail
2026.06.10 22:27:46;MANAGE;#157 SL 4105.94 -> 4105.83 trail
2026.06.10 22:35:33;MANAGE;#157 SL 4105.83 -> 4105.70 trail
2026.06.10 22:35:34;MANAGE;#157 SL 4105.70 -> 4105.55 trail
2026.06.10 22:35:36;MANAGE;#157 SL 4105.55 -> 4105.39 trail
2026.06.10 22:35:36;MANAGE;#157 SL 4105.39 -> 4105.27 trail
2026.06.10 22:36:44;MANAGE;#157 SL 4105.27 -> 4105.08 trail
2026.06.10 22:36:44;MANAGE;#157 SL 4105.08 -> 4104.94 trail
2026.06.10 22:36:45;MANAGE;#157 SL 4104.94 -> 4104.79 trail
2026.06.10 22:36:46;MANAGE;#157 SL 4104.79 -> 4104.67 trail
2026.06.10 22:36:46;MANAGE;#157 SL 4104.67 -> 4104.49 trail
2026.06.10 22:58:01;MANAGE;#157 SL 4104.49 -> 4104.34 trail
2026.06.10 22:58:01;MANAGE;#157 SL 4104.34 -> 4104.07 trail
2026.06.10 22:58:01;MANAGE;#157 SL 4104.07 -> 4103.94 trail
2026.06.10 22:58:03;MANAGE;#157 SL 4103.94 -> 4103.83 trail
2026.06.11 01:00:00;MANAGE;#157 SL 4103.83 -> 4097.05 trail
2026.06.11 01:00:01;MANAGE;#157 SL 4097.05 -> 4096.94 trail
2026.06.11 01:00:01;MANAGE;#157 SL 4096.94 -> 4096.75 trail
2026.06.11 01:00:25;MANAGE;#157 SL 4096.75 -> 4094.92 trail
2026.06.11 01:00:30;MANAGE;#157 SL 4094.92 -> 4094.48 trail
2026.06.11 01:00:34;MANAGE;#157 SL 4094.48 -> 4094.19 trail
2026.06.11 01:00:48;MANAGE;#157 SL 4094.19 -> 4093.46 trail
2026.06.11 01:00:50;MANAGE;#157 SL 4093.46 -> 4093.33 trail
2026.06.11 01:00:56;MANAGE;#157 SL 4093.33 -> 4093.22 trail
2026.06.11 01:00:57;MANAGE;#157 SL 4093.22 -> 4092.78 trail
2026.06.11 01:00:59;MANAGE;#157 SL 4092.78 -> 4092.56 trail
2026.06.11 01:01:28;MANAGE;#157 SL 4092.56 -> 4092.13 trail
2026.06.11 01:01:29;RISK;deal closed pnl=91.11 streak=0 lock=0
2026.06.11 01:15:00;VETO;outlier bar masked, z=5.8
2026.06.11 02:15:00;VETO;outlier bar masked, z=4.1
2026.06.11 02:30:00;VETO;outlier bar masked, z=6.3
2026.06.11 10:30:00;VETO;signal rejected: score 0.50 < 0.55 [CHoCH long lvl=4106.28|RelVol=1.47|Retest@4109.11|VPnear|VWAPside]
2026.06.11 15:15:00;VETO;signal rejected: score 0.40 < 0.55 [CHoCH short lvl=4077.37|RelVol=1.20|Retest@4075.18|VWAPside]
2026.06.11 19:15:00;DECISION;setup LONG score=0.65 entry=4096.65 inv=4052.88 tgt=0.00 AWAIT-RETEST [CHoCH long lvl=4092.57|RelVol=1.71|Retest@4096.65|VPnode d=0.35|VWAPside]
2026.06.11 19:15:00;DECISION;TP capped 87.53036 -> 65.64777 (3.0xATR)
2026.06.11 19:15:00;ORDER;limit BUY 0.02 @ 4096.65 sl=4052.88 tp=4162.29 rc=10009 [WT|CHOCH|0.65|RL]
2026.06.11 19:15:00;RISK;sizing: vol_ratio=1.11 scalar=1.00 gap_buf=8.15036 eff_stop=51.91554
2026.06.11 19:19:43;ORDER;entry fill deal #158 BUY 0.02 @ 4096.62000
2026.06.11 20:33:38;MANAGE;#159 SL 4052.88 -> 4096.66 breakeven
2026.06.11 20:33:38;MANAGE;#159 partial close 0.01 of 0.02 lots
2026.06.11 20:33:38;RISK;deal closed pnl=43.82 streak=0 lock=0
2026.06.11 20:33:38;MANAGE;#159 SL 4096.66 -> 4106.92 trail
2026.06.11 20:33:38;MANAGE;#159 SL 4106.92 -> 4107.10 trail
2026.06.11 20:33:39;MANAGE;#159 SL 4107.10 -> 4107.40 trail
2026.06.11 20:33:39;MANAGE;#159 SL 4107.40 -> 4107.51 trail
2026.06.11 20:33:40;MANAGE;#159 SL 4107.51 -> 4107.62 trail
2026.06.11 20:33:43;MANAGE;#159 SL 4107.62 -> 4107.74 trail
2026.06.11 20:33:43;MANAGE;#159 SL 4107.74 -> 4107.86 trail
2026.06.11 20:33:43;MANAGE;#159 SL 4107.86 -> 4108.04 trail
2026.06.11 20:33:43;MANAGE;#159 SL 4108.04 -> 4108.69 trail
2026.06.11 20:33:43;MANAGE;#159 SL 4108.69 -> 4108.87 trail
2026.06.11 20:33:43;MANAGE;#159 SL 4108.87 -> 4109.03 trail
2026.06.11 20:33:44;MANAGE;#159 SL 4109.03 -> 4109.21 trail
2026.06.11 20:33:44;MANAGE;#159 SL 4109.21 -> 4109.66 trail
2026.06.11 20:33:44;MANAGE;#159 SL 4109.66 -> 4109.81 trail
2026.06.11 20:33:44;MANAGE;#159 SL 4109.81 -> 4110.29 trail
2026.06.11 20:33:44;MANAGE;#159 SL 4110.29 -> 4110.43 trail
2026.06.11 20:34:22;MANAGE;#159 SL 4110.43 -> 4110.85 trail
2026.06.11 20:34:22;MANAGE;#159 SL 4110.85 -> 4110.97 trail
2026.06.11 20:34:22;MANAGE;#159 SL 4110.97 -> 4111.18 trail
2026.06.11 20:34:22;MANAGE;#159 SL 4111.18 -> 4111.32 trail
2026.06.11 20:34:22;MANAGE;#159 SL 4111.32 -> 4111.58 trail
2026.06.11 20:34:22;MANAGE;#159 SL 4111.58 -> 4111.71 trail
2026.06.11 20:34:23;MANAGE;#159 SL 4111.71 -> 4112.00 trail
2026.06.11 20:34:23;MANAGE;#159 SL 4112.00 -> 4112.17 trail
2026.06.11 20:34:23;MANAGE;#159 SL 4112.17 -> 4112.37 trail
2026.06.11 20:34:25;MANAGE;#159 SL 4112.37 -> 4112.71 trail
2026.06.11 20:34:25;MANAGE;#159 SL 4112.71 -> 4112.85 trail
2026.06.11 20:34:25;MANAGE;#159 SL 4112.85 -> 4113.13 trail
2026.06.11 20:34:25;MANAGE;#159 SL 4113.13 -> 4113.28 trail
2026.06.11 20:34:25;MANAGE;#159 SL 4113.28 -> 4113.38 trail
2026.06.11 20:34:25;MANAGE;#159 SL 4113.38 -> 4113.79 trail
2026.06.11 20:34:26;MANAGE;#159 SL 4113.79 -> 4113.97 trail
2026.06.11 20:34:38;MANAGE;#159 SL 4113.97 -> 4114.10 trail
2026.06.11 20:34:38;MANAGE;#159 SL 4114.10 -> 4114.22 trail
2026.06.11 20:34:38;MANAGE;#159 SL 4114.22 -> 4114.33 trail
2026.06.11 20:34:38;MANAGE;#159 SL 4114.33 -> 4114.45 trail
2026.06.11 20:34:38;MANAGE;#159 SL 4114.45 -> 4114.59 trail
2026.06.11 20:34:55;MANAGE;#159 SL 4114.59 -> 4114.91 trail
2026.06.11 20:34:56;MANAGE;#159 SL 4114.91 -> 4115.21 trail
2026.06.11 20:34:56;MANAGE;#159 SL 4115.21 -> 4115.35 trail
2026.06.11 20:34:57;MANAGE;#159 SL 4115.35 -> 4115.48 trail
2026.06.11 20:34:58;MANAGE;#159 SL 4115.48 -> 4115.63 trail
2026.06.11 20:34:59;MANAGE;#159 SL 4115.63 -> 4115.83 trail
2026.06.11 20:34:59;MANAGE;#159 SL 4115.83 -> 4116.05 trail
2026.06.11 20:36:03;MANAGE;#159 SL 4116.05 -> 4116.16 trail
2026.06.11 20:36:03;MANAGE;#159 SL 4116.16 -> 4116.64 trail
2026.06.11 20:36:14;MANAGE;#159 SL 4116.64 -> 4116.75 trail
2026.06.11 20:36:14;MANAGE;#159 SL 4116.75 -> 4116.87 trail
2026.06.11 20:36:14;MANAGE;#159 SL 4116.87 -> 4117.40 trail
2026.06.11 20:36:14;MANAGE;#159 SL 4117.40 -> 4117.63 trail
2026.06.11 20:36:15;MANAGE;#159 SL 4117.63 -> 4117.75 trail
2026.06.11 20:36:15;MANAGE;#159 SL 4117.75 -> 4117.87 trail
2026.06.11 20:36:15;MANAGE;#159 SL 4117.87 -> 4118.33 trail
2026.06.11 20:36:15;MANAGE;#159 SL 4118.33 -> 4118.86 trail
2026.06.11 20:36:15;MANAGE;#159 SL 4118.86 -> 4119.07 trail
2026.06.11 20:36:15;MANAGE;#159 SL 4119.07 -> 4119.20 trail
2026.06.11 20:36:17;MANAGE;#159 SL 4119.20 -> 4119.30 trail
2026.06.11 20:36:18;MANAGE;#159 SL 4119.30 -> 4119.42 trail
2026.06.11 20:39:19;MANAGE;#159 SL 4119.42 -> 4119.56 trail
2026.06.11 20:39:23;MANAGE;#159 SL 4119.56 -> 4119.71 trail
2026.06.11 20:39:23;MANAGE;#159 SL 4119.71 -> 4119.86 trail
2026.06.11 20:39:24;MANAGE;#159 SL 4119.86 -> 4119.96 trail
2026.06.11 20:39:24;MANAGE;#159 SL 4119.96 -> 4120.40 trail
2026.06.11 20:39:24;MANAGE;#159 SL 4120.40 -> 4120.52 trail
2026.06.11 20:39:24;MANAGE;#159 SL 4120.52 -> 4120.63 trail
2026.06.11 20:39:24;MANAGE;#159 SL 4120.63 -> 4120.78 trail
2026.06.11 20:39:24;MANAGE;#159 SL 4120.78 -> 4121.01 trail
2026.06.11 20:39:25;MANAGE;#159 SL 4121.01 -> 4121.13 trail
2026.06.11 20:40:58;MANAGE;#159 SL 4121.13 -> 4121.37 trail
2026.06.11 20:40:58;MANAGE;#159 SL 4121.37 -> 4121.72 trail
2026.06.11 20:40:58;MANAGE;#159 SL 4121.72 -> 4121.85 trail
2026.06.11 20:41:00;MANAGE;#159 SL 4121.85 -> 4122.03 trail
2026.06.11 20:41:09;MANAGE;#159 SL 4122.03 -> 4122.13 trail
2026.06.11 20:41:09;MANAGE;#159 SL 4122.13 -> 4122.71 trail
2026.06.11 20:41:12;MANAGE;#159 SL 4122.71 -> 4123.01 trail
2026.06.11 20:41:13;MANAGE;#159 SL 4123.01 -> 4123.21 trail
2026.06.11 20:41:13;MANAGE;#159 SL 4123.21 -> 4123.33 trail
2026.06.11 20:41:14;MANAGE;#159 SL 4123.33 -> 4123.66 trail
2026.06.11 20:41:14;MANAGE;#159 SL 4123.66 -> 4123.81 trail
2026.06.11 20:41:15;MANAGE;#159 SL 4123.81 -> 4123.99 trail
2026.06.11 20:41:15;MANAGE;#159 SL 4123.99 -> 4124.27 trail
2026.06.11 20:41:15;MANAGE;#159 SL 4124.27 -> 4124.68 trail
2026.06.11 20:41:16;MANAGE;#159 SL 4124.68 -> 4124.82 trail
2026.06.11 20:41:16;MANAGE;#159 SL 4124.82 -> 4124.93 trail
2026.06.11 20:41:16;MANAGE;#159 SL 4124.93 -> 4125.26 trail
2026.06.11 20:41:16;MANAGE;#159 SL 4125.26 -> 4125.43 trail
2026.06.11 20:41:17;MANAGE;#159 SL 4125.43 -> 4125.59 trail
2026.06.11 20:41:44;MANAGE;#159 SL 4125.59 -> 4125.98 trail
2026.06.11 20:41:44;MANAGE;#159 SL 4125.98 -> 4126.11 trail
2026.06.11 20:41:51;MANAGE;#159 SL 4126.11 -> 4126.21 trail
2026.06.11 20:41:52;MANAGE;#159 SL 4126.21 -> 4126.33 trail
2026.06.11 20:41:53;MANAGE;#159 SL 4126.33 -> 4126.57 trail
2026.06.11 20:41:53;MANAGE;#159 SL 4126.57 -> 4126.68 trail
2026.06.11 20:41:53;MANAGE;#159 SL 4126.68 -> 4126.92 trail
2026.06.11 20:41:53;MANAGE;#159 SL 4126.92 -> 4127.12 trail
2026.06.11 20:41:53;MANAGE;#159 SL 4127.12 -> 4127.38 trail
2026.06.11 20:41:53;MANAGE;#159 SL 4127.38 -> 4127.55 trail
2026.06.11 20:41:53;MANAGE;#159 SL 4127.55 -> 4127.72 trail
2026.06.11 20:41:54;MANAGE;#159 SL 4127.72 -> 4127.82 trail
2026.06.11 20:41:54;MANAGE;#159 SL 4127.82 -> 4128.06 trail
2026.06.11 20:41:54;MANAGE;#159 SL 4128.06 -> 4128.45 trail
2026.06.11 20:41:54;MANAGE;#159 SL 4128.45 -> 4128.56 trail
2026.06.11 20:41:55;RISK;deal closed pnl=65.71 streak=0 lock=0
2026.06.11 20:45:00;VETO;outlier bar masked, z=9.5
2026.06.11 22:15:00;VETO;signal rejected: score 0.50 < 0.55 [BOS long lvl=4169.99|RelVol=2.11|Retest@4174.21|VWAPside|ADX=31]
2026.06.12 01:45:00;DECISION;setup LONG score=0.75 entry=4225.81 inv=4071.98 tgt=0.00 [BOS long lvl=4219.93|RelVol=1.58|VPnode d=11.41|VWAPside|ADX=50]
2026.06.12 01:45:00;VETO;authorization denied: outside session window (server hour 01, window 12-20)
2026.06.12 02:00:00;VETO;authorization denied: outside session window (server hour 02, window 12-20)
2026.06.12 02:15:00;VETO;authorization denied: outside session window (server hour 02, window 12-20)
2026.06.12 02:30:00;VETO;authorization denied: outside session window (server hour 02, window 12-20)
2026.06.12 06:30:00;DECISION;setup LONG score=0.60 entry=4203.44 inv=4171.42 tgt=0.00 [BOS long lvl=4200.07|RelVol=1.41|VPnear|CycleTurn w=-0.99<--0.99]
2026.06.12 06:30:00;VETO;authorization denied: outside session window (server hour 06, window 12-20)
2026.06.12 06:45:00;VETO;authorization denied: outside session window (server hour 06, window 12-20)
2026.06.12 07:00:00;VETO;authorization denied: outside session window (server hour 07, window 12-20)
2026.06.12 07:15:00;VETO;authorization denied: outside session window (server hour 07, window 12-20)
2026.06.12 11:30:00;DECISION;setup LONG score=0.95 entry=4213.06 inv=4170.16 tgt=0.00 [BOS long lvl=4204.95|RelVol=1.80|VPnode d=8.66|VWAPside|CycleTurn w=0.40<--0.63|ADX=31]
2026.06.12 11:30:00;VETO;authorization denied: outside session window (server hour 11, window 12-20)
2026.06.12 11:45:00;VETO;authorization denied: outside session window (server hour 11, window 12-20)
2026.06.12 12:00:00;DECISION;TP capped 99.30000 -> 74.47500 (3.0xATR)
2026.06.12 12:00:00;ORDER;filled BUY 0.01 lots sl=4170.16 tp=4294.29 [WT|BOS|0.95]
2026.06.12 12:00:00;RISK;sizing: vol_ratio=0.89 scalar=1.00 gap_buf=6.04464 eff_stop=55.69464
2026.06.12 12:00:00;ORDER;entry fill deal #161 BUY 0.01 @ 4219.81000
2026.06.12 14:30:00;VETO;signal rejected: score 0.50 < 0.55 [CHoCH short lvl=4202.79|RelVol=1.07|Retest@4200.12|VPnear|VWAPside]
2026.06.12 15:45:00;VETO;signal rejected: volume: relVol 0.94 < 1.00
2026.06.12 18:00:00;VETO;outlier bar masked, z=3.7
2026.06.12 18:15:00;DECISION;setup LONG score=0.85 entry=4213.61 inv=4193.21 tgt=0.00 AWAIT-RETEST [CHoCH long lvl=4210.21|RelVol=1.13|Retest@4213.61|StopFloored|VPnode d=2.61|VWAPside|CycleTurn w=-0.89<--0.99]
2026.06.12 18:15:00;VETO;retest limit risk veto: max positions
2026.06.12 18:30:00;DECISION;TP capped 65.53643 -> 49.15232 (3.0xATR)
2026.06.12 18:30:00;VETO;risk veto: max positions
2026.06.12 22:00:00;RISK;FLATTEN ALL: Friday flatten: weekend gap protection
2026.06.12 22:00:00;RISK;deal closed pnl=-4.12 streak=1 lock=0
2026.06.15 01:15:00;VETO;outlier bar masked, z=16.9
2026.06.15 04:45:00;DECISION;setup LONG score=0.65 entry=4310.77 inv=4201.86 tgt=0.00 AWAIT-RETEST [BOS long lvl=4308.14|RelVol=1.03|Retest@4310.77|VPnode d=4.17|VWAPside]
2026.06.15 08:45:00;VETO;signal rejected: volume: relVol 0.88 < 1.00
2026.06.15 11:45:00;DECISION;setup LONG score=0.85 entry=4335.28 inv=4300.80 tgt=0.00 AWAIT-RETEST [CHoCH long lvl=4332.99|RelVol=1.15|Retest@4335.28|VPnode d=1.88|VWAPside|CycleTurn w=-0.27<--0.82]
2026.06.15 12:00:04;DECISION;TP capped 67.82000 -> 50.86500 (3.0xATR)
2026.06.15 12:00:04;ORDER;filled BUY 0.02 lots sl=4300.80 tp=4385.57 [WT|CHOCH|0.85]
2026.06.15 12:00:04;RISK;sizing: vol_ratio=0.81 scalar=1.00 gap_buf=4.64857 eff_stop=38.55857
2026.06.15 12:00:04;ORDER;entry fill deal #163 BUY 0.02 @ 4334.71000
2026.06.15 16:00:00;VETO;signal rejected: volume: relVol 0.78 < 1.00
2026.06.15 16:41:46;MANAGE;#164 SL 4300.80 -> 4334.78 breakeven
2026.06.15 16:41:46;MANAGE;#164 partial close 0.01 of 0.02 lots
2026.06.15 16:41:46;RISK;deal closed pnl=33.92 streak=0 lock=0
2026.06.15 16:41:46;MANAGE;#164 SL 4334.78 -> 4354.59 trail
2026.06.15 16:59:17;RISK;deal closed pnl=19.88 streak=0 lock=0
2026.06.15 19:30:00;DECISION;setup SHORT score=0.55 entry=4346.98 inv=4369.40 tgt=0.00 AWAIT-RETEST [CHoCH short lvl=4349.55|RelVol=1.09|Retest@4346.98|VPnode d=2.62]
2026.06.15 19:30:00;DECISION;TP capped 44.84429 -> 33.63321 (3.0xATR)
2026.06.15 19:30:00;ORDER;limit SELL 0.03 @ 4346.98 sl=4369.40 tp=4313.34 rc=10009 [WT|CHOCH|0.55|RL]
2026.06.15 19:30:00;RISK;sizing: vol_ratio=0.97 scalar=1.00 gap_buf=5.14429 eff_stop=27.56643
2026.06.15 21:45:00;ORDER;cancelled 1 pending: setup expired/invalidated
2026.06.16 01:15:00;VETO;signal rejected: volume: relVol 0.63 < 1.00
2026.06.16 04:15:00;VETO;signal rejected: volume: relVol 0.90 < 1.00
2026.06.16 06:45:00;VETO;signal rejected: score 0.50 < 0.55 [BOS long lvl=4325.90|RelVol=1.07|Retest@4327.88|VPnear|VWAPside]
2026.06.16 11:00:00;VETO;signal rejected: score 0.50 < 0.55 [BOS long lvl=4330.89|RelVol=1.02|VWAPside|ADX=31]
2026.06.16 14:00:00;VETO;signal rejected: volume: relVol 0.80 < 1.00
2026.06.16 15:45:00;VETO;signal rejected: volume: relVol 0.84 < 1.00
2026.06.16 17:00:00;VETO;signal rejected: volume: relVol 0.97 < 1.00
2026.06.16 17:30:00;VETO;outlier bar masked, z=4.3
2026.06.16 19:00:00;VETO;outlier bar masked, z=5.7
2026.06.17 01:00:00;VETO;signal rejected: score 0.50 < 0.55 [BOS short lvl=4336.16|RelVol=1.13|CycleTurn w=-0.43<-0.70]
2026.06.17 04:15:00;VETO;outlier bar masked, z=3.9
2026.06.17 07:30:00;VETO;signal rejected: volume: relVol 0.99 < 1.00
2026.06.17 11:45:00;VETO;signal rejected: volume: relVol 0.93 < 1.00
2026.06.17 16:30:00;VETO;signal rejected: volume: relVol 0.81 < 1.00
2026.06.17 17:30:00;VETO;outlier bar masked, z=6.5
2026.06.17 17:45:00;VETO;outlier bar masked, z=4.6
2026.06.17 18:00:00;VETO;outlier bar masked, z=7.8
2026.06.17 19:30:00;VETO;signal rejected: volume: relVol 0.85 < 1.00
2026.06.17 20:45:00;VETO;outlier bar masked, z=7.2
2026.06.17 21:15:00;VETO;outlier bar masked, z=42.7
2026.06.17 21:30:00;VETO;outlier bar masked, z=8.2
2026.06.17 21:45:00;VETO;outlier bar masked, z=21.6
2026.06.17 22:00:00;VETO;outlier bar masked, z=19.4
2026.06.17 22:15:00;VETO;outlier bar masked, z=11.8
2026.06.17 22:30:00;VETO;outlier bar masked, z=13.5
2026.06.17 22:45:00;VETO;outlier bar masked, z=4.3
2026.06.18 01:00:00;VETO;outlier bar masked, z=4.3
2026.06.18 01:15:00;VETO;outlier bar masked, z=9.8
2026.06.18 02:15:00;VETO;outlier bar masked, z=4.4
2026.06.18 03:15:00;VETO;outlier bar masked, z=5.6
2026.06.18 04:15:00;VETO;outlier bar masked, z=5.0
2026.06.18 09:00:00;DECISION;setup SHORT score=0.75 entry=4308.11 inv=4324.00 tgt=0.00 [BOS short lvl=4309.09|RelVol=1.32|VPnode d=4.11|CycleTurn w=-0.28<--0.14]
2026.06.18 09:00:00;VETO;authorization denied: outside session window (server hour 09, window 12-20)
2026.06.18 09:15:00;VETO;authorization denied: outside session window (server hour 09, window 12-20)
2026.06.18 09:30:00;VETO;authorization denied: outside session window (server hour 09, window 12-20)
2026.06.18 09:45:00;VETO;authorization denied: outside session window (server hour 09, window 12-20)
2026.06.18 11:00:00;DECISION;setup SHORT score=0.65 entry=4293.93 inv=4324.75 tgt=0.00 AWAIT-RETEST [BOS short lvl=4296.26|RelVol=1.20|Retest@4293.93|VPnode d=5.47|VWAPside]
2026.06.18 14:00:00;VETO;signal rejected: score 0.50 < 0.55 [BOS short lvl=4259.56|RelVol=1.35|VWAPside|ADX=38]
2026.06.18 18:30:00;DECISION;setup SHORT score=0.65 entry=4235.76 inv=4276.73 tgt=0.00 [BOS short lvl=4237.19|RelVol=1.12|VPnode d=3.64|VWAPside]
2026.06.18 18:30:00;DECISION;TP capped 81.94000 -> 61.45500 (3.0xATR)
2026.06.18 18:30:00;ORDER;filled SELL 0.02 lots sl=4276.73 tp=4174.31 [WT|BOS|0.65]
2026.06.18 18:30:00;RISK;sizing: vol_ratio=1.08 scalar=1.00 gap_buf=7.04821 eff_stop=48.01821
2026.06.18 18:30:00;ORDER;entry fill deal #166 SELL 0.02 @ 4235.76000
2026.06.18 22:15:00;DECISION;setup SHORT score=0.70 entry=4211.97 inv=4233.19 tgt=0.00 AWAIT-RETEST [BOS short lvl=4214.00|RelVol=1.34|Retest@4211.97|VWAPside|CycleTurn w=0.91<-0.99|ADX=30]
2026.06.18 22:45:00;VETO;authorization denied: outside session window (server hour 22, window 12-20)
2026.06.19 01:00:00;VETO;authorization denied: outside session window (server hour 01, window 12-20)
2026.06.19 01:15:00;VETO;authorization denied: outside session window (server hour 01, window 12-20)
2026.06.19 01:30:00;VETO;authorization denied: outside session window (server hour 01, window 12-20)
2026.06.19 02:14:43;MANAGE;#168 SL 4276.73 -> 4235.76 breakeven
2026.06.19 02:14:43;MANAGE;#168 partial close 0.01 of 0.02 lots
2026.06.19 02:14:43;RISK;deal closed pnl=41.01 streak=0 lock=0
2026.06.19 02:14:43;MANAGE;#168 SL 4235.76 -> 4210.42 trail
2026.06.19 02:14:43;MANAGE;#168 SL 4210.42 -> 4210.25 trail
2026.06.19 02:14:43;MANAGE;#168 SL 4210.25 -> 4209.74 trail
2026.06.19 02:15:00;VETO;signal rejected: score 0.50 < 0.55 [BOS short lvl=4200.90|RelVol=1.19|VPnear|VWAPside]
2026.06.19 02:45:02;MANAGE;#168 SL 4209.74 -> 4209.44 trail
2026.06.19 02:45:02;MANAGE;#168 SL 4209.44 -> 4209.31 trail
2026.06.19 02:45:02;MANAGE;#168 SL 4209.31 -> 4209.13 trail
2026.06.19 02:45:03;MANAGE;#168 SL 4209.13 -> 4209.01 trail
2026.06.19 02:45:03;MANAGE;#168 SL 4209.01 -> 4208.85 trail
2026.06.19 02:45:04;MANAGE;#168 SL 4208.85 -> 4208.73 trail
2026.06.19 02:45:04;MANAGE;#168 SL 4208.73 -> 4208.53 trail
2026.06.19 02:45:04;MANAGE;#168 SL 4208.53 -> 4208.41 trail
2026.06.19 02:45:04;MANAGE;#168 SL 4208.41 -> 4208.27 trail
2026.06.19 02:45:04;MANAGE;#168 SL 4208.27 -> 4208.09 trail
2026.06.19 02:45:04;MANAGE;#168 SL 4208.09 -> 4207.97 trail
2026.06.19 02:45:05;MANAGE;#168 SL 4207.97 -> 4207.80 trail
2026.06.19 02:45:06;MANAGE;#168 SL 4207.80 -> 4207.60 trail
2026.06.19 02:45:07;MANAGE;#168 SL 4207.60 -> 4207.48 trail
2026.06.19 02:45:13;MANAGE;#168 SL 4207.48 -> 4207.35 trail
2026.06.19 02:45:13;MANAGE;#168 SL 4207.35 -> 4207.23 trail
2026.06.19 02:45:14;MANAGE;#168 SL 4207.23 -> 4207.08 trail
2026.06.19 02:45:14;MANAGE;#168 SL 4207.08 -> 4206.96 trail
2026.06.19 02:45:19;MANAGE;#168 SL 4206.96 -> 4206.82 trail
2026.06.19 02:45:24;MANAGE;#168 SL 4206.82 -> 4206.39 trail
2026.06.19 02:45:24;MANAGE;#168 SL 4206.39 -> 4206.20 trail
2026.06.19 02:45:24;MANAGE;#168 SL 4206.20 -> 4206.01 trail
2026.06.19 02:45:24;MANAGE;#168 SL 4206.01 -> 4205.89 trail
2026.06.19 02:45:24;MANAGE;#168 SL 4205.89 -> 4205.64 trail
2026.06.19 02:45:24;MANAGE;#168 SL 4205.64 -> 4205.40 trail
2026.06.19 02:45:30;MANAGE;#168 SL 4205.40 -> 4205.15 trail
2026.06.19 02:45:31;MANAGE;#168 SL 4205.15 -> 4204.95 trail
2026.06.19 02:48:23;MANAGE;#168 SL 4204.95 -> 4204.84 trail
2026.06.19 02:49:16;MANAGE;#168 SL 4204.84 -> 4204.73 trail
2026.06.19 02:49:17;MANAGE;#168 SL 4204.73 -> 4204.62 trail
2026.06.19 02:56:38;MANAGE;#168 SL 4204.62 -> 4204.49 trail
2026.06.19 02:56:38;MANAGE;#168 SL 4204.49 -> 4204.29 trail
2026.06.19 02:56:38;MANAGE;#168 SL 4204.29 -> 4204.13 trail
2026.06.19 02:57:19;MANAGE;#168 SL 4204.13 -> 4203.99 trail
2026.06.19 02:57:23;MANAGE;#168 SL 4203.99 -> 4203.86 trail
2026.06.19 02:57:26;MANAGE;#168 SL 4203.86 -> 4203.66 trail
2026.06.19 03:06:55;MANAGE;#168 SL 4203.66 -> 4203.55 trail
2026.06.19 03:06:55;MANAGE;#168 SL 4203.55 -> 4203.40 trail
2026.06.19 03:06:55;MANAGE;#168 SL 4203.40 -> 4203.22 trail
2026.06.19 03:06:56;MANAGE;#168 SL 4203.22 -> 4203.07 trail
2026.06.19 03:06:57;MANAGE;#168 SL 4203.07 -> 4202.93 trail
2026.06.19 03:06:57;MANAGE;#168 SL 4202.93 -> 4202.68 trail
2026.06.19 03:06:59;MANAGE;#168 SL 4202.68 -> 4202.47 trail
2026.06.19 03:07:02;MANAGE;#168 SL 4202.47 -> 4202.28 trail
2026.06.19 03:07:03;MANAGE;#168 SL 4202.28 -> 4201.92 trail
2026.06.19 03:07:03;MANAGE;#168 SL 4201.92 -> 4201.74 trail
2026.06.19 03:07:06;MANAGE;#168 SL 4201.74 -> 4201.60 trail
2026.06.19 03:07:06;MANAGE;#168 SL 4201.60 -> 4201.48 trail
2026.06.19 04:05:34;MANAGE;#168 SL 4201.48 -> 4201.28 trail
2026.06.19 04:05:35;MANAGE;#168 SL 4201.28 -> 4201.02 trail
2026.06.19 04:05:37;MANAGE;#168 SL 4201.02 -> 4200.90 trail
2026.06.19 04:09:55;MANAGE;#168 SL 4200.90 -> 4200.75 trail
2026.06.19 04:18:00;MANAGE;#168 SL 4200.75 -> 4200.64 trail
2026.06.19 04:18:00;MANAGE;#168 SL 4200.64 -> 4200.49 trail
2026.06.19 04:18:33;MANAGE;#168 SL 4200.49 -> 4200.34 trail
2026.06.19 04:18:34;MANAGE;#168 SL 4200.34 -> 4200.22 trail
2026.06.19 04:20:45;MANAGE;#168 SL 4200.22 -> 4200.06 trail
2026.06.19 04:45:55;MANAGE;#168 SL 4200.06 -> 4199.78 trail
2026.06.19 04:46:01;MANAGE;#168 SL 4199.78 -> 4199.63 trail
2026.06.19 04:46:01;MANAGE;#168 SL 4199.63 -> 4199.29 trail
2026.06.19 04:51:14;MANAGE;#168 SL 4199.29 -> 4199.13 trail
2026.06.19 04:51:25;MANAGE;#168 SL 4199.13 -> 4199.01 trail
2026.06.19 05:02:39;MANAGE;#168 SL 4199.01 -> 4198.89 trail
2026.06.19 05:02:57;MANAGE;#168 SL 4198.89 -> 4198.64 trail
2026.06.19 05:06:00;MANAGE;#168 SL 4198.64 -> 4198.40 trail
2026.06.19 05:06:00;MANAGE;#168 SL 4198.40 -> 4198.27 trail
2026.06.19 05:06:00;MANAGE;#168 SL 4198.27 -> 4198.06 trail
2026.06.19 05:06:00;MANAGE;#168 SL 4198.06 -> 4197.83 trail
2026.06.19 05:06:00;MANAGE;#168 SL 4197.83 -> 4197.17 trail
2026.06.19 05:06:00;MANAGE;#168 SL 4197.17 -> 4196.81 trail
2026.06.19 05:07:50;MANAGE;#168 SL 4196.81 -> 4196.63 trail
2026.06.19 05:07:50;MANAGE;#168 SL 4196.63 -> 4196.46 trail
2026.06.19 05:07:50;MANAGE;#168 SL 4196.46 -> 4196.34 trail
2026.06.19 05:07:50;MANAGE;#168 SL 4196.34 -> 4196.21 trail
2026.06.19 05:07:51;MANAGE;#168 SL 4196.21 -> 4195.79 trail
2026.06.19 05:07:51;MANAGE;#168 SL 4195.79 -> 4195.57 trail
2026.06.19 05:07:51;MANAGE;#168 SL 4195.57 -> 4195.44 trail
2026.06.19 05:07:51;MANAGE;#168 SL 4195.44 -> 4195.33 trail
2026.06.19 05:07:51;MANAGE;#168 SL 4195.33 -> 4195.22 trail
2026.06.19 05:07:51;MANAGE;#168 SL 4195.22 -> 4195.08 trail
2026.06.19 05:07:51;MANAGE;#168 SL 4195.08 -> 4194.83 trail
2026.06.19 05:07:52;MANAGE;#168 SL 4194.83 -> 4194.68 trail
2026.06.19 05:07:52;MANAGE;#168 SL 4194.68 -> 4194.58 trail
2026.06.19 05:08:42;MANAGE;#168 SL 4194.58 -> 4194.46 trail
2026.06.19 05:08:42;MANAGE;#168 SL 4194.46 -> 4194.24 trail
2026.06.19 05:08:42;MANAGE;#168 SL 4194.24 -> 4194.07 trail
2026.06.19 05:08:43;MANAGE;#168 SL 4194.07 -> 4193.90 trail
2026.06.19 05:08:43;MANAGE;#168 SL 4193.90 -> 4193.80 trail
2026.06.19 05:14:14;MANAGE;#168 SL 4193.80 -> 4193.70 trail
2026.06.19 05:14:28;MANAGE;#168 SL 4193.70 -> 4193.48 trail
2026.06.19 05:14:28;MANAGE;#168 SL 4193.48 -> 4193.35 trail
2026.06.19 05:14:28;MANAGE;#168 SL 4193.35 -> 4193.19 trail
2026.06.19 05:14:29;MANAGE;#168 SL 4193.19 -> 4193.02 trail
2026.06.19 05:14:30;MANAGE;#168 SL 4193.02 -> 4192.80 trail
2026.06.19 05:15:00;VETO;signal rejected: volume: relVol 0.82 < 1.00
2026.06.19 05:15:47;MANAGE;#168 SL 4192.80 -> 4192.67 trail
2026.06.19 05:15:52;MANAGE;#168 SL 4192.67 -> 4192.51 trail
2026.06.19 05:15:53;MANAGE;#168 SL 4192.51 -> 4192.40 trail
2026.06.19 05:15:53;MANAGE;#168 SL 4192.40 -> 4192.29 trail
2026.06.19 05:15:53;MANAGE;#168 SL 4192.29 -> 4192.18 trail
2026.06.19 05:15:53;MANAGE;#168 SL 4192.18 -> 4192.00 trail
2026.06.19 05:15:53;MANAGE;#168 SL 4192.00 -> 4191.84 trail
2026.06.19 05:15:53;MANAGE;#168 SL 4191.84 -> 4191.51 trail
2026.06.19 05:15:53;MANAGE;#168 SL 4191.51 -> 4191.36 trail
2026.06.19 05:15:54;MANAGE;#168 SL 4191.36 -> 4191.22 trail
2026.06.19 05:15:55;MANAGE;#168 SL 4191.22 -> 4191.04 trail
2026.06.19 05:16:23;MANAGE;#168 SL 4191.04 -> 4190.88 trail
2026.06.19 05:16:25;MANAGE;#168 SL 4190.88 -> 4190.77 trail
2026.06.19 05:17:11;MANAGE;#168 SL 4190.77 -> 4190.64 trail
2026.06.19 05:17:16;MANAGE;#168 SL 4190.64 -> 4190.51 trail
2026.06.19 05:17:16;MANAGE;#168 SL 4190.51 -> 4190.40 trail
2026.06.19 05:46:47;MANAGE;#168 SL 4190.40 -> 4190.26 trail
2026.06.19 05:46:47;MANAGE;#168 SL 4190.26 -> 4190.16 trail
2026.06.19 05:46:56;MANAGE;#168 SL 4190.16 -> 4190.05 trail
2026.06.19 05:46:57;MANAGE;#168 SL 4190.05 -> 4189.94 trail
2026.06.19 05:46:59;MANAGE;#168 SL 4189.94 -> 4189.84 trail
2026.06.19 05:47:04;MANAGE;#168 SL 4189.84 -> 4189.70 trail
2026.06.19 05:47:04;MANAGE;#168 SL 4189.70 -> 4189.60 trail
2026.06.19 05:50:28;MANAGE;#168 SL 4189.60 -> 4189.49 trail
2026.06.19 05:50:51;MANAGE;#168 SL 4189.49 -> 4189.33 trail
2026.06.19 05:50:54;MANAGE;#168 SL 4189.33 -> 4189.23 trail
2026.06.19 05:50:54;MANAGE;#168 SL 4189.23 -> 4189.04 trail
2026.06.19 05:50:54;MANAGE;#168 SL 4189.04 -> 4188.89 trail
2026.06.19 05:50:54;MANAGE;#168 SL 4188.89 -> 4188.78 trail
2026.06.19 05:50:54;MANAGE;#168 SL 4188.78 -> 4188.65 trail
2026.06.19 05:50:55;MANAGE;#168 SL 4188.65 -> 4188.43 trail
2026.06.19 05:50:55;MANAGE;#168 SL 4188.43 -> 4188.33 trail
2026.06.19 05:50:55;MANAGE;#168 SL 4188.33 -> 4188.18 trail
2026.06.19 05:51:05;RISK;deal closed pnl=61.48 streak=0 lock=0
2026.06.19 16:00:00;VETO;outlier bar masked, z=6.8
2026.06.19 17:45:00;VETO;signal rejected: volume: relVol 0.66 < 1.00
2026.06.19 20:00:00;VETO;signal rejected: volume: relVol 0.57 < 1.00
2026.06.22 01:15:00;VETO;outlier bar masked, z=5.5
2026.06.22 03:15:00;VETO;outlier bar masked, z=4.8
2026.06.22 03:30:00;VETO;signal rejected: score 0.50 < 0.55 [BOS long lvl=4164.74|RelVol=1.19|VPnear|VWAPside]
2026.06.22 04:00:00;VETO;outlier bar masked, z=5.3
2026.06.22 04:15:00;VETO;outlier bar masked, z=3.7
2026.06.22 13:00:00;VETO;signal rejected: volume: relVol 0.97 < 1.00
2026.06.22 16:30:00;DECISION;setup SHORT score=0.65 entry=4186.81 inv=4211.76 tgt=0.00 AWAIT-RETEST [CHoCH short lvl=4188.65|RelVol=1.17|Retest@4186.81|VPnode d=0.21|VWAPside]
2026.06.22 16:30:00;DECISION;TP capped 49.89536 -> 37.42152 (3.0xATR)
2026.06.22 16:30:00;ERROR;limit SELL 0.03 @ 4186.81 sl=4211.76 tp=4149.39 rc=10015 [WT|CHOCH|0.65|RL]
2026.06.22 16:45:00;DECISION;TP capped 41.40000 -> 31.05000 (3.0xATR)
2026.06.22 16:45:00;ORDER;filled SELL 0.04 lots sl=4211.76 tp=4160.01 [WT|CHOCH|0.65]
2026.06.22 16:45:00;RISK;sizing: vol_ratio=0.90 scalar=1.00 gap_buf=3.86893 eff_stop=24.56893
2026.06.22 16:45:00;ORDER;entry fill deal #169 SELL 0.04 @ 4191.06000
2026.06.22 17:00:00;VETO;outlier bar masked, z=4.5
2026.06.22 17:15:00;VETO;outlier bar masked, z=3.9
2026.06.22 18:45:00;DECISION;setup SHORT score=0.65 entry=4180.99 inv=4210.74 tgt=0.00 [BOS short lvl=4186.51|RelVol=1.16|VPnode d=5.81|VWAPside]
2026.06.22 18:45:00;DECISION;TP capped 59.50000 -> 44.62500 (3.0xATR)
2026.06.22 18:45:00;VETO;risk veto: max positions
2026.06.22 18:49:59;MANAGE;#171 SL 4211.76 -> 4190.98 breakeven
2026.06.22 18:49:59;MANAGE;#171 partial close 0.02 of 0.04 lots
2026.06.22 18:49:59;RISK;deal closed pnl=41.40 streak=0 lock=0
2026.06.22 19:58:09;RISK;deal closed pnl=-0.10 streak=1 lock=0
2026.06.23 02:45:00;VETO;signal rejected: volume: relVol 0.53 < 1.00
2026.06.23 03:15:00;VETO;signal rejected: volume: relVol 0.96 < 1.00
2026.06.23 04:30:00;VETO;signal rejected: score 0.50 < 0.55 [BOS short lvl=4178.34|RelVol=1.04|VPnear|VWAPside]
2026.06.23 04:45:00;VETO;outlier bar masked, z=5.0
2026.06.23 08:00:00;VETO;outlier bar masked, z=5.2
2026.06.23 08:15:00;VETO;outlier bar masked, z=4.2
2026.06.23 09:45:00;VETO;signal rejected: score 0.50 < 0.55 [BOS short lvl=4114.75|RelVol=1.30|VWAPside|ADX=61]
2026.06.23 15:15:00;DECISION;setup SHORT score=0.85 entry=4114.08 inv=4133.31 tgt=0.00 [BOS short lvl=4117.34|RelVol=1.01|VPnode d=3.22|VWAPside|CycleTurn w=0.97<-0.99]
2026.06.23 15:15:00;DECISION;TP capped 38.46000 -> 28.84500 (3.0xATR)
2026.06.23 15:15:00;ORDER;filled SELL 0.04 lots sl=4133.31 tp=4085.23 [WT|BOS|0.85]
2026.06.23 15:15:00;RISK;sizing: vol_ratio=0.96 scalar=1.00 gap_buf=4.47179 eff_stop=23.70179
2026.06.23 15:15:00;ORDER;entry fill deal #172 SELL 0.04 @ 4114.08000
2026.06.23 16:48:52;RISK;deal closed pnl=-77.00 streak=1 lock=0
2026.06.23 17:00:00;DECISION;setup LONG score=0.70 entry=4136.06 inv=4117.34 tgt=0.00 AWAIT-RETEST [CHoCH long lvl=4133.31|RelVol=1.09|Retest@4136.06|VPnear|VWAPside|CycleTurn w=0.66<-0.25]
2026.06.23 17:00:00;DECISION;TP capped 37.43321 -> 32.95929 (3.0xATR)
2026.06.23 17:00:00;ERROR;limit BUY 0.04 @ 4136.06 sl=4117.34 tp=4169.02 rc=10015 [WT|CHOCH|0.70|RL]
2026.06.23 17:15:00;DECISION;TP capped 40.70000 -> 33.76071 (3.0xATR)
2026.06.23 17:15:00;ORDER;filled BUY 0.04 lots sl=4117.34 tp=4171.45 [WT|CHOCH|0.70]
2026.06.23 17:15:00;RISK;sizing: vol_ratio=1.16 scalar=1.00 gap_buf=5.62679 eff_stop=25.97679
2026.06.23 17:15:00;ORDER;entry fill deal #174 BUY 0.04 @ 4137.69000
2026.06.23 19:45:00;VETO;signal rejected: volume: relVol 0.86 < 1.00
2026.06.23 21:30:00;VETO;signal rejected: volume: relVol 0.87 < 1.00
2026.06.23 21:42:34;RISK;deal closed pnl=-81.44 streak=2 lock=0
2026.06.24 01:00:00;VETO;signal rejected: score 0.30 < 0.55 [BOS short lvl=4112.84|RelVol=1.20]
2026.06.24 04:15:00;VETO;outlier bar masked, z=4.8
2026.06.24 05:45:00;VETO;outlier bar masked, z=3.6
2026.06.24 08:30:00;DECISION;setup LONG score=0.55 entry=4073.23 inv=4055.05 tgt=0.00 AWAIT-RETEST [CHoCH long lvl=4070.67|RelVol=1.25|Retest@4073.23|VPnode d=7.23]
2026.06.24 08:45:00;VETO;authorization denied: outside session window (server hour 08, window 12-20)
2026.06.24 09:00:00;VETO;authorization denied: outside session window (server hour 09, window 12-20)
2026.06.24 09:15:00;VETO;authorization denied: outside session window (server hour 09, window 12-20)
2026.06.24 09:30:00;VETO;authorization denied: outside session window (server hour 09, window 12-20)
2026.06.24 12:30:00;DECISION;setup SHORT score=0.85 entry=4070.64 inv=4087.65 tgt=0.00 AWAIT-RETEST [CHoCH short lvl=4073.06|RelVol=1.13|Retest@4070.64|VPnode d=0.84|VWAPside|CycleTurn w=0.72<-0.99]
2026.06.24 12:30:00;DECISION;TP capped 34.02500 -> 29.07000 (3.0xATR)
2026.06.24 12:30:00;ORDER;limit SELL 0.04 @ 4070.64 sl=4087.65 tp=4041.57 rc=10009 [WT|CHOCH|0.85|RL]
2026.06.24 12:30:00;RISK;sizing: vol_ratio=0.95 scalar=1.00 gap_buf=4.84500 eff_stop=21.85750
2026.06.24 12:30:03;ORDER;entry fill deal #176 SELL 0.04 @ 4070.74000
2026.06.24 14:04:33;MANAGE;#178 SL 4087.65 -> 4070.74 breakeven
2026.06.24 14:04:33;MANAGE;#178 partial close 0.02 of 0.04 lots
2026.06.24 14:04:33;RISK;deal closed pnl=33.84 streak=0 lock=0
2026.06.24 14:04:33;MANAGE;#178 SL 4070.74 -> 4070.18 trail
2026.06.24 14:04:33;MANAGE;#178 SL 4070.18 -> 4069.94 trail
2026.06.24 14:04:33;MANAGE;#178 SL 4069.94 -> 4069.72 trail
2026.06.24 14:04:33;MANAGE;#178 SL 4069.72 -> 4069.59 trail
2026.06.24 14:04:33;MANAGE;#178 SL 4069.59 -> 4069.48 trail
2026.06.24 14:04:33;MANAGE;#178 SL 4069.48 -> 4069.34 trail
2026.06.24 14:04:34;MANAGE;#178 SL 4069.34 -> 4069.20 trail
2026.06.24 14:04:34;MANAGE;#178 SL 4069.20 -> 4069.08 trail
2026.06.24 14:04:34;MANAGE;#178 SL 4069.08 -> 4068.91 trail
2026.06.24 14:04:34;MANAGE;#178 SL 4068.91 -> 4068.73 trail
2026.06.24 14:04:34;MANAGE;#178 SL 4068.73 -> 4068.60 trail
2026.06.24 14:04:34;MANAGE;#178 SL 4068.60 -> 4068.45 trail
2026.06.24 14:04:34;MANAGE;#178 SL 4068.45 -> 4068.32 trail
2026.06.24 14:04:36;MANAGE;#178 SL 4068.32 -> 4068.20 trail
2026.06.24 14:06:00;MANAGE;#178 SL 4068.20 -> 4067.51 trail
2026.06.24 14:06:00;MANAGE;#178 SL 4067.51 -> 4067.30 trail
2026.06.24 14:06:00;MANAGE;#178 SL 4067.30 -> 4067.07 trail
2026.06.24 14:06:00;MANAGE;#178 SL 4067.07 -> 4066.85 trail
2026.06.24 14:06:00;MANAGE;#178 SL 4066.85 -> 4066.54 trail
2026.06.24 14:06:00;MANAGE;#178 SL 4066.54 -> 4066.38 trail
2026.06.24 14:06:01;MANAGE;#178 SL 4066.38 -> 4066.18 trail
2026.06.24 14:06:01;MANAGE;#178 SL 4066.18 -> 4066.04 trail
2026.06.24 14:06:01;MANAGE;#178 SL 4066.04 -> 4065.93 trail
2026.06.24 14:06:01;MANAGE;#178 SL 4065.93 -> 4065.69 trail
2026.06.24 14:06:01;MANAGE;#178 SL 4065.69 -> 4065.33 trail
2026.06.24 14:13:34;MANAGE;#178 SL 4065.33 -> 4064.79 trail
2026.06.24 14:14:06;MANAGE;#178 SL 4064.79 -> 4064.66 trail
2026.06.24 14:14:08;MANAGE;#178 SL 4064.66 -> 4064.43 trail
2026.06.24 14:14:08;MANAGE;#178 SL 4064.43 -> 4064.26 trail
2026.06.24 14:14:08;MANAGE;#178 SL 4064.26 -> 4063.83 trail
2026.06.24 14:14:09;MANAGE;#178 SL 4063.83 -> 4063.66 trail
2026.06.24 14:14:09;MANAGE;#178 SL 4063.66 -> 4063.53 trail
2026.06.24 14:14:09;MANAGE;#178 SL 4063.53 -> 4063.42 trail
2026.06.24 14:14:09;MANAGE;#178 SL 4063.42 -> 4063.14 trail
2026.06.24 14:14:11;MANAGE;#178 SL 4063.14 -> 4062.99 trail
2026.06.24 14:14:13;MANAGE;#178 SL 4062.99 -> 4062.76 trail
2026.06.24 14:14:51;MANAGE;#178 SL 4062.76 -> 4062.63 trail
2026.06.24 14:14:52;MANAGE;#178 SL 4062.63 -> 4062.45 trail
2026.06.24 14:14:52;MANAGE;#178 SL 4062.45 -> 4062.30 trail
2026.06.24 14:14:52;MANAGE;#178 SL 4062.30 -> 4062.17 trail
2026.06.24 14:14:52;MANAGE;#178 SL 4062.17 -> 4062.01 trail
2026.06.24 14:15:41;MANAGE;#178 SL 4062.01 -> 4061.86 trail
2026.06.24 14:15:43;MANAGE;#178 SL 4061.86 -> 4061.53 trail
2026.06.24 14:15:43;MANAGE;#178 SL 4061.53 -> 4061.40 trail
2026.06.24 14:15:43;MANAGE;#178 SL 4061.40 -> 4060.94 trail
2026.06.24 14:15:44;MANAGE;#178 SL 4060.94 -> 4060.82 trail
2026.06.24 14:15:44;MANAGE;#178 SL 4060.82 -> 4060.66 trail
2026.06.24 14:15:45;MANAGE;#178 SL 4060.66 -> 4060.55 trail
2026.06.24 14:15:45;MANAGE;#178 SL 4060.55 -> 4060.39 trail
2026.06.24 14:15:45;MANAGE;#178 SL 4060.39 -> 4060.08 trail
2026.06.24 14:15:45;MANAGE;#178 SL 4060.08 -> 4059.80 trail
2026.06.24 14:15:45;MANAGE;#178 SL 4059.80 -> 4059.58 trail
2026.06.24 14:15:51;MANAGE;#178 SL 4059.58 -> 4059.21 trail
2026.06.24 14:15:51;RISK;deal closed pnl=58.78 streak=0 lock=0
2026.06.24 15:30:00;VETO;outlier bar masked, z=7.1
2026.06.24 16:00:00;VETO;outlier bar masked, z=5.2
2026.06.24 16:15:00;VETO;outlier bar masked, z=4.7
2026.06.24 16:45:00;VETO;outlier bar masked, z=8.2
2026.06.24 17:00:00;VETO;outlier bar masked, z=5.4
2026.06.24 20:30:00;DECISION;setup SHORT score=0.60 entry=3990.59 inv=4022.24 tgt=0.00 [BOS short lvl=3995.59|RelVol=1.52|VWAPside|CycleTurn w=0.99<-1.00]
2026.06.24 20:30:00;VETO;authorization denied: outside session window (server hour 20, window 12-20)
2026.06.24 20:45:00;VETO;authorization denied: outside session window (server hour 20, window 12-20)
2026.06.24 21:00:00;VETO;authorization denied: outside session window (server hour 21, window 12-20)
2026.06.24 21:15:00;VETO;outlier bar masked, z=4.3
2026.06.24 21:30:00;VETO;authorization denied: outside session window (server hour 21, window 12-20)
2026.06.25 01:15:00;VETO;signal rejected: volume: relVol 0.75 < 1.00
2026.06.25 02:45:00;VETO;signal rejected: score 0.50 < 0.55 [BOS long lvl=4008.44|RelVol=1.21|VPnear|VWAPside]
2026.06.25 03:45:00;DECISION;setup SHORT score=0.85 entry=3988.12 inv=4018.63 tgt=0.00 AWAIT-RETEST [CHoCH short lvl=3990.80|RelVol=1.24|Retest@3988.12|VPnode d=5.32|VWAPside|CycleTurn w=0.97<-1.00]
2026.06.25 04:00:00;VETO;authorization denied: outside session window (server hour 04, window 12-20)
2026.06.25 04:15:00;VETO;authorization denied: outside session window (server hour 04, window 12-20)
2026.06.25 04:30:00;VETO;authorization denied: outside session window (server hour 04, window 12-20)
2026.06.25 04:45:00;VETO;authorization denied: outside session window (server hour 04, window 12-20)
2026.06.25 15:45:00;DECISION;setup LONG score=0.70 entry=4004.12 inv=3973.64 tgt=0.00 AWAIT-RETEST [CHoCH long lvl=4002.03|RelVol=1.67|Retest@4004.12|VPnear|VWAPside|CycleTurn w=-0.58<--0.98]
2026.06.25 15:45:00;DECISION;TP capped 60.96357 -> 45.72268 (3.0xATR)
2026.06.25 15:45:00;ORDER;limit BUY 0.03 @ 4004.12 sl=3973.64 tp=4049.84 rc=10009 [WT|CHOCH|0.70|RL]
2026.06.25 15:45:00;RISK;sizing: vol_ratio=0.63 scalar=1.00 gap_buf=4.18357 eff_stop=34.66536
2026.06.25 15:45:21;ORDER;entry fill deal #179 BUY 0.03 @ 4004.12000
2026.06.25 18:22:28;MANAGE;#181 SL 3973.64 -> 4004.12 breakeven
2026.06.25 18:22:28;MANAGE;#181 partial close 0.01 of 0.03 lots
2026.06.25 18:22:28;RISK;deal closed pnl=30.91 streak=0 lock=0
2026.06.25 18:22:28;MANAGE;#181 SL 4004.12 -> 4004.93 trail
2026.06.25 18:22:28;MANAGE;#181 SL 4004.93 -> 4005.06 trail
2026.06.25 18:22:28;MANAGE;#181 SL 4005.06 -> 4005.64 trail
2026.06.25 18:22:28;MANAGE;#181 SL 4005.64 -> 4005.81 trail
2026.06.25 18:22:28;MANAGE;#181 SL 4005.81 -> 4005.99 trail
2026.06.25 18:22:31;MANAGE;#181 SL 4005.99 -> 4006.09 trail
2026.06.25 18:22:31;MANAGE;#181 SL 4006.09 -> 4006.36 trail
2026.06.25 18:22:31;MANAGE;#181 SL 4006.36 -> 4006.53 trail
2026.06.25 18:22:34;MANAGE;#181 SL 4006.53 -> 4006.71 trail
2026.06.25 18:22:34;MANAGE;#181 SL 4006.71 -> 4007.25 trail
2026.06.25 18:22:35;MANAGE;#181 SL 4007.25 -> 4007.51 trail
2026.06.25 18:22:35;MANAGE;#181 SL 4007.51 -> 4007.81 trail
2026.06.25 18:22:35;MANAGE;#181 SL 4007.81 -> 4007.96 trail
2026.06.25 18:22:42;MANAGE;#181 SL 4007.96 -> 4008.14 trail
2026.06.25 18:22:42;MANAGE;#181 SL 4008.14 -> 4008.29 trail
2026.06.25 18:22:42;MANAGE;#181 SL 4008.29 -> 4008.65 trail
2026.06.25 18:22:42;MANAGE;#181 SL 4008.65 -> 4009.41 trail
2026.06.25 18:22:42;MANAGE;#181 SL 4009.41 -> 4009.70 trail
2026.06.25 18:22:42;MANAGE;#181 SL 4009.70 -> 4009.97 trail
2026.06.25 18:22:45;MANAGE;#181 SL 4009.97 -> 4010.21 trail
2026.06.25 18:22:46;MANAGE;#181 SL 4010.21 -> 4010.43 trail
2026.06.25 19:00:00;VETO;signal rejected: score 0.40 < 0.55 [BOS long lvl=4034.11|RelVol=1.40|VWAPside]
2026.06.25 19:17:16;MANAGE;#181 SL 4010.43 -> 4010.66 trail
2026.06.25 19:17:16;MANAGE;#181 SL 4010.66 -> 4011.12 trail
2026.06.25 20:55:43;MANAGE;#181 SL 4011.12 -> 4011.28 trail
2026.06.25 20:56:23;MANAGE;#181 SL 4011.28 -> 4011.42 trail
2026.06.25 20:56:26;MANAGE;#181 SL 4011.42 -> 4011.56 trail
2026.06.25 20:56:57;MANAGE;#181 SL 4011.56 -> 4011.67 trail
2026.06.25 20:56:59;MANAGE;#181 SL 4011.67 -> 4011.81 trail
2026.06.25 20:57:01;MANAGE;#181 SL 4011.81 -> 4011.93 trail
2026.06.25 20:57:02;MANAGE;#181 SL 4011.93 -> 4012.05 trail
2026.06.25 20:57:02;MANAGE;#181 SL 4012.05 -> 4012.18 trail
2026.06.25 20:57:02;MANAGE;#181 SL 4012.18 -> 4012.34 trail
2026.06.25 20:57:04;MANAGE;#181 SL 4012.34 -> 4012.45 trail
2026.06.25 20:57:04;MANAGE;#181 SL 4012.45 -> 4012.56 trail
2026.06.25 20:57:04;MANAGE;#181 SL 4012.56 -> 4012.83 trail
2026.06.25 20:57:18;MANAGE;#181 SL 4012.83 -> 4013.00 trail
2026.06.25 21:16:10;MANAGE;#181 SL 4013.00 -> 4013.14 trail
2026.06.25 21:16:11;MANAGE;#181 SL 4013.14 -> 4013.26 trail
2026.06.25 21:16:12;MANAGE;#181 SL 4013.26 -> 4013.37 trail
2026.06.25 21:16:15;MANAGE;#181 SL 4013.37 -> 4013.61 trail
2026.06.25 21:16:15;MANAGE;#181 SL 4013.61 -> 4013.75 trail
2026.06.25 21:16:17;MANAGE;#181 SL 4013.75 -> 4013.89 trail
2026.06.25 21:16:18;MANAGE;#181 SL 4013.89 -> 4014.02 trail
2026.06.25 21:16:20;MANAGE;#181 SL 4014.02 -> 4014.20 trail
2026.06.25 21:16:22;MANAGE;#181 SL 4014.20 -> 4014.30 trail
2026.06.25 21:16:26;MANAGE;#181 SL 4014.30 -> 4014.54 trail
2026.06.25 21:16:26;MANAGE;#181 SL 4014.54 -> 4014.66 trail
2026.06.25 21:16:26;MANAGE;#181 SL 4014.66 -> 4014.76 trail
2026.06.25 21:16:27;MANAGE;#181 SL 4014.76 -> 4014.86 trail
2026.06.25 21:16:28;MANAGE;#181 SL 4014.86 -> 4014.98 trail
2026.06.25 21:16:30;MANAGE;#181 SL 4014.98 -> 4015.16 trail
2026.06.25 21:16:31;MANAGE;#181 SL 4015.16 -> 4015.27 trail
2026.06.25 21:16:32;MANAGE;#181 SL 4015.27 -> 4015.41 trail
2026.06.25 21:16:32;MANAGE;#181 SL 4015.41 -> 4015.64 trail
2026.06.25 21:16:33;MANAGE;#181 SL 4015.64 -> 4015.77 trail
2026.06.25 21:16:33;MANAGE;#181 SL 4015.77 -> 4015.92 trail
2026.06.25 21:18:46;MANAGE;#181 SL 4015.92 -> 4016.26 trail
2026.06.25 21:18:46;MANAGE;#181 SL 4016.26 -> 4016.44 trail
2026.06.25 21:18:46;MANAGE;#181 SL 4016.44 -> 4016.72 trail
2026.06.25 21:18:47;MANAGE;#181 SL 4016.72 -> 4016.82 trail
2026.06.25 21:18:47;MANAGE;#181 SL 4016.82 -> 4016.92 trail
2026.06.25 21:19:04;MANAGE;#181 SL 4016.92 -> 4017.02 trail
2026.06.25 21:19:04;MANAGE;#181 SL 4017.02 -> 4017.23 trail
2026.06.25 21:19:04;MANAGE;#181 SL 4017.23 -> 4017.40 trail
2026.06.25 21:19:04;MANAGE;#181 SL 4017.40 -> 4017.63 trail
2026.06.25 21:19:04;MANAGE;#181 SL 4017.63 -> 4017.76 trail
2026.06.25 21:19:04;MANAGE;#181 SL 4017.76 -> 4017.93 trail
2026.06.25 21:19:04;MANAGE;#181 SL 4017.93 -> 4018.15 trail
2026.06.25 21:19:06;MANAGE;#181 SL 4018.15 -> 4018.30 trail
2026.06.25 21:25:49;MANAGE;#181 SL 4018.30 -> 4018.42 trail
2026.06.25 21:25:50;MANAGE;#181 SL 4018.42 -> 4018.54 trail
2026.06.25 21:25:56;MANAGE;#181 SL 4018.54 -> 4018.64 trail
2026.06.25 21:25:58;MANAGE;#181 SL 4018.64 -> 4018.80 trail
2026.06.25 21:25:58;MANAGE;#181 SL 4018.80 -> 4019.00 trail
2026.06.25 21:25:58;MANAGE;#181 SL 4019.00 -> 4019.37 trail
2026.06.25 21:26:03;MANAGE;#181 SL 4019.37 -> 4019.48 trail
2026.06.25 21:26:03;MANAGE;#181 SL 4019.48 -> 4019.59 trail
2026.06.25 21:26:03;MANAGE;#181 SL 4019.59 -> 4019.80 trail
2026.06.25 21:26:03;MANAGE;#181 SL 4019.80 -> 4019.95 trail
2026.06.25 21:26:03;MANAGE;#181 SL 4019.95 -> 4020.05 trail
2026.06.25 21:26:03;MANAGE;#181 SL 4020.05 -> 4020.22 trail
2026.06.25 21:26:05;MANAGE;#181 SL 4020.22 -> 4020.32 trail
2026.06.25 21:26:08;MANAGE;#181 SL 4020.32 -> 4020.48 trail
2026.06.25 21:26:12;MANAGE;#181 SL 4020.48 -> 4020.62 trail
2026.06.25 21:26:15;MANAGE;#181 SL 4020.62 -> 4020.72 trail
2026.06.25 21:29:27;MANAGE;#181 SL 4020.72 -> 4020.92 trail
2026.06.25 21:29:27;MANAGE;#181 SL 4020.92 -> 4021.07 trail
2026.06.25 21:29:29;MANAGE;#181 SL 4021.07 -> 4021.32 trail
2026.06.25 21:29:52;MANAGE;#181 SL 4021.32 -> 4021.49 trail
2026.06.25 21:29:52;MANAGE;#181 SL 4021.49 -> 4021.59 trail
2026.06.25 21:29:53;MANAGE;#181 SL 4021.59 -> 4021.72 trail
2026.06.25 21:29:57;MANAGE;#181 SL 4021.72 -> 4021.88 trail
2026.06.25 21:29:58;MANAGE;#181 SL 4021.88 -> 4022.05 trail
2026.06.25 21:30:00;VETO;signal rejected: score 0.40 < 0.55 [BOS long lvl=4044.08|RelVol=1.15|VWAPside]
2026.06.25 22:11:20;MANAGE;#181 SL 4022.05 -> 4022.15 trail
2026.06.25 22:11:20;MANAGE;#181 SL 4022.15 -> 4022.27 trail
2026.06.25 22:11:20;MANAGE;#181 SL 4022.27 -> 4022.40 trail
2026.06.25 22:12:51;MANAGE;#181 SL 4022.40 -> 4022.50 trail
2026.06.25 22:15:04;MANAGE;#181 SL 4022.50 -> 4022.61 trail
2026.06.25 22:15:10;MANAGE;#181 SL 4022.61 -> 4022.71 trail
2026.06.25 22:15:11;MANAGE;#181 SL 4022.71 -> 4022.82 trail
2026.06.25 22:15:11;MANAGE;#181 SL 4022.82 -> 4022.96 trail
2026.06.25 22:15:11;MANAGE;#181 SL 4022.96 -> 4023.19 trail
2026.06.25 22:15:12;MANAGE;#181 SL 4023.19 -> 4023.30 trail
2026.06.25 22:15:13;MANAGE;#181 SL 4023.30 -> 4023.50 trail
2026.06.25 22:16:03;MANAGE;#181 SL 4023.50 -> 4023.61 trail
2026.06.25 22:16:03;MANAGE;#181 SL 4023.61 -> 4023.78 trail
2026.06.25 22:16:04;MANAGE;#181 SL 4023.78 -> 4023.88 trail
2026.06.25 22:16:04;MANAGE;#181 SL 4023.88 -> 4023.99 trail
2026.06.25 22:16:05;MANAGE;#181 SL 4023.99 -> 4024.10 trail
2026.06.25 22:16:05;MANAGE;#181 SL 4024.10 -> 4024.21 trail
2026.06.25 22:16:05;MANAGE;#181 SL 4024.21 -> 4024.35 trail
2026.06.25 22:16:06;MANAGE;#181 SL 4024.35 -> 4024.47 trail
2026.06.25 22:16:07;MANAGE;#181 SL 4024.47 -> 4024.69 trail
2026.06.25 22:16:07;MANAGE;#181 SL 4024.69 -> 4024.81 trail
2026.06.25 22:16:10;MANAGE;#181 SL 4024.81 -> 4024.91 trail
2026.06.25 22:16:10;MANAGE;#181 SL 4024.91 -> 4025.02 trail
2026.06.25 22:16:11;MANAGE;#181 SL 4025.02 -> 4025.12 trail
2026.06.25 22:16:12;MANAGE;#181 SL 4025.12 -> 4025.26 trail
2026.06.25 22:16:12;MANAGE;#181 SL 4025.26 -> 4025.37 trail
2026.06.25 22:16:12;MANAGE;#181 SL 4025.37 -> 4025.49 trail
2026.06.25 22:16:16;MANAGE;#181 SL 4025.49 -> 4025.59 trail
2026.06.25 22:16:16;MANAGE;#181 SL 4025.59 -> 4025.70 trail
2026.06.25 22:16:16;MANAGE;#181 SL 4025.70 -> 4025.81 trail
2026.06.25 22:16:17;MANAGE;#181 SL 4025.81 -> 4025.91 trail
2026.06.25 22:50:07;RISK;deal closed pnl=43.58 streak=0 lock=0
2026.06.26 01:15:00;VETO;outlier bar masked, z=6.0
2026.06.26 05:30:00;DECISION;setup SHORT score=0.65 entry=4007.47 inv=4029.54 tgt=0.00 [BOS short lvl=4011.43|RelVol=1.17|VPnode d=6.73|VWAPside]
2026.06.26 05:30:00;VETO;authorization denied: outside session window (server hour 05, window 12-20)
2026.06.26 05:45:00;VETO;authorization denied: outside session window (server hour 05, window 12-20)
2026.06.26 06:00:00;VETO;authorization denied: outside session window (server hour 06, window 12-20)
2026.06.26 06:15:00;VETO;authorization denied: outside session window (server hour 06, window 12-20)
2026.06.26 10:00:00;DECISION;setup LONG score=0.65 entry=4031.77 inv=4005.72 tgt=0.00 AWAIT-RETEST [CHoCH long lvl=4029.54|RelVol=1.41|Retest@4031.77|VPnode d=5.17|VWAPside]
2026.06.26 10:15:00;VETO;authorization denied: outside session window (server hour 10, window 12-20)
2026.06.26 10:30:00;VETO;authorization denied: outside session window (server hour 10, window 12-20)
2026.06.26 10:45:00;VETO;authorization denied: outside session window (server hour 10, window 12-20)
2026.06.26 11:00:00;VETO;authorization denied: outside session window (server hour 11, window 12-20)
2026.06.26 12:30:00;VETO;signal rejected: score 0.50 < 0.55 [BOS long lvl=4039.83|RelVol=1.40|Retest@4042.07|VPnear|VWAPside]
2026.06.26 14:00:00;VETO;signal rejected: score 0.50 < 0.55 [BOS long lvl=4054.14|RelVol=1.02|VWAPside|ADX=33]
2026.06.26 15:45:00;VETO;signal rejected: volume: relVol 0.82 < 1.00
2026.06.26 16:00:00;VETO;outlier bar masked, z=4.2
2026.06.26 16:15:00;VETO;outlier bar masked, z=4.3
2026.06.26 18:45:00;VETO;signal rejected: volume: relVol 0.91 < 1.00
2026.06.26 21:00:00;VETO;signal rejected: volume: relVol 0.85 < 1.00
2026.06.29 01:15:00;VETO;outlier bar masked, z=5.2
2026.06.29 03:30:00;DECISION;setup SHORT score=0.65 entry=4048.29 inv=4085.55 tgt=0.00 [BOS short lvl=4053.29|RelVol=1.49|VPnode d=6.31|VWAPside]
2026.06.29 03:30:00;VETO;authorization denied: outside session window (server hour 03, window 12-20)
2026.06.29 03:45:00;VETO;outlier bar masked, z=3.8
2026.06.29 04:00:00;VETO;authorization denied: outside session window (server hour 04, window 12-20)
2026.06.29 04:15:00;VETO;authorization denied: outside session window (server hour 04, window 12-20)
2026.06.29 04:30:00;VETO;authorization denied: outside session window (server hour 04, window 12-20)
2026.06.29 13:00:00;VETO;signal rejected: score 0.50 < 0.55 [BOS short lvl=4039.36|RelVol=1.71|Retest@4037.15|VWAPside|ADX=33]
2026.06.29 17:15:00;VETO;outlier bar masked, z=4.3
2026.06.29 17:30:00;VETO;outlier bar masked, z=4.6
2026.06.29 22:00:00;VETO;signal rejected: volume: relVol 0.78 < 1.00
2026.06.30 03:30:00;VETO;signal rejected: volume: relVol 0.88 < 1.00
2026.06.30 04:15:00;VETO;outlier bar masked, z=9.2
2026.06.30 04:30:00;VETO;outlier bar masked, z=5.6
2026.06.30 09:30:00;VETO;outlier bar masked, z=6.0
2026.06.30 09:45:00;VETO;outlier bar masked, z=4.1
2026.06.30 16:00:00;VETO;signal rejected: volume: relVol 0.78 < 1.00
2026.06.30 17:15:00;VETO;outlier bar masked, z=3.9
2026.07.01 01:00:00;VETO;signal rejected: volume: relVol 0.96 < 1.00
2026.07.01 03:45:00;VETO;signal rejected: volume: relVol 0.89 < 1.00
2026.07.01 04:15:00;VETO;outlier bar masked, z=3.7
2026.07.01 09:15:00;DECISION;setup SHORT score=0.65 entry=3965.25 inv=3982.78 tgt=0.00 [BOS short lvl=3969.80|RelVol=1.04|VPnode d=4.35|VWAPside]
2026.07.01 09:15:00;VETO;authorization denied: outside session window (server hour 09, window 12-20)
2026.07.01 09:30:00;VETO;authorization denied: outside session window (server hour 09, window 12-20)
2026.07.01 09:45:00;VETO;authorization denied: outside session window (server hour 09, window 12-20)
2026.07.01 10:00:00;VETO;authorization denied: outside session window (server hour 10, window 12-20)
2026.07.01 13:30:00;VETO;signal rejected: volume: relVol 0.76 < 1.00
2026.07.01 14:15:00;VETO;outlier bar masked, z=4.7
2026.07.01 16:30:00;VETO;outlier bar masked, z=5.3
2026.07.01 16:45:00;VETO;outlier bar masked, z=14.3
2026.07.01 17:00:00;VETO;outlier bar masked, z=4.4
2026.07.01 17:45:00;VETO;outlier bar masked, z=4.3
2026.07.01 19:45:00;VETO;signal rejected: volume: relVol 0.80 < 1.00
2026.07.02 01:00:00;VETO;outlier bar masked, z=3.7
2026.07.02 01:15:00;VETO;outlier bar masked, z=10.2
2026.07.02 03:30:00;VETO;signal rejected: volume: relVol 0.84 < 1.00
2026.07.02 07:00:00;DECISION;setup LONG score=0.75 entry=4069.99 inv=4041.16 tgt=0.00 [BOS long lvl=4068.54|RelVol=1.25|VPnode d=2.19|VWAPside|ADX=34]
2026.07.02 07:00:00;VETO;authorization denied: outside session window (server hour 07, window 12-20)
2026.07.02 07:15:00;VETO;authorization denied: outside session window (server hour 07, window 12-20)
2026.07.02 07:30:00;VETO;authorization denied: outside session window (server hour 07, window 12-20)
2026.07.02 07:45:00;VETO;authorization denied: outside session window (server hour 07, window 12-20)
2026.07.02 09:30:00;VETO;signal rejected: volume: relVol 0.93 < 1.00
2026.07.02 15:45:00;VETO;outlier bar masked, z=20.3
2026.07.02 16:00:00;VETO;outlier bar masked, z=4.0
2026.07.02 16:45:00;VETO;outlier bar masked, z=5.2
2026.07.03 01:15:00;VETO;outlier bar masked, z=7.5
2026.07.03 02:30:00;VETO;signal rejected: volume: relVol 0.70 < 1.00
2026.07.03 04:15:00;VETO;outlier bar masked, z=6.2
2026.07.03 09:00:00;VETO;signal rejected: volume: relVol 0.71 < 1.00
2026.07.03 11:15:00;VETO;signal rejected: volume: relVol 0.70 < 1.00
2026.07.03 16:15:00;VETO;signal rejected: volume: relVol 0.68 < 1.00
2026.07.03 20:00:00;VETO;signal rejected: volume: relVol 0.49 < 1.00
2026.07.06 01:15:00;VETO;outlier bar masked, z=3.7
2026.07.06 03:00:00;VETO;outlier bar masked, z=4.4
2026.07.06 04:15:00;VETO;outlier bar masked, z=4.2
2026.07.06 06:15:00;VETO;signal rejected: volume: relVol 0.94 < 1.00
2026.07.06 10:45:00;VETO;signal rejected: volume: relVol 0.85 < 1.00
2026.07.06 12:30:00;VETO;signal rejected: volume: relVol 0.80 < 1.00
2026.07.06 15:45:00;VETO;signal rejected: volume: relVol 0.83 < 1.00
2026.07.06 17:45:00;VETO;signal rejected: volume: relVol 0.75 < 1.00
2026.07.06 18:30:37;VETO;signal rejected: volume: relVol 0.72 < 1.00
2026.07.06 20:00:00;VETO;signal rejected: volume: relVol 0.85 < 1.00
2026.07.07 03:00:00;VETO;signal rejected: volume: relVol 0.70 < 1.00
2026.07.07 08:15:00;VETO;signal rejected: volume: relVol 0.90 < 1.00
2026.07.07 11:15:00;VETO;signal rejected: volume: relVol 0.91 < 1.00
2026.07.07 14:30:00;VETO;signal rejected: volume: relVol 0.90 < 1.00
2026.07.07 15:15:00;VETO;outlier bar masked, z=3.9
2026.07.07 17:00:00;VETO;outlier bar masked, z=4.8
2026.07.07 22:00:00;DECISION;setup SHORT score=0.65 entry=4138.97 inv=4148.85 tgt=0.00 AWAIT-RETEST [CHoCH short lvl=4140.62|RelVol=1.28|Retest@4138.97|StopFloored|VPnode d=3.13|VWAPside]
2026.07.07 22:15:00;VETO;outlier bar masked, z=5.3
