time;tag;message
2026.01.01 00:00:00;RECOVER;init: v2.30 test_case=B1_no_exit_mgmt lock=0 streak=0 positions=0 equity=10000.00 day_eq=10000.00 peak_eq=10000.00
2026.01.02 01:15:00;VETO;signal rejected: regime: chop ADX 19.5 < 22.0
2026.01.02 05:00:00;VETO;signal rejected: volume: relVol 0.94 < 1.00
2026.01.02 07:30:00;DECISION;setup LONG score=0.60 entry=4378.45 inv=4345.03 tgt=0.00 [BOS long lvl=4378.41|RelVol=1.03|VPnear|VWAPside|ADX=58]
2026.01.02 07:30:00;VETO;authorization denied: outside session window (server hour 07, window 12-20)
2026.01.02 07:45:00;VETO;authorization denied: outside session window (server hour 07, window 12-20)
2026.01.02 08:00:00;VETO;authorization denied: outside session window (server hour 08, window 12-20)
2026.01.02 08:15:00;VETO;authorization denied: outside session window (server hour 08, window 12-20)
2026.01.02 10:00:00;DECISION;setup LONG score=0.75 entry=4382.82 inv=4371.13 tgt=0.00 [BOS long lvl=4381.74|RelVol=1.52|VPnode d=0.58|VWAPside|ADX=35]
2026.01.02 10:00:00;VETO;authorization denied: outside session window (server hour 10, window 12-20)
2026.01.02 10:15:00;VETO;authorization denied: outside session window (server hour 10, window 12-20)
2026.01.02 10:30:00;VETO;authorization denied: outside session window (server hour 10, window 12-20)
2026.01.02 10:45:00;VETO;authorization denied: outside session window (server hour 10, window 12-20)
2026.01.02 15:15:00;VETO;signal rejected: volume: relVol 0.79 < 1.00
2026.01.02 15:30:00;VETO;outlier bar masked, z=7.0
2026.01.02 16:45:00;VETO;outlier bar masked, z=4.4
2026.01.02 17:15:00;VETO;outlier bar masked, z=4.5
2026.01.02 20:15:00;VETO;signal rejected: score 0.50 < 0.55 [BOS short lvl=4315.03|RelVol=1.35|VWAPside|ADX=40]
2026.01.05 01:15:00;VETO;outlier bar masked, z=10.0
2026.01.05 03:15:00;VETO;outlier bar masked, z=5.5
2026.01.05 08:15:00;DECISION;setup LONG score=0.95 entry=4418.34 inv=4397.33 tgt=0.00 [BOS long lvl=4414.01|RelVol=1.48|VPnode d=5.34|VWAPside|CycleTurn w=-0.99<--1.00|ADX=41]
2026.01.05 08:15:00;VETO;authorization denied: outside session window (server hour 08, window 12-20)
2026.01.05 08:30:00;VETO;authorization denied: outside session window (server hour 08, window 12-20)
2026.01.05 08:45:00;VETO;authorization denied: outside session window (server hour 08, window 12-20)
2026.01.05 09:00:00;VETO;authorization denied: outside session window (server hour 09, window 12-20)
2026.01.05 10:30:00;DECISION;setup LONG score=0.60 entry=4426.57 inv=4401.07 tgt=0.00 [BOS long lvl=4426.41|RelVol=1.13|VPnear|VWAPside|ADX=58]
2026.01.05 10:30:00;VETO;authorization denied: outside session window (server hour 10, window 12-20)
2026.01.05 10:45:00;VETO;authorization denied: outside session window (server hour 10, window 12-20)
2026.01.05 11:00:00;VETO;authorization denied: outside session window (server hour 11, window 12-20)
2026.01.05 11:15:00;VETO;authorization denied: outside session window (server hour 11, window 12-20)
2026.01.05 13:30:00;VETO;outlier bar masked, z=3.8
2026.01.05 14:45:00;VETO;signal rejected: score 0.40 < 0.55 [CHoCH short lvl=4411.07|RelVol=1.39|Retest@4409.49|VWAPside]
2026.01.05 16:15:00;DECISION;setup LONG score=0.85 entry=4421.51 inv=4406.14 tgt=0.00 AWAIT-RETEST [CHoCH long lvl=4418.95|RelVol=1.34|Retest@4421.51|StopFloored|VPnode d=4.69|VWAPside|CycleTurn w=-0.95<--0.99]
2026.01.05 16:15:00;ORDER;limit BUY 0.04 @ 4421.51 sl=4406.14 tp=4452.26 rc=10009 [WT|CHOCH|0.85|RL]
2026.01.05 16:15:00;RISK;sizing: vol_ratio=1.07 scalar=0.95 gap_buf=5.12464 eff_stop=20.49857
2026.01.05 16:24:40;ORDER;entry fill deal #2 BUY 0.04 @ 4421.51000
2026.01.05 16:49:40;MANAGE;#2 SL 4406.14 -> 4421.55 breakeven
2026.01.05 17:00:40;MANAGE;#2 SL 4421.55 -> 4424.16 trail
2026.01.05 17:01:40;MANAGE;#2 SL 4424.16 -> 4424.63 trail
2026.01.05 17:02:40;MANAGE;#2 SL 4424.63 -> 4426.51 trail
2026.01.05 17:03:40;MANAGE;#2 SL 4426.51 -> 4431.20 trail
2026.01.05 17:04:40;RISK;deal closed pnl=123.00 streak=0 lock=0
2026.01.06 01:15:00;VETO;signal rejected: regime: chop ADX 19.5 < 22.0
2026.01.06 02:45:00;VETO;signal rejected: regime: chop ADX 14.8 < 22.0
2026.01.06 04:00:00;VETO;signal rejected: regime: chop ADX 16.3 < 22.0
2026.01.06 07:30:00;VETO;signal rejected: volume: relVol 0.94 < 1.00
2026.01.06 08:00:00;DECISION;setup SHORT score=0.60 entry=4460.16 inv=4470.44 tgt=0.00 AWAIT-RETEST [CHoCH short lvl=4461.87|RelVol=1.34|Retest@4460.16|StopFloored|VPnear|CycleTurn w=0.11<-0.96]
2026.01.06 08:30:00;VETO;authorization denied: outside session window (server hour 08, window 12-20)
2026.01.06 08:45:00;VETO;authorization denied: outside session window (server hour 08, window 12-20)
2026.01.06 09:00:00;VETO;authorization denied: outside session window (server hour 09, window 12-20)
2026.01.06 09:15:00;VETO;authorization denied: outside session window (server hour 09, window 12-20)
2026.01.06 10:30:00;VETO;signal rejected: regime: chop ADX 21.5 < 22.0
2026.01.06 11:30:00;VETO;signal rejected: regime: chop ADX 20.6 < 22.0
2026.01.06 16:45:00;VETO;signal rejected: volume: relVol 0.97 < 1.00
2026.01.06 20:15:00;DECISION;setup LONG score=0.60 entry=4491.11 inv=4463.08 tgt=0.00 [BOS long lvl=4490.93|RelVol=1.17|VPnear|VWAPside|ADX=32]
2026.01.06 20:15:00;VETO;authorization denied: outside session window (server hour 20, window 12-20)
2026.01.06 20:30:00;VETO;authorization denied: outside session window (server hour 20, window 12-20)
2026.01.06 20:45:00;VETO;authorization denied: outside session window (server hour 20, window 12-20)
2026.01.06 21:00:00;VETO;authorization denied: outside session window (server hour 21, window 12-20)
2026.01.06 21:30:00;DECISION;setup SHORT score=0.55 entry=4479.95 inv=4494.11 tgt=0.00 AWAIT-RETEST [CHoCH short lvl=4481.67|RelVol=1.22|Retest@4479.95|VPnode d=3.85]
2026.01.06 21:45:00;VETO;authorization denied: outside session window (server hour 21, window 12-20)
2026.01.06 22:00:00;VETO;authorization denied: outside session window (server hour 22, window 12-20)
2026.01.06 22:15:00;VETO;authorization denied: outside session window (server hour 22, window 12-20)
2026.01.06 22:30:00;VETO;authorization denied: outside session window (server hour 22, window 12-20)
2026.01.07 01:15:00;DECISION;setup LONG score=0.65 entry=4498.14 inv=4477.44 tgt=0.00 AWAIT-RETEST [CHoCH long lvl=4496.89|RelVol=2.53|Retest@4498.14|VPnode d=0.14|VWAPside]
2026.01.07 01:30:00;VETO;authorization denied: outside session window (server hour 01, window 12-20)
2026.01.07 01:45:00;VETO;authorization denied: outside session window (server hour 01, window 12-20)
2026.01.07 02:00:00;VETO;authorization denied: outside session window (server hour 02, window 12-20)
2026.01.07 02:15:00;VETO;authorization denied: outside session window (server hour 02, window 12-20)
2026.01.07 03:15:00;VETO;outlier bar masked, z=6.2
2026.01.07 07:45:00;VETO;outlier bar masked, z=4.9
2026.01.07 13:45:00;VETO;signal rejected: volume: relVol 0.29 < 1.00
2026.01.07 15:15:00;VETO;outlier bar masked, z=5.4
2026.01.07 15:30:00;VETO;outlier bar masked, z=3.7
2026.01.07 17:15:00;VETO;outlier bar masked, z=3.9
2026.01.07 17:30:00;VETO;outlier bar masked, z=3.9
2026.01.07 18:30:00;VETO;signal rejected: volume: relVol 0.94 < 1.00
2026.01.08 01:30:00;DECISION;setup LONG score=0.85 entry=4461.97 inv=4449.74 tgt=0.00 [BOS long lvl=4461.55|RelVol=1.58|VPnode d=0.27|VWAPside|CycleTurn w=0.22<--0.80]
2026.01.08 01:30:00;VETO;authorization denied: outside session window (server hour 01, window 12-20)
2026.01.08 01:45:00;VETO;authorization denied: outside session window (server hour 01, window 12-20)
2026.01.08 02:00:00;VETO;authorization denied: outside session window (server hour 02, window 12-20)
2026.01.08 02:15:00;VETO;authorization denied: outside session window (server hour 02, window 12-20)
2026.01.08 03:45:00;DECISION;setup SHORT score=0.65 entry=4448.12 inv=4466.37 tgt=0.00 AWAIT-RETEST [CHoCH short lvl=4449.74|RelVol=1.12|Retest@4448.12|VPnode d=0.68|VWAPside]
2026.01.08 04:00:00;VETO;authorization denied: outside session window (server hour 04, window 12-20)
2026.01.08 04:15:00;VETO;authorization denied: outside session window (server hour 04, window 12-20)
2026.01.08 04:30:00;VETO;authorization denied: outside session window (server hour 04, window 12-20)
2026.01.08 04:45:00;VETO;authorization denied: outside session window (server hour 04, window 12-20)
2026.01.08 06:45:00;DECISION;setup SHORT score=0.75 entry=4432.05 inv=4446.48 tgt=0.00 [BOS short lvl=4433.46|RelVol=1.05|VPnode d=4.75|VWAPside|ADX=40]
2026.01.08 06:45:00;VETO;authorization denied: outside session window (server hour 06, window 12-20)
2026.01.08 07:00:00;VETO;authorization denied: outside session window (server hour 07, window 12-20)
2026.01.08 07:15:00;VETO;authorization denied: outside session window (server hour 07, window 12-20)
2026.01.08 07:30:00;VETO;authorization denied: outside session window (server hour 07, window 12-20)
2026.01.08 14:00:00;VETO;signal rejected: volume: relVol 0.97 < 1.00
2026.01.08 17:15:00;VETO;outlier bar masked, z=4.3
2026.01.08 22:30:00;DECISION;setup LONG score=0.60 entry=4469.97 inv=4444.65 tgt=0.00 [BOS long lvl=4465.39|RelVol=1.19|VWAPside|CycleTurn w=-0.88<--0.98]
2026.01.08 22:30:00;VETO;authorization denied: outside session window (server hour 22, window 12-20)
2026.01.08 22:45:00;VETO;authorization denied: outside session window (server hour 22, window 12-20)
2026.01.08 23:00:00;VETO;authorization denied: outside session window (server hour 23, window 12-20)
2026.01.08 23:15:00;VETO;authorization denied: outside session window (server hour 23, window 12-20)
2026.01.09 14:45:00;VETO;signal rejected: regime: chop ADX 14.8 < 22.0
2026.01.09 15:45:00;VETO;outlier bar masked, z=9.6
2026.01.09 20:00:00;VETO;outlier bar masked, z=5.8
2026.01.09 22:15:00;VETO;signal rejected: volume: relVol 0.87 < 1.00
2026.01.12 01:15:00;VETO;outlier bar masked, z=6.0
2026.01.12 02:15:00;VETO;outlier bar masked, z=4.4
2026.01.12 02:45:00;VETO;outlier bar masked, z=9.2
2026.01.12 03:15:00;VETO;outlier bar masked, z=3.5
2026.01.12 10:00:00;VETO;signal rejected: volume: relVol 0.91 < 1.00
2026.01.12 11:00:00;DECISION;setup LONG score=0.75 entry=4591.59 inv=4569.79 tgt=0.00 AWAIT-RETEST [BOS long lvl=4589.64|RelVol=1.30|Retest@4591.59|VPnode d=3.99|VWAPside|ADX=31]
2026.01.12 12:00:00;ORDER;filled BUY 0.04 lots sl=4569.79 tp=4627.75 [WT|BOS|0.75]
2026.01.12 12:00:00;RISK;sizing: vol_ratio=0.80 scalar=1.00 gap_buf=3.40714 eff_stop=22.72714
2026.01.12 12:00:00;ORDER;entry fill deal #4 BUY 0.04 @ 4589.11000
2026.01.12 13:30:00;VETO;signal rejected: regime: chop ADX 18.5 < 22.0
2026.01.12 15:13:40;MANAGE;#4 SL 4569.79 -> 4589.15 breakeven
2026.01.12 15:13:59;MANAGE;#4 SL 4589.15 -> 4594.88 trail
2026.01.12 15:14:20;MANAGE;#4 SL 4594.88 -> 4595.15 trail
2026.01.12 15:15:00;VETO;outlier bar masked, z=3.9
2026.01.12 15:23:40;MANAGE;#4 SL 4595.15 -> 4595.47 trail
2026.01.12 15:24:20;MANAGE;#4 SL 4595.47 -> 4595.66 trail
2026.01.12 15:40:40;MANAGE;#4 SL 4595.66 -> 4597.98 trail
2026.01.12 15:48:20;MANAGE;#4 SL 4597.98 -> 4599.05 trail
2026.01.12 15:49:40;MANAGE;#4 SL 4599.05 -> 4599.72 trail
2026.01.12 15:50:40;MANAGE;#4 SL 4599.72 -> 4600.91 trail
2026.01.12 15:51:40;MANAGE;#4 SL 4600.91 -> 4602.77 trail
2026.01.12 15:52:20;MANAGE;#4 SL 4602.77 -> 4602.97 trail
2026.01.12 15:54:40;MANAGE;#4 SL 4602.97 -> 4604.56 trail
2026.01.12 15:55:20;MANAGE;#4 SL 4604.56 -> 4604.84 trail
2026.01.12 16:03:40;RISK;deal closed pnl=62.92 streak=0 lock=0
2026.01.12 16:15:00;VETO;outlier bar masked, z=4.8
2026.01.12 16:45:00;VETO;outlier bar masked, z=5.1
2026.01.12 17:45:00;VETO;signal rejected: volume: relVol 0.86 < 1.00
2026.01.12 20:30:00;DECISION;setup SHORT score=0.55 entry=4605.52 inv=4630.13 tgt=0.00 AWAIT-RETEST [CHoCH short lvl=4607.89|RelVol=1.09|Retest@4605.52|VPnode d=1.48]
2026.01.12 20:45:00;VETO;authorization denied: outside session window (server hour 20, window 12-20)
2026.01.12 21:00:00;VETO;authorization denied: outside session window (server hour 21, window 12-20)
2026.01.12 21:15:00;VETO;authorization denied: outside session window (server hour 21, window 12-20)
2026.01.12 21:30:00;VETO;authorization denied: outside session window (server hour 21, window 12-20)
2026.01.12 22:45:00;VETO;signal rejected: regime: chop ADX 21.5 < 22.0
2026.01.13 01:15:00;VETO;outlier bar masked, z=6.7
2026.01.13 04:00:00;DECISION;setup SHORT score=0.75 entry=4577.90 inv=4607.74 tgt=0.00 [BOS short lvl=4578.11|RelVol=1.22|VPnode d=2.30|VWAPside|ADX=31]
2026.01.13 04:00:00;VETO;authorization denied: outside session window (server hour 04, window 12-20)
2026.01.13 04:15:00;VETO;authorization denied: outside session window (server hour 04, window 12-20)
2026.01.13 04:30:00;VETO;authorization denied: outside session window (server hour 04, window 12-20)
2026.01.13 04:45:00;VETO;authorization denied: outside session window (server hour 04, window 12-20)
2026.01.13 07:30:00;VETO;signal rejected: volume: relVol 0.68 < 1.00
2026.01.13 08:00:00;VETO;signal rejected: regime: chop ADX 19.9 < 22.0
2026.01.13 15:00:00;VETO;signal rejected: regime: chop ADX 20.2 < 22.0
2026.01.13 15:45:00;VETO;outlier bar masked, z=4.8
2026.01.13 17:30:00;VETO;outlier bar masked, z=4.5
2026.01.13 18:30:00;VETO;outlier bar masked, z=3.5
2026.01.13 20:00:00;VETO;outlier bar masked, z=4.4
2026.01.13 22:45:00;VETO;outlier bar masked, z=3.6
2026.01.14 02:15:00;DECISION;setup LONG score=0.65 entry=4600.63 inv=4569.58 tgt=0.00 AWAIT-RETEST [CHoCH long lvl=4598.99|RelVol=1.45|Retest@4600.63|VPnode d=0.83|VWAPside]
2026.01.14 08:00:00;VETO;outlier bar masked, z=4.8
2026.01.14 15:00:00;VETO;signal rejected: regime: chop ADX 20.7 < 22.0
2026.01.14 16:45:00;VETO;outlier bar masked, z=4.0
2026.01.14 20:30:00;VETO;signal rejected: regime: chop ADX 21.4 < 22.0
2026.01.15 01:15:00;VETO;outlier bar masked, z=5.2
2026.01.15 03:30:00;VETO;signal rejected: score 0.50 < 0.55 [CHoCH short lvl=4602.82|RelVol=1.47|Retest@4600.77|VPnear|VWAPside]
2026.01.15 03:45:00;VETO;outlier bar masked, z=4.0
2026.01.15 11:45:00;VETO;signal rejected: regime: chop ADX 19.5 < 22.0
2026.01.15 15:45:00;DECISION;setup SHORT score=0.65 entry=4596.32 inv=4622.94 tgt=0.00 AWAIT-RETEST [CHoCH short lvl=4597.81|RelVol=1.20|Retest@4596.32|VPnode d=1.28|VWAPside]
2026.01.15 15:45:00;ORDER;limit SELL 0.03 @ 4596.32 sl=4622.94 tp=4543.09 rc=10009 [WT|CHOCH|0.65|RL]
2026.01.15 15:45:00;RISK;sizing: vol_ratio=0.68 scalar=1.00 gap_buf=2.97143 eff_stop=29.58714
2026.01.15 16:09:40;ORDER;entry fill deal #6 SELL 0.03 @ 4596.32000
2026.01.15 18:11:40;RISK;deal closed pnl=-79.86 streak=1 lock=0
2026.01.15 22:15:00;DECISION;setup SHORT score=0.75 entry=4612.21 inv=4621.59 tgt=0.00 AWAIT-RETEST [BOS short lvl=4613.52|RelVol=1.06|Retest@4612.21|VPnode d=3.49|CycleTurn w=0.41<-0.94]
2026.01.15 23:30:00;VETO;authorization denied: outside session window (server hour 23, window 12-20)
2026.01.15 23:45:00;VETO;authorization denied: outside session window (server hour 23, window 12-20)
2026.01.16 01:00:00;VETO;authorization denied: outside session window (server hour 01, window 12-20)
2026.01.16 01:15:00;VETO;authorization denied: outside session window (server hour 01, window 12-20)
2026.01.16 03:00:00;VETO;signal rejected: volume: relVol 0.97 < 1.00
2026.01.16 08:00:00;VETO;signal rejected: volume: relVol 0.90 < 1.00
2026.01.16 09:15:00;VETO;outlier bar masked, z=3.5
2026.01.16 13:30:00;VETO;signal rejected: regime: chop ADX 18.1 < 22.0
2026.01.16 15:15:00;DECISION;setup SHORT score=0.85 entry=4597.04 inv=4616.11 tgt=0.00 AWAIT-RETEST [CHoCH short lvl=4598.58|RelVol=1.25|Retest@4597.04|VPnode d=1.04|VWAPside|CycleTurn w=-0.52<-0.52]
2026.01.16 15:15:00;ORDER;limit SELL 0.04 @ 4597.04 sl=4616.11 tp=4558.91 rc=10009 [WT|CHOCH|0.85|RL]
2026.01.16 15:15:00;RISK;sizing: vol_ratio=0.91 scalar=1.00 gap_buf=3.07500 eff_stop=22.14250
2026.01.16 15:15:20;ORDER;entry fill deal #8 SELL 0.04 @ 4597.04000
2026.01.16 15:30:00;VETO;outlier bar masked, z=3.6
2026.01.16 15:45:00;VETO;outlier bar masked, z=3.8
2026.01.16 17:05:40;RISK;deal closed pnl=-76.28 streak=1 lock=0
2026.01.16 17:30:00;VETO;outlier bar masked, z=16.7
2026.01.16 17:45:00;VETO;outlier bar masked, z=9.8
2026.01.16 18:00:00;VETO;outlier bar masked, z=4.9
2026.01.16 18:15:00;VETO;outlier bar masked, z=6.8
2026.01.19 01:00:00;VETO;signal rejected: volume: relVol 0.95 < 1.00
2026.01.19 01:15:00;VETO;outlier bar masked, z=17.7
2026.01.19 01:30:00;VETO;outlier bar masked, z=7.1
2026.01.19 01:45:00;VETO;outlier bar masked, z=5.6
2026.01.19 04:00:00;DECISION;setup SHORT score=0.85 entry=4658.73 inv=4682.03 tgt=0.00 AWAIT-RETEST [CHoCH short lvl=4661.18|RelVol=1.15|Retest@4658.73|VPnode d=2.87|VWAPside|CycleTurn w=0.63<-0.87]
2026.01.19 04:15:00;VETO;authorization denied: outside session window (server hour 04, window 12-20)
2026.01.19 04:30:00;VETO;authorization denied: outside session window (server hour 04, window 12-20)
2026.01.19 04:45:00;VETO;authorization denied: outside session window (server hour 04, window 12-20)
2026.01.19 05:00:00;VETO;authorization denied: outside session window (server hour 05, window 12-20)
2026.01.19 08:00:00;VETO;signal rejected: regime: chop ADX 20.2 < 22.0
2026.01.19 09:00:00;VETO;signal rejected: volume: relVol 0.77 < 1.00
2026.01.19 12:45:00;VETO;signal rejected: regime: chop ADX 15.3 < 22.0
2026.01.19 14:00:00;DECISION;setup SHORT score=0.65 entry=4660.68 inv=4671.21 tgt=0.00 [BOS short lvl=4661.27|RelVol=1.25|VPnode d=1.48|VWAPside]
2026.01.19 14:00:00;ORDER;filled SELL 0.07 lots sl=4671.21 tp=4639.62 [WT|BOS|0.65]
2026.01.19 14:00:00;RISK;sizing: vol_ratio=0.59 scalar=1.00 gap_buf=2.86071 eff_stop=13.39071
2026.01.19 14:00:00;ORDER;entry fill deal #10 SELL 0.07 @ 4660.68000
2026.01.19 14:17:40;RISK;deal closed pnl=-73.71 streak=1 lock=0
2026.01.19 14:45:00;VETO;signal rejected: volume: relVol 0.63 < 1.00
2026.01.19 18:00:00;VETO;signal rejected: regime: chop ADX 21.8 < 22.0
2026.01.19 19:45:00;VETO;signal rejected: volume: relVol 0.38 < 1.00
2026.01.20 01:30:00;VETO;signal rejected: volume: relVol 0.62 < 1.00
2026.01.20 05:45:00;VETO;signal rejected: regime: chop ADX 20.4 < 22.0
2026.01.20 09:30:00;VETO;signal rejected: score 0.50 < 0.55 [BOS long lvl=4717.01|RelVol=1.06|VWAPside|ADX=68]
2026.01.20 15:30:00;VETO;signal rejected: volume: relVol 0.89 < 1.00
2026.01.20 15:45:00;VETO;outlier bar masked, z=5.2
2026.01.20 16:00:00;DECISION;setup LONG score=0.85 entry=4736.72 inv=4721.65 tgt=0.00 AWAIT-RETEST [CHoCH long lvl=4735.25|RelVol=1.14|Retest@4736.72|VPnode d=1.68|VWAPside|CycleTurn w=-0.99<--1.00]
2026.01.20 16:00:00;ORDER;limit BUY 0.05 @ 4736.72 sl=4721.65 tp=4766.85 rc=10009 [WT|CHOCH|0.85|RL]
2026.01.20 16:00:00;RISK;sizing: vol_ratio=1.09 scalar=0.93 gap_buf=3.27643 eff_stop=18.34214
2026.01.20 16:00:20;ORDER;entry fill deal #12 BUY 0.05 @ 4736.72000
2026.01.20 16:15:00;VETO;outlier bar masked, z=5.7
2026.01.20 16:45:00;VETO;outlier bar masked, z=9.0
2026.01.20 17:30:00;VETO;outlier bar masked, z=7.4
2026.01.20 18:15:00;VETO;outlier bar masked, z=3.8
2026.01.20 18:55:40;MANAGE;#12 SL 4721.65 -> 4736.76 breakeven
2026.01.20 19:00:00;VETO;signal rejected: regime: chop ADX 21.7 < 22.0
2026.01.20 19:55:40;MANAGE;#12 SL 4736.76 -> 4737.73 trail
2026.01.20 19:57:40;MANAGE;#12 SL 4737.73 -> 4739.93 trail
2026.01.20 20:01:40;MANAGE;#12 SL 4739.93 -> 4740.61 trail
2026.01.20 20:02:20;MANAGE;#12 SL 4740.61 -> 4740.85 trail
2026.01.20 20:07:40;MANAGE;#12 SL 4740.85 -> 4741.18 trail
2026.01.20 20:08:20;MANAGE;#12 SL 4741.18 -> 4741.32 trail
2026.01.20 20:10:40;MANAGE;#12 SL 4741.32 -> 4741.54 trail
2026.01.20 20:11:40;MANAGE;#12 SL 4741.54 -> 4742.80 trail
2026.01.20 20:15:00;MANAGE;#12 SL 4742.80 -> 4743.09 trail
2026.01.20 20:15:40;MANAGE;#12 SL 4743.09 -> 4744.32 trail
2026.01.20 20:16:40;MANAGE;#12 SL 4744.32 -> 4745.30 trail
2026.01.20 20:18:40;MANAGE;#12 SL 4745.30 -> 4745.56 trail
2026.01.20 20:21:20;MANAGE;#12 SL 4745.56 -> 4746.08 trail
2026.01.20 21:16:40;MANAGE;#12 SL 4746.08 -> 4746.88 trail
2026.01.20 21:18:40;MANAGE;#12 SL 4746.88 -> 4747.66 trail
2026.01.20 21:19:40;MANAGE;#12 SL 4747.66 -> 4750.45 trail
2026.01.20 22:22:40;RISK;deal closed pnl=68.65 streak=0 lock=0
2026.01.20 22:30:00;VETO;signal rejected: score 0.40 < 0.55 [CHoCH short lvl=4752.87|RelVol=1.22|Retest@4751.11|VPnear]
2026.01.21 01:45:00;VETO;signal rejected: volume: relVol 0.68 < 1.00
2026.01.21 03:15:00;VETO;outlier bar masked, z=6.9
2026.01.21 03:30:00;VETO;outlier bar masked, z=5.6
2026.01.21 03:45:00;VETO;outlier bar masked, z=5.0
2026.01.21 04:00:00;VETO;outlier bar masked, z=6.2
2026.01.21 04:15:00;VETO;outlier bar masked, z=4.1
2026.01.21 06:30:00;DECISION;setup LONG score=0.75 entry=4849.85 inv=4747.47 tgt=0.00 [BOS long lvl=4849.75|RelVol=1.57|VPnode d=2.75|VWAPside|ADX=56]
2026.01.21 06:30:00;VETO;authorization denied: outside session window (server hour 06, window 12-20)
2026.01.21 06:45:00;VETO;authorization denied: outside session window (server hour 06, window 12-20)
2026.01.21 07:00:00;VETO;authorization denied: outside session window (server hour 07, window 12-20)
2026.01.21 07:15:00;VETO;authorization denied: outside session window (server hour 07, window 12-20)
2026.01.21 08:45:00;VETO;outlier bar masked, z=5.2
2026.01.21 15:45:00;VETO;signal rejected: regime: chop ADX 13.2 < 22.0
2026.01.21 16:15:00;VETO;outlier bar masked, z=6.9
2026.01.21 17:30:00;VETO;outlier bar masked, z=8.1
2026.01.21 19:45:00;VETO;signal rejected: score 0.50 < 0.55 [BOS short lvl=4812.84|RelVol=1.94|VPnear|VWAPside]
2026.01.21 21:30:00;VETO;outlier bar masked, z=6.6
2026.01.21 21:45:00;VETO;outlier bar masked, z=7.6
2026.01.22 07:45:00;VETO;signal rejected: volume: relVol 0.77 < 1.00
2026.01.22 11:45:00;DECISION;setup SHORT score=0.75 entry=4820.36 inv=4839.00 tgt=0.00 AWAIT-RETEST [CHoCH short lvl=4822.32|RelVol=1.38|Retest@4820.36|VPnode d=0.24|CycleTurn w=-0.33<-0.84]
2026.01.22 12:00:00;ORDER;filled SELL 0.05 lots sl=4839.00 tp=4791.42 [WT|CHOCH|0.75]
2026.01.22 12:00:00;RISK;sizing: vol_ratio=0.56 scalar=1.00 gap_buf=3.79464 eff_stop=19.65464
2026.01.22 12:00:00;ORDER;entry fill deal #14 SELL 0.05 @ 4823.14000
2026.01.22 15:45:00;VETO;signal rejected: regime: chop ADX 19.2 < 22.0
2026.01.22 16:32:40;RISK;deal closed pnl=-79.30 streak=1 lock=0
2026.01.22 16:45:00;VETO;signal rejected: regime: chop ADX 18.7 < 22.0
2026.01.22 22:15:00;VETO;signal rejected: volume: relVol 0.80 < 1.00
2026.01.22 23:45:00;VETO;signal rejected: score 0.50 < 0.55 [BOS long lvl=4928.50|RelVol=1.66|Retest@4930.77|VWAPside|ADX=36]
2026.01.23 03:15:00;VETO;outlier bar masked, z=4.6
2026.01.23 10:00:00;VETO;signal rejected: regime: chop ADX 22.0 < 22.0
2026.01.23 10:30:00;VETO;outlier bar masked, z=8.3
2026.01.23 14:15:00;VETO;signal rejected: regime: chop ADX 21.5 < 22.0
2026.01.23 17:15:00;VETO;signal rejected: volume: relVol 0.79 < 1.00
2026.01.26 01:15:00;VETO;outlier bar masked, z=6.3
2026.01.26 03:15:00;VETO;outlier bar masked, z=3.6
2026.01.26 09:00:00;VETO;outlier bar masked, z=3.5
2026.01.26 09:30:00;DECISION;setup LONG score=0.95 entry=5095.38 inv=5052.39 tgt=0.00 [BOS long lvl=5093.05|RelVol=1.01|VPnode d=1.38|VWAPside|CycleTurn w=-0.76<--0.90|ADX=32]
2026.01.26 09:30:00;VETO;authorization denied: outside session window (server hour 09, window 12-20)
2026.01.26 09:45:00;VETO;authorization denied: outside session window (server hour 09, window 12-20)
2026.01.26 10:00:00;VETO;authorization denied: outside session window (server hour 10, window 12-20)
2026.01.26 10:15:00;VETO;authorization denied: outside session window (server hour 10, window 12-20)
2026.01.26 15:30:00;VETO;signal rejected: score 0.40 < 0.55 [CHoCH short lvl=5078.55|RelVol=1.03|Retest@5076.26|VPnear]
2026.01.26 18:15:00;VETO;signal rejected: regime: chop ADX 18.0 < 22.0
2026.01.26 18:30:00;VETO;outlier bar masked, z=3.6
2026.01.26 20:45:00;VETO;signal rejected: regime: chop ADX 14.5 < 22.0
2026.01.26 21:15:00;VETO;outlier bar masked, z=3.6
2026.01.26 21:30:00;VETO;outlier bar masked, z=4.8
2026.01.26 23:45:00;VETO;signal rejected: score 0.50 < 0.55 [BOS short lvl=5008.51|RelVol=3.96|VWAPside|ADX=34]
2026.01.27 03:15:00;VETO;outlier bar masked, z=6.5
2026.01.27 04:45:00;VETO;signal rejected: regime: chop ADX 17.2 < 22.0
2026.01.27 08:00:00;VETO;signal rejected: regime: chop ADX 18.4 < 22.0
2026.01.27 14:00:00;VETO;signal rejected: regime: chop ADX 21.2 < 22.0
2026.01.27 16:15:00;DECISION;setup SHORT score=0.65 entry=5060.11 inv=5092.92 tgt=0.00 [BOS short lvl=5066.97|RelVol=1.36|VPnode d=4.09|VWAPside]
2026.01.27 16:15:00;ORDER;filled SELL 0.02 lots sl=5092.92 tp=4994.49 [WT|BOS|0.65]
2026.01.27 16:15:00;RISK;sizing: vol_ratio=0.75 scalar=1.00 gap_buf=5.65536 eff_stop=38.46536
2026.01.27 16:15:00;ORDER;entry fill deal #16 SELL 0.02 @ 5060.11000
2026.01.27 18:00:00;DECISION;setup LONG score=0.85 entry=5086.67 inv=5046.65 tgt=0.00 AWAIT-RETEST [CHoCH long lvl=5082.29|RelVol=1.29|Retest@5086.67|VPnode d=0.57|VWAPside|CycleTurn w=-0.77<--0.97]
2026.01.27 18:00:00;VETO;retest limit risk veto: max positions
2026.01.27 18:11:40;RISK;deal closed pnl=-65.62 streak=1 lock=0
2026.01.27 18:15:00;ORDER;filled BUY 0.01 lots sl=5046.65 tp=5191.85 [WT|CHOCH|0.85]
2026.01.27 18:15:00;RISK;sizing: vol_ratio=1.13 scalar=0.90 gap_buf=8.85571 eff_stop=57.25571
2026.01.27 18:15:00;ORDER;entry fill deal #18 BUY 0.01 @ 5095.05000
2026.01.27 22:00:00;VETO;signal rejected: regime: chop ADX 19.9 < 22.0
2026.01.27 22:15:00;VETO;outlier bar masked, z=5.5
2026.01.27 22:20:40;MANAGE;#18 SL 5046.65 -> 5095.09 breakeven
2026.01.27 22:20:59;MANAGE;#18 SL 5095.09 -> 5123.69 trail
2026.01.27 22:21:20;MANAGE;#18 SL 5123.69 -> 5128.13 trail
2026.01.27 22:46:40;MANAGE;#18 SL 5128.13 -> 5132.27 trail
2026.01.27 22:47:20;MANAGE;#18 SL 5132.27 -> 5135.37 trail
2026.01.27 22:48:40;MANAGE;#18 SL 5135.37 -> 5143.33 trail
2026.01.27 22:53:40;MANAGE;#18 SL 5143.33 -> 5150.14 trail
2026.01.27 22:54:40;MANAGE;#18 SL 5150.14 -> 5151.34 trail
2026.01.27 22:55:40;MANAGE;#18 SL 5151.34 -> 5156.47 trail
2026.01.27 22:59:20;MANAGE;#18 SL 5156.47 -> 5156.71 trail
2026.01.27 23:00:00;VETO;outlier bar masked, z=4.7
2026.01.27 23:00:20;ERROR;modify #18 sl=5158.30 tp=5191.85 rejected rc=10018
2026.01.27 23:11:40;ERROR;modify #18 sl=5156.87 tp=5191.85 rejected rc=10018
2026.01.27 23:12:20;ERROR;modify #18 sl=5156.83 tp=5191.85 rejected rc=10018
2026.01.27 23:45:20;ERROR;modify #18 sl=5157.79 tp=5191.85 rejected rc=10018
2026.01.27 23:48:40;ERROR;modify #18 sl=5156.99 tp=5191.85 rejected rc=10018
2026.01.27 23:49:40;ERROR;modify #18 sl=5159.34 tp=5191.85 rejected rc=10018
2026.01.27 23:50:20;ERROR;modify #18 sl=5158.32 tp=5191.85 rejected rc=10018
2026.01.28 03:03:40;MANAGE;#18 SL 5156.71 -> 5157.38 trail
2026.01.28 03:04:40;MANAGE;#18 SL 5157.38 -> 5157.53 trail
2026.01.28 03:05:20;MANAGE;#18 SL 5157.53 -> 5158.61 trail
2026.01.28 03:06:40;RISK;deal closed pnl=96.67 streak=0 lock=0
2026.01.28 03:15:00;VETO;outlier bar masked, z=4.4
2026.01.28 07:15:00;DECISION;setup LONG score=0.75 entry=5253.91 inv=5157.31 tgt=0.00 [BOS long lvl=5247.63|RelVol=1.68|VPnode d=4.91|VWAPside|ADX=55]
2026.01.28 07:15:00;VETO;authorization denied: outside session window (server hour 07, window 12-20)
2026.01.28 07:30:00;VETO;authorization denied: outside session window (server hour 07, window 12-20)
2026.01.28 07:45:00;VETO;authorization denied: outside session window (server hour 07, window 12-20)
2026.01.28 08:00:00;VETO;authorization denied: outside session window (server hour 08, window 12-20)
2026.01.28 09:00:00;VETO;signal rejected: score 0.50 < 0.55 [BOS long lvl=5266.49|RelVol=1.10|VWAPside|ADX=56]
2026.01.28 13:15:00;VETO;outlier bar masked, z=3.8
2026.01.28 16:45:00;VETO;outlier bar masked, z=4.8
2026.01.28 17:15:00;VETO;outlier bar masked, z=11.3
2026.01.28 19:00:00;DECISION;setup LONG score=0.65 entry=5302.31 inv=5235.23 tgt=0.00 AWAIT-RETEST [CHoCH long lvl=5298.29|RelVol=1.28|Retest@5302.31|VPnode d=2.71|VWAPside]
2026.01.28 19:00:00;VETO;retest limit risk veto: size 0.00 < broker min 0.01 (risk too small for stop)
2026.01.28 19:15:00;VETO;risk veto: size 0.00 < broker min 0.01 (risk too small for stop)
2026.01.28 20:45:00;VETO;outlier bar masked, z=6.1
2026.01.28 21:45:00;VETO;outlier bar masked, z=3.9
2026.01.28 22:15:00;DECISION;setup LONG score=0.80 entry=5326.60 inv=5268.78 tgt=0.00 [BOS long lvl=5326.02|RelVol=1.65|VPnear|VWAPside|CycleTurn w=0.40<--0.61|ADX=34]
2026.01.28 22:15:00;VETO;authorization denied: outside session window (server hour 22, window 12-20)
2026.01.28 22:30:00;VETO;outlier bar masked, z=4.2
2026.01.28 22:45:00;VETO;outlier bar masked, z=5.0
2026.01.28 23:00:00;VETO;authorization denied: outside session window (server hour 23, window 12-20)
2026.01.28 23:15:00;VETO;authorization denied: outside session window (server hour 23, window 12-20)
2026.01.28 23:30:00;VETO;authorization denied: outside session window (server hour 23, window 12-20)
2026.01.29 01:00:00;VETO;outlier bar masked, z=4.3
2026.01.29 01:15:00;VETO;outlier bar masked, z=8.7
2026.01.29 01:45:00;VETO;outlier bar masked, z=18.4
2026.01.29 02:00:00;VETO;outlier bar masked, z=8.5
2026.01.29 02:15:00;VETO;outlier bar masked, z=8.7
2026.01.29 02:30:00;VETO;outlier bar masked, z=4.4
2026.01.29 02:45:00;VETO;outlier bar masked, z=3.6
2026.01.29 03:15:00;VETO;outlier bar masked, z=11.2
2026.01.29 03:45:00;VETO;outlier bar masked, z=4.8
2026.01.29 04:15:00;VETO;outlier bar masked, z=4.1
2026.01.29 05:15:00;VETO;outlier bar masked, z=3.7
2026.01.29 06:45:00;DECISION;setup LONG score=0.95 entry=5557.40 inv=5508.32 tgt=0.00 [BOS long lvl=5550.19|RelVol=1.73|VPnode d=7.20|VWAPside|CycleTurn w=-1.00<--1.00|ADX=43]
2026.01.29 06:45:00;VETO;authorization denied: outside session window (server hour 06, window 12-20)
2026.01.29 07:00:00;VETO;authorization denied: outside session window (server hour 07, window 12-20)
2026.01.29 07:15:00;VETO;authorization denied: outside session window (server hour 07, window 12-20)
2026.01.29 07:30:00;VETO;outlier bar masked, z=3.8
2026.01.29 07:45:00;VETO;authorization denied: outside session window (server hour 07, window 12-20)
2026.01.29 08:15:00;DECISION;setup LONG score=0.75 entry=5569.62 inv=5516.27 tgt=0.00 AWAIT-RETEST [BOS long lvl=5564.55|RelVol=1.48|Retest@5569.62|VPnode d=9.22|VWAPside|ADX=36]
2026.01.29 09:00:00;VETO;authorization denied: outside session window (server hour 09, window 12-20)
2026.01.29 09:15:00;VETO;authorization denied: outside session window (server hour 09, window 12-20)
2026.01.29 09:30:00;VETO;authorization denied: outside session window (server hour 09, window 12-20)
2026.01.29 09:45:00;VETO;authorization denied: outside session window (server hour 09, window 12-20)
2026.01.29 10:45:00;VETO;outlier bar masked, z=4.1
2026.01.29 14:15:00;DECISION;setup LONG score=0.70 entry=5534.76 inv=5470.82 tgt=0.00 AWAIT-RETEST [CHoCH long lvl=5529.64|RelVol=1.45|Retest@5534.76|VPnear|VWAPside|CycleTurn w=-0.78<--0.94]
2026.01.29 14:15:00;ORDER;limit BUY 0.01 @ 5534.76 sl=5470.82 tp=5662.63 rc=10009 [WT|CHOCH|0.70|RL]
2026.01.29 14:15:00;RISK;sizing: vol_ratio=0.84 scalar=1.00 gap_buf=10.23107 eff_stop=74.16661
2026.01.29 14:15:20;ORDER;entry fill deal #20 BUY 0.01 @ 5534.76000
2026.01.29 16:30:00;VETO;signal rejected: regime: chop ADX 19.6 < 22.0
2026.01.29 17:00:00;VETO;signal rejected: regime: chop ADX 16.6 < 22.0
2026.01.29 17:01:40;RISK;deal closed pnl=-63.94 streak=1 lock=0
2026.01.29 17:15:00;VETO;outlier bar masked, z=10.4
2026.01.29 17:30:00;VETO;outlier bar masked, z=24.9
2026.01.29 17:45:00;VETO;outlier bar masked, z=12.7
2026.01.29 18:00:00;VETO;outlier bar masked, z=6.7
2026.01.29 18:15:00;VETO;outlier bar masked, z=7.9
2026.01.29 18:30:00;VETO;outlier bar masked, z=3.7
2026.01.29 18:45:00;VETO;outlier bar masked, z=4.1
2026.01.29 19:30:00;VETO;outlier bar masked, z=4.4
2026.01.29 23:00:00;DECISION;setup LONG score=0.55 entry=5371.57 inv=5282.73 tgt=0.00 AWAIT-RETEST [CHoCH long lvl=5362.06|RelVol=1.71|Retest@5371.57|VPnode d=21.03]
2026.01.30 01:00:00;VETO;authorization denied: outside session window (server hour 01, window 12-20)
2026.01.30 01:15:00;VETO;authorization denied: outside session window (server hour 01, window 12-20)
2026.01.30 01:30:00;VETO;authorization denied: outside session window (server hour 01, window 12-20)
2026.01.30 01:45:00;VETO;authorization denied: outside session window (server hour 01, window 12-20)
2026.01.30 03:15:00;VETO;outlier bar masked, z=5.1
2026.01.30 04:15:00;VETO;outlier bar masked, z=5.5
2026.01.30 04:30:00;VETO;outlier bar masked, z=4.6
2026.01.30 04:45:00;VETO;outlier bar masked, z=3.8
2026.01.30 07:45:00;VETO;signal rejected: score 0.40 < 0.55 [CHoCH long lvl=5230.78|RelVol=1.13|Retest@5239.97|VPnear]
2026.01.30 09:45:00;VETO;signal rejected: score 0.50 < 0.55 [CHoCH short lvl=5151.34|RelVol=2.26|Retest@5143.07|VPnear|VWAPside]
2026.01.30 10:45:00;VETO;outlier bar masked, z=3.7
2026.01.30 11:15:00;VETO;outlier bar masked, z=4.8
2026.01.30 15:00:00;DECISION;setup SHORT score=0.85 entry=5064.54 inv=5145.74 tgt=0.00 [BOS short lvl=5090.11|RelVol=1.56|VPnode d=13.14|VWAPside|CycleTurn w=0.98<-0.99]
2026.01.30 15:00:00;VETO;risk veto: size 0.00 < broker min 0.01 (risk too small for stop)
2026.01.30 19:15:00;DECISION;setup SHORT score=0.60 entry=4967.16 inv=5073.84 tgt=0.00 AWAIT-RETEST [BOS short lvl=4980.60|RelVol=1.62|Retest@4967.16|VPnear|VWAPside|ADX=31]
2026.01.30 19:15:00;VETO;retest limit risk veto: size 0.00 < broker min 0.01 (risk too small for stop)
2026.01.30 20:30:00;VETO;outlier bar masked, z=4.3
2026.01.30 21:00:00;VETO;outlier bar masked, z=4.1
2026.02.02 01:15:00;VETO;outlier bar masked, z=7.2
2026.02.02 03:15:00;VETO;outlier bar masked, z=7.0
2026.02.02 07:45:00;VETO;signal rejected: regime: chop ADX 20.6 < 22.0
2026.02.02 12:00:00;DECISION;setup LONG score=0.65 entry=4727.88 inv=4402.14 tgt=0.00 AWAIT-RETEST [CHoCH long lvl=4713.46|RelVol=1.71|Retest@4727.88|VPnode d=10.18|VWAPside]
2026.02.02 12:00:00;VETO;retest limit risk veto: size 0.00 < broker min 0.01 (risk too small for stop)
2026.02.02 12:15:00;VETO;risk veto: size 0.00 < broker min 0.01 (risk too small for stop)
2026.02.02 13:15:00;DECISION;setup LONG score=0.65 entry=4749.18 inv=4402.14 tgt=0.00 [BOS long lvl=4734.09|RelVol=1.56|VPnode d=22.02|VWAPside]
2026.02.02 13:15:00;VETO;risk veto: size 0.00 < broker min 0.01 (risk too small for stop)
2026.02.02 18:00:00;VETO;signal rejected: regime: chop ADX 20.8 < 22.0
2026.02.03 01:15:00;VETO;signal rejected: regime: chop ADX 15.0 < 22.0
2026.02.03 04:45:00;DECISION;setup SHORT score=0.85 entry=4756.78 inv=4856.59 tgt=0.00 AWAIT-RETEST [CHoCH short lvl=4766.57|RelVol=1.62|Retest@4756.78|VPnode d=17.82|VWAPside|CycleTurn w=0.54<-0.91]
2026.02.03 05:00:00;VETO;authorization denied: outside session window (server hour 05, window 12-20)
2026.02.03 05:15:00;VETO;authorization denied: outside session window (server hour 05, window 12-20)
2026.02.03 05:30:00;VETO;authorization denied: outside session window (server hour 05, window 12-20)
2026.02.03 05:45:00;VETO;authorization denied: outside session window (server hour 05, window 12-20)
2026.02.03 08:30:00;DECISION;setup LONG score=0.70 entry=4862.81 inv=4745.49 tgt=0.00 AWAIT-RETEST [CHoCH long lvl=4856.59|RelVol=1.68|Retest@4862.81|VPnear|VWAPside|CycleTurn w=0.35<--0.84]
2026.02.03 15:45:00;VETO;signal rejected: regime: chop ADX 19.7 < 22.0
2026.02.03 18:30:00;DECISION;setup LONG score=0.95 entry=4955.14 inv=4893.75 tgt=0.00 AWAIT-RETEST [BOS long lvl=4948.56|RelVol=1.39|Retest@4955.14|VPnode d=4.14|VWAPside|CycleTurn w=-0.74<--0.97|ADX=31]
2026.02.03 18:30:00;ORDER;limit BUY 0.01 @ 4955.14 sl=4893.75 tp=5077.93 rc=10009 [WT|BOS|0.95|RL]
2026.02.03 18:30:00;RISK;sizing: vol_ratio=0.82 scalar=1.00 gap_buf=13.16607 eff_stop=74.55911
2026.02.03 18:53:40;ORDER;entry fill deal #22 BUY 0.01 @ 4955.14000
2026.02.03 20:32:40;RISK;deal closed pnl=-61.39 streak=1 lock=0
2026.02.03 22:45:00;VETO;signal rejected: regime: chop ADX 18.4 < 22.0
2026.02.04 02:15:00;VETO;signal rejected: regime: chop ADX 17.2 < 22.0
2026.02.04 03:15:00;VETO;outlier bar masked, z=3.9
2026.02.04 06:00:00;VETO;signal rejected: volume: relVol 0.82 < 1.00
2026.02.04 12:30:00;DECISION;setup SHORT score=0.55 entry=5046.72 inv=5091.94 tgt=0.00 AWAIT-RETEST [CHoCH short lvl=5051.10|RelVol=1.33|Retest@5046.72|VPnode d=8.92]
2026.02.04 12:30:00;ORDER;limit SELL 0.01 @ 5046.72 sl=5091.94 tp=4956.29 rc=10009 [WT|CHOCH|0.55|RL]
2026.02.04 12:30:00;RISK;sizing: vol_ratio=0.75 scalar=1.00 gap_buf=8.75179 eff_stop=53.96768
2026.02.04 12:30:40;ORDER;entry fill deal #24 SELL 0.01 @ 5046.72000
2026.02.04 13:30:00;DECISION;setup SHORT score=0.75 entry=5037.50 inv=5091.94 tgt=0.00 AWAIT-RETEST [BOS short lvl=5041.77|RelVol=1.87|Retest@5037.50|VPnode d=0.10|VWAPside|ADX=48]
2026.02.04 13:30:00;VETO;retest limit risk veto: max positions
2026.02.04 13:45:00;VETO;risk veto: max positions
2026.02.04 16:37:40;MANAGE;#24 SL 5091.94 -> 5046.68 breakeven
2026.02.04 16:37:59;MANAGE;#24 SL 5046.68 -> 5040.30 trail
2026.02.04 16:38:40;MANAGE;#24 SL 5040.30 -> 5014.23 trail
2026.02.04 16:39:20;MANAGE;#24 SL 5014.23 -> 5011.59 trail
2026.02.04 16:41:40;MANAGE;#24 SL 5011.59 -> 5009.44 trail
2026.02.04 16:45:00;VETO;outlier bar masked, z=5.8
2026.02.04 16:51:40;RISK;deal closed pnl=37.28 streak=0 lock=0
2026.02.04 17:45:00;VETO;outlier bar masked, z=5.6
2026.02.04 23:30:00;VETO;signal rejected: volume: relVol 0.42 < 1.00
2026.02.05 03:15:00;DECISION;setup SHORT score=0.85 entry=4992.12 inv=5023.80 tgt=0.00 AWAIT-RETEST [CHoCH short lvl=4997.13|RelVol=1.28|Retest@4992.12|VPnode d=11.68|VWAPside|CycleTurn w=0.96<-0.99]
2026.02.05 04:15:00;VETO;outlier bar masked, z=4.2
2026.02.05 05:00:00;VETO;outlier bar masked, z=7.9
2026.02.05 05:15:00;VETO;outlier bar masked, z=5.2
2026.02.05 05:30:00;VETO;outlier bar masked, z=3.6
2026.02.05 07:45:00;VETO;outlier bar masked, z=3.8
2026.02.05 08:00:00;DECISION;setup LONG score=0.60 entry=4899.53 inv=4788.86 tgt=0.00 AWAIT-RETEST [CHoCH long lvl=4891.14|RelVol=1.68|Retest@4899.53|VPnear|CycleTurn w=0.33<--0.75]
2026.02.05 08:15:00;VETO;authorization denied: outside session window (server hour 08, window 12-20)
2026.02.05 08:30:00;VETO;authorization denied: outside session window (server hour 08, window 12-20)
2026.02.05 08:45:00;VETO;authorization denied: outside session window (server hour 08, window 12-20)
2026.02.05 09:00:00;VETO;authorization denied: outside session window (server hour 09, window 12-20)
2026.02.05 11:15:00;DECISION;setup SHORT score=0.70 entry=4889.14 inv=4943.62 tgt=0.00 AWAIT-RETEST [CHoCH short lvl=4895.99|RelVol=1.97|Retest@4889.14|VPnear|VWAPside|CycleTurn w=0.87<-0.99]
2026.02.05 11:45:00;VETO;authorization denied: outside session window (server hour 11, window 12-20)
2026.02.05 12:00:00;VETO;risk veto: size 0.00 < broker min 0.01 (risk too small for stop)
2026.02.05 14:15:00;DECISION;setup SHORT score=0.85 entry=4840.19 inv=4894.57 tgt=0.00 [BOS short lvl=4847.78|RelVol=1.56|VPnode d=6.19|VWAPside|CycleTurn w=0.66<-0.93]
2026.02.05 14:15:00;ORDER;filled SELL 0.01 lots sl=4894.57 tp=4731.34 [WT|BOS|0.85]
2026.02.05 14:15:00;RISK;sizing: vol_ratio=0.92 scalar=1.00 gap_buf=13.70750 eff_stop=68.11750
2026.02.05 14:15:00;ORDER;entry fill deal #26 SELL 0.01 @ 4840.16000
2026.02.05 18:45:00;DECISION;setup LONG score=0.75 entry=4878.97 inv=4800.53 tgt=0.00 AWAIT-RETEST [CHoCH long lvl=4869.99|RelVol=1.42|Retest@4878.97|VPnode d=21.87|CycleTurn w=0.37<--0.78]
2026.02.05 18:45:00;VETO;retest limit risk veto: max positions
2026.02.05 18:50:40;RISK;deal closed pnl=-54.41 streak=1 lock=0
2026.02.05 19:00:00;VETO;risk veto: size 0.00 < broker min 0.01 (risk too small for stop)
2026.02.05 23:45:00;DECISION;setup SHORT score=0.65 entry=4794.55 inv=4906.91 tgt=0.00 AWAIT-RETEST [CHoCH short lvl=4800.53|RelVol=2.08|Retest@4794.55|VPnode d=10.25|VWAPside]
2026.02.06 02:30:00;VETO;outlier bar masked, z=4.9
2026.02.06 03:15:00;VETO;outlier bar masked, z=4.0
2026.02.06 04:00:00;DECISION;setup LONG score=0.65 entry=4773.27 inv=4655.27 tgt=0.00 AWAIT-RETEST [CHoCH long lvl=4764.68|RelVol=1.48|Retest@4773.27|VPnode d=12.07|VWAPside]
2026.02.06 04:15:00;VETO;authorization denied: outside session window (server hour 04, window 12-20)
2026.02.06 04:30:00;VETO;authorization denied: outside session window (server hour 04, window 12-20)
2026.02.06 04:45:00;VETO;authorization denied: outside session window (server hour 04, window 12-20)
2026.02.06 05:00:00;VETO;authorization denied: outside session window (server hour 05, window 12-20)
2026.02.06 07:30:00;DECISION;setup LONG score=0.65 entry=4852.14 inv=4801.20 tgt=0.00 [BOS long lvl=4846.61|RelVol=1.26|VPnode d=3.74|VWAPside]
2026.02.06 07:30:00;VETO;authorization denied: outside session window (server hour 07, window 12-20)
2026.02.06 07:45:00;VETO;authorization denied: outside session window (server hour 07, window 12-20)
2026.02.06 08:00:00;VETO;authorization denied: outside session window (server hour 08, window 12-20)
2026.02.06 08:15:00;VETO;authorization denied: outside session window (server hour 08, window 12-20)
2026.02.06 13:15:00;VETO;signal rejected: regime: chop ADX 10.7 < 22.0
2026.02.06 15:15:00;DECISION;setup LONG score=0.65 entry=4909.63 inv=4871.88 tgt=0.00 [BOS long lvl=4903.49|RelVol=1.42|VPnode d=6.03|VWAPside]
2026.02.06 15:15:00;ORDER;filled BUY 0.02 lots sl=4871.88 tp=4985.25 [WT|BOS|0.65]
2026.02.06 15:15:00;RISK;sizing: vol_ratio=0.65 scalar=1.00 gap_buf=9.14821 eff_stop=46.93821
2026.02.06 15:15:00;ORDER;entry fill deal #28 BUY 0.02 @ 4909.67000
2026.02.06 16:38:20;MANAGE;#28 SL 4871.88 -> 4909.71 breakeven
2026.02.06 17:00:00;DECISION;setup LONG score=0.75 entry=4948.12 inv=4871.88 tgt=0.00 [BOS long lvl=4938.44|RelVol=1.04|VPnode d=1.88|VWAPside|ADX=32]
2026.02.06 17:00:00;VETO;risk veto: max positions
2026.02.06 17:00:20;MANAGE;#28 SL 4909.71 -> 4913.80 trail
2026.02.06 17:06:40;MANAGE;#28 SL 4913.80 -> 4919.00 trail
2026.02.06 19:30:40;MANAGE;#28 SL 4919.00 -> 4924.04 trail
2026.02.06 20:05:40;MANAGE;#28 SL 4924.04 -> 4927.07 trail
2026.02.06 20:11:40;MANAGE;#28 SL 4927.07 -> 4928.22 trail
2026.02.06 20:12:40;MANAGE;#28 SL 4928.22 -> 4930.31 trail
2026.02.06 20:15:00;VETO;signal rejected: volume: relVol 0.98 < 1.00
2026.02.06 20:15:20;MANAGE;#28 SL 4930.31 -> 4930.60 trail
2026.02.06 20:16:20;MANAGE;#28 SL 4930.60 -> 4930.79 trail
2026.02.06 20:45:40;MANAGE;#28 SL 4930.79 -> 4931.25 trail
2026.02.06 20:46:40;MANAGE;#28 SL 4931.25 -> 4931.60 trail
2026.02.06 20:47:40;MANAGE;#28 SL 4931.60 -> 4932.43 trail
2026.02.06 20:48:40;MANAGE;#28 SL 4932.43 -> 4933.25 trail
2026.02.06 20:50:40;MANAGE;#28 SL 4933.25 -> 4934.36 trail
2026.02.06 21:49:40;MANAGE;#28 SL 4934.36 -> 4934.74 trail
2026.02.06 21:50:20;MANAGE;#28 SL 4934.74 -> 4935.66 trail
2026.02.06 23:37:40;ERROR;modify #28 sl=4936.44 tp=4985.25 rejected rc=10018
2026.02.06 23:38:20;ERROR;modify #28 sl=4936.35 tp=4985.25 rejected rc=10018
2026.02.06 23:38:59;ERROR;modify #28 sl=4940.48 tp=4985.25 rejected rc=10018
2026.02.06 23:39:40;ERROR;modify #28 sl=4937.94 tp=4985.25 rejected rc=10018
2026.02.06 23:40:20;ERROR;modify #28 sl=4939.56 tp=4985.25 rejected rc=10018
2026.02.06 23:40:59;ERROR;modify #28 sl=4937.76 tp=4985.25 rejected rc=10018
2026.02.06 23:41:40;ERROR;modify #28 sl=4939.67 tp=4985.25 rejected rc=10018
2026.02.06 23:42:20;ERROR;modify #28 sl=4939.91 tp=4985.25 rejected rc=10018
2026.02.06 23:42:59;ERROR;modify #28 sl=4938.71 tp=4985.25 rejected rc=10018
2026.02.06 23:43:40;ERROR;modify #28 sl=4936.14 tp=4985.25 rejected rc=10018
2026.02.06 23:44:20;ERROR;modify #28 sl=4936.89 tp=4985.25 rejected rc=10018
2026.02.06 23:44:59;ERROR;modify #28 sl=4937.31 tp=4985.25 rejected rc=10018
2026.02.06 23:45:40;ERROR;modify #28 sl=4935.94 tp=4985.25 rejected rc=10018
2026.02.06 23:46:20;ERROR;modify #28 sl=4937.15 tp=4985.25 rejected rc=10018
2026.02.06 23:46:59;ERROR;modify #28 sl=4935.77 tp=4985.25 rejected rc=10018
2026.02.06 23:47:40;ERROR;modify #28 sl=4937.84 tp=4985.25 rejected rc=10018
2026.02.06 23:48:20;ERROR;modify #28 sl=4937.90 tp=4985.25 rejected rc=10018
2026.02.06 23:48:59;ERROR;modify #28 sl=4936.51 tp=4985.25 rejected rc=10018
2026.02.06 23:49:40;ERROR;modify #28 sl=4938.07 tp=4985.25 rejected rc=10018
2026.02.06 23:50:20;ERROR;modify #28 sl=4938.04 tp=4985.25 rejected rc=10018
2026.02.06 23:50:59;ERROR;modify #28 sl=4937.93 tp=4985.25 rejected rc=10018
2026.02.06 23:51:40;ERROR;modify #28 sl=4936.21 tp=4985.25 rejected rc=10018
2026.02.06 23:52:20;ERROR;modify #28 sl=4937.73 tp=4985.25 rejected rc=10018
2026.02.06 23:52:59;ERROR;modify #28 sl=4939.35 tp=4985.25 rejected rc=10018
2026.02.06 23:53:40;ERROR;modify #28 sl=4941.10 tp=4985.25 rejected rc=10018
2026.02.06 23:54:20;ERROR;modify #28 sl=4940.08 tp=4985.25 rejected rc=10018
2026.02.06 23:54:59;ERROR;modify #28 sl=4941.34 tp=4985.25 rejected rc=10018
2026.02.06 23:55:40;ERROR;modify #28 sl=4937.99 tp=4985.25 rejected rc=10018
2026.02.06 23:56:20;ERROR;modify #28 sl=4939.85 tp=4985.25 rejected rc=10018
2026.02.06 23:56:59;ERROR;modify #28 sl=4943.25 tp=4985.25 rejected rc=10018
2026.02.06 23:57:40;ERROR;modify #28 sl=4945.11 tp=4985.25 rejected rc=10018
2026.02.06 23:58:20;ERROR;modify #28 sl=4946.08 tp=4985.25 rejected rc=10018
2026.02.06 23:58:59;ERROR;modify #28 sl=4942.54 tp=4985.25 rejected rc=10018
2026.02.06 23:59:40;ERROR;modify #28 sl=4941.83 tp=4985.25 rejected rc=10018
2026.02.09 01:00:00;RISK;deal closed pnl=150.91 streak=0 lock=0
2026.02.09 01:15:00;DECISION;setup LONG score=0.85 entry=4979.93 inv=4936.61 tgt=0.00 [BOS long lvl=4971.48|RelVol=1.06|VPnode d=5.27|VWAPside|CycleTurn w=-0.90<--0.97]
2026.02.09 01:15:00;VETO;authorization denied: outside session window (server hour 01, window 12-20)
2026.02.09 01:30:00;VETO;authorization denied: outside session window (server hour 01, window 12-20)
2026.02.09 01:45:00;VETO;authorization denied: outside session window (server hour 01, window 12-20)
2026.02.09 02:00:00;VETO;authorization denied: outside session window (server hour 02, window 12-20)
2026.02.09 07:45:00;DECISION;setup LONG score=0.85 entry=5034.42 inv=5007.56 tgt=0.00 [BOS long lvl=5031.53|RelVol=1.07|VPnode d=8.78|VWAPside|CycleTurn w=-0.96<--1.00]
2026.02.09 07:45:00;VETO;authorization denied: outside session window (server hour 07, window 12-20)
2026.02.09 08:00:00;VETO;authorization denied: outside session window (server hour 08, window 12-20)
2026.02.09 08:15:00;VETO;authorization denied: outside session window (server hour 08, window 12-20)
2026.02.09 08:30:00;VETO;authorization denied: outside session window (server hour 08, window 12-20)
2026.02.09 10:00:00;VETO;signal rejected: volume: relVol 0.96 < 1.00
2026.02.09 12:30:00;VETO;signal rejected: score 0.50 < 0.55 [BOS short lvl=4997.68|RelVol=1.21|VPnear|VWAPside]
2026.02.09 16:45:00;DECISION;setup LONG score=0.85 entry=5028.47 inv=4995.11 tgt=0.00 AWAIT-RETEST [CHoCH long lvl=5024.84|RelVol=1.04|Retest@5028.47|VPnode d=7.93|VWAPside|CycleTurn w=0.33<--0.76]
2026.02.09 16:45:00;ORDER;limit BUY 0.02 @ 5028.47 sl=4995.11 tp=5095.19 rc=10009 [WT|CHOCH|0.85|RL]
2026.02.09 16:45:00;RISK;sizing: vol_ratio=0.83 scalar=1.00 gap_buf=7.26179 eff_stop=40.62268
2026.02.09 17:15:40;ORDER;entry fill deal #30 BUY 0.02 @ 5028.47000
2026.02.09 18:02:40;MANAGE;#30 SL 4995.11 -> 5028.51 breakeven
2026.02.09 18:02:59;MANAGE;#30 SL 5028.51 -> 5031.91 trail
2026.02.09 18:03:40;MANAGE;#30 SL 5031.91 -> 5034.92 trail
2026.02.09 18:04:40;MANAGE;#30 SL 5034.92 -> 5037.87 trail
2026.02.09 18:15:40;MANAGE;#30 SL 5037.87 -> 5039.96 trail
2026.02.09 18:22:40;MANAGE;#30 SL 5039.96 -> 5043.57 trail
2026.02.09 18:23:40;MANAGE;#30 SL 5043.57 -> 5044.16 trail
2026.02.09 18:25:40;MANAGE;#30 SL 5044.16 -> 5048.82 trail
2026.02.09 18:26:20;MANAGE;#30 SL 5048.82 -> 5049.22 trail
2026.02.09 18:45:40;MANAGE;#30 SL 5049.22 -> 5050.18 trail
2026.02.09 19:51:40;RISK;deal closed pnl=43.42 streak=0 lock=0
2026.02.10 01:15:00;VETO;outlier bar masked, z=15.1
2026.02.10 04:45:00;VETO;signal rejected: volume: relVol 0.70 < 1.00
2026.02.10 10:45:00;VETO;signal rejected: regime: chop ADX 18.2 < 22.0
2026.02.10 14:45:00;VETO;signal rejected: volume: relVol 0.85 < 1.00
2026.02.10 16:30:00;VETO;signal rejected: volume: relVol 0.96 < 1.00
2026.02.10 17:00:00;VETO;outlier bar masked, z=4.7
2026.02.10 17:45:00;VETO;outlier bar masked, z=5.4
2026.02.11 01:30:00;VETO;signal rejected: volume: relVol 0.82 < 1.00
2026.02.11 04:00:00;VETO;signal rejected: regime: chop ADX 19.9 < 22.0
2026.02.11 07:45:00;VETO;signal rejected: regime: chop ADX 20.2 < 22.0
2026.02.11 09:00:00;VETO;signal rejected: regime: chop ADX 19.4 < 22.0
2026.02.11 12:30:00;DECISION;setup LONG score=0.70 entry=5071.38 inv=5045.91 tgt=0.00 [BOS long lvl=5069.39|RelVol=1.06|VPnear|VWAPside|CycleTurn w=0.79<-0.02]
2026.02.11 12:30:00;ORDER;filled BUY 0.03 lots sl=5045.91 tp=5122.44 [WT|BOS|0.70]
2026.02.11 12:30:00;RISK;sizing: vol_ratio=0.73 scalar=1.00 gap_buf=4.32071 eff_stop=29.83071
2026.02.11 12:30:00;ORDER;entry fill deal #32 BUY 0.03 @ 5071.42000
2026.02.11 12:44:40;MANAGE;#32 SL 5045.91 -> 5071.46 breakeven
2026.02.11 12:44:59;MANAGE;#32 SL 5071.46 -> 5082.81 trail
2026.02.11 12:45:00;VETO;outlier bar masked, z=4.5
2026.02.11 13:03:40;RISK;deal closed pnl=34.17 streak=0 lock=0
2026.02.11 14:45:00;VETO;outlier bar masked, z=7.4
2026.02.11 15:45:00;VETO;outlier bar masked, z=10.1
2026.02.11 16:45:00;VETO;outlier bar masked, z=5.2
2026.02.12 01:15:00;VETO;outlier bar masked, z=6.9
2026.02.12 03:15:00;VETO;signal rejected: volume: relVol 0.73 < 1.00
2026.02.12 11:15:00;VETO;signal rejected: regime: chop ADX 15.4 < 22.0
2026.02.12 15:00:00;VETO;signal rejected: regime: chop ADX 18.3 < 22.0
2026.02.12 17:00:00;VETO;signal rejected: regime: chop ADX 15.1 < 22.0
2026.02.12 18:15:00;VETO;outlier bar masked, z=20.6
2026.02.12 18:30:00;VETO;outlier bar masked, z=14.4
2026.02.12 18:45:00;VETO;outlier bar masked, z=12.1
2026.02.12 19:00:00;VETO;outlier bar masked, z=3.9
2026.02.12 20:00:00;VETO;outlier bar masked, z=3.9
2026.02.13 01:15:00;VETO;outlier bar masked, z=6.2
2026.02.13 02:15:00;VETO;outlier bar masked, z=3.9
2026.02.13 03:15:00;VETO;outlier bar masked, z=4.7
2026.02.13 07:45:00;VETO;signal rejected: regime: chop ADX 18.8 < 22.0
2026.02.13 13:00:00;VETO;signal rejected: volume: relVol 0.86 < 1.00
2026.02.13 15:45:00;DECISION;setup LONG score=0.65 entry=4984.51 inv=4933.76 tgt=0.00 AWAIT-RETEST [CHoCH long lvl=4980.79|RelVol=1.30|Retest@4984.51|VPnode d=3.89|VWAPside]
2026.02.13 15:45:00;ERROR;limit BUY 0.01 @ 4984.51 sl=4933.76 tp=5086.02 rc=10015 [WT|CHOCH|0.65|RL]
2026.02.13 16:00:00;ORDER;filled BUY 0.01 lots sl=4933.76 tp=5094.02 [WT|CHOCH|0.65]
2026.02.13 16:00:00;RISK;sizing: vol_ratio=0.85 scalar=1.00 gap_buf=7.67429 eff_stop=61.09429
2026.02.13 16:00:00;ORDER;entry fill deal #34 BUY 0.01 @ 4987.18000
2026.02.13 16:45:00;VETO;outlier bar masked, z=6.0
2026.02.13 18:00:00;VETO;outlier bar masked, z=3.6
2026.02.13 18:30:00;VETO;outlier bar masked, z=3.7
2026.02.13 21:07:40;MANAGE;#34 SL 4933.76 -> 4987.22 breakeven
2026.02.13 21:07:59;MANAGE;#34 SL 4987.22 -> 5010.91 trail
2026.02.13 21:08:20;MANAGE;#34 SL 5010.91 -> 5011.45 trail
2026.02.13 21:09:40;MANAGE;#34 SL 5011.45 -> 5012.47 trail
2026.02.13 21:10:20;MANAGE;#34 SL 5012.47 -> 5012.73 trail
2026.02.13 21:15:00;VETO;signal rejected: volume: relVol 0.81 < 1.00
2026.02.13 21:30:40;MANAGE;#34 SL 5012.73 -> 5013.52 trail
2026.02.13 23:05:40;ERROR;modify #34 sl=5013.91 tp=5094.02 rejected rc=10018
2026.02.13 23:33:40;ERROR;modify #34 sl=5014.60 tp=5094.02 rejected rc=10018
2026.02.13 23:34:20;ERROR;modify #34 sl=5014.73 tp=5094.02 rejected rc=10018
2026.02.13 23:34:59;ERROR;modify #34 sl=5013.84 tp=5094.02 rejected rc=10018
2026.02.13 23:35:59;ERROR;modify #34 sl=5013.76 tp=5094.02 rejected rc=10018
2026.02.13 23:37:40;ERROR;modify #34 sl=5014.13 tp=5094.02 rejected rc=10018
2026.02.13 23:38:40;ERROR;modify #34 sl=5014.77 tp=5094.02 rejected rc=10018
2026.02.13 23:39:20;ERROR;modify #34 sl=5014.49 tp=5094.02 rejected rc=10018
2026.02.13 23:39:59;ERROR;modify #34 sl=5013.76 tp=5094.02 rejected rc=10018
2026.02.13 23:40:40;ERROR;modify #34 sl=5015.58 tp=5094.02 rejected rc=10018
2026.02.13 23:41:20;ERROR;modify #34 sl=5015.32 tp=5094.02 rejected rc=10018
2026.02.13 23:41:59;ERROR;modify #34 sl=5018.49 tp=5094.02 rejected rc=10018
2026.02.13 23:42:40;ERROR;modify #34 sl=5017.29 tp=5094.02 rejected rc=10018
2026.02.13 23:43:20;ERROR;modify #34 sl=5018.08 tp=5094.02 rejected rc=10018
2026.02.13 23:43:59;ERROR;modify #34 sl=5017.59 tp=5094.02 rejected rc=10018
2026.02.13 23:44:40;ERROR;modify #34 sl=5018.68 tp=5094.02 rejected rc=10018
2026.02.13 23:45:20;ERROR;modify #34 sl=5019.23 tp=5094.02 rejected rc=10018
2026.02.13 23:45:59;ERROR;modify #34 sl=5018.84 tp=5094.02 rejected rc=10018
2026.02.13 23:46:40;ERROR;modify #34 sl=5026.45 tp=5094.02 rejected rc=10018
2026.02.13 23:47:20;ERROR;modify #34 sl=5025.87 tp=5094.02 rejected rc=10018
2026.02.13 23:47:59;ERROR;modify #34 sl=5021.21 tp=5094.02 rejected rc=10018
2026.02.13 23:48:40;ERROR;modify #34 sl=5022.77 tp=5094.02 rejected rc=10018
2026.02.13 23:49:20;ERROR;modify #34 sl=5021.31 tp=5094.02 rejected rc=10018
2026.02.13 23:49:59;ERROR;modify #34 sl=5023.09 tp=5094.02 rejected rc=10018
2026.02.13 23:50:40;ERROR;modify #34 sl=5021.36 tp=5094.02 rejected rc=10018
2026.02.13 23:51:20;ERROR;modify #34 sl=5022.27 tp=5094.02 rejected rc=10018
2026.02.13 23:51:59;ERROR;modify #34 sl=5019.04 tp=5094.02 rejected rc=10018
2026.02.13 23:52:40;ERROR;modify #34 sl=5018.12 tp=5094.02 rejected rc=10018
2026.02.13 23:53:20;ERROR;modify #34 sl=5018.67 tp=5094.02 rejected rc=10018
2026.02.13 23:53:59;ERROR;modify #34 sl=5020.04 tp=5094.02 rejected rc=10018
2026.02.13 23:54:40;ERROR;modify #34 sl=5023.58 tp=5094.02 rejected rc=10018
2026.02.13 23:55:20;ERROR;modify #34 sl=5023.22 tp=5094.02 rejected rc=10018
2026.02.13 23:55:59;ERROR;modify #34 sl=5022.08 tp=5094.02 rejected rc=10018
2026.02.13 23:56:40;ERROR;modify #34 sl=5023.96 tp=5094.02 rejected rc=10018
2026.02.13 23:57:20;ERROR;modify #34 sl=5023.94 tp=5094.02 rejected rc=10018
2026.02.13 23:57:59;ERROR;modify #34 sl=5022.85 tp=5094.02 rejected rc=10018
2026.02.13 23:58:40;ERROR;modify #34 sl=5021.89 tp=5094.02 rejected rc=10018
2026.02.13 23:59:20;ERROR;modify #34 sl=5022.58 tp=5094.02 rejected rc=10018
2026.02.13 23:59:59;ERROR;modify #34 sl=5022.90 tp=5094.02 rejected rc=10018
2026.02.16 01:00:00;MANAGE;#34 SL 5013.52 -> 5014.99 trail
2026.02.16 01:00:40;MANAGE;#34 SL 5014.99 -> 5024.57 trail
2026.02.16 01:01:40;RISK;deal closed pnl=37.26 streak=0 lock=0
2026.02.16 01:15:00;VETO;outlier bar masked, z=4.0
2026.02.16 01:45:00;VETO;signal rejected: regime: chop ADX 18.7 < 22.0
2026.02.16 04:45:00;VETO;signal rejected: regime: chop ADX 20.6 < 22.0
2026.02.16 10:00:00;VETO;signal rejected: volume: relVol 0.79 < 1.00
2026.02.16 11:30:00;VETO;signal rejected: volume: relVol 0.50 < 1.00
2026.02.16 14:15:00;VETO;signal rejected: regime: chop ADX 21.8 < 22.0
2026.02.16 16:30:00;VETO;signal rejected: volume: relVol 0.48 < 1.00
2026.02.17 02:15:00;VETO;signal rejected: regime: chop ADX 15.4 < 22.0
2026.02.17 03:00:00;VETO;outlier bar masked, z=8.1
2026.02.17 03:15:00;VETO;outlier bar masked, z=5.4
2026.02.17 07:15:00;VETO;outlier bar masked, z=5.4
2026.02.17 07:30:00;VETO;outlier bar masked, z=8.8
2026.02.17 07:45:00;VETO;outlier bar masked, z=9.7
2026.02.17 08:00:00;VETO;outlier bar masked, z=4.5
2026.02.17 08:45:00;VETO;outlier bar masked, z=3.9
2026.02.17 12:15:00;VETO;signal rejected: volume: relVol 0.77 < 1.00
2026.02.17 13:00:00;DECISION;setup SHORT score=0.70 entry=4910.61 inv=4939.46 tgt=0.00 AWAIT-RETEST [CHoCH short lvl=4913.41|RelVol=1.11|Retest@4910.61|VPnear|VWAPside|CycleTurn w=0.99<-1.00]
2026.02.17 13:00:00;ERROR;limit SELL 0.02 @ 4910.61 sl=4939.46 tp=4852.92 rc=10015 [WT|CHOCH|0.70|RL]
2026.02.17 13:15:00;ORDER;filled SELL 0.05 lots sl=4939.46 tp=4899.86 [WT|CHOCH|0.70]
2026.02.17 13:15:00;RISK;sizing: vol_ratio=1.06 scalar=0.96 gap_buf=5.47071 eff_stop=18.67071
2026.02.17 13:15:00;ORDER;entry fill deal #36 SELL 0.05 @ 4926.26000
2026.02.17 14:15:40;RISK;deal closed pnl=-66.00 streak=1 lock=0
2026.02.17 14:30:00;VETO;signal rejected: regime: chop ADX 19.8 < 22.0
2026.02.17 16:00:00;VETO;outlier bar masked, z=11.5
2026.02.17 16:15:00;VETO;outlier bar masked, z=12.5
2026.02.17 16:45:00;VETO;outlier bar masked, z=6.9
2026.02.17 21:00:00;VETO;signal rejected: score 0.40 < 0.55 [CHoCH long lvl=4893.65|RelVol=1.17|Retest@4897.68|VPnear]
2026.02.18 02:00:00;VETO;signal rejected: volume: relVol 0.92 < 1.00
2026.02.18 03:15:00;VETO;signal rejected: volume: relVol 0.56 < 1.00
2026.02.18 10:45:00;VETO;signal rejected: volume: relVol 0.51 < 1.00
2026.02.18 12:45:00;VETO;signal rejected: volume: relVol 0.94 < 1.00
2026.02.18 14:45:00;VETO;signal rejected: volume: relVol 0.84 < 1.00
2026.02.18 16:45:00;VETO;outlier bar masked, z=4.2
2026.02.18 20:30:00;VETO;signal rejected: volume: relVol 0.65 < 1.00
2026.02.19 01:15:00;VETO;outlier bar masked, z=4.8
2026.02.19 06:00:00;VETO;signal rejected: regime: chop ADX 21.6 < 22.0
2026.02.19 11:30:00;VETO;outlier bar masked, z=5.1
2026.02.19 15:45:00;VETO;outlier bar masked, z=4.7
2026.02.19 16:15:00;VETO;outlier bar masked, z=4.5
2026.02.19 16:45:00;VETO;outlier bar masked, z=6.3
2026.02.19 17:00:00;VETO;outlier bar masked, z=4.0
2026.02.20 02:00:00;VETO;signal rejected: volume: relVol 0.55 < 1.00
2026.02.20 03:15:00;VETO;signal rejected: volume: relVol 0.54 < 1.00
2026.02.20 05:30:00;VETO;signal rejected: volume: relVol 0.29 < 1.00
2026.02.20 08:15:00;VETO;signal rejected: volume: relVol 0.64 < 1.00
2026.02.20 11:15:00;VETO;signal rejected: volume: relVol 0.85 < 1.00
2026.02.20 14:00:00;VETO;signal rejected: score 0.40 < 0.55 [CHoCH short lvl=5019.64|RelVol=1.07|Retest@5017.36|VPnear]
2026.02.20 16:00:00;VETO;signal rejected: volume: relVol 0.94 < 1.00
2026.02.20 17:15:00;VETO;outlier bar masked, z=17.4
2026.02.20 17:30:00;VETO;outlier bar masked, z=6.3
2026.02.20 17:45:00;VETO;outlier bar masked, z=5.2
2026.02.20 19:00:00;VETO;signal rejected: volume: relVol 0.77 < 1.00
2026.02.20 22:00:00;VETO;signal rejected: volume: relVol 0.64 < 1.00
2026.02.23 01:15:00;VETO;outlier bar masked, z=9.5
2026.02.23 02:15:00;VETO;outlier bar masked, z=6.1
2026.02.23 02:30:00;VETO;outlier bar masked, z=3.6
2026.02.23 04:45:00;VETO;signal rejected: volume: relVol 0.71 < 1.00
2026.02.23 08:45:00;VETO;signal rejected: volume: relVol 0.74 < 1.00
2026.02.23 13:00:00;VETO;signal rejected: volume: relVol 0.91 < 1.00
2026.02.23 14:45:00;VETO;signal rejected: regime: chop ADX 18.9 < 22.0
2026.02.23 16:45:00;VETO;signal rejected: regime: chop ADX 20.8 < 22.0
2026.02.23 18:15:00;VETO;outlier bar masked, z=3.5
2026.02.23 21:45:00;VETO;signal rejected: regime: chop ADX 15.2 < 22.0
2026.02.24 01:15:00;VETO;outlier bar masked, z=3.5
2026.02.24 03:15:00;VETO;outlier bar masked, z=5.7
2026.02.24 03:30:00;VETO;outlier bar masked, z=6.4
2026.02.24 14:30:00;VETO;signal rejected: regime: chop ADX 17.8 < 22.0
2026.02.24 15:45:00;VETO;outlier bar masked, z=3.8
2026.02.24 16:00:00;VETO;outlier bar masked, z=6.3
2026.02.24 16:15:00;VETO;outlier bar masked, z=5.8
2026.02.24 16:45:00;VETO;outlier bar masked, z=4.1
2026.02.24 19:15:00;VETO;signal rejected: regime: chop ADX 20.4 < 22.0
2026.02.24 22:45:00;VETO;signal rejected: regime: chop ADX 16.1 < 22.0
2026.02.25 01:00:00;VETO;signal rejected: volume: relVol 0.68 < 1.00
2026.02.25 01:15:00;VETO;outlier bar masked, z=3.8
2026.02.25 03:15:00;VETO;outlier bar masked, z=5.2
2026.02.25 07:30:00;VETO;signal rejected: regime: chop ADX 18.1 < 22.0
2026.02.25 12:30:00;VETO;signal rejected: regime: chop ADX 17.7 < 22.0
2026.02.25 16:45:00;VETO;outlier bar masked, z=3.6
2026.02.25 17:15:00;VETO;signal rejected: regime: chop ADX 17.8 < 22.0
2026.02.25 18:30:00;VETO;signal rejected: regime: chop ADX 13.6 < 22.0
2026.02.25 21:00:00;VETO;signal rejected: volume: relVol 0.47 < 1.00
2026.02.25 22:30:00;VETO;signal rejected: volume: relVol 0.97 < 1.00
2026.02.25 23:00:00;VETO;outlier bar masked, z=7.5
2026.02.26 01:15:00;VETO;outlier bar masked, z=3.9
2026.02.26 02:30:00;VETO;signal rejected: volume: relVol 0.74 < 1.00
2026.02.26 04:45:00;DECISION;setup SHORT score=0.85 entry=5175.59 inv=5198.32 tgt=0.00 AWAIT-RETEST [CHoCH short lvl=5178.81|RelVol=1.46|Retest@5175.59|VPnode d=1.81|VWAPside|CycleTurn w=0.94<-0.99]
2026.02.26 05:00:00;VETO;authorization denied: outside session window (server hour 05, window 12-20)
2026.02.26 05:15:00;VETO;authorization denied: outside session window (server hour 05, window 12-20)
2026.02.26 05:30:00;VETO;authorization denied: outside session window (server hour 05, window 12-20)
2026.02.26 05:45:00;VETO;authorization denied: outside session window (server hour 05, window 12-20)
2026.02.26 06:15:00;VETO;signal rejected: volume: relVol 0.66 < 1.00
2026.02.26 07:30:00;VETO;signal rejected: volume: relVol 0.84 < 1.00
2026.02.26 09:15:00;VETO;signal rejected: volume: relVol 0.74 < 1.00
2026.02.26 14:00:00;VETO;signal rejected: volume: relVol 0.92 < 1.00
2026.02.26 16:45:00;VETO;outlier bar masked, z=6.5
2026.02.26 17:30:00;VETO;outlier bar masked, z=5.2
2026.02.26 17:45:00;VETO;outlier bar masked, z=5.9
2026.02.27 03:17:00;VETO;signal rejected: regime: chop ADX 18.1 < 22.0
2026.02.27 07:30:00;VETO;signal rejected: regime: chop ADX 15.1 < 22.0
2026.02.27 09:30:00;VETO;signal rejected: volume: relVol 0.91 < 1.00
2026.02.27 12:30:00;VETO;signal rejected: volume: relVol 0.82 < 1.00
2026.02.27 14:00:00;VETO;signal rejected: volume: relVol 0.74 < 1.00
2026.02.27 15:15:00;VETO;outlier bar masked, z=6.1
2026.02.27 15:30:00;VETO;outlier bar masked, z=5.8
2026.02.27 15:45:00;VETO;outlier bar masked, z=5.9
2026.02.27 17:30:00;VETO;outlier bar masked, z=4.6
2026.02.27 18:15:00;VETO;signal rejected: score 0.50 < 0.55 [BOS long lvl=5240.60|RelVol=1.05|Retest@5243.63|VWAPside|ADX=45]
2026.02.27 18:30:00;VETO;outlier bar masked, z=6.5
2026.02.27 22:45:00;VETO;signal rejected: volume: relVol 0.91 < 1.00
2026.03.02 01:15:00;VETO;outlier bar masked, z=25.5
2026.03.02 01:45:00;VETO;outlier bar masked, z=9.0
2026.03.02 02:15:00;VETO;outlier bar masked, z=4.3
2026.03.02 02:30:00;VETO;outlier bar masked, z=5.1
2026.03.02 03:00:00;VETO;outlier bar masked, z=4.6
2026.03.02 03:15:00;VETO;outlier bar masked, z=5.9
2026.03.02 03:30:00;VETO;outlier bar masked, z=8.9
2026.03.02 03:45:00;VETO;outlier bar masked, z=6.4
2026.03.02 08:15:00;VETO;signal rejected: volume: relVol 0.88 < 1.00
2026.03.02 15:30:00;VETO;signal rejected: regime: chop ADX 13.2 < 22.0
2026.03.02 16:15:00;VETO;signal rejected: regime: chop ADX 15.3 < 22.0
2026.03.02 16:30:00;VETO;outlier bar masked, z=9.3
2026.03.02 16:45:00;VETO;outlier bar masked, z=5.9
2026.03.02 18:00:00;VETO;outlier bar masked, z=3.6
2026.03.02 18:15:00;VETO;outlier bar masked, z=6.2
2026.03.02 21:15:00;DECISION;setup LONG score=0.55 entry=5325.72 inv=5289.61 tgt=0.00 AWAIT-RETEST [CHoCH long lvl=5320.64|RelVol=1.10|Retest@5325.72|VPnode d=2.88]
2026.03.02 21:30:00;VETO;authorization denied: outside session window (server hour 21, window 12-20)
2026.03.02 21:45:00;VETO;authorization denied: outside session window (server hour 21, window 12-20)
2026.03.02 22:00:00;VETO;authorization denied: outside session window (server hour 22, window 12-20)
2026.03.02 22:15:00;VETO;authorization denied: outside session window (server hour 22, window 12-20)
2026.03.03 02:15:00;VETO;signal rejected: volume: relVol 0.52 < 1.00
2026.03.03 07:30:00;DECISION;setup SHORT score=0.65 entry=5356.41 inv=5375.60 tgt=0.00 AWAIT-RETEST [CHoCH short lvl=5359.18|RelVol=1.30|Retest@5356.41|VPnode d=6.61|VWAPside]
2026.03.03 07:45:00;VETO;authorization denied: outside session window (server hour 07, window 12-20)
2026.03.03 08:00:00;VETO;outlier bar masked, z=4.7
2026.03.03 08:15:00;VETO;outlier bar masked, z=4.8
2026.03.03 08:30:00;VETO;authorization denied: outside session window (server hour 08, window 12-20)
2026.03.03 08:45:00;VETO;authorization denied: outside session window (server hour 08, window 12-20)
2026.03.03 09:00:00;VETO;authorization denied: outside session window (server hour 09, window 12-20)
2026.03.03 11:30:00;VETO;outlier bar masked, z=8.9
2026.03.03 13:15:00;VETO;outlier bar masked, z=11.5
2026.03.03 13:30:00;VETO;outlier bar masked, z=9.9
2026.03.03 13:45:00;VETO;outlier bar masked, z=6.3
2026.03.03 14:15:00;VETO;outlier bar masked, z=4.4
2026.03.03 15:15:00;VETO;outlier bar masked, z=6.0
2026.03.03 16:45:00;VETO;outlier bar masked, z=5.9
2026.03.03 17:00:00;VETO;outlier bar masked, z=3.6
2026.03.03 21:00:00;VETO;signal rejected: regime: chop ADX 21.9 < 22.0
2026.03.03 23:00:00;VETO;signal rejected: regime: chop ADX 15.0 < 22.0
2026.03.04 02:45:00;VETO;signal rejected: regime: chop ADX 17.7 < 22.0
2026.03.04 08:15:00;DECISION;setup SHORT score=0.65 entry=5147.92 inv=5181.03 tgt=0.00 AWAIT-RETEST [CHoCH short lvl=5152.13|RelVol=1.62|Retest@5147.92|VPnode d=2.12|VWAPside]
2026.03.04 08:30:00;VETO;authorization denied: outside session window (server hour 08, window 12-20)
2026.03.04 08:45:00;VETO;authorization denied: outside session window (server hour 08, window 12-20)
2026.03.04 09:00:00;VETO;authorization denied: outside session window (server hour 09, window 12-20)
2026.03.04 09:15:00;VETO;authorization denied: outside session window (server hour 09, window 12-20)
2026.03.04 09:45:00;DECISION;setup LONG score=0.85 entry=5172.41 inv=5122.39 tgt=0.00 AWAIT-RETEST [CHoCH long lvl=5168.32|RelVol=1.16|Retest@5172.41|VPnode d=5.39|VWAPside|CycleTurn w=-0.63<--0.88]
2026.03.04 10:00:00;VETO;authorization denied: outside session window (server hour 10, window 12-20)
2026.03.04 10:15:00;VETO;authorization denied: outside session window (server hour 10, window 12-20)
2026.03.04 10:30:00;VETO;authorization denied: outside session window (server hour 10, window 12-20)
2026.03.04 10:45:00;VETO;authorization denied: outside session window (server hour 10, window 12-20)
2026.03.04 11:45:00;VETO;signal rejected: regime: chop ADX 19.5 < 22.0
2026.03.04 17:00:00;VETO;signal rejected: regime: chop ADX 17.6 < 22.0
2026.03.04 20:15:00;VETO;signal rejected: regime: chop ADX 16.7 < 22.0
2026.03.05 01:15:00;VETO;signal rejected: regime: chop ADX 15.0 < 22.0
2026.03.05 05:00:00;VETO;signal rejected: volume: relVol 0.92 < 1.00
2026.03.05 08:15:00;VETO;outlier bar masked, z=4.8
2026.03.05 11:15:00;DECISION;setup LONG score=0.85 entry=5179.54 inv=5137.79 tgt=0.00 [BOS long lvl=5172.78|RelVol=1.98|VPnode d=2.24|VWAPside|CycleTurn w=-0.61<--0.98]
2026.03.05 11:15:00;VETO;authorization denied: outside session window (server hour 11, window 12-20)
2026.03.05 11:30:00;VETO;authorization denied: outside session window (server hour 11, window 12-20)
2026.03.05 11:45:00;VETO;authorization denied: outside session window (server hour 11, window 12-20)
2026.03.05 12:00:00;ORDER;filled BUY 0.03 lots sl=5137.79 tp=5207.42 [WT|BOS|0.85]
2026.03.05 12:00:00;RISK;sizing: vol_ratio=0.93 scalar=1.00 gap_buf=6.69964 eff_stop=29.90964
2026.03.05 12:00:00;ORDER;entry fill deal #38 BUY 0.03 @ 5161.00000
2026.03.05 14:15:00;VETO;signal rejected: regime: chop ADX 15.7 < 22.0
2026.03.05 15:17:40;RISK;deal closed pnl=-69.63 streak=1 lock=0
2026.03.05 15:30:00;VETO;outlier bar masked, z=12.5
2026.03.05 16:45:00;VETO;outlier bar masked, z=3.8
2026.03.05 17:15:00;VETO;outlier bar masked, z=8.1
2026.03.05 17:45:00;VETO;signal rejected: score 0.50 < 0.55 [BOS short lvl=5083.30|RelVol=1.28|VWAPside|ADX=53]
2026.03.06 01:45:00;VETO;signal rejected: volume: relVol 0.47 < 1.00
2026.03.06 03:45:00;VETO;signal rejected: regime: chop ADX 18.1 < 22.0
2026.03.06 10:30:00;DECISION;setup SHORT score=0.65 entry=5103.41 inv=5141.53 tgt=0.00 AWAIT-RETEST [CHoCH short lvl=5105.86|RelVol=1.03|Retest@5103.41|VPnode d=5.21|VWAPside]
2026.03.06 10:45:00;VETO;authorization denied: outside session window (server hour 10, window 12-20)
2026.03.06 11:00:00;VETO;authorization denied: outside session window (server hour 11, window 12-20)
2026.03.06 11:15:00;VETO;authorization denied: outside session window (server hour 11, window 12-20)
2026.03.06 11:30:00;VETO;authorization denied: outside session window (server hour 11, window 12-20)
2026.03.06 15:45:00;VETO;outlier bar masked, z=5.6
2026.03.06 16:00:00;VETO;outlier bar masked, z=5.6
2026.03.06 17:00:00;VETO;outlier bar masked, z=4.8
2026.03.06 17:15:00;VETO;signal rejected: score 0.50 < 0.55 [BOS long lvl=5131.07|RelVol=1.36|Retest@5135.68|VPnear|VWAPside]
2026.03.06 20:45:00;VETO;signal rejected: volume: relVol 0.91 < 1.00
2026.03.09 01:15:00;VETO;outlier bar masked, z=11.7
2026.03.09 01:45:00;VETO;outlier bar masked, z=8.8
2026.03.09 02:15:00;VETO;outlier bar masked, z=7.0
2026.03.09 03:15:00;VETO;outlier bar masked, z=7.9
2026.03.09 04:15:00;VETO;outlier bar masked, z=4.4
2026.03.09 07:45:00;VETO;signal rejected: regime: chop ADX 20.1 < 22.0
2026.03.09 11:15:00;VETO;signal rejected: regime: chop ADX 18.0 < 22.0
2026.03.09 13:30:00;VETO;signal rejected: regime: chop ADX 21.4 < 22.0
2026.03.09 15:45:00;VETO;outlier bar masked, z=3.6
2026.03.09 16:45:00;VETO;signal rejected: regime: chop ADX 20.4 < 22.0
2026.03.09 20:45:00;VETO;signal rejected: volume: relVol 0.76 < 1.00
2026.03.10 02:30:00;VETO;signal rejected: volume: relVol 0.79 < 1.00
2026.03.10 03:30:00;DECISION;setup LONG score=0.70 entry=5159.05 inv=5133.82 tgt=0.00 AWAIT-RETEST [CHoCH long lvl=5156.09|RelVol=1.15|Retest@5159.05|VPnear|VWAPside|CycleTurn w=-0.96<--1.00]
2026.03.10 03:45:00;VETO;authorization denied: outside session window (server hour 03, window 12-20)
2026.03.10 04:00:00;VETO;authorization denied: outside session window (server hour 04, window 12-20)
2026.03.10 04:15:00;VETO;authorization denied: outside session window (server hour 04, window 12-20)
2026.03.10 04:30:00;VETO;authorization denied: outside session window (server hour 04, window 12-20)
2026.03.10 10:00:00;VETO;signal rejected: regime: chop ADX 20.6 < 22.0
2026.03.10 15:15:00;DECISION;setup LONG score=0.85 entry=5194.79 inv=5162.44 tgt=0.00 AWAIT-RETEST [BOS long lvl=5191.94|RelVol=1.03|Retest@5194.79|VPnode d=7.59|VWAPside|CycleTurn w=-0.53<--0.92]
2026.03.10 15:15:00;ORDER;limit BUY 0.02 @ 5194.79 sl=5162.44 tp=5259.50 rc=10009 [WT|BOS|0.85|RL]
2026.03.10 15:15:00;RISK;sizing: vol_ratio=0.95 scalar=1.00 gap_buf=5.70607 eff_stop=38.05911
2026.03.10 15:30:00;VETO;outlier bar masked, z=4.6
2026.03.10 16:07:40;ORDER;entry fill deal #40 BUY 0.02 @ 5194.79000
2026.03.10 17:20:40;MANAGE;#40 SL 5162.44 -> 5194.83 breakeven
2026.03.10 17:20:59;MANAGE;#40 SL 5194.83 -> 5196.11 trail
2026.03.10 17:23:40;MANAGE;#40 SL 5196.11 -> 5197.42 trail
2026.03.10 17:31:40;MANAGE;#40 SL 5197.42 -> 5199.12 trail
2026.03.10 17:33:40;MANAGE;#40 SL 5199.12 -> 5203.11 trail
2026.03.10 17:34:20;MANAGE;#40 SL 5203.11 -> 5205.47 trail
2026.03.10 17:45:00;VETO;signal rejected: volume: relVol 0.67 < 1.00
2026.03.10 17:45:40;MANAGE;#40 SL 5205.47 -> 5207.86 trail
2026.03.10 19:12:40;MANAGE;#40 SL 5207.86 -> 5209.29 trail
2026.03.10 19:30:20;MANAGE;#40 SL 5209.29 -> 5210.75 trail
2026.03.10 19:52:40;MANAGE;#40 SL 5210.75 -> 5211.12 trail
2026.03.10 20:16:40;RISK;deal closed pnl=32.66 streak=0 lock=0
2026.03.10 20:30:00;VETO;outlier bar masked, z=12.2
2026.03.11 09:45:00;VETO;signal rejected: regime: chop ADX 21.5 < 22.0
2026.03.11 15:00:00;DECISION;setup SHORT score=0.65 entry=5174.27 inv=5197.26 tgt=0.00 AWAIT-RETEST [BOS short lvl=5177.21|RelVol=1.52|Retest@5174.27|VPnode d=8.13|VWAPside]
2026.03.11 15:00:00;ORDER;limit SELL 0.03 @ 5174.27 sl=5197.26 tp=5128.28 rc=10009 [WT|BOS|0.65|RL]
2026.03.11 15:00:00;RISK;sizing: vol_ratio=1.04 scalar=0.97 gap_buf=5.88893 eff_stop=28.88339
2026.03.11 15:03:40;ORDER;entry fill deal #42 SELL 0.03 @ 5174.27000
2026.03.11 15:51:40;MANAGE;#42 SL 5197.26 -> 5174.23 breakeven
2026.03.11 15:57:40;RISK;deal closed pnl=0.12 streak=0 lock=0
2026.03.11 16:00:00;VETO;outlier bar masked, z=4.1
2026.03.11 19:45:00;VETO;signal rejected: volume: relVol 0.97 < 1.00
2026.03.11 21:45:00;VETO;signal rejected: regime: chop ADX 19.3 < 22.0
2026.03.12 00:45:00;VETO;signal rejected: regime: chop ADX 21.5 < 22.0
2026.03.12 01:00:00;VETO;outlier bar masked, z=7.2
2026.03.12 06:45:00;VETO;signal rejected: volume: relVol 0.77 < 1.00
2026.03.12 09:45:00;VETO;signal rejected: regime: chop ADX 21.0 < 22.0
2026.03.12 14:15:00;DECISION;setup SHORT score=0.55 entry=5172.71 inv=5191.70 tgt=0.00 AWAIT-RETEST [CHoCH short lvl=5174.40|RelVol=1.00|Retest@5172.71|VPnode d=4.69]
2026.03.12 14:15:00;ORDER;limit SELL 0.04 @ 5172.71 sl=5191.70 tp=5134.74 rc=10009 [WT|CHOCH|0.55|RL]
2026.03.12 14:15:00;RISK;sizing: vol_ratio=0.67 scalar=1.00 gap_buf=3.37536 eff_stop=22.36304
2026.03.12 14:29:40;ORDER;entry fill deal #44 SELL 0.04 @ 5172.71000
2026.03.12 15:30:00;VETO;outlier bar masked, z=4.2
2026.03.12 15:45:00;VETO;signal rejected: regime: chop ADX 20.2 < 22.0
2026.03.12 15:45:40;MANAGE;#44 SL 5191.70 -> 5172.67 breakeven
2026.03.12 15:46:20;MANAGE;#44 SL 5172.67 -> 5172.02 trail
2026.03.12 15:48:40;MANAGE;#44 SL 5172.02 -> 5171.08 trail
2026.03.12 15:49:40;MANAGE;#44 SL 5171.08 -> 5170.51 trail
2026.03.12 15:53:40;MANAGE;#44 SL 5170.51 -> 5168.14 trail
2026.03.12 15:54:20;MANAGE;#44 SL 5168.14 -> 5166.50 trail
2026.03.12 15:55:40;MANAGE;#44 SL 5166.50 -> 5166.23 trail
2026.03.12 15:56:20;MANAGE;#44 SL 5166.23 -> 5164.91 trail
2026.03.12 16:37:40;MANAGE;#44 SL 5164.91 -> 5164.17 trail
2026.03.12 16:38:20;MANAGE;#44 SL 5164.17 -> 5161.60 trail
2026.03.12 16:49:20;MANAGE;#44 SL 5161.60 -> 5161.47 trail
2026.03.12 17:01:40;MANAGE;#44 SL 5161.47 -> 5161.35 trail
2026.03.12 17:02:40;RISK;deal closed pnl=151.88 streak=0 lock=0
2026.03.12 17:15:00;VETO;outlier bar masked, z=6.1
2026.03.12 20:00:00;VETO;signal rejected: volume: relVol 0.96 < 1.00
2026.03.12 22:30:00;VETO;signal rejected: volume: relVol 0.86 < 1.00
2026.03.13 06:30:00;VETO;signal rejected: volume: relVol 0.82 < 1.00
2026.03.13 14:00:00;VETO;signal rejected: regime: chop ADX 16.2 < 22.0
2026.03.13 16:45:00;VETO;signal rejected: volume: relVol 0.68 < 1.00
2026.03.13 17:00:00;VETO;outlier bar masked, z=7.3
2026.03.13 17:15:00;VETO;outlier bar masked, z=4.9
2026.03.13 18:00:00;VETO;signal rejected: score 0.50 < 0.55 [BOS short lvl=5035.97|RelVol=1.10|VWAPside|ADX=44]
2026.03.13 22:00:00;DECISION;setup SHORT score=0.70 entry=5016.44 inv=5049.81 tgt=0.00 [BOS short lvl=5019.04|RelVol=1.30|VWAPside|CycleTurn w=-0.44<-0.63|ADX=34]
2026.03.13 22:00:00;VETO;authorization denied: outside session window (server hour 22, window 12-20)
2026.03.13 22:15:00;VETO;authorization denied: outside session window (server hour 22, window 12-20)
2026.03.13 22:30:00;VETO;authorization denied: outside session window (server hour 22, window 12-20)
2026.03.13 22:45:00;VETO;authorization denied: outside session window (server hour 22, window 12-20)
2026.03.16 01:30:00;VETO;outlier bar masked, z=6.6
2026.03.16 02:00:00;VETO;outlier bar masked, z=3.5
2026.03.16 02:15:00;VETO;outlier bar masked, z=4.5
2026.03.16 02:45:00;DECISION;setup LONG score=0.85 entry=5029.71 inv=4967.62 tgt=0.00 AWAIT-RETEST [CHoCH long lvl=5026.13|RelVol=1.11|Retest@5029.71|VPnode d=1.09|VWAPside|CycleTurn w=0.40<--0.61]
2026.03.16 03:00:00;VETO;authorization denied: outside session window (server hour 03, window 12-20)
2026.03.16 03:15:00;VETO;outlier bar masked, z=6.3
2026.03.16 03:30:00;VETO;authorization denied: outside session window (server hour 03, window 12-20)
2026.03.16 03:45:00;VETO;authorization denied: outside session window (server hour 03, window 12-20)
2026.03.16 04:00:00;VETO;authorization denied: outside session window (server hour 04, window 12-20)
2026.03.16 06:00:00;VETO;signal rejected: volume: relVol 0.82 < 1.00
2026.03.16 08:15:00;VETO;signal rejected: regime: chop ADX 19.9 < 22.0
2026.03.16 09:30:00;VETO;signal rejected: regime: chop ADX 20.2 < 22.0
2026.03.16 14:30:00;DECISION;setup LONG score=0.65 entry=5025.95 inv=4970.11 tgt=0.00 AWAIT-RETEST [CHoCH long lvl=5022.63|RelVol=1.05|Retest@5025.95|VPnode d=0.15|VWAPside]
2026.03.16 14:30:00;ERROR;limit BUY 0.01 @ 5025.95 sl=4970.11 tp=5137.63 rc=10015 [WT|CHOCH|0.65|RL]
2026.03.16 14:45:00;ORDER;filled BUY 0.01 lots sl=4970.11 tp=5125.48 [WT|CHOCH|0.65]
2026.03.16 14:45:00;RISK;sizing: vol_ratio=0.94 scalar=1.00 gap_buf=6.45214 eff_stop=58.24214
2026.03.16 14:45:00;ORDER;entry fill deal #46 BUY 0.01 @ 5021.90000
2026.03.16 17:30:00;VETO;signal rejected: volume: relVol 0.56 < 1.00
2026.03.16 20:30:00;VETO;signal rejected: volume: relVol 0.60 < 1.00
2026.03.17 03:45:00;VETO;signal rejected: regime: chop ADX 20.5 < 22.0
2026.03.17 05:30:00;VETO;signal rejected: volume: relVol 0.59 < 1.00
2026.03.17 06:45:00;VETO;signal rejected: volume: relVol 0.74 < 1.00
2026.03.17 12:15:00;VETO;signal rejected: volume: relVol 0.73 < 1.00
2026.03.17 15:45:00;VETO;signal rejected: regime: chop ADX 18.5 < 22.0
2026.03.17 16:00:00;VETO;outlier bar masked, z=3.7
2026.03.17 17:30:00;VETO;signal rejected: regime: chop ADX 13.4 < 22.0
2026.03.17 17:45:00;VETO;outlier bar masked, z=4.9
2026.03.18 00:45:00;VETO;signal rejected: regime: chop ADX 19.5 < 22.0
2026.03.18 02:15:00;VETO;signal rejected: volume: relVol 0.45 < 1.00
2026.03.18 06:45:00;VETO;signal rejected: volume: relVol 0.86 < 1.00
2026.03.18 12:35:40;RISK;deal closed pnl=-52.05 streak=1 lock=0
2026.03.18 12:45:00;VETO;outlier bar masked, z=5.1
2026.03.18 13:00:00;VETO;outlier bar masked, z=3.6
2026.03.18 13:30:00;VETO;outlier bar masked, z=5.1
2026.03.18 13:45:00;VETO;outlier bar masked, z=4.7
2026.03.18 14:15:00;VETO;outlier bar masked, z=4.3
2026.03.18 14:45:00;VETO;outlier bar masked, z=4.3
2026.03.18 15:15:00;VETO;outlier bar masked, z=5.2
2026.03.18 15:30:00;VETO;outlier bar masked, z=5.2
2026.03.18 15:45:00;VETO;outlier bar masked, z=5.7
2026.03.18 18:30:00;VETO;signal rejected: volume: relVol 0.51 < 1.00
2026.03.18 21:00:00;VETO;outlier bar masked, z=3.8
2026.03.19 08:00:00;VETO;signal rejected: volume: relVol 0.82 < 1.00
2026.03.19 08:45:00;VETO;outlier bar masked, z=4.2
2026.03.19 09:00:00;VETO;outlier bar masked, z=4.2
2026.03.19 12:30:00;VETO;signal rejected: score 0.50 < 0.55 [BOS short lvl=4686.85|RelVol=1.47|StopFloored|VWAPside|ADX=69]
2026.03.19 14:45:00;VETO;outlier bar masked, z=3.7
2026.03.19 15:15:00;VETO;outlier bar masked, z=5.0
2026.03.19 15:30:00;VETO;outlier bar masked, z=3.7
2026.03.19 16:00:00;VETO;outlier bar masked, z=6.0
2026.03.19 21:15:00;VETO;signal rejected: regime: chop ADX 20.3 < 22.0
2026.03.20 00:15:00;VETO;signal rejected: volume: relVol 0.99 < 1.00
2026.03.20 03:45:00;VETO;signal rejected: volume: relVol 0.88 < 1.00
2026.03.20 05:15:00;DECISION;setup LONG score=0.60 entry=4704.22 inv=4639.42 tgt=0.00 AWAIT-RETEST [BOS long lvl=4699.22|RelVol=1.05|Retest@4704.22|VPnear|VWAPside|ADX=51]
2026.03.20 12:30:00;VETO;signal rejected: score 0.50 < 0.55 [CHoCH short lvl=4661.50|RelVol=1.23|Retest@4657.12|VPnear|VWAPside]
2026.03.20 16:00:00;VETO;outlier bar masked, z=3.8
2026.03.20 20:45:00;DECISION;setup SHORT score=0.70 entry=4526.15 inv=4613.58 tgt=0.00 [BOS short lvl=4540.53|RelVol=1.38|VWAPside|CycleTurn w=0.79<-0.98|ADX=39]
2026.03.20 20:45:00;VETO;authorization denied: outside session window (server hour 20, window 12-20)
2026.03.20 21:00:00;VETO;outlier bar masked, z=4.6
2026.03.20 21:15:00;VETO;authorization denied: outside session window (server hour 21, window 12-20)
2026.03.20 21:30:00;VETO;authorization denied: outside session window (server hour 21, window 12-20)
2026.03.20 21:45:00;VETO;authorization denied: outside session window (server hour 21, window 12-20)
2026.03.23 00:15:00;VETO;outlier bar masked, z=6.3
2026.03.23 02:15:00;DECISION;setup SHORT score=0.80 entry=4436.74 inv=4536.29 tgt=0.00 [BOS short lvl=4449.59|RelVol=1.41|VPnear|VWAPside|CycleTurn w=0.29<-0.91|ADX=49]
2026.03.23 02:15:00;VETO;authorization denied: outside session window (server hour 02, window 12-20)
2026.03.23 02:30:00;VETO;authorization denied: outside session window (server hour 02, window 12-20)
2026.03.23 02:45:00;VETO;outlier bar masked, z=10.1
2026.03.23 03:00:00;VETO;outlier bar masked, z=3.6
2026.03.23 03:15:00;VETO;outlier bar masked, z=7.9
2026.03.23 03:30:00;VETO;authorization denied: outside session window (server hour 03, window 12-20)
2026.03.23 03:45:00;VETO;authorization denied: outside session window (server hour 03, window 12-20)
2026.03.23 04:00:00;VETO;outlier bar masked, z=3.6
2026.03.23 07:45:00;DECISION;setup SHORT score=0.95 entry=4322.16 inv=4381.65 tgt=0.00 [BOS short lvl=4335.18|RelVol=1.49|VPnode d=1.76|VWAPside|CycleTurn w=0.99<-1.00|ADX=34]
2026.03.23 07:45:00;VETO;authorization denied: outside session window (server hour 07, window 12-20)
2026.03.23 08:00:00;VETO;authorization denied: outside session window (server hour 08, window 12-20)
2026.03.23 08:15:00;VETO;authorization denied: outside session window (server hour 08, window 12-20)
2026.03.23 08:30:00;VETO;outlier bar masked, z=4.4
2026.03.23 08:45:00;VETO;outlier bar masked, z=4.1
2026.03.23 09:00:00;VETO;outlier bar masked, z=4.0
2026.03.23 09:15:00;VETO;outlier bar masked, z=6.5
2026.03.23 09:30:00;VETO;outlier bar masked, z=3.6
2026.03.23 09:45:00;VETO;outlier bar masked, z=5.9
2026.03.23 10:00:00;VETO;authorization denied: outside session window (server hour 10, window 12-20)
2026.03.23 11:45:00;VETO;outlier bar masked, z=4.7
2026.03.23 13:15:00;VETO;outlier bar masked, z=12.3
2026.03.23 13:30:00;VETO;outlier bar masked, z=5.9
2026.03.23 15:00:00;VETO;signal rejected: score 0.50 < 0.55 [BOS long lvl=4462.75|RelVol=1.68|VPnear|VWAPside]
2026.03.23 18:00:00;DECISION;setup SHORT score=0.75 entry=4390.02 inv=4512.81 tgt=0.00 AWAIT-RETEST [CHoCH short lvl=4401.63|RelVol=1.31|Retest@4390.02|VPnode d=21.72|CycleTurn w=-0.51<-0.54]
2026.03.23 18:00:00;VETO;retest limit risk veto: size 0.00 < broker min 0.01 (risk too small for stop)
2026.03.23 18:15:00;VETO;risk veto: size 0.00 < broker min 0.01 (risk too small for stop)
2026.03.23 20:45:00;DECISION;setup LONG score=0.60 entry=4447.55 inv=4350.99 tgt=0.00 AWAIT-RETEST [CHoCH long lvl=4438.86|RelVol=1.36|Retest@4447.55|VWAPside|CycleTurn w=0.51<--0.57]
2026.03.23 21:00:00;VETO;authorization denied: outside session window (server hour 21, window 12-20)
2026.03.23 21:15:00;VETO;authorization denied: outside session window (server hour 21, window 12-20)
2026.03.23 21:30:00;VETO;authorization denied: outside session window (server hour 21, window 12-20)
2026.03.23 21:45:00;VETO;authorization denied: outside session window (server hour 21, window 12-20)
2026.03.24 02:45:00;VETO;signal rejected: regime: chop ADX 20.8 < 22.0
2026.03.24 08:30:00;VETO;signal rejected: regime: chop ADX 19.4 < 22.0
2026.03.24 13:00:00;DECISION;setup LONG score=0.75 entry=4438.77 inv=4391.11 tgt=0.00 [BOS long lvl=4432.68|RelVol=1.12|VPnode d=3.23|VWAPside|ADX=41]
2026.03.24 13:00:00;ORDER;filled BUY 0.01 lots sl=4391.11 tp=4534.21 [WT|BOS|0.75]
2026.03.24 13:00:00;RISK;sizing: vol_ratio=0.56 scalar=1.00 gap_buf=9.22250 eff_stop=56.92250
2026.03.24 13:00:00;ORDER;entry fill deal #48 BUY 0.01 @ 4438.81000
2026.03.24 13:01:40;RISK;deal closed pnl=-47.70 streak=1 lock=0
2026.03.24 14:45:00;DECISION;setup SHORT score=0.65 entry=4368.35 inv=4442.08 tgt=0.00 AWAIT-RETEST [CHoCH short lvl=4374.64|RelVol=1.43|Retest@4368.35|VPnode d=13.35|VWAPside]
2026.03.24 14:45:00;ERROR;limit SELL 0.01 @ 4368.35 sl=4442.08 tp=4220.88 rc=10015 [WT|CHOCH|0.65|RL]
2026.03.24 15:00:00;ORDER;filled SELL 0.01 lots sl=4442.08 tp=4253.29 [WT|CHOCH|0.65]
2026.03.24 15:00:00;RISK;sizing: vol_ratio=0.77 scalar=1.00 gap_buf=12.66500 eff_stop=75.59500
2026.03.24 15:00:00;ORDER;entry fill deal #50 SELL 0.01 @ 4379.15000
2026.03.24 19:15:00;DECISION;setup SHORT score=0.75 entry=4397.53 inv=4430.93 tgt=0.00 [BOS short lvl=4402.47|RelVol=1.26|VPnode d=13.97|CycleTurn w=0.96<-1.00]
2026.03.24 19:15:00;VETO;risk veto: max positions
2026.03.24 22:24:40;RISK;deal closed pnl=-62.93 streak=2 lock=0
2026.03.24 22:30:00;VETO;outlier bar masked, z=6.5
2026.03.25 01:30:00;DECISION;setup LONG score=0.65 entry=4489.89 inv=4455.97 tgt=0.00 AWAIT-RETEST [BOS long lvl=4485.76|RelVol=1.22|Retest@4489.89|VPnode d=4.69|VWAPside]
2026.03.25 07:30:00;VETO;signal rejected: volume: relVol 0.96 < 1.00
2026.03.25 10:30:00;DECISION;setup LONG score=0.85 entry=4566.92 inv=4533.26 tgt=0.00 AWAIT-RETEST [CHoCH long lvl=4563.29|RelVol=1.12|Retest@4566.92|VPnode d=6.78|VWAPside|CycleTurn w=-0.99<--1.00]
2026.03.25 10:45:00;VETO;authorization denied: outside session window (server hour 10, window 12-20)
2026.03.25 11:00:00;VETO;authorization denied: outside session window (server hour 11, window 12-20)
2026.03.25 11:15:00;VETO;authorization denied: outside session window (server hour 11, window 12-20)
2026.03.25 11:30:00;VETO;authorization denied: outside session window (server hour 11, window 12-20)
2026.03.25 13:30:00;VETO;signal rejected: regime: chop ADX 21.4 < 22.0
2026.03.25 21:00:00;VETO;signal rejected: regime: chop ADX 20.4 < 22.0
2026.03.25 21:15:00;VETO;outlier bar masked, z=5.5
2026.03.26 03:00:00;VETO;signal rejected: volume: relVol 0.91 < 1.00
2026.03.26 07:30:00;DECISION;setup SHORT score=0.70 entry=4497.19 inv=4544.42 tgt=0.00 AWAIT-RETEST [CHoCH short lvl=4499.96|RelVol=1.23|Retest@4497.19|VPnear|VWAPside|CycleTurn w=0.61<-0.98]
2026.03.26 08:00:00;VETO;outlier bar masked, z=4.5
2026.03.26 16:30:00;VETO;signal rejected: regime: chop ADX 17.1 < 22.0
2026.03.26 18:30:00;VETO;outlier bar masked, z=6.1
2026.03.26 22:00:00;DECISION;setup SHORT score=0.70 entry=4364.03 inv=4399.41 tgt=0.00 [BOS short lvl=4367.79|RelVol=1.10|VWAPside|CycleTurn w=0.73<-0.88|ADX=43]
2026.03.26 22:00:00;VETO;authorization denied: outside session window (server hour 22, window 12-20)
2026.03.26 22:15:00;VETO;outlier bar masked, z=6.5
2026.03.26 22:30:00;DECISION;setup LONG score=0.60 entry=4403.69 inv=4367.79 tgt=0.00 AWAIT-RETEST [CHoCH long lvl=4399.41|RelVol=1.77|Retest@4403.69|VPnear|CycleTurn w=0.49<-0.33]
2026.03.26 22:45:00;VETO;authorization denied: outside session window (server hour 22, window 12-20)
2026.03.27 00:00:00;VETO;authorization denied: outside session window (server hour 00, window 12-20)
2026.03.27 00:15:00;VETO;authorization denied: outside session window (server hour 00, window 12-20)
2026.03.27 00:30:00;VETO;authorization denied: outside session window (server hour 00, window 12-20)
2026.03.27 03:00:00;VETO;signal rejected: regime: chop ADX 21.2 < 22.0
2026.03.27 03:45:00;VETO;signal rejected: regime: chop ADX 19.1 < 22.0
2026.03.27 07:00:00;DECISION;setup LONG score=0.75 entry=4446.13 inv=4421.10 tgt=0.00 [BOS long lvl=4446.01|RelVol=1.01|VPnode d=3.47|VWAPside|ADX=40]
2026.03.27 07:00:00;VETO;authorization denied: outside session window (server hour 07, window 12-20)
2026.03.27 07:15:00;VETO;authorization denied: outside session window (server hour 07, window 12-20)
2026.03.27 07:30:00;VETO;authorization denied: outside session window (server hour 07, window 12-20)
2026.03.27 07:45:00;VETO;authorization denied: outside session window (server hour 07, window 12-20)
2026.03.27 12:45:00;VETO;signal rejected: volume: relVol 0.88 < 1.00
2026.03.27 16:15:00;VETO;signal rejected: regime: chop ADX 21.9 < 22.0
2026.03.27 17:00:00;VETO;outlier bar masked, z=4.5
2026.03.30 01:00:00;VETO;signal rejected: volume: relVol 0.62 < 1.00
2026.03.30 01:15:00;VETO;outlier bar masked, z=4.7
2026.03.30 02:45:00;DECISION;setup SHORT score=0.60 entry=4463.98 inv=4513.98 tgt=0.00 AWAIT-RETEST [BOS short lvl=4468.39|RelVol=1.23|Retest@4463.98|VPnear|VWAPside|ADX=49]
2026.03.30 03:30:00;VETO;outlier bar masked, z=4.5
2026.03.30 04:30:00;VETO;authorization denied: outside session window (server hour 04, window 12-20)
2026.03.30 04:45:00;VETO;authorization denied: outside session window (server hour 04, window 12-20)
2026.03.30 05:00:00;VETO;authorization denied: outside session window (server hour 05, window 12-20)
2026.03.30 05:15:00;VETO;authorization denied: outside session window (server hour 05, window 12-20)
2026.03.30 05:45:00;VETO;outlier bar masked, z=3.5
2026.03.30 09:00:00;VETO;signal rejected: volume: relVol 0.96 < 1.00
2026.03.30 14:30:00;VETO;signal rejected: volume: relVol 0.90 < 1.00
2026.03.30 17:00:00;VETO;signal rejected: volume: relVol 0.98 < 1.00
2026.03.30 22:00:00;VETO;signal rejected: volume: relVol 0.80 < 1.00
2026.03.31 03:30:00;VETO;outlier bar masked, z=4.9
2026.03.31 03:45:00;VETO;outlier bar masked, z=3.6
2026.03.31 04:30:00;VETO;outlier bar masked, z=6.0
2026.03.31 04:45:00;VETO;outlier bar masked, z=5.8
2026.03.31 13:45:00;VETO;outlier bar masked, z=4.1
2026.03.31 14:30:00;VETO;outlier bar masked, z=4.3
2026.03.31 17:00:00;VETO;signal rejected: regime: chop ADX 18.3 < 22.0
2026.03.31 19:45:00;VETO;outlier bar masked, z=3.9
2026.04.01 03:15:00;VETO;signal rejected: volume: relVol 0.67 < 1.00
2026.04.01 07:15:00;VETO;signal rejected: volume: relVol 0.83 < 1.00
2026.04.01 08:45:00;VETO;signal rejected: volume: relVol 0.82 < 1.00
2026.04.01 14:30:00;VETO;signal rejected: volume: relVol 0.59 < 1.00
2026.04.01 17:45:00;VETO;signal rejected: regime: chop ADX 18.3 < 22.0
2026.04.02 02:15:00;VETO;signal rejected: volume: relVol 0.61 < 1.00
2026.04.02 04:15:00;VETO;outlier bar masked, z=8.7
2026.04.02 04:30:00;VETO;outlier bar masked, z=9.3
2026.04.02 04:45:00;VETO;outlier bar masked, z=8.0
2026.04.02 08:45:00;VETO;outlier bar masked, z=7.2
2026.04.02 09:00:00;VETO;outlier bar masked, z=6.3
2026.04.02 09:15:00;VETO;outlier bar masked, z=4.6
2026.04.02 14:45:00;VETO;signal rejected: regime: chop ADX 16.4 < 22.0
2026.04.02 16:15:00;VETO;signal rejected: regime: chop ADX 20.5 < 22.0
2026.04.02 17:00:00;VETO;outlier bar masked, z=4.8
2026.04.02 22:15:00;VETO;signal rejected: volume: relVol 0.97 < 1.00
2026.04.06 01:15:00;VETO;outlier bar masked, z=7.2
2026.04.06 02:00:00;VETO;outlier bar masked, z=5.4
2026.04.06 05:30:00;DECISION;setup LONG score=0.65 entry=4647.97 inv=4600.76 tgt=0.00 AWAIT-RETEST [CHoCH long lvl=4643.13|RelVol=1.23|Retest@4647.97|VPnode d=5.77|VWAPside]
2026.04.06 05:45:00;VETO;authorization denied: outside session window (server hour 05, window 12-20)
2026.04.06 06:00:00;VETO;authorization denied: outside session window (server hour 06, window 12-20)
2026.04.06 06:15:00;VETO;authorization denied: outside session window (server hour 06, window 12-20)
2026.04.06 06:30:00;VETO;authorization denied: outside session window (server hour 06, window 12-20)
2026.04.06 08:15:00;VETO;signal rejected: volume: relVol 0.68 < 1.00
2026.04.06 11:00:00;VETO;signal rejected: regime: chop ADX 21.4 < 22.0
2026.04.06 15:00:00;VETO;signal rejected: volume: relVol 0.54 < 1.00
2026.04.07 04:15:00;VETO;outlier bar masked, z=4.0
2026.04.07 04:45:00;VETO;outlier bar masked, z=3.6
2026.04.07 07:45:00;VETO;signal rejected: volume: relVol 0.62 < 1.00
2026.04.07 11:15:00;VETO;signal rejected: regime: chop ADX 17.3 < 22.0
2026.04.07 11:30:00;VETO;outlier bar masked, z=4.3
2026.04.07 14:15:00;VETO;signal rejected: volume: relVol 0.95 < 1.00
2026.04.07 17:15:00;VETO;outlier bar masked, z=3.9
2026.04.07 17:30:00;VETO;outlier bar masked, z=4.0
2026.04.07 19:30:00;DECISION;setup LONG score=0.65 entry=4665.57 inv=4607.28 tgt=0.00 AWAIT-RETEST [CHoCH long lvl=4661.43|RelVol=1.01|Retest@4665.57|VPnode d=2.37|VWAPside]
2026.04.07 19:30:00;VETO;retest limit risk veto: size 0.00 < broker min 0.01 (risk too small for stop)
2026.04.07 19:45:00;ORDER;filled BUY 0.01 lots sl=4607.28 tp=4768.74 [WT|CHOCH|0.65]
2026.04.07 19:45:00;RISK;sizing: vol_ratio=1.41 scalar=0.69 gap_buf=9.95143 eff_stop=63.77143
2026.04.07 19:45:00;ORDER;entry fill deal #52 BUY 0.01 @ 4661.10000
2026.04.07 20:45:00;DECISION;setup LONG score=0.75 entry=4672.28 inv=4607.28 tgt=0.00 [BOS long lvl=4668.42|RelVol=1.38|VPnode d=8.68|VWAPside|ADX=33]
2026.04.07 20:45:00;VETO;authorization denied: outside session window (server hour 20, window 12-20)
2026.04.07 21:00:00;VETO;authorization denied: outside session window (server hour 21, window 12-20)
2026.04.07 21:15:00;VETO;authorization denied: outside session window (server hour 21, window 12-20)
2026.04.07 21:30:00;VETO;authorization denied: outside session window (server hour 21, window 12-20)
2026.04.07 22:30:00;VETO;outlier bar masked, z=3.5
2026.04.07 22:48:20;MANAGE;#52 SL 4607.28 -> 4661.14 breakeven
2026.04.07 22:48:40;MANAGE;#52 SL 4661.14 -> 4680.61 trail
2026.04.07 22:48:59;MANAGE;#52 SL 4680.61 -> 4682.66 trail
2026.04.07 22:49:20;MANAGE;#52 SL 4682.66 -> 4690.39 trail
2026.04.08 01:00:40;MANAGE;#52 SL 4690.39 -> 4716.07 trail
2026.04.08 01:05:40;MANAGE;#52 SL 4716.07 -> 4718.92 trail
2026.04.08 01:06:40;MANAGE;#52 SL 4718.92 -> 4721.06 trail
2026.04.08 01:15:00;VETO;outlier bar masked, z=5.7
2026.04.08 01:32:20;MANAGE;#52 SL 4721.06 -> 4721.99 trail
2026.04.08 01:32:40;RISK;deal closed pnl=60.76 streak=0 lock=0
2026.04.08 01:45:00;VETO;outlier bar masked, z=7.9
2026.04.08 02:00:00;VETO;outlier bar masked, z=6.6
2026.04.08 09:00:00;DECISION;setup LONG score=0.85 entry=4827.53 inv=4790.20 tgt=0.00 [BOS long lvl=4825.27|RelVol=1.04|VPnode d=4.73|VWAPside|CycleTurn w=-0.94<--0.97]
2026.04.08 09:00:00;VETO;authorization denied: outside session window (server hour 09, window 12-20)
2026.04.08 09:15:00;VETO;authorization denied: outside session window (server hour 09, window 12-20)
2026.04.08 09:30:00;VETO;authorization denied: outside session window (server hour 09, window 12-20)
2026.04.08 09:45:00;VETO;authorization denied: outside session window (server hour 09, window 12-20)
2026.04.08 12:45:00;DECISION;setup SHORT score=0.65 entry=4786.95 inv=4843.82 tgt=0.00 AWAIT-RETEST [CHoCH short lvl=4790.53|RelVol=1.05|Retest@4786.95|VPnode d=7.45|VWAPside]
2026.04.08 12:45:00;ORDER;limit SELL 0.01 @ 4786.95 sl=4843.82 tp=4673.21 rc=10009 [WT|CHOCH|0.65|RL]
2026.04.08 12:45:00;RISK;sizing: vol_ratio=0.84 scalar=1.00 gap_buf=7.16000 eff_stop=64.03000
2026.04.08 12:50:40;ORDER;entry fill deal #54 SELL 0.01 @ 4786.95000
2026.04.08 15:30:00;VETO;outlier bar masked, z=4.0
2026.04.08 17:30:00;VETO;signal rejected: regime: chop ADX 16.6 < 22.0
2026.04.08 20:45:00;VETO;signal rejected: regime: chop ADX 17.9 < 22.0
2026.04.08 21:00:20;MANAGE;#54 SL 4843.82 -> 4786.91 breakeven
2026.04.08 21:00:40;MANAGE;#54 SL 4786.91 -> 4763.09 trail
2026.04.08 21:00:59;MANAGE;#54 SL 4763.09 -> 4762.76 trail
2026.04.08 21:01:20;MANAGE;#54 SL 4762.76 -> 4761.34 trail
2026.04.08 21:18:40;MANAGE;#54 SL 4761.34 -> 4744.69 trail
2026.04.08 21:37:40;MANAGE;#54 SL 4744.69 -> 4743.93 trail
2026.04.08 21:38:40;MANAGE;#54 SL 4743.93 -> 4740.88 trail
2026.04.08 21:39:40;MANAGE;#54 SL 4740.88 -> 4740.00 trail
2026.04.08 21:41:40;MANAGE;#54 SL 4740.00 -> 4739.60 trail
2026.04.08 21:42:20;MANAGE;#54 SL 4739.60 -> 4737.83 trail
2026.04.08 21:43:40;MANAGE;#54 SL 4737.83 -> 4734.81 trail
2026.04.08 21:50:40;MANAGE;#54 SL 4734.81 -> 4733.17 trail
2026.04.08 21:51:40;MANAGE;#54 SL 4733.17 -> 4731.00 trail
2026.04.08 21:56:20;MANAGE;#54 SL 4731.00 -> 4730.39 trail
2026.04.08 22:00:40;MANAGE;#54 SL 4730.39 -> 4727.92 trail
2026.04.08 22:05:40;MANAGE;#54 SL 4727.92 -> 4726.28 trail
2026.04.08 22:48:40;RISK;deal closed pnl=60.67 streak=0 lock=0
2026.04.09 03:15:00;VETO;signal rejected: volume: relVol 0.70 < 1.00
2026.04.09 04:15:00;VETO;signal rejected: regime: chop ADX 21.4 < 22.0
2026.04.09 13:30:00;VETO;signal rejected: regime: chop ADX 16.2 < 22.0
2026.04.09 16:45:00;VETO;signal rejected: volume: relVol 0.87 < 1.00
2026.04.09 18:30:00;VETO;signal rejected: volume: relVol 0.98 < 1.00
2026.04.09 21:15:00;VETO;signal rejected: score 0.50 < 0.55 [CHoCH short lvl=4784.49|RelVol=1.05|Retest@4781.61|CycleTurn w=-0.05<-0.85]
2026.04.10 01:30:00;VETO;signal rejected: regime: chop ADX 21.7 < 22.0
2026.04.10 05:30:00;VETO;signal rejected: volume: relVol 0.97 < 1.00
2026.04.10 09:15:00;VETO;signal rejected: regime: chop ADX 19.3 < 22.0
2026.04.10 12:00:00;DECISION;setup SHORT score=0.60 entry=4740.77 inv=4757.61 tgt=0.00 [BOS short lvl=4741.30|RelVol=1.22|VPnear|VWAPside|ADX=37]
2026.04.10 12:00:00;ORDER;filled SELL 0.04 lots sl=4757.61 tp=4707.09 [WT|BOS|0.60]
2026.04.10 12:00:00;RISK;sizing: vol_ratio=0.86 scalar=1.00 gap_buf=4.38107 eff_stop=21.22107
2026.04.10 12:00:00;ORDER;entry fill deal #56 SELL 0.04 @ 4740.77000
2026.04.10 12:19:40;RISK;deal closed pnl=-67.36 streak=1 lock=0
2026.04.10 14:30:00;VETO;signal rejected: regime: chop ADX 17.0 < 22.0
2026.04.10 17:30:00;VETO;signal rejected: volume: relVol 0.85 < 1.00
2026.04.13 01:15:00;VETO;outlier bar masked, z=44.0
2026.04.13 01:30:00;VETO;outlier bar masked, z=7.9
2026.04.13 04:15:00;VETO;outlier bar masked, z=4.1
2026.04.13 09:00:00;VETO;signal rejected: volume: relVol 0.80 < 1.00
2026.04.13 12:15:00;DECISION;setup SHORT score=0.75 entry=4718.54 inv=4740.03 tgt=0.00 AWAIT-RETEST [CHoCH short lvl=4720.73|RelVol=1.01|Retest@4718.54|VPnode d=2.36|CycleTurn w=-0.47<-0.54]
2026.04.13 12:15:00;ERROR;limit SELL 0.03 @ 4718.54 sl=4740.03 tp=4675.55 rc=10015 [WT|CHOCH|0.75|RL]
2026.04.13 12:30:00;ORDER;filled SELL 0.03 lots sl=4740.03 tp=4665.75 [WT|CHOCH|0.75]
2026.04.13 12:30:00;RISK;sizing: vol_ratio=0.72 scalar=1.00 gap_buf=4.27214 eff_stop=29.03214
2026.04.13 12:30:00;ORDER;entry fill deal #58 SELL 0.03 @ 4715.27000
2026.04.13 14:45:00;VETO;signal rejected: volume: relVol 0.76 < 1.00
2026.04.13 16:15:00;VETO;signal rejected: volume: relVol 0.82 < 1.00
2026.04.13 16:49:40;RISK;deal closed pnl=-74.28 streak=1 lock=0
2026.04.14 01:45:00;VETO;signal rejected: volume: relVol 0.58 < 1.00
2026.04.14 03:45:00;VETO;signal rejected: volume: relVol 0.77 < 1.00
2026.04.14 08:15:00;VETO;signal rejected: regime: chop ADX 17.4 < 22.0
2026.04.14 10:00:00;VETO;signal rejected: regime: chop ADX 20.3 < 22.0
2026.04.14 10:30:00;VETO;outlier bar masked, z=3.9
2026.04.14 13:45:00;VETO;outlier bar masked, z=6.4
2026.04.14 16:45:00;VETO;outlier bar masked, z=4.0
2026.04.14 20:15:00;VETO;outlier bar masked, z=4.2
2026.04.15 01:00:00;VETO;signal rejected: score 0.40 < 0.55 [BOS long lvl=4843.38|RelVol=1.52|ADX=45]
2026.04.15 03:45:00;VETO;signal rejected: volume: relVol 0.62 < 1.00
2026.04.15 04:15:00;VETO;outlier bar masked, z=4.5
2026.04.15 04:30:00;VETO;outlier bar masked, z=5.9
2026.04.15 06:00:00;VETO;signal rejected: score 0.50 < 0.55 [CHoCH short lvl=4827.02|RelVol=1.30|Retest@4824.78|VPnear|VWAPside]
2026.04.15 08:45:00;VETO;signal rejected: regime: chop ADX 20.8 < 22.0
2026.04.15 10:00:00;DECISION;setup SHORT score=0.65 entry=4811.67 inv=4830.39 tgt=0.00 [BOS short lvl=4812.63|RelVol=1.06|VPnode d=1.93|VWAPside]
2026.04.15 10:00:00;VETO;authorization denied: outside session window (server hour 10, window 12-20)
2026.04.15 10:15:00;VETO;authorization denied: outside session window (server hour 10, window 12-20)
2026.04.15 10:30:00;VETO;authorization denied: outside session window (server hour 10, window 12-20)
2026.04.15 10:45:00;VETO;authorization denied: outside session window (server hour 10, window 12-20)
2026.04.15 12:15:00;VETO;outlier bar masked, z=5.4
2026.04.15 12:30:00;VETO;signal rejected: score 0.50 < 0.55 [BOS short lvl=4804.61|RelVol=1.23|VPnear|VWAPside]
2026.04.15 16:30:00;VETO;signal rejected: volume: relVol 0.82 < 1.00
2026.04.16 02:00:00;VETO;signal rejected: regime: chop ADX 18.7 < 22.0
2026.04.16 04:45:00;VETO;signal rejected: volume: relVol 0.81 < 1.00
2026.04.16 07:45:00;VETO;signal rejected: regime: chop ADX 19.8 < 22.0
2026.04.16 11:15:00;VETO;signal rejected: regime: chop ADX 19.9 < 22.0
2026.04.16 15:00:00;VETO;signal rejected: volume: relVol 0.68 < 1.00
2026.04.16 17:00:00;VETO;outlier bar masked, z=10.4
2026.04.16 17:15:00;VETO;outlier bar masked, z=4.7
2026.04.16 17:45:00;VETO;outlier bar masked, z=6.8
2026.04.16 18:15:00;VETO;outlier bar masked, z=5.5
2026.04.16 22:45:00;VETO;signal rejected: volume: relVol 0.81 < 1.00
2026.04.17 03:45:00;VETO;signal rejected: regime: chop ADX 17.4 < 22.0
2026.04.17 04:15:00;VETO;outlier bar masked, z=7.3
2026.04.17 04:30:00;VETO;outlier bar masked, z=3.9
2026.04.17 07:45:00;VETO;signal rejected: volume: relVol 0.44 < 1.00
2026.04.17 09:30:00;VETO;signal rejected: volume: relVol 0.80 < 1.00
2026.04.17 11:45:00;VETO;signal rejected: regime: chop ADX 21.6 < 22.0
2026.04.17 15:15:00;VETO;signal rejected: volume: relVol 0.68 < 1.00
2026.04.17 15:30:00;VETO;outlier bar masked, z=3.6
2026.04.17 16:00:00;VETO;outlier bar masked, z=6.9
2026.04.17 16:15:00;VETO;outlier bar masked, z=16.6
2026.04.17 16:30:00;VETO;outlier bar masked, z=9.1
2026.04.17 16:45:00;VETO;outlier bar masked, z=5.8
2026.04.17 17:00:00;VETO;outlier bar masked, z=7.5
2026.04.17 17:15:00;VETO;outlier bar masked, z=5.7
2026.04.20 01:15:00;VETO;outlier bar masked, z=29.0
2026.04.20 02:45:00;VETO;outlier bar masked, z=6.2
2026.04.20 04:15:00;VETO;outlier bar masked, z=4.1
2026.04.20 07:45:00;VETO;signal rejected: volume: relVol 0.62 < 1.00
2026.04.20 10:15:00;VETO;signal rejected: volume: relVol 0.96 < 1.00
2026.04.20 13:30:00;VETO;signal rejected: regime: chop ADX 20.5 < 22.0
2026.04.20 15:00:00;VETO;signal rejected: regime: chop ADX 19.4 < 22.0
2026.04.20 16:30:00;VETO;signal rejected: volume: relVol 0.88 < 1.00
2026.04.21 01:15:00;VETO;signal rejected: volume: relVol 0.96 < 1.00
2026.04.21 05:00:00;VETO;signal rejected: volume: relVol 0.68 < 1.00
2026.04.21 14:00:00;VETO;signal rejected: regime: chop ADX 20.6 < 22.0
2026.04.21 15:45:00;VETO;outlier bar masked, z=4.7
2026.04.21 16:15:00;VETO;signal rejected: regime: chop ADX 21.2 < 22.0
2026.04.21 16:45:00;VETO;outlier bar masked, z=4.2
2026.04.21 17:45:00;VETO;outlier bar masked, z=6.3
2026.04.21 18:00:00;VETO;outlier bar masked, z=3.7
2026.04.21 18:15:00;VETO;outlier bar masked, z=4.0
2026.04.21 19:30:00;VETO;signal rejected: score 0.50 < 0.55 [BOS short lvl=4723.72|RelVol=1.32|VWAPside|ADX=35]
2026.04.21 20:45:00;VETO;outlier bar masked, z=4.4
2026.04.21 22:45:00;VETO;outlier bar masked, z=9.3
2026.04.22 01:15:00;VETO;outlier bar masked, z=9.1
2026.04.22 02:30:00;VETO;signal rejected: volume: relVol 0.76 < 1.00
2026.04.22 04:45:00;VETO;signal rejected: volume: relVol 0.82 < 1.00
2026.04.22 08:30:00;DECISION;setup LONG score=0.75 entry=4766.14 inv=4735.93 tgt=0.00 [BOS long lvl=4765.05|RelVol=1.44|VPnode d=4.34|VWAPside|ADX=32]
2026.04.22 08:30:00;VETO;authorization denied: outside session window (server hour 08, window 12-20)
2026.04.22 08:45:00;VETO;authorization denied: outside session window (server hour 08, window 12-20)
2026.04.22 09:00:00;VETO;authorization denied: outside session window (server hour 09, window 12-20)
2026.04.22 09:15:00;VETO;authorization denied: outside session window (server hour 09, window 12-20)
2026.04.22 13:15:00;DECISION;setup SHORT score=0.65 entry=4750.32 inv=4772.35 tgt=0.00 AWAIT-RETEST [CHoCH short lvl=4751.81|RelVol=1.13|Retest@4750.32|VPnode d=1.32|VWAPside]
2026.04.22 13:15:00;ORDER;limit SELL 0.03 @ 4750.32 sl=4772.35 tp=4706.27 rc=10009 [WT|CHOCH|0.65|RL]
2026.04.22 13:15:00;RISK;sizing: vol_ratio=0.59 scalar=1.00 gap_buf=2.97107 eff_stop=24.99661
2026.04.22 13:16:40;ORDER;entry fill deal #60 SELL 0.03 @ 4750.32000
2026.04.22 16:00:00;VETO;signal rejected: regime: chop ADX 15.8 < 22.0
2026.04.22 17:45:00;VETO;signal rejected: regime: chop ADX 20.7 < 22.0
2026.04.22 18:35:40;MANAGE;#60 SL 4772.35 -> 4750.28 breakeven
2026.04.22 18:35:59;MANAGE;#60 SL 4750.28 -> 4749.58 trail
2026.04.22 18:36:20;MANAGE;#60 SL 4749.58 -> 4748.05 trail
2026.04.22 18:38:40;MANAGE;#60 SL 4748.05 -> 4747.16 trail
2026.04.22 18:40:40;MANAGE;#60 SL 4747.16 -> 4746.44 trail
2026.04.22 18:45:00;VETO;signal rejected: volume: relVol 0.81 < 1.00
2026.04.22 18:52:40;MANAGE;#60 SL 4746.44 -> 4745.72 trail
2026.04.22 19:19:40;MANAGE;#60 SL 4745.72 -> 4744.66 trail
2026.04.22 19:24:40;MANAGE;#60 SL 4744.66 -> 4744.19 trail
2026.04.22 19:30:40;MANAGE;#60 SL 4744.19 -> 4743.76 trail
2026.04.22 21:22:40;MANAGE;#60 SL 4743.76 -> 4743.22 trail
2026.04.22 21:47:40;RISK;deal closed pnl=21.30 streak=0 lock=0
2026.04.22 22:00:00;VETO;signal rejected: regime: chop ADX 21.9 < 22.0
2026.04.23 01:45:00;VETO;signal rejected: regime: chop ADX 17.9 < 22.0
2026.04.23 03:15:00;VETO;outlier bar masked, z=8.9
2026.04.23 03:30:00;VETO;outlier bar masked, z=16.2
2026.04.23 04:00:00;DECISION;setup LONG score=0.85 entry=4747.34 inv=4723.41 tgt=0.00 AWAIT-RETEST [CHoCH long lvl=4745.71|RelVol=1.25|Retest@4747.34|VPnode d=0.74|VWAPside|CycleTurn w=-0.04<--0.85]
2026.04.23 04:15:00;VETO;authorization denied: outside session window (server hour 04, window 12-20)
2026.04.23 04:30:00;VETO;authorization denied: outside session window (server hour 04, window 12-20)
2026.04.23 04:45:00;VETO;authorization denied: outside session window (server hour 04, window 12-20)
2026.04.23 05:00:00;VETO;authorization denied: outside session window (server hour 05, window 12-20)
2026.04.23 05:15:00;VETO;outlier bar masked, z=4.0
2026.04.23 12:15:00;VETO;signal rejected: regime: chop ADX 20.5 < 22.0
2026.04.23 15:15:00;VETO;outlier bar masked, z=3.6
2026.04.23 20:15:00;VETO;outlier bar masked, z=6.1
2026.04.23 20:30:00;VETO;signal rejected: score 0.50 < 0.55 [CHoCH short lvl=4715.56|RelVol=1.79|Retest@4713.03|VPnear|VWAPside]
2026.04.23 20:45:00;VETO;outlier bar masked, z=9.0
2026.04.23 21:00:00;VETO;outlier bar masked, z=10.6
2026.04.24 05:30:00;VETO;signal rejected: regime: chop ADX 19.9 < 22.0
2026.04.24 07:30:00;VETO;signal rejected: score 0.50 < 0.55 [BOS short lvl=4668.67|RelVol=1.50|Retest@4666.12|VWAPside|ADX=52]
2026.04.24 11:00:00;VETO;signal rejected: volume: relVol 0.81 < 1.00
2026.04.24 13:45:00;DECISION;setup SHORT score=0.85 entry=4677.42 inv=4696.75 tgt=0.00 AWAIT-RETEST [CHoCH short lvl=4679.28|RelVol=1.06|Retest@4677.42|VPnode d=0.62|VWAPside|CycleTurn w=-0.72<-0.32]
2026.04.24 13:45:00;ERROR;limit SELL 0.04 @ 4677.42 sl=4696.75 tp=4638.76 rc=10015 [WT|CHOCH|0.85|RL]
2026.04.24 14:00:00;ORDER;filled SELL 0.04 lots sl=4696.75 tp=4639.84 [WT|CHOCH|0.85]
2026.04.24 14:00:00;RISK;sizing: vol_ratio=0.72 scalar=1.00 gap_buf=3.62250 eff_stop=22.59250
2026.04.24 14:00:00;ORDER;entry fill deal #62 SELL 0.04 @ 4677.78000
2026.04.24 14:07:40;RISK;deal closed pnl=-75.88 streak=1 lock=0
2026.04.24 14:15:00;VETO;outlier bar masked, z=4.9
2026.04.24 14:30:00;VETO;outlier bar masked, z=4.6
2026.04.24 17:15:00;VETO;outlier bar masked, z=6.3
2026.04.27 01:00:00;VETO;signal rejected: regime: chop ADX 16.2 < 22.0
2026.04.27 01:15:00;VETO;outlier bar masked, z=7.8
2026.04.27 02:30:00;VETO;signal rejected: volume: relVol 0.74 < 1.00
2026.04.27 05:45:00;VETO;signal rejected: volume: relVol 0.93 < 1.00
2026.04.27 12:00:00;VETO;signal rejected: volume: relVol 0.90 < 1.00
2026.04.27 15:45:00;VETO;signal rejected: regime: chop ADX 21.2 < 22.0
2026.04.28 01:15:00;VETO;signal rejected: regime: chop ADX 18.8 < 22.0
2026.04.28 02:45:00;VETO;signal rejected: volume: relVol 0.58 < 1.00
2026.04.28 05:00:00;VETO;outlier bar masked, z=4.5
2026.04.28 08:15:00;VETO;outlier bar masked, z=5.1
2026.04.28 08:45:00;VETO;outlier bar masked, z=10.9
2026.04.28 09:15:00;VETO;outlier bar masked, z=4.4
2026.04.28 09:30:00;VETO;outlier bar masked, z=4.5
2026.04.28 11:15:00;VETO;outlier bar masked, z=4.2
2026.04.28 12:45:00;DECISION;setup SHORT score=0.95 entry=4613.73 inv=4635.49 tgt=0.00 [BOS short lvl=4614.73|RelVol=1.29|VPnode d=5.73|VWAPside|CycleTurn w=0.95<-0.97|ADX=32]
2026.04.28 12:45:00;ORDER;filled SELL 0.02 lots sl=4635.49 tp=4570.21 [WT|BOS|0.95]
2026.04.28 12:45:00;RISK;sizing: vol_ratio=1.44 scalar=0.67 gap_buf=5.39893 eff_stop=27.15893
2026.04.28 12:45:00;ORDER;entry fill deal #64 SELL 0.02 @ 4613.73000
2026.04.28 14:33:40;MANAGE;#64 SL 4635.49 -> 4613.69 breakeven
2026.04.28 14:33:59;MANAGE;#64 SL 4613.69 -> 4611.39 trail
2026.04.28 14:34:40;MANAGE;#64 SL 4611.39 -> 4608.62 trail
2026.04.28 14:35:40;MANAGE;#64 SL 4608.62 -> 4607.44 trail
2026.04.28 14:36:40;MANAGE;#64 SL 4607.44 -> 4600.03 trail
2026.04.28 14:37:40;MANAGE;#64 SL 4600.03 -> 4594.15 trail
2026.04.28 14:38:40;MANAGE;#64 SL 4594.15 -> 4593.96 trail
2026.04.28 14:39:40;RISK;deal closed pnl=87.04 streak=0 lock=0
2026.04.28 14:45:00;VETO;outlier bar masked, z=6.6
2026.04.28 15:15:00;VETO;outlier bar masked, z=5.0
2026.04.28 15:30:00;VETO;outlier bar masked, z=4.2
2026.04.29 03:15:00;DECISION;setup LONG score=0.85 entry=4601.28 inv=4557.29 tgt=0.00 AWAIT-RETEST [CHoCH long lvl=4599.93|RelVol=1.02|Retest@4601.28|VPnode d=3.08|VWAPside|CycleTurn w=-0.56<--0.96]
2026.04.29 03:30:00;VETO;authorization denied: outside session window (server hour 03, window 12-20)
2026.04.29 03:45:00;VETO;authorization denied: outside session window (server hour 03, window 12-20)
2026.04.29 04:00:00;VETO;authorization denied: outside session window (server hour 04, window 12-20)
2026.04.29 04:15:00;DECISION;setup SHORT score=0.85 entry=4586.05 inv=4610.25 tgt=0.00 AWAIT-RETEST [CHoCH short lvl=4587.90|RelVol=1.08|Retest@4586.05|VPnode d=2.15|VWAPside|CycleTurn w=0.96<-0.99]
2026.04.29 04:30:00;VETO;authorization denied: outside session window (server hour 04, window 12-20)
2026.04.29 04:45:00;VETO;authorization denied: outside session window (server hour 04, window 12-20)
2026.04.29 05:00:00;VETO;authorization denied: outside session window (server hour 05, window 12-20)
2026.04.29 05:15:00;VETO;authorization denied: outside session window (server hour 05, window 12-20)
2026.04.29 08:00:00;VETO;signal rejected: regime: chop ADX 20.9 < 22.0
2026.04.29 09:00:00;VETO;signal rejected: regime: chop ADX 19.9 < 22.0
2026.04.29 13:00:00;VETO;signal rejected: score 0.50 < 0.55 [BOS short lvl=4557.19|RelVol=1.39|VWAPside|ADX=41]
2026.04.29 16:00:00;DECISION;setup SHORT score=0.60 entry=4544.91 inv=4576.60 tgt=0.00 [BOS short lvl=4551.51|RelVol=1.04|VWAPside|CycleTurn w=-0.15<-0.83]
2026.04.29 16:00:00;ORDER;filled SELL 0.02 lots sl=4576.60 tp=4481.53 [WT|BOS|0.60]
2026.04.29 16:00:00;RISK;sizing: vol_ratio=0.95 scalar=1.00 gap_buf=4.63393 eff_stop=36.32393
2026.04.29 16:00:00;ORDER;entry fill deal #66 SELL 0.02 @ 4544.91000
2026.04.29 16:45:00;VETO;outlier bar masked, z=4.4
2026.04.29 16:45:40;MANAGE;#66 SL 4576.60 -> 4544.87 breakeven
2026.04.29 16:45:59;MANAGE;#66 SL 4544.87 -> 4531.60 trail
2026.04.29 16:46:20;MANAGE;#66 SL 4531.60 -> 4531.35 trail
2026.04.29 17:16:40;RISK;deal closed pnl=27.12 streak=0 lock=0
2026.04.29 21:15:00;VETO;outlier bar masked, z=5.5
2026.04.29 22:00:00;VETO;outlier bar masked, z=4.1
2026.04.30 02:00:00;VETO;signal rejected: volume: relVol 0.94 < 1.00
2026.04.30 10:00:00;DECISION;setup LONG score=0.60 entry=4584.76 inv=4540.93 tgt=0.00 AWAIT-RETEST [BOS long lvl=4582.57|RelVol=1.11|Retest@4584.76|VPnear|VWAPside|ADX=33]
2026.04.30 11:15:00;VETO;outlier bar masked, z=7.1
2026.04.30 13:30:00;DECISION;setup LONG score=0.60 entry=4632.07 inv=4540.93 tgt=0.00 AWAIT-RETEST [BOS long lvl=4629.56|RelVol=1.48|Retest@4632.07|VPnear|VWAPside|ADX=70]
2026.04.30 13:30:00;VETO;retest limit risk veto: size 0.00 < broker min 0.01 (risk too small for stop)
2026.04.30 14:30:00;VETO;risk veto: size 0.00 < broker min 0.01 (risk too small for stop)
2026.04.30 15:45:00;DECISION;setup SHORT score=0.55 entry=4624.21 inv=4646.89 tgt=0.00 AWAIT-RETEST [CHoCH short lvl=4626.82|RelVol=1.42|Retest@4624.21|VPnode d=6.09]
2026.04.30 15:45:00;ERROR;limit SELL 0.03 @ 4624.21 sl=4646.89 tp=4578.85 rc=10015 [WT|CHOCH|0.55|RL]
2026.04.30 16:00:00;ORDER;filled SELL 0.07 lots sl=4646.89 tp=4625.05 [WT|CHOCH|0.55]
2026.04.30 16:00:00;RISK;sizing: vol_ratio=1.04 scalar=0.97 gap_buf=5.36893 eff_stop=12.64893
2026.04.30 16:00:00;ORDER;entry fill deal #68 SELL 0.07 @ 4639.61000
2026.04.30 16:30:40;MANAGE;#68 SL 4646.89 -> 4639.57 breakeven
2026.04.30 16:36:20;RISK;deal closed pnl=101.92 streak=0 lock=0
2026.04.30 19:30:00;VETO;signal rejected: score 0.50 < 0.55 [BOS short lvl=4609.41|RelVol=1.13|VPnear|ADX=44]
2026.05.01 01:15:00;VETO;signal rejected: regime: chop ADX 21.4 < 22.0
2026.05.01 07:45:00;VETO;signal rejected: regime: chop ADX 20.0 < 22.0
2026.05.01 14:45:00;VETO;signal rejected: volume: relVol 0.70 < 1.00
2026.05.01 15:30:00;VETO;outlier bar masked, z=6.2
2026.05.01 16:45:00;VETO;outlier bar masked, z=5.7
2026.05.01 17:00:00;VETO;outlier bar masked, z=8.6
2026.05.01 17:15:00;VETO;outlier bar masked, z=10.1
2026.05.01 18:15:00;VETO;outlier bar masked, z=3.5
2026.05.01 21:15:00;VETO;signal rejected: volume: relVol 0.86 < 1.00
2026.05.01 22:45:00;VETO;signal rejected: volume: relVol 0.90 < 1.00
2026.05.04 01:15:00;VETO;outlier bar masked, z=4.7
2026.05.04 03:30:00;DECISION;setup SHORT score=0.65 entry=4605.87 inv=4629.40 tgt=0.00 [BOS short lvl=4611.30|RelVol=1.08|VPnode d=3.53|VWAPside]
2026.05.04 03:30:00;VETO;authorization denied: outside session window (server hour 03, window 12-20)
2026.05.04 03:45:00;VETO;authorization denied: outside session window (server hour 03, window 12-20)
2026.05.04 04:00:00;VETO;authorization denied: outside session window (server hour 04, window 12-20)
2026.05.04 04:15:00;VETO;outlier bar masked, z=3.8
2026.05.04 04:30:00;VETO;authorization denied: outside session window (server hour 04, window 12-20)
2026.05.04 08:30:00;VETO;signal rejected: regime: chop ADX 16.9 < 22.0
2026.05.04 13:15:00;VETO;outlier bar masked, z=8.3
2026.05.04 18:15:00;VETO;signal rejected: regime: chop ADX 16.9 < 22.0
2026.05.04 18:30:00;VETO;outlier bar masked, z=6.6
2026.05.05 03:15:00;VETO;signal rejected: regime: chop ADX 18.5 < 22.0
2026.05.05 10:15:00;VETO;signal rejected: volume: relVol 0.86 < 1.00
2026.05.05 12:00:00;DECISION;setup LONG score=0.65 entry=4558.54 inv=4543.32 tgt=0.00 [BOS long lvl=4558.31|RelVol=1.05|VPnode d=4.74|VWAPside]
2026.05.05 12:00:00;ORDER;filled BUY 0.05 lots sl=4543.32 tp=4589.10 [WT|BOS|0.65]
2026.05.05 12:00:00;RISK;sizing: vol_ratio=0.89 scalar=1.00 gap_buf=4.29679 eff_stop=19.55679
2026.05.05 12:00:00;ORDER;entry fill deal #70 BUY 0.05 @ 4558.58000
2026.05.05 13:51:40;RISK;deal closed pnl=-76.30 streak=1 lock=0
2026.05.05 14:45:00;VETO;signal rejected: volume: relVol 0.99 < 1.00
2026.05.05 19:30:00;VETO;signal rejected: volume: relVol 0.85 < 1.00
2026.05.06 01:15:00;VETO;signal rejected: volume: relVol 0.55 < 1.00
2026.05.06 02:00:00;VETO;outlier bar masked, z=9.0
2026.05.06 02:15:00;VETO;outlier bar masked, z=5.4
2026.05.06 12:00:00;VETO;outlier bar masked, z=6.3
2026.05.06 12:15:00;VETO;outlier bar masked, z=4.0
2026.05.06 13:45:00;VETO;signal rejected: score 0.50 < 0.55 [BOS long lvl=4708.52|RelVol=1.46|VWAPside|ADX=47]
2026.05.06 15:15:00;VETO;outlier bar masked, z=4.7
2026.05.06 15:30:00;VETO;outlier bar masked, z=6.6
2026.05.06 16:15:00;VETO;outlier bar masked, z=5.2
2026.05.07 04:15:00;VETO;outlier bar masked, z=4.3
2026.05.07 07:00:00;VETO;signal rejected: regime: chop ADX 17.3 < 22.0
2026.05.07 09:30:00;DECISION;setup LONG score=0.85 entry=4711.50 inv=4692.40 tgt=0.00 AWAIT-RETEST [CHoCH long lvl=4709.98|RelVol=1.15|Retest@4711.50|VPnode d=4.10|VWAPside|CycleTurn w=0.16<--0.79]
2026.05.07 09:45:00;VETO;outlier bar masked, z=8.1
2026.05.07 15:00:00;VETO;signal rejected: regime: chop ADX 19.9 < 22.0
2026.05.07 19:00:00;VETO;signal rejected: regime: chop ADX 19.0 < 22.0
2026.05.07 20:30:00;VETO;outlier bar masked, z=6.1
2026.05.08 01:15:00;VETO;outlier bar masked, z=3.9
2026.05.08 04:15:00;DECISION;setup LONG score=0.65 entry=4711.92 inv=4693.94 tgt=0.00 AWAIT-RETEST [CHoCH long lvl=4709.61|RelVol=1.03|Retest@4711.92|VPnode d=3.92|VWAPside]
2026.05.08 04:30:00;VETO;authorization denied: outside session window (server hour 04, window 12-20)
2026.05.08 04:45:00;VETO;authorization denied: outside session window (server hour 04, window 12-20)
2026.05.08 05:00:00;VETO;authorization denied: outside session window (server hour 05, window 12-20)
2026.05.08 05:15:00;VETO;authorization denied: outside session window (server hour 05, window 12-20)
2026.05.08 09:30:00;VETO;signal rejected: regime: chop ADX 21.2 < 22.0
2026.05.08 10:30:00;VETO;signal rejected: regime: chop ADX 20.9 < 22.0
2026.05.08 13:45:00;VETO;signal rejected: regime: chop ADX 18.0 < 22.0
2026.05.08 15:15:00;VETO;signal rejected: regime: chop ADX 19.3 < 22.0
2026.05.08 15:45:00;VETO;outlier bar masked, z=5.6
2026.05.08 16:45:00;VETO;signal rejected: regime: chop ADX 15.9 < 22.0
2026.05.08 17:15:00;VETO;outlier bar masked, z=5.9
2026.05.11 01:15:00;VETO;outlier bar masked, z=11.2
2026.05.11 04:00:00;VETO;outlier bar masked, z=4.3
2026.05.11 04:15:00;VETO;outlier bar masked, z=4.8
2026.05.11 04:30:00;VETO;signal rejected: regime: chop ADX 21.1 < 22.0
2026.05.11 07:30:00;DECISION;setup SHORT score=0.70 entry=4672.28 inv=4700.29 tgt=0.00 AWAIT-RETEST [CHoCH short lvl=4675.09|RelVol=1.23|Retest@4672.28|VPnear|VWAPside|CycleTurn w=0.27<-0.91]
2026.05.11 07:45:00;VETO;authorization denied: outside session window (server hour 07, window 12-20)
2026.05.11 08:00:00;VETO;authorization denied: outside session window (server hour 08, window 12-20)
2026.05.11 08:15:00;VETO;authorization denied: outside session window (server hour 08, window 12-20)
2026.05.11 08:30:00;VETO;authorization denied: outside session window (server hour 08, window 12-20)
2026.05.11 08:45:00;VETO;signal rejected: score 0.50 < 0.55 [BOS short lvl=4668.45|RelVol=1.18|VWAPside|ADX=37]
2026.05.11 12:30:00;VETO;signal rejected: volume: relVol 0.95 < 1.00
2026.05.11 15:30:00;VETO;outlier bar masked, z=4.9
2026.05.11 16:15:00;VETO;outlier bar masked, z=3.7
2026.05.11 19:45:00;VETO;signal rejected: volume: relVol 0.95 < 1.00
2026.05.12 01:00:00;VETO;signal rejected: volume: relVol 0.72 < 1.00
2026.05.12 07:00:00;DECISION;setup SHORT score=0.65 entry=4719.88 inv=4773.42 tgt=0.00 AWAIT-RETEST [CHoCH short lvl=4722.27|RelVol=1.28|Retest@4719.88|VPnode d=0.88|VWAPside]
2026.05.12 07:15:00;VETO;authorization denied: outside session window (server hour 07, window 12-20)
2026.05.12 07:30:00;VETO;authorization denied: outside session window (server hour 07, window 12-20)
2026.05.12 07:45:00;VETO;authorization denied: outside session window (server hour 07, window 12-20)
2026.05.12 08:00:00;DECISION;setup SHORT score=0.75 entry=4714.20 inv=4773.42 tgt=0.00 [BOS short lvl=4718.13|RelVol=1.52|VPnode d=4.00|VWAPside|ADX=32]
2026.05.12 08:00:00;VETO;authorization denied: outside session window (server hour 08, window 12-20)
2026.05.12 08:15:00;VETO;authorization denied: outside session window (server hour 08, window 12-20)
2026.05.12 08:30:00;VETO;authorization denied: outside session window (server hour 08, window 12-20)
2026.05.12 08:45:00;VETO;authorization denied: outside session window (server hour 08, window 12-20)
2026.05.12 09:15:00;DECISION;setup SHORT score=0.75 entry=4705.16 inv=4730.40 tgt=0.00 [BOS short lvl=4708.63|RelVol=1.31|VPnode d=1.76|VWAPside|ADX=31]
2026.05.12 09:15:00;VETO;authorization denied: outside session window (server hour 09, window 12-20)
2026.05.12 09:30:00;VETO;authorization denied: outside session window (server hour 09, window 12-20)
2026.05.12 09:45:00;VETO;authorization denied: outside session window (server hour 09, window 12-20)
2026.05.12 10:00:00;VETO;authorization denied: outside session window (server hour 10, window 12-20)
2026.05.12 15:45:00;VETO;outlier bar masked, z=3.5
2026.05.12 16:15:00;VETO;outlier bar masked, z=4.0
2026.05.12 17:00:00;VETO;outlier bar masked, z=4.4
2026.05.12 18:30:00;VETO;outlier bar masked, z=4.6
2026.05.13 01:00:00;VETO;signal rejected: score 0.30 < 0.55 [CHoCH long lvl=4711.85|RelVol=1.01|Retest@4713.56]
2026.05.13 09:15:00;VETO;signal rejected: volume: relVol 0.97 < 1.00
2026.05.13 11:45:00;VETO;signal rejected: volume: relVol 0.76 < 1.00
2026.05.13 15:30:00;VETO;signal rejected: regime: chop ADX 18.2 < 22.0
2026.05.13 16:45:00;VETO;outlier bar masked, z=3.7
2026.05.13 18:45:00;VETO;signal rejected: regime: chop ADX 15.5 < 22.0
2026.05.14 04:00:00;VETO;signal rejected: regime: chop ADX 16.9 < 22.0
2026.05.14 04:15:00;VETO;outlier bar masked, z=5.4
2026.05.14 06:15:00;VETO;signal rejected: regime: chop ADX 17.9 < 22.0
2026.05.14 07:30:00;VETO;outlier bar masked, z=5.8
2026.05.14 11:00:00;VETO;outlier bar masked, z=3.5
2026.05.14 16:30:00;VETO;signal rejected: regime: chop ADX 15.0 < 22.0
2026.05.14 16:45:00;VETO;outlier bar masked, z=4.4
2026.05.14 19:45:00;VETO;signal rejected: volume: relVol 0.94 < 1.00
2026.05.14 21:45:00;VETO;signal rejected: volume: relVol 0.65 < 1.00
2026.05.15 03:30:00;VETO;outlier bar masked, z=5.1
2026.05.15 04:15:00;VETO;outlier bar masked, z=3.8
2026.05.15 07:45:00;DECISION;setup SHORT score=0.75 entry=4605.73 inv=4623.44 tgt=0.00 [BOS short lvl=4607.10|RelVol=1.25|VPnode d=2.67|VWAPside|ADX=41]
2026.05.15 07:45:00;VETO;authorization denied: outside session window (server hour 07, window 12-20)
2026.05.15 08:00:00;VETO;authorization denied: outside session window (server hour 08, window 12-20)
2026.05.15 08:15:00;VETO;authorization denied: outside session window (server hour 08, window 12-20)
2026.05.15 08:30:00;VETO;authorization denied: outside session window (server hour 08, window 12-20)
2026.05.15 08:45:00;VETO;outlier bar masked, z=4.2
2026.05.15 12:00:00;DECISION;setup SHORT score=0.80 entry=4554.42 inv=4588.63 tgt=0.00 [BOS short lvl=4556.34|RelVol=1.35|VPnear|VWAPside|CycleTurn w=0.63<-0.86|ADX=49]
2026.05.15 12:00:00;ORDER;filled SELL 0.01 lots sl=4588.63 tp=4486.00 [WT|BOS|0.80]
2026.05.15 12:00:00;RISK;sizing: vol_ratio=1.31 scalar=0.77 gap_buf=6.73893 eff_stop=40.94893
2026.05.15 12:00:00;ORDER;entry fill deal #72 SELL 0.01 @ 4554.42000
2026.05.15 16:44:40;MANAGE;#72 SL 4588.63 -> 4554.38 breakeven
2026.05.15 16:44:59;MANAGE;#72 SL 4554.38 -> 4544.73 trail
2026.05.15 16:45:00;VETO;outlier bar masked, z=4.2
2026.05.15 16:45:40;MANAGE;#72 SL 4544.73 -> 4538.27 trail
2026.05.15 16:55:40;RISK;deal closed pnl=16.15 streak=0 lock=0
2026.05.15 17:00:00;VETO;outlier bar masked, z=4.1
2026.05.15 18:00:00;DECISION;setup LONG score=0.55 entry=4561.07 inv=4511.76 tgt=0.00 AWAIT-RETEST [CHoCH long lvl=4557.61|RelVol=1.22|Retest@4561.07|VPnode d=7.97]
2026.05.15 18:00:00;ORDER;limit BUY 0.01 @ 4561.07 sl=4511.76 tp=4659.68 rc=10009 [WT|CHOCH|0.55|RL]
2026.05.15 18:00:00;RISK;sizing: vol_ratio=1.41 scalar=0.69 gap_buf=8.43036 eff_stop=57.73857
2026.05.15 18:00:40;ORDER;entry fill deal #74 BUY 0.01 @ 4561.07000
2026.05.18 01:02:20;RISK;deal closed pnl=-49.44 streak=1 lock=0
2026.05.18 01:15:00;VETO;outlier bar masked, z=8.0
2026.05.18 03:45:00;VETO;outlier bar masked, z=5.9
2026.05.18 04:00:00;VETO;outlier bar masked, z=5.1
2026.05.18 14:45:00;VETO;outlier bar masked, z=5.7
2026.05.18 15:45:00;VETO;signal rejected: regime: chop ADX 21.1 < 22.0
2026.05.18 22:15:00;VETO;outlier bar masked, z=5.2
2026.05.19 01:15:00;VETO;signal rejected: volume: relVol 0.53 < 1.00
2026.05.19 07:15:00;DECISION;setup SHORT score=0.65 entry=4541.03 inv=4589.24 tgt=0.00 AWAIT-RETEST [CHoCH short lvl=4543.59|RelVol=1.34|Retest@4541.03|VPnode d=6.97|VWAPside]
2026.05.19 07:30:00;VETO;authorization denied: outside session window (server hour 07, window 12-20)
2026.05.19 07:45:00;VETO;authorization denied: outside session window (server hour 07, window 12-20)
2026.05.19 08:00:00;VETO;authorization denied: outside session window (server hour 08, window 12-20)
2026.05.19 08:15:00;VETO;authorization denied: outside session window (server hour 08, window 12-20)
2026.05.19 09:30:00;DECISION;setup LONG score=0.60 entry=4548.69 inv=4530.89 tgt=0.00 AWAIT-RETEST [CHoCH long lvl=4546.61|RelVol=1.34|Retest@4548.69|VPnear|CycleTurn w=-0.82<--0.97]
2026.05.19 09:45:00;VETO;authorization denied: outside session window (server hour 09, window 12-20)
2026.05.19 10:00:00;VETO;authorization denied: outside session window (server hour 10, window 12-20)
2026.05.19 10:15:00;VETO;authorization denied: outside session window (server hour 10, window 12-20)
2026.05.19 10:30:00;VETO;authorization denied: outside session window (server hour 10, window 12-20)
2026.05.19 13:45:00;VETO;signal rejected: regime: chop ADX 16.1 < 22.0
2026.05.19 16:15:00;VETO;signal rejected: regime: chop ADX 16.3 < 22.0
2026.05.19 16:30:00;VETO;outlier bar masked, z=5.0
2026.05.19 16:45:00;VETO;outlier bar masked, z=4.1
2026.05.19 17:00:00;VETO;outlier bar masked, z=5.3
2026.05.20 04:30:00;VETO;outlier bar masked, z=3.7
2026.05.20 10:15:00;VETO;signal rejected: regime: chop ADX 17.0 < 22.0
2026.05.20 13:45:00;VETO;signal rejected: volume: relVol 0.93 < 1.00
2026.05.20 16:30:00;VETO;signal rejected: volume: relVol 0.95 < 1.00
2026.05.20 17:30:00;VETO;outlier bar masked, z=6.5
2026.05.20 18:30:00;VETO;outlier bar masked, z=4.3
2026.05.20 22:00:00;VETO;signal rejected: volume: relVol 0.99 < 1.00
2026.05.21 04:15:00;VETO;signal rejected: volume: relVol 0.97 < 1.00
2026.05.21 05:45:00;DECISION;setup SHORT score=0.85 entry=4534.78 inv=4570.94 tgt=0.00 AWAIT-RETEST [CHoCH short lvl=4537.29|RelVol=1.15|Retest@4534.78|VPnode d=0.58|VWAPside|CycleTurn w=-0.02<-0.83]
2026.05.21 06:00:00;VETO;authorization denied: outside session window (server hour 06, window 12-20)
2026.05.21 06:15:00;VETO;authorization denied: outside session window (server hour 06, window 12-20)
2026.05.21 06:30:00;VETO;authorization denied: outside session window (server hour 06, window 12-20)
2026.05.21 06:45:00;VETO;authorization denied: outside session window (server hour 06, window 12-20)
2026.05.21 07:00:00;DECISION;setup SHORT score=0.65 entry=4528.26 inv=4570.94 tgt=0.00 [BOS short lvl=4531.50|RelVol=1.06|VPnode d=3.54|VWAPside]
2026.05.21 07:00:00;VETO;authorization denied: outside session window (server hour 07, window 12-20)
2026.05.21 07:15:00;VETO;authorization denied: outside session window (server hour 07, window 12-20)
2026.05.21 07:30:00;VETO;authorization denied: outside session window (server hour 07, window 12-20)
2026.05.21 07:45:00;VETO;authorization denied: outside session window (server hour 07, window 12-20)
2026.05.21 08:30:00;VETO;signal rejected: score 0.50 < 0.55 [BOS short lvl=4527.27|RelVol=1.17|VPnear|VWAPside]
2026.05.21 10:30:00;VETO;signal rejected: volume: relVol 0.99 < 1.00
2026.05.21 13:30:00;VETO;outlier bar masked, z=4.5
2026.05.21 14:00:00;VETO;signal rejected: regime: chop ADX 19.0 < 22.0
2026.05.21 16:00:00;VETO;signal rejected: regime: chop ADX 18.1 < 22.0
2026.05.21 17:00:00;VETO;outlier bar masked, z=4.3
2026.05.21 19:15:00;VETO;signal rejected: score 0.40 < 0.55 [CHoCH long lvl=4515.33|RelVol=1.16|Retest@4518.13|VPnear]
2026.05.21 20:15:00;DECISION;setup LONG score=0.60 entry=4526.36 inv=4496.69 tgt=0.00 [BOS long lvl=4520.84|RelVol=1.21|VPnear|VWAPside|ADX=34]
2026.05.21 20:15:00;VETO;authorization denied: outside session window (server hour 20, window 12-20)
2026.05.21 20:30:00;VETO;authorization denied: outside session window (server hour 20, window 12-20)
2026.05.21 20:45:00;VETO;authorization denied: outside session window (server hour 20, window 12-20)
2026.05.21 21:00:00;VETO;authorization denied: outside session window (server hour 21, window 12-20)
2026.05.22 04:00:00;VETO;signal rejected: volume: relVol 0.82 < 1.00
2026.05.22 08:45:00;VETO;signal rejected: regime: chop ADX 20.3 < 22.0
2026.05.22 09:00:00;VETO;outlier bar masked, z=6.7
2026.05.22 13:00:00;VETO;signal rejected: regime: chop ADX 17.8 < 22.0
2026.05.22 13:45:00;VETO;signal rejected: regime: chop ADX 17.2 < 22.0
2026.05.22 17:00:00;VETO;signal rejected: regime: chop ADX 14.3 < 22.0
2026.05.22 22:15:00;VETO;signal rejected: regime: chop ADX 20.5 < 22.0
2026.05.25 01:15:00;VETO;outlier bar masked, z=13.3
2026.05.25 06:45:00;VETO;signal rejected: regime: chop ADX 15.8 < 22.0
2026.05.25 08:30:00;VETO;signal rejected: regime: chop ADX 17.6 < 22.0
2026.05.25 12:45:00;VETO;signal rejected: regime: chop ADX 18.9 < 22.0
2026.05.25 14:45:00;VETO;signal rejected: volume: relVol 0.56 < 1.00
2026.05.25 15:15:00;VETO;signal rejected: volume: relVol 0.77 < 1.00
2026.05.25 18:30:00;VETO;signal rejected: regime: chop ADX 16.0 < 22.0
2026.05.25 20:45:00;VETO;signal rejected: regime: chop ADX 20.4 < 22.0
2026.05.26 02:15:00;VETO;signal rejected: regime: chop ADX 20.6 < 22.0
2026.05.26 02:45:00;VETO;signal rejected: regime: chop ADX 18.6 < 22.0
2026.05.26 04:45:00;VETO;outlier bar masked, z=4.0
2026.05.26 07:45:00;VETO;signal rejected: volume: relVol 0.84 < 1.00
2026.05.26 11:00:00;VETO;signal rejected: regime: chop ADX 18.0 < 22.0
2026.05.26 11:30:00;VETO;signal rejected: regime: chop ADX 17.0 < 22.0
2026.05.26 14:45:00;VETO;outlier bar masked, z=4.8
2026.05.26 18:30:00;VETO;signal rejected: regime: chop ADX 18.2 < 22.0
2026.05.26 20:45:00;DECISION;setup SHORT score=0.60 entry=4498.56 inv=4511.26 tgt=0.00 [BOS short lvl=4499.78|RelVol=1.01|VPnear|VWAPside|ADX=32]
2026.05.26 20:45:00;VETO;authorization denied: outside session window (server hour 20, window 12-20)
2026.05.26 21:00:00;VETO;authorization denied: outside session window (server hour 21, window 12-20)
2026.05.26 21:15:00;VETO;authorization denied: outside session window (server hour 21, window 12-20)
2026.05.26 21:30:00;VETO;authorization denied: outside session window (server hour 21, window 12-20)
2026.05.27 01:15:00;VETO;outlier bar masked, z=8.5
2026.05.27 07:00:00;VETO;signal rejected: volume: relVol 0.66 < 1.00
2026.05.27 08:45:00;DECISION;setup SHORT score=0.65 entry=4493.48 inv=4517.29 tgt=0.00 [BOS short lvl=4495.82|RelVol=1.22|VPnode d=4.92|VWAPside]
2026.05.27 08:45:00;VETO;authorization denied: outside session window (server hour 08, window 12-20)
2026.05.27 09:00:00;VETO;authorization denied: outside session window (server hour 09, window 12-20)
2026.05.27 09:15:00;VETO;authorization denied: outside session window (server hour 09, window 12-20)
2026.05.27 09:30:00;VETO;authorization denied: outside session window (server hour 09, window 12-20)
2026.05.27 13:45:00;DECISION;setup SHORT score=0.70 entry=4473.71 inv=4498.76 tgt=0.00 AWAIT-RETEST [BOS short lvl=4475.72|RelVol=1.24|Retest@4473.71|VPnear|VWAPside|CycleTurn w=-0.17<-0.81]
2026.05.27 13:45:00;ORDER;limit SELL 0.03 @ 4473.71 sl=4498.76 tp=4423.62 rc=10009 [WT|BOS|0.70|RL]
2026.05.27 13:45:00;RISK;sizing: vol_ratio=0.93 scalar=1.00 gap_buf=4.01107 eff_stop=29.05661
2026.05.27 14:00:00;VETO;outlier bar masked, z=5.4
2026.05.27 15:00:00;VETO;outlier bar masked, z=3.8
2026.05.27 15:30:00;VETO;outlier bar masked, z=10.1
2026.05.27 16:15:00;VETO;outlier bar masked, z=6.2
2026.05.27 16:30:00;VETO;outlier bar masked, z=3.7
2026.05.27 16:45:00;VETO;outlier bar masked, z=4.1
2026.05.27 17:15:00;VETO;outlier bar masked, z=6.2
2026.05.27 17:45:00;ORDER;cancelled 1 pending: setup expired/invalidated
2026.05.27 21:30:00;VETO;signal rejected: volume: relVol 0.73 < 1.00
2026.05.28 01:30:00;VETO;signal rejected: regime: chop ADX 17.9 < 22.0
2026.05.28 03:00:00;VETO;signal rejected: volume: relVol 0.91 < 1.00
2026.05.28 04:15:00;VETO;outlier bar masked, z=4.0
2026.05.28 04:30:00;VETO;outlier bar masked, z=4.7
2026.05.28 12:30:00;VETO;signal rejected: volume: relVol 0.91 < 1.00
2026.05.28 14:00:00;DECISION;setup SHORT score=0.70 entry=4383.66 inv=4404.14 tgt=0.00 AWAIT-RETEST [CHoCH short lvl=4385.88|RelVol=1.13|Retest@4383.66|VPnear|VWAPside|CycleTurn w=0.98<-1.00]
2026.05.28 14:00:00;ORDER;limit SELL 0.04 @ 4383.66 sl=4404.14 tp=4342.71 rc=10009 [WT|CHOCH|0.70|RL]
2026.05.28 14:00:00;RISK;sizing: vol_ratio=0.86 scalar=1.00 gap_buf=4.43607 eff_stop=24.91411
2026.05.28 14:00:20;ORDER;entry fill deal #76 SELL 0.04 @ 4383.66000
2026.05.28 15:46:40;RISK;deal closed pnl=-81.92 streak=1 lock=0
2026.05.28 16:00:00;VETO;outlier bar masked, z=5.9
2026.05.28 17:15:00;VETO;outlier bar masked, z=8.9
2026.05.29 01:00:00;VETO;signal rejected: volume: relVol 0.69 < 1.00
2026.05.29 04:15:00;VETO;outlier bar masked, z=3.7
2026.05.29 10:00:00;VETO;signal rejected: volume: relVol 0.88 < 1.00
2026.05.29 12:15:00;VETO;signal rejected: regime: chop ADX 21.7 < 22.0
2026.05.29 17:15:00;VETO;signal rejected: regime: chop ADX 20.6 < 22.0
2026.05.29 18:00:00;VETO;outlier bar masked, z=6.3
2026.05.29 18:15:00;VETO;outlier bar masked, z=5.4
2026.05.29 20:45:00;VETO;signal rejected: regime: chop ADX 21.7 < 22.0
2026.06.01 01:00:00;VETO;signal rejected: volume: relVol 1.00 < 1.00
2026.06.01 01:15:00;VETO;outlier bar masked, z=8.1
2026.06.01 09:45:00;VETO;signal rejected: volume: relVol 0.84 < 1.00
2026.06.01 14:30:00;VETO;signal rejected: volume: relVol 0.77 < 1.00
2026.06.01 16:15:00;VETO;outlier bar masked, z=7.3
2026.06.01 16:30:00;VETO;outlier bar masked, z=5.7
2026.06.01 17:00:00;VETO;outlier bar masked, z=3.7
2026.06.01 20:00:00;VETO;signal rejected: volume: relVol 0.98 < 1.00
2026.06.02 02:30:00;VETO;signal rejected: volume: relVol 0.42 < 1.00
2026.06.02 03:30:00;VETO;signal rejected: volume: relVol 0.84 < 1.00
2026.06.02 05:00:00;DECISION;setup SHORT score=0.85 entry=4474.27 inv=4497.22 tgt=0.00 AWAIT-RETEST [CHoCH short lvl=4476.60|RelVol=1.08|Retest@4474.27|VPnode d=6.33|VWAPside|CycleTurn w=-0.07<-0.91]
2026.06.02 05:15:00;VETO;authorization denied: outside session window (server hour 05, window 12-20)
2026.06.02 05:30:00;VETO;authorization denied: outside session window (server hour 05, window 12-20)
2026.06.02 05:45:00;VETO;authorization denied: outside session window (server hour 05, window 12-20)
2026.06.02 06:00:00;VETO;authorization denied: outside session window (server hour 06, window 12-20)
2026.06.02 07:00:00;VETO;signal rejected: volume: relVol 0.70 < 1.00
2026.06.02 12:00:00;VETO;signal rejected: volume: relVol 0.72 < 1.00
2026.06.02 16:00:00;VETO;signal rejected: regime: chop ADX 13.5 < 22.0
2026.06.02 19:45:00;VETO;signal rejected: volume: relVol 0.81 < 1.00
2026.06.02 20:45:00;VETO;signal rejected: volume: relVol 0.89 < 1.00
2026.06.02 21:45:00;VETO;signal rejected: volume: relVol 1.00 < 1.00
2026.06.03 02:15:00;DECISION;setup SHORT score=0.80 entry=4477.43 inv=4493.12 tgt=0.00 [BOS short lvl=4480.04|RelVol=1.43|VPnear|VWAPside|CycleTurn w=0.97<-1.00|ADX=56]
2026.06.03 02:15:00;VETO;authorization denied: outside session window (server hour 02, window 12-20)
2026.06.03 02:30:00;VETO;authorization denied: outside session window (server hour 02, window 12-20)
2026.06.03 02:45:00;VETO;authorization denied: outside session window (server hour 02, window 12-20)
2026.06.03 03:00:00;VETO;authorization denied: outside session window (server hour 03, window 12-20)
2026.06.03 03:45:00;VETO;signal rejected: volume: relVol 0.77 < 1.00
2026.06.03 04:15:00;VETO;outlier bar masked, z=4.2
2026.06.03 08:45:00;VETO;signal rejected: volume: relVol 0.87 < 1.00
2026.06.03 10:30:00;VETO;signal rejected: volume: relVol 0.94 < 1.00
2026.06.03 13:15:00;VETO;outlier bar masked, z=5.1
2026.06.03 16:45:00;VETO;outlier bar masked, z=4.7
2026.06.03 17:00:00;VETO;outlier bar masked, z=4.3
2026.06.03 22:15:00;VETO;signal rejected: score 0.30 < 0.55 [CHoCH long lvl=4448.40|RelVol=1.25|Retest@4449.87]
2026.06.04 01:15:00;DECISION;setup SHORT score=0.85 entry=4433.80 inv=4452.24 tgt=0.00 AWAIT-RETEST [CHoCH short lvl=4435.30|RelVol=1.05|Retest@4433.80|VPnode d=1.30|VWAPside|CycleTurn w=0.98<-1.00]
2026.06.04 01:30:00;VETO;authorization denied: outside session window (server hour 01, window 12-20)
2026.06.04 01:45:00;VETO;authorization denied: outside session window (server hour 01, window 12-20)
2026.06.04 02:00:00;VETO;authorization denied: outside session window (server hour 02, window 12-20)
2026.06.04 02:15:00;VETO;authorization denied: outside session window (server hour 02, window 12-20)
2026.06.04 02:45:00;VETO;signal rejected: regime: chop ADX 21.1 < 22.0
2026.06.04 04:15:00;VETO;outlier bar masked, z=4.3
2026.06.04 04:30:00;VETO;signal rejected: volume: relVol 0.91 < 1.00
2026.06.04 06:00:00;DECISION;setup LONG score=0.65 entry=4475.03 inv=4455.57 tgt=0.00 [BOS long lvl=4473.47|RelVol=1.04|VPnode d=6.03|VWAPside]
2026.06.04 06:00:00;VETO;authorization denied: outside session window (server hour 06, window 12-20)
2026.06.04 06:15:00;VETO;authorization denied: outside session window (server hour 06, window 12-20)
2026.06.04 06:30:00;VETO;authorization denied: outside session window (server hour 06, window 12-20)
2026.06.04 06:45:00;VETO;authorization denied: outside session window (server hour 06, window 12-20)
2026.06.04 07:45:00;VETO;signal rejected: score 0.50 < 0.55 [BOS long lvl=4477.27|RelVol=1.18|VPnear|VWAPside]
2026.06.04 13:00:00;DECISION;setup LONG score=0.85 entry=4470.43 inv=4458.56 tgt=0.00 [BOS long lvl=4469.48|RelVol=1.02|VPnode d=4.97|VWAPside|CycleTurn w=-0.84<--0.96]
2026.06.04 13:00:00;ORDER;filled BUY 0.06 lots sl=4458.56 tp=4494.29 [WT|BOS|0.85]
2026.06.04 13:00:00;RISK;sizing: vol_ratio=0.79 scalar=1.00 gap_buf=3.66571 eff_stop=15.57571
2026.06.04 13:00:00;ORDER;entry fill deal #78 BUY 0.06 @ 4470.47000
2026.06.04 14:26:40;MANAGE;#79 SL 4458.56 -> 4470.51 breakeven
2026.06.04 14:26:59;MANAGE;#79 SL 4470.51 -> 4472.54 trail
2026.06.04 14:27:40;MANAGE;#79 SL 4472.54 -> 4477.94 trail
2026.06.04 14:30:00;DECISION;setup LONG score=0.75 entry=4477.67 inv=4458.56 tgt=0.00 AWAIT-RETEST [BOS long lvl=4475.69|RelVol=1.28|Retest@4477.67|VPnode d=2.47|VWAPside|ADX=36]
2026.06.04 14:30:00;VETO;retest limit risk veto: max positions
2026.06.04 14:46:40;RISK;deal closed pnl=142.92 streak=0 lock=0
2026.06.04 15:00:00;VETO;outlier bar masked, z=5.1
2026.06.04 15:15:00;VETO;outlier bar masked, z=4.8
2026.06.04 17:00:00;VETO;outlier bar masked, z=4.0
2026.06.05 02:45:00;VETO;signal rejected: regime: chop ADX 21.1 < 22.0
2026.06.05 04:45:00;VETO;signal rejected: volume: relVol 0.91 < 1.00
2026.06.05 09:15:00;VETO;signal rejected: regime: chop ADX 21.1 < 22.0
2026.06.05 09:30:00;VETO;outlier bar masked, z=3.6
2026.06.05 10:00:00;VETO;signal rejected: regime: chop ADX 21.2 < 22.0
2026.06.05 15:00:00;VETO;signal rejected: volume: relVol 0.98 < 1.00
2026.06.05 15:45:00;VETO;outlier bar masked, z=6.1
2026.06.05 16:00:00;VETO;outlier bar masked, z=11.6
2026.06.05 16:15:00;VETO;outlier bar masked, z=4.1
2026.06.05 16:45:00;VETO;outlier bar masked, z=4.6
2026.06.05 17:00:00;VETO;outlier bar masked, z=5.2
2026.06.05 18:00:00;VETO;outlier bar masked, z=4.0
2026.06.05 18:45:00;VETO;signal rejected: score 0.50 < 0.55 [BOS short lvl=4344.56|RelVol=1.46|VWAPside|ADX=50]
2026.06.05 20:00:00;VETO;outlier bar masked, z=3.5
2026.06.05 21:15:00;VETO;outlier bar masked, z=3.6
2026.06.08 01:15:00;VETO;outlier bar masked, z=5.9
2026.06.08 02:45:00;VETO;signal rejected: score 0.50 < 0.55 [CHoCH long lvl=4337.34|RelVol=1.27|Retest@4340.16|VPnear|VWAPside]
2026.06.08 04:45:00;VETO;outlier bar masked, z=5.3
2026.06.08 08:45:00;VETO;outlier bar masked, z=9.2
2026.06.08 14:15:00;DECISION;setup LONG score=0.65 entry=4319.85 inv=4273.03 tgt=0.00 AWAIT-RETEST [CHoCH long lvl=4317.12|RelVol=1.31|Retest@4319.85|VPnode d=0.45|VWAPside]
2026.06.08 14:15:00;ERROR;limit BUY 0.01 @ 4319.85 sl=4273.03 tp=4413.48 rc=10015 [WT|CHOCH|0.65|RL]
2026.06.08 14:30:00;ORDER;filled BUY 0.01 lots sl=4273.03 tp=4429.93 [WT|CHOCH|0.65]
2026.06.08 14:30:00;RISK;sizing: vol_ratio=0.95 scalar=1.00 gap_buf=5.81179 eff_stop=58.11179
2026.06.08 14:30:00;ORDER;entry fill deal #80 BUY 0.01 @ 4325.33000
2026.06.08 17:15:00;DECISION;setup SHORT score=0.75 entry=4316.89 inv=4339.46 tgt=0.00 AWAIT-RETEST [CHoCH short lvl=4320.21|RelVol=1.17|Retest@4316.89|VPnode d=8.81|CycleTurn w=0.94<-0.98]
2026.06.08 17:15:00;VETO;retest limit risk veto: max positions
2026.06.08 17:30:00;VETO;risk veto: max positions
2026.06.08 22:15:00;VETO;signal rejected: volume: relVol 0.98 < 1.00
2026.06.09 02:30:00;VETO;signal rejected: volume: relVol 0.81 < 1.00
2026.06.09 04:30:00;DECISION;setup LONG score=0.70 entry=4333.83 inv=4312.79 tgt=0.00 AWAIT-RETEST [CHoCH long lvl=4332.09|RelVol=1.17|Retest@4333.83|VPnear|VWAPside|CycleTurn w=-0.81<--0.98]
2026.06.09 04:45:00;VETO;authorization denied: outside session window (server hour 04, window 12-20)
2026.06.09 05:00:00;VETO;authorization denied: outside session window (server hour 05, window 12-20)
2026.06.09 05:15:00;VETO;authorization denied: outside session window (server hour 05, window 12-20)
2026.06.09 05:30:00;VETO;authorization denied: outside session window (server hour 05, window 12-20)
2026.06.09 08:45:00;VETO;signal rejected: regime: chop ADX 18.0 < 22.0
2026.06.09 14:00:00;VETO;signal rejected: volume: relVol 0.88 < 1.00
2026.06.09 15:15:00;VETO;signal rejected: volume: relVol 0.84 < 1.00
2026.06.09 17:00:00;VETO;outlier bar masked, z=10.6
2026.06.09 17:15:00;VETO;signal rejected: regime: chop ADX 21.0 < 22.0
2026.06.09 17:30:00;VETO;outlier bar masked, z=3.6
2026.06.09 17:45:00;VETO;outlier bar masked, z=10.1
2026.06.09 18:00:00;VETO;outlier bar masked, z=5.2
2026.06.09 18:30:00;VETO;outlier bar masked, z=4.3
2026.06.09 18:31:40;RISK;deal closed pnl=-52.43 streak=1 lock=0
2026.06.09 18:45:00;VETO;outlier bar masked, z=4.0
2026.06.09 19:15:00;VETO;outlier bar masked, z=5.3
2026.06.09 19:45:00;VETO;outlier bar masked, z=8.3
2026.06.10 02:15:00;DECISION;setup SHORT score=0.95 entry=4236.04 inv=4274.27 tgt=0.00 [BOS short lvl=4236.55|RelVol=1.56|VPnode d=4.76|VWAPside|CycleTurn w=0.64<-0.97|ADX=51]
2026.06.10 02:15:00;VETO;authorization denied: outside session window (server hour 02, window 12-20)
2026.06.10 02:30:00;VETO;authorization denied: outside session window (server hour 02, window 12-20)
2026.06.10 02:45:00;VETO;authorization denied: outside session window (server hour 02, window 12-20)
2026.06.10 03:00:00;VETO;authorization denied: outside session window (server hour 03, window 12-20)
2026.06.10 03:45:00;VETO;outlier bar masked, z=3.7
2026.06.10 04:00:00;VETO;outlier bar masked, z=3.6
2026.06.10 04:15:00;VETO;outlier bar masked, z=6.0
2026.06.10 08:45:00;VETO;signal rejected: score 0.30 < 0.55 [CHoCH long lvl=4187.27|RelVol=1.47|Retest@4189.65]
2026.06.10 11:15:00;VETO;outlier bar masked, z=3.5
2026.06.10 13:15:00;DECISION;setup SHORT score=0.75 entry=4161.06 inv=4221.87 tgt=0.00 [BOS short lvl=4161.35|RelVol=1.40|VPnode d=4.14|VWAPside|ADX=39]
2026.06.10 13:15:00;ORDER;filled SELL 0.01 lots sl=4221.87 tp=4039.44 [WT|BOS|0.75]
2026.06.10 13:15:00;RISK;sizing: vol_ratio=1.03 scalar=0.98 gap_buf=6.16893 eff_stop=66.97893
2026.06.10 13:15:00;ORDER;entry fill deal #82 SELL 0.01 @ 4161.06000
2026.06.10 14:45:00;DECISION;setup SHORT score=0.65 entry=4154.49 inv=4178.68 tgt=0.00 [BOS short lvl=4155.70|RelVol=1.74|VPnode d=5.31|VWAPside]
2026.06.10 14:45:00;VETO;risk veto: max positions
2026.06.10 15:45:00;VETO;outlier bar masked, z=4.6
2026.06.10 16:45:00;VETO;outlier bar masked, z=4.4
2026.06.10 18:00:00;VETO;outlier bar masked, z=4.1
2026.06.10 20:45:00;VETO;signal rejected: score 0.50 < 0.55 [BOS short lvl=4106.82|RelVol=1.48|VWAPside|ADX=43]
2026.06.10 21:50:40;MANAGE;#83 SL 4221.87 -> 4161.02 breakeven
2026.06.10 21:50:59;MANAGE;#83 SL 4161.02 -> 4122.73 trail
2026.06.10 22:01:20;MANAGE;#83 SL 4122.73 -> 4122.41 trail
2026.06.10 22:02:40;MANAGE;#83 SL 4122.41 -> 4121.50 trail
2026.06.10 22:04:40;MANAGE;#83 SL 4121.50 -> 4119.11 trail
2026.06.10 22:05:20;MANAGE;#83 SL 4119.11 -> 4118.66 trail
2026.06.10 22:09:40;MANAGE;#83 SL 4118.66 -> 4118.07 trail
2026.06.10 22:10:40;MANAGE;#83 SL 4118.07 -> 4115.86 trail
2026.06.10 22:11:40;MANAGE;#83 SL 4115.86 -> 4112.86 trail
2026.06.10 22:12:40;MANAGE;#83 SL 4112.86 -> 4111.76 trail
2026.06.10 22:13:20;MANAGE;#83 SL 4111.76 -> 4110.79 trail
2026.06.10 22:14:40;MANAGE;#83 SL 4110.79 -> 4110.45 trail
2026.06.10 22:15:00;VETO;signal rejected: score 0.50 < 0.55 [BOS short lvl=4100.82|RelVol=1.75|Retest@4097.82|VWAPside|ADX=43]
2026.06.10 22:23:40;MANAGE;#83 SL 4110.45 -> 4106.59 trail
2026.06.10 22:25:40;MANAGE;#83 SL 4106.59 -> 4106.30 trail
2026.06.10 22:26:20;MANAGE;#83 SL 4106.30 -> 4106.12 trail
2026.06.10 22:27:20;MANAGE;#83 SL 4106.12 -> 4105.66 trail
2026.06.10 22:35:40;MANAGE;#83 SL 4105.66 -> 4105.13 trail
2026.06.10 22:36:40;MANAGE;#83 SL 4105.13 -> 4104.30 trail
2026.06.10 22:58:20;MANAGE;#83 SL 4104.30 -> 4103.61 trail
2026.06.11 01:00:00;MANAGE;#83 SL 4103.61 -> 4090.75 trail
2026.06.11 01:00:20;MANAGE;#83 SL 4090.75 -> 4088.18 trail
2026.06.11 01:02:40;MANAGE;#83 SL 4088.18 -> 4081.93 trail
2026.06.11 01:03:20;MANAGE;#83 SL 4081.93 -> 4080.68 trail
2026.06.11 01:06:40;MANAGE;#83 SL 4080.68 -> 4077.39 trail
2026.06.11 01:07:40;MANAGE;#83 SL 4077.39 -> 4075.42 trail
2026.06.11 01:08:20;MANAGE;#83 SL 4075.42 -> 4075.17 trail
2026.06.11 01:09:40;MANAGE;#83 SL 4075.17 -> 4072.70 trail
2026.06.11 01:10:20;MANAGE;#83 SL 4072.70 -> 4072.54 trail
2026.06.11 01:15:00;VETO;outlier bar masked, z=5.8
2026.06.11 01:16:40;MANAGE;#83 SL 4072.54 -> 4069.01 trail
2026.06.11 01:17:40;MANAGE;#83 SL 4069.01 -> 4068.21 trail
2026.06.11 01:20:40;MANAGE;#83 SL 4068.21 -> 4064.76 trail
2026.06.11 01:21:40;RISK;deal closed pnl=121.48 streak=0 lock=0
2026.06.11 02:15:00;VETO;outlier bar masked, z=4.1
2026.06.11 02:30:00;VETO;outlier bar masked, z=6.3
2026.06.11 10:30:00;VETO;signal rejected: regime: chop ADX 18.8 < 22.0
2026.06.11 15:15:00;VETO;signal rejected: score 0.40 < 0.55 [CHoCH short lvl=4077.37|RelVol=1.20|Retest@4075.18|VWAPside]
2026.06.11 19:15:00;DECISION;setup LONG score=0.65 entry=4096.65 inv=4052.88 tgt=0.00 AWAIT-RETEST [CHoCH long lvl=4092.57|RelVol=1.71|Retest@4096.65|VPnode d=0.35|VWAPside]
2026.06.11 19:15:00;ORDER;limit BUY 0.01 @ 4096.65 sl=4052.88 tp=4184.18 rc=10009 [WT|CHOCH|0.65|RL]
2026.06.11 19:15:00;RISK;sizing: vol_ratio=1.11 scalar=0.92 gap_buf=8.15036 eff_stop=51.91554
2026.06.11 19:18:40;ORDER;entry fill deal #84 BUY 0.01 @ 4096.65000
2026.06.11 20:33:40;MANAGE;#85 SL 4052.88 -> 4096.69 breakeven
2026.06.11 20:33:59;MANAGE;#85 SL 4096.69 -> 4105.25 trail
2026.06.11 20:34:40;MANAGE;#85 SL 4105.25 -> 4116.11 trail
2026.06.11 20:36:20;MANAGE;#85 SL 4116.11 -> 4119.42 trail
2026.06.11 20:39:40;MANAGE;#85 SL 4119.42 -> 4121.13 trail
2026.06.11 20:40:40;MANAGE;#85 SL 4121.13 -> 4121.89 trail
2026.06.11 20:41:40;MANAGE;#85 SL 4121.89 -> 4129.79 trail
2026.06.11 20:42:40;MANAGE;#85 SL 4129.79 -> 4136.16 trail
2026.06.11 20:44:40;MANAGE;#85 SL 4136.16 -> 4136.43 trail
2026.06.11 20:45:00;VETO;outlier bar masked, z=9.5
2026.06.11 21:05:40;RISK;deal closed pnl=39.78 streak=0 lock=0
2026.06.11 22:15:00;VETO;signal rejected: score 0.50 < 0.55 [BOS long lvl=4169.99|RelVol=2.11|Retest@4174.21|VWAPside|ADX=31]
2026.06.12 01:45:00;DECISION;setup LONG score=0.75 entry=4225.81 inv=4071.98 tgt=0.00 [BOS long lvl=4219.93|RelVol=1.58|VPnode d=11.41|VWAPside|ADX=50]
2026.06.12 01:45:00;VETO;authorization denied: outside session window (server hour 01, window 12-20)
2026.06.12 02:00:00;VETO;authorization denied: outside session window (server hour 02, window 12-20)
2026.06.12 02:15:00;VETO;authorization denied: outside session window (server hour 02, window 12-20)
2026.06.12 02:30:00;VETO;authorization denied: outside session window (server hour 02, window 12-20)
2026.06.12 06:30:00;DECISION;setup LONG score=0.60 entry=4203.44 inv=4171.42 tgt=0.00 [BOS long lvl=4200.07|RelVol=1.41|VPnear|CycleTurn w=-0.99<--0.99]
2026.06.12 06:30:00;VETO;authorization denied: outside session window (server hour 06, window 12-20)
2026.06.12 06:45:00;VETO;authorization denied: outside session window (server hour 06, window 12-20)
2026.06.12 07:00:00;VETO;authorization denied: outside session window (server hour 07, window 12-20)
2026.06.12 07:15:00;VETO;authorization denied: outside session window (server hour 07, window 12-20)
2026.06.12 11:30:00;DECISION;setup LONG score=0.95 entry=4213.06 inv=4170.16 tgt=0.00 [BOS long lvl=4204.95|RelVol=1.80|VPnode d=8.66|VWAPside|CycleTurn w=0.40<--0.63|ADX=31]
2026.06.12 11:30:00;VETO;authorization denied: outside session window (server hour 11, window 12-20)
2026.06.12 11:45:00;VETO;authorization denied: outside session window (server hour 11, window 12-20)
2026.06.12 12:00:00;ORDER;filled BUY 0.01 lots sl=4170.16 tp=4318.72 [WT|BOS|0.95]
2026.06.12 12:00:00;RISK;sizing: vol_ratio=0.89 scalar=1.00 gap_buf=6.04464 eff_stop=55.56464
2026.06.12 12:00:00;ORDER;entry fill deal #86 BUY 0.01 @ 4219.68000
2026.06.12 14:30:00;VETO;signal rejected: score 0.50 < 0.55 [CHoCH short lvl=4202.79|RelVol=1.07|Retest@4200.12|VPnear|VWAPside]
2026.06.12 15:45:00;VETO;signal rejected: volume: relVol 0.94 < 1.00
2026.06.12 18:00:00;VETO;outlier bar masked, z=3.7
2026.06.12 18:15:00;DECISION;setup LONG score=0.85 entry=4213.61 inv=4193.21 tgt=0.00 AWAIT-RETEST [CHoCH long lvl=4210.21|RelVol=1.13|Retest@4213.61|StopFloored|VPnode d=2.61|VWAPside|CycleTurn w=-0.89<--0.99]
2026.06.12 18:15:00;VETO;retest limit risk veto: max positions
2026.06.12 18:30:00;VETO;risk veto: max positions
2026.06.15 01:00:20;MANAGE;#87 SL 4170.16 -> 4225.70 breakeven
2026.06.15 01:00:59;MANAGE;#87 SL 4225.70 -> 4243.89 trail
2026.06.15 01:01:40;MANAGE;#87 SL 4243.89 -> 4258.96 trail
2026.06.15 01:02:40;MANAGE;#87 SL 4258.96 -> 4270.00 trail
2026.06.15 01:03:40;MANAGE;#87 SL 4270.00 -> 4280.26 trail
2026.06.15 01:04:40;MANAGE;#87 SL 4280.26 -> 4284.99 trail
2026.06.15 01:06:40;MANAGE;#87 SL 4284.99 -> 4286.38 trail
2026.06.15 01:07:20;MANAGE;#87 SL 4286.38 -> 4288.03 trail
2026.06.15 01:08:40;MANAGE;#87 SL 4288.03 -> 4289.86 trail
2026.06.15 01:09:40;MANAGE;#87 SL 4289.86 -> 4291.21 trail
2026.06.15 01:15:00;VETO;outlier bar masked, z=16.9
2026.06.15 01:25:40;RISK;deal closed pnl=71.40 streak=0 lock=0
2026.06.15 04:45:00;DECISION;setup LONG score=0.65 entry=4310.77 inv=4201.86 tgt=0.00 AWAIT-RETEST [BOS long lvl=4308.14|RelVol=1.03|Retest@4310.77|VPnode d=4.17|VWAPside]
2026.06.15 08:45:00;VETO;signal rejected: volume: relVol 0.88 < 1.00
2026.06.15 11:45:00;DECISION;setup LONG score=0.85 entry=4335.28 inv=4300.80 tgt=0.00 AWAIT-RETEST [CHoCH long lvl=4332.99|RelVol=1.15|Retest@4335.28|VPnode d=1.88|VWAPside|CycleTurn w=-0.27<--0.82]
2026.06.15 12:00:00;ORDER;filled BUY 0.02 lots sl=4300.80 tp=4402.14 [WT|CHOCH|0.85]
2026.06.15 12:00:00;RISK;sizing: vol_ratio=0.81 scalar=1.00 gap_buf=4.64857 eff_stop=38.42857
2026.06.15 12:00:00;ORDER;entry fill deal #88 BUY 0.02 @ 4334.58000
2026.06.15 16:00:00;VETO;signal rejected: volume: relVol 0.78 < 1.00
2026.06.15 16:41:40;MANAGE;#89 SL 4300.80 -> 4334.61 breakeven
2026.06.15 16:41:59;MANAGE;#89 SL 4334.61 -> 4353.65 trail
2026.06.15 16:42:20;MANAGE;#89 SL 4353.65 -> 4353.88 trail
2026.06.15 18:01:40;RISK;deal closed pnl=38.60 streak=0 lock=0
2026.06.15 19:30:00;DECISION;setup SHORT score=0.55 entry=4346.98 inv=4369.40 tgt=0.00 AWAIT-RETEST [CHoCH short lvl=4349.55|RelVol=1.09|Retest@4346.98|VPnode d=2.62]
2026.06.15 19:30:00;ORDER;limit SELL 0.03 @ 4346.98 sl=4369.40 tp=4302.13 rc=10009 [WT|CHOCH|0.55|RL]
2026.06.15 19:30:00;RISK;sizing: vol_ratio=0.97 scalar=1.00 gap_buf=5.14429 eff_stop=27.56643
2026.06.15 21:45:00;ORDER;cancelled 1 pending: setup expired/invalidated
2026.06.16 01:15:00;VETO;signal rejected: volume: relVol 0.63 < 1.00
2026.06.16 04:15:00;VETO;signal rejected: volume: relVol 0.90 < 1.00
2026.06.16 06:45:00;VETO;signal rejected: regime: chop ADX 17.8 < 22.0
2026.06.16 11:00:00;VETO;signal rejected: score 0.50 < 0.55 [BOS long lvl=4330.89|RelVol=1.02|VWAPside|ADX=31]
2026.06.16 14:00:00;VETO;signal rejected: volume: relVol 0.80 < 1.00
2026.06.16 15:45:00;VETO;signal rejected: volume: relVol 0.84 < 1.00
2026.06.16 17:00:00;VETO;signal rejected: regime: chop ADX 19.6 < 22.0
2026.06.16 17:30:00;VETO;outlier bar masked, z=4.3
2026.06.16 19:00:00;VETO;outlier bar masked, z=5.7
2026.06.17 01:00:00;VETO;signal rejected: regime: chop ADX 15.1 < 22.0
2026.06.17 04:15:00;VETO;outlier bar masked, z=3.9
2026.06.17 07:30:00;VETO;signal rejected: volume: relVol 0.99 < 1.00
2026.06.17 11:45:00;VETO;signal rejected: volume: relVol 0.93 < 1.00
2026.06.17 16:30:00;VETO;signal rejected: regime: chop ADX 15.9 < 22.0
2026.06.17 17:30:00;VETO;outlier bar masked, z=6.5
2026.06.17 17:45:00;VETO;outlier bar masked, z=4.6
2026.06.17 18:00:00;VETO;outlier bar masked, z=7.8
2026.06.17 19:30:00;VETO;signal rejected: volume: relVol 0.85 < 1.00
2026.06.17 20:45:00;VETO;outlier bar masked, z=7.2
2026.06.17 21:15:00;VETO;outlier bar masked, z=42.7
2026.06.17 21:30:00;VETO;outlier bar masked, z=8.2
2026.06.17 21:45:00;VETO;outlier bar masked, z=21.6
2026.06.17 22:00:00;VETO;outlier bar masked, z=19.4
2026.06.17 22:15:00;VETO;outlier bar masked, z=11.8
2026.06.17 22:30:00;VETO;outlier bar masked, z=13.5
2026.06.17 22:45:00;VETO;outlier bar masked, z=4.3
2026.06.18 01:00:00;VETO;outlier bar masked, z=4.3
2026.06.18 01:15:00;VETO;outlier bar masked, z=9.8
2026.06.18 02:15:00;VETO;outlier bar masked, z=4.4
2026.06.18 03:15:00;VETO;outlier bar masked, z=5.6
2026.06.18 04:15:00;VETO;outlier bar masked, z=5.0
2026.06.18 09:00:00;VETO;signal rejected: regime: chop ADX 19.3 < 22.0
2026.06.18 11:00:00;VETO;signal rejected: regime: chop ADX 21.3 < 22.0
2026.06.18 14:00:00;VETO;signal rejected: score 0.50 < 0.55 [BOS short lvl=4259.56|RelVol=1.35|VWAPside|ADX=38]
2026.06.18 18:30:00;VETO;signal rejected: regime: chop ADX 17.0 < 22.0
2026.06.18 22:15:00;DECISION;setup SHORT score=0.70 entry=4211.97 inv=4233.19 tgt=0.00 AWAIT-RETEST [BOS short lvl=4214.00|RelVol=1.34|Retest@4211.97|VWAPside|CycleTurn w=0.91<-0.99|ADX=30]
2026.06.18 22:45:00;VETO;authorization denied: outside session window (server hour 22, window 12-20)
2026.06.19 01:00:00;VETO;authorization denied: outside session window (server hour 01, window 12-20)
2026.06.19 01:15:00;VETO;authorization denied: outside session window (server hour 01, window 12-20)
2026.06.19 01:30:00;VETO;authorization denied: outside session window (server hour 01, window 12-20)
2026.06.19 02:15:00;VETO;signal rejected: score 0.50 < 0.55 [BOS short lvl=4200.90|RelVol=1.19|VPnear|VWAPside]
2026.06.19 05:15:00;VETO;signal rejected: volume: relVol 0.82 < 1.00
2026.06.19 16:00:00;VETO;outlier bar masked, z=6.8
2026.06.19 17:45:00;VETO;signal rejected: volume: relVol 0.66 < 1.00
2026.06.19 20:00:00;VETO;signal rejected: volume: relVol 0.57 < 1.00
2026.06.22 01:15:00;VETO;outlier bar masked, z=5.5
2026.06.22 03:15:00;VETO;outlier bar masked, z=4.8
2026.06.22 03:30:00;VETO;signal rejected: regime: chop ADX 17.9 < 22.0
2026.06.22 04:00:00;VETO;outlier bar masked, z=5.3
2026.06.22 04:15:00;VETO;outlier bar masked, z=3.7
2026.06.22 13:00:00;VETO;signal rejected: volume: relVol 0.97 < 1.00
2026.06.22 16:30:00;DECISION;setup SHORT score=0.65 entry=4186.81 inv=4211.76 tgt=0.00 AWAIT-RETEST [CHoCH short lvl=4188.65|RelVol=1.17|Retest@4186.81|VPnode d=0.21|VWAPside]
2026.06.22 16:30:00;ERROR;limit SELL 0.03 @ 4186.81 sl=4211.76 tp=4136.92 rc=10015 [WT|CHOCH|0.65|RL]
2026.06.22 16:45:00;ORDER;filled SELL 0.04 lots sl=4211.76 tp=4149.66 [WT|CHOCH|0.65]
2026.06.22 16:45:00;RISK;sizing: vol_ratio=0.90 scalar=1.00 gap_buf=3.86893 eff_stop=24.56893
2026.06.22 16:45:00;ORDER;entry fill deal #90 SELL 0.04 @ 4191.06000
2026.06.22 17:00:00;VETO;outlier bar masked, z=4.5
2026.06.22 17:15:00;VETO;outlier bar masked, z=3.9
2026.06.22 18:45:00;VETO;signal rejected: regime: chop ADX 21.9 < 22.0
2026.06.22 18:49:40;MANAGE;#92 SL 4211.76 -> 4191.00 breakeven
2026.06.22 19:58:40;RISK;deal closed pnl=0.24 streak=0 lock=0
2026.06.23 02:45:00;VETO;signal rejected: regime: chop ADX 16.2 < 22.0
2026.06.23 03:15:00;VETO;signal rejected: regime: chop ADX 14.7 < 22.0
2026.06.23 04:30:00;VETO;signal rejected: regime: chop ADX 14.9 < 22.0
2026.06.23 04:45:00;VETO;outlier bar masked, z=5.0
2026.06.23 08:00:00;VETO;outlier bar masked, z=5.2
2026.06.23 08:15:00;VETO;outlier bar masked, z=4.2
2026.06.23 09:45:00;VETO;signal rejected: score 0.50 < 0.55 [BOS short lvl=4114.75|RelVol=1.30|VWAPside|ADX=61]
2026.06.23 15:15:00;DECISION;setup SHORT score=0.85 entry=4114.08 inv=4133.31 tgt=0.00 [BOS short lvl=4117.34|RelVol=1.01|VPnode d=3.22|VWAPside|CycleTurn w=0.97<-0.99]
2026.06.23 15:15:00;ORDER;filled SELL 0.04 lots sl=4133.31 tp=4075.62 [WT|BOS|0.85]
2026.06.23 15:15:00;RISK;sizing: vol_ratio=0.96 scalar=1.00 gap_buf=4.47179 eff_stop=23.70179
2026.06.23 15:15:00;ORDER;entry fill deal #92 SELL 0.04 @ 4114.08000
2026.06.23 16:48:40;RISK;deal closed pnl=-76.92 streak=1 lock=0
2026.06.23 17:00:00;VETO;signal rejected: regime: chop ADX 20.5 < 22.0
2026.06.23 19:45:00;VETO;signal rejected: volume: relVol 0.86 < 1.00
2026.06.23 21:30:00;VETO;signal rejected: volume: relVol 0.87 < 1.00
2026.06.24 01:00:00;VETO;signal rejected: score 0.30 < 0.55 [BOS short lvl=4112.84|RelVol=1.20]
2026.06.24 04:15:00;VETO;outlier bar masked, z=4.8
2026.06.24 05:45:00;VETO;outlier bar masked, z=3.6
2026.06.24 08:30:00;DECISION;setup LONG score=0.55 entry=4073.23 inv=4055.05 tgt=0.00 AWAIT-RETEST [CHoCH long lvl=4070.67|RelVol=1.25|Retest@4073.23|VPnode d=7.23]
2026.06.24 08:45:00;VETO;authorization denied: outside session window (server hour 08, window 12-20)
2026.06.24 09:00:00;VETO;authorization denied: outside session window (server hour 09, window 12-20)
2026.06.24 09:15:00;VETO;authorization denied: outside session window (server hour 09, window 12-20)
2026.06.24 09:30:00;VETO;authorization denied: outside session window (server hour 09, window 12-20)
2026.06.24 12:30:00;DECISION;setup SHORT score=0.85 entry=4070.64 inv=4087.65 tgt=0.00 AWAIT-RETEST [CHoCH short lvl=4073.06|RelVol=1.13|Retest@4070.64|VPnode d=0.84|VWAPside|CycleTurn w=0.72<-0.99]
2026.06.24 12:30:00;ORDER;limit SELL 0.04 @ 4070.64 sl=4087.65 tp=4036.61 rc=10009 [WT|CHOCH|0.85|RL]
2026.06.24 12:30:00;RISK;sizing: vol_ratio=0.95 scalar=1.00 gap_buf=4.84500 eff_stop=21.85750
2026.06.24 12:30:40;ORDER;entry fill deal #94 SELL 0.04 @ 4070.64000
2026.06.24 14:04:40;MANAGE;#96 SL 4087.65 -> 4070.61 breakeven
2026.06.24 14:04:59;MANAGE;#96 SL 4070.61 -> 4069.09 trail
2026.06.24 14:05:40;MANAGE;#96 SL 4069.09 -> 4068.43 trail
2026.06.24 14:06:40;MANAGE;#96 SL 4068.43 -> 4065.21 trail
2026.06.24 14:13:40;MANAGE;#96 SL 4065.21 -> 4064.69 trail
2026.06.24 14:14:40;MANAGE;#96 SL 4064.69 -> 4061.72 trail
2026.06.24 14:15:40;MANAGE;#96 SL 4061.72 -> 4058.20 trail
2026.06.24 14:16:40;MANAGE;#96 SL 4058.20 -> 4055.45 trail
2026.06.24 14:17:20;MANAGE;#96 SL 4055.45 -> 4055.26 trail
2026.06.24 14:52:40;RISK;deal closed pnl=61.52 streak=0 lock=0
2026.06.24 15:30:00;VETO;outlier bar masked, z=7.1
2026.06.24 16:00:00;VETO;outlier bar masked, z=5.2
2026.06.24 16:15:00;VETO;outlier bar masked, z=4.7
2026.06.24 16:45:00;VETO;outlier bar masked, z=8.2
2026.06.24 17:00:00;VETO;outlier bar masked, z=5.4
2026.06.24 20:30:00;VETO;signal rejected: regime: chop ADX 20.0 < 22.0
2026.06.24 21:15:00;VETO;outlier bar masked, z=4.3
2026.06.25 01:15:00;VETO;signal rejected: volume: relVol 0.75 < 1.00
2026.06.25 02:45:00;VETO;signal rejected: score 0.50 < 0.55 [BOS long lvl=4008.44|RelVol=1.21|VPnear|VWAPside]
2026.06.25 03:45:00;DECISION;setup SHORT score=0.85 entry=3988.12 inv=4018.63 tgt=0.00 AWAIT-RETEST [CHoCH short lvl=3990.80|RelVol=1.24|Retest@3988.12|VPnode d=5.32|VWAPside|CycleTurn w=0.97<-1.00]
2026.06.25 04:00:00;VETO;authorization denied: outside session window (server hour 04, window 12-20)
2026.06.25 04:15:00;VETO;authorization denied: outside session window (server hour 04, window 12-20)
2026.06.25 04:30:00;VETO;authorization denied: outside session window (server hour 04, window 12-20)
2026.06.25 04:45:00;VETO;authorization denied: outside session window (server hour 04, window 12-20)
2026.06.25 15:45:00;DECISION;setup LONG score=0.70 entry=4004.12 inv=3973.64 tgt=0.00 AWAIT-RETEST [CHoCH long lvl=4002.03|RelVol=1.67|Retest@4004.12|VPnear|VWAPside|CycleTurn w=-0.58<--0.98]
2026.06.25 15:45:00;ORDER;limit BUY 0.02 @ 4004.12 sl=3973.64 tp=4065.09 rc=10009 [WT|CHOCH|0.70|RL]
2026.06.25 15:45:00;RISK;sizing: vol_ratio=0.63 scalar=1.00 gap_buf=4.18357 eff_stop=34.66536
2026.06.25 15:45:20;ORDER;entry fill deal #96 BUY 0.02 @ 4004.12000
2026.06.25 18:22:40;MANAGE;#98 SL 3973.64 -> 4004.14 breakeven
2026.06.25 18:23:20;MANAGE;#98 SL 4004.14 -> 4008.02 trail
2026.06.25 18:24:40;MANAGE;#98 SL 4008.02 -> 4009.38 trail
2026.06.25 19:00:00;VETO;signal rejected: regime: chop ADX 20.2 < 22.0
2026.06.25 19:17:40;MANAGE;#98 SL 4009.38 -> 4011.12 trail
2026.06.25 20:55:40;MANAGE;#98 SL 4011.12 -> 4011.28 trail
2026.06.25 20:56:40;MANAGE;#98 SL 4011.28 -> 4011.86 trail
2026.06.25 20:57:40;MANAGE;#98 SL 4011.86 -> 4013.00 trail
2026.06.25 21:16:40;MANAGE;#98 SL 4013.00 -> 4015.99 trail
2026.06.25 21:18:40;MANAGE;#98 SL 4015.99 -> 4017.01 trail
2026.06.25 21:19:20;MANAGE;#98 SL 4017.01 -> 4018.30 trail
2026.06.25 21:25:40;MANAGE;#98 SL 4018.30 -> 4019.44 trail
2026.06.25 21:26:40;MANAGE;#98 SL 4019.44 -> 4020.73 trail
2026.06.25 21:29:40;MANAGE;#98 SL 4020.73 -> 4022.08 trail
2026.06.25 21:30:00;VETO;signal rejected: regime: chop ADX 15.4 < 22.0
2026.06.25 22:11:40;MANAGE;#98 SL 4022.08 -> 4022.40 trail
2026.06.25 22:12:20;MANAGE;#98 SL 4022.40 -> 4022.50 trail
2026.06.25 22:15:40;MANAGE;#98 SL 4022.50 -> 4023.58 trail
2026.06.25 22:16:40;MANAGE;#98 SL 4023.58 -> 4025.91 trail
2026.06.25 22:50:40;RISK;deal closed pnl=43.58 streak=0 lock=0
2026.06.26 01:15:00;VETO;outlier bar masked, z=6.0
2026.06.26 05:30:00;VETO;signal rejected: regime: chop ADX 16.2 < 22.0
2026.06.26 10:00:00;DECISION;setup LONG score=0.65 entry=4031.77 inv=4005.72 tgt=0.00 AWAIT-RETEST [CHoCH long lvl=4029.54|RelVol=1.41|Retest@4031.77|VPnode d=5.17|VWAPside]
2026.06.26 10:15:00;VETO;authorization denied: outside session window (server hour 10, window 12-20)
2026.06.26 10:30:00;VETO;authorization denied: outside session window (server hour 10, window 12-20)
2026.06.26 10:45:00;VETO;authorization denied: outside session window (server hour 10, window 12-20)
2026.06.26 11:00:00;VETO;authorization denied: outside session window (server hour 11, window 12-20)
2026.06.26 12:30:00;VETO;signal rejected: score 0.50 < 0.55 [BOS long lvl=4039.83|RelVol=1.40|Retest@4042.07|VPnear|VWAPside]
2026.06.26 14:00:00;VETO;signal rejected: score 0.50 < 0.55 [BOS long lvl=4054.14|RelVol=1.02|VWAPside|ADX=33]
2026.06.26 15:45:00;VETO;signal rejected: regime: chop ADX 21.9 < 22.0
2026.06.26 16:00:00;VETO;outlier bar masked, z=4.2
2026.06.26 16:15:00;VETO;outlier bar masked, z=4.3
2026.06.26 18:45:00;VETO;signal rejected: volume: relVol 0.91 < 1.00
2026.06.26 21:00:00;VETO;signal rejected: volume: relVol 0.85 < 1.00
2026.06.29 01:15:00;VETO;outlier bar masked, z=5.2
2026.06.29 03:30:00;DECISION;setup SHORT score=0.65 entry=4048.29 inv=4085.55 tgt=0.00 [BOS short lvl=4053.29|RelVol=1.49|VPnode d=6.31|VWAPside]
2026.06.29 03:30:00;VETO;authorization denied: outside session window (server hour 03, window 12-20)
2026.06.29 03:45:00;VETO;outlier bar masked, z=3.8
2026.06.29 04:00:00;VETO;authorization denied: outside session window (server hour 04, window 12-20)
2026.06.29 04:15:00;VETO;authorization denied: outside session window (server hour 04, window 12-20)
2026.06.29 04:30:00;VETO;authorization denied: outside session window (server hour 04, window 12-20)
2026.06.29 13:00:00;VETO;signal rejected: score 0.50 < 0.55 [BOS short lvl=4039.36|RelVol=1.71|Retest@4037.15|VWAPside|ADX=33]
2026.06.29 17:15:00;VETO;outlier bar masked, z=4.3
2026.06.29 17:30:00;VETO;outlier bar masked, z=4.6
2026.06.29 22:00:00;VETO;signal rejected: regime: chop ADX 21.7 < 22.0
2026.06.30 03:30:00;VETO;signal rejected: volume: relVol 0.88 < 1.00
2026.06.30 04:15:00;VETO;outlier bar masked, z=9.2
2026.06.30 04:30:00;VETO;outlier bar masked, z=5.6
2026.06.30 09:30:00;VETO;outlier bar masked, z=6.0
2026.06.30 09:45:00;VETO;outlier bar masked, z=4.1
2026.06.30 16:00:00;VETO;signal rejected: volume: relVol 0.78 < 1.00
2026.06.30 17:15:00;VETO;outlier bar masked, z=3.9
2026.07.01 01:00:00;VETO;signal rejected: volume: relVol 0.96 < 1.00
2026.07.01 03:45:00;VETO;signal rejected: volume: relVol 0.89 < 1.00
2026.07.01 04:15:00;VETO;outlier bar masked, z=3.7
2026.07.01 09:15:00;DECISION;setup SHORT score=0.65 entry=3965.25 inv=3982.78 tgt=0.00 [BOS short lvl=3969.80|RelVol=1.04|VPnode d=4.35|VWAPside]
2026.07.01 09:15:00;VETO;authorization denied: outside session window (server hour 09, window 12-20)
2026.07.01 09:30:00;VETO;authorization denied: outside session window (server hour 09, window 12-20)
2026.07.01 09:45:00;VETO;authorization denied: outside session window (server hour 09, window 12-20)
2026.07.01 10:00:00;VETO;authorization denied: outside session window (server hour 10, window 12-20)
2026.07.01 13:30:00;VETO;signal rejected: volume: relVol 0.76 < 1.00
2026.07.01 14:15:00;VETO;outlier bar masked, z=4.7
2026.07.01 16:30:00;VETO;outlier bar masked, z=5.3
2026.07.01 16:45:00;VETO;outlier bar masked, z=14.3
2026.07.01 17:00:00;VETO;outlier bar masked, z=4.4
2026.07.01 17:45:00;VETO;outlier bar masked, z=4.3
2026.07.01 19:45:00;VETO;signal rejected: volume: relVol 0.80 < 1.00
2026.07.02 01:00:00;VETO;outlier bar masked, z=3.7
2026.07.02 01:15:00;VETO;outlier bar masked, z=10.2
2026.07.02 03:30:00;VETO;signal rejected: volume: relVol 0.84 < 1.00
2026.07.02 07:00:00;DECISION;setup LONG score=0.75 entry=4069.99 inv=4041.16 tgt=0.00 [BOS long lvl=4068.54|RelVol=1.25|VPnode d=2.19|VWAPside|ADX=34]
2026.07.02 07:00:00;VETO;authorization denied: outside session window (server hour 07, window 12-20)
2026.07.02 07:15:00;VETO;authorization denied: outside session window (server hour 07, window 12-20)
2026.07.02 07:30:00;VETO;authorization denied: outside session window (server hour 07, window 12-20)
2026.07.02 07:45:00;VETO;authorization denied: outside session window (server hour 07, window 12-20)
2026.07.02 09:30:00;VETO;signal rejected: volume: relVol 0.93 < 1.00
2026.07.02 15:45:00;VETO;outlier bar masked, z=20.3
2026.07.02 16:00:00;VETO;outlier bar masked, z=4.0
2026.07.02 16:45:00;VETO;outlier bar masked, z=5.2
2026.07.03 01:15:00;VETO;outlier bar masked, z=7.5
2026.07.03 02:30:00;VETO;signal rejected: regime: chop ADX 17.5 < 22.0
2026.07.03 04:15:00;VETO;outlier bar masked, z=6.2
2026.07.03 09:00:00;VETO;signal rejected: regime: chop ADX 20.6 < 22.0
2026.07.03 11:15:00;VETO;signal rejected: volume: relVol 0.70 < 1.00
2026.07.03 16:15:00;VETO;signal rejected: volume: relVol 0.68 < 1.00
2026.07.03 20:00:00;VETO;signal rejected: volume: relVol 0.49 < 1.00
2026.07.06 01:15:00;VETO;outlier bar masked, z=3.7
2026.07.06 03:00:00;VETO;outlier bar masked, z=4.4
2026.07.06 04:15:00;VETO;outlier bar masked, z=4.2
2026.07.06 06:15:00;VETO;signal rejected: volume: relVol 0.94 < 1.00
2026.07.06 10:45:00;VETO;signal rejected: volume: relVol 0.85 < 1.00
2026.07.06 12:30:00;VETO;signal rejected: volume: relVol 0.80 < 1.00
2026.07.06 15:45:00;VETO;signal rejected: regime: chop ADX 20.6 < 22.0
2026.07.06 17:45:00;VETO;signal rejected: regime: chop ADX 19.0 < 22.0
2026.07.06 18:30:00;VETO;signal rejected: regime: chop ADX 20.2 < 22.0
2026.07.06 20:00:00;VETO;signal rejected: regime: chop ADX 20.4 < 22.0
2026.07.07 03:00:00;VETO;signal rejected: volume: relVol 0.70 < 1.00
2026.07.07 08:15:00;VETO;signal rejected: volume: relVol 0.90 < 1.00
2026.07.07 11:15:00;VETO;signal rejected: volume: relVol 0.91 < 1.00
2026.07.07 14:30:00;VETO;signal rejected: regime: chop ADX 21.9 < 22.0
2026.07.07 15:15:00;VETO;outlier bar masked, z=3.9
2026.07.07 17:00:00;VETO;outlier bar masked, z=4.8
2026.07.07 22:00:00;DECISION;setup SHORT score=0.65 entry=4138.97 inv=4148.85 tgt=0.00 AWAIT-RETEST [CHoCH short lvl=4140.62|RelVol=1.28|Retest@4138.97|StopFloored|VPnode d=3.13|VWAPside]
2026.07.07 22:15:00;VETO;outlier bar masked, z=5.3
